Gene_set,Term,Overlap,P-value,Adjusted P-value,Odds Ratio,Combined Score,Genes
human_GO_bp_2025.gmt,'De Novo' Post-Translational Protein Folding (GO:0051084),3/17,0.10734327983230747,0.6579351544822044,3.2760838230402483,7.311312787874168,CCT3;CCT7;CCT4
human_GO_bp_2025.gmt,"+ Reg of CD4-+, CD25-+, Alpha-Beta Regulatory T Cell Differentiation (GO:0032831)",2/3,0.013535761404385824,0.351165908645752,22.618538324420676,97.3144539878744,IFNG;LGALS9
human_GO_bp_2025.gmt,+ Reg of Mt Membrane Permeability Inv in Apoptotic Process (GO:1902110),3/4,0.0012299936762139273,0.12053938026896488,31.73383351196856,212.6403659320245,RHOT1;VDAC2;BNIP3
human_GO_bp_2025.gmt,+ Reg of Mt Outer Membrane Permeabilization Inv in Apoptotic Sgnlng Pway (GO:1901030),1/2,0.1329297557015066,0.6579351544822044,13.542155816435432,27.32718265313555,SIVA1
human_GO_bp_2025.gmt,+ Reg of Myeloid Leukocyte Cytokine Production Inv in Imm Resp (GO:0061081),1/3,0.19262675285006695,0.6588977933440335,8.12401280683031,13.380256287293214,PLCG2
human_GO_bp_2025.gmt,"+ Reg of Nuclear-Transcribed mRNA Cat Proc, Deadenylation-Dep Decay (GO:1900153)",1/6,0.3482121251529303,0.7014344967109387,3.6909867080624816,3.8937821774217376,ZFP36L2
human_GO_bp_2025.gmt,+ Reg of Phosphatidylinositol 3-Kinase/Prot Kinase B Signal Transduction (GO:0051897),1/56,0.9818717609540771,0.9914830764914946,0.3628890363148634,0.00663889844708671,CCL3
human_GO_bp_2025.gmt,+ Reg of Transmembrane Receptor Prot Serine/Threonine Kinase Sgnlng Pway (GO:0090100),1/23,0.8065878304548986,0.8891519390841401,0.8998221273568126,0.1934100033170843,BMPER
human_GO_bp_2025.gmt,- Reg of Adaptive Imm Resp Based on Som Recomb of Imm Rcptrs Built Frm IgSF Domains (GO:0002823),1/3,0.19262675285006695,0.6588977933440335,8.12401280683031,13.380256287293214,LGALS9
human_GO_bp_2025.gmt,"- Reg of Nuclear-Transcribed mRNA Cat Proc, Deadenylation-Dep Decay (GO:1900152)",1/6,0.3482121251529303,0.7014344967109387,3.6909867080624816,3.8937821774217376,SYNCRIP
human_GO_bp_2025.gmt,"- Reg of Nuclear-Transcribed mRNA Cat Proc, Nonsense-Mediated Decay (GO:2000623)",1/4,0.2482218274225701,0.6725999495517755,5.801951516999543,8.084627616903795,SYNCRIP
human_GO_bp_2025.gmt,- Reg of Transmembrane Receptor Prot Serine/Threonine Kinase Sgnlng Pway (GO:0090101),1/45,0.9600384606425346,0.9795290905046162,0.45338337750170876,0.018489850140779217,ZNF451
human_GO_bp_2025.gmt,3'-Phosphoadenosine 5'-Phosphosulfate Metabolic Process (GO:0050427),1/5,0.29999627131960604,0.6915159365043801,4.511917467093561,5.432282004419637,SULT1B1
human_GO_bp_2025.gmt,3'-UTR-mediated mRNA Destabilization (GO:0061158),1/6,0.3482121251529303,0.7014344967109387,3.6909867080624816,3.8937821774217376,ZFP36L2
human_GO_bp_2025.gmt,3'-UTR-mediated mRNA Stabilization (GO:0070935),1/7,0.39311349314694843,0.7187522822462863,3.1226500287332732,2.9154838148419593,BOLL
human_GO_bp_2025.gmt,Acetylcholine Receptor Signaling Pathway (GO:0095500),1/7,0.39311349314694843,0.7187522822462863,3.1226500287332732,2.9154838148419593,LY6E
human_GO_bp_2025.gmt,Acidic Amino Acid Transport (GO:0015800),1/3,0.19262675285006695,0.6588977933440335,8.12401280683031,13.380256287293214,GJA1
human_GO_bp_2025.gmt,Actin Filament Bundle Assembly (GO:0051017),2/14,0.2501660016445124,0.6725999495517755,2.70951871657754,3.754391976944623,SHROOM2;AIF1L
human_GO_bp_2025.gmt,Actin Filament Bundle Organization (GO:0061572),3/15,0.07940294078463345,0.6275393707172644,3.8014576634512327,9.629928102559314,RFLNB;SHROOM2;AIF1L
human_GO_bp_2025.gmt,Actin Filament Organization (GO:0007015),4/60,0.600003722901639,0.781697700124157,1.0761195022955619,0.5497027388824951,RFLNB;RNASE1;SPTA1;SHROOM2
human_GO_bp_2025.gmt,Actin Filament Polymerization (GO:0030041),1/12,0.575338714803466,0.772372521243009,1.763584056424296,0.9749028158966704,RNASE1
human_GO_bp_2025.gmt,Actin Nucleation (GO:0045010),1/9,0.4738667746712847,0.7267440362720797,2.3871555025425324,1.7827971069314716,ARPC5
human_GO_bp_2025.gmt,Actin Polymerization or Depolymerization (GO:0008154),1/20,0.7602861881495797,0.8628609894459619,1.0387488711928412,0.2846798825555806,RNASE1
human_GO_bp_2025.gmt,Action Potential (GO:0001508),1/29,0.8741256737720192,0.9286104718662102,0.7097118463180363,0.09547833109714432,YWHAH
human_GO_bp_2025.gmt,Activation of Adenylate Cyclase Activity (GO:0007190),1/3,0.19262675285006695,0.6588977933440335,8.12401280683031,13.380256287293214,GNAS
human_GO_bp_2025.gmt,Activation of GTPase Activity (GO:0090630),1/11,0.543894738997155,0.7549813657467591,1.9318493672815977,1.1764953863382994,ECT2
human_GO_bp_2025.gmt,Activation of Protein Kinase Activity (GO:0032147),4/17,0.025705152040451196,0.44429295701590465,4.534550662370211,16.601279454629932,PPIA;ECT2;DYNAP;TPX2
human_GO_bp_2025.gmt,Activation of Protein Kinase B Activity (GO:0032148),2/4,0.025841529132557717,0.44429295701590465,13.56898395721925,49.60511738419774,PPIA;DYNAP
human_GO_bp_2025.gmt,Actomyosin Structure Organization (GO:0031032),3/37,0.47338478630552383,0.7267440362720797,1.3725554157540736,1.0264610650041357,F11R;KRT19;MYH9
human_GO_bp_2025.gmt,Acute Inflammatory Response (GO:0002526),1/7,0.39311349314694843,0.7187522822462863,3.1226500287332732,2.9154838148419593,APOL2
human_GO_bp_2025.gmt,Acute-Phase Response (GO:0006953),1/4,0.2482218274225701,0.6725999495517755,5.801951516999543,8.084627616903795,APOL2
human_GO_bp_2025.gmt,Acylglycerol Homeostasis (GO:0055090),1/3,0.19262675285006695,0.6588977933440335,8.12401280683031,13.380256287293214,OSBPL11
human_GO_bp_2025.gmt,Adaptive Imm Resp Based on Som Recomb of Imm Rcptrs Built Frm IgSF Domains (GO:0002460),1/9,0.4738667746712847,0.7267440362720797,2.3871555025425324,1.7827971069314716,SCART1
human_GO_bp_2025.gmt,Adenylate Cyclase-Activating Adrenergic Receptor Signaling Pathway (GO:0071880),1/2,0.1329297557015066,0.6579351544822044,13.542155816435432,27.32718265313555,GNAS
human_GO_bp_2025.gmt,Adenylate Cyclase-Activating Dopamine Receptor Signaling Pathway (GO:0007191),1/4,0.2482218274225701,0.6725999495517755,5.801951516999543,8.084627616903795,GNAS
human_GO_bp_2025.gmt,Adenylate Cyclase-Activating G Protein-Coupled Receptor Signaling Pathway (GO:0007189),2/30,0.6218019138565046,0.7939066382747465,1.1853832442067735,0.5632155308071687,GNAS;ADGRD1
human_GO_bp_2025.gmt,Adenylate Cyclase-Inhibiting G Protein-Coupled Receptor Signaling Pathway (GO:0007193),1/11,0.543894738997155,0.7549813657467591,1.9318493672815977,1.1764953863382994,FPR2
human_GO_bp_2025.gmt,Adenylate Cyclase-Modulating G Protein-Coupled Receptor Signaling Pathway (GO:0007188),3/41,0.5432834773590859,0.7549813657467591,1.2291727565039463,0.7499478450094973,GNAS;ADGRD1;FPR2
human_GO_bp_2025.gmt,Adrenergic Receptor Signaling Pathway (GO:0071875),1/3,0.19262675285006695,0.6588977933440335,8.12401280683031,13.380256287293214,GNAS
human_GO_bp_2025.gmt,Aerobic Respiration (GO:0009060),1/45,0.9600384606425346,0.9795290905046162,0.45338337750170876,0.018489850140779217,DLAT
human_GO_bp_2025.gmt,Aggrephagy (GO:0035973),1/6,0.3482121251529303,0.7014344967109387,3.6909867080624816,3.8937821774217376,UBQLN1
human_GO_bp_2025.gmt,Alcohol Metabolic Process (GO:0006066),1/4,0.2482218274225701,0.6725999495517755,5.801951516999543,8.084627616903795,ADH7
human_GO_bp_2025.gmt,Aldehyde Biosynthetic Process (GO:0046184),1/3,0.19262675285006695,0.6588977933440335,8.12401280683031,13.380256287293214,CYP11B1
human_GO_bp_2025.gmt,Aldehyde Catabolic Process (GO:0046185),1/3,0.19262675285006695,0.6588977933440335,8.12401280683031,13.380256287293214,ADH7
human_GO_bp_2025.gmt,Alpha-Beta T Cell Activation (GO:0046631),1/3,0.19262675285006695,0.6588977933440335,8.12401280683031,13.380256287293214,NCR3LG1
human_GO_bp_2025.gmt,Alpha-Linolenic Acid Metabolic Process (GO:0036109),1/5,0.29999627131960604,0.6915159365043801,4.511917467093561,5.432282004419637,FADS2
human_GO_bp_2025.gmt,Ameboidal-Type Cell Migration (GO:0001667),1/8,0.434927768409778,0.7199817787864567,2.7058697972251866,2.2528403887996764,TNS1
human_GO_bp_2025.gmt,Amide Transport (GO:0042886),1/8,0.434927768409778,0.7199817787864567,2.7058697972251866,2.2528403887996764,ABCG2
human_GO_bp_2025.gmt,Aminoglycoside Antibiotic Metabolic Process (GO:0030647),1/4,0.2482218274225701,0.6725999495517755,5.801951516999543,8.084627616903795,AKR1B10
human_GO_bp_2025.gmt,Androgen Biosynthetic Process (GO:0006702),1/4,0.2482218274225701,0.6725999495517755,5.801951516999543,8.084627616903795,HSD17B6
human_GO_bp_2025.gmt,Androgen Metabolic Process (GO:0008209),2/9,0.12341571831772508,0.6579351544822044,4.519429590017825,9.455536119984815,HSD17B6;CYP3A4
human_GO_bp_2025.gmt,Androgen Receptor Signaling Pathway (GO:0030521),1/8,0.434927768409778,0.7199817787864567,2.7058697972251866,2.2528403887996764,RHOXF1
human_GO_bp_2025.gmt,Anterograde Trans-Synaptic Signaling (GO:0098916),5/54,0.3136613076906085,0.7014344967109387,1.5061595502930272,1.7463039080377154,PCDHB4;PCDHB2;PCDHB3;PCDHB11;PCDHB16
human_GO_bp_2025.gmt,Antibacterial Humoral Response (GO:0019731),1/9,0.4738667746712847,0.7267440362720797,2.3871555025425324,1.7827971069314716,RNASE6
human_GO_bp_2025.gmt,Antibacterial Innate Immune Response (GO:0140367),1/2,0.1329297557015066,0.6579351544822044,13.542155816435432,27.32718265313555,MPEG1
human_GO_bp_2025.gmt,Antibody-Dependent Cellular Cytotoxicity (GO:0001788),1/1,0.06882888171411798,0.6109842574255044,40.63287086446105,108.73891905550649,FCGR2A
human_GO_bp_2025.gmt,Antifungal Innate Immune Response (GO:0061760),1/1,0.06882888171411798,0.6109842574255044,40.63287086446105,108.73891905550649,PLCG2
human_GO_bp_2025.gmt,Antigen Processing and Presentation of Exogenous Peptide Antigen (GO:0002478),1/5,0.29999627131960604,0.6915159365043801,4.511917467093561,5.432282004419637,MPEG1
human_GO_bp_2025.gmt,Antigen Processing and Presentation of Exogenous Peptide Antigen via MHC Class I (GO:0042590),1/1,0.06882888171411798,0.6109842574255044,40.63287086446105,108.73891905550649,MPEG1
human_GO_bp_2025.gmt,Antigen Processing and Presentation of Peptide Antigen via MHC Class I (GO:0002474),1/6,0.3482121251529303,0.7014344967109387,3.6909867080624816,3.8937821774217376,MPEG1
human_GO_bp_2025.gmt,Antigen Receptor-Mediated Signaling Pathway (GO:0050851),2/41,0.7843427365841149,0.8809809534125302,0.8537873146957287,0.20739278517284743,KHDRBS1;PLCG2
human_GO_bp_2025.gmt,Antimicrobial Humoral Immune Response Mediated by Antimicrobial Peptide (GO:0061844),4/18,0.03130223421655904,0.502888352987342,4.221156339123671,14.622363324584196,RNASE6;CCL3L1;CCL3;CCL4
human_GO_bp_2025.gmt,Antimicrobial Humoral Response (GO:0019730),5/22,0.014967407901283144,0.3713432846394299,4.281931416269414,17.992163043155156,CCL3;CCL4;RNASE6;LYZ;CCL3L1
human_GO_bp_2025.gmt,Antiviral Innate Immune Response (GO:0140374),1/25,0.8323820311775121,0.9038608205584064,0.8261058959336136,0.15156050329317153,IFIT1
human_GO_bp_2025.gmt,Apical Junction Assembly (GO:0043297),3/22,0.18991923123345666,0.6588977933440335,2.4341385659713635,4.043484847547947,FBF1;ECT2;PDCD6IP
human_GO_bp_2025.gmt,Apical Protein Localization (GO:0045176),1/4,0.2482218274225701,0.6725999495517755,5.801951516999543,8.084627616903795,SHROOM2
human_GO_bp_2025.gmt,Apoptotic Mitochondrial Changes (GO:0008637),2/12,0.19801100512773262,0.6611611074111686,3.2266361089890503,5.225319923868167,SOD2;BNIP3
human_GO_bp_2025.gmt,Apoptotic Process (GO:0006915),8/73,0.1272552719915722,0.6579351544822044,1.7660383912399824,3.640794448845626,GML;PPIA;IFNG;BNIP3;GZMH;CASP2;GZMB;NCKAP1
human_GO_bp_2025.gmt,Arachidonate Metabolic Process (GO:0019369),2/8,0.10041356630714114,0.6579351544822044,5.215549156725627,11.987720466033037,CYP2A6;CYP2J2
human_GO_bp_2025.gmt,Arp2/3 Complex-Mediated Actin Nucleation (GO:0034314),1/9,0.4738667746712847,0.7267440362720797,2.3871555025425324,1.7827971069314716,ARPC5
human_GO_bp_2025.gmt,Astrocyte Activation (GO:0048143),1/5,0.29999627131960604,0.6915159365043801,4.511917467093561,5.432282004419637,IFNG
human_GO_bp_2025.gmt,Astrocyte Development (GO:0014002),1/6,0.3482121251529303,0.7014344967109387,3.6909867080624816,3.8937821774217376,IFNG
human_GO_bp_2025.gmt,Atrial Cardiac Muscle Cell Action Potential (GO:0086014),1/6,0.3482121251529303,0.7014344967109387,3.6909867080624816,3.8937821774217376,GJA1
human_GO_bp_2025.gmt,Atrial Cardiac Muscle Cell to AV Node Cell Signaling (GO:0086026),1/4,0.2482218274225701,0.6725999495517755,5.801951516999543,8.084627616903795,GJA1
human_GO_bp_2025.gmt,Attachment of Mitotic Spindle Microtubules to Kinetochore (GO:0051315),1/12,0.575338714803466,0.772372521243009,1.763584056424296,0.9749028158966704,NDC80
human_GO_bp_2025.gmt,Autocrine Signaling (GO:0035425),1/2,0.1329297557015066,0.6579351544822044,13.542155816435432,27.32718265313555,SERPINB3
human_GO_bp_2025.gmt,Autophagosome Assembly (GO:0000045),3/36,0.45514876093982864,0.7267440362720797,1.4137511797923565,1.1128073323231045,UBQLN1;ATG12;RAB7A
human_GO_bp_2025.gmt,Autophagosome Maturation (GO:0097352),3/27,0.2834332643944975,0.6915159365043801,1.9358444342367171,2.4406712017108116,UBQLN1;ATG12;SNX14
human_GO_bp_2025.gmt,Autophagosome Organization (GO:1905037),3/34,0.4179295328734895,0.7199817787864567,1.5039895200666904,1.312144290097482,UBQLN1;ATG12;RAB7A
human_GO_bp_2025.gmt,Autophagy of Mitochondrion (GO:0000422),2/36,0.7198249492239446,0.8445015247280636,0.9782996202433543,0.3216132830352511,ATG12;BNIP3
human_GO_bp_2025.gmt,Axon Development (GO:0061564),2/27,0.563653015860974,0.772372521243009,1.3254692251232043,0.7599132933871644,DHFR;VASH2
human_GO_bp_2025.gmt,Axon Guidance (GO:0007411),3/60,0.7918996225446742,0.8817682097403391,0.820532177641083,0.1914470882419173,RNASE1;EMB;EPHB6
human_GO_bp_2025.gmt,Axon Regeneration (GO:0031103),1/3,0.19262675285006695,0.6588977933440335,8.12401280683031,13.380256287293214,DHFR
human_GO_bp_2025.gmt,Axonal Transport (GO:0098930),1/15,0.6572739920461566,0.8066731524173242,1.3980421742170537,0.5866944272638178,HSBP1
human_GO_bp_2025.gmt,Axonal Transport of Mitochondrion (GO:0019896),1/4,0.2482218274225701,0.6725999495517755,5.801951516999543,8.084627616903795,HSBP1
human_GO_bp_2025.gmt,Axoneme Assembly (GO:0035082),1/9,0.4738667746712847,0.7267440362720797,2.3871555025425324,1.7827971069314716,CFAP206
human_GO_bp_2025.gmt,Axonogenesis (GO:0007409),2/69,0.9562308478638613,0.9776799487809953,0.4974054268171915,0.022261838693729948,EMB;EPHB6
human_GO_bp_2025.gmt,B Cell Activation (GO:0042113),2/33,0.6737885886802788,0.8157667157041159,1.071980307274425,0.42325950810842317,PTPN2;PLCG2
human_GO_bp_2025.gmt,B Cell Differentiation (GO:0030183),2/22,0.45327120431916695,0.7267440362720797,1.6500586931003,1.3056331103288843,PTPN2;PLCG2
human_GO_bp_2025.gmt,B Cell Mediated Immunity (GO:0019724),2/4,0.025841529132557717,0.44429295701590465,13.56898395721925,49.60511738419774,CSF2RB;IGLL5
human_GO_bp_2025.gmt,B Cell Receptor Signaling Pathway (GO:0050853),1/9,0.4738667746712847,0.7267440362720797,2.3871555025425324,1.7827971069314716,PLCG2
human_GO_bp_2025.gmt,Bicellular Tight Junction Assembly (GO:0070830),2/16,0.3026516261165659,0.6915159365043801,2.3350543979347225,2.790793698448824,ECT2;PDCD6IP
human_GO_bp_2025.gmt,Bile Acid and Bile Salt Transport (GO:0015721),1/9,0.4738667746712847,0.7267440362720797,2.3871555025425324,1.7827971069314716,CEACAM1
human_GO_bp_2025.gmt,Binding of Sperm to Zona Pellucida (GO:0007339),1/6,0.3482121251529303,0.7014344967109387,3.6909867080624816,3.8937821774217376,VDAC2
human_GO_bp_2025.gmt,Biogenic Amine Metabolic Process (GO:0006576),1/5,0.29999627131960604,0.6915159365043801,4.511917467093561,5.432282004419637,SULT1B1
human_GO_bp_2025.gmt,Blood Vessel Endothelial Cell Migration (GO:0043534),1/6,0.3482121251529303,0.7014344967109387,3.6909867080624816,3.8937821774217376,MYH9
human_GO_bp_2025.gmt,Blood Vessel Endothelial Cell Proliferation Involved in Sprouting Angiogenesis (GO:0002043),1/2,0.1329297557015066,0.6579351544822044,13.542155816435432,27.32718265313555,BMPER
human_GO_bp_2025.gmt,Bone Development (GO:0060348),3/9,0.019906034270097465,0.42874535350979154,7.317421056970896,28.660379871657998,SBDS;GJA1;GNAS
human_GO_bp_2025.gmt,Brain Development (GO:0007420),2/66,0.9476696218695422,0.9729871445072303,0.5207892882311487,0.027992079274211133,SHROOM2;UBE3A
human_GO_bp_2025.gmt,C21-steroid Hormone Biosynthetic Process (GO:0006700),1/1,0.06882888171411798,0.6109842574255044,40.63287086446105,108.73891905550649,CYP11B1
human_GO_bp_2025.gmt,C21-steroid Hormone Metabolic Process (GO:0008207),1/5,0.29999627131960604,0.6915159365043801,4.511917467093561,5.432282004419637,CYP11B1
human_GO_bp_2025.gmt,CENP-A Containing Chromatin Assembly (GO:0034080),1/5,0.29999627131960604,0.6915159365043801,4.511917467093561,5.432282004419637,CENPI
human_GO_bp_2025.gmt,COPII Vesicle Coating (GO:0048208),1/10,0.5101278301715297,0.737352910867403,2.135538954108858,1.437418322826163,KLHL12
human_GO_bp_2025.gmt,COPII-coated Vesicle Budding (GO:0090114),1/19,0.7425141714316145,0.8535646780093632,1.0950705240993395,0.32601708397466006,KLHL12
human_GO_bp_2025.gmt,CRD-mediated mRNA Stabilization (GO:0070934),1/8,0.434927768409778,0.7199817787864567,2.7058697972251866,2.2528403887996764,SYNCRIP
human_GO_bp_2025.gmt,Calcium Ion Homeostasis (GO:0055074),1/26,0.8439614725352593,0.9128943080403468,0.7935840291292611,0.1346302878550709,CCL3
human_GO_bp_2025.gmt,Calcium Ion Import (GO:0070509),1/11,0.543894738997155,0.7549813657467591,1.9318493672815977,1.1764953863382994,TRPV2
human_GO_bp_2025.gmt,Calcium Ion Import Across Plasma Membrane (GO:0098703),1/7,0.39311349314694843,0.7187522822462863,3.1226500287332732,2.9154838148419593,TRPV2
human_GO_bp_2025.gmt,Calcium Ion Import Into Cytosol (GO:1902656),1/7,0.39311349314694843,0.7187522822462863,3.1226500287332732,2.9154838148419593,TRPV2
human_GO_bp_2025.gmt,Calcium Ion Transmembrane Import Into Cytosol (GO:0097553),3/23,0.20802661807548062,0.6725999495517755,2.315034114971375,3.6348101447776218,TRPV2;PLCL1;PLCG2
human_GO_bp_2025.gmt,Calcium Ion Transmembrane Transport (GO:0070588),1/21,0.7768339917642173,0.8745517655702848,0.9879220136918552,0.24947856723000636,TRPV2
human_GO_bp_2025.gmt,Calcium Ion Transport (GO:0006816),2/33,0.6737885886802788,0.8157667157041159,1.071980307274425,0.42325950810842317,TRPV2;CCL3
human_GO_bp_2025.gmt,Calcium-Dependent Cell-Cell Adhesion via Plasma Membrane Cell Adhesion Molecules (GO:0016339),5/16,0.003496046704999555,0.23628453592410784,6.522160340712313,36.89013760207122,PCDHB4;PCDHB2;PCDHB3;PCDHB11;PCDHB16
human_GO_bp_2025.gmt,Calcium-Ion Regulated Exocytosis (GO:0017156),1/5,0.29999627131960604,0.6915159365043801,4.511917467093561,5.432282004419637,MYH9
human_GO_bp_2025.gmt,Calcium-Mediated Signaling (GO:0019722),3/34,0.4179295328734895,0.7199817787864567,1.5039895200666904,1.312144290097482,FPR2;PLCG2;CCL3
human_GO_bp_2025.gmt,Camera-Type Eye Development (GO:0043010),1/9,0.4738667746712847,0.7267440362720797,2.3871555025425324,1.7827971069314716,SHROOM2
human_GO_bp_2025.gmt,Camera-Type Eye Morphogenesis (GO:0048593),1/4,0.2482218274225701,0.6725999495517755,5.801951516999543,8.084627616903795,SHROOM2
human_GO_bp_2025.gmt,Canonical NF-kappaB Signal Transduction (GO:0007249),2/14,0.2501660016445124,0.6725999495517755,2.70951871657754,3.754391976944623,BIRC2;TRIM8
human_GO_bp_2025.gmt,Carbohydrate Biosynthetic Process (GO:0016051),3/13,0.05522336550624813,0.6109842574255044,4.526973919256878,13.111787498938703,FUT3;FUT6;FUT5
human_GO_bp_2025.gmt,Carbohydrate Derivative Biosynthetic Process (GO:1901137),1/24,0.8199452605118346,0.8983190109576276,0.8613955811894003,0.17100226648878702,RRM1
human_GO_bp_2025.gmt,Carbohydrate Derivative Catabolic Process (GO:1901136),2/9,0.12341571831772508,0.6579351544822044,4.519429590017825,9.455536119984815,FBXO27;SAMHD1
human_GO_bp_2025.gmt,Carbohydrate Metabolic Process (GO:0005975),3/31,0.3607003816326081,0.7184682398373088,1.663093962129332,1.6958696076458708,FUT3;PCDHB16;FUT5
human_GO_bp_2025.gmt,Carboxylic Acid Biosynthetic Process (GO:0046394),1/9,0.4738667746712847,0.7267440362720797,2.3871555025425324,1.7827971069314716,CASP1
human_GO_bp_2025.gmt,Carboxylic Acid Metabolic Process (GO:0019752),1/14,0.6318848753615329,0.7939066382747465,1.5018380173129373,0.6894158292825293,CYP2J2
human_GO_bp_2025.gmt,Cardiac Conduction System Development (GO:0003161),1/5,0.29999627131960604,0.6915159365043801,4.511917467093561,5.432282004419637,GJA1
human_GO_bp_2025.gmt,Cardiac Muscle Cell Action Potential Involved in Contraction (GO:0086002),1/14,0.6318848753615329,0.7939066382747465,1.5018380173129373,0.6894158292825293,GJA1
human_GO_bp_2025.gmt,Cardiac Muscle Tissue Development (GO:0048738),1/14,0.6318848753615329,0.7939066382747465,1.5018380173129373,0.6894158292825293,GJA1
human_GO_bp_2025.gmt,Cell Chemotaxis (GO:0060326),3/27,0.2834332643944975,0.6915159365043801,1.9358444342367171,2.4406712017108116,RNASE1;CCL3L1;CCL3
human_GO_bp_2025.gmt,Cell Communication by Electrical Coupling Involved in Cardiac Conduction (GO:0086064),1/4,0.2482218274225701,0.6725999495517755,5.801951516999543,8.084627616903795,GJA1
human_GO_bp_2025.gmt,Cell Cycle G1/S Phase Transition (GO:0044843),3/29,0.32205325832356896,0.7014344967109387,1.7891767275374628,2.027205844712142,KHDRBS1;CUL2;CCNB1
human_GO_bp_2025.gmt,Cell Cycle G2/M Phase Transition (GO:0044839),2/24,0.49936693914536984,0.737352910867403,1.50291146761735,1.0436429208959674,KHDRBS1;CCNB1
human_GO_bp_2025.gmt,Cell Junction Assembly (GO:0034329),5/41,0.14839761667041745,0.6588977933440335,2.046817169736202,3.905040622953631,PCDHB4;PCDHB2;PCDHB3;PCDHB11;PCDHB16
human_GO_bp_2025.gmt,Cell Junction Maintenance (GO:0034331),1/3,0.19262675285006695,0.6588977933440335,8.12401280683031,13.380256287293214,KIRREL1
human_GO_bp_2025.gmt,Cell Junction Organization (GO:0034330),1/29,0.8741256737720192,0.9286104718662102,0.7097118463180363,0.09547833109714432,PRKCI
human_GO_bp_2025.gmt,Cell Projection Assembly (GO:0030031),2/5,0.04112405183442642,0.5716534864927361,9.690603514132926,30.924286911029,RNASE1;NCKAP1
human_GO_bp_2025.gmt,Cell Projection Organization (GO:0030030),2/9,0.12341571831772508,0.6579351544822044,4.519429590017825,9.455536119984815,RNASE1;NCKAP1
human_GO_bp_2025.gmt,Cell Surface Receptor Protein Tyrosine Kinase Signaling Pathway (GO:0007169),7/107,0.6114529170954293,0.7868993548962845,1.0077450584913272,0.4957272510111097,SHCBP1;FRK;EPHB6;RNASE1;GRB2;VEGFC;PTPN2
human_GO_bp_2025.gmt,Cell Surface Receptor Signaling Pathway via JAK-STAT (GO:0007259),3/19,0.13848754828715668,0.6588977933440335,2.8780733378804118,5.689878638428443,IFNL4;IFNG;CSF2RB
human_GO_bp_2025.gmt,Cell Surface Receptor Signaling Pathway via STAT (GO:0097696),2/17,0.3286927389544668,0.7014344967109387,2.1840607210626186,2.430055605212287,IFNG;CSF2RB
human_GO_bp_2025.gmt,Cell Surface Toll-Like Receptor Signaling Pathway (GO:0140895),1/10,0.5101278301715297,0.737352910867403,2.135538954108858,1.437418322826163,LGALS9
human_GO_bp_2025.gmt,Cell-Cell Adhesion via Plasma-Membrane Adhesion Molecules (GO:0098742),7/57,0.09446340090032038,0.6579351544822044,2.0215681027562216,4.7699764849363815,CEACAM1;PCDHB4;EMB;PCDHB2;PCDHB3;PCDHB11;PCDHB16
human_GO_bp_2025.gmt,Cell-Cell Junction Assembly (GO:0007043),2/24,0.49936693914536984,0.737352910867403,1.50291146761735,1.0436429208959674,FBF1;GJA1
human_GO_bp_2025.gmt,Cell-Cell Junction Maintenance (GO:0045217),1/4,0.2482218274225701,0.6725999495517755,5.801951516999543,8.084627616903795,KIRREL1
human_GO_bp_2025.gmt,Cell-Cell Junction Organization (GO:0045216),2/25,0.5214627645355767,0.748767046512623,1.4387302309705314,0.9367822984975749,PRKCI;KIRREL1
human_GO_bp_2025.gmt,Cell-Matrix Adhesion (GO:0007160),1/43,0.9538686872571238,0.9762833561482834,0.4748697344466068,0.02242774681545873,RNASE1
human_GO_bp_2025.gmt,Cellular Component Assembly (GO:0022607),6/110,0.7782246237172634,0.8756143871904916,0.8375992939099736,0.21001971148719598,RNASE1;SHROOM2;AIF1L;NIFK;CFAP206;NCKAP1
human_GO_bp_2025.gmt,Cellular Component Disassembly (GO:0022411),1/7,0.39311349314694843,0.7187522822462863,3.1226500287332732,2.9154838148419593,KLK4
human_GO_bp_2025.gmt,Cellular Response to Acetylcholine (GO:1905145),1/3,0.19262675285006695,0.6588977933440335,8.12401280683031,13.380256287293214,LY6E
human_GO_bp_2025.gmt,Cellular Response to Acid Chemical (GO:0071229),1/14,0.6318848753615329,0.7939066382747465,1.5018380173129373,0.6894158292825293,IPO5
human_GO_bp_2025.gmt,Cellular Response to Alcohol (GO:0097306),4/18,0.03130223421655904,0.502888352987342,4.221156339123671,14.622363324584196,CES1;GNAS;RAD51;DYNAP
human_GO_bp_2025.gmt,Cellular Response to Alkaloid (GO:0071312),1/8,0.434927768409778,0.7199817787864567,2.7058697972251866,2.2528403887996764,RAD51
human_GO_bp_2025.gmt,Cellular Response to Amino Acid Starvation (GO:0034198),1/22,0.7922417435473148,0.8817682097403391,0.9418232359584027,0.21933999092617165,MIOS
human_GO_bp_2025.gmt,Cellular Response to Amino Acid Stimulus (GO:0071230),1/21,0.7768339917642173,0.8745517655702848,0.9879220136918552,0.24947856723000636,IPO5
human_GO_bp_2025.gmt,Cellular Response to Amyloid-Beta (GO:1904646),2/14,0.2501660016445124,0.6725999495517755,2.70951871657754,3.754391976944623,GJA1;FPR2
human_GO_bp_2025.gmt,Cellular Response to Calcium Ion (GO:0071277),2/22,0.45327120431916695,0.7267440362720797,1.6500586931003,1.3056331103288843,ECT2;PLCG2
human_GO_bp_2025.gmt,Cellular Response to Catecholamine Stimulus (GO:0071870),1/4,0.2482218274225701,0.6725999495517755,5.801951516999543,8.084627616903795,GNAS
human_GO_bp_2025.gmt,Cellular Response to Chemical Stress (GO:0062197),4/45,0.3752754062922536,0.7187522822462863,1.4685724638618922,1.4393406843208054,PRKCI;PPIA;CHCHD2;SOD2
human_GO_bp_2025.gmt,Cellular Response to Chemokine (GO:1990869),3/15,0.07940294078463345,0.6275393707172644,3.8014576634512327,9.629928102559314,CCL3L1;CCL3;CCL4
human_GO_bp_2025.gmt,Cellular Response to Corticosteroid Stimulus (GO:0071384),1/6,0.3482121251529303,0.7014344967109387,3.6909867080624816,3.8937821774217376,ZFP36L2
human_GO_bp_2025.gmt,Cellular Response to Cytokine Stimulus (GO:0071345),12/97,0.03342298679072122,0.5319240202300684,2.0006071645415906,6.799086232513581,LILRA5;CASP1;CCL3;GBP5;LGALS9;LILRA6;GBP6;SYNCRIP;ZFP36L2;IFIT1;GBP1;CSF2RB
human_GO_bp_2025.gmt,Cellular Response to Decreased Oxygen Levels (GO:0036294),2/27,0.563653015860974,0.772372521243009,1.3254692251232043,0.7599132933871644,UBQLN1;BNIP3
human_GO_bp_2025.gmt,Cellular Response to Epidermal Growth Factor Stimulus (GO:0071364),2/13,0.22397239414982065,0.6725999495517755,2.9455940478958382,4.407293472994908,ZFP36L2;EEF1A1
human_GO_bp_2025.gmt,Cellular Response to Estrogen Stimulus (GO:0071391),1/8,0.434927768409778,0.7199817787864567,2.7058697972251866,2.2528403887996764,SERPINB9
human_GO_bp_2025.gmt,Cellular Response to Exogenous dsRNA (GO:0071360),1/6,0.3482121251529303,0.7014344967109387,3.6909867080624816,3.8937821774217376,IFIT1
human_GO_bp_2025.gmt,Cellular Response to Fibroblast Growth Factor Stimulus (GO:0044344),2/13,0.22397239414982065,0.6725999495517755,2.9455940478958382,4.407293472994908,SHCBP1;ZFP36L2
human_GO_bp_2025.gmt,Cellular Response to Gamma Radiation (GO:0071480),2/10,0.14751727516907936,0.6588977933440335,3.9871028625353886,7.630557290553867,SERPINA2;RPL26
human_GO_bp_2025.gmt,Cellular Response to Glucocorticoid Stimulus (GO:0071385),1/7,0.39311349314694843,0.7187522822462863,3.1226500287332732,2.9154838148419593,ZFP36L2
human_GO_bp_2025.gmt,Cellular Response to Glucose Stimulus (GO:0071333),1/17,0.7029294046177333,0.8307869717971058,1.2281944309692443,0.4329370782980135,USF1
human_GO_bp_2025.gmt,Cellular Response to Granulocyte Macrophage Colony-Stimulating Factor Stimulus (GO:0097011),1/1,0.06882888171411798,0.6109842574255044,40.63287086446105,108.73891905550649,ZFP36L2
human_GO_bp_2025.gmt,Cellular Response to Growth Factor Stimulus (GO:0071363),2/52,0.8821821712883355,0.9322952189847649,0.6666490178429607,0.0835689215294777,ZFP36L2;EEF1A1
human_GO_bp_2025.gmt,Cellular Response to Heat (GO:0034605),1/13,0.604619241524603,0.781697700124157,1.6222411953041622,0.8162409942227296,HSBP1
human_GO_bp_2025.gmt,Cellular Response to Hexose Stimulus (GO:0071331),1/11,0.543894738997155,0.7549813657467591,1.9318493672815977,1.1764953863382994,USF1
human_GO_bp_2025.gmt,Cellular Response to Hormone Stimulus (GO:0032870),2/29,0.6031083061882345,0.781697700124157,1.228682547399125,0.6212937568532244,SERPINB9;CYP11B1
human_GO_bp_2025.gmt,Cellular Response to Hydrogen Peroxide (GO:0070301),1/11,0.543894738997155,0.7549813657467591,1.9318493672815977,1.1764953863382994,ECT2
human_GO_bp_2025.gmt,Cellular Response to Hydroxyurea (GO:0072711),1/5,0.29999627131960604,0.6915159365043801,4.511917467093561,5.432282004419637,DDX11
human_GO_bp_2025.gmt,Cellular Response to Hypoxia (GO:0071456),2/27,0.563653015860974,0.772372521243009,1.3254692251232043,0.7599132933871644,UBQLN1;BNIP3
human_GO_bp_2025.gmt,Cellular Response to Insulin Stimulus (GO:0032869),5/40,0.1375660980742248,0.6588977933440335,2.104807531951667,4.175203069068887,CEACAM1;PRKCI;GRB2;PTPN2;USF1
human_GO_bp_2025.gmt,Cellular Response to Interleukin-1 (GO:0071347),2/20,0.40484585379027765,0.7199817787864567,1.8290215349038879,1.6538906968390008,GBP1;CCL3
human_GO_bp_2025.gmt,Cellular Response to Ionizing Radiation (GO:0071479),5/30,0.05165827731582103,0.6109842574255044,2.9348656577808736,8.696314630764403,GRB2;SERPINA2;RAD51;RPL26;ECT2
human_GO_bp_2025.gmt,Cellular Response to Ketone (GO:1901655),1/10,0.5101278301715297,0.737352910867403,2.135538954108858,1.437418322826163,GNAS
human_GO_bp_2025.gmt,Cellular Response to Laminar Fluid Shear Stress (GO:0071499),1/6,0.3482121251529303,0.7014344967109387,3.6909867080624816,3.8937821774217376,GNAS
human_GO_bp_2025.gmt,Cellular Response to Lectin (GO:1990858),1/10,0.5101278301715297,0.737352910867403,2.135538954108858,1.437418322826163,PLCG2
human_GO_bp_2025.gmt,Cellular Response to Light Stimulus (GO:0071482),3/23,0.20802661807548062,0.6725999495517755,2.315034114971375,3.6348101447776218,SDE2;SERPINA2;RPL26
human_GO_bp_2025.gmt,Cellular Response to Lipid (GO:0071396),2/56,0.9061769962001632,0.9467520855822601,0.6173281656282196,0.06081956101373123,CASP1;PLCG2
human_GO_bp_2025.gmt,Cellular Response to Lipopolysaccharide (GO:0071222),2/34,0.689779779668203,0.8233668502738598,1.0388317564788152,0.38580434226599,CASP1;PLCG2
human_GO_bp_2025.gmt,Cellular Response to Low-Density Lipoprotein Particle Stimulus (GO:0071404),1/5,0.29999627131960604,0.6915159365043801,4.511917467093561,5.432282004419637,CES1
human_GO_bp_2025.gmt,Cellular Response to Mechanical Stimulus (GO:0071260),4/22,0.06031087268036709,0.6109842574255044,3.3063837199175543,9.285128545668087,CASP1;F11R;CASP2;BNIP3
human_GO_bp_2025.gmt,Cellular Response to Metal Ion (GO:0071248),4/35,0.21819845676236843,0.6725999495517755,1.9378548411845942,2.950093856571673,ECT2;PLCG2;BNIP3;CYP11B1
human_GO_bp_2025.gmt,Cellular Response to Molecule of Bacterial Origin (GO:0071219),1/31,0.890927078979471,0.9373145865806565,0.6629634165544028,0.0765674327478433,CASP1
human_GO_bp_2025.gmt,Cellular Response to Monoamine Stimulus (GO:0071868),1/3,0.19262675285006695,0.6588977933440335,8.12401280683031,13.380256287293214,GNAS
human_GO_bp_2025.gmt,Cellular Response to Nitrogen Compound (GO:1901699),4/63,0.6388968642233878,0.8011758502097506,1.0213739631190821,0.4575880365559999,DDX11;GJA1;FPR2;CYP11B1
human_GO_bp_2025.gmt,Cellular Response to Nutrient (GO:0031670),1/6,0.3482121251529303,0.7014344967109387,3.6909867080624816,3.8937821774217376,USF1
human_GO_bp_2025.gmt,Cellular Response to Osmotic Stress (GO:0071470),1/17,0.7029294046177333,0.8307869717971058,1.2281944309692443,0.4329370782980135,CASP1
human_GO_bp_2025.gmt,Cellular Response to Oxidative Stress (GO:0034599),4/49,0.4387757949959764,0.7214769783490887,1.3386173439879132,1.1027084106487206,PEX13;PPIA;CHCHD2;SOD2
human_GO_bp_2025.gmt,Cellular Response to Oxygen-Containing Compound (GO:1901701),7/122,0.7444376365983862,0.8552741897613347,0.8747630747630748,0.2581654985239595,CASP1;GJA1;CYP11B1;DDX11;PEX13;GNAS;FPR2
human_GO_bp_2025.gmt,Cellular Response to Peptide Hormone Stimulus (GO:0071375),5/31,0.05825862580327834,0.6109842574255044,2.8236691918679044,8.027304994635331,CEACAM1;CYP11B1;PRKCI;USF1;GNAS
human_GO_bp_2025.gmt,Cellular Response to Potassium Ion (GO:0035865),1/2,0.1329297557015066,0.6579351544822044,13.542155816435432,27.32718265313555,CYP11B1
human_GO_bp_2025.gmt,Cellular Response to Prostaglandin E Stimulus (GO:0071380),1/4,0.2482218274225701,0.6725999495517755,5.801951516999543,8.084627616903795,GNAS
human_GO_bp_2025.gmt,Cellular Response to Prostaglandin Stimulus (GO:0071379),1/4,0.2482218274225701,0.6725999495517755,5.801951516999543,8.084627616903795,GNAS
human_GO_bp_2025.gmt,Cellular Response to Radiation (GO:0071478),3/18,0.1225514889554573,0.6579351544822044,3.0642395325519485,6.432525227629285,GRB2;RAD51;ECT2
human_GO_bp_2025.gmt,Cellular Response to Reactive Oxygen Species (GO:0034614),2/24,0.49936693914536984,0.737352910867403,1.50291146761735,1.0436429208959674,PEX13;ECT2
human_GO_bp_2025.gmt,Cellular Response to Starvation (GO:0009267),3/60,0.7918996225446742,0.8817682097403391,0.820532177641083,0.1914470882419173,MIOS;FBF1;ASNS
human_GO_bp_2025.gmt,Cellular Response to Sterol (GO:0036315),1/5,0.29999627131960604,0.6915159365043801,4.511917467093561,5.432282004419637,DYNAP
human_GO_bp_2025.gmt,Cellular Response to Superoxide (GO:0071451),1/7,0.39311349314694843,0.7187522822462863,3.1226500287332732,2.9154838148419593,SOD2
human_GO_bp_2025.gmt,Cellular Response to Transforming Growth Factor Beta Stimulus (GO:0071560),1/28,0.8647802473036128,0.9216929064510891,0.7356359755505967,0.10687308689433113,ZFP36L2
human_GO_bp_2025.gmt,Cellular Response to Tumor Necrosis Factor (GO:0071356),4/34,0.20345745557963452,0.6725999495517755,2.001708017115388,3.1873163917448295,GBP1;ZFP36L2;BIRC2;CCL3
human_GO_bp_2025.gmt,Cellular Response to Type I Interferon (GO:0071357),2/11,0.1724587419152796,0.6588977933440335,3.5668449197860963,6.2690768165601165,IFIT1;IFITM3
human_GO_bp_2025.gmt,Cellular Response to Type II Interferon (GO:0071346),8/17,6.631994551823218e-06,0.012998709321573506,12.284940411700974,146.48077644628572,CASP1;CCL3;GBP5;IFNG;LGALS9;GBP6;SYNCRIP;GBP1
human_GO_bp_2025.gmt,Cellular Response to Type III Interferon (GO:0071358),2/2,0.004728007726729372,0.2808150043754415,67.8663101604278,363.3732837889178,IFNL4;IFNL3
human_GO_bp_2025.gmt,Cellular Response to UV (GO:0034644),3/25,0.24526494715798944,0.6725999495517755,2.108586399904728,2.9634415609628655,SDE2;SERPINA2;RPL26
human_GO_bp_2025.gmt,Cellular Response to Vascular Endothelial Growth Factor Stimulus (GO:0035924),1/10,0.5101278301715297,0.737352910867403,2.135538954108858,1.437418322826163,VEGFC
human_GO_bp_2025.gmt,Cellular Response to Virus (GO:0098586),4/14,0.012736292029698965,0.351165908645752,5.832898572963019,25.45068471413758,IFNL4;IFNG;IFNL3;LGALS9
human_GO_bp_2025.gmt,Cellular Response to dsRNA (GO:0071359),1/8,0.434927768409778,0.7199817787864567,2.7058697972251866,2.2528403887996764,IFIT1
human_GO_bp_2025.gmt,Central Nervous System Development (GO:0007417),4/100,0.9209594352458701,0.9545639836498707,0.6260525480985959,0.05154872102764068,SHROOM2;MIOS;UBE3A;NCKAP1
human_GO_bp_2025.gmt,Central Nervous System Neuron Axonogenesis (GO:0021955),1/6,0.3482121251529303,0.7014344967109387,3.6909867080624816,3.8937821774217376,KIFBP
human_GO_bp_2025.gmt,Central Nervous System Projection Neuron Axonogenesis (GO:0021952),1/4,0.2482218274225701,0.6725999495517755,5.801951516999543,8.084627616903795,KIFBP
human_GO_bp_2025.gmt,Centromere Complex Assembly (GO:0034508),1/10,0.5101278301715297,0.737352910867403,2.135538954108858,1.437418322826163,CENPI
human_GO_bp_2025.gmt,Ceramide Catabolic Process (GO:0046514),1/7,0.39311349314694843,0.7187522822462863,3.1226500287332732,2.9154838148419593,CEL
human_GO_bp_2025.gmt,Ceramide Metabolic Process (GO:0006672),4/25,0.08887079056287833,0.6579351544822044,2.8436789648539955,6.8833289841732554,FUT3;FUT6;CEL;FUT5
human_GO_bp_2025.gmt,Cerebral Cortex Cell Migration (GO:0021795),1/3,0.19262675285006695,0.6588977933440335,8.12401280683031,13.380256287293214,PEX13
human_GO_bp_2025.gmt,Chaperone Mediated Protein Folding Independent of Cofactor (GO:0051086),3/7,0.009199714563393703,0.351165908645752,10.572942717637252,49.57211759466882,CCT3;CCT7;CCT4
human_GO_bp_2025.gmt,Chaperone-Mediated Protein Complex Assembly (GO:0051131),1/8,0.434927768409778,0.7199817787864567,2.7058697972251866,2.2528403887996764,PSMG2
human_GO_bp_2025.gmt,Chemical Synaptic Transmission (GO:0007268),6/78,0.45100145626537586,0.7267440362720797,1.2134880779674888,0.9662820028776006,PCDHB4;PCDHB2;NAPSA;PCDHB3;PCDHB11;PCDHB16
human_GO_bp_2025.gmt,Chemokine-Mediated Signaling Pathway (GO:0070098),3/17,0.10734327983230747,0.6579351544822044,3.2760838230402483,7.311312787874168,CCL3L1;CCL3;CCL4
human_GO_bp_2025.gmt,Cholesterol Biosynthetic Process (GO:0006695),1/6,0.3482121251529303,0.7014344967109387,3.6909867080624816,3.8937821774217376,CES1
human_GO_bp_2025.gmt,Cholesterol Homeostasis (GO:0042632),1/14,0.6318848753615329,0.7939066382747465,1.5018380173129373,0.6894158292825293,CES1
human_GO_bp_2025.gmt,Cholesterol Metabolic Process (GO:0008203),4/16,0.020757294791425993,0.43281167862973347,4.898088077336197,18.979393507634654,CES1;ACAA2;APOL2;CYP11B1
human_GO_bp_2025.gmt,Cholesterol Transport (GO:0030301),1/10,0.5101278301715297,0.737352910867403,2.135538954108858,1.437418322826163,CES1
human_GO_bp_2025.gmt,Chromatin Organization (GO:0006325),5/149,0.9796515803310162,0.9912839945528094,0.5081663134448993,0.010447035932223873,DEK;H2AB2;DDX11;H2AB1;NAP1L4
human_GO_bp_2025.gmt,Chromatin Remodeling (GO:0006338),1/128,0.9999006927211501,0.9999006927211501,0.15615543976395255,1.550814184899374e-05,DEK
human_GO_bp_2025.gmt,Chromatin Remodeling at Centromere (GO:0031055),1/5,0.29999627131960604,0.6915159365043801,4.511917467093561,5.432282004419637,CENPI
human_GO_bp_2025.gmt,Cilium Assembly (GO:0060271),8/111,0.49977809835266485,0.737352910867403,1.1108755842374949,0.7704933988435192,WDR44;ARF4;PTPDC1;CFAP54;BBS9;FBF1;SSX2IP;CFAP206
human_GO_bp_2025.gmt,Cilium Movement (GO:0003341),2/25,0.5214627645355767,0.748767046512623,1.4387302309705314,0.9367822984975749,CFAP54;CFAP206
human_GO_bp_2025.gmt,Cilium Organization (GO:0044782),7/105,0.5912044960071451,0.781697700124157,1.0285361503635615,0.5405917140606369,PTPDC1;ARF4;CFAP54;BBS9;CEP78;FBF1;SSX2IP
human_GO_bp_2025.gmt,Cilium-Dependent Cell Motility (GO:0060285),1/14,0.6318848753615329,0.7939066382747465,1.5018380173129373,0.6894158292825293,CFAP54
human_GO_bp_2025.gmt,Circulatory System Development (GO:0072359),1/35,0.9181121553328068,0.9526203411605618,0.5857268804231822,0.050041999075512246,GJA1
human_GO_bp_2025.gmt,Cognition (GO:0050890),1/20,0.7602861881495797,0.8628609894459619,1.0387488711928412,0.2846798825555806,GNAS
human_GO_bp_2025.gmt,Complement Receptor Mediated Signaling Pathway (GO:0002430),1/2,0.1329297557015066,0.6579351544822044,13.542155816435432,27.32718265313555,FPR2
human_GO_bp_2025.gmt,Constitutive Heterochromatin Formation (GO:0140719),1/18,0.7234275816420505,0.8445015247280636,1.1578289373380088,0.3748527135588553,MPHOSPH8
human_GO_bp_2025.gmt,Copper Ion Homeostasis (GO:0055070),1/7,0.39311349314694843,0.7187522822462863,3.1226500287332732,2.9154838148419593,XIAP
human_GO_bp_2025.gmt,Cortical Actin Cytoskeleton Organization (GO:0030866),1/10,0.5101278301715297,0.737352910867403,2.135538954108858,1.437418322826163,NCKAP1
human_GO_bp_2025.gmt,Cortical Cytoskeleton Organization (GO:0030865),2/17,0.3286927389544668,0.7014344967109387,2.1840607210626186,2.430055605212287,RNASE1;NCKAP1
human_GO_bp_2025.gmt,Cotranslational Protein Targeting to Membrane (GO:0006613),1/7,0.39311349314694843,0.7187522822462863,3.1226500287332732,2.9154838148419593,SRP14
human_GO_bp_2025.gmt,Coumarin Metabolic Process (GO:0009804),1/2,0.1329297557015066,0.6579351544822044,13.542155816435432,27.32718265313555,CYP2A6
human_GO_bp_2025.gmt,Cytochrome Complex Assembly (GO:0017004),1/4,0.2482218274225701,0.6725999495517755,5.801951516999543,8.084627616903795,COX15
human_GO_bp_2025.gmt,Cytokine-Mediated Signaling Pathway (GO:0019221),8/77,0.1581398215697196,0.6588977933440335,1.6633358535273624,3.067649880040098,LILRA5;CEACAM1;CCL3;CCL4;BIRC2;LILRA6;CSF2RB;CCL3L1
human_GO_bp_2025.gmt,Cytoplasmic Microtubule Organization (GO:0031122),1/28,0.8647802473036128,0.9216929064510891,0.7356359755505967,0.10687308689433113,KATNBL1
human_GO_bp_2025.gmt,Cytoplasmic Pattern Recognition Receptor Signaling Pathway (GO:0002753),1/9,0.4738667746712847,0.7267440362720797,2.3871555025425324,1.7827971069314716,IPO5
human_GO_bp_2025.gmt,Cytoplasmic Translation (GO:0002181),9/69,0.04571530147417345,0.6013556435528857,2.1432776087795338,6.612702014442172,RPL22;RPL10A;RPS27;RPL35;RPL9;RPS7;RPL23A;RPL26;RPL7
human_GO_bp_2025.gmt,Cytoplasmic Translational Initiation (GO:0002183),1/29,0.8741256737720192,0.9286104718662102,0.7097118463180363,0.09547833109714432,EIF3A
human_GO_bp_2025.gmt,Cytoskeleton Organization (GO:0007010),4/49,0.4387757949959764,0.7214769783490887,1.3386173439879132,1.1027084106487206,PRKCI;RNASE1;FGD5;CCL3
human_GO_bp_2025.gmt,Cytoskeleton-Dependent Cytokinesis (GO:0061640),5/41,0.14839761667041745,0.6588977933440335,2.046817169736202,3.905040622953631,EXOC5;USP8;IST1;PDCD6IP;ECT2
human_GO_bp_2025.gmt,Cytoskeleton-Dependent Intracellular Transport (GO:0030705),1/10,0.5101278301715297,0.737352910867403,2.135538954108858,1.437418322826163,KIFBP
human_GO_bp_2025.gmt,Cytosolic Transport (GO:0016482),1/48,0.9677836761121112,0.9833364464384334,0.4245464247598719,0.01390249091393581,RAB7A
human_GO_bp_2025.gmt,DNA Biosynthetic Process (GO:0071897),1/8,0.434927768409778,0.7199817787864567,2.7058697972251866,2.2528403887996764,RRM1
human_GO_bp_2025.gmt,DNA Damage Checkpoint Signaling (GO:0000077),1/20,0.7602861881495797,0.8628609894459619,1.0387488711928412,0.2846798825555806,SERPINA2
human_GO_bp_2025.gmt,DNA Damage Response (GO:0006974),12/196,0.7063800558550404,0.8315344801656932,0.9124498348808625,0.31716926303857407,FAM111A;RRM1;WDHD1;GRB2;DDX11;NEK4;SERPINA2;XIAP;CASP2;RAD51;GTF2H1;SAMHD1
human_GO_bp_2025.gmt,"DNA Damage Response, Signal Transduction by P53 Class Mediator (GO:0030330)",3/15,0.07940294078463345,0.6275393707172644,3.8014576634512327,9.629928102559314,GML;RPL26;CASP2
human_GO_bp_2025.gmt,DNA Deamination (GO:0045006),1/6,0.3482121251529303,0.7014344967109387,3.6909867080624816,3.8937821774217376,EXOSC5
human_GO_bp_2025.gmt,DNA Integrity Checkpoint Signaling (GO:0031570),1/23,0.8065878304548986,0.8891519390841401,0.8998221273568126,0.1934100033170843,SERPINA2
human_GO_bp_2025.gmt,DNA Metabolic Process (GO:0006259),10/152,0.6065172458466772,0.782377726451804,0.9947769314472252,0.4974104661810622,FAM111A;RRM1;WDHD1;PTMS;SYNCRIP;SERPINA2;RAD51;GTF2H1;MCM6;SAMHD1
human_GO_bp_2025.gmt,DNA Modification (GO:0006304),1/9,0.4738667746712847,0.7267440362720797,2.3871555025425324,1.7827971069314716,EXOSC5
human_GO_bp_2025.gmt,DNA Recombination (GO:0006310),2/20,0.40484585379027765,0.7199817787864567,1.8290215349038879,1.6538906968390008,RAD51;RAD54B
human_GO_bp_2025.gmt,DNA Repair (GO:0006281),6/142,0.93286579475821,0.9633387553878249,0.6379514049416962,0.04433375103377362,FAM111A;RRM1;WDHD1;SERPINA2;RAD51;GTF2H1
human_GO_bp_2025.gmt,DNA Replication (GO:0006260),5/41,0.14839761667041745,0.6588977933440335,2.046817169736202,3.905040622953631,FAM111A;WDHD1;PTMS;SERPINA2;MCM6
human_GO_bp_2025.gmt,DNA Strand Resection Involved in Replication Fork Processing (GO:0110025),1/5,0.29999627131960604,0.6915159365043801,4.511917467093561,5.432282004419637,SAMHD1
human_GO_bp_2025.gmt,DNA Synthesis Involved in DNA Repair (GO:0000731),1/14,0.6318848753615329,0.7939066382747465,1.5018380173129373,0.6894158292825293,RRM1
human_GO_bp_2025.gmt,DNA-templated DNA Replication (GO:0006261),2/25,0.5214627645355767,0.748767046512623,1.4387302309705314,0.9367822984975749,RRM1;WDHD1
human_GO_bp_2025.gmt,DNA-templated DNA Replication Maintenance of Fidelity (GO:0045005),4/24,0.07872940603781137,0.6275393707172644,2.982866574100757,7.581666949286709,FAM111A;SERPINA2;RAD51;DDX11
human_GO_bp_2025.gmt,DNA-templated Transcription (GO:0006351),5/100,0.8278250982511686,0.9038608205584064,0.7749761890001634,0.1464343710333005,DEK;POLR2H;FAM170A;NIFK;GTF2H1
human_GO_bp_2025.gmt,DNA-templated Transcription Initiation (GO:0006352),1/39,0.9385324700762215,0.9656292080574247,0.5245394946568906,0.03327564504029764,GTF2H1
human_GO_bp_2025.gmt,Daunorubicin Metabolic Process (GO:0044597),1/4,0.2482218274225701,0.6725999495517755,5.801951516999543,8.084627616903795,AKR1B10
human_GO_bp_2025.gmt,Defense Response to Bacterium (GO:0042742),14/58,2.684051688182158e-05,0.015570560837097928,4.507788699909964,47.447171670796614,GSDMC;CASP1;LCN2;SFTPD;RNASE1;RNASE6;MPEG1;GBP6;XIAP;LYZ;S100A8;RNASE9;GBP1;FPR2
human_GO_bp_2025.gmt,Defense Response to Fungus (GO:0050832),2/4,0.025841529132557717,0.44429295701590465,13.56898395721925,49.60511738419774,S100A8;PLCG2
human_GO_bp_2025.gmt,Defense Response to Gram-negative Bacterium (GO:0050829),3/16,0.09293655139845053,0.6579351544822044,3.5193124528601483,8.361317180347134,RNASE6;LYZ;MPEG1
human_GO_bp_2025.gmt,Defense Response to Gram-positive Bacterium (GO:0050830),6/23,0.0037917659636820767,0.247728709627229,5.071382339343504,28.272568149680215,RNASE1;RNASE6;MPEG1;GBP6;LYZ;RNASE9
human_GO_bp_2025.gmt,Defense Response to Protozoan (GO:0042832),2/4,0.025841529132557717,0.44429295701590465,13.56898395721925,49.60511738419774,GBP6;GBP1
human_GO_bp_2025.gmt,Defense Response to Symbiont (GO:0140546),1/2,0.1329297557015066,0.6579351544822044,13.542155816435432,27.32718265313555,LYZ
human_GO_bp_2025.gmt,Defense Response to Virus (GO:0051607),16/74,3.177665476958761e-05,0.015570560837097928,3.9104684363780287,40.49985607017318,IFITM3;CASP1;MX2;GBP5;IFIT1B;RNASE1;RNASE6;EXOSC5;IFNL3;BNIP3;SLFN13;TRIM8;TRIM5;IFIT1;IFNL4;SAMHD1
human_GO_bp_2025.gmt,Definitive Hemopoiesis (GO:0060216),1/2,0.1329297557015066,0.6579351544822044,13.542155816435432,27.32718265313555,ZFP36L2
human_GO_bp_2025.gmt,Dendrite Self-Avoidance (GO:0070593),1/8,0.434927768409778,0.7199817787864567,2.7058697972251866,2.2528403887996764,EMB
human_GO_bp_2025.gmt,Dendritic Cell Differentiation (GO:0097028),1/5,0.29999627131960604,0.6915159365043801,4.511917467093561,5.432282004419637,LGALS9
human_GO_bp_2025.gmt,Detection of Chemical Stimulus Involved in Sensory Perception (GO:0050907),1/3,0.19262675285006695,0.6588977933440335,8.12401280683031,13.380256287293214,OR2L3
human_GO_bp_2025.gmt,Detection of Chemical Stimulus Involved in Sensory Perception of Bitter Taste (GO:0001580),1/3,0.19262675285006695,0.6588977933440335,8.12401280683031,13.380256287293214,TAS2R39
human_GO_bp_2025.gmt,Detection of Chemical Stimulus Involved in Sensory Perception of Smell (GO:0050911),1/2,0.1329297557015066,0.6579351544822044,13.542155816435432,27.32718265313555,OR2L3
human_GO_bp_2025.gmt,Detection of Chemical Stimulus Involved in Sensory Perception of Taste (GO:0050912),1/3,0.19262675285006695,0.6588977933440335,8.12401280683031,13.380256287293214,TAS2R39
human_GO_bp_2025.gmt,Development of Primary Male Sexual Characteristics (GO:0046546),2/19,0.37986896542989435,0.7187522822462863,1.933842627960275,1.8718221938477368,CSDE1;ADAM20
human_GO_bp_2025.gmt,Dicarboxylic Acid Metabolic Process (GO:0043648),3/24,0.22649764836657615,0.6725999495517755,2.2070091477853384,3.277454306187974,DHFR;PCDHB11;PCDHB16
human_GO_bp_2025.gmt,Dicarboxylic Acid Transport (GO:0006835),1/7,0.39311349314694843,0.7187522822462863,3.1226500287332732,2.9154838148419593,GJA1
human_GO_bp_2025.gmt,Diol Biosynthetic Process (GO:0034312),1/9,0.4738667746712847,0.7267440362720797,2.3871555025425324,1.7827971069314716,DHFR
human_GO_bp_2025.gmt,Diol Metabolic Process (GO:0034311),1/3,0.19262675285006695,0.6588977933440335,8.12401280683031,13.380256287293214,NAAA
human_GO_bp_2025.gmt,Diterpenoid Metabolic Process (GO:0016101),3/13,0.05522336550624813,0.6109842574255044,4.526973919256878,13.111787498938703,ALDH1A1;ADH7;AKR1B10
human_GO_bp_2025.gmt,Double-Strand Break Repair (GO:0006302),4/88,0.8647924770222208,0.9216929064510891,0.7163322507452062,0.10405851428296839,SERPINA2;RAD51;SAMHD1;RAD54B
human_GO_bp_2025.gmt,Double-Strand Break Repair via Break-Induced Replication (GO:0000727),1/4,0.2482218274225701,0.6725999495517755,5.801951516999543,8.084627616903795,MCM6
human_GO_bp_2025.gmt,Double-Strand Break Repair via Homologous Recombination (GO:0000724),4/57,0.5587046124494914,0.772372521243009,1.1370047281086562,0.6618895275248046,MCM6;RAD51;SAMHD1;RAD54B
human_GO_bp_2025.gmt,Double-Strand Break Repair via Synthesis-Dependent Strand Annealing (GO:0045003),1/1,0.06882888171411798,0.6109842574255044,40.63287086446105,108.73891905550649,RAD51
human_GO_bp_2025.gmt,Doxorubicin Metabolic Process (GO:0044598),1/4,0.2482218274225701,0.6725999495517755,5.801951516999543,8.084627616903795,AKR1B10
human_GO_bp_2025.gmt,ERAD Pathway (GO:0036503),4/37,0.248473806795283,0.6725999495517755,1.8215848790419547,2.53640729039645,FBXO27;UBXN4;UBQLN1;SEL1L2
human_GO_bp_2025.gmt,ERBB Signaling Pathway (GO:0038127),1/29,0.8741256737720192,0.9286104718662102,0.7097118463180363,0.09547833109714432,GRB2
human_GO_bp_2025.gmt,ERK1 and ERK2 Cascade (GO:0070371),2/9,0.12341571831772508,0.6579351544822044,4.519429590017825,9.455536119984815,ZFP36L2;LGALS9
human_GO_bp_2025.gmt,ESCRT Complex Disassembly (GO:1904896),1/6,0.3482121251529303,0.7014344967109387,3.6909867080624816,3.8937821774217376,IST1
human_GO_bp_2025.gmt,ESCRT III Complex Disassembly (GO:1904903),1/6,0.3482121251529303,0.7014344967109387,3.6909867080624816,3.8937821774217376,IST1
human_GO_bp_2025.gmt,Ear Development (GO:0043583),1/2,0.1329297557015066,0.6579351544822044,13.542155816435432,27.32718265313555,SHROOM2
human_GO_bp_2025.gmt,Early Endosome to Golgi Transport (GO:0034498),1/6,0.3482121251529303,0.7014344967109387,3.6909867080624816,3.8937821774217376,LMAN1
human_GO_bp_2025.gmt,Early Endosome to Late Endosome Transport (GO:0045022),1/11,0.543894738997155,0.7549813657467591,1.9318493672815977,1.1764953863382994,RAB7A
human_GO_bp_2025.gmt,Electron Transport Chain (GO:0022900),1/9,0.4738667746712847,0.7267440362720797,2.3871555025425324,1.7827971069314716,VDAC2
human_GO_bp_2025.gmt,Embryonic Hemopoiesis (GO:0035162),1/3,0.19262675285006695,0.6588977933440335,8.12401280683031,13.380256287293214,THOC5
human_GO_bp_2025.gmt,Endocytic Recycling (GO:0032456),2/31,0.6398089160788426,0.8012942335556112,1.1450194869935648,0.5113493472448634,SNX3;RAB7A
human_GO_bp_2025.gmt,Endocytosis Involved in Viral Entry Into Host Cell (GO:0075509),1/3,0.19262675285006695,0.6588977933440335,8.12401280683031,13.380256287293214,JPT2
human_GO_bp_2025.gmt,Endomembrane System Organization (GO:0010256),10/89,0.08397216502686594,0.6579351544822044,1.8011990063029955,4.4620560890353,PLEKHF1;TMCC1;LMAN1;SEC23IP;DNAJC13;USP8;PI4K2B;USP50;AKR1B10;RAB2A
human_GO_bp_2025.gmt,Endonucleolytic Clvg of Tricistronic rRNA Trnscpt (GO:0000479),2/7,0.07880391718882125,0.6275393707172644,6.164803111327175,15.663485958255082,SDE2;TSR1
human_GO_bp_2025.gmt,Endoplasmic Reticulum Organization (GO:0007029),1/17,0.7029294046177333,0.8307869717971058,1.2281944309692443,0.4329370782980135,TMCC1
human_GO_bp_2025.gmt,Endoplasmic Reticulum to Golgi Vesicle-Mediated Transport (GO:0006888),6/56,0.18548568149431113,0.6588977933440335,1.7482456983562433,2.9454051719984964,ARF4;COPG2;CTAGE9;LMAN1;KLHL12;RAB2A
human_GO_bp_2025.gmt,Endosome Organization (GO:0007032),7/27,0.0018525113414767029,0.17290105853782559,5.003691496374423,31.479289383060934,PLEKHF1;SNX3;TMCC1;USP8;DNAJC13;PI4K2B;USP50
human_GO_bp_2025.gmt,Endothelial Cell Migration (GO:0043542),2/9,0.12341571831772508,0.6579351544822044,4.519429590017825,9.455536119984815,S100A8;MYH9
human_GO_bp_2025.gmt,Endothelial Cell Proliferation (GO:0001935),1/9,0.4738667746712847,0.7267440362720797,2.3871555025425324,1.7827971069314716,BMPER
human_GO_bp_2025.gmt,Enzyme-Linked Receptor Protein Signaling Pathway (GO:0007167),1/41,0.9467486862286694,0.9725510613250482,0.498478200719396,0.027277524641520418,FRK
human_GO_bp_2025.gmt,Eosinophil Chemotaxis (GO:0048245),2/4,0.025841529132557717,0.44429295701590465,13.56898395721925,49.60511738419774,CCL3;CCL4
human_GO_bp_2025.gmt,Eosinophil Migration (GO:0072677),2/4,0.025841529132557717,0.44429295701590465,13.56898395721925,49.60511738419774,CCL3;CCL4
human_GO_bp_2025.gmt,Ephrin Receptor Signaling Pathway (GO:0048013),1/21,0.7768339917642173,0.8745517655702848,0.9879220136918552,0.24947856723000636,EPHB6
human_GO_bp_2025.gmt,Epiboly Involved in Wound Healing (GO:0090505),1/7,0.39311349314694843,0.7187522822462863,3.1226500287332732,2.9154838148419593,CEACAM1
human_GO_bp_2025.gmt,Epidermal Growth Factor Receptor Signaling Pathway (GO:0007173),1/23,0.8065878304548986,0.8891519390841401,0.8998221273568126,0.1934100033170843,GRB2
human_GO_bp_2025.gmt,Epigenetic Programming of Gene Expression (GO:0043045),1/4,0.2482218274225701,0.6725999495517755,5.801951516999543,8.084627616903795,KDM1B
human_GO_bp_2025.gmt,Epigenetic Regulation of Gene Expression (GO:0040029),1/30,0.8828264930794508,0.9322952189847649,0.6855452851690393,0.08543717444783333,MPHOSPH8
human_GO_bp_2025.gmt,Epithelial Cell Differentiation (GO:0030855),3/39,0.5089838943549128,0.737352910867403,1.29693579409476,0.8758711986126976,SULT1B1;CES1;KRT19
human_GO_bp_2025.gmt,Epithelium Development (GO:0060429),3/45,0.6075089747721825,0.782377726451804,1.1127797742891368,0.5545964540211831,SULT1B1;CES1;KRT19
human_GO_bp_2025.gmt,Epoxygenase P450 Pathway (GO:0019373),2/3,0.013535761404385824,0.351165908645752,22.618538324420676,97.3144539878744,CYP2A6;CYP2J2
human_GO_bp_2025.gmt,Erythrocyte Differentiation (GO:0030218),1/20,0.7602861881495797,0.8628609894459619,1.0387488711928412,0.2846798825555806,PTPN2
human_GO_bp_2025.gmt,Establishment of Chromosome Localization (GO:0051303),1/10,0.5101278301715297,0.737352910867403,2.135538954108858,1.437418322826163,NDC80
human_GO_bp_2025.gmt,Establishment of Endothelial Barrier (GO:0061028),1/16,0.6809154831081293,0.8157667157041159,1.3076393431335422,0.5025481439464183,F11R
human_GO_bp_2025.gmt,Establishment of Endothelial Intestinal Barrier (GO:0090557),1/7,0.39311349314694843,0.7187522822462863,3.1226500287332732,2.9154838148419593,F11R
human_GO_bp_2025.gmt,Establishment of Epithelial Cell Polarity (GO:0090162),2/10,0.14751727516907936,0.6588977933440335,3.9871028625353886,7.630557290553867,FBF1;CYTH3
human_GO_bp_2025.gmt,Establishment of Melanosome Localization (GO:0032401),2/7,0.07880391718882125,0.6275393707172644,6.164803111327175,15.663485958255082,SHROOM2;GPR143
human_GO_bp_2025.gmt,"Establishment of Mitochondrion Localization, Microtubule-Mediated (GO:0034643)",2/4,0.025841529132557717,0.44429295701590465,13.56898395721925,49.60511738419774,KIFBP;RHOT1
human_GO_bp_2025.gmt,Establishment of Mitotic Spindle Localization (GO:0040001),2/26,0.5428959972338279,0.7549813657467591,1.3797882789479428,0.8428264380643381,NDC80;GJA1
human_GO_bp_2025.gmt,Establishment of Mitotic Spindle Orientation (GO:0000132),2/23,0.47662783158047073,0.7275627335652046,1.5730630518592215,1.165670112886508,NDC80;GJA1
human_GO_bp_2025.gmt,Establishment of Protein Localization to Endoplasmic Reticulum (GO:0072599),1/9,0.4738667746712847,0.7267440362720797,2.3871555025425324,1.7827971069314716,SRP14
human_GO_bp_2025.gmt,Establishment of Protein Localization to Extracellular Region (GO:0035592),3/13,0.05522336550624813,0.6109842574255044,4.526973919256878,13.111787498938703,CTAGE9;COPG2;GNAS
human_GO_bp_2025.gmt,Establishment of Protein Localization to Membrane (GO:0090150),2/34,0.689779779668203,0.8233668502738598,1.0388317564788152,0.38580434226599,PRKCI;VPS37A
human_GO_bp_2025.gmt,Establishment of Protein Localization to Organelle (GO:0072594),3/44,0.5920267368735206,0.781697700124157,1.139774532212451,0.5974737778883177,CSE1L;IPO5;EIF4ENIF1
human_GO_bp_2025.gmt,Establishment of Protein Localization to Plasma Membrane (GO:0061951),1/15,0.6572739920461566,0.8066731524173242,1.3980421742170537,0.5866944272638178,RAB7A
human_GO_bp_2025.gmt,Establishment of Protein Localization to Vacuole (GO:0072666),1/12,0.575338714803466,0.772372521243009,1.763584056424296,0.9749028158966704,VPS37A
human_GO_bp_2025.gmt,Establishment of Spindle Orientation (GO:0051294),2/29,0.6031083061882345,0.781697700124157,1.228682547399125,0.6212937568532244,NDC80;GJA1
human_GO_bp_2025.gmt,Establishment or Maintenance of Apical/Basal Cell Polarity (GO:0035088),1/10,0.5101278301715297,0.737352910867403,2.135538954108858,1.437418322826163,PRKCI
human_GO_bp_2025.gmt,Establishment or Maintenance of Epithelial Cell Apical/Basal Polarity (GO:0045197),2/17,0.3286927389544668,0.7014344967109387,2.1840607210626186,2.430055605212287,PRKCI;PDCD6IP
human_GO_bp_2025.gmt,Estrogen Metabolic Process (GO:0008210),3/7,0.009199714563393703,0.351165908645752,10.572942717637252,49.57211759466882,UGT2B17;UGT1A1;CYP3A4
human_GO_bp_2025.gmt,Ethanol Catabolic Process (GO:0006068),1/3,0.19262675285006695,0.6588977933440335,8.12401280683031,13.380256287293214,SULT1B1
human_GO_bp_2025.gmt,Ethanol Metabolic Process (GO:0006067),1/3,0.19262675285006695,0.6588977933440335,8.12401280683031,13.380256287293214,SULT1B1
human_GO_bp_2025.gmt,Extracellular Exosome Biogenesis (GO:0097734),1/4,0.2482218274225701,0.6725999495517755,5.801951516999543,8.084627616903795,PDCD6IP
human_GO_bp_2025.gmt,Extracellular Matrix Disassembly (GO:0022617),1/7,0.39311349314694843,0.7187522822462863,3.1226500287332732,2.9154838148419593,KLK4
human_GO_bp_2025.gmt,Extracellular Matrix Organization (GO:0030198),1/45,0.9600384606425346,0.9795290905046162,0.45338337750170876,0.018489850140779217,KLK4
human_GO_bp_2025.gmt,Extrinsic Apoptotic Signaling Pathway (GO:0097191),3/21,0.17224536415803535,0.6588977933440335,2.5661191738362157,4.513380943073739,IFNG;CASP2;SIVA1
human_GO_bp_2025.gmt,Extrinsic Apoptotic Signaling Pathway in Absence of Ligand (GO:0097192),1/5,0.29999627131960604,0.6915159365043801,4.511917467093561,5.432282004419637,CASP2
human_GO_bp_2025.gmt,Eye Development (GO:0001654),1/20,0.7602861881495797,0.8628609894459619,1.0387488711928412,0.2846798825555806,SHROOM2
human_GO_bp_2025.gmt,Eye Morphogenesis (GO:0048592),1/9,0.4738667746712847,0.7267440362720797,2.3871555025425324,1.7827971069314716,SHROOM2
human_GO_bp_2025.gmt,Fat Cell Differentiation (GO:0045444),2/14,0.2501660016445124,0.6725999495517755,2.70951871657754,3.754391976944623,OSBPL11;BBS9
human_GO_bp_2025.gmt,Fat-Soluble Vitamin Catabolic Process (GO:0042363),1/2,0.1329297557015066,0.6579351544822044,13.542155816435432,27.32718265313555,CYP3A4
human_GO_bp_2025.gmt,Fat-Soluble Vitamin Metabolic Process (GO:0006775),1/8,0.434927768409778,0.7199817787864567,2.7058697972251866,2.2528403887996764,CYP3A4
human_GO_bp_2025.gmt,Fatty Acid Alpha-Oxidation (GO:0001561),1/2,0.1329297557015066,0.6579351544822044,13.542155816435432,27.32718265313555,PEX13
human_GO_bp_2025.gmt,Fatty Acid Beta-Oxidation (GO:0006635),3/19,0.13848754828715668,0.6588977933440335,2.8780733378804118,5.689878638428443,ACAA2;EHHADH;ACAD10
human_GO_bp_2025.gmt,Fatty Acid Beta-Oxidation Using acyl-CoA Oxidase (GO:0033540),1/2,0.1329297557015066,0.6579351544822044,13.542155816435432,27.32718265313555,EHHADH
human_GO_bp_2025.gmt,Fatty Acid Biosynthetic Process (GO:0006633),1/23,0.8065878304548986,0.8891519390841401,0.8998221273568126,0.1934100033170843,CYP3A4
human_GO_bp_2025.gmt,Fatty Acid Catabolic Process (GO:0009062),4/25,0.08887079056287833,0.6579351544822044,2.8436789648539955,6.8833289841732554,PEX13;ACAA2;EHHADH;ACAD10
human_GO_bp_2025.gmt,Fatty Acid Metabolic Process (GO:0006631),3/39,0.5089838943549128,0.737352910867403,1.29693579409476,0.8758711986126976,NAAA;CYP2J2;CES1
human_GO_bp_2025.gmt,Fatty Acid Oxidation (GO:0019395),5/23,0.018071752883950094,0.41345571935204245,4.049835626800105,16.253631257977144,ACAA2;ADH7;ACAD10;EHHADH;PEX13
human_GO_bp_2025.gmt,Fc Receptor Mediated Stimulatory Signaling Pathway (GO:0002431),1/8,0.434927768409778,0.7199817787864567,2.7058697972251866,2.2528403887996764,IFNG
human_GO_bp_2025.gmt,Fc Receptor Signaling Pathway (GO:0038093),2/12,0.19801100512773262,0.6611611074111686,3.2266361089890503,5.225319923868167,PLCG2;CD33
human_GO_bp_2025.gmt,Fc-epsilon Receptor Signaling Pathway (GO:0038095),1/9,0.4738667746712847,0.7267440362720797,2.3871555025425324,1.7827971069314716,PLCG2
human_GO_bp_2025.gmt,Fc-gamma Receptor Signaling Pathway (GO:0038094),2/10,0.14751727516907936,0.6588977933440335,3.9871028625353886,7.630557290553867,IFNG;CD33
human_GO_bp_2025.gmt,Fc-gamma Receptor Signaling Pathway Involved in Phagocytosis (GO:0038096),1/8,0.434927768409778,0.7199817787864567,2.7058697972251866,2.2528403887996764,IFNG
human_GO_bp_2025.gmt,Female Gamete Generation (GO:0007292),1/16,0.6809154831081293,0.8157667157041159,1.3076393431335422,0.5025481439464183,PRDM9
human_GO_bp_2025.gmt,Fibroblast Growth Factor Receptor Signaling Pathway (GO:0008543),1/9,0.4738667746712847,0.7267440362720797,2.3871555025425324,1.7827971069314716,SHCBP1
human_GO_bp_2025.gmt,Filopodium Assembly (GO:0046847),1/9,0.4738667746712847,0.7267440362720797,2.3871555025425324,1.7827971069314716,FGD5
human_GO_bp_2025.gmt,Fucose Catabolic Process (GO:0019317),2/6,0.05891700215298481,0.6109842574255044,7.5359477124183005,21.338982226404713,FUT6;FUT5
human_GO_bp_2025.gmt,Fucosylation (GO:0036065),3/7,0.009199714563393703,0.351165908645752,10.572942717637252,49.57211759466882,FUT3;FUT6;FUT5
human_GO_bp_2025.gmt,G Protein-Coupled Dopamine Receptor Signaling Pathway (GO:0007212),1/8,0.434927768409778,0.7199817787864567,2.7058697972251866,2.2528403887996764,GNAS
human_GO_bp_2025.gmt,G1/S Transition of Mitotic Cell Cycle (GO:0000082),3/29,0.32205325832356896,0.7014344967109387,1.7891767275374628,2.027205844712142,KHDRBS1;CUL2;CCNB1
human_GO_bp_2025.gmt,G2/M Transition of Mitotic Cell Cycle (GO:0000086),2/23,0.47662783158047073,0.7275627335652046,1.5730630518592215,1.165670112886508,KHDRBS1;CCNB1
human_GO_bp_2025.gmt,Gamma-Aminobutyric Acid Metabolic Process (GO:0009448),1/4,0.2482218274225701,0.6725999495517755,5.801951516999543,8.084627616903795,ALDH1A1
human_GO_bp_2025.gmt,Gamma-Aminobutyric Acid Signaling Pathway (GO:0007214),1/11,0.543894738997155,0.7549813657467591,1.9318493672815977,1.1764953863382994,PLCL1
human_GO_bp_2025.gmt,Gene Expression (GO:0010467),20/200,0.0576448955312614,0.6109842574255044,1.5578127744277268,4.445146435942825,RPL22;GZMH;RPL35;RPL9;KLK4;EEF1A1;SYNCRIP;NXF2;CIAO2B;GZMB;RPL26;RPL10A;CASP1;EXOSC5;RPL7;RPS27;THOC5;EIF4EBP2;RPS7;RPL23A
human_GO_bp_2025.gmt,Generation of Neurons (GO:0048699),2/68,0.9535377025152787,0.9762833561482834,0.5049656226126814,0.024024402789977927,PEX13;RNASE1
human_GO_bp_2025.gmt,Genomic Imprinting (GO:0071514),1/3,0.19262675285006695,0.6588977933440335,8.12401280683031,13.380256287293214,KDM1B
human_GO_bp_2025.gmt,Glial Cell Differentiation (GO:0010001),1/7,0.39311349314694843,0.7187522822462863,3.1226500287332732,2.9154838148419593,MIOS
human_GO_bp_2025.gmt,Glial Cell Migration (GO:0008347),1/2,0.1329297557015066,0.6579351544822044,13.542155816435432,27.32718265313555,CCL3
human_GO_bp_2025.gmt,Gliogenesis (GO:0042063),1/7,0.39311349314694843,0.7187522822462863,3.1226500287332732,2.9154838148419593,MIOS
human_GO_bp_2025.gmt,Glomerular Filtration (GO:0003094),1/4,0.2482218274225701,0.6725999495517755,5.801951516999543,8.084627616903795,KIRREL1
human_GO_bp_2025.gmt,Glucan Catabolic Process (GO:0009251),1/2,0.1329297557015066,0.6579351544822044,13.542155816435432,27.32718265313555,MGAM
human_GO_bp_2025.gmt,Glucocorticoid Biosynthetic Process (GO:0006704),1/1,0.06882888171411798,0.6109842574255044,40.63287086446105,108.73891905550649,CYP11B1
human_GO_bp_2025.gmt,Glucocorticoid Metabolic Process (GO:0008211),2/3,0.013535761404385824,0.351165908645752,22.618538324420676,97.3144539878744,YWHAH;CYP11B1
human_GO_bp_2025.gmt,Glucose Homeostasis (GO:0042593),3/27,0.2834332643944975,0.6915159365043801,1.9358444342367171,2.4406712017108116,PTPN2;USF1;CYP11B1
human_GO_bp_2025.gmt,Glucose Mediated Signaling Pathway (GO:0010255),1/3,0.19262675285006695,0.6588977933440335,8.12401280683031,13.380256287293214,USF1
human_GO_bp_2025.gmt,Glutathione Metabolic Process (GO:0006749),1/16,0.6809154831081293,0.8157667157041159,1.3076393431335422,0.5025481439464183,HPGDS
human_GO_bp_2025.gmt,Glycerophospholipid Biosynthetic Process (GO:0046474),2/45,0.826188549812618,0.9038608205584064,0.774786403589649,0.14793172135744784,PI4K2B;PLCG2
human_GO_bp_2025.gmt,Glycerophospholipid Metabolic Process (GO:0006650),2/21,0.42933011585682956,0.7199817787864567,1.7349513231866174,1.4669519264966213,PLCL1;PLCG2
human_GO_bp_2025.gmt,Glycogen Catabolic Process (GO:0005980),1/6,0.3482121251529303,0.7014344967109387,3.6909867080624816,3.8937821774217376,ATG12
human_GO_bp_2025.gmt,Glycolipid Biosynthetic Process (GO:0009247),1/23,0.8065878304548986,0.8891519390841401,0.8998221273568126,0.1934100033170843,FUT6
human_GO_bp_2025.gmt,Glycoprotein Biosynthetic Process (GO:0009101),3/35,0.4366543212589065,0.7204061192487009,1.4574820677714568,1.207689206275338,FUT6;FAM20B;FUT5
human_GO_bp_2025.gmt,Glycoprotein Catabolic Process (GO:0006516),1/7,0.39311349314694843,0.7187522822462863,3.1226500287332732,2.9154838148419593,FBXO27
human_GO_bp_2025.gmt,Glycoprotein Metabolic Process (GO:0009100),1/20,0.7602861881495797,0.8628609894459619,1.0387488711928412,0.2846798825555806,FBXO27
human_GO_bp_2025.gmt,Glycoside Metabolic Process (GO:0016137),1/5,0.29999627131960604,0.6915159365043801,4.511917467093561,5.432282004419637,AKR1B10
human_GO_bp_2025.gmt,Glycosphingolipid Biosynthetic Process (GO:0006688),1/16,0.6809154831081293,0.8157667157041159,1.3076393431335422,0.5025481439464183,FUT6
human_GO_bp_2025.gmt,Glycosphingolipid Metabolic Process (GO:0006687),1/17,0.7029294046177333,0.8307869717971058,1.2281944309692443,0.4329370782980135,FUT6
human_GO_bp_2025.gmt,Golgi Organization (GO:0007030),4/63,0.6388968642233878,0.8011758502097506,1.0213739631190821,0.4575880365559999,PI4K2B;LMAN1;RAB2A;SEC23IP
human_GO_bp_2025.gmt,Golgi to Plasma Membrane Transport (GO:0006893),1/25,0.8323820311775121,0.9038608205584064,0.8261058959336136,0.15156050329317153,EXOC5
human_GO_bp_2025.gmt,Gonad Development (GO:0008406),2/19,0.37986896542989435,0.7187522822462863,1.933842627960275,1.8718221938477368,CSDE1;ADAM20
human_GO_bp_2025.gmt,Granulocyte Chemotaxis (GO:0071621),4/16,0.020757294791425993,0.43281167862973347,4.898088077336197,18.979393507634654,PPIA;S100A8;CCL3;CCL4
human_GO_bp_2025.gmt,Granulocyte Migration (GO:0097530),1/4,0.2482218274225701,0.6725999495517755,5.801951516999543,8.084627616903795,CCL3
human_GO_bp_2025.gmt,Heart Development (GO:0007507),1/50,0.9720954771286384,0.9856736343363328,0.407263671938165,0.011526071747698196,GJA1
human_GO_bp_2025.gmt,Hematopoietic Progenitor Cell Differentiation (GO:0002244),1/7,0.39311349314694843,0.7187522822462863,3.1226500287332732,2.9154838148419593,SBDS
human_GO_bp_2025.gmt,Heme Biosynthetic Process (GO:0006783),1/9,0.4738667746712847,0.7267440362720797,2.3871555025425324,1.7827971069314716,COX15
human_GO_bp_2025.gmt,Heme Metabolic Process (GO:0042168),1/13,0.604619241524603,0.781697700124157,1.6222411953041622,0.8162409942227296,COX15
human_GO_bp_2025.gmt,Hemopoiesis (GO:0030097),2/23,0.47662783158047073,0.7275627335652046,1.5730630518592215,1.165670112886508,SBDS;ZFP36L2
human_GO_bp_2025.gmt,Heparan Sulfate Proteoglycan Biosynthetic Process (GO:0015012),1/6,0.3482121251529303,0.7014344967109387,3.6909867080624816,3.8937821774217376,SLC35D2
human_GO_bp_2025.gmt,Heparan Sulfate Proteoglycan Metabolic Process (GO:0030201),1/8,0.434927768409778,0.7199817787864567,2.7058697972251866,2.2528403887996764,SLC35D2
human_GO_bp_2025.gmt,Hepatocyte Growth Factor Receptor Signaling Pathway (GO:0048012),1/5,0.29999627131960604,0.6915159365043801,4.511917467093561,5.432282004419637,RNASE1
human_GO_bp_2025.gmt,Heterochromatin Formation (GO:0031507),4/42,0.32720924692129627,0.7014344967109387,1.5837599564774645,1.7693060096825184,H2AL3;H2AB2;H2AB1;MPHOSPH8
human_GO_bp_2025.gmt,Hexose Mediated Signaling (GO:0009757),1/3,0.19262675285006695,0.6588977933440335,8.12401280683031,13.380256287293214,USF1
human_GO_bp_2025.gmt,Homologous Chromosome Pairing at Meiosis (GO:0007129),1/13,0.604619241524603,0.781697700124157,1.6222411953041622,0.8162409942227296,PRDM9
human_GO_bp_2025.gmt,Homologous Chromosome Segregation (GO:0045143),1/12,0.575338714803466,0.772372521243009,1.763584056424296,0.9749028158966704,PRDM9
human_GO_bp_2025.gmt,Homophilic Cell Adhesion via Plasma Membrane Adhesion Molecules (GO:0007156),2/25,0.5214627645355767,0.748767046512623,1.4387302309705314,0.9367822984975749,CEACAM1;EMB
human_GO_bp_2025.gmt,Homotypic Cell-Cell Adhesion (GO:0034109),3/20,0.15507697018644415,0.6588977933440335,2.7131832797427653,5.056922440478083,GNAS;MYH9;PPIA
human_GO_bp_2025.gmt,Hormone Biosynthetic Process (GO:0042446),2/8,0.10041356630714114,0.6579351544822044,5.215549156725627,11.987720466033037,HSD17B6;CYP11B1
human_GO_bp_2025.gmt,Hormone Catabolic Process (GO:0042447),1/3,0.19262675285006695,0.6588977933440335,8.12401280683031,13.380256287293214,HSD17B6
human_GO_bp_2025.gmt,Host-Mediated Suppression of Symbiont Invasion (GO:0046597),4/5,0.0001048260738534232,0.028401640533809336,40.88829215896885,374.6679266642263,IFITM3;TRIM5;SNX3;LY6E
human_GO_bp_2025.gmt,Icosanoid Biosynthetic Process (GO:0046456),1/7,0.39311349314694843,0.7187522822462863,3.1226500287332732,2.9154838148419593,CASP1
human_GO_bp_2025.gmt,Icosanoid Metabolic Process (GO:0006690),2/14,0.2501660016445124,0.6725999495517755,2.70951871657754,3.754391976944623,CASP1;CYP2J2
human_GO_bp_2025.gmt,Immune Response-Activating Cell Surface Receptor Signaling Pathway (GO:0002429),1/4,0.2482218274225701,0.6725999495517755,5.801951516999543,8.084627616903795,FPR2
human_GO_bp_2025.gmt,Immune Response-Regulating Cell Surface Receptor Signaling Pathway (GO:0002768),1/4,0.2482218274225701,0.6725999495517755,5.801951516999543,8.084627616903795,FPR2
human_GO_bp_2025.gmt,Immunoglobulin Mediated Immune Response (GO:0016064),2/3,0.013535761404385824,0.351165908645752,22.618538324420676,97.3144539878744,CSF2RB;IGLL5
human_GO_bp_2025.gmt,Import Into Nucleus (GO:0051170),3/37,0.47338478630552383,0.7267440362720797,1.3725554157540736,1.0264610650041357,CSE1L;IPO5;EIF4ENIF1
human_GO_bp_2025.gmt,Induction of Positive Chemotaxis (GO:0050930),1/3,0.19262675285006695,0.6588977933440335,8.12401280683031,13.380256287293214,VEGFC
human_GO_bp_2025.gmt,Inflammatory Response (GO:0006954),14/79,0.0008652638102473109,0.10599481675529557,3.0523374196629827,21.526536745828327,GSDMC;CASP1;APOL3;CCL3;CCL4;RNASE1;IFNG;LGALS9;F11R;LYZ;S100A8;GZMB;CCL3L1;FPR2
human_GO_bp_2025.gmt,Innate Immune Response Activating Cell Surface Receptor Signaling Pathway (GO:0002220),1/13,0.604619241524603,0.781697700124157,1.6222411953041622,0.8162409942227296,PLCG2
human_GO_bp_2025.gmt,Innate Immune Response-Activating Signaling Pathway (GO:0002758),1/5,0.29999627131960604,0.6915159365043801,4.511917467093561,5.432282004419637,CASP1
human_GO_bp_2025.gmt,Inorganic Cation Import Across Plasma Membrane (GO:0098659),1/22,0.7922417435473148,0.8817682097403391,0.9418232359584027,0.21933999092617165,TRPV2
human_GO_bp_2025.gmt,Inorganic Cation Transmembrane Transport (GO:0098662),1/88,0.9981953212326171,0.9999006927211501,0.2290044214057021,0.0004136527845153561,TRPV2
human_GO_bp_2025.gmt,Inositol Phosphate Metabolic Process (GO:0043647),1/11,0.543894738997155,0.7549813657467591,1.9318493672815977,1.1764953863382994,MINPP1
human_GO_bp_2025.gmt,Insulin Receptor Signaling Pathway (GO:0008286),2/18,0.35446039520434314,0.7103705261763932,2.0513693080538,2.1275954414920366,PTPN2;GRB2
human_GO_bp_2025.gmt,Integrin-Mediated Signaling Pathway (GO:0007229),2/36,0.7198249492239446,0.8445015247280636,0.9782996202433543,0.3216132830352511,CEACAM1;MYH9
human_GO_bp_2025.gmt,Interferon-Mediated Signaling Pathway (GO:0140888),4/14,0.012736292029698965,0.351165908645752,5.832898572963019,25.45068471413758,IFITM3;IFNL4;IFNG;IFNL3
human_GO_bp_2025.gmt,Intermediate Filament Organization (GO:0045109),1/12,0.575338714803466,0.772372521243009,1.763584056424296,0.9749028158966704,KRT19
human_GO_bp_2025.gmt,Interstrand Cross-Link Repair (GO:0036297),2/16,0.3026516261165659,0.6915159365043801,2.3350543979347225,2.790793698448824,SERPINA2;RAD51
human_GO_bp_2025.gmt,Intestinal Absorption (GO:0050892),1/6,0.3482121251529303,0.7014344967109387,3.6909867080624816,3.8937821774217376,F11R
human_GO_bp_2025.gmt,Intestinal Cholesterol Absorption (GO:0030299),1/4,0.2482218274225701,0.6725999495517755,5.801951516999543,8.084627616903795,CEL
human_GO_bp_2025.gmt,Intestinal Lipid Absorption (GO:0098856),1/5,0.29999627131960604,0.6915159365043801,4.511917467093561,5.432282004419637,CEL
human_GO_bp_2025.gmt,Intracellular Calcium Ion Homeostasis (GO:0006874),1/39,0.9385324700762215,0.9656292080574247,0.5245394946568906,0.03327564504029764,CCL3
human_GO_bp_2025.gmt,Intracellular Glucose Homeostasis (GO:0001678),1/16,0.6809154831081293,0.8157667157041159,1.3076393431335422,0.5025481439464183,USF1
human_GO_bp_2025.gmt,Intracellular Iron Ion Homeostasis (GO:0006879),1/27,0.8547425670227319,0.9194815759410288,0.7635166428384447,0.1198377138926393,ACO1
human_GO_bp_2025.gmt,Intracellular Monoatomic Cation Homeostasis (GO:0030003),3/60,0.7918996225446742,0.8817682097403391,0.820532177641083,0.1914470882419173,ACO1;MINPP1;CCL3
human_GO_bp_2025.gmt,Intracellular Monoatomic Ion Homeostasis (GO:0006873),1/3,0.19262675285006695,0.6588977933440335,8.12401280683031,13.380256287293214,MINPP1
human_GO_bp_2025.gmt,Intracellular Oxygen Homeostasis (GO:0032364),1/1,0.06882888171411798,0.6109842574255044,40.63287086446105,108.73891905550649,SOD2
human_GO_bp_2025.gmt,Intracellular Protein Transmembrane Transport (GO:0065002),1/10,0.5101278301715297,0.737352910867403,2.135538954108858,1.437418322826163,PEX13
human_GO_bp_2025.gmt,Intracellular Protein Transport (GO:0006886),12/157,0.39632821158435066,0.7199817787864567,1.1643475484949204,1.077618319779197,CSE1L;ARF4;YWHAH;RAB7A;XPO7;NAPSA;LMAN1;VPS37A;SEC23IP;EIF4ENIF1;AKR1B10;IPO5
human_GO_bp_2025.gmt,Intracellular Receptor Signaling Pathway (GO:0030522),1/10,0.5101278301715297,0.737352910867403,2.135538954108858,1.437418322826163,IPO5
human_GO_bp_2025.gmt,Intracellular Signaling Cassette (GO:0141124),7/132,0.8132033534312615,0.8954374004074565,0.8037687089479918,0.16619853009233215,CCL3;RNASE1;BIRC2;TRIM8;ARHGAP30;PLCG2;FPR2
human_GO_bp_2025.gmt,Intracellular pH Reduction (GO:0051452),1/15,0.6572739920461566,0.8066731524173242,1.3980421742170537,0.5866944272638178,RAB7A
human_GO_bp_2025.gmt,Intraciliary Transport Involved in Cilium Assembly (GO:0035735),1/4,0.2482218274225701,0.6725999495517755,5.801951516999543,8.084627616903795,SSX2IP
human_GO_bp_2025.gmt,Intrinsic Apoptotic Signaling Pathway (GO:0097193),4/51,0.4698580242485964,0.7267440362720797,1.2818474758324383,0.968211067793078,CUL2;CASP2;BNIP3;SIVA1
human_GO_bp_2025.gmt,Intrinsic Apoptotic Signaling Pathway in Response to DNA Damage (GO:0008630),1/23,0.8065878304548986,0.8891519390841401,0.8998221273568126,0.1934100033170843,CASP2
human_GO_bp_2025.gmt,Isoprenoid Biosynthetic Process (GO:0008299),1/4,0.2482218274225701,0.6725999495517755,5.801951516999543,8.084627616903795,IDI1
human_GO_bp_2025.gmt,Isoprenoid Metabolic Process (GO:0006720),1/3,0.19262675285006695,0.6588977933440335,8.12401280683031,13.380256287293214,IDI1
human_GO_bp_2025.gmt,Keratan Sulfate Proteoglycan Biosynthetic Process (GO:0018146),1/3,0.19262675285006695,0.6588977933440335,8.12401280683031,13.380256287293214,SLC35D2
human_GO_bp_2025.gmt,Keratan Sulfate Proteoglycan Metabolic Process (GO:0042339),1/4,0.2482218274225701,0.6725999495517755,5.801951516999543,8.084627616903795,SLC35D2
human_GO_bp_2025.gmt,Ketone Biosynthetic Process (GO:0042181),1/3,0.19262675285006695,0.6588977933440335,8.12401280683031,13.380256287293214,CYP11B1
human_GO_bp_2025.gmt,Ketone Body Metabolic Process (GO:1902224),1/3,0.19262675285006695,0.6588977933440335,8.12401280683031,13.380256287293214,OXCT2
human_GO_bp_2025.gmt,Ketone Catabolic Process (GO:0042182),1/2,0.1329297557015066,0.6579351544822044,13.542155816435432,27.32718265313555,HSD17B6
human_GO_bp_2025.gmt,Kidney Development (GO:0001822),1/16,0.6809154831081293,0.8157667157041159,1.3076393431335422,0.5025481439464183,PYGO1
human_GO_bp_2025.gmt,L-amino Acid Catabolic Process (GO:0170035),1/7,0.39311349314694843,0.7187522822462863,3.1226500287332732,2.9154838148419593,SBDS
human_GO_bp_2025.gmt,L-fucose Catabolic Process (GO:0042355),2/6,0.05891700215298481,0.6109842574255044,7.5359477124183005,21.338982226404713,FUT6;FUT5
human_GO_bp_2025.gmt,L-fucose Metabolic Process (GO:0042354),2/6,0.05891700215298481,0.6109842574255044,7.5359477124183005,21.338982226404713,FUT6;FUT5
human_GO_bp_2025.gmt,L-serine Metabolic Process (GO:0006563),1/7,0.39311349314694843,0.7187522822462863,3.1226500287332732,2.9154838148419593,SBDS
human_GO_bp_2025.gmt,Lamellipodium Assembly (GO:0030032),1/15,0.6572739920461566,0.8066731524173242,1.3980421742170537,0.5866944272638178,RNASE1
human_GO_bp_2025.gmt,Lamellipodium Organization (GO:0097581),1/19,0.7425141714316145,0.8535646780093632,1.0950705240993395,0.32601708397466006,RNASE1
human_GO_bp_2025.gmt,Late Endosome to Vacuole Transport via Multivesicular Body Sorting Pathway (GO:0032511),1/13,0.604619241524603,0.781697700124157,1.6222411953041622,0.8162409942227296,VPS37A
human_GO_bp_2025.gmt,Leukocyte Aggregation (GO:0070486),1/2,0.1329297557015066,0.6579351544822044,13.542155816435432,27.32718265313555,S100A8
human_GO_bp_2025.gmt,Leukocyte Cell-Cell Adhesion (GO:0007159),1/12,0.575338714803466,0.772372521243009,1.763584056424296,0.9749028158966704,F11R
human_GO_bp_2025.gmt,Linoleic Acid Metabolic Process (GO:0043651),2/7,0.07880391718882125,0.6275393707172644,6.164803111327175,15.663485958255082,FADS2;CYP2J2
human_GO_bp_2025.gmt,Lipid Biosynthetic Process (GO:0008610),1/32,0.8984687566970927,0.9417105685167388,0.6418153173756163,0.06871489545561738,IDI1
human_GO_bp_2025.gmt,Lipid Catabolic Process (GO:0016042),2/10,0.14751727516907936,0.6588977933440335,3.9871028625353886,7.630557290553867,CES1;CYP3A4
human_GO_bp_2025.gmt,Lipid Droplet Organization (GO:0034389),1/13,0.604619241524603,0.781697700124157,1.6222411953041622,0.8162409942227296,PPIA
human_GO_bp_2025.gmt,Lipid Hydroxylation (GO:0002933),1/1,0.06882888171411798,0.6109842574255044,40.63287086446105,108.73891905550649,CYP3A4
human_GO_bp_2025.gmt,Lipid Metabolic Process (GO:0006629),13/72,0.001096016788247504,0.12053938026896488,3.124531740407006,21.29703572362994,CYP3A4;CYP2A6;CEL;NAAA;FADS2;CYP2J2;HSD17B6;RDH16;SDR9C7;UGT2B17;UGT1A1;CES1;APOL2
human_GO_bp_2025.gmt,Lipid Modification (GO:0030258),1/15,0.6572739920461566,0.8066731524173242,1.3980421742170537,0.5866944272638178,CYP3A4
human_GO_bp_2025.gmt,Lipid Translocation (GO:0034204),1/15,0.6572739920461566,0.8066731524173242,1.3980421742170537,0.5866944272638178,VDAC2
human_GO_bp_2025.gmt,Lipid Transport (GO:0006869),2/44,0.8164694575885985,0.8975211087345222,0.7931424976407675,0.16082215224903118,CEACAM1;APOL2
human_GO_bp_2025.gmt,Lipopolysaccharide-Mediated Signaling Pathway (GO:0031663),1/5,0.29999627131960604,0.6915159365043801,4.511917467093561,5.432282004419637,PLCG2
human_GO_bp_2025.gmt,Long-Chain Fatty Acid Biosynthetic Process (GO:0042759),1/7,0.39311349314694843,0.7187522822462863,3.1226500287332732,2.9154838148419593,CYP3A4
human_GO_bp_2025.gmt,Long-Chain Fatty Acid Metabolic Process (GO:0001676),3/28,0.30271462934732557,0.6915159365043801,1.85963474350083,2.2221979377147196,FADS2;CYP2J2;CYP3A4
human_GO_bp_2025.gmt,Lymphocyte Chemotaxis (GO:0048247),1/2,0.1329297557015066,0.6579351544822044,13.542155816435432,27.32718265313555,CCL3
human_GO_bp_2025.gmt,Lymphocyte Differentiation (GO:0030098),2/22,0.45327120431916695,0.7267440362720797,1.6500586931003,1.3056331103288843,PTPN2;PLCG2
human_GO_bp_2025.gmt,Lymphocyte Mediated Immunity (GO:0002449),1/5,0.29999627131960604,0.6915159365043801,4.511917467093561,5.432282004419637,SCART1
human_GO_bp_2025.gmt,Lymphocyte Migration (GO:0072676),1/3,0.19262675285006695,0.6588977933440335,8.12401280683031,13.380256287293214,CCL3
human_GO_bp_2025.gmt,Lysosomal Transport (GO:0007041),1/28,0.8647802473036128,0.9216929064510891,0.7356359755505967,0.10687308689433113,RAB7A
human_GO_bp_2025.gmt,Lysosome Localization (GO:0032418),1/16,0.6809154831081293,0.8157667157041159,1.3076393431335422,0.5025481439464183,MYH9
human_GO_bp_2025.gmt,MAPK Cascade (GO:0000165),3/44,0.5920267368735206,0.781697700124157,1.139774532212451,0.5974737778883177,LGALS9;ZFP36L2;CCL3
human_GO_bp_2025.gmt,Macroautophagy (GO:0016236),9/81,0.1031972800101685,0.6579351544822044,1.7851136321090268,4.054194388584486,UBQLN1;ATG12;RAB7A;VPS37A;BNIP3;SNX14;ARMC3;RAB2A;PDCD6IP
human_GO_bp_2025.gmt,Macromolecule Biosynthetic Process (GO:0009059),11/107,0.11691599427523999,0.6579351544822044,1.6243382057961024,3.486316440903029,RPL22;RPS27;EIF4EBP2;RPL35;RPS7;RPL9;RPL26;RPL23A;RPL10A;EEF1A1;RPL7
human_GO_bp_2025.gmt,Macromolecule Glycosylation (GO:0043413),3/25,0.24526494715798944,0.6725999495517755,2.108586399904728,2.9634415609628655,FUT3;FUT6;FUT5
human_GO_bp_2025.gmt,Macromolecule Modification (GO:0043412),2/33,0.6737885886802788,0.8157667157041159,1.071980307274425,0.42325950810842317,UBE2D2;FUT3
human_GO_bp_2025.gmt,Macrophage Activation (GO:0042116),2/12,0.19801100512773262,0.6611611074111686,3.2266361089890503,5.225319923868167,IFNG;PLCG2
human_GO_bp_2025.gmt,Macrophage Activation Involved in Immune Response (GO:0002281),2/4,0.025841529132557717,0.44429295701590465,13.56898395721925,49.60511738419774,IFNG;PLCG2
human_GO_bp_2025.gmt,Macrophage Chemotaxis (GO:0048246),3/5,0.0029177450797546844,0.21995309062766083,19.037299035369774,111.11965207371759,SFTPD;CXCL17;CCL3
human_GO_bp_2025.gmt,Macrophage Differentiation (GO:0030225),1/9,0.4738667746712847,0.7267440362720797,2.3871555025425324,1.7827971069314716,IFNG
human_GO_bp_2025.gmt,Macrophage Migration (GO:1905517),3/6,0.00553815119730964,0.29337233369532145,13.595927116827438,70.64572283223943,SFTPD;CXCL17;CCL3
human_GO_bp_2025.gmt,Maintenance of Blood-Brain Barrier (GO:0035633),2/12,0.19801100512773262,0.6611611074111686,3.2266361089890503,5.225319923868167,F11R;GJA1
human_GO_bp_2025.gmt,Malate Metabolic Process (GO:0006108),2/3,0.013535761404385824,0.351165908645752,22.618538324420676,97.3144539878744,PCDHB11;PCDHB16
human_GO_bp_2025.gmt,Male Gamete Generation (GO:0048232),1/13,0.604619241524603,0.781697700124157,1.6222411953041622,0.8162409942227296,PRDM9
human_GO_bp_2025.gmt,Male Gonad Development (GO:0008584),2/19,0.37986896542989435,0.7187522822462863,1.933842627960275,1.8718221938477368,CSDE1;ADAM20
human_GO_bp_2025.gmt,Mast Cell Mediated Immunity (GO:0002448),1/3,0.19262675285006695,0.6588977933440335,8.12401280683031,13.380256287293214,SERPINB9
human_GO_bp_2025.gmt,Maturation of LSU-rRNA (GO:0000470),2/15,0.2764372417768016,0.6915159365043801,2.508417508417508,3.225251635727764,RPL35;RPL7
human_GO_bp_2025.gmt,Maturation of LSU-rRNA Frm Tricistronic rRNA Trnscpt (GO:0000463),2/8,0.10041356630714114,0.6579351544822044,5.215549156725627,11.987720466033037,RPL35;RPL7
human_GO_bp_2025.gmt,Maturation of SSU-rRNA (GO:0030490),2/24,0.49936693914536984,0.737352910867403,1.50291146761735,1.0436429208959674,NOL11;TSR1
human_GO_bp_2025.gmt,Maturation of SSU-rRNA Frm Tricistronic rRNA Trnscpt (GO:0000462),1/16,0.6809154831081293,0.8157667157041159,1.3076393431335422,0.5025481439464183,TSR1
human_GO_bp_2025.gmt,Medium-Chain Fatty Acid Metabolic Process (GO:0051791),1/4,0.2482218274225701,0.6725999495517755,5.801951516999543,8.084627616903795,CES1
human_GO_bp_2025.gmt,Melanosome Localization (GO:0032400),2/8,0.10041356630714114,0.6579351544822044,5.215549156725627,11.987720466033037,SHROOM2;GPR143
human_GO_bp_2025.gmt,Melanosome Organization (GO:0032438),2/14,0.2501660016445124,0.6725999495517755,2.70951871657754,3.754391976944623,SHROOM2;GPR143
human_GO_bp_2025.gmt,Melanosome Transport (GO:0032402),1/6,0.3482121251529303,0.7014344967109387,3.6909867080624816,3.8937821774217376,GPR143
human_GO_bp_2025.gmt,Membrane Depolarization (GO:0051899),1/10,0.5101278301715297,0.737352910867403,2.135538954108858,1.437418322826163,YWHAH
human_GO_bp_2025.gmt,Membrane Depolarization During Action Potential (GO:0086010),1/7,0.39311349314694843,0.7187522822462863,3.1226500287332732,2.9154838148419593,YWHAH
human_GO_bp_2025.gmt,Membrane Fission (GO:0090148),3/28,0.30271462934732557,0.6915159365043801,1.85963474350083,2.2221979377147196,VPS37A;TMCC1;EXOC5
human_GO_bp_2025.gmt,Membrane Fusion (GO:0061025),1/15,0.6572739920461566,0.8066731524173242,1.3980421742170537,0.5866944272638178,NAPSA
human_GO_bp_2025.gmt,Membrane Invagination (GO:0010324),1/4,0.2482218274225701,0.6725999495517755,5.801951516999543,8.084627616903795,SNX3
human_GO_bp_2025.gmt,Membrane Lipid Biosynthetic Process (GO:0046467),1/20,0.7602861881495797,0.8628609894459619,1.0387488711928412,0.2846798825555806,ABCG2
human_GO_bp_2025.gmt,Membrane Organization (GO:0061024),8/78,0.166371071037233,0.6588977933440335,1.6394811860799274,2.9404662622181563,SNX3;TMCC1;PRKCI;NAPSA;VPS37A;EXOC5;IST1;PDCD6IP
human_GO_bp_2025.gmt,Membrane Protein Ectodomain Proteolysis (GO:0006509),1/9,0.4738667746712847,0.7267440362720797,2.3871555025425324,1.7827971069314716,MYH9
human_GO_bp_2025.gmt,Membrane Protein Proteolysis (GO:0033619),2/13,0.22397239414982065,0.6725999495517755,2.9455940478958382,4.407293472994908,NAPSA;MYH9
human_GO_bp_2025.gmt,Membraneless Organelle Assembly (GO:0140694),6/76,0.4260571011516888,0.7199817787864567,1.2483111080508313,1.0650364447469676,EIF1AX;HAUS4;EIF5B;EIF4ENIF1;CSDE1;DDX6
human_GO_bp_2025.gmt,Memory (GO:0007613),1/22,0.7922417435473148,0.8817682097403391,0.9418232359584027,0.21933999092617165,EIF4EBP2
human_GO_bp_2025.gmt,Metal Ion Transport (GO:0030001),1/56,0.9818717609540771,0.9914830764914946,0.3628890363148634,0.00663889844708671,CCL3
human_GO_bp_2025.gmt,Metaphase Chromosome Alignment (GO:0051310),3/33,0.3990055260534435,0.7199817787864567,1.5535466413648902,1.4273676024640933,NDC80;CCNB1;PDCD6IP
human_GO_bp_2025.gmt,Microglial Cell Activation (GO:0001774),1/5,0.29999627131960604,0.6915159365043801,4.511917467093561,5.432282004419637,IFNG
human_GO_bp_2025.gmt,Microtubule Bundle Formation (GO:0001578),1/20,0.7602861881495797,0.8628609894459619,1.0387488711928412,0.2846798825555806,CFAP206
human_GO_bp_2025.gmt,Microtubule Cytoskeleton Organization Involved in Mitosis (GO:1902850),3/29,0.32205325832356896,0.7014344967109387,1.7891767275374628,2.027205844712142,NDC80;SBDS;CCNB1
human_GO_bp_2025.gmt,Microtubule Nucleation (GO:0007020),1/12,0.575338714803466,0.772372521243009,1.763584056424296,0.9749028158966704,TPX2
human_GO_bp_2025.gmt,Microtubule Polymerization (GO:0046785),1/18,0.7234275816420505,0.8445015247280636,1.1578289373380088,0.3748527135588553,TPX2
human_GO_bp_2025.gmt,Microtubule-Based Transport (GO:0099111),2/9,0.12341571831772508,0.6579351544822044,4.519429590017825,9.455536119984815,KIFBP;GJA1
human_GO_bp_2025.gmt,Midbody Abscission (GO:0061952),2/14,0.2501660016445124,0.6725999495517755,2.70951871657754,3.754391976944623,IST1;PDCD6IP
human_GO_bp_2025.gmt,Mitochondrial DNA Metabolic Process (GO:0032042),1/6,0.3482121251529303,0.7014344967109387,3.6909867080624816,3.8937821774217376,RRM1
human_GO_bp_2025.gmt,Mitochondrial DNA Replication (GO:0006264),1/4,0.2482218274225701,0.6725999495517755,5.801951516999543,8.084627616903795,RRM1
human_GO_bp_2025.gmt,Mitochondrial Fragmentation Involved in Apoptotic Process (GO:0043653),1/3,0.19262675285006695,0.6588977933440335,8.12401280683031,13.380256287293214,BNIP3
human_GO_bp_2025.gmt,Mitochondrial Membrane Organization (GO:0007006),1/12,0.575338714803466,0.772372521243009,1.763584056424296,0.9749028158966704,BNIP3
human_GO_bp_2025.gmt,Mitochondrial Outer Membrane Permeabilization (GO:0097345),3/4,0.0012299936762139273,0.12053938026896488,31.73383351196856,212.6403659320245,RHOT1;VDAC2;BNIP3
human_GO_bp_2025.gmt,Mitochondrial Protein Catabolic Process (GO:0035694),1/4,0.2482218274225701,0.6725999495517755,5.801951516999543,8.084627616903795,BNIP3
human_GO_bp_2025.gmt,Mitochondrial Proton-Transporting ATP Synthase Complex Assembly (GO:0033615),1/5,0.29999627131960604,0.6915159365043801,4.511917467093561,5.432282004419637,TMEM242
human_GO_bp_2025.gmt,Mitochondrial Respiratory Chain Complex Assembly (GO:0033108),2/43,0.8062675157379131,0.8891519390841401,0.8123832227304941,0.17493834822596876,NDUFAF5;TMEM242
human_GO_bp_2025.gmt,Mitochondrial Respiratory Chain Complex I Assembly (GO:0032981),1/16,0.6809154831081293,0.8157667157041159,1.3076393431335422,0.5025481439464183,NDUFAF5
human_GO_bp_2025.gmt,Mitochondrial Translation (GO:0032543),1/55,0.9805200687263287,0.9914830764914946,0.3696062976706843,0.0072709563336878355,GFM1
human_GO_bp_2025.gmt,Mitochondrial Transport (GO:0006839),1/25,0.8323820311775121,0.9038608205584064,0.8261058959336136,0.15156050329317153,BNIP3
human_GO_bp_2025.gmt,Mitochondrion Organization (GO:0007005),3/54,0.7287682779955388,0.8492186830387967,0.9170022580880134,0.2901390195845516,RHOT1;CHCHD2;BNIP3
human_GO_bp_2025.gmt,Mitochondrion Transport Along Microtubule (GO:0047497),3/8,0.013974969833861558,0.351165908645752,8.64922537269804,36.936408134068955,KIFBP;RHOT1;HSBP1
human_GO_bp_2025.gmt,Mitophagy (GO:0000423),1/28,0.8647802473036128,0.9216929064510891,0.7356359755505967,0.10687308689433113,BNIP3
human_GO_bp_2025.gmt,Mitotic Cell Cycle Checkpoint Signaling (GO:0007093),2/18,0.35446039520434314,0.7103705261763932,2.0513693080538,2.1275954414920366,CHFR;SERPINA2
human_GO_bp_2025.gmt,Mitotic Cell Cycle Phase Transition (GO:0044772),3/55,0.7402391517369733,0.8535646780093632,0.8993926402286531,0.27052108740789277,KHDRBS1;CUL2;CCNB1
human_GO_bp_2025.gmt,Mitotic Cytokinesis (GO:0000281),4/37,0.248473806795283,0.6725999495517755,1.8215848790419547,2.53640729039645,PDCD6IP;ECT2;EXOC5;USP8
human_GO_bp_2025.gmt,Mitotic Cytokinetic Process (GO:1902410),2/15,0.2764372417768016,0.6915159365043801,2.508417508417508,3.225251635727764,IST1;PDCD6IP
human_GO_bp_2025.gmt,Mitotic DNA Damage Checkpoint Signaling (GO:0044773),1/33,0.9054900119476181,0.9465388924892435,0.6219686396847549,0.06174844457388425,SDE2
human_GO_bp_2025.gmt,Mitotic DNA Replication (GO:1902969),1/6,0.3482121251529303,0.7014344967109387,3.6909867080624816,3.8937821774217376,MCM6
human_GO_bp_2025.gmt,Mitotic G1 DNA Damage Checkpoint Signaling (GO:0031571),1/9,0.4738667746712847,0.7267440362720797,2.3871555025425324,1.7827971069314716,SDE2
human_GO_bp_2025.gmt,Mitotic G1/S Transition Checkpoint Signaling (GO:0044819),1/9,0.4738667746712847,0.7267440362720797,2.3871555025425324,1.7827971069314716,SDE2
human_GO_bp_2025.gmt,Mitotic G2/M Transition Checkpoint (GO:0044818),2/27,0.563653015860974,0.772372521243009,1.3254692251232043,0.7599132933871644,CHFR;SERPINA2
human_GO_bp_2025.gmt,Mitotic Metaphase Chromosome Alignment (GO:0007080),3/34,0.4179295328734895,0.7199817787864567,1.5039895200666904,1.312144290097482,NDC80;CCNB1;PDCD6IP
human_GO_bp_2025.gmt,Mitotic Nuclear Division (GO:0140014),2/28,0.5837251994389475,0.7772427927312073,1.2752497225305217,0.6864987505186478,CENPI;NDC80
human_GO_bp_2025.gmt,Mitotic Recombination (GO:0006312),3/9,0.019906034270097465,0.42874535350979154,7.317421056970896,28.660379871657998,TEP1;RAD51;RAD54B
human_GO_bp_2025.gmt,Mitotic Sister Chromatid Segregation (GO:0000070),5/68,0.5068464399377854,0.737352910867403,1.1714823322004018,0.7960775399561069,NDC80;CENPI;PDCD6IP;TPX2;CCNB1
human_GO_bp_2025.gmt,Mitotic Spindle Assembly (GO:0090307),1/25,0.8323820311775121,0.9038608205584064,0.8261058959336136,0.15156050329317153,TPX2
human_GO_bp_2025.gmt,Mitotic Spindle Assembly Checkpoint Signaling (GO:0007094),1/12,0.575338714803466,0.772372521243009,1.763584056424296,0.9749028158966704,NDC80
human_GO_bp_2025.gmt,Mitotic Spindle Checkpoint Signaling (GO:0071174),1/12,0.575338714803466,0.772372521243009,1.763584056424296,0.9749028158966704,NDC80
human_GO_bp_2025.gmt,Mitotic Spindle Organization (GO:0007052),4/48,0.42303609881946036,0.7199817787864567,1.3689158691270713,1.177675260736981,NDC80;SBDS;TPX2;CCNB1
human_GO_bp_2025.gmt,Modification-Dependent Protein Catabolic Process (GO:0019941),4/100,0.9209594352458701,0.9545639836498707,0.6260525480985959,0.05154872102764068,UBE2D2;CHFR;UBQLN1;UBE3A
human_GO_bp_2025.gmt,Modulation by Host of Viral Genome Replication (GO:0044827),1/11,0.543894738997155,0.7549813657467591,1.9318493672815977,1.1764953863382994,EEF1A1
human_GO_bp_2025.gmt,Modulation by Symbiont of Entry Into Host (GO:0052372),2/5,0.04112405183442642,0.5716534864927361,9.690603514132926,30.924286911029,TRIM38;TRIM5
human_GO_bp_2025.gmt,Modulation of Chemical Synaptic Transmission (GO:0050804),2/55,0.9006464671996474,0.9429845489910837,0.6289669648658104,0.06581666091639628,EIF4EBP2;PLCL1
human_GO_bp_2025.gmt,Monoatomic Anion Transport (GO:0006820),1/15,0.6572739920461566,0.8066731524173242,1.3980421742170537,0.5866944272638178,VDAC2
human_GO_bp_2025.gmt,Monoatomic Cation Homeostasis (GO:0055080),2/28,0.5837251994389475,0.7772427927312073,1.2752497225305217,0.6864987505186478,XIAP;MINPP1
human_GO_bp_2025.gmt,Monoatomic Cation Transmembrane Transport (GO:0098655),1/89,0.9983211604151777,0.9999006927211501,0.2263806233380967,0.00038037613637016525,TRPV2
human_GO_bp_2025.gmt,Monoatomic Ion Transport (GO:0006811),1/22,0.7922417435473148,0.8817682097403391,0.9418232359584027,0.21933999092617165,VDAC2
human_GO_bp_2025.gmt,Monocarboxylic Acid Biosynthetic Process (GO:0072330),1/15,0.6572739920461566,0.8066731524173242,1.3980421742170537,0.5866944272638178,SBDS
human_GO_bp_2025.gmt,Monocarboxylic Acid Metabolic Process (GO:0032787),7/40,0.017937868139818486,0.41345571935204245,3.055667607906414,12.286354401434105,CYP3A4;NAAA;ADH7;PCDHB11;CYP2J2;PCDHB16;UGT1A1
human_GO_bp_2025.gmt,Monocarboxylic Acid Transport (GO:0015718),3/23,0.20802661807548062,0.6725999495517755,2.315034114971375,3.6348101447776218,CEACAM1;SLC22A13;ABCG2
human_GO_bp_2025.gmt,Monocyte Chemotaxis (GO:0002548),1/8,0.434927768409778,0.7199817787864567,2.7058697972251866,2.2528403887996764,CCL3
human_GO_bp_2025.gmt,Monocyte Differentiation (GO:0030224),2/5,0.04112405183442642,0.5716534864927361,9.690603514132926,30.924286911029,THOC5;MYH9
human_GO_bp_2025.gmt,Mononuclear Cell Differentiation (GO:1903131),3/14,0.0668107491816706,0.6109842574255044,4.132671606319027,11.182560126664928,THOC5;IFNG;MYH9
human_GO_bp_2025.gmt,Monoterpenoid Metabolic Process (GO:0016098),1/1,0.06882888171411798,0.6109842574255044,40.63287086446105,108.73891905550649,CYP3A4
human_GO_bp_2025.gmt,Motor Neuron Axon Guidance (GO:0008045),1/6,0.3482121251529303,0.7014344967109387,3.6909867080624816,3.8937821774217376,RNASE1
human_GO_bp_2025.gmt,Multicellular Organismal-Level Water Homeostasis (GO:0050891),1/4,0.2482218274225701,0.6725999495517755,5.801951516999543,8.084627616903795,GNAS
human_GO_bp_2025.gmt,Multivesicular Body Assembly (GO:0036258),3/20,0.15507697018644415,0.6588977933440335,2.7131832797427653,5.056922440478083,VPS37A;IST1;PDCD6IP
human_GO_bp_2025.gmt,Multivesicular Body Organization (GO:0036257),3/20,0.15507697018644415,0.6588977933440335,2.7131832797427653,5.056922440478083,VPS37A;IST1;PDCD6IP
human_GO_bp_2025.gmt,Myeloid Cell Activation Involved in Immune Response (GO:0002275),2/5,0.04112405183442642,0.5716534864927361,9.690603514132926,30.924286911029,IFNG;PLCG2
human_GO_bp_2025.gmt,Myeloid Cell Differentiation (GO:0030099),1/18,0.7234275816420505,0.8445015247280636,1.1578289373380088,0.3748527135588553,PTPN2
human_GO_bp_2025.gmt,Myeloid Leukocyte Differentiation (GO:0002573),4/24,0.07872940603781137,0.6275393707172644,2.982866574100757,7.581666949286709,THOC5;IFNG;MYH9;LGALS9
human_GO_bp_2025.gmt,Myeloid Leukocyte Mediated Immunity (GO:0002444),1/2,0.1329297557015066,0.6579351544822044,13.542155816435432,27.32718265313555,SERPINB9
human_GO_bp_2025.gmt,Myofibril Assembly (GO:0030239),1/14,0.6318848753615329,0.7939066382747465,1.5018380173129373,0.6894158292825293,KRT19
human_GO_bp_2025.gmt,N-acylphosphatidylethanolamine Metabolic Process (GO:0070292),1/3,0.19262675285006695,0.6588977933440335,8.12401280683031,13.380256287293214,NAAA
human_GO_bp_2025.gmt,N-terminal Protein Amino Acid Acetylation (GO:0006474),1/8,0.434927768409778,0.7199817787864567,2.7058697972251866,2.2528403887996764,NAA16
human_GO_bp_2025.gmt,N-terminal Protein Amino Acid Modification (GO:0031365),1/9,0.4738667746712847,0.7267440362720797,2.3871555025425324,1.7827971069314716,NAA16
human_GO_bp_2025.gmt,NAD Biosynthesis via Nicotinamide Riboside Salvage Pathway (GO:0034356),1/3,0.19262675285006695,0.6588977933440335,8.12401280683031,13.380256287293214,SLC22A13
human_GO_bp_2025.gmt,NAD Biosynthetic Process via the Salvage Pathway (GO:0034355),1/3,0.19262675285006695,0.6588977933440335,8.12401280683031,13.380256287293214,SLC22A13
human_GO_bp_2025.gmt,NADH Dehydrogenase Complex Assembly (GO:0010257),1/16,0.6809154831081293,0.8157667157041159,1.3076393431335422,0.5025481439464183,NDUFAF5
human_GO_bp_2025.gmt,NADH Metabolic Process (GO:0006734),1/10,0.5101278301715297,0.737352910867403,2.135538954108858,1.437418322826163,PCDHB16
human_GO_bp_2025.gmt,NADP Metabolic Process (GO:0006739),1/6,0.3482121251529303,0.7014344967109387,3.6909867080624816,3.8937821774217376,PCDHB16
human_GO_bp_2025.gmt,NK T Cell Activation (GO:0051132),1/1,0.06882888171411798,0.6109842574255044,40.63287086446105,108.73891905550649,NCR3LG1
human_GO_bp_2025.gmt,Natural Killer Cell Mediated Cytotoxicity (GO:0042267),2/8,0.10041356630714114,0.6579351544822044,5.215549156725627,11.987720466033037,GZMB;GRB2
human_GO_bp_2025.gmt,Natural Killer Cell Mediated Immunity (GO:0002228),2/8,0.10041356630714114,0.6579351544822044,5.215549156725627,11.987720466033037,GZMB;GRB2
human_GO_bp_2025.gmt,Negative Regulation by Host of Viral Transcription (GO:0043922),2/8,0.10041356630714114,0.6579351544822044,5.215549156725627,11.987720466033037,CCL3;CCL4
human_GO_bp_2025.gmt,Negative Regulation of ATP Metabolic Process (GO:1903579),1/6,0.3482121251529303,0.7014344967109387,3.6909867080624816,3.8937821774217376,NUPR1
human_GO_bp_2025.gmt,Negative Regulation of ATP-dependent Activity (GO:0032780),1/2,0.1329297557015066,0.6579351544822044,13.542155816435432,27.32718265313555,UBLCP1
human_GO_bp_2025.gmt,Negative Regulation of Actin Filament Bundle Assembly (GO:0032232),1/19,0.7425141714316145,0.8535646780093632,1.0950705240993395,0.32601708397466006,F11R
human_GO_bp_2025.gmt,Negative Regulation of Activated T Cell Proliferation (GO:0046007),1/3,0.19262675285006695,0.6588977933440335,8.12401280683031,13.380256287293214,LGALS9
human_GO_bp_2025.gmt,Negative Regulation of Alpha-Beta T Cell Proliferation (GO:0046642),1/3,0.19262675285006695,0.6588977933440335,8.12401280683031,13.380256287293214,LGALS9
human_GO_bp_2025.gmt,Negative Regulation of Amyloid-Beta Clearance (GO:1900222),1/2,0.1329297557015066,0.6579351544822044,13.542155816435432,27.32718265313555,IFNG
human_GO_bp_2025.gmt,Negative Regulation of Antigen Receptor-Mediated Signaling Pathway (GO:0050858),3/9,0.019906034270097465,0.42874535350979154,7.317421056970896,28.660379871657998,CEACAM1;GBP1;PTPN2
human_GO_bp_2025.gmt,Negative Regulation of Apoptotic Process (GO:0043066),14/178,0.3410929870047439,0.7014344967109387,1.1962104504552598,1.286644139592048,ARF4;NAA16;SERPINB9;PRKCI;MAGEA4;ASNS;BIRC2;NUPR1;BNIP3;PRDM9;PTMS;XIAP;CASP2;SOD2
human_GO_bp_2025.gmt,Negative Regulation of Autophagosome Assembly (GO:1902902),1/6,0.3482121251529303,0.7014344967109387,3.6909867080624816,3.8937821774217376,NUPR1
human_GO_bp_2025.gmt,Negative Regulation of Autophagy (GO:0010507),1/26,0.8439614725352593,0.9128943080403468,0.7935840291292611,0.1346302878550709,NUPR1
human_GO_bp_2025.gmt,Negative Regulation of Binding (GO:0051100),2/26,0.5428959972338279,0.7549813657467591,1.3797882789479428,0.8428264380643381,IFIT1;DDX11
human_GO_bp_2025.gmt,Negative Regulation of Biomineral Tissue Development (GO:0070168),1/5,0.29999627131960604,0.6915159365043801,4.511917467093561,5.432282004419637,CCL3
human_GO_bp_2025.gmt,Negative Regulation of Biosynthetic Process (GO:0009890),1/12,0.575338714803466,0.772372521243009,1.763584056424296,0.9749028158966704,CEACAM1
human_GO_bp_2025.gmt,Negative Regulation of Bone Mineralization (GO:0030502),2/4,0.025841529132557717,0.44429295701590465,13.56898395721925,49.60511738419774,RFLNB;CCL3
human_GO_bp_2025.gmt,"Negative Regulation of CD4-positive, Alpha-Beta T Cell Activation (GO:2000515)",1/3,0.19262675285006695,0.6588977933440335,8.12401280683031,13.380256287293214,LGALS9
human_GO_bp_2025.gmt,"Negative Regulation of CD4-positive, Alpha-Beta T Cell Proliferation (GO:2000562)",1/2,0.1329297557015066,0.6579351544822044,13.542155816435432,27.32718265313555,LGALS9
human_GO_bp_2025.gmt,Negative Regulation of Calcium Ion Transmembrane Transporter Activity (GO:1901020),1/6,0.3482121251529303,0.7014344967109387,3.6909867080624816,3.8937821774217376,UBQLN1
human_GO_bp_2025.gmt,Negative Regulation of Carbohydrate Metabolic Process (GO:0045912),1/9,0.4738667746712847,0.7267440362720797,2.3871555025425324,1.7827971069314716,NUPR1
human_GO_bp_2025.gmt,Negative Regulation of Cardiac Muscle Cell Apoptotic Process (GO:0010667),1/2,0.1329297557015066,0.6579351544822044,13.542155816435432,27.32718265313555,NUPR1
human_GO_bp_2025.gmt,Negative Regulation of Catabolic Process (GO:0009895),4/52,0.48516324878056694,0.737352910867403,1.2552183108729114,0.9078615584888429,RPS7;NUPR1;SNX3;CST3
human_GO_bp_2025.gmt,Negative Regulation of Catalytic Activity (GO:0043086),2/8,0.10041356630714114,0.6579351544822044,5.215549156725627,11.987720466033037,IFIT1;SERPINB3
human_GO_bp_2025.gmt,Negative Regulation of Cation Channel Activity (GO:2001258),1/8,0.434927768409778,0.7199817787864567,2.7058697972251866,2.2528403887996764,UBQLN1
human_GO_bp_2025.gmt,Negative Regulation of Cell Cycle (GO:0045786),2/25,0.5214627645355767,0.748767046512623,1.4387302309705314,0.9367822984975749,IPO5;NUPR1
human_GO_bp_2025.gmt,Negative Regulation of Cell Cycle G1/S Phase Transition (GO:1902807),1/16,0.6809154831081293,0.8157667157041159,1.3076393431335422,0.5025481439464183,CRLF3
human_GO_bp_2025.gmt,Negative Regulation of Cell Cycle Phase Transition (GO:1901988),1/5,0.29999627131960604,0.6915159365043801,4.511917467093561,5.432282004419637,ZFP36L2
human_GO_bp_2025.gmt,Negative Regulation of Cell Development (GO:0010721),1/7,0.39311349314694843,0.7187522822462863,3.1226500287332732,2.9154838148419593,RFLNB
human_GO_bp_2025.gmt,Negative Regulation of Cell Differentiation (GO:0045596),3/67,0.8496111554427705,0.9179922076448899,0.7306679295761775,0.11908170062000274,BMP8B;ZFP36L2;IFNG
human_GO_bp_2025.gmt,Negative Regulation of Cell Growth (GO:0030308),3/40,0.5263050047820993,0.7540627261497913,1.2621507681314754,0.8101422383484979,WFDC1;GJA1;CRLF3
human_GO_bp_2025.gmt,Negative Regulation of Cell Migration (GO:0030336),2/72,0.9634434354647492,0.9819808286588186,0.476011681268252,0.017727389125400467,RNASE1;GJA1
human_GO_bp_2025.gmt,Negative Regulation of Cell Population Proliferation (GO:0008285),7/120,0.7287571084946818,0.8492186830387967,0.8904631503750446,0.28175570805582456,GML;IFNG;NUPR1;CD33;PTPN2;CCL3L1;SOD2
human_GO_bp_2025.gmt,Negative Regulation of Cell Projection Organization (GO:0031345),1/22,0.7922417435473148,0.8817682097403391,0.9418232359584027,0.21933999092617165,YWHAH
human_GO_bp_2025.gmt,Negative Regulation of Cell-Substrate Adhesion (GO:0010812),1/19,0.7425141714316145,0.8535646780093632,1.0950705240993395,0.32601708397466006,GBP1
human_GO_bp_2025.gmt,Negative Regulation of Cellular Process (GO:0048523),13/166,0.3553126009231578,0.7113510702853824,1.1930279602270497,1.2344944040685064,GJA1;CRLF3;GML;NUPR1;CD33;BNIP3;WFDC1;PTPN2;BMP8B;MYH9;IPO5;CCL3L1;SOD2
human_GO_bp_2025.gmt,Negative Regulation of Cellular Response to Insulin Stimulus (GO:1900077),1/13,0.604619241524603,0.781697700124157,1.6222411953041622,0.8162409942227296,PTPN2
human_GO_bp_2025.gmt,Negative Regulation of Chemokine Production (GO:0032682),1/5,0.29999627131960604,0.6915159365043801,4.511917467093561,5.432282004419637,LGALS9
human_GO_bp_2025.gmt,Negative Regulation of Chemotaxis (GO:0050922),1/5,0.29999627131960604,0.6915159365043801,4.511917467093561,5.432282004419637,PTPN2
human_GO_bp_2025.gmt,Negative Regulation of Cholesterol Storage (GO:0010887),1/2,0.1329297557015066,0.6579351544822044,13.542155816435432,27.32718265313555,CES1
human_GO_bp_2025.gmt,Negative Regulation of Chondrocyte Differentiation (GO:0032331),1/6,0.3482121251529303,0.7014344967109387,3.6909867080624816,3.8937821774217376,RFLNB
human_GO_bp_2025.gmt,Negative Regulation of Cilium Assembly (GO:1902018),1/12,0.575338714803466,0.772372521243009,1.763584056424296,0.9749028158966704,WDR44
human_GO_bp_2025.gmt,Negative Regulation of Cold-Induced Thermogenesis (GO:0120163),2/16,0.3026516261165659,0.6915159365043801,2.3350543979347225,2.790793698448824,ALDH1A1;PLCL1
human_GO_bp_2025.gmt,Negative Regulation of Cytokine Production (GO:0001818),9/56,0.013374166639591546,0.351165908645752,2.7355048859934854,11.802145153513267,CEACAM1;LILRA5;ATG12;SFTPD;RNASE1;IFNG;CD33;LGALS9;GBP1
human_GO_bp_2025.gmt,Negative Regulation of Cytokine-Mediated Signaling Pathway (GO:0001960),3/26,0.2642639721565657,0.6915159365043801,2.018540056099063,2.686286794104119,PTPN2;XIAP;SAMHD1
human_GO_bp_2025.gmt,Negative Regulation of DNA Metabolic Process (GO:0051053),1/18,0.7234275816420505,0.8445015247280636,1.1578289373380088,0.3748527135588553,SERPINA2
human_GO_bp_2025.gmt,Negative Regulation of DNA Recombination (GO:0045910),1/17,0.7029294046177333,0.8307869717971058,1.2281944309692443,0.4329370782980135,ZSCAN4
human_GO_bp_2025.gmt,Negative Regulation of DNA Replication (GO:0008156),1/7,0.39311349314694843,0.7187522822462863,3.1226500287332732,2.9154838148419593,SERPINA2
human_GO_bp_2025.gmt,Negative Regulation of DNA-binding Transcription Factor Activity (GO:0043433),2/51,0.8753537471857896,0.9294113458744029,0.6802247069626749,0.09055640504903133,NUPR1;SIVA1
human_GO_bp_2025.gmt,Negative Regulation of DNA-templated Transcription (GO:0045892),15/361,0.9905040265191518,0.9976299547674911,0.5904860327302571,0.005634032558440345,KHDRBS1;HSBP1;MAGEA11;GTF2IRD1;FRK;MAGEA4;MAGEB16;IFNG;MAGEB4;MAGEB3;TBL1X;SAP18;LARP7;L3MBTL3;MAGEA10
human_GO_bp_2025.gmt,"Negative Regulation of DNA-templated Transcription, Elongation (GO:0032785)",1/10,0.5101278301715297,0.737352910867403,2.135538954108858,1.437418322826163,LARP7
human_GO_bp_2025.gmt,Negative Regulation of Defense Response (GO:0031348),5/41,0.14839761667041745,0.6588977933440335,2.046817169736202,3.905040622953631,ATG12;DTX4;PTPN2;CXCL17;FPR2
human_GO_bp_2025.gmt,Negative Regulation of Developmental Growth (GO:0048640),1/15,0.6572739920461566,0.8066731524173242,1.3980421742170537,0.5866944272638178,GNAS
human_GO_bp_2025.gmt,Negative Regulation of Developmental Process (GO:0051093),3/39,0.5089838943549128,0.737352910867403,1.29693579409476,0.8758711986126976,BMP8B;CST3;BNIP3
human_GO_bp_2025.gmt,Negative Regulation of ERBB Signaling Pathway (GO:1901185),1/9,0.4738667746712847,0.7267440362720797,2.3871555025425324,1.7827971069314716,PTPN2
human_GO_bp_2025.gmt,Negative Regulation of ERK1 and ERK2 Cascade (GO:0070373),2/17,0.3286927389544668,0.7014344967109387,2.1840607210626186,2.430055605212287,GBP1;PTPN2
human_GO_bp_2025.gmt,Negative Regulation of Endocytosis (GO:0045806),2/14,0.2501660016445124,0.6725999495517755,2.70951871657754,3.754391976944623,RNASE1;SNX3
human_GO_bp_2025.gmt,Negative Regulation of Endopeptidase Activity (GO:0010951),2/7,0.07880391718882125,0.6275393707172644,6.164803111327175,15.663485958255082,SERPINB9;SERPINB3
human_GO_bp_2025.gmt,Negative Regulation of Epidermal Growth Factor Receptor Signaling Pathway (GO:0042059),2/13,0.22397239414982065,0.6725999495517755,2.9455940478958382,4.407293472994908,PTPN2;RAB7A
human_GO_bp_2025.gmt,Negative Regulation of Epithelial Cell Apoptotic Process (GO:1904036),1/6,0.3482121251529303,0.7014344967109387,3.6909867080624816,3.8937821774217376,NUPR1
human_GO_bp_2025.gmt,Negative Regulation of Epithelial Cell Differentiation (GO:0030857),1/6,0.3482121251529303,0.7014344967109387,3.6909867080624816,3.8937821774217376,IFNG
human_GO_bp_2025.gmt,Negative Regulation of Epithelial Cell Proliferation (GO:0050680),2/26,0.5428959972338279,0.7549813657467591,1.3797882789479428,0.8428264380643381,CEACAM1;NUPR1
human_GO_bp_2025.gmt,Negative Regulation of Establishment of Protein Localization (GO:1904950),1/5,0.29999627131960604,0.6915159365043801,4.511917467093561,5.432282004419637,SNX3
human_GO_bp_2025.gmt,Negative Regulation of Establishment of Protein Localization to Mitochondrion (GO:1903748),1/2,0.1329297557015066,0.6579351544822044,13.542155816435432,27.32718265313555,LMAN1
human_GO_bp_2025.gmt,Negative Regulation of Exocytosis (GO:0045920),1/7,0.39311349314694843,0.7187522822462863,3.1226500287332732,2.9154838148419593,RAB7A
human_GO_bp_2025.gmt,Negative Regulation of Extracellular Matrix Organization (GO:1903054),1/3,0.19262675285006695,0.6588977933440335,8.12401280683031,13.380256287293214,CST3
human_GO_bp_2025.gmt,Negative Regulation of Fat Cell Differentiation (GO:0045599),1/7,0.39311349314694843,0.7187522822462863,3.1226500287332732,2.9154838148419593,ZFP36L2
human_GO_bp_2025.gmt,Negative Regulation of Fatty Acid Biosynthetic Process (GO:0045717),1/4,0.2482218274225701,0.6725999495517755,5.801951516999543,8.084627616903795,CEACAM1
human_GO_bp_2025.gmt,Negative Regulation of Fatty Acid Metabolic Process (GO:0045922),3/8,0.013974969833861558,0.351165908645752,8.64922537269804,36.936408134068955,CEACAM1;UGT1A1;SLC22A13
human_GO_bp_2025.gmt,Negative Regulation of Fibrinolysis (GO:0051918),1/2,0.1329297557015066,0.6579351544822044,13.542155816435432,27.32718265313555,USF1
human_GO_bp_2025.gmt,Negative Regulation of Fibroblast Migration (GO:0010764),1/3,0.19262675285006695,0.6588977933440335,8.12401280683031,13.380256287293214,RNASE1
human_GO_bp_2025.gmt,Negative Regulation of G1/S Transition of Mitotic Cell Cycle (GO:2000134),1/14,0.6318848753615329,0.7939066382747465,1.5018380173129373,0.6894158292825293,CRLF3
human_GO_bp_2025.gmt,Negative Regulation of G2/M Transition of Mitotic Cell Cycle (GO:0010972),2/21,0.42933011585682956,0.7199817787864567,1.7349513231866174,1.4669519264966213,CHFR;SERPINA2
human_GO_bp_2025.gmt,Negative Regulation of Gene Expression (GO:0010629),13/169,0.3798137352670362,0.7187522822462863,1.1695915232233027,1.132251514761187,MPHOSPH8;CCL3;IFNG;EXOSC5;LGALS9;EIF4ENIF1;DHFR;SYNCRIP;ZFP36L2;CNOT10;GZMB;DDX6;ZNF410
human_GO_bp_2025.gmt,Negative Regulation of Gene Expression via Chromosomal CpG Island Methylation (GO:0044027),1/8,0.434927768409778,0.7199817787864567,2.7058697972251866,2.2528403887996764,MPHOSPH8
human_GO_bp_2025.gmt,"Negative Regulation of Gene Expression, Epigenetic (GO:0045814)",4/58,0.5727265812732016,0.772372521243009,1.1159648794331831,0.6219795065826766,H2AL3;H2AB2;H2AB1;MPHOSPH8
human_GO_bp_2025.gmt,Negative Regulation of Glial Cell Apoptotic Process (GO:0034351),1/2,0.1329297557015066,0.6579351544822044,13.542155816435432,27.32718265313555,PRKCI
human_GO_bp_2025.gmt,Negative Regulation of Glial Cell Proliferation (GO:0060253),1/1,0.06882888171411798,0.6109842574255044,40.63287086446105,108.73891905550649,RNF10
human_GO_bp_2025.gmt,Negative Regulation of Glycolytic Process (GO:0045820),1/3,0.19262675285006695,0.6588977933440335,8.12401280683031,13.380256287293214,NUPR1
human_GO_bp_2025.gmt,Negative Regulation of Granulocyte Differentiation (GO:0030853),1/2,0.1329297557015066,0.6579351544822044,13.542155816435432,27.32718265313555,CEACAM1
human_GO_bp_2025.gmt,Negative Regulation of Growth (GO:0045926),3/32,0.3799166112635073,0.7187522822462863,1.6064635674968664,1.5547410542280296,WFDC1;GJA1;CRLF3
human_GO_bp_2025.gmt,Negative Regulation of Homotypic Cell-Cell Adhesion (GO:0034111),1/4,0.2482218274225701,0.6725999495517755,5.801951516999543,8.084627616903795,CEACAM1
human_GO_bp_2025.gmt,Negative Regulation of Hormone Secretion (GO:0046888),1/3,0.19262675285006695,0.6588977933440335,8.12401280683031,13.380256287293214,GJA1
human_GO_bp_2025.gmt,Negative Regulation of Hydrolase Activity (GO:0051346),2/13,0.22397239414982065,0.6725999495517755,2.9455940478958382,4.407293472994908,CST3;SERPINB3
human_GO_bp_2025.gmt,Negative Regulation of Immune Response (GO:0050777),3/30,0.34139779883245597,0.7014344967109387,1.723842930916886,1.8526259201546544,DTX4;GNAS;ATG12
human_GO_bp_2025.gmt,Negative Regulation of Inflammatory Response (GO:0050728),5/36,0.09806223271116689,0.6579351544822044,2.3735882584106482,5.511835033773941,PTPN2;CXCL17;SIGLEC10;GNAS;FPR2
human_GO_bp_2025.gmt,Negative Regulation of Inflammatory Response to Antigenic Stimulus (GO:0002862),1/8,0.434927768409778,0.7199817787864567,2.7058697972251866,2.2528403887996764,GNAS
human_GO_bp_2025.gmt,Negative Regulation of Inflammatory Response to Wounding (GO:0106015),1/3,0.19262675285006695,0.6588977933440335,8.12401280683031,13.380256287293214,SIGLEC10
human_GO_bp_2025.gmt,Negative Regulation of Innate Immune Response (GO:0045824),4/32,0.17494349520057945,0.6588977933440335,2.142857142857143,3.7356262323539697,DTX4;PTPN2;SAMHD1;ATG12
human_GO_bp_2025.gmt,Negative Regulation of Insulin Receptor Signaling Pathway (GO:0046627),1/13,0.604619241524603,0.781697700124157,1.6222411953041622,0.8162409942227296,PTPN2
human_GO_bp_2025.gmt,Negative Regulation of Interleukin-1 Beta Production (GO:0032691),1/3,0.19262675285006695,0.6588977933440335,8.12401280683031,13.380256287293214,CD33
human_GO_bp_2025.gmt,Negative Regulation of Interleukin-1 Production (GO:0032692),2/4,0.025841529132557717,0.44429295701590465,13.56898395721925,49.60511738419774,CEACAM1;CD33
human_GO_bp_2025.gmt,Negative Regulation of Interleukin-12 Production (GO:0032695),1/3,0.19262675285006695,0.6588977933440335,8.12401280683031,13.380256287293214,LILRA5
human_GO_bp_2025.gmt,Negative Regulation of Interleukin-17 Production (GO:0032700),1/3,0.19262675285006695,0.6588977933440335,8.12401280683031,13.380256287293214,IFNG
human_GO_bp_2025.gmt,Negative Regulation of Interleukin-2 Production (GO:0032703),2/11,0.1724587419152796,0.6588977933440335,3.5668449197860963,6.2690768165601165,SFTPD;GBP1
human_GO_bp_2025.gmt,Negative Regulation of Interleukin-8 Production (GO:0032717),1/5,0.29999627131960604,0.6915159365043801,4.511917467093561,5.432282004419637,CD33
human_GO_bp_2025.gmt,Negative Regulation of Intracellular Transport (GO:0032387),1/2,0.1329297557015066,0.6579351544822044,13.542155816435432,27.32718265313555,SNX3
human_GO_bp_2025.gmt,Negative Regulation of Intrinsic Apoptotic Signaling Pathway (GO:2001243),2/21,0.42933011585682956,0.7199817787864567,1.7349513231866174,1.4669519264966213,PPIA;SOD2
human_GO_bp_2025.gmt,Negative Regulation of Ion Transmembrane Transporter Activity (GO:0032413),1/7,0.39311349314694843,0.7187522822462863,3.1226500287332732,2.9154838148419593,TCAF2
human_GO_bp_2025.gmt,Negative Regulation of JNK Cascade (GO:0046329),1/13,0.604619241524603,0.781697700124157,1.6222411953041622,0.8162409942227296,SERPINB3
human_GO_bp_2025.gmt,Negative Regulation of JUN Kinase Activity (GO:0043508),1/3,0.19262675285006695,0.6588977933440335,8.12401280683031,13.380256287293214,SERPINB3
human_GO_bp_2025.gmt,Negative Regulation of Kinase Activity (GO:0033673),2/21,0.42933011585682956,0.7199817787864567,1.7349513231866174,1.4669519264966213,CEACAM1;PPIA
human_GO_bp_2025.gmt,Negative Regulation of Leukocyte Activation (GO:0002695),1/8,0.434927768409778,0.7199817787864567,2.7058697972251866,2.2528403887996764,CD33
human_GO_bp_2025.gmt,Negative Regulation of Leukocyte Degranulation (GO:0043301),2/3,0.013535761404385824,0.351165908645752,22.618538324420676,97.3144539878744,CEACAM1;LGALS9
human_GO_bp_2025.gmt,Negative Regulation of Leukocyte Mediated Cytotoxicity (GO:0001911),3/4,0.0012299936762139273,0.12053938026896488,31.73383351196856,212.6403659320245,CEACAM1;GRB2;LGALS9
human_GO_bp_2025.gmt,Negative Regulation of Lipid Biosynthetic Process (GO:0051055),1/6,0.3482121251529303,0.7014344967109387,3.6909867080624816,3.8937821774217376,CEACAM1
human_GO_bp_2025.gmt,Negative Regulation of Lipid Localization (GO:1905953),1/4,0.2482218274225701,0.6725999495517755,5.801951516999543,8.084627616903795,PTPN2
human_GO_bp_2025.gmt,Negative Regulation of Lipid Metabolic Process (GO:0045833),3/11,0.035280674811178005,0.5319240202300684,5.5939095895592965,18.708382666059556,CEACAM1;UGT1A1;SLC22A13
human_GO_bp_2025.gmt,Negative Regulation of Lipid Storage (GO:0010888),2/6,0.05891700215298481,0.6109842574255044,7.5359477124183005,21.338982226404713,PTPN2;CES1
human_GO_bp_2025.gmt,Negative Regulation of Locomotion (GO:0040013),1/4,0.2482218274225701,0.6725999495517755,5.801951516999543,8.084627616903795,PTPN2
human_GO_bp_2025.gmt,Negative Regulation of Lymphocyte Proliferation (GO:0050672),1/9,0.4738667746712847,0.7267440362720797,2.3871555025425324,1.7827971069314716,SFTPD
human_GO_bp_2025.gmt,Negative Regulation of MAP Kinase Activity (GO:0043407),1/9,0.4738667746712847,0.7267440362720797,2.3871555025425324,1.7827971069314716,SERPINB3
human_GO_bp_2025.gmt,Negative Regulation of MAPK Cascade (GO:0043409),3/41,0.5432834773590859,0.7549813657467591,1.2291727565039463,0.7499478450094973,GBP1;PPIA;PTPN2
human_GO_bp_2025.gmt,Negative Regulation of Macroautophagy (GO:0016242),1/10,0.5101278301715297,0.737352910867403,2.135538954108858,1.437418322826163,NUPR1
human_GO_bp_2025.gmt,Negative Regulation of Macromolecule Biosynthetic Process (GO:0010558),4/74,0.7594075217014942,0.8628609894459619,0.8605023196288594,0.23682463150078553,LGALS9;IFNG;CCL3;ZNF410
human_GO_bp_2025.gmt,Negative Regulation of Macrophage Differentiation (GO:0045650),1/2,0.1329297557015066,0.6579351544822044,13.542155816435432,27.32718265313555,PTPN2
human_GO_bp_2025.gmt,Negative Regulation of Membrane Potential (GO:0045837),1/4,0.2482218274225701,0.6725999495517755,5.801951516999543,8.084627616903795,BNIP3
human_GO_bp_2025.gmt,Negative Regulation of Metabolic Process (GO:0009892),2/20,0.40484585379027765,0.7199817787864567,1.8290215349038879,1.6538906968390008,ALDH1A1;PLCL1
human_GO_bp_2025.gmt,Negative Regulation of Microtubule Depolymerization (GO:0007026),1/12,0.575338714803466,0.772372521243009,1.763584056424296,0.9749028158966704,TPX2
human_GO_bp_2025.gmt,Negative Regulation of Microtubule Polymerization or Depolymerization (GO:0031111),1/20,0.7602861881495797,0.8628609894459619,1.0387488711928412,0.2846798825555806,TPX2
human_GO_bp_2025.gmt,Negative Regulation of Mitochondrial Fusion (GO:0010637),1/4,0.2482218274225701,0.6725999495517755,5.801951516999543,8.084627616903795,BNIP3
human_GO_bp_2025.gmt,Negative Regulation of Mitotic Cell Cycle (GO:0045930),1/14,0.6318848753615329,0.7939066382747465,1.5018380173129373,0.6894158292825293,ZFP36L2
human_GO_bp_2025.gmt,Negative Regulation of Mitotic Cell Cycle Phase Transition (GO:1901991),2/21,0.42933011585682956,0.7199817787864567,1.7349513231866174,1.4669519264966213,ZFP36L2;CRLF3
human_GO_bp_2025.gmt,Negative Regulation of Mitotic Metaphase/Anaphase Transition (GO:0045841),1/14,0.6318848753615329,0.7939066382747465,1.5018380173129373,0.6894158292825293,NDC80
human_GO_bp_2025.gmt,Negative Regulation of Multicellular Organismal Process (GO:0051241),5/84,0.6953522104167575,0.8295132881417193,0.9333292713474284,0.3391128560582584,GJA1;ALDH1A1;IFNG;GNAS;PLCL1
human_GO_bp_2025.gmt,Negative Regulation of Myeloid Leukocyte Differentiation (GO:0002762),4/10,0.0033313021049397526,0.2331911473457827,9.428323556143106,53.78285373969172,CEACAM1;PTPN2;CCL3;LILRA6
human_GO_bp_2025.gmt,Negative Regulation of Myeloid Leukocyte Mediated Immunity (GO:0002887),1/1,0.06882888171411798,0.6109842574255044,40.63287086446105,108.73891905550649,LGALS9
human_GO_bp_2025.gmt,Negative Regulation of NF-kappaB Transcription Factor Activity (GO:0032088),1/28,0.8647802473036128,0.9216929064510891,0.7356359755505967,0.10687308689433113,SIVA1
human_GO_bp_2025.gmt,Negative Regulation of Natural Killer Cell Mediated Cytotoxicity (GO:0045953),4/5,0.0001048260738534232,0.028401640533809336,40.88829215896885,374.6679266642263,CEACAM1;GRB2;SERPINB9;LGALS9
human_GO_bp_2025.gmt,Negative Regulation of Natural Killer Cell Mediated Immunity (GO:0002716),2/3,0.013535761404385824,0.351165908645752,22.618538324420676,97.3144539878744,GRB2;LGALS9
human_GO_bp_2025.gmt,Negative Regulation of Necroptotic Process (GO:0060546),1/7,0.39311349314694843,0.7187522822462863,3.1226500287332732,2.9154838148419593,BIRC2
human_GO_bp_2025.gmt,Negative Regulation of Neurogenesis (GO:0050768),1/11,0.543894738997155,0.7549813657467591,1.9318493672815977,1.1764953863382994,YWHAH
human_GO_bp_2025.gmt,Negative Regulation of Neuron Apoptotic Process (GO:0043524),2/22,0.45327120431916695,0.7267440362720797,1.6500586931003,1.3056331103288843,PRKCI;SOD2
human_GO_bp_2025.gmt,Negative Regulation of Organelle Assembly (GO:1902116),2/22,0.45327120431916695,0.7267440362720797,1.6500586931003,1.3056331103288843,WDR44;NUPR1
human_GO_bp_2025.gmt,Negative Regulation of Organelle Organization (GO:0010639),1/21,0.7768339917642173,0.8745517655702848,0.9879220136918552,0.24947856723000636,BNIP3
human_GO_bp_2025.gmt,Negative Regulation of Ossification (GO:0030279),1/9,0.4738667746712847,0.7267440362720797,2.3871555025425324,1.7827971069314716,CCL3
human_GO_bp_2025.gmt,Negative Regulation of Osteoclast Differentiation (GO:0045671),2/4,0.025841529132557717,0.44429295701590465,13.56898395721925,49.60511738419774,CCL3;LILRA6
human_GO_bp_2025.gmt,Negative Regulation of Oxidative Stress-Induced Intrinsic Apoptotic Signaling Pathway (GO:1902176),2/11,0.1724587419152796,0.6588977933440335,3.5668449197860963,6.2690768165601165,PPIA;SOD2
human_GO_bp_2025.gmt,Negative Regulation of Peptidase Activity (GO:0010466),3/6,0.00553815119730964,0.29337233369532145,13.595927116827438,70.64572283223943,CST3;SERPINB9;SERPINB3
human_GO_bp_2025.gmt,Negative Regulation of Peptidyl-Tyrosine Phosphorylation (GO:0050732),1/5,0.29999627131960604,0.6915159365043801,4.511917467093561,5.432282004419637,PTPN2
human_GO_bp_2025.gmt,Negative Regulation of Phagocytosis (GO:0050765),1/8,0.434927768409778,0.7199817787864567,2.7058697972251866,2.2528403887996764,SNX3
human_GO_bp_2025.gmt,Negative Regulation of Phosphorylation (GO:0042326),1/23,0.8065878304548986,0.8891519390841401,0.8998221273568126,0.1934100033170843,PPIA
human_GO_bp_2025.gmt,Negative Regulation of Plasma Membrane Bounded Cell Projection Assembly (GO:0120033),1/16,0.6809154831081293,0.8157667157041159,1.3076393431335422,0.5025481439464183,WDR44
human_GO_bp_2025.gmt,Negative Regulation of Platelet Activation (GO:0010544),1/3,0.19262675285006695,0.6588977933440335,8.12401280683031,13.380256287293214,CEACAM1
human_GO_bp_2025.gmt,Negative Regulation of Platelet Aggregation (GO:0090331),1/3,0.19262675285006695,0.6588977933440335,8.12401280683031,13.380256287293214,CEACAM1
human_GO_bp_2025.gmt,Negative Regulation of Platelet-Derived Growth Factor Receptor Signaling Pathway (GO:0010642),1/5,0.29999627131960604,0.6915159365043801,4.511917467093561,5.432282004419637,PTPN2
human_GO_bp_2025.gmt,Negative Regulation of Programmed Cell Death (GO:0043069),13/158,0.29167360160196226,0.6915159365043801,1.260249997177087,1.5527791063623957,ARF4;NAA16;SERPINB9;PRKCI;MAGEA4;ASNS;BIRC2;NUPR1;BNIP3;PRDM9;PTMS;XIAP;CASP2
human_GO_bp_2025.gmt,Negative Regulation of Programmed Necrotic Cell Death (GO:0062099),2/8,0.10041356630714114,0.6579351544822044,5.215549156725627,11.987720466033037,NUPR1;BIRC2
human_GO_bp_2025.gmt,Negative Regulation of Protein Binding (GO:0032091),2/22,0.45327120431916695,0.7267440362720797,1.6500586931003,1.3056331103288843,IFIT1;DDX11
human_GO_bp_2025.gmt,Negative Regulation of Protein Catabolic Process (GO:0042177),2/23,0.47662783158047073,0.7275627335652046,1.5730630518592215,1.165670112886508,SNX3;CST3
human_GO_bp_2025.gmt,Negative Regulation of Protein Depolymerization (GO:1901880),1/13,0.604619241524603,0.781697700124157,1.6222411953041622,0.8162409942227296,TPX2
human_GO_bp_2025.gmt,Negative Regulation of Protein Kinase Activity (GO:0006469),2/27,0.563653015860974,0.772372521243009,1.3254692251232043,0.7599132933871644,CEACAM1;PPIA
human_GO_bp_2025.gmt,Negative Regulation of Protein Localization to Cell Periphery (GO:1904376),1/16,0.6809154831081293,0.8157667157041159,1.3076393431335422,0.5025481439464183,GBP1
human_GO_bp_2025.gmt,Negative Regulation of Protein Localization to Membrane (GO:1905476),1/17,0.7029294046177333,0.8307869717971058,1.2281944309692443,0.4329370782980135,GBP1
human_GO_bp_2025.gmt,Negative Regulation of Protein Localization to Plasma Membrane (GO:1903077),1/14,0.6318848753615329,0.7939066382747465,1.5018380173129373,0.6894158292825293,GBP1
human_GO_bp_2025.gmt,Negative Regulation of Protein Metabolic Process (GO:0051248),9/69,0.04571530147417345,0.6013556435528857,2.1432776087795338,6.612702014442172,SNX3;SERPINB3;EIF4ENIF1;DHFR;SYNCRIP;CNOT10;GZMB;DDX6;CST3
human_GO_bp_2025.gmt,Negative Regulation of Protein Modification Process (GO:0031400),1/19,0.7425141714316145,0.8535646780093632,1.0950705240993395,0.32601708397466006,PPIA
human_GO_bp_2025.gmt,Negative Regulation of Protein Modification by Small Protein Conjugation or Removal (GO:1903321),1/27,0.8547425670227319,0.9194815759410288,0.7635166428384447,0.1198377138926393,CEP78
human_GO_bp_2025.gmt,Negative Regulation of Protein Phosphorylation (GO:0001933),2/38,0.7473833538802392,0.8571511840873429,0.9244011427734232,0.2691643831775851,CEACAM1;PPIA
human_GO_bp_2025.gmt,Negative Regulation of Protein Polyubiquitination (GO:1902915),1/3,0.19262675285006695,0.6588977933440335,8.12401280683031,13.380256287293214,PPIA
human_GO_bp_2025.gmt,Negative Regulation of Protein Transport (GO:0051224),1/6,0.3482121251529303,0.7014344967109387,3.6909867080624816,3.8937821774217376,SNX3
human_GO_bp_2025.gmt,Negative Regulation of Protein Ubiquitination (GO:0031397),1/25,0.8323820311775121,0.9038608205584064,0.8261058959336136,0.15156050329317153,CEP78
human_GO_bp_2025.gmt,Negative Regulation of Proteolysis (GO:0045861),2/9,0.12341571831772508,0.6579351544822044,4.519429590017825,9.455536119984815,CST3;SERPINB3
human_GO_bp_2025.gmt,Negative Regulation of Proteolysis Involved in Protein Catabolic Process (GO:1903051),1/13,0.604619241524603,0.781697700124157,1.6222411953041622,0.8162409942227296,RPS7
human_GO_bp_2025.gmt,Negative Regulation of Purine Nucleotide Catabolic Process (GO:0033122),1/3,0.19262675285006695,0.6588977933440335,8.12401280683031,13.380256287293214,NUPR1
human_GO_bp_2025.gmt,Negative Regulation of RNA Biosynthetic Process (GO:1902679),4/175,0.9984414798520755,0.9999006927211501,0.34804107311176735,0.0005428521577298809,IFNG;KHDRBS1;L3MBTL3;SAP18
human_GO_bp_2025.gmt,Negative Regulation of RNA Splicing (GO:0033119),1/14,0.6318848753615329,0.7939066382747465,1.5018380173129373,0.6894158292825293,SAP18
human_GO_bp_2025.gmt,Negative Regulation of Receptor Signaling Pathway via JAK-STAT (GO:0046426),1/8,0.434927768409778,0.7199817787864567,2.7058697972251866,2.2528403887996764,PTPN2
human_GO_bp_2025.gmt,Negative Regulation of Receptor Signaling Pathway via STAT (GO:1904893),1/7,0.39311349314694843,0.7187522822462863,3.1226500287332732,2.9154838148419593,PTPN2
human_GO_bp_2025.gmt,Negative Regulation of Receptor-Mediated Endocytosis (GO:0048261),1/9,0.4738667746712847,0.7267440362720797,2.3871555025425324,1.7827971069314716,RNASE1
human_GO_bp_2025.gmt,Negative Regulation of Reproductive Process (GO:2000242),1/3,0.19262675285006695,0.6588977933440335,8.12401280683031,13.380256287293214,GJA1
human_GO_bp_2025.gmt,Negative Regulation of Response to Biotic Stimulus (GO:0002832),2/20,0.40484585379027765,0.7199817787864567,1.8290215349038879,1.6538906968390008,DTX4;ATG12
human_GO_bp_2025.gmt,Negative Regulation of Response to External Stimulus (GO:0032102),5/49,0.24596451683365445,0.6725999495517755,1.6767213749228964,2.3517157352672595,ATG12;DTX4;PTPN2;CXCL17;FPR2
human_GO_bp_2025.gmt,Negative Regulation of Response to Type II Interferon (GO:0060331),1/1,0.06882888171411798,0.6109842574255044,40.63287086446105,108.73891905550649,PTPN2
human_GO_bp_2025.gmt,Negative Regulation of Response to Wounding (GO:1903035),1/8,0.434927768409778,0.7199817787864567,2.7058697972251866,2.2528403887996764,SIGLEC10
human_GO_bp_2025.gmt,Negative Regulation of Rho Protein Signal Transduction (GO:0035024),1/8,0.434927768409778,0.7199817787864567,2.7058697972251866,2.2528403887996764,ARHGAP30
human_GO_bp_2025.gmt,Negative Regulation of Sequestering of Calcium Ion (GO:0051283),2/17,0.3286927389544668,0.7014344967109387,2.1840607210626186,2.430055605212287,PLCL1;PLCG2
human_GO_bp_2025.gmt,Negative Regulation of Signal Transduction (GO:0009968),1/82,0.9972161707912465,0.9999006927211501,0.2460993511467875,0.0006860539341454736,PTPN2
human_GO_bp_2025.gmt,Negative Regulation of Small GTPase Mediated Signal Transduction (GO:0051058),1/19,0.7425141714316145,0.8535646780093632,1.0950705240993395,0.32601708397466006,ARHGAP30
human_GO_bp_2025.gmt,Negative Regulation of Small Molecule Metabolic Process (GO:0062014),2/12,0.19801100512773262,0.6611611074111686,3.2266361089890503,5.225319923868167,UGT1A1;SLC22A13
human_GO_bp_2025.gmt,Negative Regulation of Smooth Muscle Cell Proliferation (GO:0048662),2/10,0.14751727516907936,0.6588977933440335,3.9871028625353886,7.630557290553867,IFNG;SOD2
human_GO_bp_2025.gmt,Negative Regulation of Stem Cell Differentiation (GO:2000737),1/7,0.39311349314694843,0.7187522822462863,3.1226500287332732,2.9154838148419593,ZFP36L2
human_GO_bp_2025.gmt,Negative Regulation of Steroid Metabolic Process (GO:0045939),1/1,0.06882888171411798,0.6109842574255044,40.63287086446105,108.73891905550649,UGT1A1
human_GO_bp_2025.gmt,Negative Regulation of Stress Fiber Assembly (GO:0051497),1/18,0.7234275816420505,0.8445015247280636,1.1578289373380088,0.3748527135588553,F11R
human_GO_bp_2025.gmt,Negative Regulation of Stress-Activated MAPK Cascade (GO:0032873),1/4,0.2482218274225701,0.6725999495517755,5.801951516999543,8.084627616903795,PPIA
human_GO_bp_2025.gmt,Negative Regulation of Stress-Activated Protein Kinase Signaling Cascade (GO:0070303),1/5,0.29999627131960604,0.6915159365043801,4.511917467093561,5.432282004419637,PPIA
human_GO_bp_2025.gmt,Negative Regulation of Striated Muscle Cell Apoptotic Process (GO:0010664),1/3,0.19262675285006695,0.6588977933440335,8.12401280683031,13.380256287293214,NUPR1
human_GO_bp_2025.gmt,Negative Regulation of Substrate Adhesion-Dependent Cell Spreading (GO:1900025),1/8,0.434927768409778,0.7199817787864567,2.7058697972251866,2.2528403887996764,GBP1
human_GO_bp_2025.gmt,Negative Regulation of Supramolecular Fiber Organization (GO:1902904),1/37,0.9290516779629665,0.9604120721558091,0.5534568208067133,0.040729393412729076,TPX2
human_GO_bp_2025.gmt,Negative Regulation of Systemic Arterial Blood Pressure (GO:0003085),1/3,0.19262675285006695,0.6588977933440335,8.12401280683031,13.380256287293214,SOD2
human_GO_bp_2025.gmt,Negative Regulation of T Cell Activation (GO:0050868),1/14,0.6318848753615329,0.7939066382747465,1.5018380173129373,0.6894158292825293,SFTPD
human_GO_bp_2025.gmt,Negative Regulation of T Cell Differentiation in Thymus (GO:0033085),1/3,0.19262675285006695,0.6588977933440335,8.12401280683031,13.380256287293214,PTPN2
human_GO_bp_2025.gmt,Negative Regulation of T Cell Mediated Immunity (GO:0002710),1/3,0.19262675285006695,0.6588977933440335,8.12401280683031,13.380256287293214,CEACAM1
human_GO_bp_2025.gmt,Negative Regulation of T Cell Proliferation (GO:0042130),2/13,0.22397239414982065,0.6725999495517755,2.9455940478958382,4.407293472994908,SFTPD;LGALS9
human_GO_bp_2025.gmt,Negative Regulation of T Cell Receptor Signaling Pathway (GO:0050860),3/8,0.013974969833861558,0.351165908645752,8.64922537269804,36.936408134068955,CEACAM1;GBP1;PTPN2
human_GO_bp_2025.gmt,Negative Regulation of TOR Signaling (GO:0032007),2/32,0.6571350697331977,0.8066731524173242,1.1073025335320417,0.46491834896439294,MIOS;UBE3A
human_GO_bp_2025.gmt,Negative Regulation of TORC1 Signaling (GO:1904262),2/24,0.49936693914536984,0.737352910867403,1.50291146761735,1.0436429208959674,MIOS;UBE3A
human_GO_bp_2025.gmt,Negative Regulation of Transcription Elongation by RNA Polymerase II (GO:0034244),1/8,0.434927768409778,0.7199817787864567,2.7058697972251866,2.2528403887996764,LARP7
human_GO_bp_2025.gmt,Negative Regulation of Transcription by RNA Polymerase II (GO:0000122),13/260,0.9164257859007241,0.9526203411605618,0.7286866474161108,0.06359553731016662,HSBP1;FRK;MAGEA11;GTF2IRD1;MAGEA4;MAGEB16;IFNG;ZNF451;MAGEB4;MAGEB3;TBL1X;LARP7;MAGEA10
human_GO_bp_2025.gmt,Negative Regulation of Transforming Growth Factor Beta Receptor Signaling Pathway (GO:0030512),1/37,0.9290516779629665,0.9604120721558091,0.5534568208067133,0.040729393412729076,ZNF451
human_GO_bp_2025.gmt,Negative Regulation of Translation (GO:0017148),7/48,0.044301047930539274,0.6000476347391024,2.463497232171931,7.678097477053479,EIF4ENIF1;DHFR;SYNCRIP;EIF4EBP2;CNOT10;GZMB;DDX6
human_GO_bp_2025.gmt,Negative Regulation of Translational Initiation (GO:0045947),1/10,0.5101278301715297,0.737352910867403,2.135538954108858,1.437418322826163,EIF4EBP2
human_GO_bp_2025.gmt,Negative Regulation of Transport (GO:0051051),2/20,0.40484585379027765,0.7199817787864567,1.8290215349038879,1.6538906968390008,SNX3;RAB7A
human_GO_bp_2025.gmt,Negative Regulation of Trophoblast Cell Migration (GO:1901164),1/2,0.1329297557015066,0.6579351544822044,13.542155816435432,27.32718265313555,GJA1
human_GO_bp_2025.gmt,Negative Regulation of Tumor Necrosis Factor Production (GO:0032720),2/11,0.1724587419152796,0.6588977933440335,3.5668449197860963,6.2690768165601165,LGALS9;CD33
human_GO_bp_2025.gmt,Negative Regulation of Tumor Necrosis Factor Superfamily Cytokine Production (GO:1903556),2/11,0.1724587419152796,0.6588977933440335,3.5668449197860963,6.2690768165601165,LGALS9;CD33
human_GO_bp_2025.gmt,Negative Regulation of Tumor Necrosis Factor-Mediated Signaling Pathway (GO:0010804),2/11,0.1724587419152796,0.6588977933440335,3.5668449197860963,6.2690768165601165,PTPN2;XIAP
human_GO_bp_2025.gmt,Negative Regulation of Type I Interferon Production (GO:0032480),1/15,0.6572739920461566,0.8066731524173242,1.3980421742170537,0.5866944272638178,ATG12
human_GO_bp_2025.gmt,Negative Regulation of Type I Interferon-Mediated Signaling Pathway (GO:0060339),2/10,0.14751727516907936,0.6588977933440335,3.9871028625353886,7.630557290553867,PTPN2;SAMHD1
human_GO_bp_2025.gmt,Negative Regulation of Type II Interferon Production (GO:0032689),1/8,0.434927768409778,0.7199817787864567,2.7058697972251866,2.2528403887996764,LGALS9
human_GO_bp_2025.gmt,Negative Regulation of Type II Interferon-Mediated Signaling Pathway (GO:0060336),1/1,0.06882888171411798,0.6109842574255044,40.63287086446105,108.73891905550649,PTPN2
human_GO_bp_2025.gmt,Negative Regulation of Ubiquitin Protein Ligase Activity (GO:1904667),1/8,0.434927768409778,0.7199817787864567,2.7058697972251866,2.2528403887996764,RPS7
human_GO_bp_2025.gmt,Negative Regulation of Ubiquitin-Dependent Protein Catabolic Process (GO:2000059),1/18,0.7234275816420505,0.8445015247280636,1.1578289373380088,0.3748527135588553,RPS7
human_GO_bp_2025.gmt,Negative Regulation of Ubiquitin-Protein Transferase Activity (GO:0051444),1/10,0.5101278301715297,0.737352910867403,2.135538954108858,1.437418322826163,RPS7
human_GO_bp_2025.gmt,Negative Regulation of Vascular Associated Smooth Muscle Cell Proliferation (GO:1904706),1/5,0.29999627131960604,0.6915159365043801,4.511917467093561,5.432282004419637,SOD2
human_GO_bp_2025.gmt,Negative Regulation of Vascular Permeability (GO:0043116),1/4,0.2482218274225701,0.6725999495517755,5.801951516999543,8.084627616903795,CEACAM1
human_GO_bp_2025.gmt,Negative Regulation of Viral Genome Replication (GO:0045071),4/18,0.03130223421655904,0.502888352987342,4.221156339123671,14.622363324584196,IFIT1;IFITM3;FAM111A;IFNL3
human_GO_bp_2025.gmt,Negative Regulation of Viral Life Cycle (GO:1903901),1/1,0.06882888171411798,0.6109842574255044,40.63287086446105,108.73891905550649,PPIA
human_GO_bp_2025.gmt,Negative Regulation of Viral Process (GO:0048525),6/25,0.0059158685287834314,0.3024161813833196,4.54980222941388,23.341017569804276,IFITM3;FAM111A;PPIA;IFNL3;IFIT1;LARP7
human_GO_bp_2025.gmt,Negative Regulation of Viral Transcription (GO:0032897),2/6,0.05891700215298481,0.6109842574255044,7.5359477124183005,21.338982226404713,IFITM3;LARP7
human_GO_bp_2025.gmt,Negative Regulation of mRNA Catabolic Process (GO:1902373),3/26,0.2642639721565657,0.6915159365043801,2.018540056099063,2.686286794104119,SYNCRIP;CSDE1;EIF4ENIF1
human_GO_bp_2025.gmt,Negative Regulation of mRNA Processing (GO:0050686),1/12,0.575338714803466,0.772372521243009,1.763584056424296,0.9749028158966704,SAP18
human_GO_bp_2025.gmt,"Negative Regulation of mRNA Splicing, via Spliceosome (GO:0048025)",1/11,0.543894738997155,0.7549813657467591,1.9318493672815977,1.1764953863382994,SAP18
human_GO_bp_2025.gmt,Nervous System Development (GO:0007399),7/158,0.9258282416677671,0.9585965946480843,0.663045223441263,0.05109860501373531,PCDHB4;PCDHB2;PCDHB3;PCDHB11;PCDHB16;ECT2;NCKAP1
human_GO_bp_2025.gmt,Neural Crest Cell Development (GO:0014032),1/15,0.6572739920461566,0.8066731524173242,1.3980421742170537,0.5866944272638178,KLHL12
human_GO_bp_2025.gmt,Neural Crest Cell Differentiation (GO:0014033),1/6,0.3482121251529303,0.7014344967109387,3.6909867080624816,3.8937821774217376,KLHL12
human_GO_bp_2025.gmt,Neuron Apoptotic Process (GO:0051402),1/6,0.3482121251529303,0.7014344967109387,3.6909867080624816,3.8937821774217376,BNIP3
human_GO_bp_2025.gmt,Neuron Migration (GO:0001764),2/28,0.5837251994389475,0.7772427927312073,1.2752497225305217,0.6864987505186478,PEX13;RNASE1
human_GO_bp_2025.gmt,Neuron Projection Development (GO:0031175),2/79,0.9761049798445512,0.9887161552947392,0.4325340693462136,0.01046089574040009,NCKAP1;VASH2
human_GO_bp_2025.gmt,Neuron Projection Guidance (GO:0097485),2/52,0.8821821712883355,0.9322952189847649,0.6666490178429607,0.0835689215294777,EMB;EPHB6
human_GO_bp_2025.gmt,Neuron Projection Maintenance (GO:1990535),1/5,0.29999627131960604,0.6915159365043801,4.511917467093561,5.432282004419637,KIFBP
human_GO_bp_2025.gmt,Neuron Projection Morphogenesis (GO:0048812),1/56,0.9818717609540771,0.9914830764914946,0.3628890363148634,0.00663889844708671,NCKAP1
human_GO_bp_2025.gmt,Neuron Projection Organization (GO:0106027),1/7,0.39311349314694843,0.7187522822462863,3.1226500287332732,2.9154838148419593,KIFBP
human_GO_bp_2025.gmt,Neutrophil Chemotaxis (GO:0030593),3/13,0.05522336550624813,0.6109842574255044,4.526973919256878,13.111787498938703,PPIA;S100A8;CCL3
human_GO_bp_2025.gmt,Neutrophil Migration (GO:1990266),3/16,0.09293655139845053,0.6579351544822044,3.5193124528601483,8.361317180347134,PPIA;S100A8;CCL3
human_GO_bp_2025.gmt,Nicotinamide Nucleotide Metabolic Process (GO:0046496),1/19,0.7425141714316145,0.8535646780093632,1.0950705240993395,0.32601708397466006,PCDHB16
human_GO_bp_2025.gmt,Nicotinamide Riboside Metabolic Process (GO:0046495),1/4,0.2482218274225701,0.6725999495517755,5.801951516999543,8.084627616903795,SLC22A13
human_GO_bp_2025.gmt,Nitric Oxide Biosynthetic Process (GO:0006809),1/6,0.3482121251529303,0.7014344967109387,3.6909867080624816,3.8937821774217376,VDAC2
human_GO_bp_2025.gmt,Nitric Oxide Metabolic Process (GO:0046209),1/7,0.39311349314694843,0.7187522822462863,3.1226500287332732,2.9154838148419593,VDAC2
human_GO_bp_2025.gmt,Nitrogen Compound Transport (GO:0071705),5/54,0.3136613076906085,0.7014344967109387,1.5061595502930272,1.7463039080377154,SLC22A13;GJA1;ABCG2;RAB7A;MYH9
human_GO_bp_2025.gmt,Non-Canonical NF-kappaB Signal Transduction (GO:0038061),1/9,0.4738667746712847,0.7267440362720797,2.3871555025425324,1.7827971069314716,BIRC2
human_GO_bp_2025.gmt,Non-Canonical Wnt Signaling Pathway (GO:0035567),1/17,0.7029294046177333,0.8307869717971058,1.2281944309692443,0.4329370782980135,RNASE1
human_GO_bp_2025.gmt,Non-Proteinogenic Amino Acid Biosynthetic Process (GO:0170043),1/4,0.2482218274225701,0.6725999495517755,5.801951516999543,8.084627616903795,ALDH1A1
human_GO_bp_2025.gmt,Notch Signaling Pathway (GO:0007219),1/12,0.575338714803466,0.772372521243009,1.763584056424296,0.9749028158966704,DTX4
human_GO_bp_2025.gmt,Nuclear Body Organization (GO:0030575),1/8,0.434927768409778,0.7199817787864567,2.7058697972251866,2.2528403887996764,USP50
human_GO_bp_2025.gmt,Nuclear Chromosome Segregation (GO:0098813),1/10,0.5101278301715297,0.737352910867403,2.135538954108858,1.437418322826163,NDC80
human_GO_bp_2025.gmt,Nuclear Export (GO:0051168),2/22,0.45327120431916695,0.7267440362720797,1.6500586931003,1.3056331103288843,XPO7;CSE1L
human_GO_bp_2025.gmt,Nuclear Membrane Disassembly (GO:0051081),1/6,0.3482121251529303,0.7014344967109387,3.6909867080624816,3.8937821774217376,SERPINA2
human_GO_bp_2025.gmt,Nuclear Membrane Organization (GO:0071763),1/15,0.6572739920461566,0.8066731524173242,1.3980421742170537,0.5866944272638178,SERPINA2
human_GO_bp_2025.gmt,Nuclear RNA Surveillance (GO:0071027),1/9,0.4738667746712847,0.7267440362720797,2.3871555025425324,1.7827971069314716,EXOSC5
human_GO_bp_2025.gmt,Nuclear Receptor-Mediated Steroid Hormone Signaling Pathway (GO:0030518),2/24,0.49936693914536984,0.737352910867403,1.50291146761735,1.0436429208959674,UBE3A;RHOXF1
human_GO_bp_2025.gmt,Nuclear mRNA Surveillance (GO:0071028),1/7,0.39311349314694843,0.7187522822462863,3.1226500287332732,2.9154838148419593,EXOSC5
human_GO_bp_2025.gmt,Nuclear-Transcribed mRNA Catabolic Process (GO:0000956),3/49,0.6654432800533809,0.8156778167008297,1.0164113911650474,0.4139862642239856,CNOT10;CSDE1;EXOSC5
human_GO_bp_2025.gmt,"Nuclear-Transcribed mRNA Catabolic Process, Deadenylation-Dependent Decay (GO:0000288)",1/16,0.6809154831081293,0.8157667157041159,1.3076393431335422,0.5025481439464183,CNOT10
human_GO_bp_2025.gmt,Nuclear-Transcribed mRNA poly(A) Tail Shortening (GO:0000289),1/12,0.575338714803466,0.772372521243009,1.763584056424296,0.9749028158966704,CNOT10
human_GO_bp_2025.gmt,Nucleic Acid Catabolic Process (GO:0141188),2/20,0.40484585379027765,0.7199817787864567,1.8290215349038879,1.6538906968390008,RNASE6;EXOSC5
human_GO_bp_2025.gmt,Nucleic Acid Transport (GO:0050657),1/5,0.29999627131960604,0.6915159365043801,4.511917467093561,5.432282004419637,NXF2
human_GO_bp_2025.gmt,Nucleobase-Containing Compound Metabolic Process (GO:0006139),1/14,0.6318848753615329,0.7939066382747465,1.5018380173129373,0.6894158292825293,SERPINA2
human_GO_bp_2025.gmt,Nucleolar Chromatin Organization (GO:1990700),1/3,0.19262675285006695,0.6588977933440335,8.12401280683031,13.380256287293214,DDX11
human_GO_bp_2025.gmt,Nucleoside Diphosphate Metabolic Process (GO:0009132),1/3,0.19262675285006695,0.6588977933440335,8.12401280683031,13.380256287293214,RRM1
human_GO_bp_2025.gmt,Nucleoside Phosphate Biosynthetic Process (GO:1901293),1/8,0.434927768409778,0.7199817787864567,2.7058697972251866,2.2528403887996764,PCDHB16
human_GO_bp_2025.gmt,Nucleoside Salvage (GO:0043174),1/4,0.2482218274225701,0.6725999495517755,5.801951516999543,8.084627616903795,PGM2
human_GO_bp_2025.gmt,Nucleosome Assembly (GO:0006334),3/27,0.2834332643944975,0.6915159365043801,1.9358444342367171,2.4406712017108116,H2AB2;H2AB1;NAP1L4
human_GO_bp_2025.gmt,Nucleosome Organization (GO:0034728),3/38,0.491337270864926,0.737352910867403,1.3336805398306235,0.9477460413849799,H2AB2;H2AB1;NAP1L4
human_GO_bp_2025.gmt,Nucleotide Biosynthetic Process (GO:0009165),2/9,0.12341571831772508,0.6579351544822044,4.519429590017825,9.455536119984815,RRM1;PCDHB16
human_GO_bp_2025.gmt,Nucleotide Catabolic Process (GO:0009166),1/5,0.29999627131960604,0.6915159365043801,4.511917467093561,5.432282004419637,SAMHD1
human_GO_bp_2025.gmt,Nucleotide Metabolic Process (GO:0009117),1/4,0.2482218274225701,0.6725999495517755,5.801951516999543,8.084627616903795,PCDHB16
human_GO_bp_2025.gmt,"Nucleotide-Binding Domain, Leucine Rich Repeat Containing Receptor Signaling Pathway (GO:0035872)",1/6,0.3482121251529303,0.7014344967109387,3.6909867080624816,3.8937821774217376,XIAP
human_GO_bp_2025.gmt,Nucleotide-Binding Oligomerization Domain Containing 2 Signaling Pathway (GO:0070431),1/3,0.19262675285006695,0.6588977933440335,8.12401280683031,13.380256287293214,XIAP
human_GO_bp_2025.gmt,Nucleus Organization (GO:0006997),2/29,0.6031083061882345,0.781697700124157,1.228682547399125,0.6212937568532244,PDCD6IP;PYGO1
human_GO_bp_2025.gmt,Olefinic Compound Biosynthetic Process (GO:0120255),1/2,0.1329297557015066,0.6579351544822044,13.542155816435432,27.32718265313555,CYP11B1
human_GO_bp_2025.gmt,Oligodendrocyte Differentiation (GO:0048709),1/7,0.39311349314694843,0.7187522822462863,3.1226500287332732,2.9154838148419593,MIOS
human_GO_bp_2025.gmt,Oligosaccharide Biosynthetic Process (GO:0009312),3/9,0.019906034270097465,0.42874535350979154,7.317421056970896,28.660379871657998,FUT3;FUT6;FUT5
human_GO_bp_2025.gmt,Oligosaccharide Metabolic Process (GO:0009311),3/15,0.07940294078463345,0.6275393707172644,3.8014576634512327,9.629928102559314,FUT3;FUT6;FUT5
human_GO_bp_2025.gmt,Organelle Assembly (GO:0070925),12/170,0.5076977898820536,0.737352910867403,1.0666080570926204,0.7230204413091681,ARF4;PTPDC1;UBQLN1;ATG12;RAB7A;CFAP54;BBS9;VPS37A;FBF1;SSX2IP;IST1;PDCD6IP
human_GO_bp_2025.gmt,Organelle Fission (GO:0048285),1/7,0.39311349314694843,0.7187522822462863,3.1226500287332732,2.9154838148419593,TMCC1
human_GO_bp_2025.gmt,Organelle Organization (GO:0006996),16/197,0.2806384599133008,0.6915159365043801,1.2357422070762754,1.5702428647788198,PLEKHF1;CCL3;TMCC1;RAB7A;PRKCI;RHOT1;LMAN1;PPIA;SEC23IP;CEP78;PI4K2B;PDCD6IP;AKR1B10;RAB2A;FGD5;CHCHD2
human_GO_bp_2025.gmt,Organelle Transport Along Microtubule (GO:0072384),3/24,0.22649764836657615,0.6725999495517755,2.2070091477853384,3.277454306187974,KIFBP;RHOT1;COPG2
human_GO_bp_2025.gmt,Organic Acid Metabolic Process (GO:0006082),1/1,0.06882888171411798,0.6109842574255044,40.63287086446105,108.73891905550649,CYP2J2
human_GO_bp_2025.gmt,Organic Anion Transport (GO:0015711),2/28,0.5837251994389475,0.7772427927312073,1.2752497225305217,0.6864987505186478,SLC22A13;ABCG2
human_GO_bp_2025.gmt,Organic Hydroxy Compound Transport (GO:0015850),1/16,0.6809154831081293,0.8157667157041159,1.3076393431335422,0.5025481439464183,CEACAM1
human_GO_bp_2025.gmt,Organophosphate Metabolic Process (GO:0019637),1/28,0.8647802473036128,0.9216929064510891,0.7356359755505967,0.10687308689433113,MINPP1
human_GO_bp_2025.gmt,Oxidative Demethylation (GO:0070989),1/1,0.06882888171411798,0.6109842574255044,40.63287086446105,108.73891905550649,CYP3A4
human_GO_bp_2025.gmt,Oxoacid Metabolic Process (GO:0043436),1/4,0.2482218274225701,0.6725999495517755,5.801951516999543,8.084627616903795,SULT1B1
human_GO_bp_2025.gmt,P-body Assembly (GO:0033962),2/9,0.12341571831772508,0.6579351544822044,4.519429590017825,9.455536119984815,DDX6;EIF4ENIF1
human_GO_bp_2025.gmt,Pattern Recognition Receptor Signaling Pathway (GO:0002221),3/22,0.18991923123345666,0.6588977933440335,2.4341385659713635,4.043484847547947,IPO5;CASP1;PLCG2
human_GO_bp_2025.gmt,Peptidyl-Lysine Modification (GO:0018205),1/31,0.890927078979471,0.9373145865806565,0.6629634165544028,0.0765674327478433,ZNF451
human_GO_bp_2025.gmt,Peptidyl-Proline Modification (GO:0018208),1/3,0.19262675285006695,0.6588977933440335,8.12401280683031,13.380256287293214,PPIA
human_GO_bp_2025.gmt,Peptidyl-Serine Modification (GO:0018209),1/39,0.9385324700762215,0.9656292080574247,0.5245394946568906,0.03327564504029764,SERPINA2
human_GO_bp_2025.gmt,Peptidyl-Serine Phosphorylation (GO:0018105),1/35,0.9181121553328068,0.9526203411605618,0.5857268804231822,0.050041999075512246,SERPINA2
human_GO_bp_2025.gmt,Peptidyl-Tyrosine Dephosphorylation (GO:0035335),1/6,0.3482121251529303,0.7014344967109387,3.6909867080624816,3.8937821774217376,PTPN2
human_GO_bp_2025.gmt,Peptidyl-Tyrosine Phosphorylation (GO:0018108),1/22,0.7922417435473148,0.8817682097403391,0.9418232359584027,0.21933999092617165,IFNL4
human_GO_bp_2025.gmt,Phagocytosis (GO:0006909),1/31,0.890927078979471,0.9373145865806565,0.6629634165544028,0.0765674327478433,MYH9
human_GO_bp_2025.gmt,"Phagocytosis, Engulfment (GO:0006911)",1/13,0.604619241524603,0.781697700124157,1.6222411953041622,0.8162409942227296,MYH9
human_GO_bp_2025.gmt,Phagolysosome Assembly (GO:0001845),1/7,0.39311349314694843,0.7187522822462863,3.1226500287332732,2.9154838148419593,RAB7A
human_GO_bp_2025.gmt,Phagosome Acidification (GO:0090383),1/3,0.19262675285006695,0.6588977933440335,8.12401280683031,13.380256287293214,RAB7A
human_GO_bp_2025.gmt,Phagosome Maturation (GO:0090382),1/7,0.39311349314694843,0.7187522822462863,3.1226500287332732,2.9154838148419593,RAB7A
human_GO_bp_2025.gmt,Phagosome-Lysosome Fusion (GO:0090385),1/6,0.3482121251529303,0.7014344967109387,3.6909867080624816,3.8937821774217376,RAB7A
human_GO_bp_2025.gmt,Phenylpropanoid Metabolic Process (GO:0009698),1/2,0.1329297557015066,0.6579351544822044,13.542155816435432,27.32718265313555,CYP2A6
human_GO_bp_2025.gmt,Phosphate-Containing Compound Metabolic Process (GO:0006796),1/49,0.9700168206440977,0.984075035436041,0.4157268756395163,0.012655502158787982,MINPP1
human_GO_bp_2025.gmt,Phosphatidylethanolamine Metabolic Process (GO:0046337),1/8,0.434927768409778,0.7199817787864567,2.7058697972251866,2.2528403887996764,NAAA
human_GO_bp_2025.gmt,Phosphatidylinositol Biosynthetic Process (GO:0006661),2/37,0.7339072442478545,0.8535646780093632,0.9505912480228967,0.2940869131131566,PI4K2B;PLCG2
human_GO_bp_2025.gmt,Phosphatidylinositol Metabolic Process (GO:0046488),3/33,0.3990055260534435,0.7199817787864567,1.5535466413648902,1.4273676024640933,PI4K2B;PLCL1;PLCG2
human_GO_bp_2025.gmt,Phosphatidylinositol Phosphate Biosynthetic Process (GO:0046854),1/14,0.6318848753615329,0.7939066382747465,1.5018380173129373,0.6894158292825293,PI4K2B
human_GO_bp_2025.gmt,Phosphatidylinositol-Mediated Signaling (GO:0048015),2/13,0.22397239414982065,0.6725999495517755,2.9455940478958382,4.407293472994908,PLCL1;PLCG2
human_GO_bp_2025.gmt,Phospholipase C-activating G Protein-Coupled Receptor Signaling Pathway (GO:0007200),2/25,0.5214627645355767,0.748767046512623,1.4387302309705314,0.9367822984975749,GPR143;FPR2
human_GO_bp_2025.gmt,Phospholipid Biosynthetic Process (GO:0008654),1/13,0.604619241524603,0.781697700124157,1.6222411953041622,0.8162409942227296,IDI1
human_GO_bp_2025.gmt,Phospholipid Translocation (GO:0045332),1/19,0.7425141714316145,0.8535646780093632,1.0950705240993395,0.32601708397466006,VDAC2
human_GO_bp_2025.gmt,Phospholipid Transport (GO:0015914),1/28,0.8647802473036128,0.9216929064510891,0.7356359755505967,0.10687308689433113,VDAC2
human_GO_bp_2025.gmt,Phosphorylation (GO:0016310),2/128,0.9989419255027657,0.9999006927211501,0.2629198283697237,0.00027833604132939467,PRKCI;NEK4
human_GO_bp_2025.gmt,Pigment Biosynthetic Process (GO:0046148),2/13,0.22397239414982065,0.6725999495517755,2.9455940478958382,4.407293472994908,GPR143;COX15
human_GO_bp_2025.gmt,Pigment Granule Transport (GO:0051904),1/6,0.3482121251529303,0.7014344967109387,3.6909867080624816,3.8937821774217376,GPR143
human_GO_bp_2025.gmt,Plasma Membrane Bounded Cell Projection Assembly (GO:0120031),9/133,0.5712782674183374,0.772372521243009,1.0309075607533282,0.5771833442639003,ARF4;PTPDC1;RNASE1;CFAP54;BBS9;AIF1L;FBF1;SSX2IP;FGD5
human_GO_bp_2025.gmt,Plasma Membrane Bounded Cell Projection Morphogenesis (GO:0120039),1/22,0.7922417435473148,0.8817682097403391,0.9418232359584027,0.21933999092617165,NCKAP1
human_GO_bp_2025.gmt,Plasma Membrane Bounded Cell Projection Organization (GO:0120036),2/61,0.9297623158189533,0.9606400311044536,0.565002471576866,0.0411470394323809,CEP78;RNASE1
human_GO_bp_2025.gmt,Plasma Membrane Invagination (GO:0099024),1/12,0.575338714803466,0.772372521243009,1.763584056424296,0.9749028158966704,MYH9
human_GO_bp_2025.gmt,Plasma Membrane Organization (GO:0007009),1/31,0.890927078979471,0.9373145865806565,0.6629634165544028,0.0765674327478433,MYH9
human_GO_bp_2025.gmt,Plasma Membrane Repair (GO:0001778),1/11,0.543894738997155,0.7549813657467591,1.9318493672815977,1.1764953863382994,MYH9
human_GO_bp_2025.gmt,Platelet Aggregation (GO:0070527),3/16,0.09293655139845053,0.6579351544822044,3.5193124528601483,8.361317180347134,PPIA;MYH9;GNAS
human_GO_bp_2025.gmt,Polyketide Metabolic Process (GO:0030638),1/4,0.2482218274225701,0.6725999495517755,5.801951516999543,8.084627616903795,AKR1B10
human_GO_bp_2025.gmt,Polyol Metabolic Process (GO:0019751),1/8,0.434927768409778,0.7199817787864567,2.7058697972251866,2.2528403887996764,MINPP1
human_GO_bp_2025.gmt,Porphyrin-Containing Compound Biosynthetic Process (GO:0006779),1/11,0.543894738997155,0.7549813657467591,1.9318493672815977,1.1764953863382994,COX15
human_GO_bp_2025.gmt,Porphyrin-Containing Compound Catabolic Process (GO:0006787),1/4,0.2482218274225701,0.6725999495517755,5.801951516999543,8.084627616903795,UGT1A1
human_GO_bp_2025.gmt,Positive Chemotaxis (GO:0050918),1/2,0.1329297557015066,0.6579351544822044,13.542155816435432,27.32718265313555,FPR2
human_GO_bp_2025.gmt,Positive Regulation by Host of Viral Process (GO:0044794),1/10,0.5101278301715297,0.737352910867403,2.135538954108858,1.437418322826163,EEF1A1
human_GO_bp_2025.gmt,Positive Regulation by Symbiont of Entry Into Host (GO:0075294),2/4,0.025841529132557717,0.44429295701590465,13.56898395721925,49.60511738419774,TRIM38;LGALS9
human_GO_bp_2025.gmt,Positive Regulation of ATP Metabolic Process (GO:1903580),1/10,0.5101278301715297,0.737352910867403,2.135538954108858,1.437418322826163,IFNG
human_GO_bp_2025.gmt,Positive Regulation of Actin Filament Bundle Assembly (GO:0032233),1/19,0.7425141714316145,0.8535646780093632,1.0950705240993395,0.32601708397466006,RNASE1
human_GO_bp_2025.gmt,Positive Regulation of Actin Filament Polymerization (GO:0030838),1/17,0.7029294046177333,0.8307869717971058,1.2281944309692443,0.4329370782980135,NCKAP1
human_GO_bp_2025.gmt,Positive Regulation of Actin Nucleation (GO:0051127),2/7,0.07880391718882125,0.6275393707172644,6.164803111327175,15.663485958255082,NCKAP1;BRK1
human_GO_bp_2025.gmt,Positive Regulation of Adenylate Cyclase Activity (GO:0045762),1/5,0.29999627131960604,0.6915159365043801,4.511917467093561,5.432282004419637,GNAS
human_GO_bp_2025.gmt,Positive Regulation of Alpha-Beta T Cell Proliferation (GO:0046641),1/3,0.19262675285006695,0.6588977933440335,8.12401280683031,13.380256287293214,LGALS9
human_GO_bp_2025.gmt,Positive Regulation of Amide Metabolic Process (GO:0034250),1/6,0.3482121251529303,0.7014344967109387,3.6909867080624816,3.8937821774217376,IFNG
human_GO_bp_2025.gmt,Positive Regulation of Amyloid Precursor Protein Catabolic Process (GO:1902993),1/8,0.434927768409778,0.7199817787864567,2.7058697972251866,2.2528403887996764,IFNG
human_GO_bp_2025.gmt,Positive Regulation of Amyloid-Beta Formation (GO:1902004),1/5,0.29999627131960604,0.6915159365043801,4.511917467093561,5.432282004419637,IFNG
human_GO_bp_2025.gmt,Positive Regulation of Angiogenesis (GO:0045766),2/35,0.7051207165414939,0.8307869717971058,1.0076622236411525,0.352063337365256,BMPER;VASH2
human_GO_bp_2025.gmt,Positive Regulation of Apoptotic Process (GO:0043065),7/114,0.6778546204167786,0.8157667157041159,0.9410685103708359,0.36590855271368494,CCL3;PRKCI;NUPR1;BNIP3;CASP2;SAP18;ECT2
human_GO_bp_2025.gmt,Positive Regulation of Apoptotic Signaling Pathway (GO:2001235),2/24,0.49936693914536984,0.737352910867403,1.50291146761735,1.0436429208959674,S100A8;NUPR1
human_GO_bp_2025.gmt,Positive Regulation of Arp2/3 Complex-Mediated Actin Nucleation (GO:2000601),2/6,0.05891700215298481,0.6109842574255044,7.5359477124183005,21.338982226404713,NCKAP1;BRK1
human_GO_bp_2025.gmt,Positive Regulation of Attachment of Spindle Microtubules to Kinetochore (GO:0051987),1/8,0.434927768409778,0.7199817787864567,2.7058697972251866,2.2528403887996764,CCNB1
human_GO_bp_2025.gmt,Positive Regulation of Autophagy (GO:0010508),4/38,0.26393913311249906,0.6915159365043801,1.7685051137159669,2.35571381961327,PLEKHF1;IFNG;TRIM8;BNIP3
human_GO_bp_2025.gmt,Positive Regulation of Bicellular Tight Junction Assembly (GO:1903348),1/2,0.1329297557015066,0.6579351544822044,13.542155816435432,27.32718265313555,RNASE1
human_GO_bp_2025.gmt,Positive Regulation of Binding (GO:0051099),1/35,0.9181121553328068,0.9526203411605618,0.5857268804231822,0.050041999075512246,DDX11
human_GO_bp_2025.gmt,Positive Regulation of Biosynthetic Process (GO:0009891),3/27,0.2834332643944975,0.6915159365043801,1.9358444342367171,2.4406712017108116,PTPN2;IFNG;PLCG2
human_GO_bp_2025.gmt,Positive Regulation of Blood Coagulation (GO:0030194),1/3,0.19262675285006695,0.6588977933440335,8.12401280683031,13.380256287293214,USF1
human_GO_bp_2025.gmt,"Positive Regulation of CD4-positive, Alpha-Beta T Cell Activation (GO:2000516)",1/5,0.29999627131960604,0.6915159365043801,4.511917467093561,5.432282004419637,LGALS9
human_GO_bp_2025.gmt,Positive Regulation of Calcium Ion Import (GO:0090280),1/8,0.434927768409778,0.7199817787864567,2.7058697972251866,2.2528403887996764,CCL3
human_GO_bp_2025.gmt,Positive Regulation of Calcium Ion Transport (GO:0051928),3/12,0.044697425853014776,0.6000476347391024,5.004287245444802,15.552520901174407,LILRA5;CCL3;CCL4
human_GO_bp_2025.gmt,Positive Regulation of Calcium-Mediated Signaling (GO:0050850),3/8,0.013974969833861558,0.351165908645752,8.64922537269804,36.936408134068955,PLCG2;CCL3;CCL4
human_GO_bp_2025.gmt,Positive Regulation of Canonical NF-kappaB Signal Transduction (GO:0043123),10/74,0.029295379132317313,0.4866012127062876,2.2253966647265733,7.856374557918067,APOL3;CASP1;GJA1;TRIM38;BIRC2;LGALS9;XIAP;TRIM8;TRIM5;ECT2
human_GO_bp_2025.gmt,Positive Regulation of Canonical Wnt Signaling Pathway (GO:0090263),3/40,0.5263050047820993,0.7540627261497913,1.2621507681314754,0.8101422383484979,XIAP;TBL1X;USP8
human_GO_bp_2025.gmt,Positive Regulation of Carbohydrate Metabolic Process (GO:0045913),1/10,0.5101278301715297,0.737352910867403,2.135538954108858,1.437418322826163,IFNG
human_GO_bp_2025.gmt,Positive Regulation of Catabolic Process (GO:0009896),6/81,0.48793078438452925,0.737352910867403,1.1647127742414825,0.835776594059701,PLEKHF1;RAB7A;IFNG;BNIP3;TRIM8;L3MBTL3
human_GO_bp_2025.gmt,Positive Regulation of Cell Activation (GO:0050867),1/6,0.3482121251529303,0.7014344967109387,3.6909867080624816,3.8937821774217376,LILRA5
human_GO_bp_2025.gmt,Positive Regulation of Cell Adhesion (GO:0045785),2/29,0.6031083061882345,0.781697700124157,1.228682547399125,0.6212937568532244,FUT3;RNASE1
human_GO_bp_2025.gmt,Positive Regulation of Cell Cycle (GO:0045787),4/28,0.12275522312092955,0.6579351544822044,2.4942896600100837,5.231929608158428,MAGEA4;NUPR1;ASNS;CCNB1
human_GO_bp_2025.gmt,Positive Regulation of Cell Cycle G1/S Phase Transition (GO:1902808),2/21,0.42933011585682956,0.7199817787864567,1.7349513231866174,1.4669519264966213,RRM1;PLCG2
human_GO_bp_2025.gmt,Positive Regulation of Cell Cycle G2/M Phase Transition (GO:1902751),2/13,0.22397239414982065,0.6725999495517755,2.9455940478958382,4.407293472994908,RRM1;CCNB1
human_GO_bp_2025.gmt,Positive Regulation of Cell Cycle Phase Transition (GO:1901989),1/6,0.3482121251529303,0.7014344967109387,3.6909867080624816,3.8937821774217376,PLCG2
human_GO_bp_2025.gmt,Positive Regulation of Cell Cycle Process (GO:0090068),4/48,0.42303609881946036,0.7199817787864567,1.3689158691270713,1.177675260736981,RRM1;NDC80;DDX11;ECT2
human_GO_bp_2025.gmt,Positive Regulation of Cell Development (GO:0010720),1/8,0.434927768409778,0.7199817787864567,2.7058697972251866,2.2528403887996764,IFNG
human_GO_bp_2025.gmt,Positive Regulation of Cell Differentiation (GO:0045597),4/97,0.9093104907038856,0.9490141436526175,0.6464499675468274,0.06145713811652959,CEACAM1;ECT2;GJA1;SERPINB3
human_GO_bp_2025.gmt,Positive Regulation of Cell Division (GO:0051781),1/10,0.5101278301715297,0.737352910867403,2.135538954108858,1.437418322826163,ECT2
human_GO_bp_2025.gmt,Positive Regulation of Cell Growth (GO:0030307),1/42,0.9504361018729561,0.9737871195352817,0.4863895282303172,0.024725293139728568,S100A8
human_GO_bp_2025.gmt,Positive Regulation of Cell Junction Assembly (GO:1901890),1/19,0.7425141714316145,0.8535646780093632,1.0950705240993395,0.32601708397466006,RNASE1
human_GO_bp_2025.gmt,Positive Regulation of Cell Migration (GO:0030335),9/116,0.4049920094308215,0.7199817787864567,1.1971971820316643,1.0821320968799715,CCL3;CCL4;RNASE1;IFNG;TCAF2;CCL3L1;PLCG2;SERPINB3;SOD2
human_GO_bp_2025.gmt,Positive Regulation of Cell Motility (GO:2000147),6/76,0.4260571011516888,0.7199817787864567,1.2483111080508313,1.0650364447469676,CCL3;CCL4;TCAF2;CCL3L1;SERPINB3;SOD2
human_GO_bp_2025.gmt,Positive Regulation of Cell Population Proliferation (GO:0008284),7/153,0.9104278487157739,0.9496746053661079,0.6862282077299142,0.06439608496245676,DYNAP;GJA1;PRKCI;IFNG;VEGFC;CSF2RB;SERPINB3
human_GO_bp_2025.gmt,Positive Regulation of Cell Projection Organization (GO:0031346),2/43,0.8062675157379131,0.8891519390841401,0.8123832227304941,0.17493834822596876,PRKCI;SNX3
human_GO_bp_2025.gmt,Positive Regulation of Cell-Cell Adhesion (GO:0022409),2/15,0.2764372417768016,0.6915159365043801,2.508417508417508,3.225251635727764,FUT3;DENND6A
human_GO_bp_2025.gmt,Positive Regulation of Cell-Cell Adhesion Mediated by Cadherin (GO:2000049),1/3,0.19262675285006695,0.6588977933440335,8.12401280683031,13.380256287293214,DENND6A
human_GO_bp_2025.gmt,Positive Regulation of Cell-Matrix Adhesion (GO:0001954),1/14,0.6318848753615329,0.7939066382747465,1.5018380173129373,0.6894158292825293,RNASE1
human_GO_bp_2025.gmt,Positive Regulation of Cell-Substrate Adhesion (GO:0010811),1/25,0.8323820311775121,0.9038608205584064,0.8261058959336136,0.15156050329317153,RNASE1
human_GO_bp_2025.gmt,Positive Regulation of Cell-Substrate Junction Organization (GO:0150117),2/11,0.1724587419152796,0.6588977933440335,3.5668449197860963,6.2690768165601165,IQSEC1;RNASE1
human_GO_bp_2025.gmt,Positive Regulation of Cellular Component Biogenesis (GO:0044089),4/36,0.23321548476876872,0.6725999495517755,1.877931091464926,2.733877858512961,RAB7A;PDCD6IP;IFNG;BRK1
human_GO_bp_2025.gmt,Positive Regulation of Cellular Component Organization (GO:0051130),4/41,0.31124435214025786,0.7014344967109387,1.6262513426423202,1.8981231261132778,LMAN1;IFNG;BRK1;BNIP3
human_GO_bp_2025.gmt,Positive Regulation of Cellular Process (GO:0048522),10/196,0.876716215162171,0.9303539695278046,0.754693147639788,0.09929643012810413,LILRA5;DYNAP;RNF10;MAGEA4;IFNG;NUPR1;VEGFC;BNIP3;S100A8;SERPINB3
human_GO_bp_2025.gmt,Positive Regulation of Cellular Respiration (GO:1901857),2/8,0.10041356630714114,0.6579351544822044,5.215549156725627,11.987720466033037,IFNG;NUPR1
human_GO_bp_2025.gmt,Positive Regulation of Chemokine Production (GO:0032722),2/14,0.2501660016445124,0.6725999495517755,2.70951871657754,3.754391976944623,IFNG;LGALS9
human_GO_bp_2025.gmt,Positive Regulation of Cholesterol Efflux (GO:0010875),1/7,0.39311349314694843,0.7187522822462863,3.1226500287332732,2.9154838148419593,CES1
human_GO_bp_2025.gmt,Positive Regulation of Cholesterol Metabolic Process (GO:0090205),1/5,0.29999627131960604,0.6915159365043801,4.511917467093561,5.432282004419637,CES1
human_GO_bp_2025.gmt,Positive Regulation of Cholesterol Transport (GO:0032376),1/8,0.434927768409778,0.7199817787864567,2.7058697972251866,2.2528403887996764,CES1
human_GO_bp_2025.gmt,Positive Regulation of Chromatin Binding (GO:0035563),1/6,0.3482121251529303,0.7014344967109387,3.6909867080624816,3.8937821774217376,DDX11
human_GO_bp_2025.gmt,Positive Regulation of Chromosome Organization (GO:2001252),1/24,0.8199452605118346,0.8983190109576276,0.8613955811894003,0.17100226648878702,DDX11
human_GO_bp_2025.gmt,Positive Regulation of Chromosome Segregation (GO:0051984),1/11,0.543894738997155,0.7549813657467591,1.9318493672815977,1.1764953863382994,CCNB1
human_GO_bp_2025.gmt,Positive Regulation of Cold-Induced Thermogenesis (GO:0120162),4/31,0.16124035936437153,0.6588977933440335,2.221130748950298,4.053250686123535,TRPV2;GNAS;LCN2;GJA1
human_GO_bp_2025.gmt,Positive Regulation of Cytokine Production (GO:0001819),8/82,0.20115775441699885,0.6705258480566628,1.5504664538599693,2.486430074026358,LILRA5;CASP1;GBP5;IFNG;LGALS9;XIAP;CXCL17;PLCG2
human_GO_bp_2025.gmt,Positive Regulation of Cytokine Production Involved in Immune Response (GO:0002720),1/10,0.5101278301715297,0.737352910867403,2.135538954108858,1.437418322826163,PLCG2
human_GO_bp_2025.gmt,Positive Regulation of Cytokine Production Involved in Inflammatory Response (GO:1900017),1/3,0.19262675285006695,0.6588977933440335,8.12401280683031,13.380256287293214,GBP5
human_GO_bp_2025.gmt,Positive Regulation of Cytokine-Mediated Signaling Pathway (GO:0001961),1/12,0.575338714803466,0.772372521243009,1.763584056424296,0.9749028158966704,CASP1
human_GO_bp_2025.gmt,Positive Regulation of Cytokinesis (GO:0032467),1/13,0.604619241524603,0.781697700124157,1.6222411953041622,0.8162409942227296,ECT2
human_GO_bp_2025.gmt,Positive Regulation of Cytoplasmic Translation (GO:2000767),2/10,0.14751727516907936,0.6588977933440335,3.9871028625353886,7.630557290553867,SYNCRIP;CSDE1
human_GO_bp_2025.gmt,Positive Regulation of Cytoplasmic Translational Initiation (GO:1904690),1/6,0.3482121251529303,0.7014344967109387,3.6909867080624816,3.8937821774217376,SH3BGRL
human_GO_bp_2025.gmt,Positive Regulation of Cytoskeleton Organization (GO:0051495),2/28,0.5837251994389475,0.7772427927312073,1.2752497225305217,0.6864987505186478,KATNBL1;NCKAP1
human_GO_bp_2025.gmt,Positive Regulation of D-glucose Import (GO:0046326),1/11,0.543894738997155,0.7549813657467591,1.9318493672815977,1.1764953863382994,PRKCI
human_GO_bp_2025.gmt,Positive Regulation of D-glucose Transmembrane Transport (GO:0010828),1/13,0.604619241524603,0.781697700124157,1.6222411953041622,0.8162409942227296,PRKCI
human_GO_bp_2025.gmt,Positive Regulation of DNA Biosynthetic Process (GO:2000573),4/24,0.07872940603781137,0.6275393707172644,2.982866574100757,7.581666949286709,CCT3;SERPINA2;CCT7;CCT4
human_GO_bp_2025.gmt,"Positive Regulation of DNA Damage Response, Signal Transduction by P53 Class Mediator (GO:0043517)",2/9,0.12341571831772508,0.6579351544822044,4.519429590017825,9.455536119984815,SERPINA2;RPL26
human_GO_bp_2025.gmt,Positive Regulation of DNA Recombination (GO:0045911),1/30,0.8828264930794508,0.9322952189847649,0.6855452851690393,0.08543717444783333,PRDM9
human_GO_bp_2025.gmt,Positive Regulation of DNA Repair (GO:0045739),1/47,0.9653845881630132,0.9831394893224589,0.4337453093262643,0.015280292088883813,DDX11
human_GO_bp_2025.gmt,Positive Regulation of DNA-binding Transcription Factor Activity (GO:0051091),8/67,0.08753723397950432,0.6579351544822044,1.9459835938709178,4.739814813185627,PRKCI;PPIA;TRIM38;LGALS9;S100A8;TRIM8;TRIM5;PLCG2
human_GO_bp_2025.gmt,Positive Regulation of DNA-templated Transcription (GO:0045893),16/449,0.9993608291684113,0.9999006927211501,0.49623649965855726,0.00031728130543462967,DEK;ARF4;YWHAH;RNF10;NAA16;CRLF3;IFNG;FAM170A;NEK4;PTMS;TBL1X;GTF2H1;USF1;KLF5;CHCHD2;ZNF410
human_GO_bp_2025.gmt,Positive Regulation of DNA-templated Transcription Initiation (GO:2000144),1/25,0.8323820311775121,0.9038608205584064,0.8261058959336136,0.15156050329317153,MED29
human_GO_bp_2025.gmt,"Positive Regulation of DNA-templated Transcription, Elongation (GO:0032786)",2/28,0.5837251994389475,0.7772427927312073,1.2752497225305217,0.6864987505186478,MED29;ELL2
human_GO_bp_2025.gmt,Positive Regulation of Defense Response (GO:0031349),7/34,0.007386122554272258,0.351165908645752,3.725896805896806,18.287269237900777,LILRA5;CASP1;CCL3;GBP5;IFNG;S100A8;FPR2
human_GO_bp_2025.gmt,Positive Regulation of Dendritic Cell Chemotaxis (GO:2000510),1/2,0.1329297557015066,0.6579351544822044,13.542155816435432,27.32718265313555,LGALS9
human_GO_bp_2025.gmt,Positive Regulation of Dendritic Cell Cytokine Production (GO:0002732),1/2,0.1329297557015066,0.6579351544822044,13.542155816435432,27.32718265313555,PLCG2
human_GO_bp_2025.gmt,Positive Regulation of Developmental Process (GO:0051094),2/97,0.9922063331793054,0.9988312342226187,0.35000139989360807,0.0027384796122327765,GJA1;BNIP3
human_GO_bp_2025.gmt,Positive Regulation of Double-Strand Break Repair (GO:2000781),1/48,0.9677836761121112,0.9833364464384334,0.4245464247598719,0.01390249091393581,DDX11
human_GO_bp_2025.gmt,Positive Regulation of ERAD Pathway (GO:1904294),1/6,0.3482121251529303,0.7014344967109387,3.6909867080624816,3.8937821774217376,UBQLN1
human_GO_bp_2025.gmt,Positive Regulation of ERK1 and ERK2 Cascade (GO:0070374),5/48,0.23289702189262906,0.6725999495517755,1.7155388936317633,2.499812748689574,CCL3;BMPER;LGALS9;CXCL17;FPR2
human_GO_bp_2025.gmt,Positive Regulation of Endocytosis (GO:0045807),4/30,0.14795239374358538,0.6588977933440335,2.3053117970127475,4.405138983488594,SFTPD;IFNG;FCGR2A;FPR2
human_GO_bp_2025.gmt,Positive Regulation of Endopeptidase Activity (GO:0010950),1/3,0.19262675285006695,0.6588977933440335,8.12401280683031,13.380256287293214,SERPINB3
human_GO_bp_2025.gmt,Positive Regulation of Endothelial Cell Apoptotic Process (GO:2000353),1/5,0.29999627131960604,0.6915159365043801,4.511917467093561,5.432282004419637,PRKCI
human_GO_bp_2025.gmt,Positive Regulation of Endothelial Cell Development (GO:1901552),1/1,0.06882888171411798,0.6109842574255044,40.63287086446105,108.73891905550649,F11R
human_GO_bp_2025.gmt,Positive Regulation of Endothelial Cell Migration (GO:0010595),1/28,0.8647802473036128,0.9216929064510891,0.7356359755505967,0.10687308689433113,RNASE1
human_GO_bp_2025.gmt,Positive Regulation of Endothelial Cell Proliferation (GO:0001938),1/19,0.7425141714316145,0.8535646780093632,1.0950705240993395,0.32601708397466006,VASH2
human_GO_bp_2025.gmt,Positive Regulation of Epithelial Cell Migration (GO:0010634),3/18,0.1225514889554573,0.6579351544822044,3.0642395325519485,6.432525227629285,IQSEC1;IFNG;PLCG2
human_GO_bp_2025.gmt,Positive Regulation of Epithelial Cell Proliferation (GO:0050679),1/31,0.890927078979471,0.9373145865806565,0.6629634165544028,0.0765674327478433,VASH2
human_GO_bp_2025.gmt,Positive Regulation of Epithelial to Mesenchymal Transition (GO:0010718),1/16,0.6809154831081293,0.8157667157041159,1.3076393431335422,0.5025481439464183,SERPINB3
human_GO_bp_2025.gmt,Positive Regulation of Establishment of Endothelial Barrier (GO:1903142),1/1,0.06882888171411798,0.6109842574255044,40.63287086446105,108.73891905550649,F11R
human_GO_bp_2025.gmt,Positive Regulation of Establishment of Protein Localization (GO:1904951),2/17,0.3286927389544668,0.7014344967109387,2.1840607210626186,2.430055605212287,TCAF2;GZMB
human_GO_bp_2025.gmt,Positive Regulation of Establishment of Protein Localization to Mitochondrion (GO:1903749),1/8,0.434927768409778,0.7199817787864567,2.7058697972251866,2.2528403887996764,GZMB
human_GO_bp_2025.gmt,Positive Regulation of Exocytosis (GO:0045921),3/21,0.17224536415803535,0.6588977933440335,2.5661191738362157,4.513380943073739,RAB7A;IFNG;PDCD6IP
human_GO_bp_2025.gmt,Positive Regulation of Exosomal Secretion (GO:1903543),3/11,0.035280674811178005,0.5319240202300684,5.5939095895592965,18.708382666059556,PDCD6IP;IFNG;RAB7A
human_GO_bp_2025.gmt,Positive Regulation of Focal Adhesion Assembly (GO:0051894),1/8,0.434927768409778,0.7199817787864567,2.7058697972251866,2.2528403887996764,RNASE1
human_GO_bp_2025.gmt,Positive Regulation of Focal Adhesion Disassembly (GO:0120183),1/4,0.2482218274225701,0.6725999495517755,5.801951516999543,8.084627616903795,IQSEC1
human_GO_bp_2025.gmt,Positive Regulation of G1/S Transition of Mitotic Cell Cycle (GO:1900087),1/16,0.6809154831081293,0.8157667157041159,1.3076393431335422,0.5025481439464183,RRM1
human_GO_bp_2025.gmt,Positive Regulation of G2/M Transition of Mitotic Cell Cycle (GO:0010971),2/12,0.19801100512773262,0.6611611074111686,3.2266361089890503,5.225319923868167,RRM1;CCNB1
human_GO_bp_2025.gmt,Positive Regulation of GTPase Activity (GO:0043547),1/45,0.9600384606425346,0.9795290905046162,0.45338337750170876,0.018489850140779217,ECT2
human_GO_bp_2025.gmt,Positive Regulation of Gene Expression (GO:0010628),9/158,0.7692060662295489,0.8719744880334968,0.855065201050189,0.22436601246592167,GJA1;CCL3;IFNG;LGALS9;CSDE1;RPS7;RPL26;RHOXF1;PLCG2
human_GO_bp_2025.gmt,"Positive Regulation of Gene Expression, Epigenetic (GO:0141137)",1/16,0.6809154831081293,0.8157667157041159,1.3076393431335422,0.5025481439464183,KDM1B
human_GO_bp_2025.gmt,Positive Regulation of Gliogenesis (GO:0014015),1/2,0.1329297557015066,0.6579351544822044,13.542155816435432,27.32718265313555,PRKCI
human_GO_bp_2025.gmt,Positive Regulation of Gluconeogenesis (GO:0045722),1/4,0.2482218274225701,0.6725999495517755,5.801951516999543,8.084627616903795,PTPN2
human_GO_bp_2025.gmt,Positive Regulation of Glucose Metabolic Process (GO:0010907),1/7,0.39311349314694843,0.7187522822462863,3.1226500287332732,2.9154838148419593,PTPN2
human_GO_bp_2025.gmt,Positive Regulation of Glycolytic Process (GO:0045821),1/5,0.29999627131960604,0.6915159365043801,4.511917467093561,5.432282004419637,IFNG
human_GO_bp_2025.gmt,Positive Regulation of Granulocyte Chemotaxis (GO:0071624),1/5,0.29999627131960604,0.6915159365043801,4.511917467093561,5.432282004419637,RNASE1
human_GO_bp_2025.gmt,Positive Regulation of Growth (GO:0045927),1/32,0.8984687566970927,0.9417105685167388,0.6418153173756163,0.06871489545561738,S100A8
human_GO_bp_2025.gmt,Positive Regulation of Homotypic Cell-Cell Adhesion (GO:0034112),1/6,0.3482121251529303,0.7014344967109387,3.6909867080624816,3.8937821774217376,F11R
human_GO_bp_2025.gmt,Positive Regulation of Hydrolase Activity (GO:0051345),1/41,0.9467486862286694,0.9725510613250482,0.498478200719396,0.027277524641520418,ECT2
human_GO_bp_2025.gmt,Positive Regulation of Immune Effector Process (GO:0002699),2/10,0.14751727516907936,0.6588977933440335,3.9871028625353886,7.630557290553867,IFNG;LGALS9
human_GO_bp_2025.gmt,Positive Regulation of Immune Response (GO:0050778),4/23,0.06920331895329693,0.6109842574255044,3.136329835577956,8.37621633925756,GBP5;FPR2;IFNG;LGALS9
human_GO_bp_2025.gmt,Positive Regulation of Immune System Process (GO:0002684),1/5,0.29999627131960604,0.6915159365043801,4.511917467093561,5.432282004419637,LGALS9
human_GO_bp_2025.gmt,Positive Regulation of Inflammasome-Mediated Signaling Pathway (GO:0141087),3/11,0.035280674811178005,0.5319240202300684,5.5939095895592965,18.708382666059556,GBP5;USP50;PLCG2
human_GO_bp_2025.gmt,Positive Regulation of Inflammatory Response (GO:0050729),9/34,0.0003563104175562488,0.05372064757001905,5.11334653296715,40.59847964074024,LILRA5;CASP1;CCL3;GBP5;IFNG;NUPR1;S100A8;GBP1;PLCG2
human_GO_bp_2025.gmt,Positive Regulation of Innate Immune Response (GO:0045089),2/17,0.3286927389544668,0.7014344967109387,2.1840607210626186,2.430055605212287,GBP5;FPR2
human_GO_bp_2025.gmt,Positive Regulation of Interleukin-1 Beta Production (GO:0032731),7/21,0.0003481355002026333,0.05372064757001905,7.08089468779124,56.38458932809556,LILRA5;CASP1;CCL3;GBP5;IFNG;LGALS9;USP50
human_GO_bp_2025.gmt,Positive Regulation of Interleukin-1 Production (GO:0032732),7/22,0.00048067911911157425,0.06280873823057903,6.6230165649520485,50.601903814268844,LILRA5;CASP1;CCL3;GBP5;IFNG;LGALS9;USP50
human_GO_bp_2025.gmt,Positive Regulation of Interleukin-10 Production (GO:0032733),3/12,0.044697425853014776,0.6000476347391024,5.004287245444802,15.552520901174407,LILRA5;PLCG2;LGALS9
human_GO_bp_2025.gmt,Positive Regulation of Interleukin-12 Production (GO:0032735),3/6,0.00553815119730964,0.29337233369532145,13.595927116827438,70.64572283223943,IFNG;PLCG2;LGALS9
human_GO_bp_2025.gmt,Positive Regulation of Interleukin-13 Production (GO:0032736),1/2,0.1329297557015066,0.6579351544822044,13.542155816435432,27.32718265313555,LGALS9
human_GO_bp_2025.gmt,Positive Regulation of Interleukin-18 Production (GO:0032741),1/2,0.1329297557015066,0.6579351544822044,13.542155816435432,27.32718265313555,GBP5
human_GO_bp_2025.gmt,Positive Regulation of Interleukin-2 Production (GO:0032743),1/11,0.543894738997155,0.7549813657467591,1.9318493672815977,1.1764953863382994,PLCG2
human_GO_bp_2025.gmt,Positive Regulation of Interleukin-23 Production (GO:0032747),2/2,0.004728007726729372,0.2808150043754415,67.8663101604278,363.3732837889178,IFNG;PLCG2
human_GO_bp_2025.gmt,Positive Regulation of Interleukin-4 Production (GO:0032753),1/4,0.2482218274225701,0.6725999495517755,5.801951516999543,8.084627616903795,LGALS9
human_GO_bp_2025.gmt,Positive Regulation of Interleukin-6 Production (GO:0032755),4/19,0.03755917251972661,0.5535035950275501,3.9481999930702334,12.957351409792262,LILRA5;IFNG;PLCG2;LGALS9
human_GO_bp_2025.gmt,Positive Regulation of Interleukin-8 Production (GO:0032757),1/13,0.604619241524603,0.781697700124157,1.6222411953041622,0.8162409942227296,LGALS9
human_GO_bp_2025.gmt,Positive Regulation of Intracellular Protein Transport (GO:0090316),3/29,0.32205325832356896,0.7014344967109387,1.7891767275374628,2.027205844712142,IPO5;IFNG;ECT2
human_GO_bp_2025.gmt,Positive Regulation of Intracellular Signal Transduction (GO:1902533),18/215,0.2246148618245003,0.6725999495517755,1.2756045250010513,1.9049470658973777,LILRA5;CASP1;APOL3;GJA1;CCL3;CCL4;PPIA;TRIM38;BMPER;BIRC2;LGALS9;NUPR1;XIAP;S100A8;TRIM8;TRIM5;ECT2;PLCG2
human_GO_bp_2025.gmt,Positive Regulation of Intrinsic Apoptotic Signaling Pathway (GO:2001244),3/15,0.07940294078463345,0.6275393707172644,3.8014576634512327,9.629928102559314,S100A8;NUPR1;RPS7
human_GO_bp_2025.gmt,Positive Regulation of Intrinsic Apoptotic Signaling Pathway by P53 Class Mediator (GO:1902255),2/3,0.013535761404385824,0.351165908645752,22.618538324420676,97.3144539878744,RPL26;RPS7
human_GO_bp_2025.gmt,Positive Regulation of Ion Transmembrane Transporter Activity (GO:0032414),1/10,0.5101278301715297,0.737352910867403,2.135538954108858,1.437418322826163,IFNG
human_GO_bp_2025.gmt,Positive Regulation of JNK Cascade (GO:0046330),1/26,0.8439614725352593,0.9128943080403468,0.7935840291292611,0.1346302878550709,XIAP
human_GO_bp_2025.gmt,Positive Regulation of Keratinocyte Migration (GO:0051549),1/4,0.2482218274225701,0.6725999495517755,5.801951516999543,8.084627616903795,IQSEC1
human_GO_bp_2025.gmt,Positive Regulation of Lamellipodium Assembly (GO:0010592),3/13,0.05522336550624813,0.6109842574255044,4.526973919256878,13.111787498938703,RNASE1;NCKAP1;BRK1
human_GO_bp_2025.gmt,Positive Regulation of Lamellipodium Organization (GO:1902745),3/18,0.1225514889554573,0.6579351544822044,3.0642395325519485,6.432525227629285,RNASE1;NCKAP1;BRK1
human_GO_bp_2025.gmt,Positive Regulation of Leukocyte Apoptotic Process (GO:2000108),1/4,0.2482218274225701,0.6725999495517755,5.801951516999543,8.084627616903795,LGALS9
human_GO_bp_2025.gmt,Positive Regulation of Leukocyte Chemotaxis (GO:0002690),4/21,0.05206660635689725,0.6109842574255044,3.4958723338959645,10.331112001127561,FPR2;VEGFC;CXCL17;LGALS9
human_GO_bp_2025.gmt,Positive Regulation of Leukocyte Differentiation (GO:1902107),1/6,0.3482121251529303,0.7014344967109387,3.6909867080624816,3.8937821774217376,LGALS9
human_GO_bp_2025.gmt,Positive Regulation of Leukocyte Proliferation (GO:0070665),1/6,0.3482121251529303,0.7014344967109387,3.6909867080624816,3.8937821774217376,CSF2RB
human_GO_bp_2025.gmt,Positive Regulation of Lymphocyte Chemotaxis (GO:0140131),2/8,0.10041356630714114,0.6579351544822044,5.215549156725627,11.987720466033037,CCL3;CCL4
human_GO_bp_2025.gmt,Positive Regulation of Lymphocyte Migration (GO:2000403),1/7,0.39311349314694843,0.7187522822462863,3.1226500287332732,2.9154838148419593,LGALS9
human_GO_bp_2025.gmt,Positive Regulation of MAPK Cascade (GO:0043410),10/117,0.2844880954825986,0.6915159365043801,1.3260976288685882,1.6669894172606536,LILRA5;CCL3;PPIA;BMPER;LGALS9;XIAP;CXCL17;TRIM5;PLCG2;FPR2
human_GO_bp_2025.gmt,Positive Regulation of MHC Class II Biosynthetic Process (GO:0045348),1/2,0.1329297557015066,0.6579351544822044,13.542155816435432,27.32718265313555,IFNG
human_GO_bp_2025.gmt,Positive Regulation of Macroautophagy (GO:0016239),1/35,0.9181121553328068,0.9526203411605618,0.5857268804231822,0.050041999075512246,BNIP3
human_GO_bp_2025.gmt,Positive Regulation of Macromolecule Biosynthetic Process (GO:0010557),7/112,0.6596272884267544,0.8090547467562195,0.9592160881260408,0.39911093495697586,GJA1;CCL3;IFNG;LGALS9;RPS7;RHOXF1;PLCG2
human_GO_bp_2025.gmt,Positive Regulation of Macrophage Chemotaxis (GO:0010759),1/5,0.29999627131960604,0.6915159365043801,4.511917467093561,5.432282004419637,CXCL17
human_GO_bp_2025.gmt,Positive Regulation of Macrophage Cytokine Production (GO:0060907),1/1,0.06882888171411798,0.6109842574255044,40.63287086446105,108.73891905550649,PLCG2
human_GO_bp_2025.gmt,Positive Regulation of Macrophage Migration (GO:1905523),2/6,0.05891700215298481,0.6109842574255044,7.5359477124183005,21.338982226404713,CXCL17;CCL3
human_GO_bp_2025.gmt,Positive Regulation of Meiotic Nuclear Division (GO:0045836),1/3,0.19262675285006695,0.6588977933440335,8.12401280683031,13.380256287293214,PRDM9
human_GO_bp_2025.gmt,Positive Regulation of Membrane Invagination (GO:1905155),1/4,0.2482218274225701,0.6725999495517755,5.801951516999543,8.084627616903795,PLCG2
human_GO_bp_2025.gmt,Positive Regulation of Membrane Protein Ectodomain Proteolysis (GO:0051044),1/5,0.29999627131960604,0.6915159365043801,4.511917467093561,5.432282004419637,IFNG
human_GO_bp_2025.gmt,Positive Regulation of Metabolic Process (GO:0009893),8/48,0.015597702143229484,0.3821437025091224,2.8675548065219427,11.930839355195808,TRPV2;LCN2;GJA1;GRB2;IFNG;GNAS;CCNB1;CHCHD2
human_GO_bp_2025.gmt,Positive Regulation of Microtubule Polymerization (GO:0031116),1/15,0.6572739920461566,0.8066731524173242,1.3980421742170537,0.5866944272638178,RNASE1
human_GO_bp_2025.gmt,Positive Regulation of Microtubule Polymerization or Depolymerization (GO:0031112),1/15,0.6572739920461566,0.8066731524173242,1.3980421742170537,0.5866944272638178,RNASE1
human_GO_bp_2025.gmt,Positive Regulation of Mitochondrial Fission (GO:0090141),1/8,0.434927768409778,0.7199817787864567,2.7058697972251866,2.2528403887996764,BNIP3
human_GO_bp_2025.gmt,Positive Regulation of Mitochondrial Membrane Permeability (GO:0035794),1/3,0.19262675285006695,0.6588977933440335,8.12401280683031,13.380256287293214,SIVA1
human_GO_bp_2025.gmt,Positive Regulation of Mitotic Cell Cycle (GO:0045931),2/10,0.14751727516907936,0.6588977933440335,3.9871028625353886,7.630557290553867,ASNS;CCNB1
human_GO_bp_2025.gmt,Positive Regulation of Mitotic Cell Cycle Phase Transition (GO:1901992),2/35,0.7051207165414939,0.8307869717971058,1.0076622236411525,0.352063337365256,RRM1;CCNB1
human_GO_bp_2025.gmt,Positive Regulation of Mitotic Cell Cycle Spindle Assembly Checkpoint (GO:0090267),1/8,0.434927768409778,0.7199817787864567,2.7058697972251866,2.2528403887996764,NDC80
human_GO_bp_2025.gmt,Positive Regulation of Mitotic Cytokinesis (GO:1903490),1/9,0.4738667746712847,0.7267440362720797,2.3871555025425324,1.7827971069314716,ECT2
human_GO_bp_2025.gmt,Positive Regulation of Mitotic Cytokinetic Process (GO:1903438),1/5,0.29999627131960604,0.6915159365043801,4.511917467093561,5.432282004419637,ECT2
human_GO_bp_2025.gmt,Positive Regulation of Monoatomic Ion Transport (GO:0043270),3/16,0.09293655139845053,0.6579351544822044,3.5193124528601483,8.361317180347134,LILRA5;CCL3;CCL4
human_GO_bp_2025.gmt,Positive Regulation of Monocyte Chemotactic Protein-1 Production (GO:0071639),1/2,0.1329297557015066,0.6579351544822044,13.542155816435432,27.32718265313555,LGALS9
human_GO_bp_2025.gmt,Positive Regulation of Monocyte Chemotaxis (GO:0090026),2/9,0.12341571831772508,0.6579351544822044,4.519429590017825,9.455536119984815,CXCL17;FPR2
human_GO_bp_2025.gmt,Positive Regulation of Mononuclear Cell Migration (GO:0071677),3/14,0.0668107491816706,0.6109842574255044,4.132671606319027,11.182560126664928,FPR2;CXCL17;LGALS9
human_GO_bp_2025.gmt,Positive Regulation of Monooxygenase Activity (GO:0032770),3/7,0.009199714563393703,0.351165908645752,10.572942717637252,49.57211759466882,DHFR;IFNG;VDAC2
human_GO_bp_2025.gmt,Positive Regulation of Morphogenesis of an Epithelium (GO:1905332),1/7,0.39311349314694843,0.7187522822462863,3.1226500287332732,2.9154838148419593,GJA1
human_GO_bp_2025.gmt,Positive Regulation of Multicellular Organismal Process (GO:0051240),7/129,0.7942373098393413,0.8834603934059425,0.823849972421401,0.18979277610273318,LILRA5;TRPV2;LCN2;GJA1;IFNG;GNAS;SERPINB3
human_GO_bp_2025.gmt,Positive Regulation of Muscle Cell Apoptotic Process (GO:0010661),1/2,0.1329297557015066,0.6579351544822044,13.542155816435432,27.32718265313555,IFNG
human_GO_bp_2025.gmt,Positive Regulation of Myelination (GO:0031643),1/6,0.3482121251529303,0.7014344967109387,3.6909867080624816,3.8937821774217376,RNF10
human_GO_bp_2025.gmt,Positive Regulation of Myeloid Leukocyte Differentiation (GO:0002763),1/11,0.543894738997155,0.7549813657467591,1.9318493672815977,1.1764953863382994,IFNG
human_GO_bp_2025.gmt,Positive Regulation of NF-kappaB Transcription Factor Activity (GO:0051092),7/37,0.011828906963963302,0.351165908645752,3.3578201151971645,14.899349637313279,PRKCI;PPIA;TRIM38;LGALS9;S100A8;TRIM8;TRIM5
human_GO_bp_2025.gmt,Positive Regulation of NLRP3 Inflammasome Complex Assembly (GO:1900227),3/11,0.035280674811178005,0.5319240202300684,5.5939095895592965,18.708382666059556,GBP5;USP50;PLCG2
human_GO_bp_2025.gmt,Positive Regulation of Nervous System Development (GO:0051962),1/17,0.7029294046177333,0.8307869717971058,1.2281944309692443,0.4329370782980135,IFNG
human_GO_bp_2025.gmt,Positive Regulation of Nervous System Process (GO:0031646),1/9,0.4738667746712847,0.7267440362720797,2.3871555025425324,1.7827971069314716,RNF10
human_GO_bp_2025.gmt,Positive Regulation of Neurogenesis (GO:0050769),1/20,0.7602861881495797,0.8628609894459619,1.0387488711928412,0.2846798825555806,IFNG
human_GO_bp_2025.gmt,Positive Regulation of Neuroinflammatory Response (GO:0150078),2/4,0.025841529132557717,0.44429295701590465,13.56898395721925,49.60511738419774,NUPR1;PLCG2
human_GO_bp_2025.gmt,Positive Regulation of Neuron Apoptotic Process (GO:0043525),3/15,0.07940294078463345,0.6275393707172644,3.8014576634512327,9.629928102559314,NUPR1;CASP2;CCL3
human_GO_bp_2025.gmt,Positive Regulation of Neuron Differentiation (GO:0045666),1/15,0.6572739920461566,0.8066731524173242,1.3980421742170537,0.5866944272638178,ECT2
human_GO_bp_2025.gmt,Positive Regulation of Neuron Projection Development (GO:0010976),2/43,0.8062675157379131,0.8891519390841401,0.8123832227304941,0.17493834822596876,PRKCI;SNX3
human_GO_bp_2025.gmt,Positive Regulation of Neutrophil Chemotaxis (GO:0090023),1/5,0.29999627131960604,0.6915159365043801,4.511917467093561,5.432282004419637,RNASE1
human_GO_bp_2025.gmt,Positive Regulation of Neutrophil Migration (GO:1902624),1/6,0.3482121251529303,0.7014344967109387,3.6909867080624816,3.8937821774217376,RNASE1
human_GO_bp_2025.gmt,Positive Regulation of Nitric Oxide Biosynthetic Process (GO:0045429),1/12,0.575338714803466,0.772372521243009,1.763584056424296,0.9749028158966704,IFNG
human_GO_bp_2025.gmt,Positive Regulation of Nitric Oxide Metabolic Process (GO:1904407),1/12,0.575338714803466,0.772372521243009,1.763584056424296,0.9749028158966704,IFNG
human_GO_bp_2025.gmt,Positive Regulation of Non-Canonical NF-kappaB Signal Transduction (GO:1901224),1/17,0.7029294046177333,0.8307869717971058,1.2281944309692443,0.4329370782980135,LGALS9
human_GO_bp_2025.gmt,Positive Regulation of Notch Signaling Pathway (GO:0045747),1/12,0.575338714803466,0.772372521243009,1.763584056424296,0.9749028158966704,PRKCI
human_GO_bp_2025.gmt,Positive Regulation of Nuclear-Transcribed mRNA poly(A) Tail Shortening (GO:0060213),1/7,0.39311349314694843,0.7187522822462863,3.1226500287332732,2.9154838148419593,EIF4ENIF1
human_GO_bp_2025.gmt,Positive Regulation of Nucleocytoplasmic Transport (GO:0046824),4/21,0.05206660635689725,0.6109842574255044,3.4958723338959645,10.331112001127561,IPO5;KHDRBS1;IFNG;ECT2
human_GO_bp_2025.gmt,Positive Regulation of Organelle Assembly (GO:1902117),1/38,0.9339616326679051,0.9634551579100495,0.5386125933831377,0.03679796935074677,PDCD6IP
human_GO_bp_2025.gmt,Positive Regulation of Organelle Organization (GO:0010638),4/35,0.21819845676236843,0.6725999495517755,1.9378548411845942,2.950093856571673,KATNBL1;LMAN1;SIVA1;BNIP3
human_GO_bp_2025.gmt,Positive Regulation of Osteoclast Differentiation (GO:0045672),1/6,0.3482121251529303,0.7014344967109387,3.6909867080624816,3.8937821774217376,IFNG
human_GO_bp_2025.gmt,Positive Regulation of Oxidoreductase Activity (GO:0051353),1/5,0.29999627131960604,0.6915159365043801,4.511917467093561,5.432282004419637,VDAC2
human_GO_bp_2025.gmt,Positive Regulation of Peptidase Activity (GO:0010952),1/4,0.2482218274225701,0.6725999495517755,5.801951516999543,8.084627616903795,SERPINB3
human_GO_bp_2025.gmt,Positive Regulation of Peptidyl-Serine Phosphorylation (GO:0033138),1/17,0.7029294046177333,0.8307869717971058,1.2281944309692443,0.4329370782980135,IFNG
human_GO_bp_2025.gmt,Positive Regulation of Peptidyl-Tyrosine Phosphorylation (GO:0050731),2/19,0.37986896542989435,0.7187522822462863,1.933842627960275,1.8718221938477368,LILRA5;IFNG
human_GO_bp_2025.gmt,Positive Regulation of Phagocytosis (GO:0050766),5/23,0.018071752883950094,0.41345571935204245,4.049835626800105,16.253631257977144,FCGR2A;SFTPD;IFNG;PLCG2;FPR2
human_GO_bp_2025.gmt,"Positive Regulation of Phagocytosis, Engulfment (GO:0060100)",1/5,0.29999627131960604,0.6915159365043801,4.511917467093561,5.432282004419637,PLCG2
human_GO_bp_2025.gmt,Positive Regulation of Phosphatase Activity (GO:0010922),1/3,0.19262675285006695,0.6588977933440335,8.12401280683031,13.380256287293214,IFNG
human_GO_bp_2025.gmt,Positive Regulation of Phosphate Metabolic Process (GO:0045937),1/10,0.5101278301715297,0.737352910867403,2.135538954108858,1.437418322826163,IFNG
human_GO_bp_2025.gmt,Positive Regulation of Phosphorylation (GO:0042327),2/28,0.5837251994389475,0.7772427927312073,1.2752497225305217,0.6864987505186478,RNASE1;PPIA
human_GO_bp_2025.gmt,Positive Regulation of Plasma Membrane Bounded Cell Projection Assembly (GO:0120034),3/43,0.5761557908504131,0.7729400068903557,1.1681023646011142,0.6440649931537723,RNASE1;NCKAP1;BRK1
human_GO_bp_2025.gmt,Positive Regulation of Platelet Aggregation (GO:1901731),1/4,0.2482218274225701,0.6725999495517755,5.801951516999543,8.084627616903795,F11R
human_GO_bp_2025.gmt,Positive Regulation of Positive Chemotaxis (GO:0050927),1/7,0.39311349314694843,0.7187522822462863,3.1226500287332732,2.9154838148419593,VEGFC
human_GO_bp_2025.gmt,Positive Regulation of Programmed Cell Death (GO:0043068),4/93,0.8914241708386251,0.9373344285642196,0.6757736320049925,0.07766997701028398,ECT2;CASP2;BNIP3;SAP18
human_GO_bp_2025.gmt,Positive Regulation of Proteasomal Protein Catabolic Process (GO:1901800),2/38,0.7473833538802392,0.8571511840873429,0.9244011427734232,0.2691643831775851,NUPR1;UBQLN1
human_GO_bp_2025.gmt,Positive Regulation of Protein Catabolic Process (GO:0045732),3/46,0.6225958947816199,0.7939066382747465,1.0870261546611475,0.5150956207267042,IFNG;NUPR1;RAB7A
human_GO_bp_2025.gmt,Positive Regulation of Protein Import Into Nucleus (GO:0042307),3/14,0.0668107491816706,0.6109842574255044,4.132671606319027,11.182560126664928,IPO5;IFNG;ECT2
human_GO_bp_2025.gmt,Positive Regulation of Protein Kinase Activity (GO:0045860),4/38,0.26393913311249906,0.6915159365043801,1.7685051137159669,2.35571381961327,LILRA5;IFNG;TPX2;ECT2
human_GO_bp_2025.gmt,Positive Regulation of Protein Localization to Cajal Body (GO:1904871),4/9,0.0021128409613897455,0.1800507949706044,11.144321843569964,68.64592231655585,CCT3;LARP7;CCT7;CCT4
human_GO_bp_2025.gmt,Positive Regulation of Protein Localization to Cell Periphery (GO:1904377),2/29,0.6031083061882345,0.781697700124157,1.228682547399125,0.6212937568532244,PRKCI;IFNG
human_GO_bp_2025.gmt,Positive Regulation of Protein Localization to Membrane (GO:1905477),3/32,0.3799166112635073,0.7187522822462863,1.6064635674968664,1.5547410542280296,PRKCI;TCAF2;IFNG
human_GO_bp_2025.gmt,Positive Regulation of Protein Localization to Nucleus (GO:1900182),7/41,0.020392068820500694,0.43281167862973347,2.9666274970622797,11.54792159791134,CCT4;IFNG;CCT3;CCT7;IPO5;ECT2;LARP7
human_GO_bp_2025.gmt,Positive Regulation of Protein Localization to Plasma Membrane (GO:1903078),2/25,0.5214627645355767,0.748767046512623,1.4387302309705314,0.9367822984975749,PRKCI;IFNG
human_GO_bp_2025.gmt,Positive Regulation of Protein Metabolic Process (GO:0051247),5/102,0.8405275072092153,0.911695580592176,0.7588363556070769,0.1318293007788559,RAB7A;USP8;CSDE1;RPL26;IST1
human_GO_bp_2025.gmt,Positive Regulation of Protein Modification Process (GO:0031401),3/35,0.4366543212589065,0.7204061192487009,1.4574820677714568,1.207689206275338,RNASE1;PPIA;IFNG
human_GO_bp_2025.gmt,Positive Regulation of Protein Modification by Small Protein Conjugation or Removal (GO:1903322),4/28,0.12275522312092955,0.6579351544822044,2.4942896600100837,5.231929608158428,XIAP;UBQLN1;BIRC2;UBE3A
human_GO_bp_2025.gmt,Positive Regulation of Protein Phosphorylation (GO:0001934),2/62,0.9337532191499291,0.9634551579100495,0.5555751977725726,0.03808084355552897,RNASE1;PPIA
human_GO_bp_2025.gmt,Positive Regulation of Protein Polymerization (GO:0032273),2/31,0.6398089160788426,0.8012942335556112,1.1450194869935648,0.5113493472448634,RNASE1;NCKAP1
human_GO_bp_2025.gmt,Positive Regulation of Protein Polyubiquitination (GO:1902916),1/8,0.434927768409778,0.7199817787864567,2.7058697972251866,2.2528403887996764,XIAP
human_GO_bp_2025.gmt,Positive Regulation of Protein Processing (GO:0010954),1/7,0.39311349314694843,0.7187522822462863,3.1226500287332732,2.9154838148419593,MYH9
human_GO_bp_2025.gmt,Positive Regulation of Protein Secretion (GO:0050714),2/19,0.37986896542989435,0.7187522822462863,1.933842627960275,1.8718221938477368,PPIA;CD33
human_GO_bp_2025.gmt,Positive Regulation of Protein Serine/Threonine Kinase Activity (GO:0071902),1/30,0.8828264930794508,0.9322952189847649,0.6855452851690393,0.08543717444783333,IFNG
human_GO_bp_2025.gmt,Positive Regulation of Protein Targeting to Membrane (GO:0090314),1/9,0.4738667746712847,0.7267440362720797,2.3871555025425324,1.7827971069314716,TCAF2
human_GO_bp_2025.gmt,Positive Regulation of Protein Transport (GO:0051222),2/27,0.563653015860974,0.772372521243009,1.3254692251232043,0.7599132933871644,PPIA;CD33
human_GO_bp_2025.gmt,Positive Regulation of Protein Tyrosine Kinase Activity (GO:0061098),1/3,0.19262675285006695,0.6588977933440335,8.12401280683031,13.380256287293214,LILRA5
human_GO_bp_2025.gmt,Positive Regulation of Protein Ubiquitination (GO:0031398),4/27,0.11090963425311083,0.6579351544822044,2.6008410082958155,5.719352149635536,XIAP;UBQLN1;BIRC2;UBE3A
human_GO_bp_2025.gmt,Positive Regulation of Protein-Containing Complex Assembly (GO:0031334),6/47,0.10129444438943076,0.6579351544822044,2.1304246110656218,4.878083749386903,BRK1;GBP5;IFNG;SERPINA2;USP50;PLCG2
human_GO_bp_2025.gmt,Positive Regulation of Protein-Containing Complex Disassembly (GO:0043243),1/3,0.19262675285006695,0.6588977933440335,8.12401280683031,13.380256287293214,BNIP3
human_GO_bp_2025.gmt,Positive Regulation of Proteolysis (GO:0045862),2/21,0.42933011585682956,0.7199817787864567,1.7349513231866174,1.4669519264966213,IST1;IFNG
human_GO_bp_2025.gmt,Positive Regulation of Proteolysis Involved in Protein Catabolic Process (GO:1903052),2/19,0.37986896542989435,0.7187522822462863,1.933842627960275,1.8718221938477368,NUPR1;L3MBTL3
human_GO_bp_2025.gmt,Positive Regulation of Purine Nucleotide Catabolic Process (GO:0033123),1/5,0.29999627131960604,0.6915159365043801,4.511917467093561,5.432282004419637,IFNG
human_GO_bp_2025.gmt,Positive Regulation of Pyroptotic Inflammatory Response (GO:0140639),2/3,0.013535761404385824,0.351165908645752,22.618538324420676,97.3144539878744,GBP5;GBP1
human_GO_bp_2025.gmt,Positive Regulation of RNA Biosynthetic Process (GO:1902680),8/205,0.9758092934238164,0.9887161552947392,0.5733889216506439,0.014041209692311075,YWHAH;NAA16;CRLF3;RNF10;FAM170A;NEK4;TBL1X;GTF2H1
human_GO_bp_2025.gmt,Positive Regulation of Reactive Oxygen Species Biosynthetic Process (GO:1903428),1/2,0.1329297557015066,0.6579351544822044,13.542155816435432,27.32718265313555,PLCG2
human_GO_bp_2025.gmt,Positive Regulation of Reactive Oxygen Species Metabolic Process (GO:2000379),3/16,0.09293655139845053,0.6579351544822044,3.5193124528601483,8.361317180347134,GRB2;PLCG2;FPR2
human_GO_bp_2025.gmt,Positive Regulation of Receptor Signaling Pathway via JAK-STAT (GO:0046427),1/10,0.5101278301715297,0.737352910867403,2.135538954108858,1.437418322826163,CRLF3
human_GO_bp_2025.gmt,Positive Regulation of Receptor Signaling Pathway via STAT (GO:1904894),1/10,0.5101278301715297,0.737352910867403,2.135538954108858,1.437418322826163,CRLF3
human_GO_bp_2025.gmt,Positive Regulation of Release of Cytochrome C From Mitochondria (GO:0090200),1/6,0.3482121251529303,0.7014344967109387,3.6909867080624816,3.8937821774217376,BNIP3
human_GO_bp_2025.gmt,Positive Regulation of Reproductive Process (GO:2000243),1/10,0.5101278301715297,0.737352910867403,2.135538954108858,1.437418322826163,PRDM9
human_GO_bp_2025.gmt,Positive Regulation of Response to Biotic Stimulus (GO:0002833),2/16,0.3026516261165659,0.6915159365043801,2.3350543979347225,2.790793698448824,GBP5;FPR2
human_GO_bp_2025.gmt,Positive Regulation of Response to Endoplasmic Reticulum Stress (GO:1905898),1/11,0.543894738997155,0.7549813657467591,1.9318493672815977,1.1764953863382994,UBQLN1
human_GO_bp_2025.gmt,Positive Regulation of Response to External Stimulus (GO:0032103),8/41,0.006017464833647686,0.3024161813833196,3.4705939425300367,17.745456517367135,LILRA5;CASP1;CCL3;GBP5;IFNG;S100A8;USF1;FPR2
human_GO_bp_2025.gmt,Positive Regulation of Rho Protein Signal Transduction (GO:0035025),2/11,0.1724587419152796,0.6588977933440335,3.5668449197860963,6.2690768165601165,RNASE1;F11R
human_GO_bp_2025.gmt,Positive Regulation of SMAD Protein Signal Transduction (GO:0060391),1/9,0.4738667746712847,0.7267440362720797,2.3871555025425324,1.7827971069314716,BMPER
human_GO_bp_2025.gmt,Positive Regulation of Secretion by Cell (GO:1903532),2/25,0.5214627645355767,0.748767046512623,1.4387302309705314,0.9367822984975749,PPIA;CD33
human_GO_bp_2025.gmt,Positive Regulation of Signal Transduction (GO:0009967),1/85,0.9977584780091108,0.9999006927211501,0.2372484259849829,0.0005323944742748319,PRKCI
human_GO_bp_2025.gmt,Positive Regulation of Signal Transduction by P53 Class Mediator (GO:1901798),3/14,0.0668107491816706,0.6109842574255044,4.132671606319027,11.182560126664928,SERPINA2;RPL26;RPS7
human_GO_bp_2025.gmt,Positive Regulation of Signaling Receptor Activity (GO:2000273),1/5,0.29999627131960604,0.6915159365043801,4.511917467093561,5.432282004419637,IFNG
human_GO_bp_2025.gmt,Positive Regulation of Small GTPase Mediated Signal Transduction (GO:0051057),2/21,0.42933011585682956,0.7199817787864567,1.7349513231866174,1.4669519264966213,RNASE1;F11R
human_GO_bp_2025.gmt,Positive Regulation of Small Molecule Metabolic Process (GO:0062013),1/4,0.2482218274225701,0.6725999495517755,5.801951516999543,8.084627616903795,CES1
human_GO_bp_2025.gmt,Positive Regulation of Smooth Muscle Cell Apoptotic Process (GO:0034393),2/4,0.025841529132557717,0.44429295701590465,13.56898395721925,49.60511738419774,IFNG;SOD2
human_GO_bp_2025.gmt,Positive Regulation of Smooth Muscle Cell Proliferation (GO:0048661),1/12,0.575338714803466,0.772372521243009,1.763584056424296,0.9749028158966704,GJA1
human_GO_bp_2025.gmt,Positive Regulation of Spindle Checkpoint (GO:0090232),1/8,0.434927768409778,0.7199817787864567,2.7058697972251866,2.2528403887996764,NDC80
human_GO_bp_2025.gmt,Positive Regulation of Stem Cell Proliferation (GO:2000648),1/6,0.3482121251529303,0.7014344967109387,3.6909867080624816,3.8937821774217376,GJA1
human_GO_bp_2025.gmt,Positive Regulation of Steroid Biosynthetic Process (GO:0010893),1/2,0.1329297557015066,0.6579351544822044,13.542155816435432,27.32718265313555,IFNG
human_GO_bp_2025.gmt,Positive Regulation of Steroid Metabolic Process (GO:0045940),1/2,0.1329297557015066,0.6579351544822044,13.542155816435432,27.32718265313555,CES1
human_GO_bp_2025.gmt,Positive Regulation of Stress Fiber Assembly (GO:0051496),1/18,0.7234275816420505,0.8445015247280636,1.1578289373380088,0.3748527135588553,RNASE1
human_GO_bp_2025.gmt,Positive Regulation of Substrate Adhesion-Dependent Cell Spreading (GO:1900026),1/14,0.6318848753615329,0.7939066382747465,1.5018380173129373,0.6894158292825293,RNASE1
human_GO_bp_2025.gmt,Positive Regulation of Superoxide Anion Generation (GO:0032930),1/8,0.434927768409778,0.7199817787864567,2.7058697972251866,2.2528403887996764,FPR2
human_GO_bp_2025.gmt,Positive Regulation of Supramolecular Fiber Organization (GO:1902905),3/40,0.5263050047820993,0.7540627261497913,1.2621507681314754,0.8101422383484979,RNASE1;NCKAP1;USP8
human_GO_bp_2025.gmt,Positive Regulation of T Cell Activation (GO:0050870),1/33,0.9054900119476181,0.9465388924892435,0.6219686396847549,0.06174844457388425,LGALS9
human_GO_bp_2025.gmt,Positive Regulation of T Cell Apoptotic Process (GO:0070234),1/3,0.19262675285006695,0.6588977933440335,8.12401280683031,13.380256287293214,LGALS9
human_GO_bp_2025.gmt,Positive Regulation of T Cell Mediated Cytotoxicity (GO:0001916),1/6,0.3482121251529303,0.7014344967109387,3.6909867080624816,3.8937821774217376,SLC22A13
human_GO_bp_2025.gmt,Positive Regulation of T Cell Mediated Immune Response to Tumor Cell (GO:0002842),1/6,0.3482121251529303,0.7014344967109387,3.6909867080624816,3.8937821774217376,SLC22A13
human_GO_bp_2025.gmt,Positive Regulation of T Cell Migration (GO:2000406),1/11,0.543894738997155,0.7549813657467591,1.9318493672815977,1.1764953863382994,LGALS9
human_GO_bp_2025.gmt,Positive Regulation of TOR Signaling (GO:0032008),1/35,0.9181121553328068,0.9526203411605618,0.5857268804231822,0.050041999075512246,MIOS
human_GO_bp_2025.gmt,Positive Regulation of TORC1 Signaling (GO:1904263),1/30,0.8828264930794508,0.9322952189847649,0.6855452851690393,0.08543717444783333,MIOS
human_GO_bp_2025.gmt,Positive Regulation of Telomerase RNA Localization to Cajal Body (GO:1904874),3/8,0.013974969833861558,0.351165908645752,8.64922537269804,36.936408134068955,CCT3;CCT7;CCT4
human_GO_bp_2025.gmt,Positive Regulation of Telomere Maintenance via Telomerase (GO:0032212),4/12,0.007030421685667752,0.3444906625977199,7.207619890061288,35.73183752724136,CCT3;SERPINA2;CCT7;CCT4
human_GO_bp_2025.gmt,Positive Regulation of Telomere Maintenance via Telomere Lengthening (GO:1904358),4/14,0.012736292029698965,0.351165908645752,5.832898572963019,25.45068471413758,CCT3;SERPINA2;CCT7;CCT4
human_GO_bp_2025.gmt,Positive Regulation of Transcription Elongation by RNA Polymerase II (GO:0032968),2/24,0.49936693914536984,0.737352910867403,1.50291146761735,1.0436429208959674,MED29;ELL2
human_GO_bp_2025.gmt,Positive Regulation of Transcription Initiation by RNA Polymerase II (GO:0060261),1/26,0.8439614725352593,0.9128943080403468,0.7935840291292611,0.1346302878550709,MED29
human_GO_bp_2025.gmt,Positive Regulation of Transcription Regulatory Region DNA Binding (GO:2000679),1/6,0.3482121251529303,0.7014344967109387,3.6909867080624816,3.8937821774217376,IFNG
human_GO_bp_2025.gmt,Positive Regulation of Transcription by RNA Polymerase I (GO:0045943),3/17,0.10734327983230747,0.6579351544822044,3.2760838230402483,7.311312787874168,NOL11;DEK;DDX11
human_GO_bp_2025.gmt,Positive Regulation of Transcription by RNA Polymerase II (GO:0045944),14/330,0.985049330984358,0.9926461124572451,0.6064391160868653,0.009135130099114642,DEK;ARF4;RNF10;CRLF3;ELL2;IFNG;PTMS;MED29;TBL1X;USF1;LARP7;KLF5;CHCHD2;ZNF410
human_GO_bp_2025.gmt,Positive Regulation of Transcription by RNA Polymerase III (GO:0045945),1/9,0.4738667746712847,0.7267440362720797,2.3871555025425324,1.7827971069314716,DEK
human_GO_bp_2025.gmt,Positive Regulation of Transcription of Nucleolar Large rRNA by RNA Polymerase I (GO:1901838),1/4,0.2482218274225701,0.6725999495517755,5.801951516999543,8.084627616903795,NOL11
human_GO_bp_2025.gmt,Positive Regulation of Transforming Growth Factor Beta Production (GO:0071636),1/4,0.2482218274225701,0.6725999495517755,5.801951516999543,8.084627616903795,LGALS9
human_GO_bp_2025.gmt,Positive Regulation of Translation (GO:0045727),5/67,0.4935272766869394,0.737352910867403,1.190415500538213,0.8406442251613255,KHDRBS1;SYNCRIP;CSDE1;BOLL;RPL26
human_GO_bp_2025.gmt,Positive Regulation of Translational Initiation (GO:0045948),2/12,0.19801100512773262,0.6611611074111686,3.2266361089890503,5.225319923868167,KHDRBS1;SH3BGRL
human_GO_bp_2025.gmt,Positive Regulation of Transport (GO:0051050),1/18,0.7234275816420505,0.8445015247280636,1.1578289373380088,0.3748527135588553,SIVA1
human_GO_bp_2025.gmt,Positive Regulation of Tumor Necrosis Factor Production (GO:0032760),6/28,0.01056127022196506,0.351165908645752,3.9412921011626514,17.935092969852956,LILRA5;FCGR2A;CCL3;IFNG;LGALS9;PLCG2
human_GO_bp_2025.gmt,Positive Regulation of Tumor Necrosis Factor Superfamily Cytokine Production (GO:1903557),6/29,0.012562968056100651,0.351165908645752,3.7729807890931624,16.514343839770103,LILRA5;FCGR2A;CCL3;IFNG;LGALS9;PLCG2
human_GO_bp_2025.gmt,Positive Regulation of Tumor Necrosis Factor-Mediated Signaling Pathway (GO:1903265),1/5,0.29999627131960604,0.6915159365043801,4.511917467093561,5.432282004419637,CASP1
human_GO_bp_2025.gmt,Positive Regulation of Type I Interferon Production (GO:0032481),1/17,0.7029294046177333,0.8307869717971058,1.2281944309692443,0.4329370782980135,XIAP
human_GO_bp_2025.gmt,Positive Regulation of Type II Interferon Production (GO:0032729),1/16,0.6809154831081293,0.8157667157041159,1.3076393431335422,0.5025481439464183,LGALS9
human_GO_bp_2025.gmt,Positive Regulation of Tyrosine Phosphorylation of STAT Protein (GO:0042531),1/9,0.4738667746712847,0.7267440362720797,2.3871555025425324,1.7827971069314716,IFNG
human_GO_bp_2025.gmt,Positive Regulation of Ubiquitin-Dependent Protein Catabolic Process (GO:2000060),1/34,0.912026685653055,0.9503308367251397,0.6033068382739452,0.055556130855209586,L3MBTL3
human_GO_bp_2025.gmt,Positive Regulation of Vascular Associated Smooth Muscle Cell Differentiation (GO:1905065),1/3,0.19262675285006695,0.6588977933440335,8.12401280683031,13.380256287293214,SOD2
human_GO_bp_2025.gmt,Positive Regulation of Vascular Associated Smooth Muscle Cell Proliferation (GO:1904707),1/3,0.19262675285006695,0.6588977933440335,8.12401280683031,13.380256287293214,GJA1
human_GO_bp_2025.gmt,Positive Regulation of Vascular Endothelial Growth Factor Production (GO:0010575),1/9,0.4738667746712847,0.7267440362720797,2.3871555025425324,1.7827971069314716,CXCL17
human_GO_bp_2025.gmt,Positive Regulation of Vasculature Development (GO:1904018),1/29,0.8741256737720192,0.9286104718662102,0.7097118463180363,0.09547833109714432,VASH2
human_GO_bp_2025.gmt,Positive Regulation of Vasculogenesis (GO:2001214),1/6,0.3482121251529303,0.7014344967109387,3.6909867080624816,3.8937821774217376,CEACAM1
human_GO_bp_2025.gmt,Positive Regulation of Viral Entry Into Host Cell (GO:0046598),2/4,0.025841529132557717,0.44429295701590465,13.56898395721925,49.60511738419774,TRIM38;LGALS9
human_GO_bp_2025.gmt,Positive Regulation of Viral Genome Replication (GO:0045070),3/18,0.1225514889554573,0.6579351544822044,3.0642395325519485,6.432525227629285,PPIE;IFIT1;PPIA
human_GO_bp_2025.gmt,Positive Regulation of Viral Life Cycle (GO:1903902),2/10,0.14751727516907936,0.6588977933440335,3.9871028625353886,7.630557290553867,TRIM38;LGALS9
human_GO_bp_2025.gmt,Positive Regulation of Viral Process (GO:0048524),5/26,0.029828483396392776,0.4912926677052928,3.483090094375047,12.233627813376488,PPIE;ATG12;RAB7A;PPIA;IFIT1
human_GO_bp_2025.gmt,Positive Regulation of Wnt Signaling Pathway (GO:0030177),3/48,0.6515656789274171,0.8066731524173242,1.038914997114354,0.44504736829973557,XIAP;TBL1X;USP8
human_GO_bp_2025.gmt,Positive Regulation of mRNA Catabolic Process (GO:0061014),2/26,0.5428959972338279,0.7549813657467591,1.3797882789479428,0.8428264380643381,ZFP36L2;EIF4ENIF1
human_GO_bp_2025.gmt,Prevention of Polyspermy (GO:0060468),1/1,0.06882888171411798,0.6109842574255044,40.63287086446105,108.73891905550649,MYH9
human_GO_bp_2025.gmt,Primary Alcohol Catabolic Process (GO:0034310),2/5,0.04112405183442642,0.5716534864927361,9.690603514132926,30.924286911029,SULT1B1;AKR1B10
human_GO_bp_2025.gmt,Primary Alcohol Metabolic Process (GO:0034308),8/21,4.3387163250074e-05,0.01700776799402901,8.639500822599414,86.78678313636625,CYP3A4;CYP11B1;NAAA;ADH7;HSD17B6;RDH16;AKR1B10;SDR9C7
human_GO_bp_2025.gmt,Progesterone Receptor Signaling Pathway (GO:0050847),1/7,0.39311349314694843,0.7187522822462863,3.1226500287332732,2.9154838148419593,UBE3A
human_GO_bp_2025.gmt,Prostaglandin Metabolic Process (GO:0006693),1/8,0.434927768409778,0.7199817787864567,2.7058697972251866,2.2528403887996764,HPGDS
human_GO_bp_2025.gmt,Prostanoid Metabolic Process (GO:0006692),1/7,0.39311349314694843,0.7187522822462863,3.1226500287332732,2.9154838148419593,HPGDS
human_GO_bp_2025.gmt,Prot Transport to Vacuole Inv in Ub-dep Prot Cat Proc via Multivsiclr Bdy Sorting Pway (GO:0043328),1/9,0.4738667746712847,0.7267440362720797,2.3871555025425324,1.7827971069314716,VPS37A
human_GO_bp_2025.gmt,Proteasomal Protein Catabolic Process (GO:0010498),14/157,0.1915909465193626,0.6588977933440335,1.375924148139082,2.2735669721118903,FBXO27;UBQLN1;UBXN4;LRRC75A;SEL1L2;SH3BGRL;BIRC2;PSMA2;DTX4;PSMC1;PRAMEF12;KLHL12;UBE3A;TBL1X
human_GO_bp_2025.gmt,Proteasome Assembly (GO:0043248),1/5,0.29999627131960604,0.6915159365043801,4.511917467093561,5.432282004419637,PSMG2
human_GO_bp_2025.gmt,Proteasome-Mediated Ubiquitin-Dependent Protein Catabolic Process (GO:0043161),13/148,0.21790267156022325,0.6725999495517755,1.3554398742234959,2.0652929216542653,FBXO27;RNF10;LRRC75A;CUL2;BIRC2;PSMA2;SH3BGRL;DTX4;PSMC1;PRAMEF12;KLHL12;UBE3A;TBL1X
human_GO_bp_2025.gmt,Protection From Natural Killer Cell Mediated Cytotoxicity (GO:0042270),1/1,0.06882888171411798,0.6109842574255044,40.63287086446105,108.73891905550649,SERPINB9
human_GO_bp_2025.gmt,Protein Acetylation (GO:0006473),1/15,0.6572739920461566,0.8066731524173242,1.3980421742170537,0.5866944272638178,NAA16
human_GO_bp_2025.gmt,Protein Autophosphorylation (GO:0046777),1/57,0.983129846794938,0.9914972409991819,0.3564095541220805,0.006063978953426967,SERPINA2
human_GO_bp_2025.gmt,Protein Autoprocessing (GO:0016540),2/6,0.05891700215298481,0.6109842574255044,7.5359477124183005,21.338982226404713,CASP1;FAM111A
human_GO_bp_2025.gmt,Protein Autoubiquitination (GO:0051865),3/29,0.32205325832356896,0.7014344967109387,1.7891767275374628,2.027205844712142,UBE2D2;UBE3A;RNF10
human_GO_bp_2025.gmt,Protein Catabolic Process (GO:0030163),6/47,0.10129444438943076,0.6579351544822044,2.1304246110656218,4.878083749386903,FBXO27;CEACAM1;RAB7A;BNIP3;DTX4;GZMB
human_GO_bp_2025.gmt,Protein Complex Oligomerization (GO:0051259),2/44,0.8164694575885985,0.8975211087345222,0.7931424976407675,0.16082215224903118,ECT2;PDCD6IP
human_GO_bp_2025.gmt,Protein Deneddylation (GO:0000338),1/7,0.39311349314694843,0.7187522822462863,3.1226500287332732,2.9154838148419593,COPS4
human_GO_bp_2025.gmt,Protein Dephosphorylation (GO:0006470),1/42,0.9504361018729561,0.9737871195352817,0.4863895282303172,0.024725293139728568,PTPN2
human_GO_bp_2025.gmt,Protein Deubiquitination (GO:0016579),3/36,0.45514876093982864,0.7267440362720797,1.4137511797923565,1.1128073323231045,USP50;USP8;USP42
human_GO_bp_2025.gmt,Protein Exit From Endoplasmic Reticulum (GO:0032527),1/10,0.5101278301715297,0.737352910867403,2.135538954108858,1.437418322826163,LMAN1
human_GO_bp_2025.gmt,Protein Export From Nucleus (GO:0006611),2/11,0.1724587419152796,0.6588977933440335,3.5668449197860963,6.2690768165601165,XPO7;CSE1L
human_GO_bp_2025.gmt,Protein Glycosylation (GO:0006486),3/65,0.8347261132495514,0.9059043089530016,0.7542893890675241,0.13626359708334748,FUT3;FUT6;FUT5
human_GO_bp_2025.gmt,Protein Homooligomerization (GO:0051260),6/54,0.16479817763702848,0.6588977933440335,1.820916602720226,3.283174035276116,GBP5;PCDHB16;ECT2;SAMHD1;PDCD6IP;SOD2
human_GO_bp_2025.gmt,Protein Homotetramerization (GO:0051289),4/24,0.07872940603781137,0.6275393707172644,2.982866574100757,7.581666949286709,GBP5;PCDHB16;SAMHD1;SOD2
human_GO_bp_2025.gmt,Protein Import Into Nucleus (GO:0006606),3/41,0.5432834773590859,0.7549813657467591,1.2291727565039463,0.7499478450094973,CSE1L;IPO5;EIF4ENIF1
human_GO_bp_2025.gmt,Protein Import Into Peroxisome Matrix (GO:0016558),1/6,0.3482121251529303,0.7014344967109387,3.6909867080624816,3.8937821774217376,PEX13
human_GO_bp_2025.gmt,Protein K48-linked Deubiquitination (GO:0071108),1/9,0.4738667746712847,0.7267440362720797,2.3871555025425324,1.7827971069314716,USP8
human_GO_bp_2025.gmt,Protein K48-linked Ubiquitination (GO:0070936),3/48,0.6515656789274171,0.8066731524173242,1.038914997114354,0.44504736829973557,DTX4;UBE3A;UBE2D2
human_GO_bp_2025.gmt,Protein K63-linked Deubiquitination (GO:0070536),1/12,0.575338714803466,0.772372521243009,1.763584056424296,0.9749028158966704,USP8
human_GO_bp_2025.gmt,Protein K63-linked Ubiquitination (GO:0070534),3/27,0.2834332643944975,0.6915159365043801,1.9358444342367171,2.4406712017108116,XIAP;TRIM8;TRIM5
human_GO_bp_2025.gmt,Protein Localization (GO:0008104),10/161,0.6788877874594337,0.8157667157041159,0.9343237914651095,0.3618630686503932,ARF4;GJA1;YWHAH;ODR4;SHROOM2;NAPSA;SEC23IP;AKR1B10;PEX13;IST1
human_GO_bp_2025.gmt,Protein Localization to Cell Periphery (GO:1990778),3/58,0.7723484283452913,0.8745517655702848,0.8503712715931365,0.21966748060684757,PRKCI;F11R;PLEKHF1
human_GO_bp_2025.gmt,Protein Localization to Cell-Cell Junction (GO:0150105),1/7,0.39311349314694843,0.7187522822462863,3.1226500287332732,2.9154838148419593,F11R
human_GO_bp_2025.gmt,Protein Localization to Centrosome (GO:0071539),2/13,0.22397239414982065,0.6725999495517755,2.9455940478958382,4.407293472994908,CEP78;CCDC14
human_GO_bp_2025.gmt,Protein Localization to Chromosome (GO:0034502),1/25,0.8323820311775121,0.9038608205584064,0.8261058959336136,0.15156050329317153,SERPINA2
human_GO_bp_2025.gmt,"Protein Localization to Chromosome, Telomeric Region (GO:0070198)",1/8,0.434927768409778,0.7199817787864567,2.7058697972251866,2.2528403887996764,SERPINA2
human_GO_bp_2025.gmt,Protein Localization to Cilium (GO:0061512),2/24,0.49936693914536984,0.737352910867403,1.50291146761735,1.0436429208959674,CEP78;BBS9
human_GO_bp_2025.gmt,Protein Localization to Golgi Apparatus (GO:0034067),1/10,0.5101278301715297,0.737352910867403,2.135538954108858,1.437418322826163,GBP5
human_GO_bp_2025.gmt,Protein Localization to Lysosome (GO:0061462),1/12,0.575338714803466,0.772372521243009,1.763584056424296,0.9749028158966704,RAB7A
human_GO_bp_2025.gmt,Protein Localization to Membrane (GO:0072657),3/82,0.9284168232465893,0.9604120721558091,0.5913904561602189,0.043925221008240416,PRKCI;F11R;PLEKHF1
human_GO_bp_2025.gmt,Protein Localization to Microtubule Organizing Center (GO:1905508),2/13,0.22397239414982065,0.6725999495517755,2.9455940478958382,4.407293472994908,CEP78;CCDC14
human_GO_bp_2025.gmt,Protein Localization to Nucleus (GO:0034504),3/62,0.8100352158896751,0.892450265960519,0.7926990731984112,0.1670039032689487,CSE1L;IPO5;EIF4ENIF1
human_GO_bp_2025.gmt,Protein Localization to Organelle (GO:0033365),5/60,0.39738252373172717,0.7199817787864567,1.3420514163248285,1.2385201030210615,GBP5;BBS9;CEP78;AKR1B10;GBP1
human_GO_bp_2025.gmt,Protein Localization to Plasma Membrane (GO:0072659),3/57,0.7620231603932867,0.864331825446089,0.8661120780357336,0.23539049376338034,PRKCI;F11R;PLEKHF1
human_GO_bp_2025.gmt,Protein Localization to Vacuole (GO:0072665),1/4,0.2482218274225701,0.6725999495517755,5.801951516999543,8.084627616903795,GBP1
human_GO_bp_2025.gmt,Protein Maturation (GO:0051604),9/66,0.03573789634876449,0.5347044033860947,2.256177123164802,7.5165525247235925,CASP1;NAA16;SDE2;GZMH;CPM;CASP2;KLK4;CIAO2B;GZMB
human_GO_bp_2025.gmt,Protein Metabolic Process (GO:0019538),25/250,0.036865114759631556,0.5473910979460443,1.5570722728395092,5.139100803367491,RPL22;NAPSA;GZMH;RPL35;RPL9;KLK4;EEF1A1;UBE3A;CTRB1;TBL1X;CIAO2B;GZMB;RPL10A;RPL26;CASP1;VASH2;RPL7;FAM111A;ADAM20;UBE2D2;RPS27;EIF4EBP2;RPS7;RPL23A;TMPRSS11D
human_GO_bp_2025.gmt,Protein Modification Process (GO:0036211),5/237,0.999813799243075,0.9999006927211501,0.31134645878907835,5.797834426576429e-05,UBE2D2;PRKCI;NEK4;FUT5;FUT6
human_GO_bp_2025.gmt,Protein Modification by Small Protein Conjugation (GO:0032446),6/132,0.8999966194712437,0.9428077895048839,0.6894909414960069,0.07264771096889995,SDE2;UBE2D2;CUL2;ZNF451;DTX4;COPS4
human_GO_bp_2025.gmt,Protein Modification by Small Protein Removal (GO:0070646),4/42,0.32720924692129627,0.7014344967109387,1.5837599564774645,1.7693060096825184,COPS4;USP50;USP8;USP42
human_GO_bp_2025.gmt,Protein Monoubiquitination (GO:0006513),2/26,0.5428959972338279,0.7549813657467591,1.3797882789479428,0.8428264380643381,KLHL12;RNF10
human_GO_bp_2025.gmt,Protein N-linked Glycosylation (GO:0006487),3/31,0.3607003816326081,0.7184682398373088,1.663093962129332,1.6958696076458708,FUT3;FUT6;FUT5
human_GO_bp_2025.gmt,Protein Neddylation (GO:0045116),1/11,0.543894738997155,0.7549813657467591,1.9318493672815977,1.1764953863382994,COPS4
human_GO_bp_2025.gmt,Protein O-linked Glycosylation (GO:0006493),3/37,0.47338478630552383,0.7267440362720797,1.3725554157540736,1.0264610650041357,FUT3;FUT6;FUT5
human_GO_bp_2025.gmt,Protein Phosphorylation (GO:0006468),3/159,0.9991183397835022,0.9999006927211501,0.29672737981501834,0.00026172812052570137,PRKCI;SERPINA2;NEK4
human_GO_bp_2025.gmt,Protein Polymerization (GO:0051258),1/23,0.8065878304548986,0.8891519390841401,0.8998221273568126,0.1934100033170843,RNASE1
human_GO_bp_2025.gmt,Protein Polyubiquitination (GO:0000209),7/110,0.6407936335793813,0.8020150203164671,0.9780650215432825,0.4352857040820577,UBE2D2;BIRC2;DTX4;XIAP;UBE3A;TRIM8;TRIM5
human_GO_bp_2025.gmt,Protein Processing (GO:0016485),5/47,0.22003653608811277,0.6725999495517755,1.7561831191034003,2.6587939336024986,CASP1;FAM111A;SDE2;CPM;CASP2
human_GO_bp_2025.gmt,Protein Secretion (GO:0009306),3/18,0.1225514889554573,0.6579351544822044,3.0642395325519485,6.432525227629285,CTAGE9;COPG2;GNAS
human_GO_bp_2025.gmt,Protein Stabilization (GO:0050821),6/95,0.646037054274105,0.8066731524173242,0.9803294100630977,0.4283043676765576,NAA16;CCT4;CCT3;CCT7;TBL1X;RPS7
human_GO_bp_2025.gmt,Protein Sumoylation (GO:0016925),1/14,0.6318848753615329,0.7939066382747465,1.5018380173129373,0.6894158292825293,ZNF451
human_GO_bp_2025.gmt,Protein Targeting (GO:0006605),3/63,0.8185921334729895,0.8983190109576276,0.7794725979467283,0.1560265035550929,PRKCI;SRP14;VPS37A
human_GO_bp_2025.gmt,Protein Targeting to ER (GO:0045047),1/13,0.604619241524603,0.781697700124157,1.6222411953041622,0.8162409942227296,SRP14
human_GO_bp_2025.gmt,Protein Targeting to Lysosome (GO:0006622),1/11,0.543894738997155,0.7549813657467591,1.9318493672815977,1.1764953863382994,RAB7A
human_GO_bp_2025.gmt,Protein Targeting to Membrane (GO:0006612),3/29,0.32205325832356896,0.7014344967109387,1.7891767275374628,2.027205844712142,PRKCI;SRP14;VPS37A
human_GO_bp_2025.gmt,Protein Targeting to Vacuole (GO:0006623),2/16,0.3026516261165659,0.6915159365043801,2.3350543979347225,2.790793698448824,VPS37A;RAB7A
human_GO_bp_2025.gmt,Protein Tetramerization (GO:0051262),4/31,0.16124035936437153,0.6588977933440335,2.221130748950298,4.053250686123535,GBP5;PCDHB16;SAMHD1;SOD2
human_GO_bp_2025.gmt,Protein Transport (GO:0015031),10/128,0.3862852955761133,0.7187522822462863,1.2008787757744384,1.1422507629034095,ARF4;YWHAH;COPG2;RAB7A;CTAGE9;NAPSA;SEC23IP;MYH9;AKR1B10;GNAS
human_GO_bp_2025.gmt,Protein Ubiquitination (GO:0016567),8/169,0.9042043149799583,0.9462041950671214,0.7053087757313109,0.07102454574166521,RNF10;SDE2;UBE2D2;CUL2;BIRC2;DTX4;KLHL12;UBE3A
human_GO_bp_2025.gmt,Protein-Containing Complex Assembly (GO:0065003),6/134,0.9075035781061518,0.9476329318529875,0.6785412967650133,0.06585770514013188,CASP1;COX15;PSMG2;NIFK;KLHL12;GBP1
human_GO_bp_2025.gmt,Protein-Containing Complex Disassembly (GO:0032984),3/35,0.4366543212589065,0.7204061192487009,1.4574820677714568,1.207689206275338,UBQLN1;ATG12;SNX14
human_GO_bp_2025.gmt,Protein-Containing Complex Organization (GO:0043933),1/49,0.9700168206440977,0.984075035436041,0.4157268756395163,0.012655502158787982,NIFK
human_GO_bp_2025.gmt,Proteinogenic Amino Acid Catabolic Process (GO:0170040),1/10,0.5101278301715297,0.737352910867403,2.135538954108858,1.437418322826163,SBDS
human_GO_bp_2025.gmt,Proteoglycan Biosynthetic Process (GO:0030166),2/14,0.2501660016445124,0.6725999495517755,2.70951871657754,3.754391976944623,SLC35D2;FAM20B
human_GO_bp_2025.gmt,Proteoglycan Metabolic Process (GO:0006029),1/12,0.575338714803466,0.772372521243009,1.763584056424296,0.9749028158966704,FAM20B
human_GO_bp_2025.gmt,Proteolysis (GO:0006508),14/110,0.0181414244205488,0.41345571935204245,2.06156759923332,8.26597344507581,FAM111A;CASP1;ADAM20;SDE2;NAPSA;VASH2;CPM;CASP2;CTRB1;TBL1X;UBE3A;KLK4;GZMB;TMPRSS11D
human_GO_bp_2025.gmt,Proteolysis Involved in Protein Catabolic Process (GO:0051603),3/45,0.6075089747721825,0.782377726451804,1.1127797742891368,0.5545964540211831,DTX4;GZMB;PDCD6IP
human_GO_bp_2025.gmt,Proton-Transporting ATP Synthase Complex Assembly (GO:0043461),1/5,0.29999627131960604,0.6915159365043801,4.511917467093561,5.432282004419637,TMEM242
human_GO_bp_2025.gmt,Purine Deoxyribonucleotide Catabolic Process (GO:0009155),1/3,0.19262675285006695,0.6588977933440335,8.12401280683031,13.380256287293214,SAMHD1
human_GO_bp_2025.gmt,Purine Nucleotide Metabolic Process (GO:0006163),1/16,0.6809154831081293,0.8157667157041159,1.3076393431335422,0.5025481439464183,PCDHB16
human_GO_bp_2025.gmt,Purine Ribonucleoside Bisphosphate Metabolic Process (GO:0034035),1/4,0.2482218274225701,0.6725999495517755,5.801951516999543,8.084627616903795,SULT1B1
human_GO_bp_2025.gmt,Purine Ribonucleotide Metabolic Process (GO:0009150),1/22,0.7922417435473148,0.8817682097403391,0.9418232359584027,0.21933999092617165,SULT1B1
human_GO_bp_2025.gmt,Pyroptotic Inflammatory Response (GO:0070269),3/14,0.0668107491816706,0.6109842574255044,4.132671606319027,11.182560126664928,GSDMC;CASP1;GZMB
human_GO_bp_2025.gmt,Pyruvate Metabolic Process (GO:0006090),4/21,0.05206660635689725,0.6109842574255044,3.4958723338959645,10.331112001127561,PCDHB11;PCDHB16;DLAT;SBDS
human_GO_bp_2025.gmt,RNA Biosynthetic Process (GO:0032774),2/75,0.9695080557887197,0.984075035436041,0.45636436392738916,0.01413200484577238,SYNCRIP;EXOSC5
human_GO_bp_2025.gmt,RNA Catabolic Process (GO:0006401),6/42,0.06566387730060809,0.6109842574255044,2.4241846581253417,6.6015549757212035,SLFN12;RNASE6;SLFN13;ZFP36L2;CNOT10;EXOSC5
human_GO_bp_2025.gmt,RNA Export From Nucleus (GO:0006405),3/33,0.3990055260534435,0.7199817787864567,1.5535466413648902,1.4273676024640933,XPOT;NXF2;THOC5
human_GO_bp_2025.gmt,RNA Localization to Cajal Body (GO:0090670),1/5,0.29999627131960604,0.6915159365043801,4.511917467093561,5.432282004419637,CCT4
human_GO_bp_2025.gmt,RNA Metabolic Process (GO:0016070),3/34,0.4179295328734895,0.7199817787864567,1.5039895200666904,1.312144290097482,RNASE6;EXOSC5;NIFK
human_GO_bp_2025.gmt,RNA Modification (GO:0009451),1/27,0.8547425670227319,0.9194815759410288,0.7635166428384447,0.1198377138926393,SYNCRIP
human_GO_bp_2025.gmt,RNA Polymerase II Preinitiation Complex Assembly (GO:0051123),1/27,0.8547425670227319,0.9194815759410288,0.7635166428384447,0.1198377138926393,MED29
human_GO_bp_2025.gmt,RNA Processing (GO:0006396),13/172,0.40450410711172125,0.7199817787864567,1.147036707674242,1.0381753410371182,H2AB2;WBP4;HNRNPR;EXOSC5;RPS27;SYNCRIP;SRRM1;H2AB1;RPS7;SBDS;RPL26;SF3A2;RPL7
human_GO_bp_2025.gmt,RNA Splicing (GO:0008380),3/56,0.7513221841857186,0.8611646087742739,0.8824413258406707,0.25230825245620647,SYNCRIP;WBP4;SRRM1
human_GO_bp_2025.gmt,"RNA Splicing, via Transesterification Reactions (GO:0000375)",1/14,0.6318848753615329,0.7939066382747465,1.5018380173129373,0.6894158292825293,SRRM1
human_GO_bp_2025.gmt,"RNA Splicing, via Transesterification Reactions With Bulged Adenosine as Nucleophile (GO:0000377)",8/103,0.41504324244152774,0.7199817787864567,1.2054761107928278,1.0600626202275398,PPIE;SNRPA;WBP4;HNRNPR;SYNCRIP;SRRM1;RBM44;SF3A2
human_GO_bp_2025.gmt,RNA Stabilization (GO:0043489),1/26,0.8439614725352593,0.9128943080403468,0.7935840291292611,0.1346302878550709,EIF4ENIF1
human_GO_bp_2025.gmt,RNA Transport (GO:0050658),1/16,0.6809154831081293,0.8157667157041159,1.3076393431335422,0.5025481439464183,NXF2
human_GO_bp_2025.gmt,Rac Protein Signal Transduction (GO:0016601),3/11,0.035280674811178005,0.5319240202300684,5.5939095895592965,18.708382666059556,RNASE1;NCKAP1;BRK1
human_GO_bp_2025.gmt,Ras Protein Signal Transduction (GO:0007265),5/33,0.07283472601470481,0.6275393707172644,2.624686042339433,6.87552895181909,RALGDS;GRB2;USP8;USP50;SOS2
human_GO_bp_2025.gmt,Receptor Internalization (GO:0031623),3/21,0.17224536415803535,0.6588977933440335,2.5661191738362157,4.513380943073739,CEACAM1;MX2;GRB2
human_GO_bp_2025.gmt,Receptor-Mediated Endocytosis (GO:0006898),5/53,0.29987768453749897,0.6915159365043801,1.5374585242972711,1.8516852286917103,MX2;SFTPD;GRB2;DNAJC13;RABEPK
human_GO_bp_2025.gmt,Recombinational Repair (GO:0000725),3/53,0.7169044172416488,0.8434169614607633,0.9353092865556653,0.31128286189044874,RAD51;SAMHD1;RAD54B
human_GO_bp_2025.gmt,Reg of Intrinsic Apoptotic Sgnlng Pway in Resp to DNA Damage by P53 Cls Mediator (GO:1902165),1/7,0.39311349314694843,0.7187522822462863,3.1226500287332732,2.9154838148419593,RPL26
human_GO_bp_2025.gmt,Reg of Mt Outer Membrane Permeabilization Inv in Apoptotic Sgnlng Pway (GO:1901028),1/8,0.434927768409778,0.7199817787864567,2.7058697972251866,2.2528403887996764,SIVA1
human_GO_bp_2025.gmt,Reg of Natural Killer Cell Mediated Cytotoxicity Directed Against Tumor Cell Target (GO:0002858),1/1,0.06882888171411798,0.6109842574255044,40.63287086446105,108.73891905550649,CEACAM1
human_GO_bp_2025.gmt,Reg of T Cell Act via T Cell Rec Contact With Ag Bound to MHC Mol on Ag Presenting Cell (GO:2001188),1/3,0.19262675285006695,0.6588977933440335,8.12401280683031,13.380256287293214,LGALS9
human_GO_bp_2025.gmt,Regulated Exocytosis (GO:0045055),1/14,0.6318848753615329,0.7939066382747465,1.5018380173129373,0.6894158292825293,MYH9
human_GO_bp_2025.gmt,Regulation of Actin Cytoskeleton Organization (GO:0032956),2/35,0.7051207165414939,0.8307869717971058,1.0076622236411525,0.352063337365256,RNASE1;F11R
human_GO_bp_2025.gmt,Regulation of Actin Filament Bundle Assembly (GO:0032231),1/9,0.4738667746712847,0.7267440362720797,2.3871555025425324,1.7827971069314716,RNASE1
human_GO_bp_2025.gmt,Regulation of Actin Filament Length (GO:0030832),1/4,0.2482218274225701,0.6725999495517755,5.801951516999543,8.084627616903795,BRK1
human_GO_bp_2025.gmt,Regulation of Actin Filament Organization (GO:0110053),1/2,0.1329297557015066,0.6579351544822044,13.542155816435432,27.32718265313555,BRK1
human_GO_bp_2025.gmt,Regulation of Actin Filament Polymerization (GO:0030833),1/25,0.8323820311775121,0.9038608205584064,0.8261058959336136,0.15156050329317153,NCKAP1
human_GO_bp_2025.gmt,Regulation of Actin Filament-Based Process (GO:0032970),2/33,0.6737885886802788,0.8157667157041159,1.071980307274425,0.42325950810842317,RNASE1;F11R
human_GO_bp_2025.gmt,Regulation of Actin Polymerization or Depolymerization (GO:0008064),1/7,0.39311349314694843,0.7187522822462863,3.1226500287332732,2.9154838148419593,BRK1
human_GO_bp_2025.gmt,Regulation of Activated T Cell Proliferation (GO:0046006),1/11,0.543894738997155,0.7549813657467591,1.9318493672815977,1.1764953863382994,LGALS9
human_GO_bp_2025.gmt,Regulation of Actomyosin Structure Organization (GO:0110020),1/5,0.29999627131960604,0.6915159365043801,4.511917467093561,5.432282004419637,RNASE1
human_GO_bp_2025.gmt,"Regulation of Alternative mRNA Splicing, via Spliceosome (GO:0000381)",2/32,0.6571350697331977,0.8066731524173242,1.1073025335320417,0.46491834896439294,KHDRBS1;SAP18
human_GO_bp_2025.gmt,Regulation of Amyloid Fibril Formation (GO:1905906),1/8,0.434927768409778,0.7199817787864567,2.7058697972251866,2.2528403887996764,USP8
human_GO_bp_2025.gmt,Regulation of Amyloid-Beta Clearance (GO:1900221),1/5,0.29999627131960604,0.6915159365043801,4.511917467093561,5.432282004419637,IFNG
human_GO_bp_2025.gmt,Regulation of Amyloid-Beta Formation (GO:1902003),1/8,0.434927768409778,0.7199817787864567,2.7058697972251866,2.2528403887996764,IFNG
human_GO_bp_2025.gmt,Regulation of Anatomical Structure Morphogenesis (GO:0022603),3/52,0.7046431446221407,0.8307869717971058,0.954355992941202,0.3340854684180193,CEACAM1;BMPER;VASH2
human_GO_bp_2025.gmt,Regulation of Angiogenesis (GO:0045765),3/67,0.8496111554427705,0.9179922076448899,0.7306679295761775,0.11908170062000274,CEACAM1;BMPER;VASH2
human_GO_bp_2025.gmt,Regulation of Apoptotic Process (GO:0042981),19/283,0.5809442377391263,0.7772427927312073,0.9952331897555541,0.5405116460469853,NAA16;PRKCI;ASNS;BIRC2;PRDM9;CASP2;SAP18;SERPINB9;USP42;PTMS;MAGEA4;PPIA;BNIP3;XIAP;ARF4;KHDRBS1;DYNAP;NUPR1;ECT2
human_GO_bp_2025.gmt,Regulation of Apoptotic Signaling Pathway (GO:2001233),1/14,0.6318848753615329,0.7939066382747465,1.5018380173129373,0.6894158292825293,PPIA
human_GO_bp_2025.gmt,Regulation of Arp2/3 Complex-Mediated Actin Nucleation (GO:0034315),2/15,0.2764372417768016,0.6915159365043801,2.508417508417508,3.225251635727764,NCKAP1;BRK1
human_GO_bp_2025.gmt,Regulation of Attachment of Spindle Microtubules to Kinetochore (GO:0051988),1/8,0.434927768409778,0.7199817787864567,2.7058697972251866,2.2528403887996764,ECT2
human_GO_bp_2025.gmt,Regulation of Autophagosome Assembly (GO:2000785),1/22,0.7922417435473148,0.8817682097403391,0.9418232359584027,0.21933999092617165,NUPR1
human_GO_bp_2025.gmt,Regulation of Autophagosome Maturation (GO:1901096),1/8,0.434927768409778,0.7199817787864567,2.7058697972251866,2.2528403887996764,ATG12
human_GO_bp_2025.gmt,Regulation of Autophagy (GO:0010506),7/93,0.460462100459292,0.7267440362720797,1.173472894860178,0.910057247041032,PLEKHF1;UBQLN1;IFNG;NUPR1;BNIP3;TRIM8;EEF1A1
human_GO_bp_2025.gmt,Regulation of B Cell Activation (GO:0050864),1/7,0.39311349314694843,0.7187522822462863,3.1226500287332732,2.9154838148419593,ZFP36L2
human_GO_bp_2025.gmt,Regulation of B Cell Differentiation (GO:0045577),1/6,0.3482121251529303,0.7014344967109387,3.6909867080624816,3.8937821774217376,ZFP36L2
human_GO_bp_2025.gmt,Regulation of BMP Signaling Pathway (GO:0030510),1/17,0.7029294046177333,0.8307869717971058,1.2281944309692443,0.4329370782980135,XIAP
human_GO_bp_2025.gmt,Regulation of Behavior (GO:0050795),1/9,0.4738667746712847,0.7267440362720797,2.3871555025425324,1.7827971069314716,CCL3
human_GO_bp_2025.gmt,Regulation of Bicellular Tight Junction Assembly (GO:2000810),2/6,0.05891700215298481,0.6109842574255044,7.5359477124183005,21.338982226404713,RNASE1;F11R
human_GO_bp_2025.gmt,Regulation of Bile Acid Biosynthetic Process (GO:0070857),1/2,0.1329297557015066,0.6579351544822044,13.542155816435432,27.32718265313555,CES1
human_GO_bp_2025.gmt,Regulation of Bile Acid Metabolic Process (GO:1904251),1/2,0.1329297557015066,0.6579351544822044,13.542155816435432,27.32718265313555,CES1
human_GO_bp_2025.gmt,Regulation of Biosynthetic Process (GO:0009889),1/8,0.434927768409778,0.7199817787864567,2.7058697972251866,2.2528403887996764,RNASE1
human_GO_bp_2025.gmt,Regulation of Blood Circulation (GO:1903522),1/14,0.6318848753615329,0.7939066382747465,1.5018380173129373,0.6894158292825293,CYP2J2
human_GO_bp_2025.gmt,Regulation of Blood Vessel Remodeling (GO:0060312),1/1,0.06882888171411798,0.6109842574255044,40.63287086446105,108.73891905550649,CST3
human_GO_bp_2025.gmt,Regulation of Bone Mineralization (GO:0030500),1/21,0.7768339917642173,0.8745517655702848,0.9879220136918552,0.24947856723000636,CCL3
human_GO_bp_2025.gmt,"Regulation of CD4-positive, Alpha-Beta T Cell Proliferation (GO:2000561)",1/2,0.1329297557015066,0.6579351544822044,13.542155816435432,27.32718265313555,LGALS9
human_GO_bp_2025.gmt,Regulation of Calcidiol 1-Monooxygenase Activity (GO:0060558),1/2,0.1329297557015066,0.6579351544822044,13.542155816435432,27.32718265313555,IFNG
human_GO_bp_2025.gmt,Regulation of Calcium Ion Import (GO:0090279),1/9,0.4738667746712847,0.7267440362720797,2.3871555025425324,1.7827971069314716,CCL3
human_GO_bp_2025.gmt,Regulation of Calcium Ion Transport (GO:0051924),3/21,0.17224536415803535,0.6588977933440335,2.5661191738362157,4.513380943073739,LILRA5;CCL3;CCL4
human_GO_bp_2025.gmt,Regulation of Calcium-Mediated Signaling (GO:0050848),5/15,0.0025456424943678495,0.20789413704004106,7.144446153057563,42.67643608692568,CCL3;CCL4;JPT2;GBP1;PLCG2
human_GO_bp_2025.gmt,Regulation of Canonical NF-kappaB Signal Transduction (GO:0043122),11/93,0.05351513554437887,0.6109842574255044,1.9042397805756583,5.575215630050941,APOL3;CASP1;GJA1;TRIM38;BIRC2;LGALS9;XIAP;TRIM8;TRIM5;ECT2;PLCG2
human_GO_bp_2025.gmt,Regulation of Canonical Wnt Signaling Pathway (GO:0060828),3/84,0.9354249040744664,0.9644570289247523,0.5766936920942405,0.038496847201617494,XIAP;TBL1X;USP8
human_GO_bp_2025.gmt,Regulation of Cardiac Muscle Cell Apoptotic Process (GO:0010665),1/3,0.19262675285006695,0.6588977933440335,8.12401280683031,13.380256287293214,NUPR1
human_GO_bp_2025.gmt,Regulation of Catabolic Process (GO:0009894),2/32,0.6571350697331977,0.8066731524173242,1.1073025335320417,0.46491834896439294,NUPR1;UBE3A
human_GO_bp_2025.gmt,Regulation of Cell Activation (GO:0050865),1/3,0.19262675285006695,0.6588977933440335,8.12401280683031,13.380256287293214,LILRA5
human_GO_bp_2025.gmt,Regulation of Cell Communication (GO:0010646),1/32,0.8984687566970927,0.9417105685167388,0.6418153173756163,0.06871489545561738,GNAS
human_GO_bp_2025.gmt,Regulation of Cell Cycle (GO:0051726),8/131,0.6887331654645251,0.8233668502738598,0.9279939994999583,0.34605022538598873,MX2;KHDRBS1;MAGEA4;NUPR1;BIRC2;XIAP;DYNLT3;IPO5
human_GO_bp_2025.gmt,Regulation of Cell Cycle Checkpoint (GO:1901976),1/9,0.4738667746712847,0.7267440362720797,2.3871555025425324,1.7827971069314716,RAD51
human_GO_bp_2025.gmt,Regulation of Cell Cycle G1/S Phase Transition (GO:1902806),1/30,0.8828264930794508,0.9322952189847649,0.6855452851690393,0.08543717444783333,PLCG2
human_GO_bp_2025.gmt,Regulation of Cell Cycle G2/M Phase Transition (GO:1902749),1/9,0.4738667746712847,0.7267440362720797,2.3871555025425324,1.7827971069314716,USP50
human_GO_bp_2025.gmt,Regulation of Cell Cycle Phase Transition (GO:1901987),1/11,0.543894738997155,0.7549813657467591,1.9318493672815977,1.1764953863382994,USP50
human_GO_bp_2025.gmt,Regulation of Cell Cycle Process (GO:0010564),1/57,0.983129846794938,0.9914972409991819,0.3564095541220805,0.006063978953426967,ECT2
human_GO_bp_2025.gmt,Regulation of Cell Differentiation (GO:0045595),3/73,0.887473735497258,0.9366981807079299,0.6678448990140856,0.07972488766354956,BMP8B;YWHAH;BIRC2
human_GO_bp_2025.gmt,Regulation of Cell Growth (GO:0001558),5/85,0.7053211842195837,0.8307869717971058,0.9215880296050653,0.3217282238152115,CEACAM1;GJA1;CRLF3;WFDC1;S100A8
human_GO_bp_2025.gmt,Regulation of Cell Junction Assembly (GO:1901888),1/10,0.5101278301715297,0.737352910867403,2.135538954108858,1.437418322826163,F11R
human_GO_bp_2025.gmt,Regulation of Cell Migration (GO:0030334),10/162,0.6864220572002642,0.8218614734957348,0.9280472359478407,0.349189462866271,CEACAM1;CCL3;CCL4;RNASE1;BMPER;FUT3;TCAF2;CCL3L1;SERPINB3;SOD2
human_GO_bp_2025.gmt,Regulation of Cell Motility (GO:2000145),3/39,0.5089838943549128,0.737352910867403,1.29693579409476,0.8758711986126976,CEACAM1;FUT3;RNASE1
human_GO_bp_2025.gmt,Regulation of Cell Population Proliferation (GO:0042127),13/241,0.8567021050764256,0.9210839966811817,0.7917366701738324,0.12245397016233038,SHCBP1;DYNAP;GML;IFNG;NUPR1;BIRC2;VEGFC;CD33;FUT3;PTPN2;CCL3L1;SERPINB3;SOD2
human_GO_bp_2025.gmt,Regulation of Cell Size (GO:0008361),1/12,0.575338714803466,0.772372521243009,1.763584056424296,0.9749028158966704,RNASE1
human_GO_bp_2025.gmt,Regulation of Cell-Cell Adhesion (GO:0022407),2/20,0.40484585379027765,0.7199817787864567,1.8290215349038879,1.6538906968390008,CEACAM1;FUT3
human_GO_bp_2025.gmt,Regulation of Cell-Cell Adhesion Mediated by Cadherin (GO:2000047),1/7,0.39311349314694843,0.7187522822462863,3.1226500287332732,2.9154838148419593,DENND6A
human_GO_bp_2025.gmt,Regulation of Cell-Substrate Adhesion (GO:0010810),1/19,0.7425141714316145,0.8535646780093632,1.0950705240993395,0.32601708397466006,RNASE1
human_GO_bp_2025.gmt,Regulation of Cellular Component Organization (GO:0051128),2/73,0.9655834270131292,0.9831394893224589,0.4692793837178864,0.016435465214191054,CEACAM1;WFDC1
human_GO_bp_2025.gmt,Regulation of Cellular Component Size (GO:0032535),1/19,0.7425141714316145,0.8535646780093632,1.0950705240993395,0.32601708397466006,RNASE1
human_GO_bp_2025.gmt,Regulation of Cellular Localization (GO:0060341),2/29,0.6031083061882345,0.781697700124157,1.228682547399125,0.6212937568532244,TRIM5;USP8
human_GO_bp_2025.gmt,Regulation of Cellular Respiration (GO:0043457),1/11,0.543894738997155,0.7549813657467591,1.9318493672815977,1.1764953863382994,IFNG
human_GO_bp_2025.gmt,Regulation of Cellular Response to Growth Factor Stimulus (GO:0090287),1/7,0.39311349314694843,0.7187522822462863,3.1226500287332732,2.9154838148419593,XIAP
human_GO_bp_2025.gmt,Regulation of Cellular Response to Heat (GO:1900034),1/10,0.5101278301715297,0.737352910867403,2.135538954108858,1.437418322826163,SERPINA2
human_GO_bp_2025.gmt,Regulation of Cellular Response to Hypoxia (GO:1900037),1/3,0.19262675285006695,0.6588977933440335,8.12401280683031,13.380256287293214,CHCHD2
human_GO_bp_2025.gmt,Regulation of Cellular Response to Oxidative Stress (GO:1900407),1/3,0.19262675285006695,0.6588977933440335,8.12401280683031,13.380256287293214,DHFR
human_GO_bp_2025.gmt,Regulation of Cellular Response to Stress (GO:0080135),4/61,0.6132438012601898,0.7886862535892205,1.0572362583477326,0.5169808166400823,SERPINA2;RAD51;NUPR1;CHCHD2
human_GO_bp_2025.gmt,Regulation of Cellular Senescence (GO:2000772),1/12,0.575338714803466,0.772372521243009,1.763584056424296,0.9749028158966704,NEK4
human_GO_bp_2025.gmt,Regulation of Centrosome Cycle (GO:0046605),1/13,0.604619241524603,0.781697700124157,1.6222411953041622,0.8162409942227296,PDCD6IP
human_GO_bp_2025.gmt,Regulation of Centrosome Duplication (GO:0010824),1/13,0.604619241524603,0.781697700124157,1.6222411953041622,0.8162409942227296,PDCD6IP
human_GO_bp_2025.gmt,Regulation of Chaperone-Mediated Autophagy (GO:1904714),1/2,0.1329297557015066,0.6579351544822044,13.542155816435432,27.32718265313555,EEF1A1
human_GO_bp_2025.gmt,Regulation of Chemokine Production (GO:0032642),2/12,0.19801100512773262,0.6611611074111686,3.2266361089890503,5.225319923868167,IFNG;LGALS9
human_GO_bp_2025.gmt,Regulation of Chemotaxis (GO:0050920),1/6,0.3482121251529303,0.7014344967109387,3.6909867080624816,3.8937821774217376,PTPN2
human_GO_bp_2025.gmt,Regulation of Cholesterol Efflux (GO:0010874),1/10,0.5101278301715297,0.737352910867403,2.135538954108858,1.437418322826163,CES1
human_GO_bp_2025.gmt,Regulation of Cholesterol Metabolic Process (GO:0090181),1/5,0.29999627131960604,0.6915159365043801,4.511917467093561,5.432282004419637,CES1
human_GO_bp_2025.gmt,Regulation of Cholesterol Storage (GO:0010885),1/3,0.19262675285006695,0.6588977933440335,8.12401280683031,13.380256287293214,CES1
human_GO_bp_2025.gmt,Regulation of Cilium Assembly (GO:1902017),2/41,0.7843427365841149,0.8809809534125302,0.8537873146957287,0.20739278517284743,WDR44;ARF4
human_GO_bp_2025.gmt,Regulation of Cilium Beat Frequency (GO:0003356),1/3,0.19262675285006695,0.6588977933440335,8.12401280683031,13.380256287293214,CFAP206
human_GO_bp_2025.gmt,Regulation of Cilium Movement (GO:0003352),1/6,0.3482121251529303,0.7014344967109387,3.6909867080624816,3.8937821774217376,CFAP206
human_GO_bp_2025.gmt,Regulation of Cold-Induced Thermogenesis (GO:0120161),6/48,0.10943635816927247,0.6579351544822044,2.0799670029824227,4.601744170456142,TRPV2;LCN2;GJA1;ALDH1A1;GNAS;PLCL1
human_GO_bp_2025.gmt,Regulation of Cyclin-Dependent Protein Serine/Threonine Kinase Activity (GO:0000079),1/19,0.7425141714316145,0.8535646780093632,1.0950705240993395,0.32601708397466006,GTF2H1
human_GO_bp_2025.gmt,Regulation of Cytokine Production (GO:0001817),4/48,0.42303609881946036,0.7199817787864567,1.3689158691270713,1.177675260736981,DTX4;SFTPD;IFNG;LGALS9
human_GO_bp_2025.gmt,Regulation of Cytokine Production Involved in Inflammatory Response (GO:1900015),1/7,0.39311349314694843,0.7187522822462863,3.1226500287332732,2.9154838148419593,GBP5
human_GO_bp_2025.gmt,Regulation of Cytokine-Mediated Signaling Pathway (GO:0001959),1/9,0.4738667746712847,0.7267440362720797,2.3871555025425324,1.7827971069314716,PTPN2
human_GO_bp_2025.gmt,Regulation of Cytokinesis (GO:0032465),1/27,0.8547425670227319,0.9194815759410288,0.7635166428384447,0.1198377138926393,ECT2
human_GO_bp_2025.gmt,Regulation of Cytoplasmic Pattern Recognition Receptor Signaling Pathway (GO:0039531),1/7,0.39311349314694843,0.7187522822462863,3.1226500287332732,2.9154838148419593,XIAP
human_GO_bp_2025.gmt,Regulation of Cytoplasmic Translation (GO:2000765),2/12,0.19801100512773262,0.6611611074111686,3.2266361089890503,5.225319923868167,SYNCRIP;CSDE1
human_GO_bp_2025.gmt,Regulation of Cytoskeleton Organization (GO:0051493),4/51,0.4698580242485964,0.7267440362720797,1.2818474758324383,0.968211067793078,KATNBL1;RNASE1;F11R;S100A8
human_GO_bp_2025.gmt,Regulation of D-glucose Import (GO:0046324),1/14,0.6318848753615329,0.7939066382747465,1.5018380173129373,0.6894158292825293,PRKCI
human_GO_bp_2025.gmt,Regulation of DNA Damage Checkpoint (GO:2000001),1/12,0.575338714803466,0.772372521243009,1.763584056424296,0.9749028158966704,RAD51
human_GO_bp_2025.gmt,"Regulation of DNA Damage Response, Signal Transduction by P53 Class Mediator (GO:0043516)",2/16,0.3026516261165659,0.6915159365043801,2.3350543979347225,2.790793698448824,SERPINA2;RPL26
human_GO_bp_2025.gmt,Regulation of DNA Recombination (GO:0000018),1/23,0.8065878304548986,0.8891519390841401,0.8998221273568126,0.1934100033170843,RAD51
human_GO_bp_2025.gmt,Regulation of DNA Repair (GO:0006282),2/69,0.9562308478638613,0.9776799487809953,0.4974054268171915,0.022261838693729948,SERPINA2;DEK
human_GO_bp_2025.gmt,Regulation of DNA Replication (GO:0006275),1/39,0.9385324700762215,0.9656292080574247,0.5245394946568906,0.03327564504029764,SERPINA2
human_GO_bp_2025.gmt,Regulation of DNA-templated DNA Replication (GO:0090329),1/7,0.39311349314694843,0.7187522822462863,3.1226500287332732,2.9154838148419593,MCM6
human_GO_bp_2025.gmt,Regulation of DNA-templated DNA Replication Initiation (GO:0030174),1/6,0.3482121251529303,0.7014344967109387,3.6909867080624816,3.8937821774217376,MCM6
human_GO_bp_2025.gmt,Regulation of DNA-templated Transcription (GO:0006355),29/646,0.9969438619251899,0.9999006927211501,0.6212695363660177,0.0019015927321193694,YWHAH;NAA16;CRLF3;NEK4;USF1;ZNF426;SAP18;SOD2;DEK;ZNF792;FAM170A;MED29;TBL1X;ZXDB;RHOXF1;L3MBTL3;PPIE;ZNF641;RNF10;ZNF699;ZSCAN4;ZNF2;GTF2H1;KLF5;KHDRBS1;GTF2IRD1;IFNG;ZNF326;ZNF410
human_GO_bp_2025.gmt,Regulation of DNA-templated Transcription Elongation (GO:0032784),1/15,0.6572739920461566,0.8066731524173242,1.3980421742170537,0.5866944272638178,ZNF326
human_GO_bp_2025.gmt,Regulation of Defense Response (GO:0031347),4/35,0.21819845676236843,0.6725999495517755,1.9378548411845942,2.950093856571673,CASP1;XIAP;SAMHD1;BIRC2
human_GO_bp_2025.gmt,Regulation of Dendrite Morphogenesis (GO:0048814),1/11,0.543894738997155,0.7549813657467591,1.9318493672815977,1.1764953863382994,YWHAH
human_GO_bp_2025.gmt,Regulation of Dendritic Cell Apoptotic Process (GO:2000668),1/3,0.19262675285006695,0.6588977933440335,8.12401280683031,13.380256287293214,LGALS9
human_GO_bp_2025.gmt,Regulation of Dendritic Cell Chemotaxis (GO:2000508),1/3,0.19262675285006695,0.6588977933440335,8.12401280683031,13.380256287293214,LGALS9
human_GO_bp_2025.gmt,Regulation of Dendritic Cell Differentiation (GO:2001198),1/3,0.19262675285006695,0.6588977933440335,8.12401280683031,13.380256287293214,LGALS9
human_GO_bp_2025.gmt,Regulation of Double-Strand Break Repair (GO:2000779),4/49,0.4387757949959764,0.7214769783490887,1.3386173439879132,1.1027084106487206,SERPINA2;RAD51;DDX11;DEK
human_GO_bp_2025.gmt,Regulation of Double-Strand Break Repair via Homologous Recombination (GO:0010569),1/42,0.9504361018729561,0.9737871195352817,0.4863895282303172,0.024725293139728568,RAD51
human_GO_bp_2025.gmt,Regulation of ERAD Pathway (GO:1904292),1/11,0.543894738997155,0.7549813657467591,1.9318493672815977,1.1764953863382994,UBQLN1
human_GO_bp_2025.gmt,Regulation of ERBB Signaling Pathway (GO:1901184),1/5,0.29999627131960604,0.6915159365043801,4.511917467093561,5.432282004419637,CEACAM1
human_GO_bp_2025.gmt,Regulation of ERK1 and ERK2 Cascade (GO:0070372),8/74,0.13465993603082843,0.6588977933440335,1.7392044575143166,3.4871095825699694,CEACAM1;CCL3;BMPER;LGALS9;PTPN2;CXCL17;GBP1;FPR2
human_GO_bp_2025.gmt,Regulation of Early Endosome to Late Endosome Transport (GO:2000641),2/10,0.14751727516907936,0.6588977933440335,3.9871028625353886,7.630557290553867,SNX3;DNAJC13
human_GO_bp_2025.gmt,Regulation of Endopeptidase Activity (GO:0052548),2/6,0.05891700215298481,0.6109842574255044,7.5359477124183005,21.338982226404713,SERPINB9;SERPINB3
human_GO_bp_2025.gmt,Regulation of Endothelial Cell Apoptotic Process (GO:2000351),1/10,0.5101278301715297,0.737352910867403,2.135538954108858,1.437418322826163,PRKCI
human_GO_bp_2025.gmt,Regulation of Endothelial Cell Differentiation (GO:0045601),1/4,0.2482218274225701,0.6725999495517755,5.801951516999543,8.084627616903795,CEACAM1
human_GO_bp_2025.gmt,Regulation of Endothelial Cell Migration (GO:0010594),3/32,0.3799166112635073,0.7187522822462863,1.6064635674968664,1.5547410542280296,CEACAM1;RNASE1;BMPER
human_GO_bp_2025.gmt,Regulation of Endothelial Cell Proliferation (GO:0001936),1/25,0.8323820311775121,0.9038608205584064,0.8261058959336136,0.15156050329317153,VASH2
human_GO_bp_2025.gmt,Regulation of Epidermal Growth Factor Receptor Signaling Pathway (GO:0042058),2/21,0.42933011585682956,0.7199817787864567,1.7349513231866174,1.4669519264966213,CEACAM1;PTPN2
human_GO_bp_2025.gmt,Regulation of Epithelial Cell Apoptotic Process (GO:1904035),1/3,0.19262675285006695,0.6588977933440335,8.12401280683031,13.380256287293214,NUPR1
human_GO_bp_2025.gmt,Regulation of Epithelial Cell Differentiation (GO:0030856),2/3,0.013535761404385824,0.351165908645752,22.618538324420676,97.3144539878744,CEACAM1;IFNG
human_GO_bp_2025.gmt,Regulation of Epithelial Cell Migration (GO:0010632),2/23,0.47662783158047073,0.7275627335652046,1.5730630518592215,1.165670112886508,IFNG;PLCG2
human_GO_bp_2025.gmt,Regulation of Epithelial Cell Proliferation (GO:0050678),1/32,0.8984687566970927,0.9417105685167388,0.6418153173756163,0.06871489545561738,NUPR1
human_GO_bp_2025.gmt,Regulation of Epithelial to Mesenchymal Transition (GO:0010717),1/35,0.9181121553328068,0.9526203411605618,0.5857268804231822,0.050041999075512246,SERPINB3
human_GO_bp_2025.gmt,Regulation of Establishment of Endothelial Barrier (GO:1903140),1/3,0.19262675285006695,0.6588977933440335,8.12401280683031,13.380256287293214,F11R
human_GO_bp_2025.gmt,Regulation of Establishment of Protein Localization to Mitochondrion (GO:1903747),1/5,0.29999627131960604,0.6915159365043801,4.511917467093561,5.432282004419637,GZMB
human_GO_bp_2025.gmt,Regulation of Exosomal Secretion (GO:1903541),3/13,0.05522336550624813,0.6109842574255044,4.526973919256878,13.111787498938703,PDCD6IP;IFNG;RAB7A
human_GO_bp_2025.gmt,Regulation of Extracellular Matrix Disassembly (GO:0010715),1/6,0.3482121251529303,0.7014344967109387,3.6909867080624816,3.8937821774217376,CST3
human_GO_bp_2025.gmt,Regulation of Fat Cell Differentiation (GO:0045598),1/15,0.6572739920461566,0.8066731524173242,1.3980421742170537,0.5866944272638178,ZFP36L2
human_GO_bp_2025.gmt,Regulation of Fatty Acid Biosynthetic Process (GO:0042304),1/6,0.3482121251529303,0.7014344967109387,3.6909867080624816,3.8937821774217376,CEACAM1
human_GO_bp_2025.gmt,Regulation of Fatty Acid Metabolic Process (GO:0019217),2/9,0.12341571831772508,0.6579351544822044,4.519429590017825,9.455536119984815,UGT1A1;SLC22A13
human_GO_bp_2025.gmt,Regulation of Fertilization (GO:0080154),1/5,0.29999627131960604,0.6915159365043801,4.511917467093561,5.432282004419637,PRDM9
human_GO_bp_2025.gmt,Regulation of Fibrinolysis (GO:0051917),1/3,0.19262675285006695,0.6588977933440335,8.12401280683031,13.380256287293214,USF1
human_GO_bp_2025.gmt,Regulation of Fibroblast Migration (GO:0010762),1/10,0.5101278301715297,0.737352910867403,2.135538954108858,1.437418322826163,RNASE1
human_GO_bp_2025.gmt,Regulation of Flagellated Sperm Motility (GO:1901317),1/6,0.3482121251529303,0.7014344967109387,3.6909867080624816,3.8937821774217376,CFAP206
human_GO_bp_2025.gmt,Regulation of Focal Adhesion Assembly (GO:0051893),1/31,0.890927078979471,0.9373145865806565,0.6629634165544028,0.0765674327478433,RNASE1
human_GO_bp_2025.gmt,Regulation of Focal Adhesion Disassembly (GO:0120182),1/4,0.2482218274225701,0.6725999495517755,5.801951516999543,8.084627616903795,IQSEC1
human_GO_bp_2025.gmt,Regulation of G0 to G1 Transition (GO:0070316),1/14,0.6318848753615329,0.7939066382747465,1.5018380173129373,0.6894158292825293,RRM1
human_GO_bp_2025.gmt,Regulation of G1/S Transition of Mitotic Cell Cycle (GO:2000045),2/49,0.8605927385767654,0.9216929064510891,0.7090909090909091,0.10645858097153343,RRM1;CRLF3
human_GO_bp_2025.gmt,Regulation of G2/M Transition of Mitotic Cell Cycle (GO:0010389),2/19,0.37986896542989435,0.7187522822462863,1.933842627960275,1.8718221938477368,RRM1;CCNB1
human_GO_bp_2025.gmt,Regulation of GTPase Activity (GO:0043087),2/60,0.9255452051654458,0.9585965946480843,0.5747520453402807,0.044469890042483806,ECT2;FGD5
human_GO_bp_2025.gmt,Regulation of Gene Expression (GO:0010468),18/399,0.9834033859706172,0.9914972409991819,0.6406096468884118,0.010721166743278861,PPIE;KHDRBS1;GJA1;GTF2IRD1;CCL3;L3MBTL3;SFTPD;TRIM38;IFNG;LGALS9;PRDM9;ZNF326;ZNF2;RPS7;TRIM5;RHOXF1;PLCG2;ZNF410
human_GO_bp_2025.gmt,Regulation of Generation of Precursor Metabolites and Energy (GO:0043467),1/11,0.543894738997155,0.7549813657467591,1.9318493672815977,1.1764953863382994,CHCHD2
human_GO_bp_2025.gmt,Regulation of Glial Cell Apoptotic Process (GO:0034350),1/2,0.1329297557015066,0.6579351544822044,13.542155816435432,27.32718265313555,PRKCI
human_GO_bp_2025.gmt,Regulation of Glial Cell Proliferation (GO:0060251),1/2,0.1329297557015066,0.6579351544822044,13.542155816435432,27.32718265313555,PRKCI
human_GO_bp_2025.gmt,Regulation of Gluconeogenesis (GO:0006111),1/12,0.575338714803466,0.772372521243009,1.763584056424296,0.9749028158966704,PTPN2
human_GO_bp_2025.gmt,Regulation of Glycolytic Process (GO:0006110),2/16,0.3026516261165659,0.6915159365043801,2.3350543979347225,2.790793698448824,IFNG;NUPR1
human_GO_bp_2025.gmt,Regulation of Granulocyte Chemotaxis (GO:0071622),1/6,0.3482121251529303,0.7014344967109387,3.6909867080624816,3.8937821774217376,CXCL17
human_GO_bp_2025.gmt,Regulation of Granulocyte Differentiation (GO:0030852),1/3,0.19262675285006695,0.6588977933440335,8.12401280683031,13.380256287293214,CEACAM1
human_GO_bp_2025.gmt,Regulation of Heart Contraction (GO:0008016),1/20,0.7602861881495797,0.8628609894459619,1.0387488711928412,0.2846798825555806,CYP2J2
human_GO_bp_2025.gmt,Regulation of Hydrolase Activity (GO:0051336),1/28,0.8647802473036128,0.9216929064510891,0.7356359755505967,0.10687308689433113,FGD5
human_GO_bp_2025.gmt,Regulation of Immune Response (GO:0050776),3/17,0.10734327983230747,0.6579351544822044,3.2760838230402483,7.311312787874168,XIAP;SAMHD1;BIRC2
human_GO_bp_2025.gmt,Regulation of Inflammatory Response (GO:0050727),10/73,0.026923456743886746,0.4524666853685769,2.26080213857925,8.17225120255566,LILRA5;CASP1;CCL3;IFNG;BIRC2;PTPN2;XIAP;S100A8;CXCL17;FPR2
human_GO_bp_2025.gmt,Regulation of Inflammatory Response to Antigenic Stimulus (GO:0002861),1/8,0.434927768409778,0.7199817787864567,2.7058697972251866,2.2528403887996764,GNAS
human_GO_bp_2025.gmt,Regulation of Inflammatory Response to Wounding (GO:0106014),1/3,0.19262675285006695,0.6588977933440335,8.12401280683031,13.380256287293214,SIGLEC10
human_GO_bp_2025.gmt,Regulation of Innate Immune Response (GO:0045088),7/37,0.011828906963963302,0.351165908645752,3.3578201151971645,14.899349637313279,ATG12;GBP5;BIRC2;DTX4;XIAP;SAMHD1;FPR2
human_GO_bp_2025.gmt,Regulation of Insulin Receptor Signaling Pathway (GO:0046626),1/21,0.7768339917642173,0.8745517655702848,0.9879220136918552,0.24947856723000636,PTPN2
human_GO_bp_2025.gmt,Regulation of Insulin Secretion (GO:0050796),2/25,0.5214627645355767,0.748767046512623,1.4387302309705314,0.9367822984975749,GNAS;IFNG
human_GO_bp_2025.gmt,Regulation of Interleukin-1 Beta Production (GO:0032651),8/24,0.00013041569632871636,0.028401640533809336,7.065333727305558,63.197880864619435,LILRA5;CASP1;CCL3;GBP5;IFNG;LGALS9;CD33;USP50
human_GO_bp_2025.gmt,Regulation of Interleukin-1 Production (GO:0032652),1/4,0.2482218274225701,0.6725999495517755,5.801951516999543,8.084627616903795,CEACAM1
human_GO_bp_2025.gmt,Regulation of Interleukin-10 Production (GO:0032653),3/15,0.07940294078463345,0.6275393707172644,3.8014576634512327,9.629928102559314,LILRA5;PLCG2;LGALS9
human_GO_bp_2025.gmt,Regulation of Interleukin-12 Production (GO:0032655),4/13,0.009610960342236954,0.351165908645752,6.447905477980666,29.94956104191085,LILRA5;IFNG;PLCG2;LGALS9
human_GO_bp_2025.gmt,Regulation of Interleukin-13 Production (GO:0032656),2/3,0.013535761404385824,0.351165908645752,22.618538324420676,97.3144539878744,LILRA5;LGALS9
human_GO_bp_2025.gmt,Regulation of Interleukin-17 Production (GO:0032660),1/9,0.4738667746712847,0.7267440362720797,2.3871555025425324,1.7827971069314716,IFNG
human_GO_bp_2025.gmt,Regulation of Interleukin-18 Production (GO:0032661),1/2,0.1329297557015066,0.6579351544822044,13.542155816435432,27.32718265313555,GBP5
human_GO_bp_2025.gmt,Regulation of Interleukin-2 Production (GO:0032663),3/23,0.20802661807548062,0.6725999495517755,2.315034114971375,3.6348101447776218,SFTPD;GBP1;PLCG2
human_GO_bp_2025.gmt,Regulation of Interleukin-23 Production (GO:0032667),3/3,0.0003241308879011476,0.05372064757001905,95.21650589496248,765.0039861146843,RNASE1;IFNG;PLCG2
human_GO_bp_2025.gmt,Regulation of Interleukin-4 Production (GO:0032673),1/5,0.29999627131960604,0.6915159365043801,4.511917467093561,5.432282004419637,LGALS9
human_GO_bp_2025.gmt,Regulation of Interleukin-5 Production (GO:0032674),1/3,0.19262675285006695,0.6588977933440335,8.12401280683031,13.380256287293214,LGALS9
human_GO_bp_2025.gmt,Regulation of Interleukin-6 Production (GO:0032675),4/24,0.07872940603781137,0.6275393707172644,2.982866574100757,7.581666949286709,LILRA5;IFNG;PLCG2;LGALS9
human_GO_bp_2025.gmt,Regulation of Interleukin-8 Production (GO:0032677),2/20,0.40484585379027765,0.7199817787864567,1.8290215349038879,1.6538906968390008,LGALS9;CD33
human_GO_bp_2025.gmt,Regulation of Intracellular Signal Transduction (GO:1902531),8/140,0.7573073641797797,0.8628609894459619,0.863709397166745,0.24009918841387223,CEACAM1;GRB2;JPT2;FGD5;ARHGAP30;GBP1;ECT2;PLCG2
human_GO_bp_2025.gmt,Regulation of Intracellular Transport (GO:0032386),2/23,0.47662783158047073,0.7275627335652046,1.5730630518592215,1.165670112886508,MX2;DNAJC13
human_GO_bp_2025.gmt,Regulation of Intrinsic Apoptotic Signaling Pathway (GO:2001242),3/16,0.09293655139845053,0.6579351544822044,3.5193124528601483,8.361317180347134,S100A8;NUPR1;UBQLN1
human_GO_bp_2025.gmt,Regulation of Intrinsic Apoptotic Signaling Pathway by P53 Class Mediator (GO:1902253),1/4,0.2482218274225701,0.6725999495517755,5.801951516999543,8.084627616903795,RPS7
human_GO_bp_2025.gmt,Regulation of JNK Cascade (GO:0046328),1/42,0.9504361018729561,0.9737871195352817,0.4863895282303172,0.024725293139728568,XIAP
human_GO_bp_2025.gmt,Regulation of JUN Kinase Activity (GO:0043506),1/13,0.604619241524603,0.781697700124157,1.6222411953041622,0.8162409942227296,SERPINB3
human_GO_bp_2025.gmt,Regulation of Keratinocyte Migration (GO:0051547),1/6,0.3482121251529303,0.7014344967109387,3.6909867080624816,3.8937821774217376,IQSEC1
human_GO_bp_2025.gmt,Regulation of Ketone Metabolic Process (GO:0010565),1/4,0.2482218274225701,0.6725999495517755,5.801951516999543,8.084627616903795,CES1
human_GO_bp_2025.gmt,Regulation of Kinase Activity (GO:0043549),1/11,0.543894738997155,0.7549813657467591,1.9318493672815977,1.1764953863382994,ECT2
human_GO_bp_2025.gmt,Regulation of Lamellipodium Assembly (GO:0010591),3/15,0.07940294078463345,0.6275393707172644,3.8014576634512327,9.629928102559314,RNASE1;NCKAP1;BRK1
human_GO_bp_2025.gmt,Regulation of Lamellipodium Organization (GO:1902743),1/5,0.29999627131960604,0.6915159365043801,4.511917467093561,5.432282004419637,RNASE1
human_GO_bp_2025.gmt,Regulation of Leukocyte Migration (GO:0002685),1/5,0.29999627131960604,0.6915159365043801,4.511917467093561,5.432282004419637,RNASE1
human_GO_bp_2025.gmt,Regulation of Leukocyte Proliferation (GO:0070663),1/4,0.2482218274225701,0.6725999495517755,5.801951516999543,8.084627616903795,CSF2RB
human_GO_bp_2025.gmt,Regulation of Lipid Biosynthetic Process (GO:0046890),1/8,0.434927768409778,0.7199817787864567,2.7058697972251866,2.2528403887996764,CEACAM1
human_GO_bp_2025.gmt,Regulation of Lipid Metabolic Process (GO:0019216),1/15,0.6572739920461566,0.8066731524173242,1.3980421742170537,0.5866944272638178,PLCG2
human_GO_bp_2025.gmt,Regulation of Lipid Storage (GO:0010883),1/5,0.29999627131960604,0.6915159365043801,4.511917467093561,5.432282004419637,PTPN2
human_GO_bp_2025.gmt,Regulation of Lipopolysaccharide-Mediated Signaling Pathway (GO:0031664),1/5,0.29999627131960604,0.6915159365043801,4.511917467093561,5.432282004419637,TRIM5
human_GO_bp_2025.gmt,Regulation of Lymphocyte Differentiation (GO:0045619),1/8,0.434927768409778,0.7199817787864567,2.7058697972251866,2.2528403887996764,ZFP36L2
human_GO_bp_2025.gmt,Regulation of Lysosomal Protein Catabolic Process (GO:1905165),1/2,0.1329297557015066,0.6579351544822044,13.542155816435432,27.32718265313555,USP8
human_GO_bp_2025.gmt,Regulation of MAPK Cascade (GO:0043408),7/84,0.35703241141548087,0.7140648228309617,1.3116303400174367,1.350885748084733,LILRA5;CEACAM1;PPIA;GRB2;LGALS9;TRIM5;PLCG2
human_GO_bp_2025.gmt,Regulation of MHC Class II Biosynthetic Process (GO:0045346),1/4,0.2482218274225701,0.6725999495517755,5.801951516999543,8.084627616903795,IFNG
human_GO_bp_2025.gmt,Regulation of Macroautophagy (GO:0016241),3/45,0.6075089747721825,0.782377726451804,1.1127797742891368,0.5545964540211831,UBQLN1;ATG12;BNIP3
human_GO_bp_2025.gmt,Regulation of Macromolecule Biosynthetic Process (GO:0010556),3/55,0.7402391517369733,0.8535646780093632,0.8993926402286531,0.27052108740789277,PRDM9;TRIM38;TRIM5
human_GO_bp_2025.gmt,Regulation of Macrophage Chemotaxis (GO:0010758),1/8,0.434927768409778,0.7199817787864567,2.7058697972251866,2.2528403887996764,CXCL17
human_GO_bp_2025.gmt,Regulation of Macrophage Cytokine Production (GO:0010935),1/1,0.06882888171411798,0.6109842574255044,40.63287086446105,108.73891905550649,PLCG2
human_GO_bp_2025.gmt,Regulation of Macrophage Differentiation (GO:0045649),1/4,0.2482218274225701,0.6725999495517755,5.801951516999543,8.084627616903795,PTPN2
human_GO_bp_2025.gmt,Regulation of Mast Cell Chemotaxis (GO:0060753),1/1,0.06882888171411798,0.6109842574255044,40.63287086446105,108.73891905550649,VEGFC
human_GO_bp_2025.gmt,Regulation of Mast Cell Degranulation (GO:0043304),1/2,0.1329297557015066,0.6579351544822044,13.542155816435432,27.32718265313555,LGALS9
human_GO_bp_2025.gmt,Regulation of Membrane Protein Ectodomain Proteolysis (GO:0051043),1/9,0.4738667746712847,0.7267440362720797,2.3871555025425324,1.7827971069314716,IFNG
human_GO_bp_2025.gmt,Regulation of Metabolic Process (GO:0019222),3/18,0.1225514889554573,0.6579351544822044,3.0642395325519485,6.432525227629285,RNASE1;IFNG;CHCHD2
human_GO_bp_2025.gmt,Regulation of Metal Ion Transport (GO:0010959),1/13,0.604619241524603,0.781697700124157,1.6222411953041622,0.8162409942227296,YWHAH
human_GO_bp_2025.gmt,Regulation of Microglial Cell Activation (GO:1903978),1/2,0.1329297557015066,0.6579351544822044,13.542155816435432,27.32718265313555,CCL3
human_GO_bp_2025.gmt,Regulation of Microtubule Depolymerization (GO:0031114),1/13,0.604619241524603,0.781697700124157,1.6222411953041622,0.8162409942227296,TPX2
human_GO_bp_2025.gmt,Regulation of Microtubule Nucleation (GO:0010968),1/8,0.434927768409778,0.7199817787864567,2.7058697972251866,2.2528403887996764,HAUS4
human_GO_bp_2025.gmt,Regulation of Microtubule Polymerization (GO:0031113),2/29,0.6031083061882345,0.781697700124157,1.228682547399125,0.6212937568532244,HAUS4;RNASE1
human_GO_bp_2025.gmt,Regulation of Mitochondrial Depolarization (GO:0051900),1/6,0.3482121251529303,0.7014344967109387,3.6909867080624816,3.8937821774217376,FBF1
human_GO_bp_2025.gmt,Regulation of Mitochondrial Fission (GO:0090140),1/9,0.4738667746712847,0.7267440362720797,2.3871555025425324,1.7827971069314716,BNIP3
human_GO_bp_2025.gmt,Regulation of Mitochondrial Fusion (GO:0010635),1/9,0.4738667746712847,0.7267440362720797,2.3871555025425324,1.7827971069314716,BNIP3
human_GO_bp_2025.gmt,Regulation of Mitochondrial Membrane Permeability (GO:0046902),1/7,0.39311349314694843,0.7187522822462863,3.1226500287332732,2.9154838148419593,BNIP3
human_GO_bp_2025.gmt,Regulation of Mitochondrion Organization (GO:0010821),1/13,0.604619241524603,0.781697700124157,1.6222411953041622,0.8162409942227296,RHOT1
human_GO_bp_2025.gmt,Regulation of Mitotic Cell Cycle (GO:0007346),3/54,0.7287682779955388,0.8492186830387967,0.9170022580880134,0.2901390195845516,ASNS;CCNB1;DYNLT3
human_GO_bp_2025.gmt,Regulation of Mitotic Cell Cycle Phase Transition (GO:1901990),1/34,0.912026685653055,0.9503308367251397,0.6033068382739452,0.055556130855209586,ZFP36L2
human_GO_bp_2025.gmt,Regulation of Mitotic Cell Cycle Spindle Assembly Checkpoint (GO:0090266),2/13,0.22397239414982065,0.6725999495517755,2.9455940478958382,4.407293472994908,NDC80;CCNB1
human_GO_bp_2025.gmt,Regulation of Mitotic Cytokinetic Process (GO:1903436),1/5,0.29999627131960604,0.6915159365043801,4.511917467093561,5.432282004419637,ECT2
human_GO_bp_2025.gmt,Regulation of Mitotic Metaphase/Anaphase Transition (GO:0030071),1/22,0.7922417435473148,0.8817682097403391,0.9418232359584027,0.21933999092617165,CCNB1
human_GO_bp_2025.gmt,Regulation of Mitotic Nuclear Division (GO:0007088),1/22,0.7922417435473148,0.8817682097403391,0.9418232359584027,0.21933999092617165,CCNB1
human_GO_bp_2025.gmt,Regulation of Mitotic Sister Chromatid Segregation (GO:0033047),1/5,0.29999627131960604,0.6915159365043801,4.511917467093561,5.432282004419637,CCNB1
human_GO_bp_2025.gmt,Regulation of Mitotic Sister Chromatid Separation (GO:0010965),1/6,0.3482121251529303,0.7014344967109387,3.6909867080624816,3.8937821774217376,CCNB1
human_GO_bp_2025.gmt,Regulation of Mitotic Spindle Assembly (GO:1901673),1/11,0.543894738997155,0.7549813657467591,1.9318493672815977,1.1764953863382994,PDCD6IP
human_GO_bp_2025.gmt,Regulation of Mitotic Spindle Checkpoint (GO:1903504),1/3,0.19262675285006695,0.6588977933440335,8.12401280683031,13.380256287293214,CCNB1
human_GO_bp_2025.gmt,Regulation of Mitotic Spindle Organization (GO:0060236),2/20,0.40484585379027765,0.7199817787864567,1.8290215349038879,1.6538906968390008,TPX2;PDCD6IP
human_GO_bp_2025.gmt,Regulation of Monoatomic Ion Transmembrane Transporter Activity (GO:0032412),1/14,0.6318848753615329,0.7939066382747465,1.5018380173129373,0.6894158292825293,YWHAH
human_GO_bp_2025.gmt,Regulation of Monocyte Chemotactic Protein-1 Production (GO:0071637),1/3,0.19262675285006695,0.6588977933440335,8.12401280683031,13.380256287293214,LGALS9
human_GO_bp_2025.gmt,Regulation of Monocyte Chemotaxis (GO:0090025),2/11,0.1724587419152796,0.6588977933440335,3.5668449197860963,6.2690768165601165,CXCL17;FPR2
human_GO_bp_2025.gmt,Regulation of Morphogenesis of an Epithelium (GO:1905330),1/3,0.19262675285006695,0.6588977933440335,8.12401280683031,13.380256287293214,GJA1
human_GO_bp_2025.gmt,Regulation of Multicellular Organism Growth (GO:0040014),1/8,0.434927768409778,0.7199817787864567,2.7058697972251866,2.2528403887996764,GNAS
human_GO_bp_2025.gmt,Regulation of Myelination (GO:0031641),1/8,0.434927768409778,0.7199817787864567,2.7058697972251866,2.2528403887996764,RNF10
human_GO_bp_2025.gmt,Regulation of NLRP3 Inflammasome Complex Assembly (GO:1900225),3/17,0.10734327983230747,0.6579351544822044,3.2760838230402483,7.311312787874168,GBP5;USP50;PLCG2
human_GO_bp_2025.gmt,Regulation of NMDA Receptor Activity (GO:2000310),1/6,0.3482121251529303,0.7014344967109387,3.6909867080624816,3.8937821774217376,IFNG
human_GO_bp_2025.gmt,Regulation of Natural Killer Cell Chemotaxis (GO:2000501),2/3,0.013535761404385824,0.351165908645752,22.618538324420676,97.3144539878744,CCL3;CCL4
human_GO_bp_2025.gmt,Regulation of Natural Killer Cell Mediated Cytotoxicity (GO:0042269),2/8,0.10041356630714114,0.6579351544822044,5.215549156725627,11.987720466033037,GRB2;LGALS9
human_GO_bp_2025.gmt,Regulation of Necroptotic Process (GO:0060544),1/12,0.575338714803466,0.772372521243009,1.763584056424296,0.9749028158966704,BIRC2
human_GO_bp_2025.gmt,Regulation of Neural Precursor Cell Proliferation (GO:2000177),1/8,0.434927768409778,0.7199817787864567,2.7058697972251866,2.2528403887996764,SHCBP1
human_GO_bp_2025.gmt,Regulation of Neurogenesis (GO:0050767),1/21,0.7768339917642173,0.8745517655702848,0.9879220136918552,0.24947856723000636,IFNG
human_GO_bp_2025.gmt,Regulation of Neuroinflammatory Response (GO:0150077),2/5,0.04112405183442642,0.5716534864927361,9.690603514132926,30.924286911029,NUPR1;PLCG2
human_GO_bp_2025.gmt,Regulation of Neuron Apoptotic Process (GO:0043523),5/41,0.14839761667041745,0.6588977933440335,2.046817169736202,3.905040622953631,CCL3;PRKCI;NUPR1;CASP2;SOD2
human_GO_bp_2025.gmt,Regulation of Neuron Differentiation (GO:0045664),2/28,0.5837251994389475,0.7772427927312073,1.2752497225305217,0.6864987505186478,ECT2;YWHAH
human_GO_bp_2025.gmt,Regulation of Neuron Projection Development (GO:0010975),2/71,0.9611761148928996,0.9801795968730922,0.4829377139999231,0.01912318634611576,PRKCI;SNX3
human_GO_bp_2025.gmt,Regulation of Neutrophil Chemotaxis (GO:0090022),1/5,0.29999627131960604,0.6915159365043801,4.511917467093561,5.432282004419637,RNASE1
human_GO_bp_2025.gmt,Regulation of Neutrophil Migration (GO:1902622),1/4,0.2482218274225701,0.6725999495517755,5.801951516999543,8.084627616903795,RNASE1
human_GO_bp_2025.gmt,Regulation of Nitric Oxide Biosynthetic Process (GO:0045428),2/18,0.35446039520434314,0.7103705261763932,2.0513693080538,2.1275954414920366,RNASE1;IFNG
human_GO_bp_2025.gmt,Regulation of Nitric Oxide Metabolic Process (GO:0080164),1/3,0.19262675285006695,0.6588977933440335,8.12401280683031,13.380256287293214,RNASE1
human_GO_bp_2025.gmt,Regulation of Non-Canonical NF-kappaB Signal Transduction (GO:1901222),1/27,0.8547425670227319,0.9194815759410288,0.7635166428384447,0.1198377138926393,LGALS9
human_GO_bp_2025.gmt,Regulation of Notch Signaling Pathway (GO:0008593),1/18,0.7234275816420505,0.8445015247280636,1.1578289373380088,0.3748527135588553,PRKCI
human_GO_bp_2025.gmt,"Regulation of Nuclear-Transcribed mRNA Catabolic Process, Deadenylation-Dependent Decay (GO:1900151)",3/12,0.044697425853014776,0.6000476347391024,5.004287245444802,15.552520901174407,SYNCRIP;CSDE1;ZFP36L2
human_GO_bp_2025.gmt,"Regulation of Nuclear-Transcribed mRNA Catabolic Process, Nonsense-Mediated Decay (GO:2000622)",1/5,0.29999627131960604,0.6915159365043801,4.511917467093561,5.432282004419637,SYNCRIP
human_GO_bp_2025.gmt,Regulation of Nuclear-Transcribed mRNA poly(A) Tail Shortening (GO:0060211),1/7,0.39311349314694843,0.7187522822462863,3.1226500287332732,2.9154838148419593,EIF4ENIF1
human_GO_bp_2025.gmt,Regulation of Nucleocytoplasmic Transport (GO:0046822),2/9,0.12341571831772508,0.6579351544822044,4.519429590017825,9.455536119984815,MX2;KHDRBS1
human_GO_bp_2025.gmt,Regulation of Organelle Assembly (GO:1902115),2/38,0.7473833538802392,0.8571511840873429,0.9244011427734232,0.2691643831775851,ARF4;PDCD6IP
human_GO_bp_2025.gmt,Regulation of Organelle Organization (GO:0033043),5/47,0.22003653608811277,0.6725999495517755,1.7561831191034003,2.6587939336024986,ATG12;RHOT1;LMAN1;F11R;S100A8
human_GO_bp_2025.gmt,Regulation of Osteoclast Differentiation (GO:0045670),3/13,0.05522336550624813,0.6109842574255044,4.526973919256878,13.111787498938703,IFNG;CCL3;LILRA6
human_GO_bp_2025.gmt,Regulation of Oxidative Phosphorylation (GO:0002082),1/5,0.29999627131960604,0.6915159365043801,4.511917467093561,5.432282004419637,NUPR1
human_GO_bp_2025.gmt,Regulation of Oxidative Stress-Induced Intrinsic Apoptotic Signaling Pathway (GO:1902175),3/9,0.019906034270097465,0.42874535350979154,7.317421056970896,28.660379871657998,PPIA;UBQLN1;SOD2
human_GO_bp_2025.gmt,Regulation of Pattern Recognition Receptor Signaling Pathway (GO:0062207),2/5,0.04112405183442642,0.5716534864927361,9.690603514132926,30.924286911029,S100A8;BIRC2
human_GO_bp_2025.gmt,Regulation of Peptidase Activity (GO:0052547),2/3,0.013535761404385824,0.351165908645752,22.618538324420676,97.3144539878744,SERPINB3;CST3
human_GO_bp_2025.gmt,Regulation of Peptide Hormone Secretion (GO:0090276),2/14,0.2501660016445124,0.6725999495517755,2.70951871657754,3.754391976944623,GNAS;IFNG
human_GO_bp_2025.gmt,Regulation of Phagocytosis (GO:0050764),5/19,0.007838715579680817,0.351165908645752,5.170298058720909,25.06912227608041,FCGR2A;SNX3;SFTPD;IFNG;FPR2
human_GO_bp_2025.gmt,"Regulation of Phagocytosis, Engulfment (GO:0060099)",1/5,0.29999627131960604,0.6915159365043801,4.511917467093561,5.432282004419637,PLCG2
human_GO_bp_2025.gmt,Regulation of Phosphatidylinositol 3-Kinase/Protein Kinase B Signal Transduction (GO:0051896),2/80,0.9775251722674546,0.9896432529153983,0.4269559589904288,0.009705236568893508,CEACAM1;CCL3
human_GO_bp_2025.gmt,Regulation of Plasma Membrane Bounded Cell Projection Assembly (GO:0120032),2/33,0.6737885886802788,0.8157667157041159,1.071980307274425,0.42325950810842317,RNASE1;ARF4
human_GO_bp_2025.gmt,Regulation of Plasma Membrane Repair (GO:1905684),1/3,0.19262675285006695,0.6588977933440335,8.12401280683031,13.380256287293214,MYH9
human_GO_bp_2025.gmt,Regulation of Platelet Aggregation (GO:0090330),2/9,0.12341571831772508,0.6579351544822044,4.519429590017825,9.455536119984815,CEACAM1;F11R
human_GO_bp_2025.gmt,Regulation of Primary Metabolic Process (GO:0080090),3/55,0.7402391517369733,0.8535646780093632,0.8993926402286531,0.27052108740789277,KHDRBS1;ZNF326;PLCG2
human_GO_bp_2025.gmt,Regulation of Programmed Cell Death (GO:0043067),6/77,0.4385546053595231,0.7214769783490887,1.2306560753162694,1.0143940490100944,KHDRBS1;DYNAP;USP42;BIRC2;BNIP3;XIAP
human_GO_bp_2025.gmt,Regulation of Programmed Necrotic Cell Death (GO:0062098),2/7,0.07880391718882125,0.6275393707172644,6.164803111327175,15.663485958255082,NUPR1;BIRC2
human_GO_bp_2025.gmt,Regulation of Proteasomal Protein Catabolic Process (GO:0061136),1/28,0.8647802473036128,0.9216929064510891,0.7356359755505967,0.10687308689433113,NUPR1
human_GO_bp_2025.gmt,Regulation of Protein Binding (GO:0043393),2/37,0.7339072442478545,0.8535646780093632,0.9505912480228967,0.2940869131131566,IFIT1;DDX11
human_GO_bp_2025.gmt,Regulation of Protein Catabolic Process (GO:0042176),3/64,0.8268195832052727,0.9038608205584064,0.7666762519715229,0.14579787669303637,SNX3;EEF1A1;RAB7A
human_GO_bp_2025.gmt,Regulation of Protein Import Into Nucleus (GO:0042306),3/18,0.1225514889554573,0.6579351544822044,3.0642395325519485,6.432525227629285,IPO5;IFNG;ECT2
human_GO_bp_2025.gmt,Regulation of Protein Kinase Activity (GO:0045859),3/39,0.5089838943549128,0.737352910867403,1.29693579409476,0.8758711986126976,CEACAM1;PPIA;ECT2
human_GO_bp_2025.gmt,Regulation of Protein Localization (GO:0032880),2/44,0.8164694575885985,0.8975211087345222,0.7931424976407675,0.16082215224903118,TRIM5;USP8
human_GO_bp_2025.gmt,Regulation of Protein Localization to Cajal Body (GO:1904869),4/9,0.0021128409613897455,0.1800507949706044,11.144321843569964,68.64592231655585,CCT3;LARP7;CCT7;CCT4
human_GO_bp_2025.gmt,Regulation of Protein Localization to Cell Periphery (GO:1904375),1/13,0.604619241524603,0.781697700124157,1.6222411953041622,0.8162409942227296,GBP1
human_GO_bp_2025.gmt,Regulation of Protein Localization to Membrane (GO:1905475),1/14,0.6318848753615329,0.7939066382747465,1.5018380173129373,0.6894158292825293,GBP1
human_GO_bp_2025.gmt,Regulation of Protein Localization to Plasma Membrane (GO:1903076),3/42,0.5599045720081467,0.772372521243009,1.1978645176170513,0.6947481441682849,PRKCI;GBP1;IFNG
human_GO_bp_2025.gmt,Regulation of Protein Modification by Small Protein Conjugation or Removal (GO:1903320),2/12,0.19801100512773262,0.6611611074111686,3.2266361089890503,5.225319923868167,COPS4;UBQLN1
human_GO_bp_2025.gmt,Regulation of Protein Neddylation (GO:2000434),1/11,0.543894738997155,0.7549813657467591,1.9318493672815977,1.1764953863382994,COPS4
human_GO_bp_2025.gmt,Regulation of Protein Phosphorylation (GO:0001932),3/45,0.6075089747721825,0.782377726451804,1.1127797742891368,0.5545964540211831,RNASE1;PPIA;ECT2
human_GO_bp_2025.gmt,Regulation of Protein Secretion (GO:0050708),4/25,0.08887079056287833,0.6579351544822044,2.8436789648539955,6.8833289841732554,GNAS;IFNG;PPIA;CD33
human_GO_bp_2025.gmt,Regulation of Protein Serine/Threonine Kinase Activity (GO:0071900),2/28,0.5837251994389475,0.7772427927312073,1.2752497225305217,0.6864987505186478,IFNG;GTF2H1
human_GO_bp_2025.gmt,Regulation of Protein Targeting to Membrane (GO:0090313),1/10,0.5101278301715297,0.737352910867403,2.135538954108858,1.437418322826163,TCAF2
human_GO_bp_2025.gmt,Regulation of Protein Targeting to Mitochondrion (GO:1903214),1/9,0.4738667746712847,0.7267440362720797,2.3871555025425324,1.7827971069314716,LMAN1
human_GO_bp_2025.gmt,Regulation of Protein Transport (GO:0051223),1/8,0.434927768409778,0.7199817787864567,2.7058697972251866,2.2528403887996764,SNX3
human_GO_bp_2025.gmt,Regulation of Protein Tyrosine Kinase Activity (GO:0061097),1/4,0.2482218274225701,0.6725999495517755,5.801951516999543,8.084627616903795,LILRA5
human_GO_bp_2025.gmt,Regulation of Protein Ubiquitination (GO:0031396),5/48,0.23289702189262906,0.6725999495517755,1.7155388936317633,2.499812748689574,UBQLN1;BIRC2;CEP78;XIAP;UBE3A
human_GO_bp_2025.gmt,Regulation of Protein-Containing Complex Assembly (GO:0043254),4/50,0.45438954932513426,0.7267440362720797,1.309621981220332,1.0330303566274017,NAPSA;IFNG;BRK1;UBLCP1
human_GO_bp_2025.gmt,Regulation of Protein-Containing Complex Disassembly (GO:0043244),1/8,0.434927768409778,0.7199817787864567,2.7058697972251866,2.2528403887996764,BNIP3
human_GO_bp_2025.gmt,Regulation of Proteolysis (GO:0030162),3/20,0.15507697018644415,0.6588977933440335,2.7131832797427653,5.056922440478083,IST1;SERPINB3;CST3
human_GO_bp_2025.gmt,Regulation of Proteolysis Involved in Protein Catabolic Process (GO:1903050),1/15,0.6572739920461566,0.8066731524173242,1.3980421742170537,0.5866944272638178,UBE3A
human_GO_bp_2025.gmt,Regulation of RIG-I Signaling Pathway (GO:0039535),1/10,0.5101278301715297,0.737352910867403,2.135538954108858,1.437418322826163,BIRC2
human_GO_bp_2025.gmt,Regulation of RNA Biosynthetic Process (GO:2001141),4/174,0.9983501969722197,0.9999006927211501,0.35013906782036786,0.0005781375320015173,PPIE;RHOXF1;ZNF2;GTF2IRD1
human_GO_bp_2025.gmt,Regulation of RNA Export From Nucleus (GO:0046831),1/9,0.4738667746712847,0.7267440362720797,2.3871555025425324,1.7827971069314716,KHDRBS1
human_GO_bp_2025.gmt,Regulation of RNA Splicing (GO:0043484),4/62,0.6262098658338733,0.7939066382747465,1.0389985953895728,0.48632377656395487,ZNF326;SRRM1;LARP7;KHDRBS1
human_GO_bp_2025.gmt,Regulation of Reactive Oxygen Species Biosynthetic Process (GO:1903426),1/5,0.29999627131960604,0.6915159365043801,4.511917467093561,5.432282004419637,PLCG2
human_GO_bp_2025.gmt,Regulation of Reactive Oxygen Species Metabolic Process (GO:2000377),3/17,0.10734327983230747,0.6579351544822044,3.2760838230402483,7.311312787874168,RNASE1;ARF4;GRB2
human_GO_bp_2025.gmt,Regulation of Receptor Signaling Pathway via JAK-STAT (GO:0046425),2/18,0.35446039520434314,0.7103705261763932,2.0513693080538,2.1275954414920366,PTPN2;CRLF3
human_GO_bp_2025.gmt,Regulation of Receptor-Mediated Endocytosis (GO:0048259),1/16,0.6809154831081293,0.8157667157041159,1.3076393431335422,0.5025481439464183,RNASE1
human_GO_bp_2025.gmt,Regulation of Release of Cytochrome C From Mitochondria (GO:0090199),1/15,0.6572739920461566,0.8066731524173242,1.3980421742170537,0.5866944272638178,BNIP3
human_GO_bp_2025.gmt,Regulation of Respiratory Burst (GO:0060263),1/3,0.19262675285006695,0.6588977933440335,8.12401280683031,13.380256287293214,RNASE1
human_GO_bp_2025.gmt,Regulation of Response to Biotic Stimulus (GO:0002831),4/10,0.0033313021049397526,0.2331911473457827,9.428323556143106,53.78285373969172,XIAP;SAMHD1;BIRC2;TRIM5
human_GO_bp_2025.gmt,Regulation of Response to Endoplasmic Reticulum Stress (GO:1905897),1/4,0.2482218274225701,0.6725999495517755,5.801951516999543,8.084627616903795,NUPR1
human_GO_bp_2025.gmt,Regulation of Response to External Stimulus (GO:0032101),5/45,0.1950217815187296,0.6611611074111686,1.8434929367832131,3.0134547171188433,CASP1;BIRC2;XIAP;TRIM5;SAMHD1
human_GO_bp_2025.gmt,Regulation of Rho Protein Signal Transduction (GO:0035023),3/34,0.4179295328734895,0.7199817787864567,1.5039895200666904,1.312144290097482,RNASE1;F11R;ARHGAP30
human_GO_bp_2025.gmt,Regulation of SMAD Protein Signal Transduction (GO:0060390),1/14,0.6318848753615329,0.7939066382747465,1.5018380173129373,0.6894158292825293,BMPER
human_GO_bp_2025.gmt,Regulation of Secretion (GO:0051046),1/8,0.434927768409778,0.7199817787864567,2.7058697972251866,2.2528403887996764,CES1
human_GO_bp_2025.gmt,Regulation of Sensory Perception (GO:0051931),1/2,0.1329297557015066,0.6579351544822044,13.542155816435432,27.32718265313555,CCL3
human_GO_bp_2025.gmt,Regulation of Sensory Perception of Pain (GO:0051930),1/2,0.1329297557015066,0.6579351544822044,13.542155816435432,27.32718265313555,CCL3
human_GO_bp_2025.gmt,Regulation of Signal Transduction (GO:0009966),5/76,0.6075402549283907,0.782377726451804,1.0390825536143082,0.5178131190791836,SNX3;PPIA;PTPN2;TRIM5;GNAS
human_GO_bp_2025.gmt,Regulation of Sister Chromatid Cohesion (GO:0007063),1/4,0.2482218274225701,0.6725999495517755,5.801951516999543,8.084627616903795,DDX11
human_GO_bp_2025.gmt,Regulation of Small GTPase Mediated Signal Transduction (GO:0051056),3/74,0.8928849839675016,0.938367060898822,0.6583994783351697,0.07459501736538143,ECT2;FGD5;ARHGAP30
human_GO_bp_2025.gmt,Regulation of Smooth Muscle Cell Apoptotic Process (GO:0034391),1/5,0.29999627131960604,0.6915159365043801,4.511917467093561,5.432282004419637,IFNG
human_GO_bp_2025.gmt,Regulation of Smooth Muscle Cell Proliferation (GO:0048660),1/18,0.7234275816420505,0.8445015247280636,1.1578289373380088,0.3748527135588553,IFNG
human_GO_bp_2025.gmt,Regulation of Sodium Ion Transmembrane Transport (GO:1902305),1/9,0.4738667746712847,0.7267440362720797,2.3871555025425324,1.7827971069314716,YWHAH
human_GO_bp_2025.gmt,Regulation of Sodium Ion Transmembrane Transporter Activity (GO:2000649),1/9,0.4738667746712847,0.7267440362720797,2.3871555025425324,1.7827971069314716,YWHAH
human_GO_bp_2025.gmt,Regulation of Sodium Ion Transport (GO:0002028),1/14,0.6318848753615329,0.7939066382747465,1.5018380173129373,0.6894158292825293,YWHAH
human_GO_bp_2025.gmt,Regulation of Spindle Assembly (GO:0090169),1/16,0.6809154831081293,0.8157667157041159,1.3076393431335422,0.5025481439464183,PDCD6IP
human_GO_bp_2025.gmt,Regulation of Spindle Organization (GO:0090224),1/9,0.4738667746712847,0.7267440362720797,2.3871555025425324,1.7827971069314716,TPX2
human_GO_bp_2025.gmt,Regulation of Sprouting Angiogenesis (GO:1903670),2/16,0.3026516261165659,0.6915159365043801,2.3350543979347225,2.790793698448824,CEACAM1;BMPER
human_GO_bp_2025.gmt,Regulation of Stem Cell Differentiation (GO:2000736),1/21,0.7768339917642173,0.8745517655702848,0.9879220136918552,0.24947856723000636,ZFP36L2
human_GO_bp_2025.gmt,Regulation of Stem Cell Proliferation (GO:0072091),1/8,0.434927768409778,0.7199817787864567,2.7058697972251866,2.2528403887996764,GJA1
human_GO_bp_2025.gmt,Regulation of Steroid Biosynthetic Process (GO:0050810),1/3,0.19262675285006695,0.6588977933440335,8.12401280683031,13.380256287293214,CES1
human_GO_bp_2025.gmt,Regulation of Steroid Metabolic Process (GO:0019218),1/6,0.3482121251529303,0.7014344967109387,3.6909867080624816,3.8937821774217376,UGT1A1
human_GO_bp_2025.gmt,Regulation of Stress Fiber Assembly (GO:0051492),2/39,0.7602698111518786,0.8628609894459619,0.899607843137255,0.24656622153223226,RNASE1;F11R
human_GO_bp_2025.gmt,Regulation of Stress-Activated MAPK Cascade (GO:0032872),1/10,0.5101278301715297,0.737352910867403,2.135538954108858,1.437418322826163,PPIA
human_GO_bp_2025.gmt,Regulation of Substrate Adhesion-Dependent Cell Spreading (GO:1900024),2/26,0.5428959972338279,0.7549813657467591,1.3797882789479428,0.8428264380643381,RNASE1;GBP1
human_GO_bp_2025.gmt,Regulation of Superoxide Anion Generation (GO:0032928),1/8,0.434927768409778,0.7199817787864567,2.7058697972251866,2.2528403887996764,FPR2
human_GO_bp_2025.gmt,Regulation of Superoxide Metabolic Process (GO:0090322),1/2,0.1329297557015066,0.6579351544822044,13.542155816435432,27.32718265313555,DHFR
human_GO_bp_2025.gmt,"Regulation of Synaptic Transmission, GABAergic (GO:0032228)",1/12,0.575338714803466,0.772372521243009,1.763584056424296,0.9749028158966704,PLCL1
human_GO_bp_2025.gmt,Regulation of Synaptic Vesicle Priming (GO:0010807),1/4,0.2482218274225701,0.6725999495517755,5.801951516999543,8.084627616903795,NAPSA
human_GO_bp_2025.gmt,Regulation of T Cell Mediated Cytotoxicity (GO:0001914),1/6,0.3482121251529303,0.7014344967109387,3.6909867080624816,3.8937821774217376,CEACAM1
human_GO_bp_2025.gmt,Regulation of T Cell Migration (GO:2000404),1/7,0.39311349314694843,0.7187522822462863,3.1226500287332732,2.9154838148419593,LGALS9
human_GO_bp_2025.gmt,Regulation of T Cell Proliferation (GO:0042129),1/16,0.6809154831081293,0.8157667157041159,1.3076393431335422,0.5025481439464183,SFTPD
human_GO_bp_2025.gmt,Regulation of T Cell Receptor Signaling Pathway (GO:0050856),3/13,0.05522336550624813,0.6109842574255044,4.526973919256878,13.111787498938703,CEACAM1;GBP1;PTPN2
human_GO_bp_2025.gmt,Regulation of T-helper 1 Type Immune Response (GO:0002825),1/4,0.2482218274225701,0.6725999495517755,5.801951516999543,8.084627616903795,LGALS9
human_GO_bp_2025.gmt,Regulation of TORC1 Signaling (GO:1903432),2/49,0.8605927385767654,0.9216929064510891,0.7090909090909091,0.10645858097153343,MIOS;UBE3A
human_GO_bp_2025.gmt,Regulation of Telomerase RNA Localization to Cajal Body (GO:1904872),3/10,0.02700949091230791,0.4524666853685769,6.3407645587709895,22.900095778262077,CCT3;CCT7;CCT4
human_GO_bp_2025.gmt,Regulation of Telomere Maintenance via Telomerase (GO:0032210),4/23,0.06920331895329693,0.6109842574255044,3.136329835577956,8.37621633925756,CCT3;SERPINA2;CCT7;CCT4
human_GO_bp_2025.gmt,Regulation of Tissue Remodeling (GO:0034103),1/2,0.1329297557015066,0.6579351544822044,13.542155816435432,27.32718265313555,CST3
human_GO_bp_2025.gmt,Regulation of Toll-Like Receptor Signaling Pathway (GO:0034121),2/8,0.10041356630714114,0.6579351544822044,5.215549156725627,11.987720466033037,S100A8;BIRC2
human_GO_bp_2025.gmt,Regulation of Trans-Synaptic Signaling (GO:0099177),1/21,0.7768339917642173,0.8745517655702848,0.9879220136918552,0.24947856723000636,EIF4EBP2
human_GO_bp_2025.gmt,Regulation of Transcription Elongation by RNA Polymerase II (GO:0034243),3/41,0.5432834773590859,0.7549813657467591,1.2291727565039463,0.7499478450094973,LARP7;MED29;ELL2
human_GO_bp_2025.gmt,Regulation of Transcription Initiation by RNA Polymerase II (GO:0060260),2/28,0.5837251994389475,0.7772427927312073,1.2752497225305217,0.6864987505186478,MED29;ZNF451
human_GO_bp_2025.gmt,Regulation of Transcription by RNA Polymerase I (GO:0006356),1/15,0.6572739920461566,0.8066731524173242,1.3980421742170537,0.5866944272638178,DEK
human_GO_bp_2025.gmt,Regulation of Transcription by RNA Polymerase II (GO:0006357),31/677,0.9965340671637976,0.9999006927211501,0.6332995579213042,0.0021987863608103056,CRLF3;USF1;SAP18;ZNF426;CHCHD2;SOD2;DEK;HSBP1;ZNF792;PTMS;MAGEB4;MED29;TBL1X;ZXDB;RHOXF1;MAGEA10;ZNF641;RNF10;ZNF699;ZSCAN4;MAGEA4;LARP7;KLF5;ARF4;FRK;MAGEA11;GTF2IRD1;MAGEB16;IFNG;MAGEB3;ZNF410
human_GO_bp_2025.gmt,Regulation of Transcription by RNA Polymerase III (GO:0006359),1/12,0.575338714803466,0.772372521243009,1.763584056424296,0.9749028158966704,DEK
human_GO_bp_2025.gmt,Regulation of Transcription of Nucleolar Large rRNA by RNA Polymerase I (GO:1901836),1/5,0.29999627131960604,0.6915159365043801,4.511917467093561,5.432282004419637,NOL11
human_GO_bp_2025.gmt,Regulation of Transforming Growth Factor Beta Production (GO:0071634),1/6,0.3482121251529303,0.7014344967109387,3.6909867080624816,3.8937821774217376,LGALS9
human_GO_bp_2025.gmt,Regulation of Transforming Growth Factor Beta Receptor Signaling Pathway (GO:0017015),1/48,0.9677836761121112,0.9833364464384334,0.4245464247598719,0.01390249091393581,ZNF451
human_GO_bp_2025.gmt,Regulation of Translation (GO:0006417),9/124,0.4848878365185921,0.737352910867403,1.1128455330409728,0.8055195285015844,EIF4ENIF1;DHFR;SYNCRIP;EIF5B;CSDE1;RPL26;CNOT10;GZMB;DDX6
human_GO_bp_2025.gmt,Regulation of Translational Initiation (GO:0006446),5/44,0.18290957654452136,0.6588977933440335,1.8904634083198213,3.2114499818718323,KHDRBS1;EIF5B;EIF4EBP2;CSDE1;BOLL
human_GO_bp_2025.gmt,Regulation of Transmembrane Receptor Protein Serine/Threonine Kinase Signaling Pathway (GO:0090092),1/7,0.39311349314694843,0.7187522822462863,3.1226500287332732,2.9154838148419593,XIAP
human_GO_bp_2025.gmt,Regulation of Transport (GO:0051049),1/13,0.604619241524603,0.781697700124157,1.6222411953041622,0.8162409942227296,WDR44
human_GO_bp_2025.gmt,Regulation of Trophoblast Cell Migration (GO:1901163),1/6,0.3482121251529303,0.7014344967109387,3.6909867080624816,3.8937821774217376,GJA1
human_GO_bp_2025.gmt,Regulation of Tumor Necrosis Factor Production (GO:0032680),7/37,0.011828906963963302,0.351165908645752,3.3578201151971645,14.899349637313279,LILRA5;FCGR2A;CCL3;IFNG;LGALS9;CD33;PLCG2
human_GO_bp_2025.gmt,Regulation of Tumor Necrosis Factor-Mediated Signaling Pathway (GO:0010803),3/20,0.15507697018644415,0.6588977933440335,2.7131832797427653,5.056922440478083,CASP1;PTPN2;XIAP
human_GO_bp_2025.gmt,Regulation of Type B Pancreatic Cell Proliferation (GO:0061469),1/3,0.19262675285006695,0.6588977933440335,8.12401280683031,13.380256287293214,NUPR1
human_GO_bp_2025.gmt,Regulation of Type I Interferon Production (GO:0032479),3/21,0.17224536415803535,0.6588977933440335,2.5661191738362157,4.513380943073739,DTX4;XIAP;ATG12
human_GO_bp_2025.gmt,Regulation of Type I Interferon-Mediated Signaling Pathway (GO:0060338),2/14,0.2501660016445124,0.6725999495517755,2.70951871657754,3.754391976944623,PTPN2;SAMHD1
human_GO_bp_2025.gmt,Regulation of Type II Interferon Production (GO:0032649),1/25,0.8323820311775121,0.9038608205584064,0.8261058959336136,0.15156050329317153,LGALS9
human_GO_bp_2025.gmt,Regulation of Type II Interferon-Mediated Signaling Pathway (GO:0060334),1/2,0.1329297557015066,0.6579351544822044,13.542155816435432,27.32718265313555,PTPN2
human_GO_bp_2025.gmt,Regulation of Tyrosine Phosphorylation of STAT Protein (GO:0042509),2/12,0.19801100512773262,0.6611611074111686,3.2266361089890503,5.225319923868167,PTPN2;IFNG
human_GO_bp_2025.gmt,Regulation of Ubiquitin Protein Ligase Activity (GO:1904666),1/14,0.6318848753615329,0.7939066382747465,1.5018380173129373,0.6894158292825293,RPS7
human_GO_bp_2025.gmt,Regulation of Ubiquitin-Dependent Protein Catabolic Process (GO:2000058),3/24,0.22649764836657615,0.6725999495517755,2.2070091477853384,3.277454306187974,RPS7;UBE3A;L3MBTL3
human_GO_bp_2025.gmt,Regulation of Vascular Associated Smooth Muscle Cell Apoptotic Process (GO:1905459),1/2,0.1329297557015066,0.6579351544822044,13.542155816435432,27.32718265313555,SOD2
human_GO_bp_2025.gmt,Regulation of Vascular Associated Smooth Muscle Cell Proliferation (GO:1904705),2/8,0.10041356630714114,0.6579351544822044,5.215549156725627,11.987720466033037,GJA1;SOD2
human_GO_bp_2025.gmt,Regulation of Vascular Endothelial Growth Factor Production (GO:0010574),1/10,0.5101278301715297,0.737352910867403,2.135538954108858,1.437418322826163,CXCL17
human_GO_bp_2025.gmt,Regulation of Vasculature Development (GO:1901342),2/17,0.3286927389544668,0.7014344967109387,2.1840607210626186,2.430055605212287,BMPER;VASH2
human_GO_bp_2025.gmt,Regulation of Vasculogenesis (GO:2001212),1/6,0.3482121251529303,0.7014344967109387,3.6909867080624816,3.8937821774217376,CEACAM1
human_GO_bp_2025.gmt,Regulation of Vesicle-Mediated Transport (GO:0060627),2/34,0.689779779668203,0.8233668502738598,1.0388317564788152,0.38580434226599,WDR44;DNAJC13
human_GO_bp_2025.gmt,Regulation of Viral Entry Into Host Cell (GO:0046596),3/6,0.00553815119730964,0.29337233369532145,13.595927116827438,70.64572283223943,TRIM38;LGALS9;TRIM5
human_GO_bp_2025.gmt,Regulation of Viral Genome Replication (GO:0045069),6/31,0.017336465181042992,0.41345571935204245,3.475960826617594,14.094823654334695,PPIE;IFITM3;FAM111A;PPIA;IFNL3;IFIT1
human_GO_bp_2025.gmt,Regulation of Viral Life Cycle (GO:1903900),3/7,0.009199714563393703,0.351165908645752,10.572942717637252,49.57211759466882,PPIA;TRIM38;TRIM5
human_GO_bp_2025.gmt,Regulation of Viral Transcription (GO:0046782),2/7,0.07880391718882125,0.6275393707172644,6.164803111327175,15.663485958255082,IFITM3;LARP7
human_GO_bp_2025.gmt,Regulation of Vitamin D Biosynthetic Process (GO:0060556),1/1,0.06882888171411798,0.6109842574255044,40.63287086446105,108.73891905550649,IFNG
human_GO_bp_2025.gmt,Regulation of Wnt Signaling Pathway (GO:0030111),1/48,0.9677836761121112,0.9833364464384334,0.4245464247598719,0.01390249091393581,SNX3
human_GO_bp_2025.gmt,Regulation of calcineurin-NFAT Signaling Cascade (GO:0070884),1/16,0.6809154831081293,0.8157667157041159,1.3076393431335422,0.5025481439464183,PLCG2
human_GO_bp_2025.gmt,Regulation of mRNA Catabolic Process (GO:0061013),1/23,0.8065878304548986,0.8891519390841401,0.8998221273568126,0.1934100033170843,ZFP36L2
human_GO_bp_2025.gmt,Regulation of mRNA Processing (GO:0050684),2/22,0.45327120431916695,0.7267440362720797,1.6500586931003,1.3056331103288843,SRRM1;LARP7
human_GO_bp_2025.gmt,"Regulation of mRNA Splicing, via Spliceosome (GO:0048024)",4/60,0.600003722901639,0.781697700124157,1.0761195022955619,0.5497027388824951,SRRM1;LARP7;KHDRBS1;SAP18
human_GO_bp_2025.gmt,Regulation of mRNA Stability (GO:0043488),2/43,0.8062675157379131,0.8891519390841401,0.8123832227304941,0.17493834822596876,ZFP36L2;EIF4ENIF1
human_GO_bp_2025.gmt,Regulation of p38MAPK Cascade (GO:1900744),1/13,0.604619241524603,0.781697700124157,1.6222411953041622,0.8162409942227296,LGALS9
human_GO_bp_2025.gmt,Release of Cytochrome C From Mitochondria (GO:0001836),1/7,0.39311349314694843,0.7187522822462863,3.1226500287332732,2.9154838148419593,SOD2
human_GO_bp_2025.gmt,Release of Sequestered Calcium Ion Into Cytosol (GO:0051209),2/17,0.3286927389544668,0.7014344967109387,2.1840607210626186,2.430055605212287,PLCL1;PLCG2
human_GO_bp_2025.gmt,Removal of Superoxide Radicals (GO:0019430),1/7,0.39311349314694843,0.7187522822462863,3.1226500287332732,2.9154838148419593,SOD2
human_GO_bp_2025.gmt,Renal Filtration (GO:0097205),1/5,0.29999627131960604,0.6915159365043801,4.511917467093561,5.432282004419637,KIRREL1
human_GO_bp_2025.gmt,Renal System Development (GO:0072001),1/13,0.604619241524603,0.781697700124157,1.6222411953041622,0.8162409942227296,PYGO1
human_GO_bp_2025.gmt,Renal Water Homeostasis (GO:0003091),1/4,0.2482218274225701,0.6725999495517755,5.801951516999543,8.084627616903795,GNAS
human_GO_bp_2025.gmt,Replication Fork Processing (GO:0031297),5/31,0.05825862580327834,0.6109842574255044,2.8236691918679044,8.027304994635331,FAM111A;DDX11;SERPINA2;RAD51;SAMHD1
human_GO_bp_2025.gmt,Response to Alcohol (GO:0097305),3/8,0.013974969833861558,0.351165908645752,8.64922537269804,36.936408134068955,GNAS;ADH7;CCL3
human_GO_bp_2025.gmt,Response to Amino Acid (GO:0043200),1/16,0.6809154831081293,0.8157667157041159,1.3076393431335422,0.5025481439464183,IPO5
human_GO_bp_2025.gmt,Response to Amino Acid Starvation (GO:1990928),1/20,0.7602861881495797,0.8628609894459619,1.0387488711928412,0.2846798825555806,MIOS
human_GO_bp_2025.gmt,Response to Amyloid-Beta (GO:1904645),2/15,0.2764372417768016,0.6915159365043801,2.508417508417508,3.225251635727764,GJA1;FPR2
human_GO_bp_2025.gmt,Response to Axon Injury (GO:0048678),2/7,0.07880391718882125,0.6275393707172644,6.164803111327175,15.663485958255082,DHFR;PLCG2
human_GO_bp_2025.gmt,Response to Calcium Ion (GO:0051592),2/35,0.7051207165414939,0.8307869717971058,1.0076622236411525,0.352063337365256,ECT2;PLCG2
human_GO_bp_2025.gmt,Response to Catecholamine (GO:0071869),1/3,0.19262675285006695,0.6588977933440335,8.12401280683031,13.380256287293214,GNAS
human_GO_bp_2025.gmt,Response to Cholesterol (GO:0070723),2/6,0.05891700215298481,0.6109842574255044,7.5359477124183005,21.338982226404713,CES1;CCL3
human_GO_bp_2025.gmt,Response to Cytokine (GO:0034097),3/44,0.5920267368735206,0.781697700124157,1.139774532212451,0.5974737778883177,IFITM3;MX2;LGALS9
human_GO_bp_2025.gmt,Response to Endoplasmic Reticulum Stress (GO:0034976),4/78,0.7946636089666718,0.8834603934059425,0.8137818179196794,0.18703667303978472,UBXN4;SEL1L2;UBQLN1;FBXO27
human_GO_bp_2025.gmt,Response to Epidermal Growth Factor (GO:0070849),2/14,0.2501660016445124,0.6725999495517755,2.70951871657754,3.754391976944623,ZFP36L2;EEF1A1
human_GO_bp_2025.gmt,Response to Estrogen (GO:0043627),2/12,0.19801100512773262,0.6611611074111686,3.2266361089890503,5.225319923868167,KRT19;SERPINB9
human_GO_bp_2025.gmt,Response to Ethanol (GO:0045471),1/5,0.29999627131960604,0.6915159365043801,4.511917467093561,5.432282004419637,ADH7
human_GO_bp_2025.gmt,Response to Exogenous dsRNA (GO:0043330),1/8,0.434927768409778,0.7199817787864567,2.7058697972251866,2.2528403887996764,IFIT1
human_GO_bp_2025.gmt,Response to Fibroblast Growth Factor (GO:0071774),1/3,0.19262675285006695,0.6588977933440335,8.12401280683031,13.380256287293214,ZFP36L2
human_GO_bp_2025.gmt,Response to Gamma Radiation (GO:0010332),2/13,0.22397239414982065,0.6725999495517755,2.9455940478958382,4.407293472994908,SERPINA2;RPL26
human_GO_bp_2025.gmt,Response to Glucagon (GO:0033762),1/2,0.1329297557015066,0.6579351544822044,13.542155816435432,27.32718265313555,GNAS
human_GO_bp_2025.gmt,Response to Glucocorticoid (GO:0051384),1/6,0.3482121251529303,0.7014344967109387,3.6909867080624816,3.8937821774217376,ZFP36L2
human_GO_bp_2025.gmt,Response to Glucose (GO:0009749),1/19,0.7425141714316145,0.8535646780093632,1.0950705240993395,0.32601708397466006,USF1
human_GO_bp_2025.gmt,Response to Granulocyte Macrophage Colony-Stimulating Factor (GO:0097012),1/1,0.06882888171411798,0.6109842574255044,40.63287086446105,108.73891905550649,ZFP36L2
human_GO_bp_2025.gmt,Response to Hydrogen Peroxide (GO:0042542),1/16,0.6809154831081293,0.8157667157041159,1.3076393431335422,0.5025481439464183,ECT2
human_GO_bp_2025.gmt,Response to Hydroxyurea (GO:0072710),1/5,0.29999627131960604,0.6915159365043801,4.511917467093561,5.432282004419637,DDX11
human_GO_bp_2025.gmt,Response to Insulin (GO:0032868),3/29,0.32205325832356896,0.7014344967109387,1.7891767275374628,2.027205844712142,CEACAM1;PRKCI;USF1
human_GO_bp_2025.gmt,Response to Interferon-Alpha (GO:0035455),2/7,0.07880391718882125,0.6275393707172644,6.164803111327175,15.663485958255082,IFITM3;MX2
human_GO_bp_2025.gmt,Response to Interferon-Beta (GO:0035456),1/10,0.5101278301715297,0.737352910867403,2.135538954108858,1.437418322826163,IFITM3
human_GO_bp_2025.gmt,Response to Interleukin-1 (GO:0070555),3/24,0.22649764836657615,0.6725999495517755,2.2070091477853384,3.277454306187974,LGALS9;GBP1;CCL3
human_GO_bp_2025.gmt,Response to Ionizing Radiation (GO:0010212),3/35,0.4366543212589065,0.7204061192487009,1.4574820677714568,1.207689206275338,RAD51;GRB2;ECT2
human_GO_bp_2025.gmt,Response to Ketone (GO:1901654),2/5,0.04112405183442642,0.5716534864927361,9.690603514132926,30.924286911029,GNAS;UBE3A
human_GO_bp_2025.gmt,Response to Light Stimulus (GO:0009416),1/21,0.7768339917642173,0.8745517655702848,0.9879220136918552,0.24947856723000636,USF1
human_GO_bp_2025.gmt,Response to Lipopolysaccharide (GO:0032496),3/47,0.6372825801706701,0.8001754369855948,1.062430001083854,0.47866945530089283,CASP1;S100A8;LGALS9
human_GO_bp_2025.gmt,Response to Molecule of Bacterial Origin (GO:0002237),2/22,0.45327120431916695,0.7267440362720797,1.6500586931003,1.3056331103288843,S100A8;LGALS9
human_GO_bp_2025.gmt,Response to Peptide Hormone (GO:0043434),1/17,0.7029294046177333,0.8307869717971058,1.2281944309692443,0.4329370782980135,CYP11B1
human_GO_bp_2025.gmt,Response to Potassium Ion (GO:0035864),1/2,0.1329297557015066,0.6579351544822044,13.542155816435432,27.32718265313555,CYP11B1
human_GO_bp_2025.gmt,Response to Progesterone (GO:0032570),1/3,0.19262675285006695,0.6588977933440335,8.12401280683031,13.380256287293214,UBE3A
human_GO_bp_2025.gmt,Response to Prostaglandin (GO:0034694),1/2,0.1329297557015066,0.6579351544822044,13.542155816435432,27.32718265313555,GNAS
human_GO_bp_2025.gmt,Response to Prostaglandin E (GO:0034695),1/5,0.29999627131960604,0.6915159365043801,4.511917467093561,5.432282004419637,GNAS
human_GO_bp_2025.gmt,Response to Reactive Oxygen Species (GO:0000302),1/22,0.7922417435473148,0.8817682097403391,0.9418232359584027,0.21933999092617165,PEX13
human_GO_bp_2025.gmt,Response to Steroid Hormone (GO:0048545),1/5,0.29999627131960604,0.6915159365043801,4.511917467093561,5.432282004419637,UBE3A
human_GO_bp_2025.gmt,Response to Sterol (GO:0036314),1/2,0.1329297557015066,0.6579351544822044,13.542155816435432,27.32718265313555,CCL3
human_GO_bp_2025.gmt,Response to Transforming Growth Factor Beta (GO:0071559),1/9,0.4738667746712847,0.7267440362720797,2.3871555025425324,1.7827971069314716,ZFP36L2
human_GO_bp_2025.gmt,Response to Tumor Necrosis Factor (GO:0034612),3/33,0.3990055260534435,0.7199817787864567,1.5535466413648902,1.4273676024640933,GBP1;ZFP36L2;CCL3
human_GO_bp_2025.gmt,Response to Type I Interferon (GO:0034340),1/6,0.3482121251529303,0.7014344967109387,3.6909867080624816,3.8937821774217376,IFIT1
human_GO_bp_2025.gmt,Response to Type II Interferon (GO:0034341),8/20,2.8563649702792214e-05,0.015570560837097928,9.332134344528711,97.64562715055675,IFITM3;CASP1;CCL3;GBP5;LGALS9;GBP6;SYNCRIP;GBP1
human_GO_bp_2025.gmt,Response to UV (GO:0009411),4/43,0.3432216541112656,0.7014344967109387,1.5434200329032346,1.6505006914342755,SDE2;SERPINA2;RPL26;USF1
human_GO_bp_2025.gmt,Response to Yeast (GO:0001878),1/2,0.1329297557015066,0.6579351544822044,13.542155816435432,27.32718265313555,PLCG2
human_GO_bp_2025.gmt,Reticulophagy (GO:0061709),1/6,0.3482121251529303,0.7014344967109387,3.6909867080624816,3.8937821774217376,BNIP3
human_GO_bp_2025.gmt,Retinoic Acid Metabolic Process (GO:0042573),3/7,0.009199714563393703,0.351165908645752,10.572942717637252,49.57211759466882,UGT1A1;ADH7;CYP3A4
human_GO_bp_2025.gmt,Retinoid Metabolic Process (GO:0001523),8/24,0.00013041569632871636,0.028401640533809336,7.065333727305558,63.197880864619435,CYP3A4;ALDH1A1;ADH7;RDH16;AKR1B10;HSD17B6;SDR9C7;UGT1A1
human_GO_bp_2025.gmt,Retinol Metabolic Process (GO:0042572),5/10,0.00028514924606473576,0.05372064757001905,13.65016146393972,111.41941352458123,CYP3A4;ADH7;RDH16;HSD17B6;SDR9C7
human_GO_bp_2025.gmt,"Retrograde Transport, Endosome to Golgi (GO:0042147)",3/46,0.6225958947816199,0.7939066382747465,1.0870261546611475,0.5150956207267042,LMAN1;SNX3;RAB7A
human_GO_bp_2025.gmt,"Retrograde Vesicle-Mediated Transport, Golgi to Endoplasmic Reticulum (GO:0006890)",2/17,0.3286927389544668,0.7014344967109387,2.1840607210626186,2.430055605212287,ARF4;COPG2
human_GO_bp_2025.gmt,Reverse Cholesterol Transport (GO:0043691),1/1,0.06882888171411798,0.6109842574255044,40.63287086446105,108.73891905550649,CES1
human_GO_bp_2025.gmt,Ribonucleoprotein Complex Biogenesis (GO:0022613),8/65,0.07615290049377976,0.6275393707172644,2.014310612840925,5.186874223684542,SDAD1;FCF1;KRR1;RPS27;RPL26;RPS7;UTP18;RPL7
human_GO_bp_2025.gmt,Ribosomal Large Subunit Biogenesis (GO:0042273),3/31,0.3607003816326081,0.7184682398373088,1.663093962129332,1.6958696076458708,SDAD1;RPL26;RPL7
human_GO_bp_2025.gmt,Ribosomal Large Subunit Export From Nucleus (GO:0000055),1/5,0.29999627131960604,0.6915159365043801,4.511917467093561,5.432282004419637,SDAD1
human_GO_bp_2025.gmt,Ribosomal Small Subunit Assembly (GO:0000028),1/9,0.4738667746712847,0.7267440362720797,2.3871555025425324,1.7827971069314716,RPS27
human_GO_bp_2025.gmt,Ribosomal Small Subunit Biogenesis (GO:0042274),6/53,0.15484472500850402,0.6588977933440335,1.859546925566343,3.4686732008234573,FCF1;KRR1;RPS27;RPS7;NOL11;UTP18
human_GO_bp_2025.gmt,Ribosome Assembly (GO:0042255),4/26,0.09960575550223928,0.6579351544822044,2.716863587540279,6.26654185116443,RPS27;SBDS;EIF1AX;EIF5B
human_GO_bp_2025.gmt,Ribosome Biogenesis (GO:0042254),12/93,0.024987886555092438,0.44429295701590465,2.1001374501324213,7.748171733192259,FCF1;SDAD1;EIF1AX;KRR1;RPS27;EIF5B;SBDS;RPS7;RPL26;UTP18;EXOSC5;RPL7
human_GO_bp_2025.gmt,Ribosome-Associated Ubiquitin-Dependent Protein Catabolic Process (GO:1990116),1/4,0.2482218274225701,0.6725999495517755,5.801951516999543,8.084627616903795,RNF10
human_GO_bp_2025.gmt,Ruffle Assembly (GO:0097178),2/4,0.025841529132557717,0.44429295701590465,13.56898395721925,49.60511738419774,RNASE1;AIF1L
human_GO_bp_2025.gmt,Ruffle Organization (GO:0031529),2/10,0.14751727516907936,0.6588977933440335,3.9871028625353886,7.630557290553867,RNASE1;AIF1L
human_GO_bp_2025.gmt,SCF-dependent Proteasomal Ubiquitin-Dependent Protein Catabolic Process (GO:0031146),2/16,0.3026516261165659,0.6915159365043801,2.3350543979347225,2.790793698448824,FBXO27;CUL2
human_GO_bp_2025.gmt,Sarcomere Organization (GO:0045214),1/9,0.4738667746712847,0.7267440362720797,2.3871555025425324,1.7827971069314716,KRT19
human_GO_bp_2025.gmt,Sarcoplasmic Reticulum Calcium Ion Transport (GO:0070296),1/4,0.2482218274225701,0.6725999495517755,5.801951516999543,8.084627616903795,CCL3
human_GO_bp_2025.gmt,Secondary Alcohol Biosynthetic Process (GO:1902653),1/6,0.3482121251529303,0.7014344967109387,3.6909867080624816,3.8937821774217376,CES1
human_GO_bp_2025.gmt,Secondary Alcohol Metabolic Process (GO:1902652),3/12,0.044697425853014776,0.6000476347391024,5.004287245444802,15.552520901174407,CES1;APOL2;CYP11B1
human_GO_bp_2025.gmt,Secretion (GO:0046903),1/4,0.2482218274225701,0.6725999495517755,5.801951516999543,8.084627616903795,PRKCI
human_GO_bp_2025.gmt,Semaphorin-Plexin Signaling Pathway (GO:0071526),1/13,0.604619241524603,0.781697700124157,1.6222411953041622,0.8162409942227296,RNASE1
human_GO_bp_2025.gmt,Sensory Organ Development (GO:0007423),1/19,0.7425141714316145,0.8535646780093632,1.0950705240993395,0.32601708397466006,SHROOM2
human_GO_bp_2025.gmt,Sensory Perception (GO:0007600),2/13,0.22397239414982065,0.6725999495517755,2.9455940478958382,4.407293472994908,TRPV2;GNAS
human_GO_bp_2025.gmt,Sensory Perception of Bitter Taste (GO:0050913),1/3,0.19262675285006695,0.6588977933440335,8.12401280683031,13.380256287293214,TAS2R39
human_GO_bp_2025.gmt,Sensory Perception of Chemical Stimulus (GO:0007606),3/11,0.035280674811178005,0.5319240202300684,5.5939095895592965,18.708382666059556,GNAS;OR51V1;OR51I2
human_GO_bp_2025.gmt,Sensory Perception of Light Stimulus (GO:0050953),1/23,0.8065878304548986,0.8891519390841401,0.8998221273568126,0.1934100033170843,GPR143
human_GO_bp_2025.gmt,Sensory Perception of Mechanical Stimulus (GO:0050954),1/28,0.8647802473036128,0.9216929064510891,0.7356359755505967,0.10687308689433113,TBL1X
human_GO_bp_2025.gmt,Sensory Perception of Smell (GO:0007608),4/13,0.009610960342236954,0.351165908645752,6.447905477980666,29.94956104191085,OR2L3;GNAS;OR51V1;OR51I2
human_GO_bp_2025.gmt,Sensory Perception of Sound (GO:0007605),1/30,0.8828264930794508,0.9322952189847649,0.6855452851690393,0.08543717444783333,TBL1X
human_GO_bp_2025.gmt,Serine Family Amino Acid Catabolic Process (GO:0009071),1/6,0.3482121251529303,0.7014344967109387,3.6909867080624816,3.8937821774217376,SBDS
human_GO_bp_2025.gmt,Signal Transduction by P53 Class Mediator (GO:0072331),3/25,0.24526494715798944,0.6725999495517755,2.108586399904728,2.9634415609628655,GML;RPL26;CASP2
human_GO_bp_2025.gmt,Signal Transduction in Response to DNA Damage (GO:0042770),5/37,0.10733432805002567,0.6579351544822044,2.3001904446468493,5.133580571233721,GML;GRB2;SERPINA2;CASP2;RPL26
human_GO_bp_2025.gmt,Signaling Receptor Ligand Precursor Processing (GO:0140448),1/5,0.29999627131960604,0.6915159365043801,4.511917467093561,5.432282004419637,CASP1
human_GO_bp_2025.gmt,Sister Chromatid Segregation (GO:0000819),2/20,0.40484585379027765,0.7199817787864567,1.8290215349038879,1.6538906968390008,CENPI;NDC80
human_GO_bp_2025.gmt,Skeletal System Development (GO:0001501),4/34,0.20345745557963452,0.6725999495517755,2.001708017115388,3.1873163917448295,RFLNB;GNAS;BMP8B;GJA1
human_GO_bp_2025.gmt,Skeletal System Morphogenesis (GO:0048705),1/8,0.434927768409778,0.7199817787864567,2.7058697972251866,2.2528403887996764,RFLNB
human_GO_bp_2025.gmt,Small GTPase-mediated Signal Transduction (GO:0007264),9/81,0.1031972800101685,0.6579351544822044,1.7851136321090268,4.054194388584486,BRK1;RALGDS;RNASE1;GRB2;USP8;USP50;SOS2;ARHGAP30;NCKAP1
human_GO_bp_2025.gmt,Small Molecule Catabolic Process (GO:0044282),1/2,0.1329297557015066,0.6579351544822044,13.542155816435432,27.32718265313555,ADH7
human_GO_bp_2025.gmt,Somatic Hypermutation of Immunoglobulin Genes (GO:0016446),1/3,0.19262675285006695,0.6588977933440335,8.12401280683031,13.380256287293214,SAMHD1
human_GO_bp_2025.gmt,Sperm-Egg Recognition (GO:0035036),1/6,0.3482121251529303,0.7014344967109387,3.6909867080624816,3.8937821774217376,VDAC2
human_GO_bp_2025.gmt,Spermatid Development (GO:0007286),2/27,0.563653015860974,0.772372521243009,1.3254692251232043,0.7599132933871644,ARMC3;PYGO1
human_GO_bp_2025.gmt,Spermatid Nucleus Differentiation (GO:0007289),1/7,0.39311349314694843,0.7187522822462863,3.1226500287332732,2.9154838148419593,PYGO1
human_GO_bp_2025.gmt,Sphingoid Metabolic Process (GO:0046519),1/4,0.2482218274225701,0.6725999495517755,5.801951516999543,8.084627616903795,NAAA
human_GO_bp_2025.gmt,Sphingolipid Biosynthetic Process (GO:0030148),2/39,0.7602698111518786,0.8628609894459619,0.899607843137255,0.24656622153223226,FUT6;ABCG2
human_GO_bp_2025.gmt,Sphingolipid Catabolic Process (GO:0030149),1/12,0.575338714803466,0.772372521243009,1.763584056424296,0.9749028158966704,CEL
human_GO_bp_2025.gmt,Sphingolipid Metabolic Process (GO:0006665),4/36,0.23321548476876872,0.6725999495517755,1.877931091464926,2.733877858512961,FUT3;FUT6;FUT5;ABCG2
human_GO_bp_2025.gmt,Sphingosine Metabolic Process (GO:0006670),1/10,0.5101278301715297,0.737352910867403,2.135538954108858,1.437418322826163,NAAA
human_GO_bp_2025.gmt,Sphingosine-1-Phosphate Receptor Signaling Pathway (GO:0003376),1/3,0.19262675285006695,0.6588977933440335,8.12401280683031,13.380256287293214,RNASE1
human_GO_bp_2025.gmt,Spindle Assembly (GO:0051225),2/40,0.7725837483292353,0.8745517655702848,0.8761025071185499,0.22604746923276833,HAUS4;TPX2
human_GO_bp_2025.gmt,Spindle Assembly Checkpoint Signaling (GO:0071173),1/12,0.575338714803466,0.772372521243009,1.763584056424296,0.9749028158966704,NDC80
human_GO_bp_2025.gmt,Spliceosomal Complex Assembly (GO:0000245),1/40,0.9427875655056315,0.969498231055109,0.5111789578914662,0.030115748897598847,SF3A2
human_GO_bp_2025.gmt,Spliceosomal snRNP Assembly (GO:0000387),1/24,0.8199452605118346,0.8983190109576276,0.8613955811894003,0.17100226648878702,COIL
human_GO_bp_2025.gmt,Sprouting Angiogenesis (GO:0002040),2/19,0.37986896542989435,0.7187522822462863,1.933842627960275,1.8718221938477368,BMPER;VEGFC
human_GO_bp_2025.gmt,Stem Cell Development (GO:0048864),1/5,0.29999627131960604,0.6915159365043801,4.511917467093561,5.432282004419637,KLHL12
human_GO_bp_2025.gmt,Steroid Catabolic Process (GO:0006706),3/5,0.0029177450797546844,0.21995309062766083,19.037299035369774,111.11965207371759,YWHAH;HSD17B6;CYP3A4
human_GO_bp_2025.gmt,Steroid Hormone Biosynthetic Process (GO:0120178),2/6,0.05891700215298481,0.6109842574255044,7.5359477124183005,21.338982226404713,HSD17B6;CYP11B1
human_GO_bp_2025.gmt,Steroid Metabolic Process (GO:0008202),8/28,0.00043135841946555627,0.06039017872517788,5.683138228998758,44.0362012850382,CYP3A4;CYP11B1;CYP2A6;HSD17B6;RDH16;SDR9C7;UGT2B17;UGT1A1
human_GO_bp_2025.gmt,Sterol Biosynthetic Process (GO:0016126),1/9,0.4738667746712847,0.7267440362720797,2.3871555025425324,1.7827971069314716,CES1
human_GO_bp_2025.gmt,Sterol Homeostasis (GO:0055092),1/14,0.6318848753615329,0.7939066382747465,1.5018380173129373,0.6894158292825293,CES1
human_GO_bp_2025.gmt,Sterol Metabolic Process (GO:0016125),3/11,0.035280674811178005,0.5319240202300684,5.5939095895592965,18.708382666059556,CES1;APOL2;CYP11B1
human_GO_bp_2025.gmt,Stimulatory C-type Lectin Receptor Signaling Pathway (GO:0002223),1/10,0.5101278301715297,0.737352910867403,2.135538954108858,1.437418322826163,PLCG2
human_GO_bp_2025.gmt,Stress Granule Assembly (GO:0034063),2/20,0.40484585379027765,0.7199817787864567,1.8290215349038879,1.6538906968390008,CSDE1;DDX6
human_GO_bp_2025.gmt,Substantia Nigra Development (GO:0021762),2/16,0.3026516261165659,0.6915159365043801,2.3350543979347225,2.790793698448824,CCDC14;YWHAH
human_GO_bp_2025.gmt,Substrate Adhesion-Dependent Cell Spreading (GO:0034446),1/16,0.6809154831081293,0.8157667157041159,1.3076393431335422,0.5025481439464183,RNASE1
human_GO_bp_2025.gmt,Substrate-Dependent Cell Migration (GO:0006929),1/7,0.39311349314694843,0.7187522822462863,3.1226500287332732,2.9154838148419593,VEGFC
human_GO_bp_2025.gmt,Sulfation (GO:0051923),1/5,0.29999627131960604,0.6915159365043801,4.511917467093561,5.432282004419637,SULT1B1
human_GO_bp_2025.gmt,Sulfur Compound Biosynthetic Process (GO:0044272),1/22,0.7922417435473148,0.8817682097403391,0.9418232359584027,0.21933999092617165,SLC35D2
human_GO_bp_2025.gmt,Superoxide Anion Generation (GO:0042554),1/6,0.3482121251529303,0.7014344967109387,3.6909867080624816,3.8937821774217376,RNASE1
human_GO_bp_2025.gmt,Superoxide Metabolic Process (GO:0006801),2/15,0.2764372417768016,0.6915159365043801,2.508417508417508,3.225251635727764,RNASE1;SOD2
human_GO_bp_2025.gmt,Suppression of Viral Release by Host (GO:0044790),2/7,0.07880391718882125,0.6275393707172644,6.164803111327175,15.663485958255082,TRIM8;TRIM5
human_GO_bp_2025.gmt,Supramolecular Fiber Organization (GO:0097435),6/117,0.8255998874917398,0.9038608205584064,0.7841341711775776,0.15027540933312147,RNASE1;SHROOM2;SPTA1;KATNBL1;KRT19;CST3
human_GO_bp_2025.gmt,Surfactant Homeostasis (GO:0043129),2/4,0.025841529132557717,0.44429295701590465,13.56898395721925,49.60511738419774,SFTPD;NAPSA
human_GO_bp_2025.gmt,Synapse Assembly (GO:0007416),5/35,0.08921469641344619,0.6579351544822044,2.451799043568794,5.9252860283486335,PCDHB4;PCDHB2;PCDHB3;PCDHB11;PCDHB16
human_GO_bp_2025.gmt,Synapse Organization (GO:0050808),5/51,0.2726349689744484,0.6915159365043801,1.6040950495966295,2.084716396068444,PCDHB4;PCDHB2;PCDHB3;PCDHB11;PCDHB16
human_GO_bp_2025.gmt,"Synaptic Transmission, Glutamatergic (GO:0035249)",1/10,0.5101278301715297,0.737352910867403,2.135538954108858,1.437418322826163,NAPSA
human_GO_bp_2025.gmt,Synaptic Vesicle Budding From Presynaptic Endocytic Zone Membrane (GO:0016185),1/5,0.29999627131960604,0.6915159365043801,4.511917467093561,5.432282004419637,MX2
human_GO_bp_2025.gmt,Synaptic Vesicle Endocytosis (GO:0048488),1/14,0.6318848753615329,0.7939066382747465,1.5018380173129373,0.6894158292825293,MX2
human_GO_bp_2025.gmt,T Cell Activation (GO:0042110),3/28,0.30271462934732557,0.6915159365043801,1.85963474350083,2.2221979377147196,CEACAM21;GRB2;PTPN2
human_GO_bp_2025.gmt,T Cell Apoptotic Process (GO:0070231),1/1,0.06882888171411798,0.6109842574255044,40.63287086446105,108.73891905550649,SIVA1
human_GO_bp_2025.gmt,T Cell Chemotaxis (GO:0010818),1/2,0.1329297557015066,0.6579351544822044,13.542155816435432,27.32718265313555,CCL3
human_GO_bp_2025.gmt,T Cell Differentiation (GO:0030217),2/10,0.14751727516907936,0.6588977933440335,3.9871028625353886,7.630557290553867,PTPN2;ZFP36L2
human_GO_bp_2025.gmt,T Cell Differentiation in Thymus (GO:0033077),1/5,0.29999627131960604,0.6915159365043801,4.511917467093561,5.432282004419637,ZFP36L2
human_GO_bp_2025.gmt,T Cell Homeostasis (GO:0043029),1/9,0.4738667746712847,0.7267440362720797,2.3871555025425324,1.7827971069314716,SIVA1
human_GO_bp_2025.gmt,T Cell Mediated Immunity (GO:0002456),1/3,0.19262675285006695,0.6588977933440335,8.12401280683031,13.380256287293214,SCART1
human_GO_bp_2025.gmt,T Cell Migration (GO:0072678),1/2,0.1329297557015066,0.6579351544822044,13.542155816435432,27.32718265313555,CCL3
human_GO_bp_2025.gmt,T Cell Receptor Signaling Pathway (GO:0050852),2/34,0.689779779668203,0.8233668502738598,1.0388317564788152,0.38580434226599,KHDRBS1;PLCG2
human_GO_bp_2025.gmt,TOR Signaling (GO:0031929),1/19,0.7425141714316145,0.8535646780093632,1.0950705240993395,0.32601708397466006,EIF4EBP2
human_GO_bp_2025.gmt,Telencephalon Cell Migration (GO:0022029),1/2,0.1329297557015066,0.6579351544822044,13.542155816435432,27.32718265313555,PEX13
human_GO_bp_2025.gmt,Telomere Maintenance (GO:0000723),4/38,0.26393913311249906,0.6915159365043801,1.7685051137159669,2.35571381961327,TEP1;SERPINA2;RAD51;ZSCAN4
human_GO_bp_2025.gmt,Telomere Maintenance via Recombination (GO:0000722),2/4,0.025841529132557717,0.44429295701590465,13.56898395721925,49.60511738419774,TEP1;RAD51
human_GO_bp_2025.gmt,Telomere Maintenance via Telomere Lengthening (GO:0010833),2/10,0.14751727516907936,0.6588977933440335,3.9871028625353886,7.630557290553867,RAD51;ZSCAN4
human_GO_bp_2025.gmt,Telomere Organization (GO:0032200),1/32,0.8984687566970927,0.9417105685167388,0.6418153173756163,0.06871489545561738,SERPINA2
human_GO_bp_2025.gmt,Terpenoid Metabolic Process (GO:0006721),1/1,0.06882888171411798,0.6109842574255044,40.63287086446105,108.73891905550649,CYP3A4
human_GO_bp_2025.gmt,Tertiary Alcohol Metabolic Process (GO:1902644),2/6,0.05891700215298481,0.6109842574255044,7.5359477124183005,21.338982226404713,AKR1B10;CYP11B1
human_GO_bp_2025.gmt,Thyroid Hormone Metabolic Process (GO:0042403),1/8,0.434927768409778,0.7199817787864567,2.7058697972251866,2.2528403887996764,SULT1B1
human_GO_bp_2025.gmt,Tight Junction Assembly (GO:0120192),2/18,0.35446039520434314,0.7103705261763932,2.0513693080538,2.1275954414920366,ECT2;PDCD6IP
human_GO_bp_2025.gmt,Toll-Like Receptor 2 Signaling Pathway (GO:0034134),1/3,0.19262675285006695,0.6588977933440335,8.12401280683031,13.380256287293214,LGALS9
human_GO_bp_2025.gmt,Toll-Like Receptor 4 Signaling Pathway (GO:0034142),1/9,0.4738667746712847,0.7267440362720797,2.3871555025425324,1.7827971069314716,LGALS9
human_GO_bp_2025.gmt,Toll-Like Receptor Signaling Pathway (GO:0002224),1/11,0.543894738997155,0.7549813657467591,1.9318493672815977,1.1764953863382994,PLCG2
human_GO_bp_2025.gmt,Transcription Initiation at RNA Polymerase II Promoter (GO:0006367),3/59,0.7823048275625225,0.8797002077008286,0.835187661838773,0.20504759879538895,MED29;GTF2H1;KDM1B
human_GO_bp_2025.gmt,Transcription Initiation-Coupled Chromatin Remodeling (GO:0045815),1/18,0.7234275816420505,0.8445015247280636,1.1578289373380088,0.3748527135588553,KDM1B
human_GO_bp_2025.gmt,Transcription Preinitiation Complex Assembly (GO:0070897),1/29,0.8741256737720192,0.9286104718662102,0.7097118463180363,0.09547833109714432,MED29
human_GO_bp_2025.gmt,Transcription by RNA Polymerase I (GO:0006360),1/9,0.4738667746712847,0.7267440362720797,2.3871555025425324,1.7827971069314716,GTF2H1
human_GO_bp_2025.gmt,Transcription by RNA Polymerase II (GO:0006366),5/104,0.852451370585888,0.9194815759410288,0.7433453597373304,0.11866699518385147,DEK;POLR2H;ELL2;FAM170A;GTF2H1
human_GO_bp_2025.gmt,Transepithelial Transport (GO:0070633),1/7,0.39311349314694843,0.7187522822462863,3.1226500287332732,2.9154838148419593,ABCG2
human_GO_bp_2025.gmt,Translation (GO:0006412),12/136,0.2252582191459862,0.6725999495517755,1.3653521188579454,2.035068111472687,RPL22;MARS2;RPS27;EIF4EBP2;RPL35;RPS7;RPL9;RPL26;RPL23A;RPL10A;EEF1A1;RPL7
human_GO_bp_2025.gmt,Translational Elongation (GO:0006414),2/20,0.40484585379027765,0.7199817787864567,1.8290215349038879,1.6538906968390008,GFM1;EEF1A1
human_GO_bp_2025.gmt,Transport Across Blood-Brain Barrier (GO:0150104),1/25,0.8323820311775121,0.9038608205584064,0.8261058959336136,0.15156050329317153,ABCG2
human_GO_bp_2025.gmt,Transport Along Microtubule (GO:0010970),2/11,0.1724587419152796,0.6588977933440335,3.5668449197860963,6.2690768165601165,KIFBP;COPG2
human_GO_bp_2025.gmt,Transposable Element Silencing (GO:0010526),1/10,0.5101278301715297,0.737352910867403,2.135538954108858,1.437418322826163,MPHOSPH8
human_GO_bp_2025.gmt,Transposable Element Silencing by Heterochromatin Formation (GO:0141005),1/7,0.39311349314694843,0.7187522822462863,3.1226500287332732,2.9154838148419593,MPHOSPH8
human_GO_bp_2025.gmt,Tricarboxylic Acid Cycle (GO:0006099),1/12,0.575338714803466,0.772372521243009,1.763584056424296,0.9749028158966704,DLAT
human_GO_bp_2025.gmt,Tricarboxylic Acid Metabolic Process (GO:0072350),1/7,0.39311349314694843,0.7187522822462863,3.1226500287332732,2.9154838148419593,ACO1
human_GO_bp_2025.gmt,Triglyceride Homeostasis (GO:0070328),1/5,0.29999627131960604,0.6915159365043801,4.511917467093561,5.432282004419637,OSBPL11
human_GO_bp_2025.gmt,Tumor Necrosis Factor-Mediated Signaling Pathway (GO:0033209),1/11,0.543894738997155,0.7549813657467591,1.9318493672815977,1.1764953863382994,BIRC2
human_GO_bp_2025.gmt,Type I Interferon-Mediated Signaling Pathway (GO:0060337),1/10,0.5101278301715297,0.737352910867403,2.135538954108858,1.437418322826163,IFITM3
human_GO_bp_2025.gmt,Type II Interferon-Mediated Signaling Pathway (GO:0060333),1/3,0.19262675285006695,0.6588977933440335,8.12401280683031,13.380256287293214,IFNG
human_GO_bp_2025.gmt,Type III Interferon-Mediated Signaling Pathway (GO:0038196),2/2,0.004728007726729372,0.2808150043754415,67.8663101604278,363.3732837889178,IFNL4;IFNL3
human_GO_bp_2025.gmt,Type IIa Hypersensitivity (GO:0001794),1/1,0.06882888171411798,0.6109842574255044,40.63287086446105,108.73891905550649,FCGR2A
human_GO_bp_2025.gmt,Tyrosine Phosphorylation of STAT Protein (GO:0007260),1/2,0.1329297557015066,0.6579351544822044,13.542155816435432,27.32718265313555,IFNL4
human_GO_bp_2025.gmt,U2-type Prespliceosome Assembly (GO:1903241),1/16,0.6809154831081293,0.8157667157041159,1.3076393431335422,0.5025481439464183,SF3A2
human_GO_bp_2025.gmt,U4 snRNA 3'-End Processing (GO:0034475),1/6,0.3482121251529303,0.7014344967109387,3.6909867080624816,3.8937821774217376,EXOSC5
human_GO_bp_2025.gmt,Ub-dep Prot Cat Proc via Multivsiclr Bdy Sorting Pway (GO:0043162),1/20,0.7602861881495797,0.8628609894459619,1.0387488711928412,0.2846798825555806,VPS37A
human_GO_bp_2025.gmt,Ubiquitin-Dependent Protein Catabolic Process (GO:0006511),14/206,0.5606432328397298,0.772372521243009,1.017585926696794,0.5888469817756656,UBQLN1;UBE2D2;CHFR;LRRC75A;SH3BGRL;BIRC2;VPS37A;PSMA2;DTX4;PSMC1;PRAMEF12;KLHL12;UBE3A;TBL1X
human_GO_bp_2025.gmt,Unsaturated Fatty Acid Metabolic Process (GO:0033559),2/17,0.3286927389544668,0.7014344967109387,2.1840607210626186,2.430055605212287,FADS2;CYP2J2
human_GO_bp_2025.gmt,Urate Transport (GO:0015747),1/2,0.1329297557015066,0.6579351544822044,13.542155816435432,27.32718265313555,SLC22A13
human_GO_bp_2025.gmt,Vacuolar Transport (GO:0007034),1/15,0.6572739920461566,0.8066731524173242,1.3980421742170537,0.5866944272638178,VPS37A
human_GO_bp_2025.gmt,Vascular Endothelial Cell Response to Fluid Shear Stress (GO:0097699),1/6,0.3482121251529303,0.7014344967109387,3.6909867080624816,3.8937821774217376,GNAS
human_GO_bp_2025.gmt,Vascular Endothelial Cell Response to Laminar Fluid Shear Stress (GO:0097700),1/4,0.2482218274225701,0.6725999495517755,5.801951516999543,8.084627616903795,GNAS
human_GO_bp_2025.gmt,Vascular Endothelial Growth Factor Receptor Signaling Pathway (GO:0048010),1/9,0.4738667746712847,0.7267440362720797,2.3871555025425324,1.7827971069314716,VEGFC
human_GO_bp_2025.gmt,Vascular Endothelial Growth Factor Signaling Pathway (GO:0038084),1/5,0.29999627131960604,0.6915159365043801,4.511917467093561,5.432282004419637,VEGFC
human_GO_bp_2025.gmt,Vascular Transport (GO:0010232),1/24,0.8199452605118346,0.8983190109576276,0.8613955811894003,0.17100226648878702,ABCG2
human_GO_bp_2025.gmt,Vasodilation (GO:0042311),1/8,0.434927768409778,0.7199817787864567,2.7058697972251866,2.2528403887996764,SOD2
human_GO_bp_2025.gmt,Vesicle Coating (GO:0006901),1/16,0.6809154831081293,0.8157667157041159,1.3076393431335422,0.5025481439464183,KLHL12
human_GO_bp_2025.gmt,Vesicle Organization (GO:0016050),5/34,0.08080252174800241,0.6360359141609828,2.535312254839357,6.378204463328508,PLEKHF1;USP8;DNAJC13;PI4K2B;USP50
human_GO_bp_2025.gmt,"Vesicle Targeting, Rough ER to cis-Golgi (GO:0048207)",1/10,0.5101278301715297,0.737352910867403,2.135538954108858,1.437418322826163,KLHL12
human_GO_bp_2025.gmt,Vesicle-Mediated Transport Between Endosomal Compartments (GO:0098927),1/15,0.6572739920461566,0.8066731524173242,1.3980421742170537,0.5866944272638178,RAB7A
human_GO_bp_2025.gmt,Visual Perception (GO:0007601),1/24,0.8199452605118346,0.8983190109576276,0.8613955811894003,0.17100226648878702,GPR143
human_GO_bp_2025.gmt,Vitamin D Metabolic Process (GO:0042359),1/2,0.1329297557015066,0.6579351544822044,13.542155816435432,27.32718265313555,CYP3A4
human_GO_bp_2025.gmt,Vitamin Transport (GO:0051180),1/10,0.5101278301715297,0.737352910867403,2.135538954108858,1.437418322826163,ABCG2
human_GO_bp_2025.gmt,Water-Soluble Vitamin Metabolic Process (GO:0006767),1/17,0.7029294046177333,0.8307869717971058,1.2281944309692443,0.4329370782980135,DHFR
human_GO_bp_2025.gmt,Wnt Signaling Pathway (GO:0016055),2/27,0.563653015860974,0.772372521243009,1.3254692251232043,0.7599132933871644,KLHL12;PLCG2
human_GO_bp_2025.gmt,"Wnt Signaling Pathway, Planar Cell Polarity Pathway (GO:0060071)",1/11,0.543894738997155,0.7549813657467591,1.9318493672815977,1.1764953863382994,RNASE1
human_GO_bp_2025.gmt,Wound Healing (GO:0042060),1/35,0.9181121553328068,0.9526203411605618,0.5857268804231822,0.050041999075512246,MYH9
human_GO_bp_2025.gmt,"Wound Healing, Spreading of Cells (GO:0044319)",1/11,0.543894738997155,0.7549813657467591,1.9318493672815977,1.1764953863382994,CEACAM1
human_GO_bp_2025.gmt,Xenobiotic Catabolic Process (GO:0042178),2/9,0.12341571831772508,0.6579351544822044,4.519429590017825,9.455536119984815,CYP2A6;CYP3A4
human_GO_bp_2025.gmt,Xenobiotic Transport (GO:0042908),2/10,0.14751727516907936,0.6588977933440335,3.9871028625353886,7.630557290553867,GJA1;ABCG2
human_GO_bp_2025.gmt,Xenobiotic Transport Across Blood-Brain Barrier (GO:1990962),1/3,0.19262675285006695,0.6588977933440335,8.12401280683031,13.380256287293214,ABCG2
human_GO_bp_2025.gmt,acetyl-CoA Biosynthetic Process (GO:0006085),1/7,0.39311349314694843,0.7187522822462863,3.1226500287332732,2.9154838148419593,DLAT
human_GO_bp_2025.gmt,intra-Golgi Vesicle-Mediated Transport (GO:0006891),2/22,0.45327120431916695,0.7267440362720797,1.6500586931003,1.3056331103288843,NAPSA;COPG2
human_GO_bp_2025.gmt,mRNA 3'-Splice Site Recognition (GO:0000389),1/4,0.2482218274225701,0.6725999495517755,5.801951516999543,8.084627616903795,SF3A2
human_GO_bp_2025.gmt,mRNA Catabolic Process (GO:0006402),3/27,0.2834332643944975,0.6915159365043801,1.9358444342367171,2.4406712017108116,CNOT10;EXOSC5;ZFP36L2
human_GO_bp_2025.gmt,"mRNA Cis Splicing, via Spliceosome (GO:0045292)",2/16,0.3026516261165659,0.6915159365043801,2.3350543979347225,2.790793698448824,SDE2;WBP4
human_GO_bp_2025.gmt,mRNA Destabilization (GO:0061157),1/28,0.8647802473036128,0.9216929064510891,0.7356359755505967,0.10687308689433113,ZFP36L2
human_GO_bp_2025.gmt,mRNA Export From Nucleus (GO:0006406),3/31,0.3607003816326081,0.7184682398373088,1.663093962129332,1.6958696076458708,NXF2;THOC5;ZC3H11A
human_GO_bp_2025.gmt,mRNA Metabolic Process (GO:0016071),8/60,0.05180172353628938,0.6109842574255044,2.207903833255946,6.536128055594469,H2AB2;HNRNPR;EXOSC5;SYNCRIP;H2AB1;ZFP36L2;CNOT10;SF3A2
human_GO_bp_2025.gmt,mRNA Modification (GO:0016556),1/7,0.39311349314694843,0.7187522822462863,3.1226500287332732,2.9154838148419593,SYNCRIP
human_GO_bp_2025.gmt,mRNA Processing (GO:0006397),11/131,0.29043251540467885,0.6915159365043801,1.295823020221994,1.6021348939375784,PPIE;H2AB2;AQR;SNRPA;WBP4;HNRNPR;SYNCRIP;SRRM1;H2AB1;RBM44;SF3A2
human_GO_bp_2025.gmt,mRNA Splice Site Recognition (GO:0006376),1/19,0.7425141714316145,0.8535646780093632,1.0950705240993395,0.32601708397466006,SF3A2
human_GO_bp_2025.gmt,"mRNA Splicing, via Spliceosome (GO:0000398)",10/131,0.4147270280902305,0.7199817787864567,1.1706632276091833,1.030341374067272,PPIE;COIL;SDE2;WBP4;HNRNPR;SNRPA;SYNCRIP;SRRM1;RBM44;SF3A2
human_GO_bp_2025.gmt,mRNA Stabilization (GO:0048255),4/30,0.14795239374358538,0.6588977933440335,2.3053117970127475,4.405138983488594,SYNCRIP;BOLL;CSDE1;EIF4ENIF1
human_GO_bp_2025.gmt,mRNA Transport (GO:0051028),2/29,0.6031083061882345,0.781697700124157,1.228682547399125,0.6212937568532244,NXF2;THOC5
human_GO_bp_2025.gmt,miRNA-mediated Gene Silencing by Inhibition of Translation (GO:0035278),2/8,0.10041356630714114,0.6579351544822044,5.215549156725627,11.987720466033037,DDX6;EIF4ENIF1
human_GO_bp_2025.gmt,miRNA-mediated Post-Transcriptional Gene Silencing (GO:0035195),2/16,0.3026516261165659,0.6915159365043801,2.3350543979347225,2.790793698448824,DDX6;EIF4ENIF1
human_GO_bp_2025.gmt,poly(A)+ mRNA Export From Nucleus (GO:0016973),2/12,0.19801100512773262,0.6611611074111686,3.2266361089890503,5.225319923868167,NXF2;ZC3H11A
human_GO_bp_2025.gmt,poly(A)-dependent snoRNA 3'-End Processing (GO:0071051),1/6,0.3482121251529303,0.7014344967109387,3.6909867080624816,3.8937821774217376,EXOSC5
human_GO_bp_2025.gmt,post-Golgi Vesicle-Mediated Transport (GO:0006892),1/28,0.8647802473036128,0.9216929064510891,0.7356359755505967,0.10687308689433113,EXOC5
human_GO_bp_2025.gmt,protein-DNA Complex Assembly (GO:0065004),4/31,0.16124035936437153,0.6588977933440335,2.221130748950298,4.053250686123535,H2AB2;RAD51;NAP1L4;H2AB1
human_GO_bp_2025.gmt,protein-DNA Covalent Cross-Linking Repair (GO:0106300),1/3,0.19262675285006695,0.6588977933440335,8.12401280683031,13.380256287293214,FAM111A
human_GO_bp_2025.gmt,protein-RNA Complex Assembly (GO:0022618),4/86,0.8526673890072011,0.9194815759410288,0.7339322331803535,0.1169783308895731,EIF3A;SF3A2;RPS27;COIL
human_GO_bp_2025.gmt,rRNA Catabolic Process (GO:0016075),3/10,0.02700949091230791,0.4524666853685769,6.3407645587709895,22.900095778262077,SLFN12;EXOSC5;SLFN13
human_GO_bp_2025.gmt,rRNA Metabolic Process (GO:0016072),9/58,0.016653370779244347,0.40297045342369037,2.624145910790862,10.746251796701525,SLFN12;RPS27;SLFN13;NIFK;SBDS;RPS7;RPL26;EXOSC5;RPL7
human_GO_bp_2025.gmt,rRNA Processing (GO:0006364),9/69,0.04571530147417345,0.6013556435528857,2.1432776087795338,6.612702014442172,SDE2;RPS27;TSR1;SBDS;RPS7;NOL11;RPL26;EXOSC5;RPL7
human_GO_bp_2025.gmt,rRNA Transcription (GO:0009303),1/7,0.39311349314694843,0.7187522822462863,3.1226500287332732,2.9154838148419593,NIFK
human_GO_bp_2025.gmt,snRNA 3'-End Processing (GO:0034472),1/13,0.604619241524603,0.781697700124157,1.6222411953041622,0.8162409942227296,EXOSC5
human_GO_bp_2025.gmt,snRNA Transcription (GO:0009301),1/9,0.4738667746712847,0.7267440362720797,2.3871555025425324,1.7827971069314716,ELL2
human_GO_bp_2025.gmt,snRNA Transcription by RNA Polymerase II (GO:0042795),1/7,0.39311349314694843,0.7187522822462863,3.1226500287332732,2.9154838148419593,ELL2
human_GO_bp_2025.gmt,sno(s)RNA 3'-End Processing (GO:0031126),2/7,0.07880391718882125,0.6275393707172644,6.164803111327175,15.663485958255082,EXOSC5;LARP7
human_GO_bp_2025.gmt,tRNA Aminoacylation (GO:0043039),1/8,0.434927768409778,0.7199817787864567,2.7058697972251866,2.2528403887996764,MARS2
human_GO_bp_2025.gmt,tRNA Aminoacylation for Protein Translation (GO:0006418),1/7,0.39311349314694843,0.7187522822462863,3.1226500287332732,2.9154838148419593,MARS2
human_GO_bp_2025.gmt,tRNA Decay (GO:0016078),1/3,0.19262675285006695,0.6588977933440335,8.12401280683031,13.380256287293214,SLFN13
human_GO_bp_2025.gmt,tRNA Metabolic Process (GO:0006399),2/11,0.1724587419152796,0.6588977933440335,3.5668449197860963,6.2690768165601165,SLFN13;LAGE3
human_GO_bp_2025.gmt,tRNA Modification (GO:0006400),1/30,0.8828264930794508,0.9322952189847649,0.6855452851690393,0.08543717444783333,QTRT2
human_GO_bp_2025.gmt,tRNA Threonylcarbamoyladenosine Metabolic Process (GO:0070525),1/3,0.19262675285006695,0.6588977933440335,8.12401280683031,13.380256287293214,LAGE3
human_GO_bp_2025.gmt,tRNA Transport (GO:0051031),1/3,0.19262675285006695,0.6588977933440335,8.12401280683031,13.380256287293214,XPOT
