chrX	Liftoff	gene	758424	822722	.	-	.	ID=gene-Picalm-l1;Dbxref=GeneID:111814600;Name=Picalm-l1;origin=rename;copy_num_ID=gene-LOC111814600_0;coverage=1.0;extra_copy_number=0;gbkey=Gene;gene=LOC111814600;gene_biotype=protein_coding;sequence_ID=1.0;valid_ORFs=1
chrX	Liftoff	gene	1369954	1374495	.	+	.	ID=gene-Lage3-l1;Dbxref=GeneID:111814599;Name=Lage3-l1;origin=rename;copy_num_ID=gene-LOC111814599_0;coverage=1.0;extra_copy_number=0;gbkey=Gene;gene=LOC111814599;gene_biotype=protein_coding;partial=true;sequence_ID=1.0;start_range=.,44456;valid_ORFs=0
chrX	Liftoff	gene	1495147	1496085	.	-	.	ID=gene-Or5ar1;Dbxref=GeneID:101565594;Name=Or5ar1;origin=rename;copy_num_ID=gene-LOC101565594_0;coverage=1.0;extra_copy_number=0;gbkey=Gene;gene=LOC101565594;gene_biotype=protein_coding;sequence_ID=1.0;valid_ORFs=1
chrX	Liftoff	gene	1968485	1980313	.	-	.	ID=gene-Opn1mw;Dbxref=GeneID:101586087;Name=Opn1mw;origin=rename;copy_num_ID=gene-LOC101586087_0;coverage=1.0;extra_copy_number=0;gbkey=Gene;gene=LOC101586087;gene_biotype=protein_coding;sequence_ID=0.999;valid_ORFs=1
chrX	Liftoff	gene	2722202	2725222	.	-	.	ID=gene-Pwwp4;Dbxref=GeneID:105744064;Name=Pwwp4;origin=rename;copy_num_ID=gene-LOC105744064_0;coverage=1.0;extra_copy_number=0;gbkey=Gene;gene=LOC105744064;gene_biotype=protein_coding;sequence_ID=0.995;valid_ORFs=1
chrX	Liftoff	gene	2792001	2793320	.	+	.	ID=gene-Pnma5;Dbxref=GeneID:101577589;Name=Pnma5;origin=rename;copy_num_ID=gene-LOC101577589_0;coverage=1.0;extra_copy_number=0;gbkey=Gene;gene=LOC101577589;gene_biotype=protein_coding;sequence_ID=0.997;valid_ORFs=1
chrX	Liftoff	gene	2819933	2821387	.	-	.	ID=gene-Dcaf12l2-l1;Dbxref=GeneID:101575928;Name=Dcaf12l2-l1;origin=rename;copy_num_ID=gene-LOC101575928_0;coverage=1.0;extra_copy_number=0;gbkey=Gene;gene=LOC101575928;gene_biotype=protein_coding;sequence_ID=0.997;valid_ORFs=1
chrX	Liftoff	gene	2858299	2859524	.	+	.	ID=gene-Pnma5-l1;Dbxref=GeneID:101574391;Name=Pnma5-l1;origin=rename;copy_num_ID=gene-LOC101574391_0;coverage=1.0;extra_copy_number=0;gbkey=Gene;gene=LOC101574391;gene_biotype=protein_coding;partial=true;sequence_ID=0.999;start_range=.,2242;valid_ORFs=0
chrX	Liftoff	gene	3595062	3595832	.	+	.	ID=gene-Magea10;Dbxref=GeneID:101584522;Name=Magea10;origin=rename;copy_num_ID=gene-LOC101584522_0;coverage=1.0;extra_copy_number=0;gbkey=Gene;gene=LOC101584522;gene_biotype=protein_coding;sequence_ID=0.998;valid_ORFs=1
chrX	Liftoff	gene	3634070	3635155	.	+	.	ID=gene-Magea10-l1;Dbxref=GeneID:101584911;Name=Magea10-l1;origin=rename;copy_num_ID=gene-LOC101584911_0;coverage=1.0;extra_copy_number=0;gbkey=Gene;gene=LOC101584911;gene_biotype=protein_coding;sequence_ID=1.0;valid_ORFs=1
chrX	Liftoff	gene	3843458	3844472	.	-	.	ID=gene-Magea10-l2;Dbxref=GeneID:101585207;Name=Magea10-l2;origin=rename;copy_num_ID=gene-LOC101585207_0;coverage=1.0;extra_copy_number=0;gbkey=Gene;gene=LOC101585207;gene_biotype=protein_coding;sequence_ID=0.998;valid_ORFs=1
chrX	Liftoff	gene	4285742	4286482	.	+	.	ID=gene-Magea10-l3;Dbxref=GeneID:101587287;Name=Magea10-l3;origin=rename;copy_num_ID=gene-LOC101587287_0;coverage=1.0;extra_copy_number=0;gbkey=Gene;gene=LOC101587287;gene_biotype=protein_coding;sequence_ID=0.997;valid_ORFs=1
chrX	Liftoff	gene	5867224	5867985	.	-	.	ID=gene-Mageb16-l1;Dbxref=GeneID:101590446;Name=Mageb16-l1;origin=rename;copy_num_ID=gene-LOC101590446_0;coverage=1.0;extra_copy_number=0;gbkey=Gene;gene=LOC101590446;gene_biotype=protein_coding;sequence_ID=0.990;valid_ORFs=1
chrX	Liftoff	gene	6927810	6928817	.	+	.	ID=gene-Magea4;Dbxref=GeneID:105743873;Name=Magea4;origin=rename;copy_num_ID=gene-LOC105743873_0;coverage=1.0;extra_copy_number=0;gbkey=Gene;gene=LOC105743873;gene_biotype=protein_coding;sequence_ID=0.999;valid_ORFs=1
chrX	Liftoff	gene	7034315	7035136	.	+	.	ID=gene-Magea10-l4;Dbxref=GeneID:101582399;Name=Magea10-l4;origin=rename;copy_num_ID=gene-LOC101582399_0;coverage=1.0;extra_copy_number=0;gbkey=Gene;gene=LOC101582399;gene_biotype=protein_coding;sequence_ID=0.996;valid_ORFs=1
chrX	Liftoff	gene	7158654	7159415	.	-	.	ID=gene-Magea11-l1;Dbxref=GeneID:101581237;Name=Magea11-l1;origin=rename;copy_num_ID=gene-LOC101581237_0;coverage=1.0;extra_copy_number=0;gbkey=Gene;gene=LOC101581237;gene_biotype=protein_coding;sequence_ID=1.0;valid_ORFs=1
chrX	Liftoff	gene	7257104	7257862	.	-	.	ID=gene-Magea10-l5;Dbxref=GeneID:101580834;Name=Magea10-l5;origin=rename;copy_num_ID=gene-LOC101580834_0;coverage=1.0;extra_copy_number=0;gbkey=Gene;gene=LOC101580834;gene_biotype=protein_coding;sequence_ID=1.0;valid_ORFs=1
chrX	Liftoff	gene	7319876	7320832	.	-	.	ID=gene-Magea4-l1;Dbxref=GeneID:101580439;Name=Magea4-l1;origin=rename;copy_num_ID=gene-LOC101580439_0;coverage=1.0;extra_copy_number=0;gbkey=Gene;gene=LOC101580439;gene_biotype=protein_coding;sequence_ID=0.998;valid_ORFs=1
chrX	Liftoff	gene	7423360	7424118	.	+	.	ID=gene-Magea10-l6;Dbxref=GeneID:101580038;Name=Magea10-l6;origin=rename;copy_num_ID=gene-LOC101580038_0;coverage=1.0;extra_copy_number=0;gbkey=Gene;gene=LOC101580038;gene_biotype=protein_coding;sequence_ID=0.994;valid_ORFs=1
chrX	Liftoff	gene	7477649	7478488	.	-	.	ID=gene-Magea4-l2;Dbxref=GeneID:101579652;Name=Magea4-l2;origin=rename;copy_num_ID=gene-LOC101579652_0;coverage=1.0;extra_copy_number=0;gbkey=Gene;gene=LOC101579652;gene_biotype=protein_coding;sequence_ID=0.997;valid_ORFs=1
chrX	Liftoff	gene	7567046	7567909	.	-	.	ID=gene-Magea11-l2;Dbxref=GeneID:101578861;Name=Magea11-l2;origin=rename;copy_num_ID=gene-LOC101578861_0;coverage=1.0;extra_copy_number=0;gbkey=Gene;gene=LOC101578861;gene_biotype=protein_coding;sequence_ID=0.991;valid_ORFs=1
chrX	Liftoff	gene	7630752	7631615	.	-	.	ID=gene-Magea4-l3;Dbxref=GeneID:101578465;Name=Magea4-l3;origin=rename;copy_num_ID=gene-LOC101578465_0;coverage=1.0;extra_copy_number=0;gbkey=Gene;gene=LOC101578465;gene_biotype=protein_coding;sequence_ID=0.998;valid_ORFs=1
chrX	Liftoff	gene	7662456	7663472	.	-	.	ID=gene-Magea4-l4;Dbxref=GeneID:101578071;Name=Magea4-l4;origin=rename;copy_num_ID=gene-LOC101578071_0;coverage=1.0;extra_copy_number=0;gbkey=Gene;gene=LOC101578071;gene_biotype=protein_coding;sequence_ID=0.982;valid_ORFs=1
chrX	Liftoff	gene	7723441	7724202	.	+	.	ID=gene-Mageb16;Dbxref=GeneID:101577666;Name=Mageb16;origin=rename;copy_num_ID=gene-LOC101577666_0;coverage=1.0;extra_copy_number=0;gbkey=Gene;gene=LOC101577666;gene_biotype=protein_coding;sequence_ID=0.997;valid_ORFs=1
chrX	Liftoff	gene	7900603	7901349	.	+	.	ID=gene-Magea10-l7;Dbxref=GeneID:101576438;Name=Magea10-l7;origin=rename;copy_num_ID=gene-LOC101576438_0;coverage=1.0;extra_copy_number=0;gbkey=Gene;gene=LOC101576438;gene_biotype=protein_coding;sequence_ID=1.0;valid_ORFs=1
chrX	Liftoff	gene	8088263	8089024	.	+	.	ID=gene-Magea8;Dbxref=GeneID:101576043;Name=Magea8;origin=rename;copy_num_ID=gene-LOC101576043_0;coverage=1.0;extra_copy_number=0;gbkey=Gene;gene=LOC101576043;gene_biotype=protein_coding;sequence_ID=0.997;valid_ORFs=1
chrX	Liftoff	gene	8186677	8187423	.	+	.	ID=gene-Magea11;Dbxref=GeneID:111813309;Name=Magea11;origin=rename;copy_num_ID=gene-LOC111813309_0;coverage=1.0;extra_copy_number=0;gbkey=Gene;gene=LOC111813309;gene_biotype=protein_coding;sequence_ID=0.994;valid_ORFs=1
chrX	Liftoff	gene	8274552	8275571	.	+	.	ID=gene-Magea11-l3;Dbxref=GeneID:101575263;Name=Magea11-l3;origin=rename;copy_num_ID=gene-LOC101575263_0;coverage=1.0;extra_copy_number=0;gbkey=Gene;gene=LOC101575263;gene_biotype=protein_coding;sequence_ID=1.0;valid_ORFs=1
chrX	Liftoff	gene	8527992	8528756	.	+	.	ID=gene-Magea10-l8;Dbxref=GeneID:101574074;Name=Magea10-l8;origin=rename;copy_num_ID=gene-LOC101574074_0;coverage=1.0;extra_copy_number=0;gbkey=Gene;gene=LOC101574074;gene_biotype=protein_coding;sequence_ID=1.0;valid_ORFs=1
chrX	Liftoff	gene	8554017	8554973	.	+	.	ID=gene-Magea11-l4;Dbxref=GeneID:101573683;Name=Magea11-l4;origin=rename;copy_num_ID=gene-LOC101573683_0;coverage=1.0;extra_copy_number=0;gbkey=Gene;gene=LOC101573683;gene_biotype=protein_coding;sequence_ID=1.0;valid_ORFs=1
chrX	Liftoff	gene	8573190	8573933	.	+	.	ID=gene-Magea11-l5;Dbxref=GeneID:101573283;Name=Magea11-l5;origin=rename;copy_num_ID=gene-LOC101573283_0;coverage=1.0;extra_copy_number=0;gbkey=Gene;gene=LOC101573283;gene_biotype=protein_coding;sequence_ID=0.997;valid_ORFs=1
chrX	Liftoff	gene	12026973	12056056	.	-	.	ID=gene-Ell2-l1;Dbxref=GeneID:101588738;Name=Ell2-l1;origin=rename;copy_num_ID=gene-LOC101588738_0;coverage=1.0;extra_copy_number=0;gbkey=Gene;gene=LOC101588738;gene_biotype=protein_coding;sequence_ID=0.975;valid_ORFs=1
chrX	Liftoff	gene	15539893	15540936	.	+	.	ID=gene-Mageb4;Dbxref=GeneID:101564295;Name=Mageb4;origin=rename;copy_num_ID=gene-LOC101564295_0;coverage=1.0;extra_copy_number=0;gbkey=Gene;gene=LOC101564295;gene_biotype=protein_coding;sequence_ID=1.0;valid_ORFs=1
chrX	Liftoff	gene	19021103	19024768	.	+	.	ID=gene-Magea10-l9;Dbxref=GeneID:101575825;Name=Magea10-l9;origin=rename;copy_num_ID=gene-LOC101575825_0;coverage=1.0;extra_copy_number=0;gbkey=Gene;gene=LOC101575825;gene_biotype=protein_coding;sequence_ID=0.999;valid_ORFs=1
chrX	Liftoff	gene	20226846	20227901	.	-	.	ID=gene-Magea10-l10;Dbxref=GeneID:101581707;Name=Magea10-l10;origin=rename;copy_num_ID=gene-LOC101581707_0;coverage=1.0;extra_copy_number=0;gbkey=Gene;gene=LOC101581707;gene_biotype=protein_coding;sequence_ID=0.998;valid_ORFs=1
chrX	Liftoff	gene	20892657	20896693	.	+	.	ID=gene-Tpx2-l2;Dbxref=GeneID:101583692;Name=Tpx2-l2;origin=rename;copy_num_ID=gene-LOC101583692_0;coverage=1.0;extra_copy_number=0;gbkey=Gene;gene=LOC101583692;gene_biotype=protein_coding;sequence_ID=0.995;valid_ORFs=0
chrX	Liftoff	gene	21340539	21341789	.	-	.	ID=gene-Hapstr2;Dbxref=GeneID:101570478;Name=Hapstr2;origin=rename;copy_num_ID=gene-LOC101570478_0;coverage=1.0;extra_copy_number=0;gbkey=Gene;gene=LOC101570478;gene_biotype=protein_coding;sequence_ID=0.998;valid_ORFs=1
chrX	AUGUSTUS	gene	25804048	25810577	.	+	.	ID=gene-Rbmx;Name=Rbmx;origin=replace
chrX	Liftoff	gene	27063488	27123001	.	-	.	ID=gene-Ints6l;Dbxref=GeneID:101574725;Name=Ints6l;origin=rename;copy_num_ID=gene-LOC101574725_0;coverage=1.0;extra_copy_number=0;gbkey=Gene;gene=LOC101574725;gene_biotype=protein_coding;sequence_ID=0.999;valid_ORFs=3
chrX	Liftoff	gene	39806928	39808171	.	+	.	ID=gene-Ap1ar-l1;Dbxref=GeneID:101570830;Name=Ap1ar-l1;origin=rename;copy_num_ID=gene-LOC101570830_0;coverage=1.0;extra_copy_number=0;gbkey=Gene;gene=LOC101570830;gene_biotype=protein_coding;sequence_ID=0.994;valid_ORFs=2
chrX	Liftoff	gene	40984756	40985593	.	-	.	ID=gene-Rab1a-l1;Dbxref=GeneID:101571231;Name=Rab1a-l1;origin=rename;copy_num_ID=gene-LOC101571231_0;coverage=1.0;extra_copy_number=0;gbkey=Gene;gene=LOC101571231;gene_biotype=protein_coding;sequence_ID=0.999;valid_ORFs=1
chrX	Liftoff	gene	45364153	45366754	.	+	.	ID=gene-Gja1-l1;Dbxref=GeneID:101576744;Name=Gja1-l1;origin=rename;copy_num_ID=gene-LOC101576744_0;coverage=1.0;extra_copy_number=0;gbkey=Gene;gene=LOC101576744;gene_biotype=protein_coding;sequence_ID=0.998;valid_ORFs=1
chrX	Liftoff	gene	49670284	49673572	.	+	.	ID=gene-Acbd5-l1;Dbxref=GeneID:101564805;Name=Acbd5-l1;origin=rename;copy_num_ID=gene-LOC101564805_0;coverage=1.0;extra_copy_number=0;gbkey=Gene;gene=LOC101564805;gene_biotype=protein_coding;sequence_ID=1.0;valid_ORFs=1
chrX	Liftoff	gene	51564575	51572676	.	-	.	ID=gene-Rhox13;Dbxref=GeneID:101561236;Name=Rhox13;origin=rename;copy_num_ID=gene-LOC101561236_0;coverage=1.0;extra_copy_number=0;gbkey=Gene;gene=LOC101561236;gene_biotype=protein_coding;sequence_ID=0.994;valid_ORFs=3
chrX	Liftoff	gene	52296050	52358356	.	+	.	ID=gene-Akap17b;Dbxref=GeneID:101592282;Name=Akap17b;origin=rename;copy_num_ID=gene-LOC101592282_0;coverage=1.0;extra_copy_number=0;gbkey=Gene;gene=LOC101592282;gene_biotype=protein_coding;sequence_ID=0.999;valid_ORFs=1
chrX	Liftoff	gene	52774696	52775465	.	+	.	ID=gene-Ak6-l1;Dbxref=GeneID:101590308;Name=Ak6-l1;origin=rename;copy_num_ID=gene-LOC101590308_0;coverage=1.0;extra_copy_number=0;gbkey=Gene;gene=LOC101590308;gene_biotype=protein_coding;sequence_ID=0.999;valid_ORFs=1
chrX	Liftoff	gene	54561259	54561612	.	-	.	ID=gene-H2ab1-l1;Dbxref=GeneID:101587162;Name=H2ab1-l1;origin=rename;copy_num_ID=gene-LOC101587162_0;coverage=1.0;extra_copy_number=0;gbkey=Gene;gene=LOC101587162;gene_biotype=protein_coding;sequence_ID=1.0;valid_ORFs=1
chrX	Liftoff	gene	55849808	55850950	.	-	.	ID=gene-Ap2b1-l1;Dbxref=GeneID:101574005;Name=Ap2b1-l1;origin=rename;copy_num_ID=gene-LOC101574005_0;coverage=1.0;end_range=853523,.;extra_copy_number=0;gbkey=Gene;gene=LOC101574005;gene_biotype=protein_coding;partial=true;sequence_ID=0.997;valid_ORFs=0
chrX	Liftoff	gene	57064119	57073831	.	+	.	ID=gene-Ssrp1-l1;Dbxref=GeneID:101561175;Name=Ssrp1-l1;origin=rename;copy_num_ID=gene-LOC101561175_0;coverage=0.999;extra_copy_number=0;gbkey=Gene;gene=LOC101561175;gene_biotype=protein_coding;sequence_ID=0.998;valid_ORFs=0
chrX	Liftoff	gene	59038972	59040319	.	-	.	ID=gene-Eif2b4-l1;Dbxref=GeneID:101564755;Name=Eif2b4-l1;origin=rename;copy_num_ID=gene-LOC101564755_0;coverage=1.0;extra_copy_number=0;gbkey=Gene;gene=LOC101564755;gene_biotype=protein_coding;sequence_ID=0.997;valid_ORFs=1
chrX	Liftoff	gene	59468420	59469662	.	+	.	ID=gene-Dnajb5-l1;Dbxref=GeneID:101581714;Name=Dnajb5-l1;origin=rename;copy_num_ID=gene-LOC101581714_0;coverage=1.0;extra_copy_number=0;gbkey=Gene;gene=LOC101581714;gene_biotype=protein_coding;sequence_ID=1.0;valid_ORFs=1
chrX	Liftoff	gene	63222717	63225638	.	+	.	ID=gene-Rsbn1l-l1;Dbxref=GeneID:101569915;Name=Rsbn1l-l1;origin=rename;copy_num_ID=gene-LOC101569915_0;coverage=1.0;end_range=6578535,.;extra_copy_number=0;gbkey=Gene;gene=LOC101569915;gene_biotype=protein_coding;partial=true;sequence_ID=1.0;valid_ORFs=0
chrX	AUGUSTUS	gene	63580505	63662027	.	-	.	ID=gene-Alg13;Name=Alg13;origin=replace
chrX	Liftoff	gene	64832056	64833192	.	-	.	ID=gene-Ct83;Dbxref=GeneID:101574698;Name=Ct83;origin=rename;copy_num_ID=gene-LOC101574698_0;coverage=1.0;extra_copy_number=0;gbkey=Gene;gene=LOC101574698;gene_biotype=protein_coding;sequence_ID=1.0;valid_ORFs=1
chrX	Liftoff	gene	66503205	66503530	.	+	.	ID=gene-Ndufa3-l2;Dbxref=GeneID:101559739;Name=Ndufa3-l2;origin=rename;copy_num_ID=gene-LOC101559739_0;coverage=1.0;extra_copy_number=0;gbkey=Gene;gene=LOC101559739;gene_biotype=protein_coding;sequence_ID=1.0;valid_ORFs=1
chrX	Liftoff	gene	68785649	68787850	.	+	.	ID=gene-Tex13b;Dbxref=GeneID:101561467;Name=Tex13b;origin=rename;copy_num_ID=gene-LOC101561467_0;coverage=1.0;extra_copy_number=0;gbkey=Gene;gene=LOC101561467;gene_biotype=protein_coding;sequence_ID=1.0;valid_ORFs=1
chrX	Liftoff	gene	69211060	69236937	.	-	.	ID=gene-Prps1-l2;Dbxref=GeneID:101588173;Name=Prps1-l2;origin=rename;copy_num_ID=gene-LOC101588173_0;coverage=0.916;extra_copy_number=0;gbkey=Gene;gene=LOC101588173;gene_biotype=protein_coding;sequence_ID=0.916;valid_ORFs=0
chrX	Liftoff	gene	70911473	70919362	.	+	.	ID=gene-Pwwp3b;Dbxref=GeneID:101577164;Name=Pwwp3b;origin=rename;copy_num_ID=gene-LOC101577164_0;coverage=1.0;extra_copy_number=0;gbkey=Gene;gene=LOC101577164;gene_biotype=protein_coding;sequence_ID=0.994;valid_ORFs=1
chrX	Liftoff	gene	71010190	71052890	.	-	.	ID=gene-Pwwp3b-l1;Dbxref=GeneID:101571038;Name=Pwwp3b-l1;origin=rename;copy_num_ID=gene-LOC101571038_0;coverage=1.0;extra_copy_number=0;gbkey=Gene;gene=LOC101571038;gene_biotype=protein_coding;sequence_ID=0.997;valid_ORFs=2
chrX	Liftoff	gene	75158330	75160532	.	-	.	ID=gene-Tceal9;Dbxref=GeneID:101570754;Name=Tceal9;origin=rename;copy_num_ID=gene-LOC101570754_0;coverage=1.0;extra_copy_number=0;gbkey=Gene;gene=LOC101570754;gene_biotype=protein_coding;sequence_ID=1.0;valid_ORFs=1
chrX	Liftoff	gene	75581750	75602922	.	+	.	ID=gene-Nxf2;Dbxref=GeneID:101589622;Name=Nxf2;origin=rename;copy_num_ID=gene-LOC101589622_0;coverage=1.0;extra_copy_number=0;gbkey=Gene;gene=LOC101589622;gene_biotype=protein_coding;sequence_ID=0.978;valid_ORFs=1
chrX	Liftoff	gene	76479362	76481921	.	-	.	ID=gene-Rpl36a-l1;Dbxref=GeneID:101565976;Name=Rpl36a-l1;origin=rename;copy_num_ID=gene-LOC101565976_0;coverage=1.0;extra_copy_number=0;gbkey=Gene;gene=LOC101565976;gene_biotype=protein_coding;sequence_ID=1.0;valid_ORFs=1
chrX	Liftoff	gene	76637753	76639801	.	+	.	ID=gene-Sdcbp-l1;Dbxref=GeneID:101564924;Name=Sdcbp-l1;origin=rename;copy_num_ID=gene-LOC101564924_0;coverage=1.0;extra_copy_number=0;gbkey=Gene;gene=LOC101564924;gene_biotype=protein_coding;sequence_ID=0.992;valid_ORFs=1
chrX	Liftoff	gene	77580580	77583258	.	+	.	ID=gene-Terf1-l1;Dbxref=GeneID:101578599;Name=Terf1-l1;origin=rename;copy_num_ID=gene-LOC101578599_0;coverage=1.0;extra_copy_number=0;gbkey=Gene;gene=LOC101578599;gene_biotype=protein_coding;sequence_ID=0.642;valid_ORFs=0
chrX	Liftoff	gene	85631284	85632273	.	-	.	ID=gene-Hnrnpdl-l1;Dbxref=GeneID:101582579;Name=Hnrnpdl-l1;origin=rename;copy_num_ID=gene-LOC101582579_0;coverage=1.0;extra_copy_number=0;gbkey=Gene;gene=LOC101582579;gene_biotype=protein_coding;sequence_ID=0.997;valid_ORFs=1
chrX	Liftoff	gene	89518089	89520792	.	+	.	ID=gene-Rbm39-l1;Dbxref=GeneID:101567661;Name=Rbm39-l1;origin=rename;copy_num_ID=gene-LOC101567661_0;coverage=1.0;extra_copy_number=0;gbkey=Gene;gene=LOC101567661;gene_biotype=protein_coding;sequence_ID=0.998;valid_ORFs=1
chrX	Liftoff	gene	89993012	89993698	.	-	.	ID=gene-Tgif2lx;Dbxref=GeneID:101589834;Name=Tgif2lx;origin=rename;copy_num_ID=gene-LOC101589834_0;coverage=1.0;extra_copy_number=0;gbkey=Gene;gene=LOC101589834;gene_biotype=protein_coding;sequence_ID=0.997;valid_ORFs=1
chrX	Liftoff	gene	90164933	90165619	.	-	.	ID=gene-Tgif2lx-l1;Dbxref=GeneID:101589443;Name=Tgif2lx-l1;origin=rename;copy_num_ID=gene-LOC101589443_0;coverage=1.0;extra_copy_number=0;gbkey=Gene;gene=LOC101589443;gene_biotype=protein_coding;sequence_ID=0.995;valid_ORFs=1
chrX	Liftoff	gene	90301956	90302420	.	+	.	ID=gene-Ube2d2-l1;Dbxref=GeneID:101565664;Name=Ube2d2-l1;origin=rename;copy_num_ID=gene-LOC101565664_0;coverage=1.0;extra_copy_number=0;gbkey=Gene;gene=LOC101565664;gene_biotype=protein_coding;sequence_ID=1.0;valid_ORFs=1
chrX	Liftoff	gene	91076368	91076832	.	-	.	ID=gene-Ube2d2-l2;Dbxref=GeneID:101562899;Name=Ube2d2-l2;origin=rename;copy_num_ID=gene-LOC101562899_0;coverage=1.0;extra_copy_number=0;gbkey=Gene;gene=LOC101562899;gene_biotype=protein_coding;sequence_ID=0.997;valid_ORFs=1
chrX	Liftoff	gene	91594016	91597601	.	+	.	ID=gene-Ube2d2-l3;Dbxref=GeneID:101560510;Name=Ube2d2-l3;origin=rename;copy_num_ID=gene-LOC101560510_0;coverage=1.0;extra_copy_number=0;gbkey=Gene;gene=LOC101560510;gene_biotype=protein_coding;sequence_ID=1.0;valid_ORFs=2
chrX	Liftoff	gene	93303336	93303779	.	-	.	ID=gene-H2ab1-l2;Dbxref=GeneID:101580382;Name=H2ab1-l2;origin=rename;copy_num_ID=gene-LOC101580382_0;coverage=1.0;extra_copy_number=0;gbkey=Gene;gene=LOC101580382;gene_biotype=protein_coding;sequence_ID=1.0;valid_ORFs=1
chrX	Liftoff	gene	97759585	97760424	.	-	.	ID=gene-Ubtfl1-l1;Dbxref=GeneID:101573241;Name=Ubtfl1-l1;origin=rename;copy_num_ID=gene-LOC101573241_0;coverage=1.0;extra_copy_number=0;gbkey=Gene;gene=LOC101573241;gene_biotype=protein_coding;sequence_ID=1.0;valid_ORFs=1
chrX	Liftoff	gene	97940040	97940480	.	-	.	ID=gene-Ube2d2-l4;Dbxref=GeneID:101584445;Name=Ube2d2-l4;origin=rename;copy_num_ID=gene-LOC101584445_0;coverage=1.0;extra_copy_number=0;gbkey=Gene;gene=LOC101584445;gene_biotype=protein_coding;sequence_ID=1.0;valid_ORFs=1
chrX	Liftoff	gene	98027266	98029801	.	-	.	ID=gene-Tasl;Dbxref=GeneID:101572448;Name=Tasl;origin=rename;copy_num_ID=gene-LOC101572448_0;coverage=1.0;extra_copy_number=0;gbkey=Gene;gene=LOC101572448;gene_biotype=protein_coding;sequence_ID=1.0;valid_ORFs=1
chrX	Liftoff	gene	98825350	98877830	.	+	.	ID=gene-Chmp1b2;Dbxref=GeneID:101581951;Name=Chmp1b2;origin=rename;copy_num_ID=gene-LOC101581951_0;coverage=1.0;extra_copy_number=0;gbkey=Gene;gene=LOC101581951;gene_biotype=protein_coding;sequence_ID=0.997;valid_ORFs=1
chrX	Liftoff	gene	99521025	99530908	.	+	.	ID=gene-Itm2a-l2;Dbxref=GeneID:101584664;Name=Itm2a-l2;origin=rename;copy_num_ID=gene-LOC101584664_0;coverage=1.0;extra_copy_number=0;gbkey=Gene;gene=LOC101584664;gene_biotype=protein_coding;sequence_ID=1.0;valid_ORFs=1
chrX	Liftoff	gene	99866252	99869568	.	-	.	ID=gene-P2ry10-l1;Dbxref=GeneID:101579567;Name=P2ry10-l1;origin=rename;copy_num_ID=gene-LOC101579567_0;coverage=1.0;extra_copy_number=0;gbkey=Gene;gene=LOC101579567;gene_biotype=protein_coding;sequence_ID=1.0;valid_ORFs=1
chrX	Liftoff	gene	100604592	100614977	.	-	.	ID=gene-Cox7b-l2;Dbxref=GeneID:111814550;Name=Cox7b-l2;origin=rename;copy_num_ID=gene-LOC111814550_0;coverage=1.0;extra_copy_number=0;gbkey=Gene;gene=LOC111814550;gene_biotype=protein_coding;sequence_ID=0.994;valid_ORFs=0
chrX	Liftoff	gene	102555912	102560278	.	-	.	ID=gene-Pbdc1-l1;Dbxref=GeneID:101589794;Name=Pbdc1-l1;origin=rename;copy_num_ID=gene-LOC101589794_0;coverage=1.0;extra_copy_number=0;gbkey=Gene;gene=LOC101589794;gene_biotype=protein_coding;sequence_ID=0.992;valid_ORFs=1
chrX	Liftoff	gene	102731889	102737160	.	+	.	ID=gene-Pbdc1-l2;Dbxref=GeneID:101589009;Name=Pbdc1-l2;origin=rename;copy_num_ID=gene-LOC101589009_0;coverage=0.995;extra_copy_number=0;gbkey=Gene;gene=LOC101589009;gene_biotype=protein_coding;sequence_ID=0.990;valid_ORFs=2
chrX	Liftoff	gene	104889695	104891554	.	+	.	ID=gene-Nsfl1c-l1;Dbxref=GeneID:101563261;Name=Nsfl1c-l1;origin=rename;copy_num_ID=gene-LOC101563261_0;coverage=1.0;extra_copy_number=0;gbkey=Gene;gene=LOC101563261;gene_biotype=protein_coding;sequence_ID=0.997;valid_ORFs=1
chrX	Liftoff	gene	105738249	105740129	.	+	.	ID=gene-Ranbp10-l1;Dbxref=GeneID:101590335;Name=Ranbp10-l1;origin=rename;copy_num_ID=gene-LOC101590335_0;coverage=1.0;extra_copy_number=0;gbkey=Gene;gene=LOC101590335;gene_biotype=protein_coding;sequence_ID=0.998;valid_ORFs=2
chrX	Liftoff	gene	105752197	105753983	.	+	.	ID=gene-Nusap1-l2;Dbxref=GeneID:101560470;Name=Nusap1-l2;origin=rename;copy_num_ID=gene-LOC101560470_0;coverage=1.0;extra_copy_number=0;gbkey=Gene;gene=LOC101560470;gene_biotype=protein_coding;sequence_ID=0.997;valid_ORFs=1
chrX	Liftoff	gene	106853160	106854713	.	-	.	ID=gene-Hat1-l1;Dbxref=GeneID:101580347;Name=Hat1-l1;origin=rename;copy_num_ID=gene-LOC101580347_0;coverage=1.0;extra_copy_number=0;gbkey=Gene;gene=LOC101580347;gene_biotype=protein_coding;sequence_ID=0.999;valid_ORFs=1
chrX	Liftoff	gene	106898036	106900561	.	+	.	ID=gene-Pabpc1l2a;Dbxref=GeneID:101582202;Name=Pabpc1l2a;origin=rename;copy_num_ID=gene-LOC101582202_0;coverage=1.0;extra_copy_number=0;gbkey=Gene;gene=LOC101582202;gene_biotype=protein_coding;sequence_ID=1.0;valid_ORFs=1
chrX	Liftoff	gene	110671256	110672140	.	-	.	ID=gene-Otud6a;Dbxref=GeneID:101589809;Name=Otud6a;origin=rename;copy_num_ID=gene-LOC101589809_0;coverage=1.0;extra_copy_number=0;gbkey=Gene;gene=LOC101589809;gene_biotype=protein_coding;sequence_ID=0.998;valid_ORFs=1
chrX	Liftoff	gene	117313396	117313857	.	-	.	ID=gene-Pfn2-l1;Dbxref=GeneID:101567584;Name=Pfn2-l1;origin=rename;copy_num_ID=gene-LOC101567584_0;coverage=1.0;extra_copy_number=0;gbkey=Gene;gene=LOC101567584;gene_biotype=protein_coding;sequence_ID=1.0;valid_ORFs=1
chrX	Liftoff	gene	118026980	118028182	.	-	.	ID=gene-Xrcc4-l1;Dbxref=GeneID:101588064;Name=Xrcc4-l1;origin=rename;copy_num_ID=gene-LOC101588064_0;coverage=1.0;extra_copy_number=0;gbkey=Gene;gene=LOC101588064;gene_biotype=protein_coding;sequence_ID=0.999;valid_ORFs=1
chrX	Liftoff	gene	118998255	118998653	.	+	.	ID=gene-Tstd3-l1;Dbxref=GeneID:105744036;Name=Tstd3-l1;origin=rename;copy_num_ID=gene-LOC105744036_0;coverage=1.0;extra_copy_number=0;gbkey=Gene;gene=LOC105744036;gene_biotype=protein_coding;partial=true;sequence_ID=0.994;start_range=.,623984;valid_ORFs=0
chrX	Liftoff	gene	126976244	126988883	.	-	.	ID=gene-Tro;Dbxref=GeneID:101577575;Name=Tro;origin=rename;copy_num_ID=gene-LOC101577575_0;coverage=1.0;extra_copy_number=0;gbkey=Gene;gene=LOC101577575;gene_biotype=protein_coding;sequence_ID=1.0;valid_ORFs=2
chrX	Liftoff	gene	127606169	127606687	.	+	.	ID=gene-Ube2n-l1;Dbxref=GeneID:101561911;Name=Ube2n-l1;origin=rename;copy_num_ID=gene-LOC101561911_0;coverage=1.0;extra_copy_number=0;gbkey=Gene;gene=LOC101561911;gene_biotype=protein_coding;sequence_ID=0.991;valid_ORFs=1
chrX	Liftoff	gene	129590676	129643997	.	+	.	ID=gene-Fam156a;Dbxref=GeneID:101573726;Name=Fam156a;origin=rename;copy_num_ID=gene-LOC101573726_0;coverage=0.984;extra_copy_number=0;gbkey=Gene;gene=LOC101573726;gene_biotype=protein_coding;sequence_ID=0.981;valid_ORFs=6
chrX	Liftoff	gene	129629748	129633502	.	-	.	ID=gene-Srrm1-l1;Dbxref=GeneID:101581285;Name=Srrm1-l1;origin=rename;copy_num_ID=gene-LOC101581285_0;coverage=0.997;end_range=396685,.;extra_copy_number=0;gbkey=Gene;gene=LOC101581285;gene_biotype=protein_coding;partial=true;sequence_ID=0.996;valid_ORFs=0
chrX	AUGUSTUS	gene	130022644	130028222	.	-	.	ID=gene-Maged4;Name=Maged4;origin=replace
chrX	Liftoff	gene	131021215	131021586	.	+	.	ID=gene-Nudt11;Dbxref=GeneID:101578916;Name=Nudt11;origin=rename;copy_num_ID=gene-LOC101578916_0;coverage=1.0;end_range=127488,.;extra_copy_number=0;gbkey=Gene;gene=LOC101578916;gene_biotype=protein_coding;partial=true;sequence_ID=1.0;valid_ORFs=0
chrX	Liftoff	gene	133418813	133423939	.	-	.	ID=gene-Usp27x;Dbxref=GeneID:101592145;Name=Usp27x;origin=rename;copy_num_ID=gene-LOC101592145_0;coverage=1.0;extra_copy_number=0;gbkey=Gene;gene=LOC101592145;gene_biotype=protein_coding;sequence_ID=0.999;valid_ORFs=1
chrX	Liftoff	gene	133460716	133464075	.	-	.	ID=gene-Otud6b-l1;Dbxref=GeneID:101581648;Name=Otud6b-l1;origin=rename;copy_num_ID=gene-LOC101581648_0;coverage=0.997;extra_copy_number=0;gbkey=Gene;gene=LOC101581648;gene_biotype=protein_coding;sequence_ID=0.995;valid_ORFs=1
chrX	Liftoff	gene	133524437	133525186	.	+	.	ID=gene-Rab13-l1;Dbxref=GeneID:101589297;Name=Rab13-l1;origin=rename;copy_num_ID=gene-LOC101589297_0;coverage=0.948;extra_copy_number=0;gbkey=Gene;gene=LOC101589297;gene_biotype=protein_coding;sequence_ID=0.911;valid_ORFs=0
chrX	Liftoff	gene	134287081	134287701	.	+	.	ID=gene-Srp14-l6;Dbxref=GeneID:101568164;Name=Srp14-l6;origin=rename;copy_num_ID=gene-LOC101568164_0;coverage=1.0;extra_copy_number=0;gbkey=Gene;gene=LOC101568164;gene_biotype=protein_coding;sequence_ID=0.997;valid_ORFs=1
chrX	Liftoff	gene	134528404	134534163	.	-	.	ID=gene-Ssx6p;Dbxref=GeneID:101565769;Name=Ssx6p;origin=rename;copy_num_ID=gene-LOC101565769_0;coverage=1.0;extra_copy_number=0;gbkey=Gene;gene=LOC101565769;gene_biotype=protein_coding;sequence_ID=1.0;valid_ORFs=1
chrX	Liftoff	gene	135690164	135691199	.	+	.	ID=gene-Ran-l1;Dbxref=GeneID:101561130;Name=Ran-l1;origin=rename;copy_num_ID=gene-LOC101561130_0;coverage=1.0;extra_copy_number=0;gbkey=Gene;gene=LOC101561130;gene_biotype=protein_coding;sequence_ID=0.995;valid_ORFs=1
chrX	Liftoff	gene	139637580	139637756	.	-	.	ID=gene-Smim15-l2;Dbxref=GeneID:111813783;Name=Smim15-l2;origin=rename;copy_num_ID=gene-LOC111813783_0;coverage=1.0;extra_copy_number=0;gbkey=Gene;gene=LOC111813783;gene_biotype=protein_coding;partial=true;sequence_ID=0.996;start_range=.,341704;valid_ORFs=0
chrX	Liftoff	gene	139876412	139876981	.	-	.	ID=gene-Dusp21;Dbxref=GeneID:101586755;Name=Dusp21;origin=rename;copy_num_ID=gene-LOC101586755_0;coverage=1.0;extra_copy_number=0;gbkey=Gene;gene=LOC101586755;gene_biotype=protein_coding;sequence_ID=1.0;valid_ORFs=1
chrX	Liftoff	gene	141461130	141462186	.	-	.	ID=gene-Fndc11-l1;Dbxref=GeneID:101591495;Name=Fndc11-l1;origin=rename;copy_num_ID=gene-LOC101591495_0;coverage=1.0;extra_copy_number=0;gbkey=Gene;gene=LOC101591495;gene_biotype=protein_coding;sequence_ID=0.998;valid_ORFs=1
chrX	Liftoff	gene	142865261	142865931	.	+	.	ID=gene-Ppp1r2c;Dbxref=GeneID:101564020;Name=Ppp1r2c;origin=rename;copy_num_ID=gene-LOC101564020_0;coverage=1.0;extra_copy_number=0;gbkey=Gene;gene=LOC101564020;gene_biotype=protein_coding;sequence_ID=0.998;valid_ORFs=1
chrX	Liftoff	gene	147381623	147383179	.	-	.	ID=gene-Ilf2-l1;Dbxref=GeneID:101572781;Name=Ilf2-l1;origin=rename;copy_num_ID=gene-LOC101572781_0;coverage=0.999;extra_copy_number=0;gbkey=Gene;gene=LOC101572781;gene_biotype=protein_coding;sequence_ID=0.995;valid_ORFs=2
chrX	Liftoff	gene	149161589	149205291	.	-	.	ID=gene-Cybb;Dbxref=GeneID:101567860;Name=Cybb;origin=rename;copy_num_ID=gene-LOC101567860_0;coverage=1.0;extra_copy_number=0;gbkey=Gene;gene=LOC101567860;gene_biotype=protein_coding;sequence_ID=1.0;valid_ORFs=1
chrX	Liftoff	gene	149683102	149683455	.	-	.	ID=gene-H2ab1-l3;Dbxref=GeneID:101575936;Name=H2ab1-l3;origin=rename;copy_num_ID=gene-LOC101575936_0;coverage=1.0;extra_copy_number=0;gbkey=Gene;gene=LOC101575936;gene_biotype=protein_coding;sequence_ID=1.0;valid_ORFs=1
chrX	Liftoff	gene	149999534	150001120	.	+	.	ID=gene-Fam47dp;Dbxref=GeneID:101574752;Name=Fam47dp;origin=rename;copy_num_ID=gene-LOC101574752_0;coverage=1.0;extra_copy_number=0;gbkey=Gene;gene=LOC101574752;gene_biotype=protein_coding;sequence_ID=1.0;valid_ORFs=1
chrX	Liftoff	gene	150027275	150027697	.	+	.	ID=gene-Fth;Dbxref=GeneID:101573977;Name=Fth;origin=rename;copy_num_ID=gene-LOC101573977_0;coverage=1.0;extra_copy_number=0;gbkey=Gene;gene=LOC101573977;gene_biotype=protein_coding;sequence_ID=0.997;valid_ORFs=1
chrX	Liftoff	gene	151475806	151476159	.	+	.	ID=gene-H2ab1;Dbxref=GeneID:101591772;Name=H2ab1;origin=rename;copy_num_ID=gene-LOC101591772_0;coverage=1.0;extra_copy_number=0;gbkey=Gene;gene=LOC101591772;gene_biotype=protein_coding;sequence_ID=1.0;valid_ORFs=1
chrX	Liftoff	gene	151536710	151537063	.	+	.	ID=gene-H2al3;Dbxref=GeneID:101590981;Name=H2al3;origin=rename;copy_num_ID=gene-LOC101590981_0;coverage=1.0;extra_copy_number=0;gbkey=Gene;gene=LOC101590981;gene_biotype=protein_coding;sequence_ID=1.0;valid_ORFs=1
chrX	Liftoff	gene	153404265	153404618	.	-	.	ID=gene-H2ab1-l4;Dbxref=GeneID:101575443;Name=H2ab1-l4;origin=rename;copy_num_ID=gene-LOC101575443_0;coverage=1.0;extra_copy_number=0;gbkey=Gene;gene=LOC101575443;gene_biotype=protein_coding;sequence_ID=1.0;valid_ORFs=1
chrX	Liftoff	gene	156947687	156948040	.	-	.	ID=gene-H2ab1-l5;Dbxref=GeneID:101571614;Name=H2ab1-l5;origin=rename;copy_num_ID=gene-LOC101571614_0;coverage=1.0;extra_copy_number=0;gbkey=Gene;gene=LOC101571614;gene_biotype=protein_coding;sequence_ID=0.994;valid_ORFs=1
chrX	Liftoff	gene	161677116	161678310	.	-	.	ID=gene-Mageb4-l1;Dbxref=GeneID:101586766;Name=Mageb4-l1;origin=rename;copy_num_ID=gene-LOC101586766_0;coverage=1.0;extra_copy_number=0;gbkey=Gene;gene=LOC101586766;gene_biotype=protein_coding;sequence_ID=0.999;valid_ORFs=1
chrX	Liftoff	gene	161876757	161877845	.	+	.	ID=gene-Mageb4-l2;Dbxref=GeneID:101587169;Name=Mageb4-l2;origin=rename;copy_num_ID=gene-LOC101587169_0;coverage=1.0;extra_copy_number=0;gbkey=Gene;gene=LOC101587169;gene_biotype=protein_coding;sequence_ID=0.991;valid_ORFs=1
chrX	Liftoff	gene	161913179	161917613	.	+	.	ID=gene-Mageb4-l3;Dbxref=GeneID:101587558;Name=Mageb4-l3;origin=rename;copy_num_ID=gene-LOC101587558_0;coverage=1.0;extra_copy_number=0;gbkey=Gene;gene=LOC101587558;gene_biotype=protein_coding;sequence_ID=0.989;valid_ORFs=1
chrX	Liftoff	gene	161952321	161953592	.	+	.	ID=gene-Mageb3;Dbxref=GeneID:101587948;Name=Mageb3;origin=rename;copy_num_ID=gene-LOC101587948_0;coverage=1.0;extra_copy_number=0;gbkey=Gene;gene=LOC101587948;gene_biotype=protein_coding;sequence_ID=1.0;valid_ORFs=1
chrX	Liftoff	gene	161965816	162016528	.	-	.	ID=gene-Mageb3-l1;Dbxref=GeneID:101588346;Name=Mageb3-l1;origin=rename;copy_num_ID=gene-LOC101588346_0;coverage=1.0;extra_copy_number=0;gbkey=Gene;gene=LOC101588346;gene_biotype=protein_coding;sequence_ID=0.996;valid_ORFs=1
chrX	Liftoff	gene	162012692	162013717	.	-	.	ID=gene-Mageb4-l4;Dbxref=GeneID:101588734;Name=Mageb4-l4;origin=rename;copy_num_ID=gene-LOC101588734_0;coverage=1.0;extra_copy_number=0;gbkey=Gene;gene=LOC101588734;gene_biotype=protein_coding;sequence_ID=0.998;valid_ORFs=1
chrX	Liftoff	gene	165184222	165185226	.	-	.	ID=gene-Mageb10;Dbxref=GeneID:101593050;Name=Mageb10;origin=rename;copy_num_ID=gene-LOC101593050_0;coverage=1.0;extra_copy_number=0;gbkey=Gene;gene=LOC101593050;gene_biotype=protein_coding;sequence_ID=0.999;valid_ORFs=1
chrX	Liftoff	gene	165571566	165573884	.	+	.	ID=gene-Ppp4r3b-l1;Dbxref=GeneID:101560058;Name=Ppp4r3b-l1;origin=rename;copy_num_ID=gene-LOC101560058_0;coverage=1.0;extra_copy_number=0;gbkey=Gene;gene=LOC101560058;gene_biotype=protein_coding;sequence_ID=1.0;valid_ORFs=1
chrX	Liftoff	gene	167349521	167350711	.	-	.	ID=gene-Mageb3-l2;Dbxref=GeneID:101565210;Name=Mageb3-l2;origin=rename;copy_num_ID=gene-LOC101565210_0;coverage=1.0;extra_copy_number=0;gbkey=Gene;gene=LOC101565210;gene_biotype=protein_coding;sequence_ID=0.999;valid_ORFs=1
chrX	Liftoff	gene	167377987	167379090	.	-	.	ID=gene-Mageb3-l3;Dbxref=GeneID:101565611;Name=Mageb3-l3;origin=rename;copy_num_ID=gene-LOC101565611_0;coverage=1.0;extra_copy_number=0;gbkey=Gene;gene=LOC101565611;gene_biotype=protein_coding;sequence_ID=0.997;valid_ORFs=1
chrX	Liftoff	gene	167785784	167786875	.	-	.	ID=gene-Mageb3-l4;Dbxref=GeneID:101566804;Name=Mageb3-l4;origin=rename;copy_num_ID=gene-LOC101566804_0;coverage=1.0;extra_copy_number=0;gbkey=Gene;gene=LOC101566804;gene_biotype=protein_coding;sequence_ID=0.996;valid_ORFs=1
chrX	Liftoff	gene	168039442	168040602	.	+	.	ID=gene-Mageb3-l5;Dbxref=GeneID:101568001;Name=Mageb3-l5;origin=rename;copy_num_ID=gene-LOC101568001_0;coverage=1.0;extra_copy_number=0;gbkey=Gene;gene=LOC101568001;gene_biotype=protein_coding;sequence_ID=1.0;valid_ORFs=1
chrX	Liftoff	gene	170004586	170006259	.	-	.	ID=gene-Supt20hl1;Dbxref=GeneID:101571192;Name=Supt20hl1;origin=rename;copy_num_ID=gene-LOC101571192_0;coverage=0.931;extra_copy_number=0;gbkey=Gene;gene=LOC101571192;gene_biotype=protein_coding;sequence_ID=0.930;valid_ORFs=0
chrX	Liftoff	gene	170369222	170370034	.	+	.	ID=gene-Mrpl11-l1;Dbxref=GeneID:101571040;Name=Mrpl11-l1;origin=rename;copy_num_ID=gene-LOC101571040_0;coverage=1.0;extra_copy_number=0;gbkey=Gene;gene=LOC101571040;gene_biotype=protein_coding;sequence_ID=1.0;valid_ORFs=1
chrX	Liftoff	gene	173319517	173319897	.	+	.	ID=gene-Atp5mpl-l2;Dbxref=GeneID:101577426;Name=Atp5mpl-l2;origin=rename;copy_num_ID=gene-LOC101577426_0;coverage=1.0;extra_copy_number=0;gbkey=Gene;gene=LOC101577426;gene_biotype=protein_coding;sequence_ID=0.990;valid_ORFs=1
chrX	Liftoff	gene	174699178	174699554	.	-	.	ID=gene-H2ab1-l6;Dbxref=GeneID:101563127;Name=H2ab1-l6;origin=rename;copy_num_ID=gene-LOC101563127_0;coverage=1.0;extra_copy_number=0;gbkey=Gene;gene=LOC101563127;gene_biotype=protein_coding;sequence_ID=0.995;valid_ORFs=1
chrX	Liftoff	gene	176882183	176882491	.	-	.	ID=gene-Cox19-l1;Dbxref=GeneID:105742727;Name=Cox19-l1;origin=rename;copy_num_ID=gene-LOC105742727_0;coverage=1.0;extra_copy_number=0;gbkey=Gene;gene=LOC105742727;gene_biotype=protein_coding;sequence_ID=1.0;valid_ORFs=1
chrX	Liftoff	gene	184826321	184828233	.	-	.	ID=gene-Atg4d-l1;Dbxref=GeneID:101569086;Name=Atg4d-l1;origin=rename;copy_num_ID=gene-LOC101569086_0;coverage=1.0;extra_copy_number=0;gbkey=Gene;gene=LOC101569086;gene_biotype=protein_coding;sequence_ID=0.997;valid_ORFs=1
chrX	Liftoff	gene	187016095	187028263	.	-	.	ID=gene-Hccs;Dbxref=GeneID:101569477;Name=Hccs;origin=rename;copy_num_ID=gene-LOC101569477_0;coverage=1.0;extra_copy_number=0;gbkey=Gene;gene=LOC101569477;gene_biotype=protein_coding;sequence_ID=0.995;valid_ORFs=4
chrX	Liftoff	gene	194292394	194621190	.	+	.	ID=gene-Nlgn4x;Dbxref=GeneID:101591647;Name=Nlgn4x;origin=rename;copy_num_ID=gene-LOC101591647_0;coverage=1.0;extra_copy_number=0;gbkey=Gene;gene=LOC101591647;gene_biotype=protein_coding;sequence_ID=0.998;valid_ORFs=4
chrX	Liftoff	gene	196330788	196342038	.	+	.	ID=gene-Cd99;Dbxref=GeneID:111814153;Name=Cd99;origin=rename;copy_num_ID=gene-LOC111814153_0;coverage=1.0;extra_copy_number=0;gbkey=Gene;gene=LOC111814153;gene_biotype=protein_coding;sequence_ID=0.997;valid_ORFs=2
chrX	Liftoff	gene	196559928	196562301	.	-	.	ID=gene-Akap17a;Dbxref=GeneID:101571197;Name=Akap17a;origin=rename;copy_num_ID=gene-LOC101571197_0;coverage=0.881;extra_copy_number=0;gbkey=Gene;gene=LOC101571197;gene_biotype=protein_coding;sequence_ID=0.877;valid_ORFs=0
chrX	Liftoff	gene	197074821	197077070	.	+	.	ID=gene-Znf268;Dbxref=GeneID:111814146;Name=Znf268;origin=rename;copy_num_ID=gene-LOC111814146_0;coverage=0.998;extra_copy_number=0;gbkey=Gene;gene=LOC111814146;gene_biotype=protein_coding;sequence_ID=0.993;valid_ORFs=1
chrX	Liftoff	gene	197226997	197231332	.	-	.	ID=gene-Tuba1c-l1;Dbxref=GeneID:101591903;Name=Tuba1c-l1;origin=rename;copy_num_ID=gene-LOC101591903_0;coverage=1.0;extra_copy_number=0;gbkey=Gene;gene=LOC101591903;gene_biotype=protein_coding;sequence_ID=0.996;valid_ORFs=1
chrX	Liftoff	gene	197573837	197598569	.	-	.	ID=gene-Znf709-l13;Dbxref=GeneID:101560854;Name=Znf709-l13;origin=rename;copy_num_ID=gene-LOC101560854_0;coverage=0.999;extra_copy_number=0;gbkey=Gene;gene=LOC101560854;gene_biotype=protein_coding;sequence_ID=0.998;valid_ORFs=2
chr1	Liftoff	gene	81630	83014	.	-	.	ID=gene-Haus4-l1;Dbxref=GeneID:101568028;Name=Haus4-l1;origin=rename;copy_num_ID=gene-LOC101568028_0;coverage=1.0;extra_copy_number=0;gbkey=Gene;gene=LOC101568028;gene_biotype=protein_coding;sequence_ID=0.999;valid_ORFs=1
chr1	Liftoff	gene	279196	285748	.	-	.	ID=gene-Polr1has;Dbxref=GeneID:101569615;Name=Polr1has;origin=rename;copy_num_ID=gene-LOC101569615_0;coverage=1.0;extra_copy_number=0;gbkey=Gene;gene=LOC101569615;gene_biotype=protein_coding;sequence_ID=1.0;valid_ORFs=1
chr1	Liftoff	gene	515031	515674	.	+	.	ID=gene-Grb2-l1;Dbxref=GeneID:101563936;Name=Grb2-l1;origin=rename;copy_num_ID=gene-LOC101563936_0;coverage=1.0;extra_copy_number=0;gbkey=Gene;gene=LOC101563936;gene_biotype=protein_coding;sequence_ID=0.999;valid_ORFs=2
chr1	Liftoff	gene	628671	640103	.	+	.	ID=gene-Trim39;Dbxref=GeneID:101591824;Name=Trim39;origin=rename;copy_num_ID=gene-LOC101591824_0;coverage=1.0;extra_copy_number=0;gbkey=Gene;gene=LOC101591824;gene_biotype=protein_coding;sequence_ID=0.998;valid_ORFs=3
chr1	Liftoff	gene	1788136	1794222	.	+	.	ID=gene-Prrc2a;Dbxref=GeneID:111818433;Name=Prrc2a;origin=rename;copy_num_ID=gene-LOC111818433_0;coverage=0.947;extra_copy_number=0;gbkey=Gene;gene=LOC111818433;gene_biotype=protein_coding;sequence_ID=0.947;valid_ORFs=0
chr1	Liftoff	gene	2004566	2006822	.	+	.	ID=gene-Hspa1b;Dbxref=GeneID:101571660;Name=Hspa1b;origin=rename;copy_num_ID=gene-LOC101571660_0;coverage=1.0;extra_copy_number=0;gbkey=Gene;gene=LOC101571660;gene_biotype=protein_coding;sequence_ID=0.998;valid_ORFs=1
chr1	Liftoff	gene	2157419	2170570	.	+	.	ID=gene-C4b;Dbxref=GeneID:101566596;Name=C4b;origin=rename;copy_num_ID=gene-LOC101566596_0;coverage=1.0;extra_copy_number=0;gbkey=Gene;gene=LOC101566596;gene_biotype=protein_coding;sequence_ID=0.999;valid_ORFs=1
chr1	Liftoff	gene	2173204	2175997	.	+	.	ID=gene-Cyp21a2;Dbxref=GeneID:101567669;Name=Cyp21a2;origin=rename;copy_num_ID=gene-LOC101567669_0;coverage=1.0;extra_copy_number=0;gbkey=Gene;gene=LOC101567669;gene_biotype=protein_coding;sequence_ID=0.999;valid_ORFs=1
chr1	Liftoff	gene	2175559	2225650	.	-	.	ID=gene-Tnxb;Dbxref=GeneID:101567264;Name=Tnxb;origin=rename;copy_num_ID=gene-LOC101567264_0;coverage=0.999;extra_copy_number=0;gbkey=Gene;gene=LOC101567264;gene_biotype=protein_coding;sequence_ID=0.912;valid_ORFs=8
chr1	Liftoff	gene	2225478	2244619	.	-	.	ID=gene-Tnxb-l1;Dbxref=GeneID:111818426;Name=Tnxb-l1;origin=rename;copy_num_ID=gene-LOC111818426_0;coverage=1.0;extra_copy_number=0;gbkey=Gene;gene=LOC111818426;gene_biotype=protein_coding;sequence_ID=0.998;valid_ORFs=1
chr1	Liftoff	gene	2444943	2473802	.	-	.	ID=gene-Tsbp1;Dbxref=GeneID:105742824;Name=Tsbp1;origin=rename;copy_num_ID=gene-LOC105742824_0;coverage=0.430;extra_copy_number=0;gbkey=Gene;gene=LOC105742824;gene_biotype=protein_coding;low_identity=True;partial_mapping=True;sequence_ID=0.430;valid_ORFs=0
chr1	Liftoff	gene	2664593	2685469	.	+	.	ID=gene-Mamu-dra;Dbxref=GeneID:101559862;Name=Mamu-dra;origin=rename;copy_num_ID=gene-LOC101559862_0;coverage=0.999;extra_copy_number=0;gbkey=Gene;gene=LOC101559862;gene_biotype=protein_coding;sequence_ID=0.994;valid_ORFs=1
chr1	Liftoff	gene	2698714	2720825	.	-	.	ID=gene-Hla-drb1;Dbxref=GeneID:101565277;Name=Hla-drb1;origin=rename;copy_num_ID=gene-LOC101565277_0;coverage=1.0;extra_copy_number=0;gbkey=Gene;gene=LOC101565277;gene_biotype=protein_coding;sequence_ID=0.992;valid_ORFs=1
chr1	Liftoff	gene	2757207	2772333	.	-	.	ID=gene-Hla-drb3;Dbxref=GeneID:101563702;Name=Hla-drb3;origin=rename;copy_num_ID=gene-LOC101563702_0;coverage=0.999;extra_copy_number=0;gbkey=Gene;gene=LOC101563702;gene_biotype=protein_coding;sequence_ID=0.988;valid_ORFs=3
chr1	Liftoff	gene	2782815	2819976	.	-	.	ID=gene-Hla-drb5;Dbxref=GeneID:101562509;Name=Hla-drb5;origin=rename;copy_num_ID=gene-LOC101562509_0;coverage=1.0;extra_copy_number=0;gbkey=Gene;gene=LOC101562509;gene_biotype=protein_coding;sequence_ID=0.995;valid_ORFs=1
chr1	Liftoff	gene	2921968	2947045	.	+	.	ID=gene-H2-aa;Dbxref=GeneID:101593233;Name=H2-aa;origin=rename;copy_num_ID=gene-LOC101593233_0;coverage=0.999;extra_copy_number=0;gbkey=Gene;gene=LOC101593233;gene_biotype=protein_coding;sequence_ID=0.939;valid_ORFs=2
chr1	Liftoff	gene	2953434	2960287	.	-	.	ID=gene-Hla-dqb2;Dbxref=GeneID:101559737;Name=Hla-dqb2;origin=rename;copy_num_ID=gene-LOC101559737_0;coverage=0.997;extra_copy_number=0;gbkey=Gene;gene=LOC101559737;gene_biotype=protein_coding;sequence_ID=0.976;valid_ORFs=0
chr1	Liftoff	gene	3175546	3181805	.	-	.	ID=gene-Hla-dmb;Dbxref=GeneID:101592349;Name=Hla-dmb;origin=rename;copy_num_ID=gene-LOC101592349_0;coverage=1.0;extra_copy_number=0;gbkey=Gene;gene=LOC101592349;gene_biotype=protein_coding;sequence_ID=1.0;valid_ORFs=1
chr1	Liftoff	gene	3189566	3192809	.	-	.	ID=gene-Hla-dma;Dbxref=GeneID:101591959;Name=Hla-dma;origin=rename;copy_num_ID=gene-LOC101591959_0;coverage=1.0;extra_copy_number=0;gbkey=Gene;gene=LOC101591959;gene_biotype=protein_coding;sequence_ID=1.0;valid_ORFs=1
chr1	Liftoff	gene	3236617	3239989	.	-	.	ID=gene-Hla-doa;Dbxref=GeneID:101591570;Name=Hla-doa;origin=rename;copy_num_ID=gene-LOC101591570_0;coverage=0.999;extra_copy_number=0;gbkey=Gene;gene=LOC101591570;gene_biotype=protein_coding;sequence_ID=0.993;valid_ORFs=1
chr1	Liftoff	gene	3309758	3317912	.	+	.	ID=gene-Hla-dpb1;Dbxref=GeneID:101590770;Name=Hla-dpb1;origin=rename;copy_num_ID=gene-LOC101590770_0;coverage=0.885;extra_copy_number=0;gbkey=Gene;gene=LOC101590770;gene_biotype=protein_coding;sequence_ID=0.851;valid_ORFs=0
chr1	Liftoff	gene	3389913	3401439	.	+	.	ID=gene-Hla-dpb1-l1;Dbxref=GeneID:101589191;Name=Hla-dpb1-l1;origin=rename;copy_num_ID=gene-LOC101589191_0;coverage=1.0;extra_copy_number=0;gbkey=Gene;gene=LOC101589191;gene_biotype=protein_coding;sequence_ID=0.991;valid_ORFs=1
chr1	Liftoff	gene	3615788	3618816	.	-	.	ID=gene-F8a1;Dbxref=GeneID:101588401;Name=F8a1;origin=rename;copy_num_ID=gene-LOC101588401_0;coverage=0.992;extra_copy_number=0;gbkey=Gene;gene=LOC101588401;gene_biotype=protein_coding;partial=true;sequence_ID=0.983;start_range=.,30955962;valid_ORFs=0
chr1	Liftoff	gene	3858278	3871067	.	-	.	ID=gene-Uqcc2;Dbxref=GeneID:101581326;Name=Uqcc2;origin=rename;copy_num_ID=gene-LOC101581326_0;coverage=1.0;extra_copy_number=0;gbkey=Gene;gene=LOC101581326;gene_biotype=protein_coding;sequence_ID=0.995;valid_ORFs=1
chr1	Liftoff	gene	4228956	4235631	.	-	.	ID=gene-Smim29;Dbxref=GeneID:101585239;Name=Smim29;origin=rename;copy_num_ID=gene-LOC101585239_0;coverage=1.0;extra_copy_number=0;gbkey=Gene;gene=LOC101585239;gene_biotype=protein_coding;sequence_ID=0.997;valid_ORFs=4
chr1	Liftoff	gene	4250156	4349658	.	-	.	ID=gene-Nudt3;Dbxref=GeneID:105740832;Name=Nudt3;origin=rename;copy_num_ID=gene-LOC105740832_0;coverage=1.0;extra_copy_number=0;gbkey=Gene;gene=LOC105740832;gene_biotype=protein_coding;sequence_ID=1.0;valid_ORFs=1
chr1	Liftoff	gene	4977768	4983524	.	+	.	ID=gene-Ccdc167-l1;Dbxref=GeneID:101572709;Name=Ccdc167-l1;origin=rename;copy_num_ID=gene-LOC101572709_0;coverage=1.0;extra_copy_number=0;gbkey=Gene;gene=LOC101572709;gene_biotype=protein_coding;sequence_ID=1.0;valid_ORFs=3
chr1	Liftoff	gene	6168019	6173102	.	+	.	ID=gene-Kcnk16;Dbxref=GeneID:101563842;Name=Kcnk16;origin=rename;copy_num_ID=gene-LOC101563842_0;coverage=1.0;extra_copy_number=0;gbkey=Gene;gene=LOC101563842;gene_biotype=protein_coding;sequence_ID=0.998;valid_ORFs=1
chr1	Liftoff	gene	10032708	10037443	.	-	.	ID=gene-Cd300ld-l1;Dbxref=GeneID:101572584;Name=Cd300ld-l1;origin=rename;copy_num_ID=gene-LOC101572584_0;coverage=1.0;extra_copy_number=0;gbkey=Gene;gene=LOC101572584;gene_biotype=protein_coding;sequence_ID=1.0;valid_ORFs=2
chr1	AUGUSTUS	gene	10098400	10110184	.	-	.	ID=gene-Treml4;Name=Treml4;origin=replace
chr1	Liftoff	gene	10164886	10166703	.	+	.	ID=gene-Ncr2;Dbxref=GeneID:111818292;Name=Ncr2;origin=rename;copy_num_ID=gene-LOC111818292_0;coverage=1.0;extra_copy_number=0;gbkey=Gene;gene=LOC111818292;gene_biotype=protein_coding;sequence_ID=0.994;valid_ORFs=1
chr1	Liftoff	gene	11304056	11307174	.	+	.	ID=gene-Gnmt;Dbxref=GeneID:101577076;Name=Gnmt;origin=rename;copy_num_ID=gene-LOC101577076_0;coverage=1.0;extra_copy_number=0;gbkey=Gene;gene=LOC101577076;gene_biotype=protein_coding;sequence_ID=0.998;valid_ORFs=1
chr1	Liftoff	gene	11346184	11349411	.	+	.	ID=gene-Ppp2r5d;Dbxref=GeneID:111814975;Name=Ppp2r5d;origin=rename;copy_num_ID=gene-LOC111814975_0;coverage=1.0;extra_copy_number=0;gbkey=Gene;gene=LOC111814975;gene_biotype=protein_coding;sequence_ID=0.999;valid_ORFs=1
chr1	Liftoff	gene	13576731	13650462	.	-	.	ID=gene-Clic5;Dbxref=GeneID:101592847;Name=Clic5;origin=rename;copy_num_ID=gene-LOC101592847_0;coverage=0.998;extra_copy_number=0;gbkey=Gene;gene=LOC101592847;gene_biotype=protein_coding;sequence_ID=0.994;valid_ORFs=1
chr1	Liftoff	gene	14007817	14066994	.	-	.	ID=gene-Cyp39a1;Dbxref=GeneID:101592465;Name=Cyp39a1;origin=rename;copy_num_ID=gene-LOC101592465_0;coverage=1.0;extra_copy_number=0;gbkey=Gene;gene=LOC101592465;gene_biotype=protein_coding;sequence_ID=0.997;valid_ORFs=2
chr1	Liftoff	gene	14393020	14393692	.	+	.	ID=gene-Ndufb10;Dbxref=GeneID:101559982;Name=Ndufb10;origin=rename;copy_num_ID=gene-LOC101559982_0;coverage=1.0;extra_copy_number=0;gbkey=Gene;gene=LOC101559982;gene_biotype=protein_coding;sequence_ID=0.998;valid_ORFs=1
chr1	Liftoff	gene	19841449	19861850	.	-	.	ID=gene-Vdac2;Dbxref=GeneID:101576673;Name=Vdac2;origin=rename;copy_num_ID=gene-LOC101576673_0;coverage=1.0;extra_copy_number=0;gbkey=Gene;gene=LOC101576673;gene_biotype=protein_coding;sequence_ID=0.998;valid_ORFs=1
chr1	Liftoff	gene	24597722	24615900	.	+	.	ID=gene-Aifm2;Dbxref=GeneID:101585098;Name=Aifm2;origin=rename;copy_num_ID=gene-LOC101585098_0;coverage=1.0;extra_copy_number=0;gbkey=Gene;gene=LOC101585098;gene_biotype=protein_coding;sequence_ID=1.0;valid_ORFs=2
chr1	Liftoff	gene	24616611	24678518	.	-	.	ID=gene-Macroh2a2;Dbxref=GeneID:101584453;Name=Macroh2a2;origin=rename;copy_num_ID=gene-LOC101584453_0;coverage=1.0;extra_copy_number=0;gbkey=Gene;gene=LOC101584453;gene_biotype=protein_coding;sequence_ID=0.998;valid_ORFs=1
chr1	Liftoff	gene	29319824	29320796	.	-	.	ID=gene-Dnajc8-l1;Dbxref=GeneID:101574960;Name=Dnajc8-l1;origin=rename;copy_num_ID=gene-LOC101574960_0;coverage=1.0;extra_copy_number=0;gbkey=Gene;gene=LOC101574960;gene_biotype=protein_coding;sequence_ID=0.995;valid_ORFs=1
chr1	Liftoff	gene	35069225	35069761	.	-	.	ID=gene-Pemt-l1;Dbxref=GeneID:101579285;Name=Pemt-l1;origin=rename;copy_num_ID=gene-LOC101579285_0;coverage=1.0;extra_copy_number=0;gbkey=Gene;gene=LOC101579285;gene_biotype=protein_coding;sequence_ID=1.0;valid_ORFs=2
chr1	Liftoff	gene	36708911	36717214	.	-	.	ID=gene-Ifit1-l1;Dbxref=GeneID:101572532;Name=Ifit1-l1;origin=rename;copy_num_ID=gene-LOC101572532_0;coverage=1.0;extra_copy_number=0;gbkey=Gene;gene=LOC101572532;gene_biotype=protein_coding;sequence_ID=0.998;valid_ORFs=1
chr1	Liftoff	gene	36810603	36812723	.	-	.	ID=gene-Ifit1-l2;Dbxref=GeneID:101571342;Name=Ifit1-l2;origin=rename;copy_num_ID=gene-LOC101571342_0;coverage=1.0;extra_copy_number=0;gbkey=Gene;gene=LOC101571342;gene_biotype=protein_coding;sequence_ID=0.996;valid_ORFs=1
chr1	Liftoff	gene	36842523	36925436	.	-	.	ID=gene-Ifit1b;Dbxref=GeneID:101570939;Name=Ifit1b;origin=rename;copy_num_ID=gene-LOC101570939_0;coverage=1.0;extra_copy_number=0;gbkey=Gene;gene=LOC101570939;gene_biotype=protein_coding;sequence_ID=0.997;valid_ORFs=2
chr1	Liftoff	gene	36994418	37009394	.	+	.	ID=gene-Ifit1;Dbxref=GeneID:101568551;Name=Ifit1;origin=rename;copy_num_ID=gene-LOC101568551_0;coverage=1.0;extra_copy_number=0;gbkey=Gene;gene=LOC101568551;gene_biotype=protein_coding;sequence_ID=0.998;valid_ORFs=1
chr1	Liftoff	gene	37057104	37065406	.	+	.	ID=gene-Ifit1-l3;Dbxref=GeneID:101567751;Name=Ifit1-l3;origin=rename;copy_num_ID=gene-LOC101567751_0;coverage=1.0;extra_copy_number=0;gbkey=Gene;gene=LOC101567751;gene_biotype=protein_coding;sequence_ID=0.998;valid_ORFs=1
chr1	Liftoff	gene	37267952	37326461	.	-	.	ID=gene-Pank1;Dbxref=GeneID:101569450;Name=Pank1;origin=rename;copy_num_ID=gene-LOC101569450_0;coverage=0.999;extra_copy_number=0;gbkey=Gene;gene=LOC101569450;gene_biotype=protein_coding;sequence_ID=0.998;valid_ORFs=1
chr1	Liftoff	gene	37333284	37334100	.	+	.	ID=gene-Arl2-l1;Dbxref=GeneID:101568822;Name=Arl2-l1;origin=rename;copy_num_ID=gene-LOC101568822_0;coverage=1.0;extra_copy_number=0;gbkey=Gene;gene=LOC101568822;gene_biotype=protein_coding;sequence_ID=0.997;valid_ORFs=1
chr1	Liftoff	gene	37392186	37412285	.	-	.	ID=gene-Jrk-l1;Dbxref=GeneID:101566154;Name=Jrk-l1;origin=rename;copy_num_ID=gene-LOC101566154_0;coverage=1.0;extra_copy_number=0;gbkey=Gene;gene=LOC101566154;gene_biotype=protein_coding;sequence_ID=0.997;valid_ORFs=3
chr1	Liftoff	gene	41079677	41087992	.	+	.	ID=gene-Cyp26c1;Dbxref=GeneID:101589534;Name=Cyp26c1;origin=rename;copy_num_ID=gene-LOC101589534_0;coverage=1.0;extra_copy_number=0;gbkey=Gene;gene=LOC101589534;gene_biotype=protein_coding;sequence_ID=1.0;valid_ORFs=1
chr1	Liftoff	gene	41091138	41096398	.	+	.	ID=gene-Cyp26a1;Dbxref=GeneID:101589142;Name=Cyp26a1;origin=rename;copy_num_ID=gene-LOC101589142_0;coverage=1.0;extra_copy_number=0;gbkey=Gene;gene=LOC101589142;gene_biotype=protein_coding;sequence_ID=0.999;valid_ORFs=3
chr1	Liftoff	gene	46739975	46746045	.	-	.	ID=gene-Clic1-l1;Dbxref=GeneID:101579825;Name=Clic1-l1;origin=rename;copy_num_ID=gene-LOC101579825_0;coverage=1.0;extra_copy_number=0;gbkey=Gene;gene=LOC101579825;gene_biotype=protein_coding;sequence_ID=1.0;valid_ORFs=1
chr1	Liftoff	gene	47021743	47022901	.	-	.	ID=gene-Pyurf-l1;Dbxref=GeneID:101578241;Name=Pyurf-l1;origin=rename;copy_num_ID=gene-LOC101578241_0;coverage=1.0;extra_copy_number=0;gbkey=Gene;gene=LOC101578241;gene_biotype=protein_coding;sequence_ID=0.997;valid_ORFs=1
chr1	Liftoff	gene	52018856	52020473	.	-	.	ID=gene-Gnai2-l1;Dbxref=GeneID:101583094;Name=Gnai2-l1;origin=rename;copy_num_ID=gene-LOC101583094_0;coverage=0.999;extra_copy_number=0;gbkey=Gene;gene=LOC101583094;gene_biotype=protein_coding;sequence_ID=0.998;valid_ORFs=1
chr1	Liftoff	gene	53484447	53490435	.	-	.	ID=gene-Aqp12;Dbxref=GeneID:101589437;Name=Aqp12;origin=rename;copy_num_ID=gene-LOC101589437_0;coverage=1.0;extra_copy_number=0;gbkey=Gene;gene=LOC101589437;gene_biotype=protein_coding;sequence_ID=0.998;valid_ORFs=2
chr1	Liftoff	gene	56227057	56228378	.	+	.	ID=gene-Chmp5-l1;Dbxref=GeneID:101572692;Name=Chmp5-l1;origin=rename;copy_num_ID=gene-LOC101572692_0;coverage=1.0;extra_copy_number=0;gbkey=Gene;gene=LOC101572692;gene_biotype=protein_coding;sequence_ID=1.0;valid_ORFs=1
chr1	Liftoff	gene	58615279	58814379	.	-	.	ID=gene-Ugt1a1;Dbxref=GeneID:101575991;Name=Ugt1a1;origin=rename;copy_num_ID=gene-LOC101575991_0;coverage=1.0;extra_copy_number=0;gbkey=Gene;gene=LOC101575991;gene_biotype=protein_coding;sequence_ID=0.999;valid_ORFs=8
chr1	Liftoff	gene	58661516	58667959	.	-	.	ID=gene-Ugt1a2;Dbxref=GeneID:105742983;Name=Ugt1a2;origin=rename;copy_num_ID=gene-LOC105742983_0;coverage=0.996;extra_copy_number=0;gbkey=Gene;gene=LOC105742983;gene_biotype=protein_coding;sequence_ID=0.994;valid_ORFs=1
chr1	Liftoff	gene	58683702	58684622	.	-	.	ID=gene-Ugt1a2-l1;Dbxref=GeneID:101575602;Name=Ugt1a2-l1;origin=rename;copy_num_ID=gene-LOC101575602_0;coverage=1.0;extra_copy_number=0;gbkey=Gene;gene=LOC101575602;gene_biotype=protein_coding;sequence_ID=0.998;valid_ORFs=1
chr1	Liftoff	gene	58852516	58853451	.	-	.	ID=gene-Ugt1a9;Dbxref=GeneID:101573227;Name=Ugt1a9;origin=rename;copy_num_ID=gene-LOC101573227_0;coverage=1.0;extra_copy_number=0;gbkey=Gene;gene=LOC101573227;gene_biotype=protein_coding;sequence_ID=0.998;valid_ORFs=1
chr1	Liftoff	gene	58997552	58998436	.	-	.	ID=gene-Ugt1a7;Dbxref=GeneID:101570441;Name=Ugt1a7;origin=rename;copy_num_ID=gene-LOC101570441_0;coverage=1.0;extra_copy_number=0;gbkey=Gene;gene=LOC101570441;gene_biotype=protein_coding;sequence_ID=0.998;valid_ORFs=1
chr1	Liftoff	gene	59932383	59935238	.	-	.	ID=gene-Iap;Dbxref=GeneID:101566853;Name=Iap;origin=rename;copy_num_ID=gene-LOC101566853_0;coverage=1.0;extra_copy_number=0;gbkey=Gene;gene=LOC101566853;gene_biotype=protein_coding;sequence_ID=1.0;valid_ORFs=1
chr1	Liftoff	gene	59955844	59966287	.	+	.	ID=gene-Alpi;Dbxref=GeneID:101566452;Name=Alpi;origin=rename;copy_num_ID=gene-LOC101566452_0;coverage=1.0;extra_copy_number=0;gbkey=Gene;gene=LOC101566452;gene_biotype=protein_coding;sequence_ID=0.995;valid_ORFs=1
chr1	Liftoff	gene	59972871	59983292	.	-	.	ID=gene-Alpi-l1;Dbxref=GeneID:101566056;Name=Alpi-l1;origin=rename;copy_num_ID=gene-LOC101566056_0;coverage=0.992;extra_copy_number=0;gbkey=Gene;gene=LOC101566056;gene_biotype=protein_coding;sequence_ID=0.989;valid_ORFs=1
chr1	Liftoff	gene	61304181	61329500	.	+	.	ID=gene-Sp100-l1;Dbxref=GeneID:111818378;Name=Sp100-l1;origin=rename;copy_num_ID=gene-LOC111818378_0;coverage=1.0;extra_copy_number=0;gbkey=Gene;gene=LOC111818378;gene_biotype=protein_coding;sequence_ID=0.997;valid_ORFs=1
chr1	Liftoff	gene	61448127	61510962	.	-	.	ID=gene-Sp140;Dbxref=GeneID:101559712;Name=Sp140;origin=rename;copy_num_ID=gene-LOC101559712_0;coverage=1.0;extra_copy_number=0;gbkey=Gene;gene=LOC101559712;gene_biotype=protein_coding;sequence_ID=0.999;valid_ORFs=1
chr1	Liftoff	gene	61516579	61548518	.	+	.	ID=gene-Sp110;Dbxref=GeneID:101593092;Name=Sp110;origin=rename;copy_num_ID=gene-LOC101593092_0;coverage=1.0;extra_copy_number=0;gbkey=Gene;gene=LOC101593092;gene_biotype=protein_coding;sequence_ID=0.997;valid_ORFs=5
chr1	Liftoff	gene	61583945	61586096	.	-	.	ID=gene-Csprs;Dbxref=GeneID:101592703;Name=Csprs;origin=rename;copy_num_ID=gene-LOC101592703_0;coverage=1.0;extra_copy_number=0;gbkey=Gene;gene=LOC101592703;gene_biotype=protein_coding;sequence_ID=0.998;valid_ORFs=1
chr1	Liftoff	gene	69819257	69821571	.	-	.	ID=gene-Yy1;Dbxref=GeneID:101592965;Name=Yy1;origin=rename;copy_num_ID=gene-LOC101592965_0;coverage=0.983;extra_copy_number=0;gbkey=Gene;gene=LOC101592965;gene_biotype=protein_coding;sequence_ID=0.966;valid_ORFs=1
chr1	Liftoff	gene	73078565	73084983	.	-	.	ID=gene-Cyp27a1;Dbxref=GeneID:101576793;Name=Cyp27a1;origin=rename;copy_num_ID=gene-LOC101576793_0;coverage=1.0;extra_copy_number=0;gbkey=Gene;gene=LOC101576793;gene_biotype=protein_coding;sequence_ID=0.998;valid_ORFs=1
chr1	Liftoff	gene	73278010	73285051	.	-	.	ID=gene-Bcs1l;Dbxref=GeneID:101578679;Name=Bcs1l;origin=rename;copy_num_ID=gene-LOC101578679_0;coverage=0.999;extra_copy_number=0;gbkey=Gene;gene=LOC101578679;gene_biotype=protein_coding;sequence_ID=0.999;valid_ORFs=6
chr1	AUGUSTUS	gene	73574713	73652155	.	-	.	ID=gene-Pnkd;Name=Pnkd;origin=replace
chr1	Liftoff	gene	73821739	73827814	.	-	.	ID=gene-Cxcr2;Dbxref=GeneID:101582369;Name=Cxcr2;origin=rename;copy_num_ID=gene-LOC101582369_0;coverage=0.999;extra_copy_number=0;gbkey=Gene;gene=LOC101582369;gene_biotype=protein_coding;sequence_ID=0.998;valid_ORFs=2
chr1	Liftoff	gene	75973113	75976762	.	+	.	ID=gene-Trappc2-l1;Dbxref=GeneID:101587499;Name=Trappc2-l1;origin=rename;copy_num_ID=gene-LOC101587499_0;coverage=1.0;extra_copy_number=0;gbkey=Gene;gene=LOC101587499;gene_biotype=protein_coding;sequence_ID=1.0;valid_ORFs=1
chr1	Liftoff	gene	76254665	76274233	.	+	.	ID=gene-Mreg-l1;Dbxref=GeneID:101570338;Name=Mreg-l1;origin=rename;copy_num_ID=gene-LOC101570338_0;coverage=1.0;extra_copy_number=0;gbkey=Gene;gene=LOC101570338;gene_biotype=protein_coding;sequence_ID=0.999;valid_ORFs=1
chr1	Liftoff	gene	76449141	76451191	.	-	.	ID=gene-Ugp2-l1;Dbxref=GeneID:101576703;Name=Ugp2-l1;origin=rename;copy_num_ID=gene-LOC101576703_0;coverage=1.0;extra_copy_number=0;gbkey=Gene;gene=LOC101576703;gene_biotype=protein_coding;sequence_ID=0.995;valid_ORFs=1
chr1	Liftoff	gene	76907238	76908189	.	+	.	ID=gene-Hnrnpl-l1;Dbxref=GeneID:101575774;Name=Hnrnpl-l1;origin=rename;copy_num_ID=gene-LOC101575774_0;coverage=1.0;extra_copy_number=0;gbkey=Gene;gene=LOC101575774;gene_biotype=protein_coding;sequence_ID=0.994;valid_ORFs=1
chr1	Liftoff	gene	77757786	77758838	.	-	.	ID=gene-Pcmt1-l1;Dbxref=GeneID:101574317;Name=Pcmt1-l1;origin=rename;copy_num_ID=gene-LOC101574317_0;coverage=1.0;extra_copy_number=0;gbkey=Gene;gene=LOC101574317;gene_biotype=protein_coding;sequence_ID=0.996;valid_ORFs=1
chr1	Liftoff	gene	79764811	79766064	.	-	.	ID=gene-Pced1a-l1;Dbxref=GeneID:101575517;Name=Pced1a-l1;origin=rename;copy_num_ID=gene-LOC101575517_0;coverage=1.0;extra_copy_number=0;gbkey=Gene;gene=LOC101575517;gene_biotype=protein_coding;sequence_ID=0.997;valid_ORFs=1
chr1	Liftoff	gene	84805981	84808620	.	+	.	ID=gene-Cryga;Dbxref=GeneID:101590542;Name=Cryga;origin=rename;copy_num_ID=gene-LOC101590542_0;coverage=1.0;extra_copy_number=0;gbkey=Gene;gene=LOC101590542;gene_biotype=protein_coding;sequence_ID=0.998;valid_ORFs=3
chr1	Liftoff	gene	84927261	84933586	.	+	.	ID=gene-Trappc2-l2;Dbxref=GeneID:101592872;Name=Trappc2-l2;origin=rename;copy_num_ID=gene-LOC101592872_0;coverage=1.0;extra_copy_number=0;gbkey=Gene;gene=LOC101592872;gene_biotype=protein_coding;sequence_ID=0.998;valid_ORFs=2
chr1	Liftoff	gene	84958161	84959787	.	+	.	ID=gene-Tnfaip8-l1;Dbxref=GeneID:101593260;Name=Tnfaip8-l1;origin=rename;copy_num_ID=gene-LOC101593260_0;coverage=1.0;extra_copy_number=0;gbkey=Gene;gene=LOC101593260;gene_biotype=protein_coding;sequence_ID=0.998;valid_ORFs=1
chr1	Liftoff	gene	85254664	85339882	.	-	.	ID=gene-Rps27l;Dbxref=GeneID:105741593;Name=Rps27l;origin=rename;copy_num_ID=gene-LOC105741593_0;coverage=1.0;extra_copy_number=0;gbkey=Gene;gene=LOC105741593;gene_biotype=protein_coding;sequence_ID=0.996;valid_ORFs=1
chr1	Liftoff	gene	90306717	90364532	.	-	.	ID=gene-Cyp20a1;Dbxref=GeneID:101560675;Name=Cyp20a1;origin=rename;copy_num_ID=gene-LOC101560675_0;coverage=1.0;extra_copy_number=0;gbkey=Gene;gene=LOC101560675;gene_biotype=protein_coding;sequence_ID=1.0;valid_ORFs=1
chr1	Liftoff	gene	92571884	92625594	.	-	.	ID=gene-Cyp2j2-l1;Dbxref=GeneID:101568222;Name=Cyp2j2-l1;origin=rename;copy_num_ID=gene-LOC101568222_0;coverage=1.0;extra_copy_number=0;gbkey=Gene;gene=LOC101568222;gene_biotype=protein_coding;sequence_ID=0.995;valid_ORFs=1
chr1	Liftoff	gene	92682935	92769185	.	+	.	ID=gene-Cyp2j2;Dbxref=GeneID:101568624;Name=Cyp2j2;origin=rename;copy_num_ID=gene-LOC101568624_0;coverage=1.0;extra_copy_number=0;gbkey=Gene;gene=LOC101568624;gene_biotype=protein_coding;sequence_ID=0.993;valid_ORFs=1
chr1	Liftoff	gene	92957779	92958045	.	+	.	ID=gene-Rps27-l1;Dbxref=GeneID:105741301;Name=Rps27-l1;origin=rename;copy_num_ID=gene-LOC105741301_0;coverage=1.0;extra_copy_number=0;gbkey=Gene;gene=LOC105741301;gene_biotype=protein_coding;sequence_ID=0.988;valid_ORFs=1
chr1	Liftoff	gene	97983515	97993148	.	+	.	ID=gene-Pgbd4;Dbxref=GeneID:111815426;Name=Pgbd4;origin=rename;copy_num_ID=gene-LOC111815426_0;coverage=1.0;extra_copy_number=0;gbkey=Gene;gene=LOC111815426;gene_biotype=protein_coding;sequence_ID=0.996;valid_ORFs=2
chr1	Liftoff	gene	98001140	98017520	.	-	.	ID=gene-Cyp2u1;Dbxref=GeneID:101580159;Name=Cyp2u1;origin=rename;copy_num_ID=gene-LOC101580159_0;coverage=1.0;extra_copy_number=0;gbkey=Gene;gene=LOC101580159;gene_biotype=protein_coding;sequence_ID=0.987;valid_ORFs=1
chr1	AUGUSTUS	gene	103360888	103448220	.	-	.	ID=gene-Nfkb1;Name=Nfkb1;origin=replace
chr1	Liftoff	gene	103952476	103953399	.	-	.	ID=gene-Tsg101;Dbxref=GeneID:105743878;Name=Tsg101;origin=rename;copy_num_ID=gene-LOC105743878_0;coverage=1.0;extra_copy_number=0;gbkey=Gene;gene=LOC105743878;gene_biotype=protein_coding;sequence_ID=0.993;valid_ORFs=1
chr1	Liftoff	gene	105806721	105808244	.	+	.	ID=gene-H2az1;Dbxref=GeneID:101573818;Name=H2az1;origin=rename;copy_num_ID=gene-LOC101573818_0;coverage=1.0;extra_copy_number=0;gbkey=Gene;gene=LOC101573818;gene_biotype=protein_coding;partial=true;sequence_ID=1.0;start_range=.,1057344;valid_ORFs=0
chr1	Liftoff	gene	106038366	106055920	.	+	.	ID=gene-C4orf54;Dbxref=GeneID:111813321;Name=C4orf54;origin=rename;copy_num_ID=gene-LOC111813321_0;coverage=0.999;extra_copy_number=0;gbkey=Gene;gene=LOC111813321;gene_biotype=protein_coding;sequence_ID=0.996;valid_ORFs=7
chr1	Liftoff	gene	106560351	106587047	.	-	.	ID=gene-Adh7-l1;Dbxref=GeneID:105743881;Name=Adh7-l1;origin=rename;copy_num_ID=gene-LOC105743881_0;coverage=1.0;extra_copy_number=0;gbkey=Gene;gene=LOC105743881;gene_biotype=protein_coding;sequence_ID=0.998;valid_ORFs=1
chr1	Liftoff	gene	110662661	110730712	.	+	.	ID=gene-Herc5-l1;Dbxref=GeneID:101571594;Name=Herc5-l1;origin=rename;copy_num_ID=gene-LOC101571594_0;coverage=1.0;extra_copy_number=0;gbkey=Gene;gene=LOC101571594;gene_biotype=protein_coding;sequence_ID=0.998;valid_ORFs=1
chr1	Liftoff	gene	112099487	112101049	.	+	.	ID=gene-Ctage9;Dbxref=GeneID:101561405;Name=Ctage9;origin=rename;copy_num_ID=gene-LOC101561405_0;coverage=1.0;extra_copy_number=0;gbkey=Gene;gene=LOC101561405;gene_biotype=protein_coding;sequence_ID=0.994;valid_ORFs=1
chr1	Liftoff	gene	116864410	116865587	.	+	.	ID=gene-Eif5a-l1;Dbxref=GeneID:101592601;Name=Eif5a-l1;origin=rename;copy_num_ID=gene-LOC101592601_0;coverage=1.0;extra_copy_number=0;gbkey=Gene;gene=LOC101592601;gene_biotype=protein_coding;sequence_ID=0.993;valid_ORFs=1
chr1	Liftoff	gene	122150133	122151501	.	+	.	ID=gene-Cct7-l1;Dbxref=GeneID:101582363;Name=Cct7-l1;origin=rename;copy_num_ID=gene-LOC101582363_0;coverage=1.0;end_range=7890782,.;extra_copy_number=0;gbkey=Gene;gene=LOC101582363;gene_biotype=protein_coding;partial=true;sequence_ID=0.994;valid_ORFs=0
chr1	Liftoff	gene	122510170	122527123	.	-	.	ID=gene-Adh5;Dbxref=GeneID:101583574;Name=Adh5;origin=rename;copy_num_ID=gene-LOC101583574_0;coverage=1.0;extra_copy_number=0;gbkey=Gene;gene=LOC101583574;gene_biotype=protein_coding;sequence_ID=1.0;valid_ORFs=1
chr1	Liftoff	gene	122816438	122902514	.	-	.	ID=gene-Abcg2-l1;Dbxref=GeneID:101584716;Name=Abcg2-l1;origin=rename;copy_num_ID=gene-LOC101584716_0;coverage=0.955;extra_copy_number=0;gbkey=Gene;gene=LOC101584716;gene_biotype=protein_coding;sequence_ID=0.952;valid_ORFs=0
chr1	Liftoff	gene	123033053	123034615	.	-	.	ID=gene-Mia2-l1;Dbxref=GeneID:101586296;Name=Mia2-l1;origin=rename;copy_num_ID=gene-LOC101586296_0;coverage=1.0;extra_copy_number=0;gbkey=Gene;gene=LOC101586296;gene_biotype=protein_coding;sequence_ID=0.999;valid_ORFs=1
chr1	Liftoff	gene	123329387	123389052	.	+	.	ID=gene-Abcg2-l2;Dbxref=GeneID:101587879;Name=Abcg2-l2;origin=rename;copy_num_ID=gene-LOC101587879_0;coverage=0.964;extra_copy_number=0;gbkey=Gene;gene=LOC101587879;gene_biotype=protein_coding;sequence_ID=0.964;valid_ORFs=0
chr1	Liftoff	gene	123424440	123424997	.	+	.	ID=gene-Tbpl1-l1;Dbxref=GeneID:101572859;Name=Tbpl1-l1;origin=rename;copy_num_ID=gene-LOC101572859_0;coverage=1.0;extra_copy_number=0;gbkey=Gene;gene=LOC101572859;gene_biotype=protein_coding;sequence_ID=1.0;valid_ORFs=1
chr1	Liftoff	gene	126076045	126079138	.	-	.	ID=gene-Slc25a44-l1;Dbxref=GeneID:101589790;Name=Slc25a44-l1;origin=rename;copy_num_ID=gene-LOC101589790_0;coverage=1.0;extra_copy_number=0;gbkey=Gene;gene=LOC101589790;gene_biotype=protein_coding;sequence_ID=0.996;valid_ORFs=1
chr1	Liftoff	gene	133688108	133689299	.	+	.	ID=gene-Kpna2;Dbxref=GeneID:105741115;Name=Kpna2;origin=rename;copy_num_ID=gene-LOC105741115_0;coverage=0.981;end_range=1366331,.;extra_copy_number=0;gbkey=Gene;gene=LOC105741115;gene_biotype=protein_coding;partial=true;sequence_ID=0.933;valid_ORFs=0
chr1	Liftoff	gene	134952925	134989811	.	+	.	ID=gene-Vamp7-l1;Dbxref=GeneID:111813222;Name=Vamp7-l1;origin=rename;copy_num_ID=gene-LOC111813222_0;coverage=1.0;extra_copy_number=0;gbkey=Gene;gene=LOC111813222;gene_biotype=protein_coding;sequence_ID=1.0;valid_ORFs=3
chr1	Liftoff	gene	139328962	139330847	.	+	.	ID=gene-Psmd12-l1;Dbxref=GeneID:101588833;Name=Psmd12-l1;origin=rename;copy_num_ID=gene-LOC101588833_0;coverage=1.0;end_range=4512043,.;extra_copy_number=0;gbkey=Gene;gene=LOC101588833;gene_biotype=protein_coding;partial=true;sequence_ID=0.994;valid_ORFs=0
chr1	Liftoff	gene	140059189	140059901	.	+	.	ID=gene-Fxyd5-l1;Dbxref=GeneID:101590420;Name=Fxyd5-l1;origin=rename;copy_num_ID=gene-LOC101590420_0;coverage=1.0;extra_copy_number=0;gbkey=Gene;gene=LOC101590420;gene_biotype=protein_coding;sequence_ID=0.992;valid_ORFs=1
chr1	Liftoff	gene	142800660	142828901	.	-	.	ID=gene-Ces1d;Dbxref=GeneID:101584047;Name=Ces1d;origin=rename;copy_num_ID=gene-LOC101584047_0;coverage=1.0;extra_copy_number=0;gbkey=Gene;gene=LOC101584047;gene_biotype=protein_coding;sequence_ID=0.999;valid_ORFs=2
chr1	Liftoff	gene	143271656	143322675	.	-	.	ID=gene-Ces1;Dbxref=GeneID:101592553;Name=Ces1;origin=rename;copy_num_ID=gene-LOC101592553_0;coverage=1.0;extra_copy_number=0;gbkey=Gene;gene=LOC101592553;gene_biotype=protein_coding;sequence_ID=0.999;valid_ORFs=1
chr1	Liftoff	gene	143382129	143407441	.	-	.	ID=gene-Ces1-l1;Dbxref=GeneID:101592172;Name=Ces1-l1;origin=rename;copy_num_ID=gene-LOC101592172_0;coverage=1.0;extra_copy_number=0;gbkey=Gene;gene=LOC101592172;gene_biotype=protein_coding;sequence_ID=0.993;valid_ORFs=1
chr1	Liftoff	gene	143498930	143525816	.	-	.	ID=gene-Ces1d-l1;Dbxref=GeneID:101574576;Name=Ces1d-l1;origin=rename;copy_num_ID=gene-LOC101574576_0;coverage=1.0;extra_copy_number=0;gbkey=Gene;gene=LOC101574576;gene_biotype=protein_coding;sequence_ID=0.997;valid_ORFs=1
chr1	Liftoff	gene	144447368	144448100	.	+	.	ID=gene-Mt2a;Dbxref=GeneID:101576817;Name=Mt2a;origin=rename;copy_num_ID=gene-LOC101576817_0;coverage=1.0;extra_copy_number=0;gbkey=Gene;gene=LOC101576817;gene_biotype=protein_coding;sequence_ID=1.0;valid_ORFs=1
chr1	Liftoff	gene	144768490	144769571	.	-	.	ID=gene-Eef2kmt-l1;Dbxref=GeneID:101572332;Name=Eef2kmt-l1;origin=rename;copy_num_ID=gene-LOC101572332_0;coverage=1.0;extra_copy_number=0;gbkey=Gene;gene=LOC101572332;gene_biotype=protein_coding;sequence_ID=0.995;valid_ORFs=1
chr1	Liftoff	gene	155025732	155045071	.	+	.	ID=gene-Cklf;Dbxref=GeneID:101585909;Name=Cklf;origin=rename;copy_num_ID=gene-LOC101585909_0;coverage=1.0;extra_copy_number=0;gbkey=Gene;gene=LOC101585909;gene_biotype=protein_coding;sequence_ID=1.0;valid_ORFs=4
chr1	Liftoff	gene	156173022	156173553	.	+	.	ID=gene-Cox6a1;Dbxref=GeneID:101569401;Name=Cox6a1;origin=rename;copy_num_ID=gene-LOC101569401_0;coverage=1.0;extra_copy_number=0;gbkey=Gene;gene=LOC101569401;gene_biotype=protein_coding;sequence_ID=1.0;valid_ORFs=1
chr1	Liftoff	gene	156420313	156422094	.	-	.	ID=gene-Lamtor4-l1;Dbxref=GeneID:101565434;Name=Lamtor4-l1;origin=rename;copy_num_ID=gene-LOC101565434_0;coverage=1.0;extra_copy_number=0;gbkey=Gene;gene=LOC101565434;gene_biotype=protein_coding;sequence_ID=0.995;valid_ORFs=1
chr1	Liftoff	gene	156811245	156815584	.	-	.	ID=gene-Dpep3;Dbxref=GeneID:101580283;Name=Dpep3;origin=rename;copy_num_ID=gene-LOC101580283_0;coverage=1.0;extra_copy_number=0;gbkey=Gene;gene=LOC101580283;gene_biotype=protein_coding;sequence_ID=0.999;valid_ORFs=1
chr1	Liftoff	gene	156823573	156829013	.	-	.	ID=gene-Dpep2;Dbxref=GeneID:101579893;Name=Dpep2;origin=rename;copy_num_ID=gene-LOC101579893_0;coverage=1.0;extra_copy_number=0;gbkey=Gene;gene=LOC101579893;gene_biotype=protein_coding;sequence_ID=0.995;valid_ORFs=1
chr1	AUGUSTUS	gene	158164159	158207562	.	+	.	ID=gene-Utp4;Name=Utp4;origin=replace
chr1	Liftoff	gene	158480360	158519106	.	+	.	ID=gene-Cyb5b;Dbxref=GeneID:101582244;Name=Cyb5b;origin=rename;copy_num_ID=gene-LOC101582244_0;coverage=1.0;extra_copy_number=0;gbkey=Gene;gene=LOC101582244;gene_biotype=protein_coding;sequence_ID=1.0;valid_ORFs=1
chr1	Liftoff	gene	159254917	159256407	.	-	.	ID=gene-Hdac1-l1;Dbxref=GeneID:101569928;Name=Hdac1-l1;origin=rename;copy_num_ID=gene-LOC101569928_0;coverage=1.0;extra_copy_number=0;gbkey=Gene;gene=LOC101569928;gene_biotype=protein_coding;sequence_ID=0.997;valid_ORFs=1
chr1	Liftoff	gene	159859349	159860285	.	-	.	ID=gene-Dhfr-l1;Dbxref=GeneID:101578577;Name=Dhfr-l1;origin=rename;copy_num_ID=gene-LOC101578577_0;coverage=1.0;extra_copy_number=0;gbkey=Gene;gene=LOC101578577;gene_biotype=protein_coding;sequence_ID=0.996;valid_ORFs=1
chr1	Liftoff	gene	159868049	159869422	.	+	.	ID=gene-Knop1-l1;Dbxref=GeneID:101578178;Name=Knop1-l1;origin=rename;copy_num_ID=gene-LOC101578178_0;coverage=1.0;extra_copy_number=0;gbkey=Gene;gene=LOC101578178;gene_biotype=protein_coding;sequence_ID=1.0;valid_ORFs=1
chr1	Liftoff	gene	161391996	161402643	.	-	.	ID=gene-Hp;Dbxref=GeneID:101567140;Name=Hp;origin=rename;copy_num_ID=gene-LOC101567140_0;coverage=1.0;extra_copy_number=0;gbkey=Gene;gene=LOC101567140;gene_biotype=protein_coding;sequence_ID=0.998;valid_ORFs=2
chr1	Liftoff	gene	162020779	162036848	.	+	.	ID=gene-Tle7;Dbxref=GeneID:111815070;Name=Tle7;origin=rename;copy_num_ID=gene-LOC111815070_0;coverage=1.0;extra_copy_number=0;gbkey=Gene;gene=LOC111815070;gene_biotype=protein_coding;sequence_ID=0.998;valid_ORFs=1
chr1	Liftoff	gene	163090009	163110864	.	-	.	ID=gene-Ddx19a;Dbxref=GeneID:101560796;Name=Ddx19a;origin=rename;copy_num_ID=gene-LOC101560796_0;coverage=1.0;extra_copy_number=0;gbkey=Gene;gene=LOC101560796;gene_biotype=protein_coding;sequence_ID=0.997;valid_ORFs=1
chr1	Liftoff	gene	163200253	163210899	.	-	.	ID=gene-Clec18a;Dbxref=GeneID:101560003;Name=Clec18a;origin=rename;copy_num_ID=gene-LOC101560003_0;coverage=0.999;extra_copy_number=0;gbkey=Gene;gene=LOC101560003;gene_biotype=protein_coding;sequence_ID=0.998;valid_ORFs=4
chr1	Liftoff	gene	163964344	163969177	.	-	.	ID=gene-Ctrb1-l1;Dbxref=GeneID:101563716;Name=Ctrb1-l1;origin=rename;copy_num_ID=gene-LOC101563716_0;coverage=1.0;extra_copy_number=0;gbkey=Gene;gene=LOC101563716;gene_biotype=protein_coding;sequence_ID=1.0;valid_ORFs=1
chr1	Liftoff	gene	164053083	164057726	.	+	.	ID=gene-Ctrb1;Dbxref=GeneID:101593327;Name=Ctrb1;origin=rename;copy_num_ID=gene-LOC101593327_0;coverage=0.878;extra_copy_number=0;gbkey=Gene;gene=LOC101593327;gene_biotype=protein_coding;partial=true;sequence_ID=0.767;start_range=.,7853;valid_ORFs=0
chr1	Liftoff	gene	164146544	164151740	.	-	.	ID=gene-Ctrb1-l2;Dbxref=GeneID:101589858;Name=Ctrb1-l2;origin=rename;copy_num_ID=gene-LOC101589858_0;coverage=1.0;extra_copy_number=0;gbkey=Gene;gene=LOC101589858;gene_biotype=protein_coding;sequence_ID=0.994;valid_ORFs=1
chr1	Liftoff	gene	166315356	166321520	.	+	.	ID=gene-Mon1b;Dbxref=GeneID:101585514;Name=Mon1b;origin=rename;copy_num_ID=gene-LOC101585514_0;coverage=1.0;extra_copy_number=0;gbkey=Gene;gene=LOC101585514;gene_biotype=protein_coding;sequence_ID=0.996;valid_ORFs=1
chr1	Liftoff	gene	170581744	170711711	.	+	.	ID=gene-Plcg2;Dbxref=GeneID:101587236;Name=Plcg2;origin=rename;copy_num_ID=gene-LOC101587236_0;coverage=0.999;extra_copy_number=0;gbkey=Gene;gene=LOC101587236;gene_biotype=protein_coding;sequence_ID=0.996;valid_ORFs=1
chr1	Liftoff	gene	170798345	170827075	.	+	.	ID=gene-Plcg2-l1;Dbxref=GeneID:101560454;Name=Plcg2-l1;origin=rename;copy_num_ID=gene-LOC101560454_0;coverage=1.0;extra_copy_number=0;gbkey=Gene;gene=LOC101560454;gene_biotype=protein_coding;sequence_ID=0.991;valid_ORFs=1
chr1	Liftoff	gene	173948318	173958375	.	+	.	ID=gene-Cox4i1;Dbxref=GeneID:101591352;Name=Cox4i1;origin=rename;copy_num_ID=gene-LOC101591352_0;coverage=1.0;extra_copy_number=0;gbkey=Gene;gene=LOC101591352;gene_biotype=protein_coding;sequence_ID=0.999;valid_ORFs=3
chr1	Liftoff	gene	175203309	175226772	.	-	.	ID=gene-Afg3l1;Dbxref=GeneID:101577819;Name=Afg3l1;origin=rename;copy_num_ID=gene-LOC101577819_0;coverage=1.0;extra_copy_number=0;gbkey=Gene;gene=LOC101577819;gene_biotype=protein_coding;sequence_ID=0.998;valid_ORFs=4
chr1	Liftoff	gene	176136078	176143485	.	+	.	ID=gene-Cyba;Dbxref=GeneID:101568794;Name=Cyba;origin=rename;copy_num_ID=gene-LOC101568794_0;coverage=0.999;extra_copy_number=0;gbkey=Gene;gene=LOC101568794;gene_biotype=protein_coding;sequence_ID=0.993;valid_ORFs=1
chr2	Liftoff	gene	6283145	6285975	.	-	.	ID=gene-Cd1a;Dbxref=GeneID:101589807;Name=Cd1a;origin=rename;copy_num_ID=gene-LOC101589807_0;coverage=1.0;extra_copy_number=0;gbkey=Gene;gene=LOC101589807;gene_biotype=protein_coding;sequence_ID=0.999;valid_ORFs=1
chr2	Liftoff	gene	6465265	6468130	.	-	.	ID=gene-Cd1a-l1;Dbxref=GeneID:101571869;Name=Cd1a-l1;origin=rename;copy_num_ID=gene-LOC101571869_0;coverage=0.999;extra_copy_number=0;gbkey=Gene;gene=LOC101571869;gene_biotype=protein_coding;sequence_ID=0.984;valid_ORFs=0
chr2	Liftoff	gene	11938596	11950397	.	-	.	ID=gene-Fcrl2;Dbxref=GeneID:101575989;Name=Fcrl2;origin=rename;copy_num_ID=gene-LOC101575989_0;coverage=1.0;extra_copy_number=0;gbkey=Gene;gene=LOC101575989;gene_biotype=protein_coding;sequence_ID=0.998;valid_ORFs=1
chr2	Liftoff	gene	13680324	13685144	.	-	.	ID=gene-Uqcrfs1;Dbxref=GeneID:101585350;Name=Uqcrfs1;origin=rename;copy_num_ID=gene-LOC101585350_0;coverage=1.0;extra_copy_number=0;gbkey=Gene;gene=LOC101585350;gene_biotype=protein_coding;sequence_ID=0.996;valid_ORFs=1
chr2	AUGUSTUS	gene	17093989	17199880	.	+	.	ID=gene-Tdrd12;Name=Tdrd12;origin=replace
chr2	Liftoff	gene	17202073	17228903	.	-	.	ID=gene-Slc7a9-l1;Dbxref=GeneID:101583921;Name=Slc7a9-l1;origin=rename;copy_num_ID=gene-LOC101583921_0;coverage=1.0;extra_copy_number=0;gbkey=Gene;gene=LOC101583921;gene_biotype=protein_coding;sequence_ID=0.996;valid_ORFs=1
chr2	AUGUSTUS	gene	17892357	17912234	.	+	.	ID=gene-Fam187b;Name=Fam187b;origin=replace
chr2	Liftoff	gene	18145900	18153920	.	-	.	ID=gene-Znf792-l1;Dbxref=GeneID:101589041;Name=Znf792-l1;origin=rename;copy_num_ID=gene-LOC101589041_0;coverage=1.0;extra_copy_number=0;gbkey=Gene;gene=LOC101589041;gene_biotype=protein_coding;sequence_ID=0.999;valid_ORFs=2
chr2	Liftoff	gene	18155595	18205215	.	+	.	ID=gene-Znf792;Dbxref=GeneID:101590220;Name=Znf792;origin=rename;copy_num_ID=gene-LOC101590220_0;coverage=1.0;extra_copy_number=0;gbkey=Gene;gene=LOC101590220;gene_biotype=protein_coding;sequence_ID=0.999;valid_ORFs=1
chr2	Liftoff	gene	18176532	18183224	.	+	.	ID=gene-Znf792-l2;Dbxref=GeneID:101589824;Name=Znf792-l2;origin=rename;copy_num_ID=gene-LOC101589824_0;coverage=1.0;extra_copy_number=0;gbkey=Gene;gene=LOC101589824;gene_biotype=protein_coding;sequence_ID=0.994;valid_ORFs=4
chr2	Liftoff	gene	18224158	18244745	.	-	.	ID=gene-Znf304;Dbxref=GeneID:101591006;Name=Znf304;origin=rename;copy_num_ID=gene-LOC101591006_0;coverage=1.0;extra_copy_number=0;gbkey=Gene;gene=LOC101591006;gene_biotype=protein_coding;sequence_ID=0.998;valid_ORFs=2
chr2	Liftoff	gene	18368996	18370608	.	-	.	ID=gene-Ch1;Dbxref=GeneID:101591802;Name=Ch1;origin=rename;copy_num_ID=gene-LOC101591802_0;coverage=1.0;extra_copy_number=0;gbkey=Gene;gene=LOC101591802;gene_biotype=protein_coding;sequence_ID=1.0;valid_ORFs=1
chr2	Liftoff	gene	19877790	19882907	.	+	.	ID=gene-Cox6b1;Dbxref=GeneID:101561943;Name=Cox6b1;origin=rename;copy_num_ID=gene-LOC101561943_0;coverage=1.0;extra_copy_number=0;gbkey=Gene;gene=LOC101561943;gene_biotype=protein_coding;sequence_ID=0.996;valid_ORFs=1
chr2	AUGUSTUS	gene	19940132	19943518	.	+	.	ID=gene-Zbtb32;Name=Zbtb32;origin=replace
chr2	Liftoff	gene	20340921	20343916	.	-	.	ID=gene-Cox7a1;Dbxref=GeneID:101585075;Name=Cox7a1;origin=rename;copy_num_ID=gene-LOC101585075_0;coverage=1.0;extra_copy_number=0;gbkey=Gene;gene=LOC101585075;gene_biotype=protein_coding;sequence_ID=1.0;valid_ORFs=1
chr2	Liftoff	gene	20538746	20554077	.	+	.	ID=gene-Wdr87-l1;Dbxref=GeneID:111818206;Name=Wdr87-l1;origin=rename;copy_num_ID=gene-LOC111818206_0;coverage=1.0;extra_copy_number=0;gbkey=Gene;gene=LOC111818206;gene_biotype=protein_coding;sequence_ID=0.999;valid_ORFs=1
chr2	Liftoff	gene	20681241	20685152	.	+	.	ID=gene-Zfp14;Dbxref=GeneID:101591134;Name=Zfp14;origin=rename;copy_num_ID=gene-LOC101591134_0;coverage=0.855;extra_copy_number=0;gbkey=Gene;gene=LOC101591134;gene_biotype=protein_coding;sequence_ID=0.851;valid_ORFs=0
chr2	Liftoff	gene	20721727	20753804	.	-	.	ID=gene-Znf568;Dbxref=GeneID:111818221;Name=Znf568;origin=rename;copy_num_ID=gene-LOC111818221_0;coverage=0.999;extra_copy_number=0;gbkey=Gene;gene=LOC111818221;gene_biotype=protein_coding;sequence_ID=0.998;valid_ORFs=3
chr2	Liftoff	gene	21010055	21026340	.	+	.	ID=gene-Zfp27;Dbxref=GeneID:105742923;Name=Zfp27;origin=rename;copy_num_ID=gene-LOC105742923_0;coverage=1.0;extra_copy_number=0;gbkey=Gene;gene=LOC105742923;gene_biotype=protein_coding;sequence_ID=0.996;valid_ORFs=6
chr2	Liftoff	gene	21112761	21114869	.	-	.	ID=gene-Tuba3a;Dbxref=GeneID:101585472;Name=Tuba3a;origin=rename;copy_num_ID=gene-LOC101585472_0;coverage=1.0;extra_copy_number=0;gbkey=Gene;gene=LOC101585472;gene_biotype=protein_coding;sequence_ID=0.992;valid_ORFs=0
chr2	Liftoff	gene	21126018	21212880	.	-	.	ID=gene-Znf850;Dbxref=GeneID:101569489;Name=Znf850;origin=rename;copy_num_ID=gene-LOC101569489_0;coverage=1.0;extra_copy_number=0;gbkey=Gene;gene=LOC101569489;gene_biotype=protein_coding;sequence_ID=0.999;valid_ORFs=0
chr2	Liftoff	gene	22418205	22423047	.	-	.	ID=gene-Fbxo27;Dbxref=GeneID:101579468;Name=Fbxo27;origin=rename;copy_num_ID=gene-LOC101579468_0;coverage=0.968;extra_copy_number=0;gbkey=Gene;gene=LOC101579468;gene_biotype=protein_coding;sequence_ID=0.863;valid_ORFs=0
chr2	Liftoff	gene	22457185	22486886	.	-	.	ID=gene-Fbxo27-l1;Dbxref=GeneID:101578278;Name=Fbxo27-l1;origin=rename;copy_num_ID=gene-LOC101578278_0;coverage=1.0;extra_copy_number=0;gbkey=Gene;gene=LOC101578278;gene_biotype=protein_coding;sequence_ID=0.998;valid_ORFs=2
chr2	Liftoff	gene	22706666	22708014	.	-	.	ID=gene-Ifnl3-l1;Dbxref=GeneID:101582218;Name=Ifnl3-l1;origin=rename;copy_num_ID=gene-LOC101582218_0;coverage=1.0;extra_copy_number=0;gbkey=Gene;gene=LOC101582218;gene_biotype=protein_coding;sequence_ID=0.996;valid_ORFs=1
chr2	Liftoff	gene	22713875	22715366	.	-	.	ID=gene-Ifnl3-l2;Dbxref=GeneID:101582609;Name=Ifnl3-l2;origin=rename;copy_num_ID=gene-LOC101582609_0;coverage=1.0;extra_copy_number=0;gbkey=Gene;gene=LOC101582609;gene_biotype=protein_coding;sequence_ID=1.0;valid_ORFs=1
chr2	Liftoff	gene	22717411	22718811	.	-	.	ID=gene-Ifnl4;Dbxref=GeneID:101583018;Name=Ifnl4;origin=rename;copy_num_ID=gene-LOC101583018_0;coverage=1.0;extra_copy_number=0;gbkey=Gene;gene=LOC101583018;gene_biotype=protein_coding;sequence_ID=0.998;valid_ORFs=1
chr2	Liftoff	gene	22743704	22745056	.	+	.	ID=gene-Ifnl3;Dbxref=GeneID:101584184;Name=Ifnl3;origin=rename;copy_num_ID=gene-LOC101584184_0;coverage=1.0;extra_copy_number=0;gbkey=Gene;gene=LOC101584184;gene_biotype=protein_coding;sequence_ID=0.996;valid_ORFs=1
chr2	Liftoff	gene	24245337	24283179	.	-	.	ID=gene-Znf780b;Dbxref=GeneID:101589152;Name=Znf780b;origin=rename;copy_num_ID=gene-LOC101589152_0;coverage=1.0;extra_copy_number=0;gbkey=Gene;gene=LOC101589152;gene_biotype=protein_coding;sequence_ID=0.998;valid_ORFs=7
chr2	Liftoff	gene	24846311	24859743	.	-	.	ID=gene-Cyp2f2;Dbxref=GeneID:101587191;Name=Cyp2f2;origin=rename;copy_num_ID=gene-LOC101587191_0;coverage=1.0;extra_copy_number=0;gbkey=Gene;gene=LOC101587191;gene_biotype=protein_coding;sequence_ID=0.998;valid_ORFs=1
chr2	Liftoff	gene	25045779	25059190	.	+	.	ID=gene-Cyp2a6;Dbxref=GeneID:101572149;Name=Cyp2a6;origin=rename;copy_num_ID=gene-LOC101572149_0;coverage=1.0;extra_copy_number=0;gbkey=Gene;gene=LOC101572149;gene_biotype=protein_coding;sequence_ID=0.998;valid_ORFs=2
chr2	Liftoff	gene	25255044	25262966	.	-	.	ID=gene-Cyp2a5;Dbxref=GeneID:101564464;Name=Cyp2a5;origin=rename;copy_num_ID=gene-LOC101564464_0;coverage=1.0;extra_copy_number=0;gbkey=Gene;gene=LOC101564464;gene_biotype=protein_coding;sequence_ID=0.999;valid_ORFs=2
chr2	Liftoff	gene	25292936	25299621	.	-	.	ID=gene-Cyp2a13;Dbxref=GeneID:101565506;Name=Cyp2a13;origin=rename;copy_num_ID=gene-LOC101565506_0;coverage=1.0;extra_copy_number=0;gbkey=Gene;gene=LOC101565506;gene_biotype=protein_coding;sequence_ID=0.999;valid_ORFs=1
chr2	Liftoff	gene	25333678	25344144	.	-	.	ID=gene-Cyp2g1;Dbxref=GeneID:101565905;Name=Cyp2g1;origin=rename;copy_num_ID=gene-LOC101565905_0;coverage=1.0;extra_copy_number=0;gbkey=Gene;gene=LOC101565905;gene_biotype=protein_coding;sequence_ID=0.999;valid_ORFs=1
chr2	Liftoff	gene	25482273	25517504	.	-	.	ID=gene-Cyp2b4;Dbxref=GeneID:101573868;Name=Cyp2b4;origin=rename;copy_num_ID=gene-LOC101573868_0;coverage=1.0;extra_copy_number=0;gbkey=Gene;gene=LOC101573868;gene_biotype=protein_coding;sequence_ID=1.0;valid_ORFs=1
chr2	Liftoff	gene	26128846	26161902	.	-	.	ID=gene-Cyp2b4-l1;Dbxref=GeneID:101569870;Name=Cyp2b4-l1;origin=rename;copy_num_ID=gene-LOC101569870_0;coverage=1.0;extra_copy_number=0;gbkey=Gene;gene=LOC101569870;gene_biotype=protein_coding;sequence_ID=0.999;valid_ORFs=1
chr2	Liftoff	gene	26452198	26485468	.	+	.	ID=gene-Cyp2b11;Dbxref=GeneID:101583517;Name=Cyp2b11;origin=rename;copy_num_ID=gene-LOC101583517_0;coverage=1.0;extra_copy_number=0;gbkey=Gene;gene=LOC101583517;gene_biotype=protein_coding;sequence_ID=0.998;valid_ORFs=2
chr2	Liftoff	gene	26567255	26583605	.	+	.	ID=gene-Cyp2s1;Dbxref=GeneID:101579566;Name=Cyp2s1;origin=rename;copy_num_ID=gene-LOC101579566_0;coverage=1.0;extra_copy_number=0;gbkey=Gene;gene=LOC101579566;gene_biotype=protein_coding;sequence_ID=0.998;valid_ORFs=1
chr2	Liftoff	gene	26820494	26828829	.	+	.	ID=gene-Ceacam21;Dbxref=GeneID:101580350;Name=Ceacam21;origin=rename;copy_num_ID=gene-LOC101580350_0;coverage=0.999;extra_copy_number=0;gbkey=Gene;gene=LOC101580350;gene_biotype=protein_coding;sequence_ID=0.986;valid_ORFs=1
chr2	Liftoff	gene	26846727	26858888	.	+	.	ID=gene-Ceacam1-l1;Dbxref=GeneID:111814679;Name=Ceacam1-l1;origin=rename;copy_num_ID=gene-LOC111814679_0;coverage=1.0;extra_copy_number=0;gbkey=Gene;gene=LOC111814679;gene_biotype=protein_coding;partial=true;sequence_ID=0.935;start_range=.,498;valid_ORFs=0
chr2	AUGUSTUS	gene	26927810	26948249	.	+	.	ID=gene-Ceacam1;Name=Ceacam1;origin=replace
chr2	Liftoff	gene	27025545	27032888	.	+	.	ID=gene-Fam32a-l2;Dbxref=GeneID:101574213;Name=Fam32a-l2;origin=rename;copy_num_ID=gene-LOC101574213_0;coverage=1.0;extra_copy_number=0;gbkey=Gene;gene=LOC101574213;gene_biotype=protein_coding;sequence_ID=0.997;valid_ORFs=1
chr2	Liftoff	gene	27633672	27639493	.	+	.	ID=gene-Erfl;Dbxref=GeneID:101572625;Name=Erfl;origin=rename;copy_num_ID=gene-LOC101572625_0;coverage=1.0;extra_copy_number=0;gbkey=Gene;gene=LOC101572625;gene_biotype=protein_coding;sequence_ID=0.999;valid_ORFs=1
chr2	Liftoff	gene	27684081	27684441	.	+	.	ID=gene-Mycbp-l4;Dbxref=GeneID:101570625;Name=Mycbp-l4;origin=rename;copy_num_ID=gene-LOC101570625_0;coverage=1.0;extra_copy_number=0;gbkey=Gene;gene=LOC101570625;gene_biotype=protein_coding;sequence_ID=1.0;valid_ORFs=1
chr2	Liftoff	gene	27779656	27785384	.	-	.	ID=gene-Ceacam3;Dbxref=GeneID:101571822;Name=Ceacam3;origin=rename;copy_num_ID=gene-LOC101571822_0;coverage=1.0;extra_copy_number=0;gbkey=Gene;gene=LOC101571822;gene_biotype=protein_coding;sequence_ID=0.995;valid_ORFs=1
chr2	Liftoff	gene	27915005	27915316	.	-	.	ID=gene-Mycbp-l5;Dbxref=GeneID:101560194;Name=Mycbp-l5;origin=rename;copy_num_ID=gene-LOC101560194_0;coverage=1.0;extra_copy_number=0;gbkey=Gene;gene=LOC101560194;gene_biotype=protein_coding;sequence_ID=0.961;valid_ORFs=1
chr2	Liftoff	gene	28192563	28193059	.	-	.	ID=gene-Rpl27a-l3;Dbxref=GeneID:101564406;Name=Rpl27a-l3;origin=rename;copy_num_ID=gene-LOC101564406_0;coverage=1.0;extra_copy_number=0;gbkey=Gene;gene=LOC101564406;gene_biotype=protein_coding;sequence_ID=1.0;valid_ORFs=1
chr2	Liftoff	gene	28428370	28437606	.	+	.	ID=gene-Znf227;Dbxref=GeneID:101562014;Name=Znf227;origin=rename;copy_num_ID=gene-LOC101562014_0;coverage=1.0;extra_copy_number=0;gbkey=Gene;gene=LOC101562014;gene_biotype=protein_coding;sequence_ID=0.997;valid_ORFs=2
chr2	Liftoff	gene	28624297	28640910	.	+	.	ID=gene-Pvr;Dbxref=GeneID:101564682;Name=Pvr;origin=rename;copy_num_ID=gene-LOC101564682_0;coverage=1.0;extra_copy_number=0;gbkey=Gene;gene=LOC101564682;gene_biotype=protein_coding;sequence_ID=0.998;valid_ORFs=1
chr2	Liftoff	gene	29105540	29121928	.	+	.	ID=gene-Hsd17b12-b;Dbxref=GeneID:111813540;Name=Hsd17b12-b;origin=rename;copy_num_ID=gene-LOC111813540_0;coverage=1.0;extra_copy_number=0;gbkey=Gene;gene=LOC111813540;gene_biotype=protein_coding;sequence_ID=0.998;valid_ORFs=2
chr2	Liftoff	gene	31029542	31035501	.	+	.	ID=gene-Crx;Dbxref=GeneID:101568642;Name=Crx;origin=rename;copy_num_ID=gene-LOC101568642_0;coverage=1.0;extra_copy_number=0;gbkey=Gene;gene=LOC101568642;gene_biotype=protein_coding;sequence_ID=0.997;valid_ORFs=2
chr2	Liftoff	gene	31220328	31221500	.	-	.	ID=gene-Obox4;Dbxref=GeneID:105741288;Name=Obox4;origin=rename;copy_num_ID=gene-LOC105741288_0;coverage=1.0;extra_copy_number=0;gbkey=Gene;gene=LOC105741288;gene_biotype=protein_coding;sequence_ID=0.995;valid_ORFs=1
chr2	Liftoff	gene	31271224	31325345	.	-	.	ID=gene-Std2;Dbxref=GeneID:101564599;Name=Std2;origin=rename;copy_num_ID=gene-LOC101564599_0;coverage=0.999;extra_copy_number=0;gbkey=Gene;gene=LOC101564599;gene_biotype=protein_coding;sequence_ID=0.998;valid_ORFs=1
chr2	Liftoff	gene	31387419	31433680	.	-	.	ID=gene-Sult2a1;Dbxref=GeneID:101563803;Name=Sult2a1;origin=rename;copy_num_ID=gene-LOC101563803_0;coverage=0.973;extra_copy_number=0;gbkey=Gene;gene=LOC101563803;gene_biotype=protein_coding;sequence_ID=0.972;valid_ORFs=4
chr2	Liftoff	gene	31643232	31668842	.	+	.	ID=gene-Std1;Dbxref=GeneID:101573334;Name=Std1;origin=rename;copy_num_ID=gene-LOC101573334_0;coverage=1.0;extra_copy_number=0;gbkey=Gene;gene=LOC101573334;gene_biotype=protein_coding;partial=true;sequence_ID=0.995;start_range=.,2308;valid_ORFs=0
chr2	Liftoff	gene	33211690	33226020	.	-	.	ID=gene-Slc6a16-l1;Dbxref=GeneID:101591509;Name=Slc6a16-l1;origin=rename;copy_num_ID=gene-LOC101591509_0;coverage=1.0;extra_copy_number=0;gbkey=Gene;gene=LOC101591509;gene_biotype=protein_coding;sequence_ID=0.999;valid_ORFs=1
chr2	Liftoff	gene	33812798	33842109	.	-	.	ID=gene-Siglec10-l1;Dbxref=GeneID:101585174;Name=Siglec10-l1;origin=rename;copy_num_ID=gene-LOC101585174_0;coverage=1.0;extra_copy_number=0;gbkey=Gene;gene=LOC101585174;gene_biotype=protein_coding;sequence_ID=0.983;valid_ORFs=1
chr2	Liftoff	gene	33978584	33979070	.	-	.	ID=gene-Rplp1-l2;Dbxref=GeneID:101585704;Name=Rplp1-l2;origin=rename;copy_num_ID=gene-LOC101585704_0;coverage=1.0;extra_copy_number=0;gbkey=Gene;gene=LOC101585704;gene_biotype=protein_coding;sequence_ID=1.0;valid_ORFs=1
chr2	Liftoff	gene	34442814	34476498	.	+	.	ID=gene-Klk2;Dbxref=GeneID:101578889;Name=Klk2;origin=rename;copy_num_ID=gene-LOC101578889_0;coverage=1.0;extra_copy_number=0;gbkey=Gene;gene=LOC101578889;gene_biotype=protein_coding;sequence_ID=0.992;valid_ORFs=4
chr2	Liftoff	gene	34501978	34508815	.	-	.	ID=gene-Klk4-l1;Dbxref=GeneID:101579278;Name=Klk4-l1;origin=rename;copy_num_ID=gene-LOC101579278_0;coverage=1.0;extra_copy_number=0;gbkey=Gene;gene=LOC101579278;gene_biotype=protein_coding;sequence_ID=0.998;valid_ORFs=1
chr2	Liftoff	gene	34755120	34758970	.	+	.	ID=gene-Klk4;Dbxref=GeneID:105741355;Name=Klk4;origin=rename;copy_num_ID=gene-LOC105741355_0;coverage=1.0;extra_copy_number=0;gbkey=Gene;gene=LOC105741355;gene_biotype=protein_coding;partial=true;sequence_ID=1.0;start_range=.,38884;valid_ORFs=0
chr2	Liftoff	gene	34989443	34997690	.	+	.	ID=gene-Klk4-l2;Dbxref=GeneID:101581248;Name=Klk4-l2;origin=rename;copy_num_ID=gene-LOC101581248_0;coverage=1.0;extra_copy_number=0;gbkey=Gene;gene=LOC101581248;gene_biotype=protein_coding;sequence_ID=1.0;valid_ORFs=1
chr2	Liftoff	gene	34997881	35002202	.	-	.	ID=gene-Klk4-l3;Dbxref=GeneID:101581631;Name=Klk4-l3;origin=rename;copy_num_ID=gene-LOC101581631_0;coverage=1.0;extra_copy_number=0;gbkey=Gene;gene=LOC101581631;gene_biotype=protein_coding;sequence_ID=1.0;valid_ORFs=1
chr2	Liftoff	gene	35343416	35346312	.	-	.	ID=gene-Klk4-l4;Dbxref=GeneID:101582821;Name=Klk4-l4;origin=rename;copy_num_ID=gene-LOC101582821_0;coverage=1.0;extra_copy_number=0;gbkey=Gene;gene=LOC101582821;gene_biotype=protein_coding;sequence_ID=0.997;valid_ORFs=1
chr2	Liftoff	gene	35402045	35403608	.	-	.	ID=gene-Klk4-l5;Dbxref=GeneID:101583226;Name=Klk4-l5;origin=rename;copy_num_ID=gene-LOC101583226_0;coverage=1.0;extra_copy_number=0;gbkey=Gene;gene=LOC101583226;gene_biotype=protein_coding;sequence_ID=0.998;valid_ORFs=1
chr2	Liftoff	gene	35573419	35576164	.	-	.	ID=gene-Klk4-l6;Dbxref=GeneID:101573164;Name=Klk4-l6;origin=rename;copy_num_ID=gene-LOC101573164_0;coverage=1.0;extra_copy_number=0;gbkey=Gene;gene=LOC101573164;gene_biotype=protein_coding;sequence_ID=0.997;valid_ORFs=3
chr2	Liftoff	gene	35950658	35964346	.	+	.	ID=gene-Siglec13;Dbxref=GeneID:101588709;Name=Siglec13;origin=rename;copy_num_ID=gene-LOC101588709_0;coverage=1.0;extra_copy_number=0;gbkey=Gene;gene=LOC101588709;gene_biotype=protein_coding;sequence_ID=0.999;valid_ORFs=7
chr2	Liftoff	gene	36002856	36007149	.	+	.	ID=gene-Cd33;Dbxref=GeneID:101590291;Name=Cd33;origin=rename;copy_num_ID=gene-LOC101590291_0;coverage=1.0;extra_copy_number=0;gbkey=Gene;gene=LOC101590291;gene_biotype=protein_coding;sequence_ID=0.998;valid_ORFs=2
chr2	Liftoff	gene	36053387	36059538	.	+	.	ID=gene-Cd33-l1;Dbxref=GeneID:105744008;Name=Cd33-l1;origin=rename;copy_num_ID=gene-LOC105744008_0;coverage=1.0;extra_copy_number=0;gbkey=Gene;gene=LOC105744008;gene_biotype=protein_coding;sequence_ID=0.977;valid_ORFs=2
chr2	Liftoff	gene	36110202	36114801	.	+	.	ID=gene-Siglec5-l1;Dbxref=GeneID:101592267;Name=Siglec5-l1;origin=rename;copy_num_ID=gene-LOC101592267_0;coverage=1.0;extra_copy_number=0;gbkey=Gene;gene=LOC101592267;gene_biotype=protein_coding;sequence_ID=0.992;valid_ORFs=0
chr2	Liftoff	gene	36322366	36329604	.	+	.	ID=gene-Ctu1-l1;Dbxref=GeneID:101562018;Name=Ctu1-l1;origin=rename;copy_num_ID=gene-LOC101562018_0;coverage=0.997;extra_copy_number=0;gbkey=Gene;gene=LOC101562018;gene_biotype=protein_coding;sequence_ID=0.930;valid_ORFs=1
chr2	Liftoff	gene	36609939	36610997	.	-	.	ID=gene-Fpr2-l1;Dbxref=GeneID:101564798;Name=Fpr2-l1;origin=rename;copy_num_ID=gene-LOC101564798_0;coverage=1.0;extra_copy_number=0;gbkey=Gene;gene=LOC101564798;gene_biotype=protein_coding;sequence_ID=0.993;valid_ORFs=1
chr2	Liftoff	gene	36693093	36700703	.	-	.	ID=gene-Fpr2-l2;Dbxref=GeneID:101565588;Name=Fpr2-l2;origin=rename;copy_num_ID=gene-LOC101565588_0;coverage=1.0;extra_copy_number=0;gbkey=Gene;gene=LOC101565588;gene_biotype=protein_coding;sequence_ID=0.998;valid_ORFs=1
chr2	Liftoff	gene	36741586	36742872	.	-	.	ID=gene-Fpr2-l3;Dbxref=GeneID:101565989;Name=Fpr2-l3;origin=rename;copy_num_ID=gene-LOC101565989_0;coverage=1.0;extra_copy_number=0;gbkey=Gene;gene=LOC101565989;gene_biotype=protein_coding;sequence_ID=0.998;valid_ORFs=1
chr2	Liftoff	gene	36780876	36797534	.	+	.	ID=gene-Fpr2-l4;Dbxref=GeneID:101566389;Name=Fpr2-l4;origin=rename;copy_num_ID=gene-LOC101566389_0;coverage=1.0;extra_copy_number=0;gbkey=Gene;gene=LOC101566389;gene_biotype=protein_coding;sequence_ID=0.999;valid_ORFs=2
chr2	Liftoff	gene	37041309	37044412	.	+	.	ID=gene-Vn1r4-l3;Dbxref=GeneID:101570769;Name=Vn1r4-l3;origin=rename;copy_num_ID=gene-LOC101570769_0;coverage=1.0;extra_copy_number=0;gbkey=Gene;gene=LOC101570769;gene_biotype=protein_coding;sequence_ID=0.994;valid_ORFs=1
chr2	Liftoff	gene	37248389	37338249	.	+	.	ID=gene-Znf649;Dbxref=GeneID:101573165;Name=Znf649;origin=rename;copy_num_ID=gene-LOC101573165_0;coverage=0.998;extra_copy_number=0;gbkey=Gene;gene=LOC101573165;gene_biotype=protein_coding;sequence_ID=0.991;valid_ORFs=0
chr2	Liftoff	gene	37285920	37301373	.	-	.	ID=gene-Znf432;Dbxref=GeneID:111813625;Name=Znf432;origin=rename;copy_num_ID=gene-LOC111813625_0;coverage=1.0;extra_copy_number=0;gbkey=Gene;gene=LOC111813625;gene_biotype=protein_coding;sequence_ID=0.999;valid_ORFs=1
chr2	Liftoff	gene	38083340	38122428	.	+	.	ID=gene-Znf347;Dbxref=GeneID:101584240;Name=Znf347;origin=rename;copy_num_ID=gene-LOC101584240_0;coverage=1.0;extra_copy_number=0;gbkey=Gene;gene=LOC101584240;gene_biotype=protein_coding;sequence_ID=0.998;valid_ORFs=5
chr2	Liftoff	gene	38556786	38557736	.	-	.	ID=gene-Vn1r4-l4;Dbxref=GeneID:101586608;Name=Vn1r4-l4;origin=rename;copy_num_ID=gene-LOC101586608_0;coverage=1.0;extra_copy_number=0;gbkey=Gene;gene=LOC101586608;gene_biotype=protein_coding;sequence_ID=1.0;valid_ORFs=1
chr2	Liftoff	gene	39445471	39446241	.	+	.	ID=gene-Vn1r4-l5;Dbxref=GeneID:101569228;Name=Vn1r4-l5;origin=rename;copy_num_ID=gene-LOC101569228_0;coverage=1.0;extra_copy_number=0;gbkey=Gene;gene=LOC101569228;gene_biotype=protein_coding;sequence_ID=0.998;valid_ORFs=1
chr2	Liftoff	gene	40050394	40051296	.	-	.	ID=gene-Vn1r2;Dbxref=GeneID:111814643;Name=Vn1r2;origin=rename;copy_num_ID=gene-LOC111814643_0;coverage=1.0;extra_copy_number=0;gbkey=Gene;gene=LOC111814643;gene_biotype=protein_coding;sequence_ID=0.982;valid_ORFs=1
chr2	gmst	gene	40584473	40591051	.	-	.	ID=gene-Lilra6;Name=Lilra6;origin=replace
chr2	Liftoff	gene	40723230	40728917	.	-	.	ID=gene-Pirb-l1;Dbxref=GeneID:101577044;Name=Pirb-l1;origin=rename;copy_num_ID=gene-LOC101577044_0;coverage=0.999;end_range=12561,.;extra_copy_number=0;gbkey=Gene;gene=LOC101577044;gene_biotype=protein_coding;partial=true;sequence_ID=0.973;start_range=.,6773;valid_ORFs=0
chr2	Liftoff	gene	40784598	40789911	.	-	.	ID=gene-Pirb-l2;Dbxref=GeneID:101582592;Name=Pirb-l2;origin=rename;copy_num_ID=gene-LOC101582592_0;coverage=1.0;extra_copy_number=0;gbkey=Gene;gene=LOC101582592;gene_biotype=protein_coding;sequence_ID=0.996;valid_ORFs=1
chr2	Liftoff	gene	40810454	40865181	.	-	.	ID=gene-Pirb-l3;Dbxref=GeneID:101582201;Name=Pirb-l3;origin=rename;copy_num_ID=gene-LOC101582201_0;coverage=1.0;extra_copy_number=0;gbkey=Gene;gene=LOC101582201;gene_biotype=protein_coding;sequence_ID=0.999;valid_ORFs=4
chr2	Liftoff	gene	40935265	40942988	.	-	.	ID=gene-Pirb-l4;Dbxref=GeneID:101581812;Name=Pirb-l4;origin=rename;copy_num_ID=gene-LOC101581812_0;coverage=1.0;extra_copy_number=0;gbkey=Gene;gene=LOC101581812;gene_biotype=protein_coding;sequence_ID=0.998;valid_ORFs=5
chr2	Liftoff	gene	41147423	41150927	.	-	.	ID=gene-Lilra5;Dbxref=GeneID:105740884;Name=Lilra5;origin=rename;copy_num_ID=gene-LOC105740884_0;coverage=0.998;extra_copy_number=0;gbkey=Gene;gene=LOC105740884;gene_biotype=protein_coding;sequence_ID=0.990;valid_ORFs=0
chr2	Liftoff	gene	41177334	41182133	.	-	.	ID=gene-Lilra5-l1;Dbxref=GeneID:111814635;Name=Lilra5-l1;origin=rename;copy_num_ID=gene-LOC111814635_0;coverage=1.0;extra_copy_number=0;gbkey=Gene;gene=LOC111814635;gene_biotype=protein_coding;sequence_ID=0.993;valid_ORFs=1
chr2	Liftoff	gene	41207023	41209829	.	-	.	ID=gene-Lilra5-l2;Dbxref=GeneID:101581289;Name=Lilra5-l2;origin=rename;copy_num_ID=gene-LOC101581289_0;coverage=1.0;extra_copy_number=0;gbkey=Gene;gene=LOC101581289;gene_biotype=protein_coding;sequence_ID=0.997;valid_ORFs=1
chr2	Liftoff	gene	41317975	41361871	.	-	.	ID=gene-Lair1-l1;Dbxref=GeneID:101580496;Name=Lair1-l1;origin=rename;copy_num_ID=gene-LOC101580496_0;coverage=1.0;extra_copy_number=0;gbkey=Gene;gene=LOC101580496;gene_biotype=protein_coding;sequence_ID=0.991;valid_ORFs=1
chr2	Liftoff	gene	41391413	41402099	.	-	.	ID=gene-Mboat7-l1;Dbxref=GeneID:101579705;Name=Mboat7-l1;origin=rename;copy_num_ID=gene-LOC101579705_0;coverage=0.997;extra_copy_number=0;gbkey=Gene;gene=LOC101579705;gene_biotype=protein_coding;sequence_ID=0.992;valid_ORFs=0
chr2	Liftoff	gene	41529417	41540331	.	+	.	ID=gene-Lair2;Dbxref=GeneID:111814637;Name=Lair2;origin=rename;copy_num_ID=gene-LOC111814637_0;coverage=0.997;extra_copy_number=0;gbkey=Gene;gene=LOC111814637;gene_biotype=protein_coding;sequence_ID=0.982;valid_ORFs=6
chr2	Liftoff	gene	41552642	41583577	.	+	.	ID=gene-Lair1;Dbxref=GeneID:111814636;Name=Lair1;origin=rename;copy_num_ID=gene-LOC111814636_0;coverage=1.0;extra_copy_number=0;gbkey=Gene;gene=LOC111814636;gene_biotype=protein_coding;sequence_ID=0.992;valid_ORFs=1
chr2	Liftoff	gene	41971830	41979650	.	+	.	ID=gene-Pirb;Dbxref=GeneID:101570944;Name=Pirb;origin=rename;copy_num_ID=gene-LOC101570944_0;coverage=1.0;extra_copy_number=0;gbkey=Gene;gene=LOC101570944;gene_biotype=protein_coding;sequence_ID=0.996;valid_ORFs=1
chr2	Liftoff	gene	41993238	41996882	.	+	.	ID=gene-Lilra6-l1;Dbxref=GeneID:105740866;Name=Lilra6-l1;origin=rename;copy_num_ID=gene-LOC105740866_0;coverage=1.0;extra_copy_number=0;gbkey=Gene;gene=LOC105740866;gene_biotype=protein_coding;sequence_ID=0.999;valid_ORFs=1
chr2	Liftoff	gene	42165186	42182545	.	+	.	ID=gene-Lilra6-l2;Dbxref=GeneID:101568559;Name=Lilra6-l2;origin=rename;copy_num_ID=gene-LOC101568559_0;coverage=1.0;extra_copy_number=0;gbkey=Gene;gene=LOC101568559;gene_biotype=protein_coding;sequence_ID=0.992;valid_ORFs=0
chr2	Liftoff	gene	42351792	42355260	.	-	.	ID=gene-Ncr1;Dbxref=GeneID:111814452;Name=Ncr1;origin=rename;copy_num_ID=gene-LOC111814452_0;coverage=1.0;extra_copy_number=0;gbkey=Gene;gene=LOC111814452;gene_biotype=protein_coding;sequence_ID=1.0;valid_ORFs=3
chr2	Liftoff	gene	42436664	42437388	.	+	.	ID=gene-Polr2h-l1;Dbxref=GeneID:101589273;Name=Polr2h-l1;origin=rename;copy_num_ID=gene-LOC101589273_0;coverage=1.0;extra_copy_number=0;gbkey=Gene;gene=LOC101589273;gene_biotype=protein_coding;sequence_ID=0.995;valid_ORFs=1
chr2	Liftoff	gene	42443324	42445134	.	+	.	ID=gene-Cct3-l1;Dbxref=GeneID:101561532;Name=Cct3-l1;origin=rename;copy_num_ID=gene-LOC101561532_0;coverage=1.0;extra_copy_number=0;gbkey=Gene;gene=LOC101561532;gene_biotype=protein_coding;sequence_ID=0.994;valid_ORFs=1
chr2	Liftoff	gene	42724410	42725267	.	-	.	ID=gene-Cox6b2;Dbxref=GeneID:101585188;Name=Cox6b2;origin=rename;copy_num_ID=gene-LOC101585188_0;coverage=1.0;extra_copy_number=0;gbkey=Gene;gene=LOC101585188;gene_biotype=protein_coding;sequence_ID=1.0;valid_ORFs=1
chr2	Liftoff	gene	42742832	42743145	.	-	.	ID=gene-Tmem238;Dbxref=GeneID:111813773;Name=Tmem238;origin=rename;copy_num_ID=gene-LOC111813773_0;coverage=0.688;extra_copy_number=0;gbkey=Gene;gene=LOC111813773;gene_biotype=protein_coding;sequence_ID=0.688;valid_ORFs=0
chr2	Liftoff	gene	42776332	42787666	.	-	.	ID=gene-C19orf85;Dbxref=GeneID:111814455;Name=C19orf85;origin=rename;copy_num_ID=gene-LOC111814455_0;coverage=1.0;extra_copy_number=0;gbkey=Gene;gene=LOC111814455;gene_biotype=protein_coding;sequence_ID=0.998;valid_ORFs=1
chr2	Liftoff	gene	42905656	42917444	.	+	.	ID=gene-Znf580;Dbxref=GeneID:101581664;Name=Znf580;origin=rename;copy_num_ID=gene-LOC101581664_0;coverage=1.0;extra_copy_number=0;gbkey=Gene;gene=LOC101581664;gene_biotype=protein_coding;sequence_ID=1.0;valid_ORFs=1
chr2	Liftoff	gene	43007330	43008617	.	+	.	ID=gene-Prss40;Dbxref=GeneID:111814457;Name=Prss40;origin=rename;copy_num_ID=gene-LOC111814457_0;coverage=1.0;extra_copy_number=0;gbkey=Gene;gene=LOC111814457;gene_biotype=protein_coding;sequence_ID=0.962;valid_ORFs=1
chr2	Liftoff	gene	43180107	43181318	.	+	.	ID=gene-Prss40-l1;Dbxref=GeneID:111814626;Name=Prss40-l1;origin=rename;copy_num_ID=gene-LOC111814626_0;coverage=0.969;extra_copy_number=0;gbkey=Gene;gene=LOC111814626;gene_biotype=protein_coding;sequence_ID=0.966;valid_ORFs=1
chr2	Liftoff	gene	43363340	43377953	.	+	.	ID=gene-Eddm13;Dbxref=GeneID:111814630;Name=Eddm13;origin=rename;copy_num_ID=gene-LOC111814630_0;coverage=1.0;extra_copy_number=0;gbkey=Gene;gene=LOC111814630;gene_biotype=protein_coding;sequence_ID=0.994;valid_ORFs=2
chr2	Liftoff	gene	43634396	43635307	.	+	.	ID=gene-Or2b2;Dbxref=GeneID:101566686;Name=Or2b2;origin=rename;copy_num_ID=gene-LOC101566686_0;coverage=1.0;extra_copy_number=0;gbkey=Gene;gene=LOC101566686;gene_biotype=protein_coding;sequence_ID=0.962;valid_ORFs=1
chr2	Liftoff	gene	43673470	43674426	.	-	.	ID=gene-Or6z7;Dbxref=GeneID:101568275;Name=Or6z7;origin=rename;copy_num_ID=gene-LOC101568275_0;coverage=1.0;extra_copy_number=0;gbkey=Gene;gene=LOC101568275;gene_biotype=protein_coding;sequence_ID=0.994;valid_ORFs=0
chr2	Liftoff	gene	43953446	43982236	.	+	.	ID=gene-Znf264;Dbxref=GeneID:111814619;Name=Znf264;origin=rename;copy_num_ID=gene-LOC111814619_0;coverage=1.0;extra_copy_number=0;gbkey=Gene;gene=LOC111814619;gene_biotype=protein_coding;sequence_ID=0.992;valid_ORFs=0
chr2	Liftoff	gene	43994577	43999109	.	+	.	ID=gene-Aurkc;Dbxref=GeneID:101584661;Name=Aurkc;origin=rename;copy_num_ID=gene-LOC101584661_0;coverage=1.0;extra_copy_number=0;gbkey=Gene;gene=LOC101584661;gene_biotype=protein_coding;sequence_ID=0.995;valid_ORFs=1
chr2	Liftoff	gene	44026563	44035366	.	+	.	ID=gene-Znf805;Dbxref=GeneID:111814618;Name=Znf805;origin=rename;copy_num_ID=gene-LOC111814618_0;coverage=0.993;end_range=720230,.;extra_copy_number=0;gbkey=Gene;gene=LOC111814618;gene_biotype=protein_coding;partial=true;sequence_ID=0.988;valid_ORFs=0
chr2	Liftoff	gene	44055324	44062177	.	+	.	ID=gene-Znf805-l1;Dbxref=GeneID:111814621;Name=Znf805-l1;origin=rename;copy_num_ID=gene-LOC111814621_0;coverage=0.999;extra_copy_number=0;gbkey=Gene;gene=LOC111814621;gene_biotype=protein_coding;sequence_ID=0.996;valid_ORFs=0
chr2	Liftoff	gene	44066337	44079353	.	+	.	ID=gene-Znf805-l2;Dbxref=GeneID:111814622;Name=Znf805-l2;origin=rename;copy_num_ID=gene-LOC111814622_0;coverage=0.999;extra_copy_number=0;gbkey=Gene;gene=LOC111814622;gene_biotype=protein_coding;sequence_ID=0.997;valid_ORFs=1
chr2	Liftoff	gene	44100220	44101211	.	-	.	ID=gene-Vn1r1-l1;Dbxref=GeneID:101583122;Name=Vn1r1-l1;origin=rename;copy_num_ID=gene-LOC101583122_0;coverage=0.993;extra_copy_number=0;gbkey=Gene;gene=LOC101583122;gene_biotype=protein_coding;sequence_ID=0.991;valid_ORFs=0
chr2	Liftoff	gene	44155557	44159218	.	+	.	ID=gene-Znf548;Dbxref=GeneID:101582307;Name=Znf548;origin=rename;copy_num_ID=gene-LOC101582307_0;coverage=1.0;extra_copy_number=0;gbkey=Gene;gene=LOC101582307;gene_biotype=protein_coding;sequence_ID=0.994;valid_ORFs=1
chr2	Liftoff	gene	44182663	44194430	.	-	.	ID=gene-Znf772;Dbxref=GeneID:101581917;Name=Znf772;origin=rename;copy_num_ID=gene-LOC101581917_0;coverage=1.0;extra_copy_number=0;gbkey=Gene;gene=LOC101581917;gene_biotype=protein_coding;sequence_ID=0.999;valid_ORFs=1
chr2	Liftoff	gene	44309870	44317566	.	+	.	ID=gene-Vn1r1-l2;Dbxref=GeneID:101578781;Name=Vn1r1-l2;origin=rename;copy_num_ID=gene-LOC101578781_0;coverage=1.0;extra_copy_number=0;gbkey=Gene;gene=LOC101578781;gene_biotype=protein_coding;sequence_ID=0.994;valid_ORFs=1
chr2	Liftoff	gene	44445828	44446751	.	-	.	ID=gene-Vn1r1-l3;Dbxref=GeneID:101577173;Name=Vn1r1-l3;origin=rename;copy_num_ID=gene-LOC101577173_0;coverage=1.0;extra_copy_number=0;gbkey=Gene;gene=LOC101577173;gene_biotype=protein_coding;sequence_ID=1.0;valid_ORFs=1
chr2	Liftoff	gene	44518600	44523832	.	+	.	ID=gene-Znf134;Dbxref=GeneID:101576361;Name=Znf134;origin=rename;copy_num_ID=gene-LOC101576361_0;coverage=1.0;extra_copy_number=0;gbkey=Gene;gene=LOC101576361;gene_biotype=protein_coding;sequence_ID=0.997;valid_ORFs=4
chr2	Liftoff	gene	44542806	44552840	.	+	.	ID=gene-Znf211;Dbxref=GeneID:101575965;Name=Znf211;origin=rename;copy_num_ID=gene-LOC101575965_0;coverage=1.0;extra_copy_number=0;gbkey=Gene;gene=LOC101575965;gene_biotype=protein_coding;sequence_ID=0.998;valid_ORFs=2
chr2	Liftoff	gene	44628698	44631530	.	+	.	ID=gene-Zscan4;Dbxref=GeneID:101575581;Name=Zscan4;origin=rename;copy_num_ID=gene-LOC101575581_0;coverage=1.0;extra_copy_number=0;gbkey=Gene;gene=LOC101575581;gene_biotype=protein_coding;sequence_ID=0.998;valid_ORFs=1
chr2	Liftoff	gene	44874726	44877768	.	+	.	ID=gene-Zscan4-l1;Dbxref=GeneID:101587186;Name=Zscan4-l1;origin=rename;copy_num_ID=gene-LOC101587186_0;coverage=1.0;extra_copy_number=0;gbkey=Gene;gene=LOC101587186;gene_biotype=protein_coding;sequence_ID=0.998;valid_ORFs=1
chr2	Liftoff	gene	44989740	45105828	.	-	.	ID=gene-Vmn2r116;Dbxref=GeneID:101588358;Name=Vmn2r116;origin=rename;copy_num_ID=gene-LOC101588358_0;coverage=1.0;extra_copy_number=0;gbkey=Gene;gene=LOC101588358;gene_biotype=protein_coding;sequence_ID=0.994;valid_ORFs=1
chr2	Liftoff	gene	45115755	45123591	.	+	.	ID=gene-Znf154;Dbxref=GeneID:101588748;Name=Znf154;origin=rename;copy_num_ID=gene-LOC101588748_0;coverage=1.0;extra_copy_number=0;gbkey=Gene;gene=LOC101588748;gene_biotype=protein_coding;sequence_ID=0.997;valid_ORFs=2
chr2	Liftoff	gene	55104463	55219613	.	+	.	ID=gene-Gorab;Dbxref=GeneID:101569284;Name=Gorab;origin=rename;copy_num_ID=gene-LOC101569284_0;coverage=0.637;extra_copy_number=0;gbkey=Gene;gene=LOC101569284;gene_biotype=protein_coding;sequence_ID=0.621;valid_ORFs=0
chr2	Liftoff	gene	57810141	57812941	.	-	.	ID=gene-Xcl1;Dbxref=GeneID:101566538;Name=Xcl1;origin=rename;copy_num_ID=gene-LOC101566538_0;coverage=1.0;extra_copy_number=0;gbkey=Gene;gene=LOC101566538;gene_biotype=protein_coding;sequence_ID=0.994;valid_ORFs=1
chr2	Liftoff	gene	58083846	58086547	.	+	.	ID=gene-Xcl2;Dbxref=GeneID:101572785;Name=Xcl2;origin=rename;copy_num_ID=gene-LOC101572785_0;coverage=1.0;extra_copy_number=0;gbkey=Gene;gene=LOC101572785;gene_biotype=protein_coding;sequence_ID=1.0;valid_ORFs=1
chr2	Liftoff	gene	58211376	58213340	.	+	.	ID=gene-Vamp3-l1;Dbxref=GeneID:101564957;Name=Vamp3-l1;origin=rename;copy_num_ID=gene-LOC101564957_0;coverage=1.0;extra_copy_number=0;gbkey=Gene;gene=LOC101564957;gene_biotype=protein_coding;sequence_ID=0.997;valid_ORFs=1
chr2	Liftoff	gene	59707953	59708194	.	-	.	ID=gene-Cmc4-l1;Dbxref=GeneID:105740962;Name=Cmc4-l1;origin=rename;copy_num_ID=gene-LOC105740962_0;coverage=1.0;end_range=167973,.;extra_copy_number=0;gbkey=Gene;gene=LOC105740962;gene_biotype=protein_coding;partial=true;sequence_ID=1.0;valid_ORFs=0
chr2	Liftoff	gene	59858879	59879549	.	-	.	ID=gene-Fmo5-l1;Dbxref=GeneID:101568394;Name=Fmo5-l1;origin=rename;copy_num_ID=gene-LOC101568394_0;coverage=1.0;extra_copy_number=0;gbkey=Gene;gene=LOC101568394;gene_biotype=protein_coding;sequence_ID=0.999;valid_ORFs=1
chr2	Liftoff	gene	60481049	60482263	.	+	.	ID=gene-Pnrc2;Dbxref=GeneID:101590535;Name=Pnrc2;origin=rename;copy_num_ID=gene-LOC101590535_0;coverage=1.0;extra_copy_number=0;gbkey=Gene;gene=LOC101590535;gene_biotype=protein_coding;sequence_ID=0.997;valid_ORFs=1
chr2	Liftoff	gene	60762111	60765689	.	-	.	ID=gene-Prps1-l1;Dbxref=GeneID:101566211;Name=Prps1-l1;origin=rename;copy_num_ID=gene-LOC101566211_0;coverage=0.999;extra_copy_number=0;gbkey=Gene;gene=LOC101566211;gene_biotype=protein_coding;sequence_ID=0.991;valid_ORFs=1
chr2	Liftoff	gene	63682633	63683250	.	-	.	ID=gene-Vps29-l1;Dbxref=GeneID:101579086;Name=Vps29-l1;origin=rename;copy_num_ID=gene-LOC101579086_0;coverage=1.0;extra_copy_number=0;gbkey=Gene;gene=LOC101579086;gene_biotype=protein_coding;sequence_ID=0.993;valid_ORFs=1
chr2	Liftoff	gene	65061434	65077176	.	-	.	ID=gene-Fcgr2;Dbxref=GeneID:101576272;Name=Fcgr2;origin=rename;copy_num_ID=gene-LOC101576272_0;coverage=1.0;extra_copy_number=0;gbkey=Gene;gene=LOC101576272;gene_biotype=protein_coding;sequence_ID=0.998;valid_ORFs=2
chr2	Liftoff	gene	65782403	65790748	.	+	.	ID=gene-Itln2;Dbxref=GeneID:101590125;Name=Itln2;origin=rename;copy_num_ID=gene-LOC101590125_0;coverage=1.0;extra_copy_number=0;gbkey=Gene;gene=LOC101590125;gene_biotype=protein_coding;sequence_ID=0.997;valid_ORFs=1
chr2	Liftoff	gene	66475593	66477342	.	+	.	ID=gene-Cript;Dbxref=GeneID:101560381;Name=Cript;origin=rename;copy_num_ID=gene-LOC101560381_0;coverage=1.0;extra_copy_number=0;gbkey=Gene;gene=LOC101560381;gene_biotype=protein_coding;sequence_ID=0.998;valid_ORFs=1
chr2	Liftoff	gene	66639063	66665449	.	-	.	ID=gene-Atp1a2;Dbxref=GeneID:101563311;Name=Atp1a2;origin=rename;copy_num_ID=gene-LOC101563311_0;coverage=0.999;extra_copy_number=0;gbkey=Gene;gene=LOC101563311;gene_biotype=protein_coding;sequence_ID=0.999;valid_ORFs=1
chr2	Liftoff	gene	66918960	66926561	.	+	.	ID=gene-Vsig8;Dbxref=GeneID:101565541;Name=Vsig8;origin=rename;copy_num_ID=gene-LOC101565541_0;coverage=1.0;extra_copy_number=0;gbkey=Gene;gene=LOC101565541;gene_biotype=protein_coding;sequence_ID=0.999;valid_ORFs=1
chr2	Liftoff	gene	67889697	67948061	.	+	.	ID=gene-Aim2;Dbxref=GeneID:111812201;Name=Aim2;origin=rename;copy_num_ID=gene-LOC111812201_0;coverage=1.0;extra_copy_number=0;gbkey=Gene;gene=LOC111812201;gene_biotype=protein_coding;sequence_ID=0.997;valid_ORFs=3
chr2	Liftoff	gene	67952542	67986080	.	-	.	ID=gene-Ifi16;Dbxref=GeneID:101566212;Name=Ifi16;origin=rename;copy_num_ID=gene-LOC101566212_0;coverage=1.0;extra_copy_number=0;gbkey=Gene;gene=LOC101566212;gene_biotype=protein_coding;sequence_ID=0.998;valid_ORFs=1
chr2	Liftoff	gene	68039671	68086037	.	-	.	ID=gene-Ifi203;Dbxref=GeneID:101567004;Name=Ifi203;origin=rename;copy_num_ID=gene-LOC101567004_0;coverage=1.0;extra_copy_number=0;gbkey=Gene;gene=LOC101567004;gene_biotype=protein_coding;sequence_ID=0.995;valid_ORFs=3
chr2	Liftoff	gene	68324484	68339299	.	-	.	ID=gene-Ifi16-l1;Dbxref=GeneID:101568604;Name=Ifi16-l1;origin=rename;copy_num_ID=gene-LOC101568604_0;coverage=1.0;extra_copy_number=0;gbkey=Gene;gene=LOC101568604;gene_biotype=protein_coding;sequence_ID=0.997;valid_ORFs=2
chr2	Liftoff	gene	73261486	73264438	.	+	.	ID=gene-Cd1b2;Dbxref=GeneID:101579846;Name=Cd1b2;origin=rename;copy_num_ID=gene-LOC101579846_0;coverage=1.0;extra_copy_number=0;gbkey=Gene;gene=LOC101579846;gene_biotype=protein_coding;sequence_ID=0.997;valid_ORFs=0
chr2	Liftoff	gene	74571699	74572615	.	+	.	ID=gene-Uck1-l1;Dbxref=GeneID:101584958;Name=Uck1-l1;origin=rename;copy_num_ID=gene-LOC101584958_0;coverage=1.0;extra_copy_number=0;gbkey=Gene;gene=LOC101584958;gene_biotype=protein_coding;sequence_ID=0.992;valid_ORFs=1
chr2	Liftoff	gene	120386836	120431044	.	+	.	ID=gene-Ppfibp1;Dbxref=GeneID:101560048;Name=Ppfibp1;origin=rename;copy_num_ID=gene-LOC101560048_0;coverage=0.365;end_range=18382640,.;extra_copy_number=0;gbkey=Gene;gene=LOC101560048;gene_biotype=protein_coding;low_identity=True;partial=true;partial_mapping=True;sequence_ID=0.359;valid_ORFs=0
chr2	Liftoff	gene	125541662	125541994	.	+	.	ID=gene-Srp14-l2;Dbxref=GeneID:101590116;Name=Srp14-l2;origin=rename;copy_num_ID=gene-LOC101590116_0;coverage=1.0;extra_copy_number=0;gbkey=Gene;gene=LOC101590116;gene_biotype=protein_coding;sequence_ID=0.987;valid_ORFs=1
chr2	Liftoff	gene	129064283	129064746	.	-	.	ID=gene-Srp14-l3;Dbxref=GeneID:101560121;Name=Srp14-l3;origin=rename;copy_num_ID=gene-LOC101560121_0;coverage=1.0;extra_copy_number=0;gbkey=Gene;gene=LOC101560121;gene_biotype=protein_coding;sequence_ID=0.998;valid_ORFs=1
chr2	Liftoff	gene	142249214	142307475	.	+	.	ID=gene-Plekhg7;Dbxref=GeneID:101578157;Name=Plekhg7;origin=rename;copy_num_ID=gene-LOC101578157_0;coverage=1.0;extra_copy_number=0;gbkey=Gene;gene=LOC101578157;gene_biotype=protein_coding;sequence_ID=0.997;valid_ORFs=6
chr2	Liftoff	gene	147660197	147662836	.	+	.	ID=gene-Nucks1-l1;Dbxref=GeneID:101585494;Name=Nucks1-l1;origin=rename;copy_num_ID=gene-LOC101585494_0;coverage=0.998;extra_copy_number=0;gbkey=Gene;gene=LOC101585494;gene_biotype=protein_coding;sequence_ID=0.995;valid_ORFs=1
chr2	Liftoff	gene	149901311	149902745	.	+	.	ID=gene-Ckb-l1;Dbxref=GeneID:101564634;Name=Ckb-l1;origin=rename;copy_num_ID=gene-LOC101564634_0;coverage=0.996;extra_copy_number=0;gbkey=Gene;gene=LOC101564634;gene_biotype=protein_coding;sequence_ID=0.990;valid_ORFs=0
chr2	Liftoff	gene	157029190	157032520	.	+	.	ID=gene-Mcm5;Dbxref=GeneID:111814957;Name=Mcm5;origin=rename;copy_num_ID=gene-LOC111814957_0;coverage=1.0;extra_copy_number=0;gbkey=Gene;gene=LOC111814957;gene_biotype=protein_coding;sequence_ID=0.996;valid_ORFs=1
chr3	Liftoff	gene	1073182	1082445	.	+	.	ID=gene-Znf689;Dbxref=GeneID:101569106;Name=Znf689;origin=rename;copy_num_ID=gene-LOC101569106_0;coverage=1.0;extra_copy_number=0;gbkey=Gene;gene=LOC101569106;gene_biotype=protein_coding;sequence_ID=0.997;valid_ORFs=1
chr3	Liftoff	gene	1104961	1109312	.	+	.	ID=gene-Znf688;Dbxref=GeneID:101565009;Name=Znf688;origin=rename;copy_num_ID=gene-LOC101565009_0;coverage=1.0;extra_copy_number=0;gbkey=Gene;gene=LOC101565009;gene_biotype=protein_coding;sequence_ID=0.999;valid_ORFs=3
chr3	Liftoff	gene	1539659	1545942	.	+	.	ID=gene-T-enol;Dbxref=GeneID:111815160;Name=T-enol;origin=rename;copy_num_ID=gene-LOC111815160_0;coverage=1.0;extra_copy_number=0;gbkey=Gene;gene=LOC111815160;gene_biotype=protein_coding;sequence_ID=0.994;valid_ORFs=3
chr3	Liftoff	gene	1862145	1871066	.	+	.	ID=gene-Sult1a1;Dbxref=GeneID:101563156;Name=Sult1a1;origin=rename;copy_num_ID=gene-LOC101563156_0;coverage=0.999;extra_copy_number=0;gbkey=Gene;gene=LOC101563156;gene_biotype=protein_coding;sequence_ID=0.999;valid_ORFs=6
chr3	Liftoff	gene	1877555	1880678	.	+	.	ID=gene-Sult1a1-l1;Dbxref=GeneID:101562749;Name=Sult1a1-l1;origin=rename;copy_num_ID=gene-LOC101562749_0;coverage=1.0;extra_copy_number=0;gbkey=Gene;gene=LOC101562749;gene_biotype=protein_coding;sequence_ID=0.997;valid_ORFs=2
chr3	Liftoff	gene	1916462	1917870	.	+	.	ID=gene-Nupr1-l1;Dbxref=GeneID:101564986;Name=Nupr1-l1;origin=rename;copy_num_ID=gene-LOC101564986_0;coverage=1.0;end_range=4285,.;extra_copy_number=0;gbkey=Gene;gene=LOC101564986;gene_biotype=protein_coding;partial=true;sequence_ID=0.998;valid_ORFs=0
chr3	Liftoff	gene	2002154	2016773	.	+	.	ID=gene-Eif3c;Dbxref=GeneID:101583547;Name=Eif3c;origin=rename;copy_num_ID=gene-LOC101583547_0;coverage=1.0;extra_copy_number=0;gbkey=Gene;gene=LOC101583547;gene_biotype=protein_coding;sequence_ID=0.999;valid_ORFs=1
chr3	Liftoff	gene	7088542	7089023	.	-	.	ID=gene-Cox6b1-l1;Dbxref=GeneID:101567514;Name=Cox6b1-l1;origin=rename;copy_num_ID=gene-LOC101567514_0;coverage=1.0;extra_copy_number=0;gbkey=Gene;gene=LOC101567514;gene_biotype=protein_coding;sequence_ID=0.994;valid_ORFs=1
chr3	Liftoff	gene	7216324	7216791	.	-	.	ID=gene-Prdx1-l1;Dbxref=GeneID:101581178;Name=Prdx1-l1;origin=rename;copy_num_ID=gene-LOC101581178_0;coverage=1.0;extra_copy_number=0;gbkey=Gene;gene=LOC101581178;gene_biotype=protein_coding;sequence_ID=1.0;valid_ORFs=1
chr3	Liftoff	gene	8113548	8165927	.	-	.	ID=gene-Mfsd13a-l1;Dbxref=GeneID:101578815;Name=Mfsd13a-l1;origin=rename;copy_num_ID=gene-LOC101578815_0;coverage=1.0;extra_copy_number=0;gbkey=Gene;gene=LOC101578815;gene_biotype=protein_coding;sequence_ID=0.998;valid_ORFs=3
chr3	Liftoff	gene	8480712	8519326	.	-	.	ID=gene-Uqcrc2;Dbxref=GeneID:101576799;Name=Uqcrc2;origin=rename;copy_num_ID=gene-LOC101576799_0;coverage=1.0;extra_copy_number=0;gbkey=Gene;gene=LOC101576799;gene_biotype=protein_coding;sequence_ID=0.997;valid_ORFs=1
chr3	Liftoff	gene	8535821	8671068	.	-	.	ID=gene-Abca3-l1;Dbxref=GeneID:101576393;Name=Abca3-l1;origin=rename;copy_num_ID=gene-LOC101576393_0;coverage=1.0;extra_copy_number=0;gbkey=Gene;gene=LOC101576393;gene_biotype=protein_coding;sequence_ID=0.999;valid_ORFs=1
chr3	Liftoff	gene	9098351	9151098	.	-	.	ID=gene-Acsm3;Dbxref=GeneID:101574813;Name=Acsm3;origin=rename;copy_num_ID=gene-LOC101574813_0;coverage=0.809;extra_copy_number=0;gbkey=Gene;gene=LOC101574813;gene_biotype=protein_coding;sequence_ID=0.808;valid_ORFs=0
chr3	Liftoff	gene	9202124	9222858	.	-	.	ID=gene-Acsm4;Dbxref=GeneID:101559722;Name=Acsm4;origin=rename;copy_num_ID=gene-LOC101559722_0;coverage=1.0;extra_copy_number=0;gbkey=Gene;gene=LOC101559722;gene_biotype=protein_coding;sequence_ID=0.999;valid_ORFs=1
chr3	Liftoff	gene	19451231	19452058	.	+	.	ID=gene-Ftmt;Dbxref=GeneID:101589392;Name=Ftmt;origin=rename;copy_num_ID=gene-LOC101589392_0;coverage=1.0;extra_copy_number=0;gbkey=Gene;gene=LOC101589392;gene_biotype=protein_coding;sequence_ID=0.999;valid_ORFs=1
chr3	Liftoff	gene	23292166	23293872	.	+	.	ID=gene-Tle6-l1;Dbxref=GeneID:101582689;Name=Tle6-l1;origin=rename;copy_num_ID=gene-LOC101582689_0;coverage=0.998;extra_copy_number=0;gbkey=Gene;gene=LOC101582689;gene_biotype=protein_coding;sequence_ID=0.998;valid_ORFs=1
chr3	Liftoff	gene	29993330	29994866	.	+	.	ID=gene-Iigp1;Dbxref=GeneID:101571590;Name=Iigp1;origin=rename;copy_num_ID=gene-LOC101571590_0;coverage=0.987;extra_copy_number=0;gbkey=Gene;gene=LOC101571590;gene_biotype=protein_coding;sequence_ID=0.873;valid_ORFs=0
chr3	AUGUSTUS	gene	31456034	31471986	.	-	.	ID=gene-Grpel2;Name=Grpel2;origin=replace
chr3	Liftoff	gene	32608999	32621106	.	-	.	ID=gene-Spink6;Dbxref=GeneID:101568399;Name=Spink6;origin=rename;copy_num_ID=gene-LOC101568399_0;coverage=1.0;extra_copy_number=0;gbkey=Gene;gene=LOC101568399;gene_biotype=protein_coding;sequence_ID=0.996;valid_ORFs=1
chr3	Liftoff	gene	39423688	39424294	.	+	.	ID=gene-Sub1-l1;Dbxref=GeneID:101578466;Name=Sub1-l1;origin=rename;copy_num_ID=gene-LOC101578466_0;coverage=1.0;extra_copy_number=0;gbkey=Gene;gene=LOC101578466;gene_biotype=protein_coding;sequence_ID=0.998;valid_ORFs=1
chr3	Liftoff	gene	39975366	40130592	.	-	.	ID=gene-Pcdhgc5;Dbxref=GeneID:101583855;Name=Pcdhgc5;origin=rename;copy_num_ID=gene-LOC101583855_0;coverage=0.999;extra_copy_number=0;gbkey=Gene;gene=LOC101583855;gene_biotype=protein_coding;sequence_ID=0.998;valid_ORFs=15
chr3	Liftoff	gene	40107185	40109701	.	-	.	ID=gene-Pcdhga6;Dbxref=GeneID:101563607;Name=Pcdhga6;origin=rename;copy_num_ID=gene-LOC101563607_0;coverage=1.0;extra_copy_number=0;gbkey=Gene;gene=LOC101563607;gene_biotype=protein_coding;sequence_ID=0.999;valid_ORFs=1
chr3	Liftoff	gene	40194754	40207412	.	-	.	ID=gene-Pcdhga2;Dbxref=GeneID:101568369;Name=Pcdhga2;origin=rename;copy_num_ID=gene-LOC101568369_0;coverage=0.999;extra_copy_number=0;gbkey=Gene;gene=LOC101568369;gene_biotype=protein_coding;sequence_ID=0.995;valid_ORFs=0
chr3	Liftoff	gene	40210865	40215955	.	-	.	ID=gene-Pcdhga1;Dbxref=GeneID:101568783;Name=Pcdhga1;origin=rename;copy_num_ID=gene-LOC101568783_0;coverage=1.0;extra_copy_number=0;gbkey=Gene;gene=LOC101568783;gene_biotype=protein_coding;sequence_ID=0.996;valid_ORFs=1
chr3	Liftoff	gene	40243894	40244889	.	+	.	ID=gene-Slc25a2;Dbxref=GeneID:101569558;Name=Slc25a2;origin=rename;copy_num_ID=gene-LOC101569558_0;coverage=1.0;extra_copy_number=0;gbkey=Gene;gene=LOC101569558;gene_biotype=protein_coding;sequence_ID=0.997;valid_ORFs=1
chr3	Liftoff	gene	40250729	40251061	.	+	.	ID=gene-Pyurf-l2;Dbxref=GeneID:101569956;Name=Pyurf-l2;origin=rename;copy_num_ID=gene-LOC101569956_0;coverage=1.0;extra_copy_number=0;gbkey=Gene;gene=LOC101569956;gene_biotype=protein_coding;sequence_ID=1.0;valid_ORFs=1
chr3	Liftoff	gene	40395927	40401186	.	-	.	ID=gene-Pcdhb11;Dbxref=GeneID:101571161;Name=Pcdhb11;origin=rename;copy_num_ID=gene-LOC101571161_0;coverage=1.0;extra_copy_number=0;gbkey=Gene;gene=LOC101571161;gene_biotype=protein_coding;sequence_ID=0.998;valid_ORFs=1
chr3	Liftoff	gene	40404366	40413965	.	-	.	ID=gene-Pcdhb16;Dbxref=GeneID:101571961;Name=Pcdhb16;origin=rename;copy_num_ID=gene-LOC101571961_0;coverage=0.999;extra_copy_number=0;gbkey=Gene;gene=LOC101571961;gene_biotype=protein_coding;sequence_ID=0.998;valid_ORFs=0
chr3	Liftoff	gene	40417322	40421466	.	-	.	ID=gene-Pcdhb7;Dbxref=GeneID:111813387;Name=Pcdhb7;origin=rename;copy_num_ID=gene-LOC111813387_0;coverage=0.586;extra_copy_number=0;gbkey=Gene;gene=LOC111813387;gene_biotype=protein_coding;sequence_ID=0.584;valid_ORFs=1
chr3	Liftoff	gene	40515628	40519579	.	-	.	ID=gene-Pcdhb4;Dbxref=GeneID:101573957;Name=Pcdhb4;origin=rename;copy_num_ID=gene-LOC101573957_0;coverage=0.997;extra_copy_number=0;gbkey=Gene;gene=LOC101573957;gene_biotype=protein_coding;sequence_ID=0.992;valid_ORFs=1
chr3	Liftoff	gene	40568421	40572039	.	-	.	ID=gene-Pcdhb4-l1;Dbxref=GeneID:101574334;Name=Pcdhb4-l1;origin=rename;copy_num_ID=gene-LOC101574334_0;coverage=0.634;extra_copy_number=0;gbkey=Gene;gene=LOC101574334;gene_biotype=protein_coding;sequence_ID=0.634;valid_ORFs=1
chr3	Liftoff	gene	40590249	40592657	.	-	.	ID=gene-Pcdhb2;Dbxref=GeneID:101575133;Name=Pcdhb2;origin=rename;copy_num_ID=gene-LOC101575133_0;coverage=1.0;extra_copy_number=0;gbkey=Gene;gene=LOC101575133;gene_biotype=protein_coding;sequence_ID=0.998;valid_ORFs=1
chr3	Liftoff	gene	40679660	40865472	.	-	.	ID=gene-Pcdhac2;Dbxref=GeneID:101587656;Name=Pcdhac2;origin=rename;copy_num_ID=gene-LOC101587656_0;coverage=0.999;extra_copy_number=0;gbkey=Gene;gene=LOC101587656;gene_biotype=protein_coding;sequence_ID=0.998;valid_ORFs=3
chr3	gmst	gene	40680515	40910354	.	-	.	ID=gene-Pcdha4;Name=Pcdha4;origin=replace
chr3	Liftoff	gene	40949550	40951997	.	-	.	ID=gene-Pcdha1;Dbxref=GeneID:101579519;Name=Pcdha1;origin=rename;copy_num_ID=gene-LOC101579519_0;coverage=1.0;extra_copy_number=0;gbkey=Gene;gene=LOC101579519;gene_biotype=protein_coding;sequence_ID=0.997;valid_ORFs=1
chr3	Liftoff	gene	41002201	41002549	.	+	.	ID=gene-Rpl37-l1;Dbxref=GeneID:101588700;Name=Rpl37-l1;origin=rename;copy_num_ID=gene-LOC101588700_0;coverage=1.0;extra_copy_number=0;gbkey=Gene;gene=LOC101588700;gene_biotype=protein_coding;sequence_ID=1.0;valid_ORFs=1
chr3	Liftoff	gene	41129530	41137472	.	-	.	ID=gene-Hars2;Dbxref=GeneID:101585668;Name=Hars2;origin=rename;copy_num_ID=gene-LOC101585668_0;coverage=1.0;extra_copy_number=0;gbkey=Gene;gene=LOC101585668;gene_biotype=protein_coding;sequence_ID=0.999;valid_ORFs=1
chr3	Liftoff	gene	41232280	41234893	.	-	.	ID=gene-Slc35a4-l1;Dbxref=GeneID:111813170;Name=Slc35a4-l1;origin=rename;copy_num_ID=gene-LOC111813170_0;coverage=1.0;extra_copy_number=0;gbkey=Gene;gene=LOC111813170;gene_biotype=protein_coding;sequence_ID=0.996;valid_ORFs=3
chr3	Liftoff	gene	42240670	42241306	.	+	.	ID=gene-S100a10-l1;Dbxref=GeneID:101569979;Name=S100a10-l1;origin=rename;copy_num_ID=gene-LOC101569979_0;coverage=1.0;extra_copy_number=0;gbkey=Gene;gene=LOC101569979;gene_biotype=protein_coding;sequence_ID=0.991;valid_ORFs=1
chr3	Liftoff	gene	43512625	43519512	.	-	.	ID=gene-Slbp2;Dbxref=GeneID:101591995;Name=Slbp2;origin=rename;copy_num_ID=gene-LOC101591995_0;coverage=1.0;extra_copy_number=0;gbkey=Gene;gene=LOC101591995;gene_biotype=protein_coding;sequence_ID=1.0;valid_ORFs=1
chr3	Liftoff	gene	45731054	45732482	.	-	.	ID=gene-Ndufa10-l1;Dbxref=GeneID:101584107;Name=Ndufa10-l1;origin=rename;copy_num_ID=gene-LOC101584107_0;coverage=1.0;extra_copy_number=0;gbkey=Gene;gene=LOC101584107;gene_biotype=protein_coding;sequence_ID=0.990;valid_ORFs=0
chr3	Liftoff	gene	54907994	54910166	.	+	.	ID=gene-Sar1a-l1;Dbxref=GeneID:101565949;Name=Sar1a-l1;origin=rename;copy_num_ID=gene-LOC101565949_0;coverage=0.995;extra_copy_number=0;gbkey=Gene;gene=LOC101565949;gene_biotype=protein_coding;sequence_ID=0.993;valid_ORFs=1
chr3	Liftoff	gene	59921190	59921668	.	+	.	ID=gene-Rps13-l3;Dbxref=GeneID:101571522;Name=Rps13-l3;origin=rename;copy_num_ID=gene-LOC101571522_0;coverage=1.0;extra_copy_number=0;gbkey=Gene;gene=LOC101571522;gene_biotype=protein_coding;sequence_ID=0.993;valid_ORFs=1
chr3	Liftoff	gene	70488484	70489836	.	-	.	ID=gene-Cox7c;Dbxref=GeneID:101565429;Name=Cox7c;origin=rename;copy_num_ID=gene-LOC101565429_0;coverage=0.506;extra_copy_number=0;gbkey=Gene;gene=LOC101565429;gene_biotype=protein_coding;sequence_ID=0.504;valid_ORFs=0
chr3	Liftoff	gene	76600371	76604772	.	-	.	ID=gene-Or2t27;Dbxref=GeneID:101572596;Name=Or2t27;origin=rename;copy_num_ID=gene-LOC101572596_0;coverage=0.876;extra_copy_number=0;gbkey=Gene;gene=LOC101572596;gene_biotype=protein_coding;sequence_ID=0.874;valid_ORFs=0
chr3	Liftoff	gene	77309083	77310015	.	-	.	ID=gene-Or14a16;Dbxref=GeneID:101592934;Name=Or14a16;origin=rename;copy_num_ID=gene-LOC101592934_0;coverage=1.0;extra_copy_number=0;gbkey=Gene;gene=LOC101592934;gene_biotype=protein_coding;sequence_ID=0.989;valid_ORFs=1
chr3	Liftoff	gene	78129143	78130081	.	-	.	ID=gene-Or2l3;Dbxref=GeneID:101561526;Name=Or2l3;origin=rename;copy_num_ID=gene-LOC101561526_0;coverage=1.0;extra_copy_number=0;gbkey=Gene;gene=LOC101561526;gene_biotype=protein_coding;sequence_ID=0.997;valid_ORFs=1
chr3	Liftoff	gene	79246721	79248071	.	+	.	ID=gene-Or2t6;Dbxref=GeneID:101591650;Name=Or2t6;origin=rename;copy_num_ID=gene-LOC101591650_0;coverage=1.0;extra_copy_number=0;gbkey=Gene;gene=LOC101591650;gene_biotype=protein_coding;sequence_ID=0.998;valid_ORFs=1
chr3	Liftoff	gene	79649355	79651946	.	-	.	ID=gene-Tdrkh-l2;Dbxref=GeneID:101583780;Name=Tdrkh-l2;origin=rename;copy_num_ID=gene-LOC101583780_0;coverage=0.997;extra_copy_number=0;gbkey=Gene;gene=LOC101583780;gene_biotype=protein_coding;sequence_ID=0.991;valid_ORFs=0
chr3	Liftoff	gene	80194410	80195433	.	-	.	ID=gene-H2ac7;Dbxref=GeneID:101567349;Name=H2ac7;origin=rename;copy_num_ID=gene-LOC101567349_0;coverage=1.0;extra_copy_number=0;gbkey=Gene;gene=LOC101567349;gene_biotype=protein_coding;sequence_ID=0.998;valid_ORFs=0
chr3	Liftoff	gene	80202294	80203453	.	-	.	ID=gene-H2bc7;Dbxref=GeneID:101587690;Name=H2bc7;origin=rename;copy_num_ID=gene-LOC101587690_0;coverage=1.0;extra_copy_number=0;gbkey=Gene;gene=LOC101587690;gene_biotype=protein_coding;sequence_ID=0.998;valid_ORFs=1
chr3	Liftoff	gene	80248517	80285811	.	+	.	ID=gene-Zfp39;Dbxref=GeneID:101569736;Name=Zfp39;origin=rename;copy_num_ID=gene-LOC101569736_0;coverage=1.0;extra_copy_number=0;gbkey=Gene;gene=LOC101569736;gene_biotype=protein_coding;sequence_ID=1.0;valid_ORFs=1
chr3	Liftoff	gene	80759275	80759907	.	-	.	ID=gene-Cox6a2;Dbxref=GeneID:101575209;Name=Cox6a2;origin=rename;copy_num_ID=gene-LOC101575209_0;coverage=1.0;extra_copy_number=0;gbkey=Gene;gene=LOC101575209;gene_biotype=protein_coding;sequence_ID=0.998;valid_ORFs=1
chr3	Liftoff	gene	82517278	82542761	.	+	.	ID=gene-Depdc1-l1;Dbxref=GeneID:101583025;Name=Depdc1-l1;origin=rename;copy_num_ID=gene-LOC101583025_0;coverage=0.937;end_range=11114963,.;extra_copy_number=0;gbkey=Gene;gene=LOC101583025;gene_biotype=protein_coding;partial=true;sequence_ID=0.932;valid_ORFs=0
chr3	Liftoff	gene	83451030	83463356	.	+	.	ID=gene-Bag2;Dbxref=GeneID:105742108;Name=Bag2;origin=rename;copy_num_ID=gene-LOC105742108_0;coverage=1.0;extra_copy_number=0;gbkey=Gene;gene=LOC105742108;gene_biotype=protein_coding;sequence_ID=0.993;valid_ORFs=1
chr3	Liftoff	gene	83864569	83866063	.	+	.	ID=gene-Smim10l1-l1;Dbxref=GeneID:101581833;Name=Smim10l1-l1;origin=rename;copy_num_ID=gene-LOC101581833_0;coverage=1.0;extra_copy_number=0;gbkey=Gene;gene=LOC101581833;gene_biotype=protein_coding;sequence_ID=0.996;valid_ORFs=1
chr3	Liftoff	gene	86823462	86828944	.	+	.	ID=gene-Ptp4a1;Dbxref=GeneID:101584967;Name=Ptp4a1;origin=rename;copy_num_ID=gene-LOC101584967_0;coverage=1.0;extra_copy_number=0;gbkey=Gene;gene=LOC101584967;gene_biotype=protein_coding;sequence_ID=0.993;valid_ORFs=1
chr3	Liftoff	gene	96755110	96812350	.	-	.	ID=gene-Tmem30a-l1;Dbxref=GeneID:101563666;Name=Tmem30a-l1;origin=rename;copy_num_ID=gene-LOC101563666_0;coverage=1.0;extra_copy_number=0;gbkey=Gene;gene=LOC101563666;gene_biotype=protein_coding;sequence_ID=0.995;valid_ORFs=5
chr3	Liftoff	gene	97012309	97012722	.	+	.	ID=gene-Snrpg-l2;Dbxref=GeneID:111817552;Name=Snrpg-l2;origin=rename;copy_num_ID=gene-LOC111817552_0;coverage=1.0;extra_copy_number=0;gbkey=Gene;gene=LOC111817552;gene_biotype=protein_coding;sequence_ID=0.995;valid_ORFs=1
chr3	Liftoff	gene	100239843	100243198	.	+	.	ID=gene-Ipo5-l1;Dbxref=GeneID:101566968;Name=Ipo5-l1;origin=rename;copy_num_ID=gene-LOC101566968_0;coverage=1.0;extra_copy_number=0;gbkey=Gene;gene=LOC101566968;gene_biotype=protein_coding;sequence_ID=0.998;valid_ORFs=1
chr3	Liftoff	gene	100685694	100687212	.	+	.	ID=gene-Chtop-l1;Dbxref=GeneID:111817540;Name=Chtop-l1;origin=rename;copy_num_ID=gene-LOC111817540_0;coverage=1.0;extra_copy_number=0;gbkey=Gene;gene=LOC111817540;gene_biotype=protein_coding;sequence_ID=0.993;valid_ORFs=1
chr3	Liftoff	gene	101316074	101335685	.	+	.	ID=gene-Atp5f1c-l1;Dbxref=GeneID:101565111;Name=Atp5f1c-l1;origin=rename;copy_num_ID=gene-LOC101565111_0;coverage=1.0;extra_copy_number=0;gbkey=Gene;gene=LOC101565111;gene_biotype=protein_coding;sequence_ID=0.999;valid_ORFs=1
chr3	Liftoff	gene	101544539	101577413	.	+	.	ID=gene-Tmem30a-l2;Dbxref=GeneID:101591135;Name=Tmem30a-l2;origin=rename;copy_num_ID=gene-LOC101591135_0;coverage=0.990;extra_copy_number=0;gbkey=Gene;gene=LOC101591135;gene_biotype=protein_coding;sequence_ID=0.987;valid_ORFs=0
chr3	Liftoff	gene	101589623	101597999	.	+	.	ID=gene-Cox7a2;Dbxref=GeneID:101590345;Name=Cox7a2;origin=rename;copy_num_ID=gene-LOC101590345_0;coverage=1.0;extra_copy_number=0;gbkey=Gene;gene=LOC101590345;gene_biotype=protein_coding;sequence_ID=0.997;valid_ORFs=1
chr3	Liftoff	gene	102325247	102339009	.	-	.	ID=gene-Znf709-l8;Dbxref=GeneID:101593194;Name=Znf709-l8;origin=rename;copy_num_ID=gene-LOC101593194_0;coverage=0.999;extra_copy_number=0;gbkey=Gene;gene=LOC101593194;gene_biotype=protein_coding;sequence_ID=0.997;valid_ORFs=2
chr3	Liftoff	gene	103206684	103272545	.	+	.	ID=gene-Vmn2r116-l1;Dbxref=GeneID:101585187;Name=Vmn2r116-l1;origin=rename;copy_num_ID=gene-LOC101585187_0;coverage=1.0;extra_copy_number=0;gbkey=Gene;gene=LOC101585187;gene_biotype=protein_coding;sequence_ID=0.997;valid_ORFs=1
chr3	Liftoff	gene	103552985	103557502	.	+	.	ID=gene-Ccdc194;Dbxref=GeneID:111814385;Name=Ccdc194;origin=rename;copy_num_ID=gene-LOC111814385_0;coverage=1.0;extra_copy_number=0;gbkey=Gene;gene=LOC111814385;gene_biotype=protein_coding;sequence_ID=1.0;valid_ORFs=1
chr3	Liftoff	gene	104789203	104804822	.	-	.	ID=gene-Vmn2r116-l2;Dbxref=GeneID:101585711;Name=Vmn2r116-l2;origin=rename;copy_num_ID=gene-LOC101585711_0;coverage=1.0;extra_copy_number=0;gbkey=Gene;gene=LOC101585711;gene_biotype=protein_coding;sequence_ID=0.996;valid_ORFs=1
chr3	Liftoff	gene	104877476	104948255	.	+	.	ID=gene-Vmn2r116-l3;Dbxref=GeneID:101585316;Name=Vmn2r116-l3;origin=rename;copy_num_ID=gene-LOC101585316_0;coverage=0.999;extra_copy_number=0;gbkey=Gene;gene=LOC101585316;gene_biotype=protein_coding;sequence_ID=0.996;valid_ORFs=0
chr3	Liftoff	gene	105010180	105040599	.	-	.	ID=gene-Vmn2r116-l4;Dbxref=GeneID:101584922;Name=Vmn2r116-l4;origin=rename;copy_num_ID=gene-LOC101584922_0;coverage=0.998;extra_copy_number=0;gbkey=Gene;gene=LOC101584922;gene_biotype=protein_coding;sequence_ID=0.994;valid_ORFs=1
chr3	Liftoff	gene	105909781	105912947	.	-	.	ID=gene-Mef2b;Dbxref=GeneID:101592919;Name=Mef2b;origin=rename;copy_num_ID=gene-LOC101592919_0;coverage=1.0;extra_copy_number=0;gbkey=Gene;gene=LOC101592919;gene_biotype=protein_coding;sequence_ID=0.999;valid_ORFs=1
chr3	Liftoff	gene	106913686	106923015	.	+	.	ID=gene-Vmn2r116-l5;Dbxref=GeneID:101586613;Name=Vmn2r116-l5;origin=rename;copy_num_ID=gene-LOC101586613_0;coverage=1.0;extra_copy_number=0;gbkey=Gene;gene=LOC101586613;gene_biotype=protein_coding;sequence_ID=0.994;valid_ORFs=1
chr3	Liftoff	gene	107015977	107047452	.	+	.	ID=gene-Znf709-l9;Dbxref=GeneID:101585811;Name=Znf709-l9;origin=rename;copy_num_ID=gene-LOC101585811_0;coverage=1.0;extra_copy_number=0;gbkey=Gene;gene=LOC101585811;gene_biotype=protein_coding;sequence_ID=0.998;valid_ORFs=1
chr3	Liftoff	gene	108180827	108181650	.	+	.	ID=gene-Prnp-l1;Dbxref=GeneID:101577537;Name=Prnp-l1;origin=rename;copy_num_ID=gene-LOC101577537_0;coverage=1.0;extra_copy_number=0;gbkey=Gene;gene=LOC101577537;gene_biotype=protein_coding;sequence_ID=0.994;valid_ORFs=1
chr3	Liftoff	gene	108749404	108752886	.	-	.	ID=gene-Cd209e;Dbxref=GeneID:101573569;Name=Cd209e;origin=rename;copy_num_ID=gene-LOC101573569_0;coverage=1.0;extra_copy_number=0;gbkey=Gene;gene=LOC101573569;gene_biotype=protein_coding;sequence_ID=0.997;valid_ORFs=1
chr3	AUGUSTUS	gene	108761637	108783030	.	-	.	ID=gene-Cd209l2;Name=Cd209l2;origin=replace
chr3	Liftoff	gene	108777274	108783082	.	-	.	ID=gene-Cd209b;Dbxref=GeneID:101573168;Name=Cd209b;origin=rename;copy_num_ID=gene-LOC101573168_0;coverage=0.999;extra_copy_number=0;gbkey=Gene;gene=LOC101573168;gene_biotype=protein_coding;sequence_ID=0.994;valid_ORFs=1
chr3	Liftoff	gene	108798055	108802499	.	-	.	ID=gene-Cd209a-l1;Dbxref=GeneID:101572769;Name=Cd209a-l1;origin=rename;copy_num_ID=gene-LOC101572769_0;coverage=1.0;extra_copy_number=0;gbkey=Gene;gene=LOC101572769;gene_biotype=protein_coding;sequence_ID=0.997;valid_ORFs=1
chr3	Liftoff	gene	108838470	108841638	.	+	.	ID=gene-Cd209a;Dbxref=GeneID:101571970;Name=Cd209a;origin=rename;copy_num_ID=gene-LOC101571970_0;coverage=1.0;extra_copy_number=0;gbkey=Gene;gene=LOC101571970;gene_biotype=protein_coding;sequence_ID=0.998;valid_ORFs=1
chr3	Liftoff	gene	109716454	109717053	.	-	.	ID=gene-Mbd3l5;Dbxref=GeneID:101562425;Name=Mbd3l5;origin=rename;copy_num_ID=gene-LOC101562425_0;coverage=1.0;extra_copy_number=0;gbkey=Gene;gene=LOC101562425;gene_biotype=protein_coding;sequence_ID=0.996;valid_ORFs=1
chr3	Liftoff	gene	114257087	114310402	.	-	.	ID=gene-Vmn2r116-l6;Dbxref=GeneID:101561904;Name=Vmn2r116-l6;origin=rename;copy_num_ID=gene-LOC101561904_0;coverage=0.998;extra_copy_number=0;gbkey=Gene;gene=LOC101561904;gene_biotype=protein_coding;sequence_ID=0.994;valid_ORFs=1
chr3	Liftoff	gene	114677631	114691527	.	+	.	ID=gene-Vmn2r116-l7;Dbxref=GeneID:101590583;Name=Vmn2r116-l7;origin=rename;copy_num_ID=gene-LOC101590583_0;coverage=1.0;extra_copy_number=0;gbkey=Gene;gene=LOC101590583;gene_biotype=protein_coding;sequence_ID=0.991;valid_ORFs=1
chr3	Liftoff	gene	115848635	115849576	.	+	.	ID=gene-Or7d11;Dbxref=GeneID:101576354;Name=Or7d11;origin=rename;copy_num_ID=gene-LOC101576354_0;coverage=1.0;extra_copy_number=0;gbkey=Gene;gene=LOC101576354;gene_biotype=protein_coding;sequence_ID=1.0;valid_ORFs=1
chr3	Liftoff	gene	115876309	115889257	.	+	.	ID=gene-Znf699;Dbxref=GeneID:111817141;Name=Znf699;origin=rename;copy_num_ID=gene-LOC111817141_0;coverage=1.0;extra_copy_number=0;gbkey=Gene;gene=LOC111817141;gene_biotype=protein_coding;sequence_ID=0.999;valid_ORFs=2
chr3	Liftoff	gene	115876480	116778101	.	+	.	ID=gene-Znf699-l1;Dbxref=GeneID:101563650;Name=Znf699-l1;origin=rename;copy_num_ID=gene-LOC101563650_0;coverage=1.0;extra_copy_number=0;gbkey=Gene;gene=LOC101563650;gene_biotype=protein_coding;sequence_ID=0.999;valid_ORFs=8
chr3	Liftoff	gene	115905657	115906533	.	-	.	ID=gene-Tmem14c-l1;Dbxref=GeneID:101574372;Name=Tmem14c-l1;origin=rename;copy_num_ID=gene-LOC101574372_0;coverage=1.0;extra_copy_number=0;gbkey=Gene;gene=LOC101574372;gene_biotype=protein_coding;sequence_ID=1.0;valid_ORFs=1
chr3	Liftoff	gene	116657014	116680923	.	-	.	ID=gene-Vmn2r116-l8;Dbxref=GeneID:101564833;Name=Vmn2r116-l8;origin=rename;copy_num_ID=gene-LOC101564833_0;coverage=1.0;extra_copy_number=0;gbkey=Gene;gene=LOC101564833;gene_biotype=protein_coding;sequence_ID=0.999;valid_ORFs=1
chr3	Liftoff	gene	116920163	116924137	.	+	.	ID=gene-Vmn2r116-l9;Dbxref=GeneID:101562456;Name=Vmn2r116-l9;origin=rename;copy_num_ID=gene-LOC101562456_0;coverage=0.609;extra_copy_number=0;gbkey=Gene;gene=LOC101562456;gene_biotype=protein_coding;sequence_ID=0.608;valid_ORFs=0
chr3	Liftoff	gene	116953771	117012081	.	-	.	ID=gene-Znf426-l1;Dbxref=GeneID:101561263;Name=Znf426-l1;origin=rename;copy_num_ID=gene-LOC101561263_0;coverage=0.981;extra_copy_number=0;gbkey=Gene;gene=LOC101561263;gene_biotype=protein_coding;sequence_ID=0.981;valid_ORFs=0
chr3	Liftoff	gene	116972867	116974144	.	+	.	ID=gene-Krt8-l1;Dbxref=GeneID:101561661;Name=Krt8-l1;origin=rename;copy_num_ID=gene-LOC101561661_0;coverage=1.0;extra_copy_number=0;gbkey=Gene;gene=LOC101561661;gene_biotype=protein_coding;sequence_ID=1.0;valid_ORFs=1
chr3	Liftoff	gene	117225765	117271624	.	-	.	ID=gene-Znf426-l2;Dbxref=GeneID:101593064;Name=Znf426-l2;origin=rename;copy_num_ID=gene-LOC101593064_0;coverage=1.0;extra_copy_number=0;gbkey=Gene;gene=LOC101593064;gene_biotype=protein_coding;sequence_ID=0.999;valid_ORFs=2
chr3	Liftoff	gene	117290704	117307630	.	+	.	ID=gene-Znf426;Dbxref=GeneID:101592674;Name=Znf426;origin=rename;copy_num_ID=gene-LOC101592674_0;coverage=1.0;extra_copy_number=0;gbkey=Gene;gene=LOC101592674;gene_biotype=protein_coding;sequence_ID=0.999;valid_ORFs=2
chr3	Liftoff	gene	118279039	118281033	.	-	.	ID=gene-Nutf2-l1;Dbxref=GeneID:101584394;Name=Nutf2-l1;origin=rename;copy_num_ID=gene-LOC101584394_0;coverage=1.0;extra_copy_number=0;gbkey=Gene;gene=LOC101584394;gene_biotype=protein_coding;sequence_ID=0.997;valid_ORFs=1
chr3	Liftoff	gene	118750864	118765547	.	+	.	ID=gene-Znf709-l10;Dbxref=GeneID:105740902;Name=Znf709-l10;origin=rename;copy_num_ID=gene-LOC105740902_0;coverage=0.999;extra_copy_number=0;gbkey=Gene;gene=LOC105740902;gene_biotype=protein_coding;sequence_ID=0.996;valid_ORFs=1
chr3	Liftoff	gene	119168031	119176890	.	+	.	ID=gene-Cd70-l1;Dbxref=GeneID:101578115;Name=Cd70-l1;origin=rename;copy_num_ID=gene-LOC101578115_0;coverage=1.0;extra_copy_number=0;gbkey=Gene;gene=LOC101578115;gene_biotype=protein_coding;sequence_ID=1.0;valid_ORFs=1
chr3	Liftoff	gene	119719597	119732711	.	-	.	ID=gene-Acsbg2-l1;Dbxref=GeneID:101570141;Name=Acsbg2-l1;origin=rename;copy_num_ID=gene-LOC101570141_0;coverage=1.0;extra_copy_number=0;gbkey=Gene;gene=LOC101570141;gene_biotype=protein_coding;sequence_ID=0.999;valid_ORFs=1
chr3	Liftoff	gene	120003124	120004303	.	+	.	ID=gene-Fut3;Dbxref=GeneID:101567893;Name=Fut3;origin=rename;copy_num_ID=gene-LOC101567893_0;coverage=1.0;extra_copy_number=0;gbkey=Gene;gene=LOC101567893;gene_biotype=protein_coding;sequence_ID=0.997;valid_ORFs=1
chr3	Liftoff	gene	120007361	120031003	.	+	.	ID=gene-Fut5;Dbxref=GeneID:101567494;Name=Fut5;origin=rename;copy_num_ID=gene-LOC101567494_0;coverage=1.0;extra_copy_number=0;gbkey=Gene;gene=LOC101567494;gene_biotype=protein_coding;partial=true;sequence_ID=0.997;start_range=.,6;valid_ORFs=0
chr3	Liftoff	gene	120707298	120708544	.	-	.	ID=gene-Rps27-l4;Dbxref=GeneID:101576090;Name=Rps27-l4;origin=rename;copy_num_ID=gene-LOC101576090_0;coverage=0.780;extra_copy_number=0;gbkey=Gene;gene=LOC101576090;gene_biotype=protein_coding;sequence_ID=0.780;valid_ORFs=0
chr3	Liftoff	gene	121061583	121062335	.	-	.	ID=gene-Prelid1-l1;Dbxref=GeneID:101562204;Name=Prelid1-l1;origin=rename;copy_num_ID=gene-LOC101562204_0;coverage=0.995;extra_copy_number=0;gbkey=Gene;gene=LOC101562204;gene_biotype=protein_coding;sequence_ID=0.994;valid_ORFs=1
chr3	Liftoff	gene	121907391	121909388	.	-	.	ID=gene-Krcc1-l1;Dbxref=GeneID:101559819;Name=Krcc1-l1;origin=rename;copy_num_ID=gene-LOC101559819_0;coverage=0.998;extra_copy_number=0;gbkey=Gene;gene=LOC101559819;gene_biotype=protein_coding;sequence_ID=0.994;valid_ORFs=1
chr3	Liftoff	gene	121919300	121938862	.	-	.	ID=gene-Znf555;Dbxref=GeneID:101591652;Name=Znf555;origin=rename;copy_num_ID=gene-LOC101591652_0;coverage=1.0;extra_copy_number=0;gbkey=Gene;gene=LOC101591652;gene_biotype=protein_coding;sequence_ID=1.0;valid_ORFs=2
chr3	Liftoff	gene	122487807	122488318	.	+	.	ID=gene-Rps13-l4;Dbxref=GeneID:101586376;Name=Rps13-l4;origin=rename;copy_num_ID=gene-LOC101586376_0;coverage=1.0;extra_copy_number=0;gbkey=Gene;gene=LOC101586376;gene_biotype=protein_coding;sequence_ID=1.0;valid_ORFs=1
chr3	Liftoff	gene	122940982	122946490	.	+	.	ID=gene-Uqcr11;Dbxref=GeneID:101581800;Name=Uqcr11;origin=rename;copy_num_ID=gene-LOC101581800_0;coverage=1.0;extra_copy_number=0;gbkey=Gene;gene=LOC101581800;gene_biotype=protein_coding;sequence_ID=1.0;valid_ORFs=2
chr3	Liftoff	gene	123133326	123157239	.	-	.	ID=gene-Pwwp3a;Dbxref=GeneID:101580623;Name=Pwwp3a;origin=rename;copy_num_ID=gene-LOC101580623_0;coverage=1.0;extra_copy_number=0;gbkey=Gene;gene=LOC101580623;gene_biotype=protein_coding;sequence_ID=1.0;valid_ORFs=4
chr3	Liftoff	gene	123799477	123808122	.	-	.	ID=gene-Bsg;Dbxref=GeneID:101567477;Name=Bsg;origin=rename;copy_num_ID=gene-LOC101567477_0;coverage=1.0;extra_copy_number=0;gbkey=Gene;gene=LOC101567477;gene_biotype=protein_coding;sequence_ID=0.999;valid_ORFs=1
chr3	Liftoff	gene	124349891	124383277	.	-	.	ID=gene-Cyp4f2;Dbxref=GeneID:105742403;Name=Cyp4f2;origin=rename;copy_num_ID=gene-LOC105742403_0;coverage=1.0;extra_copy_number=0;gbkey=Gene;gene=LOC105742403;gene_biotype=protein_coding;sequence_ID=1.0;valid_ORFs=2
chr3	Liftoff	gene	124462447	124473466	.	-	.	ID=gene-Cyp4f6;Dbxref=GeneID:101570664;Name=Cyp4f6;origin=rename;copy_num_ID=gene-LOC101570664_0;coverage=1.0;extra_copy_number=0;gbkey=Gene;gene=LOC101570664;gene_biotype=protein_coding;sequence_ID=0.998;valid_ORFs=3
chr3	Liftoff	gene	124479026	124546422	.	-	.	ID=gene-Cyp4f22;Dbxref=GeneID:101570260;Name=Cyp4f22;origin=rename;copy_num_ID=gene-LOC101570260_0;coverage=1.0;extra_copy_number=0;gbkey=Gene;gene=LOC101570260;gene_biotype=protein_coding;sequence_ID=0.998;valid_ORFs=3
chr3	Liftoff	gene	124522103	124522618	.	+	.	ID=gene-Polr2k-l1;Dbxref=GeneID:101563516;Name=Polr2k-l1;origin=rename;copy_num_ID=gene-LOC101563516_0;coverage=1.0;extra_copy_number=0;gbkey=Gene;gene=LOC101563516;gene_biotype=protein_coding;sequence_ID=1.0;valid_ORFs=1
chr3	Liftoff	gene	124855694	124856519	.	+	.	ID=gene-Gstp1-l1;Dbxref=GeneID:101559684;Name=Gstp1-l1;origin=rename;copy_num_ID=gene-LOC101559684_0;coverage=1.0;extra_copy_number=0;gbkey=Gene;gene=LOC101559684;gene_biotype=protein_coding;sequence_ID=0.995;valid_ORFs=1
chr3	Liftoff	gene	124871970	124881124	.	+	.	ID=gene-Or10t2;Dbxref=GeneID:101567878;Name=Or10t2;origin=rename;copy_num_ID=gene-LOC101567878_0;coverage=1.0;extra_copy_number=0;gbkey=Gene;gene=LOC101567878;gene_biotype=protein_coding;sequence_ID=1.0;valid_ORFs=1
chr3	Liftoff	gene	126019598	126032049	.	-	.	ID=gene-Znf14-l1;Dbxref=GeneID:101573623;Name=Znf14-l1;origin=rename;copy_num_ID=gene-LOC101573623_0;coverage=1.0;extra_copy_number=0;gbkey=Gene;gene=LOC101573623;gene_biotype=protein_coding;sequence_ID=0.999;valid_ORFs=2
chr3	Liftoff	gene	126053793	126067771	.	+	.	ID=gene-Znf791;Dbxref=GeneID:101574018;Name=Znf791;origin=rename;copy_num_ID=gene-LOC101574018_0;coverage=1.0;extra_copy_number=0;gbkey=Gene;gene=LOC101574018;gene_biotype=protein_coding;sequence_ID=0.998;valid_ORFs=1
chr3	Liftoff	gene	127720050	127721678	.	+	.	ID=gene-Sppl2b-l1;Dbxref=GeneID:101588244;Name=Sppl2b-l1;origin=rename;copy_num_ID=gene-LOC101588244_0;coverage=0.999;extra_copy_number=0;gbkey=Gene;gene=LOC101588244;gene_biotype=protein_coding;sequence_ID=0.980;valid_ORFs=0
chr3	Liftoff	gene	128696107	128698739	.	-	.	ID=gene-Cst3-l1;Dbxref=GeneID:101592562;Name=Cst3-l1;origin=rename;copy_num_ID=gene-LOC101592562_0;coverage=1.0;extra_copy_number=0;gbkey=Gene;gene=LOC101592562;gene_biotype=protein_coding;sequence_ID=0.996;valid_ORFs=1
chr3	Liftoff	gene	128737135	128738524	.	-	.	ID=gene-Cst10;Dbxref=GeneID:101559961;Name=Cst10;origin=rename;copy_num_ID=gene-LOC101559961_0;coverage=1.0;extra_copy_number=0;gbkey=Gene;gene=LOC101559961;gene_biotype=protein_coding;sequence_ID=1.0;valid_ORFs=1
chr3	Liftoff	gene	129089508	129092145	.	+	.	ID=gene-Cst3;Dbxref=GeneID:111817890;Name=Cst3;origin=rename;copy_num_ID=gene-LOC111817890_0;coverage=1.0;extra_copy_number=0;gbkey=Gene;gene=LOC111817890;gene_biotype=protein_coding;sequence_ID=1.0;valid_ORFs=1
chr3	Liftoff	gene	129132652	129136389	.	+	.	ID=gene-Cst3-l2;Dbxref=GeneID:111817891;Name=Cst3-l2;origin=rename;copy_num_ID=gene-LOC111817891_0;coverage=1.0;extra_copy_number=0;gbkey=Gene;gene=LOC111817891;gene_biotype=protein_coding;sequence_ID=0.997;valid_ORFs=1
chr3	Liftoff	gene	129147556	129150240	.	+	.	ID=gene-Cst3-l3;Dbxref=GeneID:101562333;Name=Cst3-l3;origin=rename;copy_num_ID=gene-LOC101562333_0;coverage=1.0;extra_copy_number=0;gbkey=Gene;gene=LOC101562333;gene_biotype=protein_coding;sequence_ID=1.0;valid_ORFs=2
chr3	Liftoff	gene	129187659	129191233	.	+	.	ID=gene-Cst3-l4;Dbxref=GeneID:101562731;Name=Cst3-l4;origin=rename;copy_num_ID=gene-LOC101562731_0;coverage=1.0;extra_copy_number=0;gbkey=Gene;gene=LOC101562731;gene_biotype=protein_coding;sequence_ID=0.998;valid_ORFs=1
chr3	Liftoff	gene	129231764	129235711	.	+	.	ID=gene-Cst3-l5;Dbxref=GeneID:101588243;Name=Cst3-l5;origin=rename;copy_num_ID=gene-LOC101588243_0;coverage=1.0;extra_copy_number=0;gbkey=Gene;gene=LOC101588243;gene_biotype=protein_coding;sequence_ID=0.998;valid_ORFs=1
chr3	Liftoff	gene	129247389	129249580	.	+	.	ID=gene-Kansl2-l1;Dbxref=GeneID:101563140;Name=Kansl2-l1;origin=rename;copy_num_ID=gene-LOC101563140_0;coverage=1.0;extra_copy_number=0;gbkey=Gene;gene=LOC101563140;gene_biotype=protein_coding;sequence_ID=0.996;valid_ORFs=1
chr3	Liftoff	gene	129259449	129261526	.	+	.	ID=gene-Cst9lp1;Dbxref=GeneID:101563544;Name=Cst9lp1;origin=rename;copy_num_ID=gene-LOC101563544_0;coverage=1.0;extra_copy_number=0;gbkey=Gene;gene=LOC101563544;gene_biotype=protein_coding;sequence_ID=0.992;valid_ORFs=1
chr3	Liftoff	gene	129263045	129270661	.	-	.	ID=gene-Cst13;Dbxref=GeneID:101563943;Name=Cst13;origin=rename;copy_num_ID=gene-LOC101563943_0;coverage=1.0;extra_copy_number=0;gbkey=Gene;gene=LOC101563943;gene_biotype=protein_coding;sequence_ID=1.0;valid_ORFs=1
chr3	Liftoff	gene	129291471	129294705	.	-	.	ID=gene-Cst12;Dbxref=GeneID:101564729;Name=Cst12;origin=rename;copy_num_ID=gene-LOC101564729_0;coverage=1.0;extra_copy_number=0;gbkey=Gene;gene=LOC101564729;gene_biotype=protein_coding;sequence_ID=1.0;valid_ORFs=2
chr3	Liftoff	gene	133158947	133160693	.	-	.	ID=gene-Smim26;Dbxref=GeneID:111817896;Name=Smim26;origin=rename;copy_num_ID=gene-LOC111817896_0;coverage=1.0;extra_copy_number=0;gbkey=Gene;gene=LOC111817896;gene_biotype=protein_coding;sequence_ID=0.998;valid_ORFs=1
chr3	Liftoff	gene	140858805	140859754	.	+	.	ID=gene-Rps2-l1;Dbxref=GeneID:101589289;Name=Rps2-l1;origin=rename;copy_num_ID=gene-LOC101589289_0;coverage=1.0;extra_copy_number=0;gbkey=Gene;gene=LOC101589289;gene_biotype=protein_coding;sequence_ID=0.994;valid_ORFs=1
chr3	Liftoff	gene	141100146	141101867	.	+	.	ID=gene-Ube2v2-l1;Dbxref=GeneID:101589252;Name=Ube2v2-l1;origin=rename;copy_num_ID=gene-LOC101589252_0;coverage=1.0;extra_copy_number=0;gbkey=Gene;gene=LOC101589252;gene_biotype=protein_coding;sequence_ID=1.0;valid_ORFs=1
chr3	Liftoff	gene	146711046	146714521	.	+	.	ID=gene-Pcna-l1;Dbxref=GeneID:101591394;Name=Pcna-l1;origin=rename;copy_num_ID=gene-LOC101591394_0;coverage=1.0;end_range=2682,.;extra_copy_number=0;gbkey=Gene;gene=LOC101591394;gene_biotype=protein_coding;partial=true;sequence_ID=1.0;start_range=.,6;valid_ORFs=0
chr3	Liftoff	gene	148364657	148367537	.	+	.	ID=gene-Rplp0-l1;Dbxref=GeneID:105742569;Name=Rplp0-l1;origin=rename;copy_num_ID=gene-LOC105742569_0;coverage=1.0;extra_copy_number=0;gbkey=Gene;gene=LOC105742569;gene_biotype=protein_coding;sequence_ID=0.991;valid_ORFs=1
chr3	Liftoff	gene	149614702	149615617	.	-	.	ID=gene-Slc25a51-l2;Dbxref=GeneID:101561273;Name=Slc25a51-l2;origin=rename;copy_num_ID=gene-LOC101561273_0;coverage=1.0;end_range=599250,.;extra_copy_number=0;gbkey=Gene;gene=LOC101561273;gene_biotype=protein_coding;partial=true;sequence_ID=1.0;valid_ORFs=0
chr3	Liftoff	gene	150075984	150117433	.	+	.	ID=gene-Sirpb1;Dbxref=GeneID:101560087;Name=Sirpb1;origin=rename;copy_num_ID=gene-LOC101560087_0;coverage=1.0;extra_copy_number=0;gbkey=Gene;gene=LOC101560087;gene_biotype=protein_coding;sequence_ID=0.999;valid_ORFs=1
chr4	Liftoff	gene	5426702	5428547	.	-	.	ID=gene-Rpl22-l1;Dbxref=GeneID:101575951;Name=Rpl22-l1;origin=rename;copy_num_ID=gene-LOC101575951_0;coverage=1.0;extra_copy_number=0;gbkey=Gene;gene=LOC101575951;gene_biotype=protein_coding;sequence_ID=1.0;valid_ORFs=1
chr4	Liftoff	gene	12934426	12950370	.	-	.	ID=gene-Clec4a-l1;Dbxref=GeneID:101575431;Name=Clec4a-l1;origin=rename;copy_num_ID=gene-LOC101575431_0;coverage=1.0;extra_copy_number=0;gbkey=Gene;gene=LOC101575431;gene_biotype=protein_coding;sequence_ID=1.0;valid_ORFs=1
chr4	Liftoff	gene	13029241	13032681	.	-	.	ID=gene-Ralgds-l4;Dbxref=GeneID:111814300;Name=Ralgds-l4;origin=rename;copy_num_ID=gene-LOC111814300_0;coverage=1.0;extra_copy_number=0;gbkey=Gene;gene=LOC111814300;gene_biotype=protein_coding;sequence_ID=0.997;valid_ORFs=1
chr4	Liftoff	gene	13033692	13047119	.	-	.	ID=gene-Ralgds-l5;Dbxref=GeneID:111814304;Name=Ralgds-l5;origin=rename;copy_num_ID=gene-LOC111814304_0;coverage=1.0;extra_copy_number=0;gbkey=Gene;gene=LOC111814304;gene_biotype=protein_coding;sequence_ID=0.996;valid_ORFs=1
chr4	Liftoff	gene	13107099	13114867	.	+	.	ID=gene-Cd69;Dbxref=GeneID:101573847;Name=Cd69;origin=rename;copy_num_ID=gene-LOC101573847_0;coverage=1.0;extra_copy_number=0;gbkey=Gene;gene=LOC101573847;gene_biotype=protein_coding;sequence_ID=0.998;valid_ORFs=1
chr4	Liftoff	gene	13194403	13252379	.	+	.	ID=gene-A2ml1;Dbxref=GeneID:101573051;Name=A2ml1;origin=rename;copy_num_ID=gene-LOC101573051_0;coverage=1.0;extra_copy_number=0;gbkey=Gene;gene=LOC101573051;gene_biotype=protein_coding;sequence_ID=0.998;valid_ORFs=1
chr4	Liftoff	gene	14170348	14281470	.	-	.	ID=gene-Slc2a3;Dbxref=GeneID:101567871;Name=Slc2a3;origin=rename;copy_num_ID=gene-LOC101567871_0;coverage=0.966;extra_copy_number=0;gbkey=Gene;gene=LOC101567871;gene_biotype=protein_coding;sequence_ID=0.957;valid_ORFs=0
chr4	Liftoff	gene	14768346	14802879	.	+	.	ID=gene-Clec4a;Dbxref=GeneID:101580425;Name=Clec4a;origin=rename;copy_num_ID=gene-LOC101580425_0;coverage=1.0;extra_copy_number=0;gbkey=Gene;gene=LOC101580425;gene_biotype=protein_coding;sequence_ID=0.994;valid_ORFs=1
chr4	Liftoff	gene	14894298	14897295	.	+	.	ID=gene-Ppp3cb-l1;Dbxref=GeneID:101579641;Name=Ppp3cb-l1;origin=rename;copy_num_ID=gene-LOC101579641_0;coverage=0.962;extra_copy_number=0;gbkey=Gene;gene=LOC101579641;gene_biotype=protein_coding;sequence_ID=0.962;valid_ORFs=0
chr4	Liftoff	gene	15529374	15543834	.	+	.	ID=gene-Klra1;Dbxref=GeneID:101577241;Name=Klra1;origin=rename;copy_num_ID=gene-LOC101577241_0;coverage=1.0;extra_copy_number=0;gbkey=Gene;gene=LOC101577241;gene_biotype=protein_coding;partial=true;sequence_ID=0.998;start_range=.,23763740;valid_ORFs=0
chr4	Liftoff	gene	15679834	15685044	.	+	.	ID=gene-Klrc1;Dbxref=GeneID:101576423;Name=Klrc1;origin=rename;copy_num_ID=gene-LOC101576423_0;coverage=1.0;extra_copy_number=0;gbkey=Gene;gene=LOC101576423;gene_biotype=protein_coding;sequence_ID=0.991;valid_ORFs=1
chr4	Liftoff	gene	16209373	16218438	.	-	.	ID=gene-Clec9a;Dbxref=GeneID:111815161;Name=Clec9a;origin=rename;copy_num_ID=gene-LOC111815161_0;coverage=1.0;extra_copy_number=0;gbkey=Gene;gene=LOC111815161;gene_biotype=protein_coding;sequence_ID=0.998;valid_ORFs=1
chr4	Liftoff	gene	16387997	16388938	.	+	.	ID=gene-Tas2r13;Dbxref=GeneID:101572471;Name=Tas2r13;origin=rename;copy_num_ID=gene-LOC101572471_0;coverage=1.0;extra_copy_number=0;gbkey=Gene;gene=LOC101572471;gene_biotype=protein_coding;sequence_ID=1.0;valid_ORFs=1
chr4	Liftoff	gene	16650501	16651417	.	-	.	ID=gene-Snrpa-l1;Dbxref=GeneID:101578836;Name=Snrpa-l1;origin=rename;copy_num_ID=gene-LOC101578836_0;coverage=1.0;extra_copy_number=0;gbkey=Gene;gene=LOC101578836;gene_biotype=protein_coding;sequence_ID=1.0;valid_ORFs=2
chr4	Liftoff	gene	21089129	21090594	.	+	.	ID=gene-H2aj;Dbxref=GeneID:101592484;Name=H2aj;origin=rename;copy_num_ID=gene-LOC101592484_0;coverage=1.0;extra_copy_number=0;gbkey=Gene;gene=LOC101592484;gene_biotype=protein_coding;sequence_ID=0.997;valid_ORFs=1
chr4	Liftoff	gene	27502670	27587883	.	+	.	ID=gene-Slco1b1;Dbxref=GeneID:111817612;Name=Slco1b1;origin=rename;copy_num_ID=gene-LOC111817612_0;coverage=1.0;extra_copy_number=0;gbkey=Gene;gene=LOC111817612;gene_biotype=protein_coding;sequence_ID=0.998;valid_ORFs=1
chr4	Liftoff	gene	27814551	27934665	.	-	.	ID=gene-Slco1b3;Dbxref=GeneID:101572553;Name=Slco1b3;origin=rename;copy_num_ID=gene-LOC101572553_0;coverage=0.991;extra_copy_number=0;gbkey=Gene;gene=LOC101572553;gene_biotype=protein_coding;sequence_ID=0.986;valid_ORFs=4
chr4	Liftoff	gene	28553002	28588425	.	-	.	ID=gene-Sult6b1-l1;Dbxref=GeneID:101574524;Name=Sult6b1-l1;origin=rename;copy_num_ID=gene-LOC101574524_0;coverage=1.0;extra_copy_number=0;gbkey=Gene;gene=LOC101574524;gene_biotype=protein_coding;sequence_ID=1.0;valid_ORFs=1
chr4	Liftoff	gene	29063750	29064256	.	-	.	ID=gene-Skp1-l3;Dbxref=GeneID:101568286;Name=Skp1-l3;origin=rename;copy_num_ID=gene-LOC101568286_0;coverage=1.0;extra_copy_number=0;gbkey=Gene;gene=LOC101568286;gene_biotype=protein_coding;sequence_ID=0.990;valid_ORFs=1
chr4	Liftoff	gene	33691908	33721679	.	+	.	ID=gene-Apol6;Dbxref=GeneID:105742645;Name=Apol6;origin=rename;copy_num_ID=gene-LOC105742645_0;coverage=1.0;extra_copy_number=0;gbkey=Gene;gene=LOC105742645;gene_biotype=protein_coding;sequence_ID=0.998;valid_ORFs=1
chr4	Liftoff	gene	33741805	33754155	.	+	.	ID=gene-Apol6-l1;Dbxref=GeneID:111817611;Name=Apol6-l1;origin=rename;copy_num_ID=gene-LOC111817611_0;coverage=1.0;extra_copy_number=0;gbkey=Gene;gene=LOC111817611;gene_biotype=protein_coding;sequence_ID=0.999;valid_ORFs=1
chr4	Liftoff	gene	34265089	34277150	.	-	.	ID=gene-Apol3-l1;Dbxref=GeneID:111817618;Name=Apol3-l1;origin=rename;copy_num_ID=gene-LOC111817618_0;coverage=1.0;extra_copy_number=0;gbkey=Gene;gene=LOC111817618;gene_biotype=protein_coding;sequence_ID=0.998;valid_ORFs=1
chr4	Liftoff	gene	34280892	34294483	.	-	.	ID=gene-Apol3-l2;Dbxref=GeneID:101583274;Name=Apol3-l2;origin=rename;copy_num_ID=gene-LOC101583274_0;coverage=1.0;extra_copy_number=0;gbkey=Gene;gene=LOC101583274;gene_biotype=protein_coding;sequence_ID=0.992;valid_ORFs=1
chr4	Liftoff	gene	34408504	34417054	.	+	.	ID=gene-Apol2;Dbxref=GeneID:101583668;Name=Apol2;origin=rename;copy_num_ID=gene-LOC101583668_0;coverage=1.0;extra_copy_number=0;gbkey=Gene;gene=LOC101583668;gene_biotype=protein_coding;sequence_ID=0.995;valid_ORFs=1
chr4	Liftoff	gene	34500404	34508474	.	+	.	ID=gene-Apol3;Dbxref=GeneID:101585607;Name=Apol3;origin=rename;copy_num_ID=gene-LOC101585607_0;coverage=1.0;extra_copy_number=0;gbkey=Gene;gene=LOC101585607;gene_biotype=protein_coding;sequence_ID=0.997;valid_ORFs=1
chr4	Liftoff	gene	34567849	34588295	.	+	.	ID=gene-Apol3-l3;Dbxref=GeneID:101586003;Name=Apol3-l3;origin=rename;copy_num_ID=gene-LOC101586003_0;coverage=1.0;extra_copy_number=0;gbkey=Gene;gene=LOC101586003;gene_biotype=protein_coding;sequence_ID=0.994;valid_ORFs=1
chr4	Liftoff	gene	34605072	34618824	.	+	.	ID=gene-Apol3-l4;Dbxref=GeneID:101586806;Name=Apol3-l4;origin=rename;copy_num_ID=gene-LOC101586806_0;coverage=1.0;extra_copy_number=0;gbkey=Gene;gene=LOC101586806;gene_biotype=protein_coding;sequence_ID=1.0;valid_ORFs=3
chr4	Liftoff	gene	34630686	34642132	.	-	.	ID=gene-Apol3-l5;Dbxref=GeneID:101587202;Name=Apol3-l5;origin=rename;copy_num_ID=gene-LOC101587202_0;coverage=0.998;extra_copy_number=0;gbkey=Gene;gene=LOC101587202;gene_biotype=protein_coding;sequence_ID=0.997;valid_ORFs=1
chr4	Liftoff	gene	34756366	34758668	.	-	.	ID=gene-Apol3-l6;Dbxref=GeneID:101589956;Name=Apol3-l6;origin=rename;copy_num_ID=gene-LOC101589956_0;coverage=0.999;extra_copy_number=0;gbkey=Gene;gene=LOC101589956;gene_biotype=protein_coding;sequence_ID=0.999;valid_ORFs=1
chr4	Liftoff	gene	35405616	35419642	.	-	.	ID=gene-Csf2rb-l1;Dbxref=GeneID:101591138;Name=Csf2rb-l1;origin=rename;copy_num_ID=gene-LOC101591138_0;coverage=1.0;extra_copy_number=0;gbkey=Gene;gene=LOC101591138;gene_biotype=protein_coding;sequence_ID=0.996;valid_ORFs=1
chr4	Liftoff	gene	35531831	35534236	.	+	.	ID=gene-Kctd17;Dbxref=GeneID:111814984;Name=Kctd17;origin=rename;copy_num_ID=gene-LOC111814984_0;coverage=1.0;extra_copy_number=0;gbkey=Gene;gene=LOC111814984;gene_biotype=protein_coding;sequence_ID=0.996;valid_ORFs=1
chr4	Liftoff	gene	36157889	36159979	.	+	.	ID=gene-H1-0-l2;Dbxref=GeneID:101585606;Name=H1-0-l2;origin=rename;copy_num_ID=gene-LOC101585606_0;coverage=1.0;extra_copy_number=0;gbkey=Gene;gene=LOC101585606;gene_biotype=protein_coding;sequence_ID=0.996;valid_ORFs=1
chr4	Liftoff	gene	37094153	37099948	.	+	.	ID=gene-Apobec3c;Dbxref=GeneID:101565245;Name=Apobec3c;origin=rename;copy_num_ID=gene-LOC101565245_0;coverage=1.0;extra_copy_number=0;gbkey=Gene;gene=LOC101565245;gene_biotype=protein_coding;sequence_ID=0.998;valid_ORFs=1
chr4	Liftoff	gene	37139116	37157940	.	+	.	ID=gene-Apobec3;Dbxref=GeneID:101566045;Name=Apobec3;origin=rename;copy_num_ID=gene-LOC101566045_0;coverage=1.0;extra_copy_number=0;gbkey=Gene;gene=LOC101566045;gene_biotype=protein_coding;sequence_ID=0.997;valid_ORFs=2
chr4	Liftoff	gene	37876282	37899705	.	+	.	ID=gene-Grap2;Dbxref=GeneID:101584284;Name=Grap2;origin=rename;copy_num_ID=gene-LOC101584284_0;coverage=0.998;extra_copy_number=0;gbkey=Gene;gene=LOC101584284;gene_biotype=protein_coding;sequence_ID=0.998;valid_ORFs=2
chr4	AUGUSTUS	gene	38903450	38994269	.	+	.	ID=gene-Ep300;Name=Ep300;origin=replace
chr4	Liftoff	gene	39063937	39069868	.	+	.	ID=gene-Ep300-l1;Dbxref=GeneID:111812985;Name=Ep300-l1;origin=rename;copy_num_ID=gene-LOC111812985_0;coverage=1.0;extra_copy_number=0;gbkey=Gene;gene=LOC111812985;gene_biotype=protein_coding;sequence_ID=1.0;valid_ORFs=1
chr4	Liftoff	gene	39082665	39093641	.	+	.	ID=gene-Ep300-l2;Dbxref=GeneID:111812984;Name=Ep300-l2;origin=rename;copy_num_ID=gene-LOC111812984_0;coverage=1.0;extra_copy_number=0;gbkey=Gene;gene=LOC111812984;gene_biotype=protein_coding;sequence_ID=0.998;valid_ORFs=1
chr4	Liftoff	gene	39870033	39885158	.	-	.	ID=gene-Cyp2d4;Dbxref=GeneID:101578592;Name=Cyp2d4;origin=rename;copy_num_ID=gene-LOC101578592_0;coverage=1.0;extra_copy_number=0;gbkey=Gene;gene=LOC101578592;gene_biotype=protein_coding;sequence_ID=0.994;valid_ORFs=1
chr4	Liftoff	gene	40915630	40919852	.	+	.	ID=gene-Cyp2d16;Dbxref=GeneID:101589088;Name=Cyp2d16;origin=rename;copy_num_ID=gene-LOC101589088_0;coverage=1.0;extra_copy_number=0;gbkey=Gene;gene=LOC101589088;gene_biotype=protein_coding;sequence_ID=0.983;valid_ORFs=1
chr4	Liftoff	gene	40931766	40935893	.	-	.	ID=gene-Cyp2d16-l1;Dbxref=GeneID:101589477;Name=Cyp2d16-l1;origin=rename;copy_num_ID=gene-LOC101589477_0;coverage=1.0;extra_copy_number=0;gbkey=Gene;gene=LOC101589477;gene_biotype=protein_coding;sequence_ID=0.994;valid_ORFs=1
chr4	Liftoff	gene	40990792	40996824	.	-	.	ID=gene-Cyp2d4-l1;Dbxref=GeneID:101589870;Name=Cyp2d4-l1;origin=rename;copy_num_ID=gene-LOC101589870_0;coverage=1.0;extra_copy_number=0;gbkey=Gene;gene=LOC101589870;gene_biotype=protein_coding;sequence_ID=0.996;valid_ORFs=1
chr4	Liftoff	gene	41072501	41072847	.	+	.	ID=gene-Cox7b-l1;Dbxref=GeneID:101577186;Name=Cox7b-l1;origin=rename;copy_num_ID=gene-LOC101577186_0;coverage=1.0;extra_copy_number=0;gbkey=Gene;gene=LOC101577186;gene_biotype=protein_coding;sequence_ID=1.0;valid_ORFs=1
chr4	Liftoff	gene	41307491	41320171	.	-	.	ID=gene-Cyb5r3;Dbxref=GeneID:101592242;Name=Cyb5r3;origin=rename;copy_num_ID=gene-LOC101592242_0;coverage=1.0;extra_copy_number=0;gbkey=Gene;gene=LOC101592242;gene_biotype=protein_coding;sequence_ID=0.996;valid_ORFs=3
chr4	Liftoff	gene	46919356	46924331	.	-	.	ID=gene-Sco2;Dbxref=GeneID:101577383;Name=Sco2;origin=rename;copy_num_ID=gene-LOC101577383_0;coverage=1.0;extra_copy_number=0;gbkey=Gene;gene=LOC101577383;gene_biotype=protein_coding;sequence_ID=0.998;valid_ORFs=1
chr4	Liftoff	gene	47491919	47573724	.	+	.	ID=gene-Slc22a9;Dbxref=GeneID:101589137;Name=Slc22a9;origin=rename;copy_num_ID=gene-LOC101589137_0;coverage=0.823;extra_copy_number=0;gbkey=Gene;gene=LOC101589137;gene_biotype=protein_coding;sequence_ID=0.822;valid_ORFs=0
chr4	Liftoff	gene	47933584	47934411	.	-	.	ID=gene-Uqcc3;Dbxref=GeneID:101575427;Name=Uqcc3;origin=rename;copy_num_ID=gene-LOC101575427_0;coverage=1.0;extra_copy_number=0;gbkey=Gene;gene=LOC101575427;gene_biotype=protein_coding;sequence_ID=1.0;valid_ORFs=1
chr4	Liftoff	gene	48174297	48184671	.	+	.	ID=gene-Asrgl1;Dbxref=GeneID:101579027;Name=Asrgl1;origin=rename;copy_num_ID=gene-LOC101579027_0;coverage=0.997;extra_copy_number=0;gbkey=Gene;gene=LOC101579027;gene_biotype=protein_coding;sequence_ID=0.994;valid_ORFs=1
chr4	Liftoff	gene	48253550	48267626	.	-	.	ID=gene-Asrgl1-l1;Dbxref=GeneID:101579428;Name=Asrgl1-l1;origin=rename;copy_num_ID=gene-LOC101579428_0;coverage=1.0;extra_copy_number=0;gbkey=Gene;gene=LOC101579428;gene_biotype=protein_coding;sequence_ID=0.997;valid_ORFs=1
chr4	Liftoff	gene	48289557	48292227	.	-	.	ID=gene-Scgb2a2;Dbxref=GeneID:101579822;Name=Scgb2a2;origin=rename;copy_num_ID=gene-LOC101579822_0;coverage=1.0;extra_copy_number=0;gbkey=Gene;gene=LOC101579822;gene_biotype=protein_coding;sequence_ID=1.0;valid_ORFs=1
chr4	Liftoff	gene	48419016	48427208	.	-	.	ID=gene-Cyb561a3;Dbxref=GeneID:101581406;Name=Cyb561a3;origin=rename;copy_num_ID=gene-LOC101581406_0;coverage=1.0;extra_copy_number=0;gbkey=Gene;gene=LOC101581406;gene_biotype=protein_coding;sequence_ID=0.997;valid_ORFs=4
chr4	Liftoff	gene	49411287	49439808	.	-	.	ID=gene-Ms4a12;Dbxref=GeneID:101590061;Name=Ms4a12;origin=rename;copy_num_ID=gene-LOC101590061_0;coverage=1.0;extra_copy_number=0;gbkey=Gene;gene=LOC101590061;gene_biotype=protein_coding;sequence_ID=0.999;valid_ORFs=2
chr4	Liftoff	gene	49973924	49988492	.	+	.	ID=gene-Ms4a4a;Dbxref=GeneID:101572136;Name=Ms4a4a;origin=rename;copy_num_ID=gene-LOC101572136_0;coverage=1.0;extra_copy_number=0;gbkey=Gene;gene=LOC101572136;gene_biotype=protein_coding;sequence_ID=0.994;valid_ORFs=1
chr4	Liftoff	gene	49996108	50003876	.	+	.	ID=gene-Ms4a6b;Dbxref=GeneID:101571737;Name=Ms4a6b;origin=rename;copy_num_ID=gene-LOC101571737_0;coverage=1.0;extra_copy_number=0;gbkey=Gene;gene=LOC101571737;gene_biotype=protein_coding;sequence_ID=0.997;valid_ORFs=1
chr4	Liftoff	gene	50554730	50578768	.	+	.	ID=gene-Ms4a4e;Dbxref=GeneID:101570540;Name=Ms4a4e;origin=rename;copy_num_ID=gene-LOC101570540_0;coverage=1.0;extra_copy_number=0;gbkey=Gene;gene=LOC101570540;gene_biotype=protein_coding;sequence_ID=0.996;valid_ORFs=1
chr4	Liftoff	gene	50596654	50602871	.	+	.	ID=gene-Ms4a2-l1;Dbxref=GeneID:111814255;Name=Ms4a2-l1;origin=rename;copy_num_ID=gene-LOC111814255_0;coverage=1.0;extra_copy_number=0;gbkey=Gene;gene=LOC111814255;gene_biotype=protein_coding;sequence_ID=0.995;valid_ORFs=1
chr4	Liftoff	gene	50765411	50770021	.	-	.	ID=gene-Oosp4a;Dbxref=GeneID:111814888;Name=Oosp4a;origin=rename;copy_num_ID=gene-LOC111814888_0;coverage=1.0;extra_copy_number=0;gbkey=Gene;gene=LOC111814888;gene_biotype=protein_coding;sequence_ID=0.986;valid_ORFs=2
chr4	Liftoff	gene	51406160	51407104	.	-	.	ID=gene-Or4d6;Dbxref=GeneID:101563393;Name=Or4d6;origin=rename;copy_num_ID=gene-LOC101563393_0;coverage=1.0;extra_copy_number=0;gbkey=Gene;gene=LOC101563393;gene_biotype=protein_coding;sequence_ID=0.995;valid_ORFs=1
chr4	Liftoff	gene	51618069	51630518	.	-	.	ID=gene-Dtx4-l1;Dbxref=GeneID:101576609;Name=Dtx4-l1;origin=rename;copy_num_ID=gene-LOC101576609_0;coverage=1.0;extra_copy_number=0;gbkey=Gene;gene=LOC101576609;gene_biotype=protein_coding;sequence_ID=0.996;valid_ORFs=0
chr4	Liftoff	gene	51645113	51652524	.	-	.	ID=gene-Fam111a;Dbxref=GeneID:111813918;Name=Fam111a;origin=rename;copy_num_ID=gene-LOC111813918_0;coverage=1.0;extra_copy_number=0;gbkey=Gene;gene=LOC111813918;gene_biotype=protein_coding;sequence_ID=0.997;valid_ORFs=1
chr4	Liftoff	gene	51761274	51775608	.	+	.	ID=gene-Glyat;Dbxref=GeneID:101569187;Name=Glyat;origin=rename;copy_num_ID=gene-LOC101569187_0;coverage=1.0;extra_copy_number=0;gbkey=Gene;gene=LOC101569187;gene_biotype=protein_coding;sequence_ID=0.996;valid_ORFs=2
chr4	Liftoff	gene	51790473	51791148	.	+	.	ID=gene-Fcf1-l2;Dbxref=GeneID:101568802;Name=Fcf1-l2;origin=rename;copy_num_ID=gene-LOC101568802_0;coverage=1.0;extra_copy_number=0;gbkey=Gene;gene=LOC101568802;gene_biotype=protein_coding;sequence_ID=1.0;valid_ORFs=1
chr4	Liftoff	gene	51911413	51933462	.	+	.	ID=gene-Keg1;Dbxref=GeneID:101568390;Name=Keg1;origin=rename;copy_num_ID=gene-LOC101568390_0;coverage=1.0;extra_copy_number=0;gbkey=Gene;gene=LOC101568390;gene_biotype=protein_coding;sequence_ID=0.999;valid_ORFs=1
chr4	Liftoff	gene	52581505	52582488	.	-	.	ID=gene-Or10q1-l1;Dbxref=GeneID:101565471;Name=Or10q1-l1;origin=rename;copy_num_ID=gene-LOC101565471_0;coverage=1.0;extra_copy_number=0;gbkey=Gene;gene=LOC101565471;gene_biotype=protein_coding;sequence_ID=0.992;valid_ORFs=1
chr4	Liftoff	gene	52622170	52623273	.	+	.	ID=gene-Or10q1;Dbxref=GeneID:101564692;Name=Or10q1;origin=rename;copy_num_ID=gene-LOC101564692_0;coverage=1.0;extra_copy_number=0;gbkey=Gene;gene=LOC101564692;gene_biotype=protein_coding;sequence_ID=0.995;valid_ORFs=1
chr4	Liftoff	gene	53672726	53706042	.	-	.	ID=gene-Fads2b;Dbxref=GeneID:101592137;Name=Fads2b;origin=rename;copy_num_ID=gene-LOC101592137_0;coverage=1.0;extra_copy_number=0;gbkey=Gene;gene=LOC101592137;gene_biotype=protein_coding;sequence_ID=0.997;valid_ORFs=2
chr4	Liftoff	gene	54360029	54360979	.	-	.	ID=gene-Or8k5;Dbxref=GeneID:101577955;Name=Or8k5;origin=rename;copy_num_ID=gene-LOC101577955_0;coverage=1.0;extra_copy_number=0;gbkey=Gene;gene=LOC101577955;gene_biotype=protein_coding;sequence_ID=0.996;valid_ORFs=1
chr4	Liftoff	gene	60303948	60305765	.	+	.	ID=gene-Morf4l2;Dbxref=GeneID:101590729;Name=Morf4l2;origin=rename;copy_num_ID=gene-LOC101590729_0;coverage=1.0;extra_copy_number=0;gbkey=Gene;gene=LOC101590729;gene_biotype=protein_coding;sequence_ID=0.995;valid_ORFs=1
chr4	Liftoff	gene	60721211	60722455	.	-	.	ID=gene-Tspyl5-l1;Dbxref=GeneID:101581866;Name=Tspyl5-l1;origin=rename;copy_num_ID=gene-LOC101581866_0;coverage=1.0;extra_copy_number=0;gbkey=Gene;gene=LOC101581866;gene_biotype=protein_coding;sequence_ID=0.995;valid_ORFs=1
chr4	Liftoff	gene	64235742	64256630	.	-	.	ID=gene-Accs;Dbxref=GeneID:101560679;Name=Accs;origin=rename;copy_num_ID=gene-LOC101560679_0;coverage=0.998;extra_copy_number=0;gbkey=Gene;gene=LOC101560679;gene_biotype=protein_coding;sequence_ID=0.996;valid_ORFs=0
chr4	Liftoff	gene	64281771	64291293	.	-	.	ID=gene-Accsl;Dbxref=GeneID:101561468;Name=Accsl;origin=rename;copy_num_ID=gene-LOC101561468_0;coverage=0.999;extra_copy_number=0;gbkey=Gene;gene=LOC101561468;gene_biotype=protein_coding;sequence_ID=0.960;valid_ORFs=1
chr4	Liftoff	gene	64307815	64320720	.	-	.	ID=gene-Accsl-l1;Dbxref=GeneID:111815568;Name=Accsl-l1;origin=rename;copy_num_ID=gene-LOC111815568_0;coverage=1.0;extra_copy_number=0;gbkey=Gene;gene=LOC111815568;gene_biotype=protein_coding;sequence_ID=0.994;valid_ORFs=1
chr4	Liftoff	gene	64332505	64344138	.	-	.	ID=gene-Accsl-l2;Dbxref=GeneID:101561870;Name=Accsl-l2;origin=rename;copy_num_ID=gene-LOC101561870_0;coverage=1.0;extra_copy_number=0;gbkey=Gene;gene=LOC101561870;gene_biotype=protein_coding;sequence_ID=0.998;valid_ORFs=1
chr4	Liftoff	gene	67878946	67884359	.	-	.	ID=gene-Snrpc-l1;Dbxref=GeneID:101581992;Name=Snrpc-l1;origin=rename;copy_num_ID=gene-LOC101581992_0;coverage=1.0;extra_copy_number=0;gbkey=Gene;gene=LOC101581992;gene_biotype=protein_coding;sequence_ID=0.998;valid_ORFs=1
chr4	Liftoff	gene	73137104	73140186	.	-	.	ID=gene-Rbm5-l1;Dbxref=GeneID:101589089;Name=Rbm5-l1;origin=rename;copy_num_ID=gene-LOC101589089_0;coverage=0.999;extra_copy_number=0;gbkey=Gene;gene=LOC101589089;gene_biotype=protein_coding;sequence_ID=0.999;valid_ORFs=0
chr4	Liftoff	gene	76124589	76126158	.	-	.	ID=gene-Plekhf1-l1;Dbxref=GeneID:101566622;Name=Plekhf1-l1;origin=rename;copy_num_ID=gene-LOC101566622_0;coverage=1.0;extra_copy_number=0;gbkey=Gene;gene=LOC101566622;gene_biotype=protein_coding;sequence_ID=0.996;valid_ORFs=1
chr4	Liftoff	gene	76371429	76381276	.	-	.	ID=gene-Prr33;Dbxref=GeneID:111815561;Name=Prr33;origin=rename;copy_num_ID=gene-LOC111815561_0;coverage=1.0;extra_copy_number=0;gbkey=Gene;gene=LOC111815561;gene_biotype=protein_coding;sequence_ID=0.997;valid_ORFs=3
chr4	Liftoff	gene	76703853	76704326	.	+	.	ID=gene-Rps25;Dbxref=GeneID:101572343;Name=Rps25;origin=rename;copy_num_ID=gene-LOC101572343_0;coverage=1.0;extra_copy_number=0;gbkey=Gene;gene=LOC101572343;gene_biotype=protein_coding;sequence_ID=1.0;valid_ORFs=1
chr4	Liftoff	gene	77443368	77455385	.	-	.	ID=gene-Tnfrsf26;Dbxref=GeneID:111815572;Name=Tnfrsf26;origin=rename;copy_num_ID=gene-LOC111815572_0;coverage=1.0;extra_copy_number=0;gbkey=Gene;gene=LOC111815572;gene_biotype=protein_coding;sequence_ID=1.0;valid_ORFs=1
chr4	Liftoff	gene	77874895	77914613	.	+	.	ID=gene-Act2;Dbxref=GeneID:105741644;Name=Act2;origin=rename;copy_num_ID=gene-LOC105741644_0;coverage=1.0;extra_copy_number=0;gbkey=Gene;gene=LOC105741644;gene_biotype=protein_coding;sequence_ID=0.998;valid_ORFs=1
chr4	Liftoff	gene	80668696	80684731	.	-	.	ID=gene-Aldh3b1;Dbxref=GeneID:101592113;Name=Aldh3b1;origin=rename;copy_num_ID=gene-LOC101592113_0;coverage=1.0;extra_copy_number=0;gbkey=Gene;gene=LOC101592113;gene_biotype=protein_coding;sequence_ID=0.996;valid_ORFs=2
chr4	Liftoff	gene	80722497	80729234	.	+	.	ID=gene-Aldh3b2;Dbxref=GeneID:101559630;Name=Aldh3b2;origin=rename;copy_num_ID=gene-LOC101559630_0;coverage=0.998;extra_copy_number=0;gbkey=Gene;gene=LOC101559630;gene_biotype=protein_coding;sequence_ID=0.992;valid_ORFs=1
chr4	Liftoff	gene	80752731	80756577	.	+	.	ID=gene-Doc2g;Dbxref=GeneID:101560943;Name=Doc2g;origin=rename;copy_num_ID=gene-LOC101560943_0;coverage=1.0;extra_copy_number=0;gbkey=Gene;gene=LOC101560943;gene_biotype=protein_coding;sequence_ID=0.999;valid_ORFs=1
chr4	Liftoff	gene	81710316	81725714	.	+	.	ID=gene-Rbm4b;Dbxref=GeneID:101573544;Name=Rbm4b;origin=rename;copy_num_ID=gene-LOC101573544_0;coverage=1.0;extra_copy_number=0;gbkey=Gene;gene=LOC101573544;gene_biotype=protein_coding;sequence_ID=0.998;valid_ORFs=3
chr4	Liftoff	gene	81738874	81765761	.	-	.	ID=gene-Rbm4-l1;Dbxref=GeneID:101573942;Name=Rbm4-l1;origin=rename;copy_num_ID=gene-LOC101573942_0;coverage=1.0;extra_copy_number=0;gbkey=Gene;gene=LOC101573942;gene_biotype=protein_coding;sequence_ID=0.999;valid_ORFs=6
chr4	Liftoff	gene	84365982	84369645	.	-	.	ID=gene-Cox8a;Dbxref=GeneID:101565716;Name=Cox8a;origin=rename;copy_num_ID=gene-LOC101565716_0;coverage=1.0;extra_copy_number=0;gbkey=Gene;gene=LOC101565716;gene_biotype=protein_coding;sequence_ID=0.998;valid_ORFs=1
chr4	Liftoff	gene	84773549	84801436	.	+	.	ID=gene-Plaat3;Dbxref=GeneID:101590811;Name=Plaat3;origin=rename;copy_num_ID=gene-LOC101590811_0;coverage=1.0;extra_copy_number=0;gbkey=Gene;gene=LOC101590811;gene_biotype=protein_coding;sequence_ID=1.0;valid_ORFs=2
chr4	Liftoff	gene	84807453	84808559	.	+	.	ID=gene-Eri3-l1;Dbxref=GeneID:101591212;Name=Eri3-l1;origin=rename;copy_num_ID=gene-LOC101591212_0;coverage=1.0;extra_copy_number=0;gbkey=Gene;gene=LOC101591212;gene_biotype=protein_coding;sequence_ID=0.997;valid_ORFs=1
chr4	Liftoff	gene	84822325	84842954	.	+	.	ID=gene-Plaat2;Dbxref=GeneID:101592389;Name=Plaat2;origin=rename;copy_num_ID=gene-LOC101592389_0;coverage=1.0;extra_copy_number=0;gbkey=Gene;gene=LOC101592389;gene_biotype=protein_coding;sequence_ID=1.0;valid_ORFs=1
chr4	Liftoff	gene	87842550	87848532	.	+	.	ID=gene-Ctsl;Dbxref=GeneID:101580178;Name=Ctsl;origin=rename;copy_num_ID=gene-LOC101580178_0;coverage=0.999;extra_copy_number=0;gbkey=Gene;gene=LOC101580178;gene_biotype=protein_coding;sequence_ID=0.998;valid_ORFs=1
chr4	Liftoff	gene	88016405	88023594	.	+	.	ID=gene-Nutm2d;Dbxref=GeneID:111813351;Name=Nutm2d;origin=rename;copy_num_ID=gene-LOC111813351_0;coverage=0.970;extra_copy_number=0;gbkey=Gene;gene=LOC111813351;gene_biotype=protein_coding;sequence_ID=0.968;valid_ORFs=0
chr4	Liftoff	gene	88034082	88036585	.	-	.	ID=gene-Brcc3-l1;Dbxref=GeneID:101569701;Name=Brcc3-l1;origin=rename;copy_num_ID=gene-LOC101569701_0;coverage=0.566;extra_copy_number=0;gbkey=Gene;gene=LOC101569701;gene_biotype=protein_coding;sequence_ID=0.564;valid_ORFs=0
chr4	AUGUSTUS	gene	88166258	88232374	.	-	.	ID=gene-Mfsd14b;Name=Mfsd14b;origin=replace
chr4	Liftoff	gene	89097776	89211824	.	+	.	ID=gene-Cntnap3;Dbxref=GeneID:101577617;Name=Cntnap3;origin=rename;copy_num_ID=gene-LOC101577617_0;coverage=1.0;extra_copy_number=0;gbkey=Gene;gene=LOC101577617;gene_biotype=protein_coding;sequence_ID=0.999;valid_ORFs=1
chr4	Liftoff	gene	89830916	89831952	.	-	.	ID=gene-Calm-l1;Dbxref=GeneID:105743126;Name=Calm-l1;origin=rename;copy_num_ID=gene-LOC105743126_0;coverage=1.0;extra_copy_number=0;gbkey=Gene;gene=LOC105743126;gene_biotype=protein_coding;sequence_ID=0.997;valid_ORFs=1
chr4	Liftoff	gene	103155264	103156315	.	+	.	ID=gene-Calm;Dbxref=GeneID:105742805;Name=Calm;origin=rename;copy_num_ID=gene-LOC105742805_0;coverage=0.848;extra_copy_number=0;gbkey=Gene;gene=LOC105742805;gene_biotype=protein_coding;sequence_ID=0.786;valid_ORFs=0
chr4	Liftoff	gene	113154750	113166014	.	+	.	ID=gene-Tspan11-l1;Dbxref=GeneID:101566112;Name=Tspan11-l1;origin=rename;copy_num_ID=gene-LOC101566112_0;coverage=1.0;extra_copy_number=0;gbkey=Gene;gene=LOC101566112;gene_biotype=protein_coding;sequence_ID=0.997;valid_ORFs=1
chr5	Liftoff	gene	4603639	4603894	.	+	.	ID=gene-Rps27l-l1;Dbxref=GeneID:101561995;Name=Rps27l-l1;origin=rename;copy_num_ID=gene-LOC101561995_0;coverage=1.0;extra_copy_number=0;gbkey=Gene;gene=LOC101561995;gene_biotype=protein_coding;sequence_ID=0.988;valid_ORFs=1
chr5	Liftoff	gene	9071529	9073719	.	-	.	ID=gene-Tank-l2;Dbxref=GeneID:101591195;Name=Tank-l2;origin=rename;copy_num_ID=gene-LOC101591195_0;coverage=1.0;extra_copy_number=0;gbkey=Gene;gene=LOC101591195;gene_biotype=protein_coding;sequence_ID=0.995;valid_ORFs=1
chr5	Liftoff	gene	10390539	10391458	.	-	.	ID=gene-Defb1-l1;Dbxref=GeneID:101588300;Name=Defb1-l1;origin=rename;copy_num_ID=gene-LOC101588300_0;coverage=1.0;extra_copy_number=0;gbkey=Gene;gene=LOC101588300;gene_biotype=protein_coding;sequence_ID=0.995;valid_ORFs=1
chr5	Liftoff	gene	10451283	10453388	.	+	.	ID=gene-Defb12;Dbxref=GeneID:101587902;Name=Defb12;origin=rename;copy_num_ID=gene-LOC101587902_0;coverage=1.0;extra_copy_number=0;gbkey=Gene;gene=LOC101587902;gene_biotype=protein_coding;sequence_ID=0.991;valid_ORFs=1
chr5	Liftoff	gene	12341912	12365249	.	-	.	ID=gene-Tdh;Dbxref=GeneID:101592907;Name=Tdh;origin=rename;copy_num_ID=gene-LOC101592907_0;coverage=1.0;extra_copy_number=0;gbkey=Gene;gene=LOC101592907;gene_biotype=protein_coding;sequence_ID=0.997;valid_ORFs=4
chr5	Liftoff	gene	13005977	13016315	.	-	.	ID=gene-Prss55;Dbxref=GeneID:101591359;Name=Prss55;origin=rename;copy_num_ID=gene-LOC101591359_0;coverage=1.0;extra_copy_number=0;gbkey=Gene;gene=LOC101591359;gene_biotype=protein_coding;sequence_ID=0.997;valid_ORFs=1
chr5	Liftoff	gene	15249304	15270643	.	-	.	ID=gene-Gulo;Dbxref=GeneID:101586622;Name=Gulo;origin=rename;copy_num_ID=gene-LOC101586622_0;coverage=1.0;extra_copy_number=0;gbkey=Gene;gene=LOC101586622;gene_biotype=protein_coding;sequence_ID=0.997;valid_ORFs=2
chr5	Liftoff	gene	19323986	19326177	.	+	.	ID=gene-Trap1-l1;Dbxref=GeneID:101573835;Name=Trap1-l1;origin=rename;copy_num_ID=gene-LOC101573835_0;coverage=1.0;extra_copy_number=0;gbkey=Gene;gene=LOC101573835;gene_biotype=protein_coding;sequence_ID=0.999;valid_ORFs=1
chr5	Liftoff	gene	19450004	19470244	.	+	.	ID=gene-Tnfrsf10b;Dbxref=GeneID:101578354;Name=Tnfrsf10b;origin=rename;copy_num_ID=gene-LOC101578354_0;coverage=0.999;extra_copy_number=0;gbkey=Gene;gene=LOC101578354;gene_biotype=protein_coding;sequence_ID=0.997;valid_ORFs=1
chr5	Liftoff	gene	24075066	24098354	.	-	.	ID=gene-Nat1;Dbxref=GeneID:101590567;Name=Nat1;origin=rename;copy_num_ID=gene-LOC101590567_0;coverage=1.0;extra_copy_number=0;gbkey=Gene;gene=LOC101590567;gene_biotype=protein_coding;sequence_ID=0.999;valid_ORFs=3
chr5	Liftoff	gene	24089230	24098325	.	-	.	ID=gene-Nat2;Dbxref=GeneID:101590173;Name=Nat2;origin=rename;copy_num_ID=gene-LOC101590173_0;coverage=1.0;extra_copy_number=0;gbkey=Gene;gene=LOC101590173;gene_biotype=protein_coding;sequence_ID=0.998;valid_ORFs=1
chr5	Liftoff	gene	26619301	26628728	.	+	.	ID=gene-Trim60;Dbxref=GeneID:101567992;Name=Trim60;origin=rename;copy_num_ID=gene-LOC101567992_0;coverage=1.0;extra_copy_number=0;gbkey=Gene;gene=LOC101567992;gene_biotype=protein_coding;sequence_ID=0.998;valid_ORFs=1
chr5	Liftoff	gene	26644617	26646038	.	+	.	ID=gene-Trim60-l1;Dbxref=GeneID:101567593;Name=Trim60-l1;origin=rename;copy_num_ID=gene-LOC101567593_0;coverage=1.0;extra_copy_number=0;gbkey=Gene;gene=LOC101567593;gene_biotype=protein_coding;sequence_ID=0.999;valid_ORFs=1
chr5	Liftoff	gene	26653340	26654737	.	+	.	ID=gene-Trim75;Dbxref=GeneID:101567187;Name=Trim75;origin=rename;copy_num_ID=gene-LOC101567187_0;coverage=1.0;extra_copy_number=0;gbkey=Gene;gene=LOC101567187;gene_biotype=protein_coding;sequence_ID=0.998;valid_ORFs=1
chr5	Liftoff	gene	31020742	31053823	.	-	.	ID=gene-Hpf1;Dbxref=GeneID:101592473;Name=Hpf1;origin=rename;copy_num_ID=gene-LOC101592473_0;coverage=1.0;extra_copy_number=0;gbkey=Gene;gene=LOC101592473;gene_biotype=protein_coding;sequence_ID=0.997;valid_ORFs=2
chr5	Liftoff	gene	36569728	36574034	.	+	.	ID=gene-Adam20-l3;Dbxref=GeneID:101564509;Name=Adam20-l3;origin=rename;copy_num_ID=gene-LOC101564509_0;coverage=1.0;extra_copy_number=0;gbkey=Gene;gene=LOC101564509;gene_biotype=protein_coding;sequence_ID=0.985;valid_ORFs=1
chr5	Liftoff	gene	44530456	44532401	.	+	.	ID=gene-Cops2-l1;Dbxref=GeneID:101562365;Name=Cops2-l1;origin=rename;copy_num_ID=gene-LOC101562365_0;coverage=1.0;extra_copy_number=0;gbkey=Gene;gene=LOC101562365;gene_biotype=protein_coding;sequence_ID=0.997;valid_ORFs=2
chr5	Liftoff	gene	45360424	45361121	.	-	.	ID=gene-Sumo1-l1;Dbxref=GeneID:101565022;Name=Sumo1-l1;origin=rename;copy_num_ID=gene-LOC101565022_0;coverage=1.0;extra_copy_number=0;gbkey=Gene;gene=LOC101565022;gene_biotype=protein_coding;sequence_ID=0.999;valid_ORFs=1
chr5	Liftoff	gene	47165671	47198035	.	+	.	ID=gene-Cyp4v2;Dbxref=GeneID:101586421;Name=Cyp4v2;origin=rename;copy_num_ID=gene-LOC101586421_0;coverage=1.0;extra_copy_number=0;gbkey=Gene;gene=LOC101586421;gene_biotype=protein_coding;sequence_ID=0.998;valid_ORFs=1
chr5	Liftoff	gene	52311573	52318809	.	-	.	ID=gene-Adam25;Dbxref=GeneID:101571489;Name=Adam25;origin=rename;copy_num_ID=gene-LOC101571489_0;coverage=1.0;extra_copy_number=0;gbkey=Gene;gene=LOC101571489;gene_biotype=protein_coding;sequence_ID=1.0;valid_ORFs=2
chr5	Liftoff	gene	52853133	52993847	.	-	.	ID=gene-Adam32;Dbxref=GeneID:101573093;Name=Adam32;origin=rename;copy_num_ID=gene-LOC101573093_0;coverage=1.0;extra_copy_number=0;gbkey=Gene;gene=LOC101573093;gene_biotype=protein_coding;sequence_ID=1.0;valid_ORFs=1
chr5	Liftoff	gene	53054279	53214951	.	+	.	ID=gene-Adam3;Dbxref=GeneID:101573490;Name=Adam3;origin=rename;copy_num_ID=gene-LOC101573490_0;coverage=1.0;extra_copy_number=0;gbkey=Gene;gene=LOC101573490;gene_biotype=protein_coding;sequence_ID=0.999;valid_ORFs=2
chr5	Liftoff	gene	53397289	53397729	.	-	.	ID=gene-Fam72a-l1;Dbxref=GeneID:111818337;Name=Fam72a-l1;origin=rename;copy_num_ID=gene-LOC111818337_0;coverage=1.0;extra_copy_number=0;gbkey=Gene;gene=LOC111818337;gene_biotype=protein_coding;sequence_ID=1.0;valid_ORFs=1
chr5	Liftoff	gene	62841781	62843030	.	-	.	ID=gene-Calm-l2;Dbxref=GeneID:101568563;Name=Calm-l2;origin=rename;copy_num_ID=gene-LOC101568563_0;coverage=0.995;extra_copy_number=0;gbkey=Gene;gene=LOC101568563;gene_biotype=protein_coding;sequence_ID=0.983;valid_ORFs=1
chr5	Liftoff	gene	62899926	62901691	.	-	.	ID=gene-Rhoa-l2;Dbxref=GeneID:105742454;Name=Rhoa-l2;origin=rename;copy_num_ID=gene-LOC105742454_0;coverage=1.0;extra_copy_number=0;gbkey=Gene;gene=LOC105742454;gene_biotype=protein_coding;sequence_ID=0.991;valid_ORFs=2
chr5	Liftoff	gene	70953197	70953997	.	+	.	ID=gene-Dpm1-l2;Dbxref=GeneID:101584031;Name=Dpm1-l2;origin=rename;copy_num_ID=gene-LOC101584031_0;coverage=1.0;extra_copy_number=0;gbkey=Gene;gene=LOC101584031;gene_biotype=protein_coding;sequence_ID=0.995;valid_ORFs=1
chr5	Liftoff	gene	72637959	72638435	.	+	.	ID=gene-Rps11-l3;Dbxref=GeneID:101561515;Name=Rps11-l3;origin=rename;copy_num_ID=gene-LOC101561515_0;coverage=1.0;extra_copy_number=0;gbkey=Gene;gene=LOC101561515;gene_biotype=protein_coding;sequence_ID=1.0;valid_ORFs=1
chr5	Liftoff	gene	77995669	77996397	.	+	.	ID=gene-Npm1-l1;Dbxref=GeneID:101563651;Name=Npm1-l1;origin=rename;copy_num_ID=gene-LOC101563651_0;coverage=1.0;extra_copy_number=0;gbkey=Gene;gene=LOC101563651;gene_biotype=protein_coding;sequence_ID=1.0;valid_ORFs=1
chr5	Liftoff	gene	79332476	79406599	.	-	.	ID=gene-Tgas113e22.1;Dbxref=GeneID:105742426;Name=Tgas113e22.1;origin=rename;copy_num_ID=gene-LOC105742426_0;coverage=1.0;extra_copy_number=0;gbkey=Gene;gene=LOC105742426;gene_biotype=protein_coding;sequence_ID=0.998;valid_ORFs=1
chr5	Liftoff	gene	80211529	80300614	.	-	.	ID=gene-Gucy1b2;Dbxref=GeneID:101570006;Name=Gucy1b2;origin=rename;copy_num_ID=gene-LOC101570006_0;coverage=1.0;extra_copy_number=0;gbkey=Gene;gene=LOC101570006;gene_biotype=protein_coding;sequence_ID=0.997;valid_ORFs=1
chr5	Liftoff	gene	90677741	90869728	.	-	.	ID=gene-Phf14;Dbxref=GeneID:101590255;Name=Phf14;origin=rename;copy_num_ID=gene-LOC101590255_0;coverage=1.0;extra_copy_number=0;gbkey=Gene;gene=LOC101590255;gene_biotype=protein_coding;sequence_ID=0.997;valid_ORFs=1
chr5	Liftoff	gene	95358953	95370368	.	+	.	ID=gene-Asns-l1;Dbxref=GeneID:101592514;Name=Asns-l1;origin=rename;copy_num_ID=gene-LOC101592514_0;coverage=1.0;extra_copy_number=0;gbkey=Gene;gene=LOC101592514;gene_biotype=protein_coding;sequence_ID=0.994;valid_ORFs=1
chr5	Liftoff	gene	98137587	98167035	.	+	.	ID=gene-Pon2;Dbxref=GeneID:101588605;Name=Pon2;origin=rename;copy_num_ID=gene-LOC101588605_0;coverage=1.0;extra_copy_number=0;gbkey=Gene;gene=LOC101588605;gene_biotype=protein_coding;sequence_ID=0.996;valid_ORFs=1
chr5	Liftoff	gene	98176541	98211451	.	+	.	ID=gene-Pon3;Dbxref=GeneID:101589795;Name=Pon3;origin=rename;copy_num_ID=gene-LOC101589795_0;coverage=1.0;extra_copy_number=0;gbkey=Gene;gene=LOC101589795;gene_biotype=protein_coding;sequence_ID=0.987;valid_ORFs=0
chr5	Liftoff	gene	101228684	101250089	.	+	.	ID=gene-Clxn;Dbxref=GeneID:101571190;Name=Clxn;origin=rename;copy_num_ID=gene-LOC101571190_0;coverage=1.0;extra_copy_number=0;gbkey=Gene;gene=LOC101571190;gene_biotype=protein_coding;sequence_ID=0.999;valid_ORFs=2
chr5	Liftoff	gene	101655972	101677081	.	+	.	ID=gene-Cyp51a1;Dbxref=GeneID:101565609;Name=Cyp51a1;origin=rename;copy_num_ID=gene-LOC101565609_0;coverage=0.992;extra_copy_number=0;gbkey=Gene;gene=LOC101565609;gene_biotype=protein_coding;sequence_ID=0.990;valid_ORFs=0
chr5	Liftoff	gene	103523044	103562035	.	-	.	ID=gene-Gtpbp10;Dbxref=GeneID:101584401;Name=Gtpbp10;origin=rename;copy_num_ID=gene-LOC101584401_0;coverage=1.0;extra_copy_number=0;gbkey=Gene;gene=LOC101584401;gene_biotype=protein_coding;partial=true;sequence_ID=1.0;start_range=.,1508244;valid_ORFs=0
chr5	Liftoff	gene	106401850	106406419	.	+	.	ID=gene-Eif4g2-l1;Dbxref=GeneID:101567212;Name=Eif4g2-l1;origin=rename;copy_num_ID=gene-LOC101567212_0;coverage=0.551;extra_copy_number=0;gbkey=Gene;gene=LOC101567212;gene_biotype=protein_coding;sequence_ID=0.550;valid_ORFs=0
chr5	AUGUSTUS	gene	107262792	107592233	.	+	.	ID=gene-Abcb1;Name=Abcb1;origin=replace
chr5	Liftoff	gene	107769739	107784311	.	+	.	ID=gene-Znf724-l2;Dbxref=GeneID:101572056;Name=Znf724-l2;origin=rename;copy_num_ID=gene-LOC101572056_0;coverage=1.0;extra_copy_number=0;gbkey=Gene;gene=LOC101572056;gene_biotype=protein_coding;sequence_ID=0.998;valid_ORFs=1
chr5	Liftoff	gene	107931872	107971976	.	-	.	ID=gene-Znf709-l11;Dbxref=GeneID:101570057;Name=Znf709-l11;origin=rename;copy_num_ID=gene-LOC101570057_0;coverage=1.0;extra_copy_number=0;gbkey=Gene;gene=LOC101570057;gene_biotype=protein_coding;sequence_ID=0.999;valid_ORFs=4
chr5	Liftoff	gene	108104485	108116985	.	+	.	ID=gene-Znf709-l12;Dbxref=GeneID:101569266;Name=Znf709-l12;origin=rename;copy_num_ID=gene-LOC101569266_0;coverage=1.0;extra_copy_number=0;gbkey=Gene;gene=LOC101569266;gene_biotype=protein_coding;sequence_ID=0.998;valid_ORFs=1
chr5	Liftoff	gene	108125886	108130901	.	-	.	ID=gene-Spata31d1;Dbxref=GeneID:101568878;Name=Spata31d1;origin=rename;copy_num_ID=gene-LOC101568878_0;coverage=1.0;extra_copy_number=0;gbkey=Gene;gene=LOC101568878;gene_biotype=protein_coding;sequence_ID=0.998;valid_ORFs=1
chr5	Liftoff	gene	114057577	114097515	.	+	.	ID=gene-Mphosph8;Dbxref=GeneID:101589187;Name=Mphosph8;origin=rename;copy_num_ID=gene-LOC101589187_0;coverage=1.0;extra_copy_number=0;gbkey=Gene;gene=LOC101589187;gene_biotype=protein_coding;sequence_ID=0.999;valid_ORFs=1
chr5	Liftoff	gene	114132973	114231696	.	-	.	ID=gene-Pspc1-l1;Dbxref=GeneID:101588789;Name=Pspc1-l1;origin=rename;copy_num_ID=gene-LOC101588789_0;coverage=1.0;extra_copy_number=0;gbkey=Gene;gene=LOC101588789;gene_biotype=protein_coding;sequence_ID=0.998;valid_ORFs=1
chr5	AUGUSTUS	gene	123551677	123971716	.	+	.	ID=gene-Mtus2;Name=Mtus2;origin=replace
chr5	Liftoff	gene	125925139	125927436	.	-	.	ID=gene-Tcea3-l1;Dbxref=GeneID:101584137;Name=Tcea3-l1;origin=rename;copy_num_ID=gene-LOC101584137_0;coverage=1.0;extra_copy_number=0;gbkey=Gene;gene=LOC101584137;gene_biotype=protein_coding;sequence_ID=0.995;valid_ORFs=1
chr5	Liftoff	gene	128260196	128260835	.	+	.	ID=gene-Lin28a-l1;Dbxref=GeneID:101583633;Name=Lin28a-l1;origin=rename;copy_num_ID=gene-LOC101583633_0;coverage=1.0;extra_copy_number=0;gbkey=Gene;gene=LOC101583633;gene_biotype=protein_coding;sequence_ID=0.998;valid_ORFs=1
chr5	Liftoff	gene	136440622	136441249	.	+	.	ID=gene-Rps11-l4;Dbxref=GeneID:101567588;Name=Rps11-l4;origin=rename;copy_num_ID=gene-LOC101567588_0;coverage=1.0;extra_copy_number=0;gbkey=Gene;gene=LOC101567588;gene_biotype=protein_coding;sequence_ID=0.996;valid_ORFs=1
chr6	Liftoff	gene	1706593	1714748	.	+	.	ID=gene-Msmb-l1;Dbxref=GeneID:111814274;Name=Msmb-l1;origin=rename;copy_num_ID=gene-LOC111814274_0;coverage=1.0;extra_copy_number=0;gbkey=Gene;gene=LOC111814274;gene_biotype=protein_coding;sequence_ID=1.0;valid_ORFs=1
chr6	Liftoff	gene	4130635	4168179	.	+	.	ID=gene-Antxrl-l1;Dbxref=GeneID:105743542;Name=Antxrl-l1;origin=liftoff;copy_num_ID=gene-Antxrl_0;coverage=1.0;extra_copy_number=0;gbkey=Gene;gene=Antxrl;gene_biotype=protein_coding;sequence_ID=0.999;valid_ORFs=1
chr6	Liftoff	gene	4173604	4185635	.	+	.	ID=gene-Anxa8;Dbxref=GeneID:101589465;Name=Anxa8;origin=rename;copy_num_ID=gene-LOC101589465_0;coverage=1.0;extra_copy_number=0;gbkey=Gene;gene=LOC101589465;gene_biotype=protein_coding;sequence_ID=0.997;valid_ORFs=1
chr6	Liftoff	gene	4262943	4268633	.	-	.	ID=gene-Npy4r2;Dbxref=GeneID:101579626;Name=Npy4r2;origin=rename;copy_num_ID=gene-LOC101579626_0;coverage=1.0;extra_copy_number=0;gbkey=Gene;gene=LOC101579626;gene_biotype=protein_coding;sequence_ID=0.995;valid_ORFs=1
chr6	Liftoff	gene	11345891	11349832	.	+	.	ID=gene-Sftpa1;Dbxref=GeneID:101565556;Name=Sftpa1;origin=rename;copy_num_ID=gene-LOC101565556_0;coverage=1.0;extra_copy_number=0;gbkey=Gene;gene=LOC101565556;gene_biotype=protein_coding;sequence_ID=1.0;valid_ORFs=2
chr6	Liftoff	gene	11356708	11360298	.	+	.	ID=gene-Mbl1;Dbxref=GeneID:101581587;Name=Mbl1;origin=rename;copy_num_ID=gene-LOC101581587_0;coverage=1.0;extra_copy_number=0;gbkey=Gene;gene=LOC101581587;gene_biotype=protein_coding;sequence_ID=1.0;valid_ORFs=1
chr6	Liftoff	gene	11372537	11386618	.	-	.	ID=gene-Sftpd;Dbxref=GeneID:101581205;Name=Sftpd;origin=rename;copy_num_ID=gene-LOC101581205_0;coverage=0.980;extra_copy_number=0;gbkey=Gene;gene=LOC101581205;gene_biotype=protein_coding;sequence_ID=0.978;valid_ORFs=0
chr6	Liftoff	gene	11457811	11479293	.	-	.	ID=gene-Sftpd-l1;Dbxref=GeneID:101565157;Name=Sftpd-l1;origin=rename;copy_num_ID=gene-LOC101565157_0;coverage=1.0;extra_copy_number=0;gbkey=Gene;gene=LOC101565157;gene_biotype=protein_coding;sequence_ID=0.987;valid_ORFs=2
chr6	Liftoff	gene	11894422	12136881	.	-	.	ID=gene-Bmper;Dbxref=GeneID:101570005;Name=Bmper;origin=rename;copy_num_ID=gene-LOC101570005_0;coverage=1.0;extra_copy_number=0;gbkey=Gene;gene=LOC101570005;gene_biotype=protein_coding;sequence_ID=0.998;valid_ORFs=1
chr6	Liftoff	gene	13257447	13259471	.	+	.	ID=gene-Rpl10-l2;Dbxref=GeneID:105741980;Name=Rpl10-l2;origin=rename;copy_num_ID=gene-LOC105741980_0;coverage=1.0;extra_copy_number=0;gbkey=Gene;gene=LOC105741980;gene_biotype=protein_coding;sequence_ID=1.0;valid_ORFs=1
chr6	Liftoff	gene	13344069	13358555	.	-	.	ID=gene-Rp9;Dbxref=GeneID:101569321;Name=Rp9;origin=rename;copy_num_ID=gene-LOC101569321_0;coverage=1.0;extra_copy_number=0;gbkey=Gene;gene=LOC101569321;gene_biotype=protein_coding;sequence_ID=1.0;valid_ORFs=3
chr6	Liftoff	gene	13460407	13471383	.	-	.	ID=gene-Rp9-l1;Dbxref=GeneID:101592894;Name=Rp9-l1;origin=rename;copy_num_ID=gene-LOC101592894_0;coverage=1.0;extra_copy_number=0;gbkey=Gene;gene=LOC101592894;gene_biotype=protein_coding;sequence_ID=0.990;valid_ORFs=0
chr6	Liftoff	gene	13497067	13511893	.	+	.	ID=gene-Fam170a-l1;Dbxref=GeneID:111816362;Name=Fam170a-l1;origin=rename;copy_num_ID=gene-LOC111816362_0;coverage=1.0;extra_copy_number=0;gbkey=Gene;gene=LOC111816362;gene_biotype=protein_coding;sequence_ID=0.999;valid_ORFs=1
chr6	Liftoff	gene	14325692	14342268	.	+	.	ID=gene-Coa1;Dbxref=GeneID:111816381;Name=Coa1;origin=rename;copy_num_ID=gene-LOC111816381_0;coverage=1.0;extra_copy_number=0;gbkey=Gene;gene=LOC111816381;gene_biotype=protein_coding;sequence_ID=0.996;valid_ORFs=3
chr6	Liftoff	gene	19929345	19993615	.	+	.	ID=gene-Dpy19l2;Dbxref=GeneID:101577678;Name=Dpy19l2;origin=rename;copy_num_ID=gene-LOC101577678_0;coverage=1.0;extra_copy_number=0;gbkey=Gene;gene=LOC101577678;gene_biotype=protein_coding;sequence_ID=0.999;valid_ORFs=1
chr6	Liftoff	gene	20682880	20741975	.	-	.	ID=gene-Gpr141;Dbxref=GeneID:101582025;Name=Gpr141;origin=rename;copy_num_ID=gene-LOC101582025_0;coverage=0.999;extra_copy_number=0;gbkey=Gene;gene=LOC101582025;gene_biotype=protein_coding;sequence_ID=0.997;valid_ORFs=5
chr6	Liftoff	gene	22816873	22818002	.	-	.	ID=gene-Kcmf1-l1;Dbxref=GeneID:101589717;Name=Kcmf1-l1;origin=rename;copy_num_ID=gene-LOC101589717_0;coverage=0.914;extra_copy_number=0;gbkey=Gene;gene=LOC101589717;gene_biotype=protein_coding;sequence_ID=0.906;valid_ORFs=0
chr6	Liftoff	gene	23132562	23226291	.	+	.	ID=gene-Dpy19l2-l1;Dbxref=GeneID:101585557;Name=Dpy19l2-l1;origin=rename;copy_num_ID=gene-LOC101585557_0;coverage=0.943;extra_copy_number=0;gbkey=Gene;gene=LOC101585557;gene_biotype=protein_coding;sequence_ID=0.940;valid_ORFs=1
chr6	Liftoff	gene	23487634	23490655	.	+	.	ID=gene-Foxl3;Dbxref=GeneID:101586750;Name=Foxl3;origin=rename;copy_num_ID=gene-LOC101586750_0;coverage=1.0;extra_copy_number=0;gbkey=Gene;gene=LOC101586750;gene_biotype=protein_coding;sequence_ID=0.996;valid_ORFs=1
chr6	Liftoff	gene	24004906	24012444	.	-	.	ID=gene-Cox19;Dbxref=GeneID:101575277;Name=Cox19;origin=rename;copy_num_ID=gene-LOC101575277_0;coverage=1.0;extra_copy_number=0;gbkey=Gene;gene=LOC101575277;gene_biotype=protein_coding;sequence_ID=1.0;valid_ORFs=1
chr6	Liftoff	gene	24019189	24023927	.	+	.	ID=gene-Cyp2w1;Dbxref=GeneID:101587538;Name=Cyp2w1;origin=rename;copy_num_ID=gene-LOC101587538_0;coverage=1.0;extra_copy_number=0;gbkey=Gene;gene=LOC101587538;gene_biotype=protein_coding;sequence_ID=0.998;valid_ORFs=1
chr6	Liftoff	gene	25506760	25513173	.	+	.	ID=gene-Spdye4;Dbxref=GeneID:101592646;Name=Spdye4;origin=rename;copy_num_ID=gene-LOC101592646_0;coverage=1.0;extra_copy_number=0;gbkey=Gene;gene=LOC101592646;gene_biotype=protein_coding;sequence_ID=0.999;valid_ORFs=1
chr6	Liftoff	gene	25798714	25802140	.	+	.	ID=gene-Actb;Dbxref=GeneID:101588623;Name=Actb;origin=rename;copy_num_ID=gene-LOC101588623_0;coverage=1.0;end_range=2963,.;extra_copy_number=0;gbkey=Gene;gene=LOC101588623;gene_biotype=protein_coding;partial=true;sequence_ID=0.999;valid_ORFs=0
chr6	Liftoff	gene	29392394	29395300	.	-	.	ID=gene-Ocm;Dbxref=GeneID:101559912;Name=Ocm;origin=rename;copy_num_ID=gene-LOC101559912_0;coverage=1.0;extra_copy_number=0;gbkey=Gene;gene=LOC101559912;gene_biotype=protein_coding;sequence_ID=1.0;valid_ORFs=1
chr6	Liftoff	gene	30920130	30921610	.	-	.	ID=gene-Ruvbl2-l1;Dbxref=GeneID:101561105;Name=Ruvbl2-l1;origin=rename;copy_num_ID=gene-LOC101561105_0;coverage=1.0;extra_copy_number=0;gbkey=Gene;gene=LOC101561105;gene_biotype=protein_coding;sequence_ID=0.995;valid_ORFs=1
chr6	Liftoff	gene	31147949	31201187	.	+	.	ID=gene-Cyp3a13;Dbxref=GeneID:101566928;Name=Cyp3a13;origin=rename;copy_num_ID=gene-LOC101566928_0;coverage=1.0;extra_copy_number=0;gbkey=Gene;gene=LOC101566928;gene_biotype=protein_coding;sequence_ID=0.999;valid_ORFs=1
chr6	Liftoff	gene	31261957	31315426	.	-	.	ID=gene-Cyp3a9;Dbxref=GeneID:101576638;Name=Cyp3a9;origin=rename;copy_num_ID=gene-LOC101576638_0;coverage=1.0;extra_copy_number=0;gbkey=Gene;gene=LOC101576638;gene_biotype=protein_coding;sequence_ID=0.999;valid_ORFs=2
chr6	Liftoff	gene	31843178	31922097	.	-	.	ID=gene-Cyp3a4-l1;Dbxref=GeneID:101570676;Name=Cyp3a4-l1;origin=rename;copy_num_ID=gene-LOC101570676_0;coverage=1.0;extra_copy_number=0;gbkey=Gene;gene=LOC101570676;gene_biotype=protein_coding;sequence_ID=0.998;valid_ORFs=1
chr6	Liftoff	gene	31975802	32009994	.	+	.	ID=gene-Cyp3a4;Dbxref=GeneID:101571068;Name=Cyp3a4;origin=rename;copy_num_ID=gene-LOC101571068_0;coverage=1.0;extra_copy_number=0;gbkey=Gene;gene=LOC101571068;gene_biotype=protein_coding;sequence_ID=0.998;valid_ORFs=1
chr6	Liftoff	gene	32349199	32381472	.	-	.	ID=gene-Nxpe3-l1;Dbxref=GeneID:101581257;Name=Nxpe3-l1;origin=rename;copy_num_ID=gene-LOC101581257_0;coverage=1.0;extra_copy_number=0;gbkey=Gene;gene=LOC101581257;gene_biotype=protein_coding;sequence_ID=0.997;valid_ORFs=3
chr6	Liftoff	gene	32381511	32416670	.	-	.	ID=gene-Nxpe3-l2;Dbxref=GeneID:101580856;Name=Nxpe3-l2;origin=rename;copy_num_ID=gene-LOC101580856_0;coverage=1.0;extra_copy_number=0;gbkey=Gene;gene=LOC101580856;gene_biotype=protein_coding;sequence_ID=0.997;valid_ORFs=1
chr6	Liftoff	gene	33339132	33340686	.	-	.	ID=gene-Tgas113e22.1-l1;Dbxref=GeneID:105741497;Name=Tgas113e22.1-l1;origin=rename;copy_num_ID=gene-LOC105741497_0;coverage=0.999;extra_copy_number=0;gbkey=Gene;gene=LOC105741497;gene_biotype=protein_coding;partial=true;sequence_ID=0.984;start_range=.,8854954;valid_ORFs=0
chr6	Liftoff	gene	34699799	34750236	.	-	.	ID=gene-Por;Dbxref=GeneID:101573833;Name=Por;origin=rename;copy_num_ID=gene-LOC101573833_0;coverage=0.999;extra_copy_number=0;gbkey=Gene;gene=LOC101573833;gene_biotype=protein_coding;sequence_ID=0.998;valid_ORFs=3
chr6	Liftoff	gene	35130417	35147789	.	+	.	ID=gene-Pom121c;Dbxref=GeneID:101572380;Name=Pom121c;origin=rename;copy_num_ID=gene-LOC101572380_0;coverage=1.0;extra_copy_number=0;gbkey=Gene;gene=LOC101572380;gene_biotype=protein_coding;sequence_ID=0.999;valid_ORFs=1
chr6	Liftoff	gene	36244556	36291765	.	-	.	ID=gene-Gtf2ird2b;Dbxref=GeneID:101561378;Name=Gtf2ird2b;origin=rename;copy_num_ID=gene-LOC101561378_0;coverage=0.999;extra_copy_number=0;gbkey=Gene;gene=LOC101561378;gene_biotype=protein_coding;sequence_ID=0.995;valid_ORFs=1
chr6	Liftoff	gene	38401406	38988941	.	+	.	ID=gene-Auts2-l1;Dbxref=GeneID:111816575;Name=Auts2-l1;origin=rename;copy_num_ID=gene-LOC111816575_0;coverage=1.0;extra_copy_number=0;gbkey=Gene;gene=LOC111816575;gene_biotype=protein_coding;sequence_ID=0.997;valid_ORFs=1
chr6	Liftoff	gene	41118394	41317192	.	-	.	ID=gene-Tyw1;Dbxref=GeneID:101592786;Name=Tyw1;origin=rename;copy_num_ID=gene-LOC101592786_0;coverage=1.0;extra_copy_number=0;gbkey=Gene;gene=LOC101592786;gene_biotype=protein_coding;sequence_ID=0.999;valid_ORFs=2
chr6	Liftoff	gene	42079640	42094601	.	-	.	ID=gene-Znf717;Dbxref=GeneID:101584521;Name=Znf717;origin=rename;copy_num_ID=gene-LOC101584521_0;coverage=1.0;extra_copy_number=0;gbkey=Gene;gene=LOC101584521;gene_biotype=protein_coding;sequence_ID=0.996;valid_ORFs=4
chr6	Liftoff	gene	42110608	42122730	.	-	.	ID=gene-Znf717-l1;Dbxref=GeneID:101583762;Name=Znf717-l1;origin=rename;copy_num_ID=gene-LOC101583762_0;coverage=1.0;extra_copy_number=0;gbkey=Gene;gene=LOC101583762;gene_biotype=protein_coding;sequence_ID=0.994;valid_ORFs=3
chr6	Liftoff	gene	42140986	42146787	.	-	.	ID=gene-Znf717-l2;Dbxref=GeneID:105742073;Name=Znf717-l2;origin=rename;copy_num_ID=gene-LOC105742073_0;coverage=0.955;extra_copy_number=0;gbkey=Gene;gene=LOC105742073;gene_biotype=protein_coding;sequence_ID=0.954;valid_ORFs=0
chr6	Liftoff	gene	42181273	42209738	.	-	.	ID=gene-Urgcp;Dbxref=GeneID:101585419;Name=Urgcp;origin=rename;copy_num_ID=gene-LOC101585419_0;coverage=1.0;extra_copy_number=0;gbkey=Gene;gene=LOC101585419;gene_biotype=protein_coding;sequence_ID=0.998;valid_ORFs=1
chr6	Liftoff	gene	42858685	42874823	.	-	.	ID=gene-H2az2;Dbxref=GeneID:101572634;Name=H2az2;origin=rename;copy_num_ID=gene-LOC101572634_0;coverage=1.0;extra_copy_number=0;gbkey=Gene;gene=LOC101572634;gene_biotype=protein_coding;sequence_ID=1.0;valid_ORFs=1
chr6	Liftoff	gene	43178431	43191403	.	-	.	ID=gene-Naa11-l1;Dbxref=GeneID:105742072;Name=Naa11-l1;origin=rename;copy_num_ID=gene-LOC105742072_0;coverage=0.989;extra_copy_number=0;gbkey=Gene;gene=LOC105742072;gene_biotype=protein_coding;sequence_ID=0.978;valid_ORFs=0
chr6	Liftoff	gene	45029682	45049113	.	+	.	ID=gene-Upp1;Dbxref=GeneID:101573428;Name=Upp1;origin=rename;copy_num_ID=gene-LOC101573428_0;coverage=1.0;extra_copy_number=0;gbkey=Gene;gene=LOC101573428;gene_biotype=protein_coding;sequence_ID=0.998;valid_ORFs=5
chr6	AUGUSTUS	gene	47352163	47507526	.	-	.	ID=gene-Cobl;Name=Cobl;origin=replace
chr6	Liftoff	gene	50738405	50741721	.	-	.	ID=gene-Drg1-l1;Dbxref=GeneID:101583311;Name=Drg1-l1;origin=rename;copy_num_ID=gene-LOC101583311_0;coverage=1.0;extra_copy_number=0;gbkey=Gene;gene=LOC101583311;gene_biotype=protein_coding;sequence_ID=0.997;valid_ORFs=1
chr6	Liftoff	gene	59891117	59908566	.	+	.	ID=gene-Zdhhc11;Dbxref=GeneID:101560658;Name=Zdhhc11;origin=rename;copy_num_ID=gene-LOC101560658_0;coverage=1.0;extra_copy_number=0;gbkey=Gene;gene=LOC101560658;gene_biotype=protein_coding;sequence_ID=0.999;valid_ORFs=1
chr6	Liftoff	gene	60965127	60965433	.	-	.	ID=gene-Ndufa2-l2;Dbxref=GeneID:101563174;Name=Ndufa2-l2;origin=rename;copy_num_ID=gene-LOC101563174_0;coverage=1.0;extra_copy_number=0;gbkey=Gene;gene=LOC101563174;gene_biotype=protein_coding;sequence_ID=0.990;valid_ORFs=1
chr6	Liftoff	gene	60985480	60994770	.	-	.	ID=gene-Iqcf5;Dbxref=GeneID:111813552;Name=Iqcf5;origin=rename;copy_num_ID=gene-LOC111813552_0;coverage=1.0;extra_copy_number=0;gbkey=Gene;gene=LOC111813552;gene_biotype=protein_coding;sequence_ID=0.998;valid_ORFs=1
chr6	Liftoff	gene	61003852	61005844	.	-	.	ID=gene-Iqcf5-l1;Dbxref=GeneID:111814093;Name=Iqcf5-l1;origin=rename;copy_num_ID=gene-LOC111814093_0;coverage=1.0;extra_copy_number=0;gbkey=Gene;gene=LOC111814093;gene_biotype=protein_coding;sequence_ID=1.0;valid_ORFs=1
chr6	Liftoff	gene	62475948	62478965	.	-	.	ID=gene-Cyb561d2;Dbxref=GeneID:101588275;Name=Cyb561d2;origin=rename;copy_num_ID=gene-LOC101588275_0;coverage=1.0;extra_copy_number=0;gbkey=Gene;gene=LOC101588275;gene_biotype=protein_coding;sequence_ID=0.997;valid_ORFs=2
chr6	Liftoff	gene	62565144	62566511	.	-	.	ID=gene-Gnai2-l2;Dbxref=GeneID:101576236;Name=Gnai2-l2;origin=rename;copy_num_ID=gene-LOC101576236_0;coverage=1.0;end_range=1068,.;extra_copy_number=0;gbkey=Gene;gene=LOC101576236;gene_biotype=protein_coding;partial=true;sequence_ID=1.0;start_range=.,146;valid_ORFs=0
chr6	Liftoff	gene	62932333	62936020	.	+	.	ID=gene-Actb-l1;Dbxref=GeneID:101582239;Name=Actb-l1;origin=rename;copy_num_ID=gene-LOC101582239_0;coverage=1.0;extra_copy_number=0;gbkey=Gene;gene=LOC101582239;gene_biotype=protein_coding;sequence_ID=0.999;valid_ORFs=1
chr6	AUGUSTUS	gene	63464110	63481728	.	+	.	ID=gene-Rhoa;Name=Rhoa;origin=replace
chr6	Liftoff	gene	64199490	64200171	.	-	.	ID=gene-Ndufaf2-l1;Dbxref=GeneID:101561178;Name=Ndufaf2-l1;origin=rename;copy_num_ID=gene-LOC101561178_0;coverage=1.0;extra_copy_number=0;gbkey=Gene;gene=LOC101561178;gene_biotype=protein_coding;sequence_ID=0.998;valid_ORFs=1
chr6	Liftoff	gene	64204333	64213884	.	+	.	ID=gene-Uqcrc1;Dbxref=GeneID:101560783;Name=Uqcrc1;origin=rename;copy_num_ID=gene-LOC101560783_0;coverage=1.0;extra_copy_number=0;gbkey=Gene;gene=LOC101560783;gene_biotype=protein_coding;sequence_ID=1.0;valid_ORFs=1
chr6	Liftoff	gene	65497245	65523562	.	+	.	ID=gene-Ttll3;Dbxref=GeneID:101575884;Name=Ttll3;origin=rename;copy_num_ID=gene-LOC101575884_0;coverage=1.0;extra_copy_number=0;gbkey=Gene;gene=LOC101575884;gene_biotype=protein_coding;sequence_ID=0.993;valid_ORFs=7
chr6	Liftoff	gene	66322583	66325181	.	-	.	ID=gene-Npm1-l2;Dbxref=GeneID:101589817;Name=Npm1-l2;origin=rename;copy_num_ID=gene-LOC101589817_0;coverage=1.0;extra_copy_number=0;gbkey=Gene;gene=LOC101589817;gene_biotype=protein_coding;sequence_ID=0.995;valid_ORFs=1
chr6	Liftoff	gene	67436229	67437788	.	+	.	ID=gene-Nudt16-l1;Dbxref=GeneID:101567134;Name=Nudt16-l1;origin=rename;copy_num_ID=gene-LOC101567134_0;coverage=1.0;extra_copy_number=0;gbkey=Gene;gene=LOC101567134;gene_biotype=protein_coding;sequence_ID=1.0;valid_ORFs=1
chr6	Liftoff	gene	70105943	70143085	.	+	.	ID=gene-Inhca;Dbxref=GeneID:101561970;Name=Inhca;origin=rename;copy_num_ID=gene-LOC101561970_0;coverage=1.0;extra_copy_number=0;gbkey=Gene;gene=LOC101561970;gene_biotype=protein_coding;sequence_ID=0.997;valid_ORFs=1
chr6	Liftoff	gene	70158220	70190685	.	+	.	ID=gene-Tf;Dbxref=GeneID:101561572;Name=Tf;origin=rename;copy_num_ID=gene-LOC101561572_0;coverage=0.996;extra_copy_number=0;gbkey=Gene;gene=LOC101561572;gene_biotype=protein_coding;sequence_ID=0.990;valid_ORFs=1
chr6	Liftoff	gene	74960548	74960895	.	+	.	ID=gene-Mycbp-l6;Dbxref=GeneID:101561852;Name=Mycbp-l6;origin=rename;copy_num_ID=gene-LOC101561852_0;coverage=1.0;extra_copy_number=0;gbkey=Gene;gene=LOC101561852;gene_biotype=protein_coding;sequence_ID=1.0;valid_ORFs=1
chr6	AUGUSTUS	gene	75309493	75360039	.	-	.	ID=gene-Cep70;Name=Cep70;origin=replace
chr6	Liftoff	gene	75898230	75899018	.	-	.	ID=gene-Prr23a;Dbxref=GeneID:101586696;Name=Prr23a;origin=rename;copy_num_ID=gene-LOC101586696_0;coverage=1.0;extra_copy_number=0;gbkey=Gene;gene=LOC101586696;gene_biotype=protein_coding;sequence_ID=0.998;valid_ORFs=1
chr6	Liftoff	gene	78446758	78447871	.	+	.	ID=gene-Rpl37a-l7;Dbxref=GeneID:101582956;Name=Rpl37a-l7;origin=rename;copy_num_ID=gene-LOC101582956_0;coverage=1.0;extra_copy_number=0;gbkey=Gene;gene=LOC101582956;gene_biotype=protein_coding;sequence_ID=0.996;valid_ORFs=0
chr6	Liftoff	gene	78557406	78557735	.	-	.	ID=gene-Ndufa3-l1;Dbxref=GeneID:101582153;Name=Ndufa3-l1;origin=rename;copy_num_ID=gene-LOC101582153_0;coverage=1.0;extra_copy_number=0;gbkey=Gene;gene=LOC101582153;gene_biotype=protein_coding;sequence_ID=0.996;valid_ORFs=1
chr6	Liftoff	gene	78925819	78926837	.	+	.	ID=gene-Timm17a-l1;Dbxref=GeneID:101580447;Name=Timm17a-l1;origin=rename;copy_num_ID=gene-LOC101580447_0;coverage=1.0;extra_copy_number=0;gbkey=Gene;gene=LOC101580447;gene_biotype=protein_coding;sequence_ID=1.0;valid_ORFs=1
chr6	Liftoff	gene	79660470	79661087	.	-	.	ID=gene-Myl6-l2;Dbxref=GeneID:101592265;Name=Myl6-l2;origin=rename;copy_num_ID=gene-LOC101592265_0;coverage=1.0;extra_copy_number=0;gbkey=Gene;gene=LOC101592265;gene_biotype=protein_coding;sequence_ID=1.0;valid_ORFs=1
chr6	Liftoff	gene	84017766	84054078	.	-	.	ID=gene-Plscr1;Dbxref=GeneID:111816199;Name=Plscr1;origin=rename;copy_num_ID=gene-LOC111816199_0;coverage=1.0;extra_copy_number=0;gbkey=Gene;gene=LOC111816199;gene_biotype=protein_coding;sequence_ID=1.0;valid_ORFs=1
chr6	Liftoff	gene	84090982	84105579	.	-	.	ID=gene-Plscr1-l1;Dbxref=GeneID:101586746;Name=Plscr1-l1;origin=rename;copy_num_ID=gene-LOC101586746_0;coverage=1.0;extra_copy_number=0;gbkey=Gene;gene=LOC101586746;gene_biotype=protein_coding;sequence_ID=0.996;valid_ORFs=2
chr6	Liftoff	gene	84231291	84268656	.	-	.	ID=gene-Plscr1-l2;Dbxref=GeneID:101585551;Name=Plscr1-l2;origin=rename;copy_num_ID=gene-LOC101585551_0;coverage=0.999;extra_copy_number=0;gbkey=Gene;gene=LOC101585551;gene_biotype=protein_coding;sequence_ID=0.998;valid_ORFs=3
chr6	Liftoff	gene	84318586	84336242	.	-	.	ID=gene-Plscr5;Dbxref=GeneID:101569313;Name=Plscr5;origin=rename;copy_num_ID=gene-LOC101569313_0;coverage=1.0;extra_copy_number=0;gbkey=Gene;gene=LOC101569313;gene_biotype=protein_coding;sequence_ID=0.997;valid_ORFs=2
chr6	Liftoff	gene	85846033	85847852	.	-	.	ID=gene-Pgap4;Dbxref=GeneID:101567317;Name=Pgap4;origin=rename;copy_num_ID=gene-LOC101567317_0;coverage=1.0;extra_copy_number=0;gbkey=Gene;gene=LOC101567317;gene_biotype=protein_coding;sequence_ID=0.997;valid_ORFs=1
chr6	Liftoff	gene	91305309	91320338	.	+	.	ID=gene-Apool-l1;Dbxref=GeneID:101573691;Name=Apool-l1;origin=rename;copy_num_ID=gene-LOC101573691_0;coverage=1.0;extra_copy_number=0;gbkey=Gene;gene=LOC101573691;gene_biotype=protein_coding;sequence_ID=0.998;valid_ORFs=1
chr6	Liftoff	gene	95037228	95038217	.	-	.	ID=gene-Scaf11-l1;Dbxref=GeneID:111816196;Name=Scaf11-l1;origin=rename;copy_num_ID=gene-LOC111816196_0;coverage=0.698;extra_copy_number=0;gbkey=Gene;gene=LOC111816196;gene_biotype=protein_coding;sequence_ID=0.698;valid_ORFs=0
chr6	Liftoff	gene	95989239	95991669	.	-	.	ID=gene-Rab18-l1;Dbxref=GeneID:101578867;Name=Rab18-l1;origin=rename;copy_num_ID=gene-LOC101578867_0;coverage=1.0;extra_copy_number=0;gbkey=Gene;gene=LOC101578867;gene_biotype=protein_coding;sequence_ID=0.997;valid_ORFs=2
chr6	Liftoff	gene	96302813	96304611	.	-	.	ID=gene-Usp1;Dbxref=GeneID:101593157;Name=Usp1;origin=rename;copy_num_ID=gene-LOC101593157_0;coverage=0.998;extra_copy_number=0;gbkey=Gene;gene=LOC101593157;gene_biotype=protein_coding;sequence_ID=0.987;valid_ORFs=1
chr6	Liftoff	gene	96897869	96916346	.	-	.	ID=gene-Cxcl1;Dbxref=GeneID:105741914;Name=Cxcl1;origin=rename;copy_num_ID=gene-LOC105741914_0;coverage=0.999;extra_copy_number=0;gbkey=Gene;gene=LOC105741914;gene_biotype=protein_coding;sequence_ID=0.997;valid_ORFs=1
chr6	Liftoff	gene	97044279	97045432	.	-	.	ID=gene-Ppbp;Dbxref=GeneID:101576593;Name=Ppbp;origin=rename;copy_num_ID=gene-LOC101576593_0;coverage=1.0;extra_copy_number=0;gbkey=Gene;gene=LOC101576593;gene_biotype=protein_coding;sequence_ID=0.997;valid_ORFs=1
chr6	Liftoff	gene	97052426	97054451	.	-	.	ID=gene-Cxcl6;Dbxref=GeneID:101590041;Name=Cxcl6;origin=rename;copy_num_ID=gene-LOC101590041_0;coverage=1.0;extra_copy_number=0;gbkey=Gene;gene=LOC101590041;gene_biotype=protein_coding;sequence_ID=1.0;valid_ORFs=1
chr6	Liftoff	gene	98351490	98356578	.	+	.	ID=gene-Slc22a13-l1;Dbxref=GeneID:101578978;Name=Slc22a13-l1;origin=rename;copy_num_ID=gene-LOC101578978_0;coverage=1.0;extra_copy_number=0;gbkey=Gene;gene=LOC101578978;gene_biotype=protein_coding;sequence_ID=0.997;valid_ORFs=1
chr6	Liftoff	gene	98433269	98437356	.	+	.	ID=gene-Slc22a13-l2;Dbxref=GeneID:101579373;Name=Slc22a13-l2;origin=rename;copy_num_ID=gene-LOC101579373_0;coverage=0.757;extra_copy_number=0;gbkey=Gene;gene=LOC101579373;gene_biotype=protein_coding;sequence_ID=0.755;valid_ORFs=0
chr6	Liftoff	gene	98556209	98558672	.	-	.	ID=gene-Slc22a13-l3;Dbxref=GeneID:101580559;Name=Slc22a13-l3;origin=rename;copy_num_ID=gene-LOC101580559_0;coverage=1.0;extra_copy_number=0;gbkey=Gene;gene=LOC101580559;gene_biotype=protein_coding;sequence_ID=0.994;valid_ORFs=1
chr6	Liftoff	gene	98867209	98880943	.	+	.	ID=gene-Acaa1a;Dbxref=GeneID:101581353;Name=Acaa1a;origin=rename;copy_num_ID=gene-LOC101581353_0;coverage=1.0;extra_copy_number=0;gbkey=Gene;gene=LOC101581353;gene_biotype=protein_coding;sequence_ID=0.999;valid_ORFs=5
chr6	Liftoff	gene	105303970	105325466	.	-	.	ID=gene-Vtcn1-l1;Dbxref=GeneID:111817266;Name=Vtcn1-l1;origin=rename;copy_num_ID=gene-LOC111817266_0;coverage=1.0;extra_copy_number=0;gbkey=Gene;gene=LOC111817266;gene_biotype=protein_coding;sequence_ID=0.997;valid_ORFs=1
chr6	Liftoff	gene	112075383	112132065	.	-	.	ID=gene-Gramd1c;Dbxref=GeneID:101574513;Name=Gramd1c;origin=rename;copy_num_ID=gene-LOC101574513_0;coverage=1.0;extra_copy_number=0;gbkey=Gene;gene=LOC101574513;gene_biotype=protein_coding;sequence_ID=0.998;valid_ORFs=6
chr6	Liftoff	gene	112892098	112892822	.	-	.	ID=gene-Snrpc-l2;Dbxref=GeneID:101570949;Name=Snrpc-l2;origin=rename;copy_num_ID=gene-LOC101570949_0;coverage=1.0;extra_copy_number=0;gbkey=Gene;gene=LOC101570949;gene_biotype=protein_coding;sequence_ID=0.998;valid_ORFs=1
chr6	Liftoff	gene	113114796	113142483	.	+	.	ID=gene-Cd200r1;Dbxref=GeneID:101567766;Name=Cd200r1;origin=rename;copy_num_ID=gene-LOC101567766_0;coverage=0.954;extra_copy_number=0;gbkey=Gene;gene=LOC101567766;gene_biotype=protein_coding;sequence_ID=0.947;valid_ORFs=0
chr6	Liftoff	gene	113164329	113197377	.	+	.	ID=gene-Cd200r5;Dbxref=GeneID:101584207;Name=Cd200r5;origin=rename;copy_num_ID=gene-LOC101584207_0;coverage=1.0;extra_copy_number=0;gbkey=Gene;gene=LOC101584207;gene_biotype=protein_coding;sequence_ID=1.0;valid_ORFs=1
chr6	Liftoff	gene	117834603	117870876	.	-	.	ID=gene-Trat1;Dbxref=GeneID:101590282;Name=Trat1;origin=rename;copy_num_ID=gene-LOC101590282_0;coverage=1.0;extra_copy_number=0;gbkey=Gene;gene=LOC101590282;gene_biotype=protein_coding;sequence_ID=0.999;valid_ORFs=1
chr6	Liftoff	gene	127344543	127455044	.	-	.	ID=gene-Tmem45a;Dbxref=GeneID:101570286;Name=Tmem45a;origin=rename;copy_num_ID=gene-LOC101570286_0;coverage=1.0;extra_copy_number=0;gbkey=Gene;gene=LOC101570286;gene_biotype=protein_coding;sequence_ID=0.999;valid_ORFs=1
chr6	Liftoff	gene	127541314	127543174	.	-	.	ID=gene-Tcp1-l1;Dbxref=GeneID:101569887;Name=Tcp1-l1;origin=rename;copy_num_ID=gene-LOC101569887_0;coverage=1.0;extra_copy_number=0;gbkey=Gene;gene=LOC101569887;gene_biotype=protein_coding;sequence_ID=0.998;valid_ORFs=1
chr6	Liftoff	gene	127601841	127682623	.	-	.	ID=gene-Tmem45a-l1;Dbxref=GeneID:101571369;Name=Tmem45a-l1;origin=rename;copy_num_ID=gene-LOC101571369_0;coverage=0.780;extra_copy_number=0;gbkey=Gene;gene=LOC101571369;gene_biotype=protein_coding;sequence_ID=0.780;valid_ORFs=0
chr6	Liftoff	gene	127971957	127990799	.	-	.	ID=gene-Tmem30c;Dbxref=GeneID:101569760;Name=Tmem30c;origin=rename;copy_num_ID=gene-LOC101569760_0;coverage=1.0;extra_copy_number=0;gbkey=Gene;gene=LOC101569760;gene_biotype=protein_coding;sequence_ID=0.998;valid_ORFs=1
chr6	Liftoff	gene	131470702	131576594	.	-	.	ID=gene-Dpy19l1;Dbxref=GeneID:101590493;Name=Dpy19l1;origin=rename;copy_num_ID=gene-LOC101590493_0;coverage=1.0;extra_copy_number=0;gbkey=Gene;gene=LOC101590493;gene_biotype=protein_coding;sequence_ID=0.999;valid_ORFs=1
chr6	Liftoff	gene	131636845	131938640	.	-	.	ID=gene-Bmper-l1;Dbxref=GeneID:101590098;Name=Bmper-l1;origin=rename;copy_num_ID=gene-LOC101590098_0;coverage=1.0;extra_copy_number=0;gbkey=Gene;gene=LOC101590098;gene_biotype=protein_coding;sequence_ID=0.997;valid_ORFs=1
chr6	Liftoff	gene	133162409	133181486	.	-	.	ID=gene-Znf33b;Dbxref=GeneID:101583016;Name=Znf33b;origin=rename;copy_num_ID=gene-LOC101583016_0;coverage=0.999;extra_copy_number=0;gbkey=Gene;gene=LOC101583016;gene_biotype=protein_coding;sequence_ID=0.998;valid_ORFs=1
chr7	Liftoff	gene	1102781	1104767	.	-	.	ID=gene-Fam187a;Dbxref=GeneID:101589678;Name=Fam187a;origin=rename;copy_num_ID=gene-LOC101589678_0;coverage=1.0;extra_copy_number=0;gbkey=Gene;gene=LOC101589678;gene_biotype=protein_coding;sequence_ID=0.996;valid_ORFs=1
chr7	Liftoff	gene	1373114	1374984	.	-	.	ID=gene-Lsm4;Dbxref=GeneID:101563011;Name=Lsm4;origin=rename;copy_num_ID=gene-LOC101563011_0;coverage=1.0;extra_copy_number=0;gbkey=Gene;gene=LOC101563011;gene_biotype=protein_coding;sequence_ID=1.0;valid_ORFs=1
chr7	Liftoff	gene	2085387	2091761	.	+	.	ID=gene-Aarsd1;Dbxref=GeneID:101579043;Name=Aarsd1;origin=rename;copy_num_ID=gene-LOC101579043_0;coverage=1.0;extra_copy_number=0;gbkey=Gene;gene=LOC101579043;gene_biotype=protein_coding;sequence_ID=0.999;valid_ORFs=1
chr7	Liftoff	gene	2206109	2211714	.	-	.	ID=gene-Aoc3;Dbxref=GeneID:101586129;Name=Aoc3;origin=rename;copy_num_ID=gene-LOC101586129_0;coverage=1.0;extra_copy_number=0;gbkey=Gene;gene=LOC101586129;gene_biotype=protein_coding;sequence_ID=0.998;valid_ORFs=1
chr7	Liftoff	gene	2248693	2250361	.	+	.	ID=gene-Coa3-l1;Dbxref=GeneID:101576636;Name=Coa3-l1;origin=rename;copy_num_ID=gene-LOC101576636_0;coverage=1.0;extra_copy_number=0;gbkey=Gene;gene=LOC101576636;gene_biotype=protein_coding;sequence_ID=0.999;valid_ORFs=1
chr7	Liftoff	gene	2562196	2577024	.	-	.	ID=gene-Stat5a;Dbxref=GeneID:101578520;Name=Stat5a;origin=rename;copy_num_ID=gene-LOC101578520_0;coverage=0.999;extra_copy_number=0;gbkey=Gene;gene=LOC101578520;gene_biotype=protein_coding;sequence_ID=0.999;valid_ORFs=3
chr7	Liftoff	gene	2609167	2627070	.	+	.	ID=gene-Stat5b;Dbxref=GeneID:101573068;Name=Stat5b;origin=rename;copy_num_ID=gene-LOC101573068_0;coverage=1.0;extra_copy_number=0;gbkey=Gene;gene=LOC101573068;gene_biotype=protein_coding;sequence_ID=0.993;valid_ORFs=0
chr7	Liftoff	gene	2925062	2929862	.	+	.	ID=gene-Krt42;Dbxref=GeneID:101571354;Name=Krt42;origin=rename;copy_num_ID=gene-LOC101571354_0;coverage=1.0;extra_copy_number=0;gbkey=Gene;gene=LOC101571354;gene_biotype=protein_coding;sequence_ID=0.997;valid_ORFs=1
chr7	Liftoff	gene	3025503	3029039	.	+	.	ID=gene-Krt13;Dbxref=GeneID:101568683;Name=Krt13;origin=rename;copy_num_ID=gene-LOC101568683_0;coverage=1.0;extra_copy_number=0;gbkey=Gene;gene=LOC101568683;gene_biotype=protein_coding;sequence_ID=0.998;valid_ORFs=1
chr7	Liftoff	gene	3041367	3044724	.	+	.	ID=gene-Krt35;Dbxref=GeneID:101568964;Name=Krt35;origin=rename;copy_num_ID=gene-LOC101568964_0;coverage=1.0;extra_copy_number=0;gbkey=Gene;gene=LOC101568964;gene_biotype=protein_coding;sequence_ID=0.997;valid_ORFs=1
chr7	Liftoff	gene	3122918	3126795	.	+	.	ID=gene-Krt33a;Dbxref=GeneID:101568567;Name=Krt33a;origin=rename;copy_num_ID=gene-LOC101568567_0;coverage=1.0;extra_copy_number=0;gbkey=Gene;gene=LOC101568567;gene_biotype=protein_coding;sequence_ID=0.985;valid_ORFs=4
chr7	Liftoff	gene	3185644	3187206	.	+	.	ID=gene-Krtap16-1;Dbxref=GeneID:101567084;Name=Krtap16-1;origin=rename;copy_num_ID=gene-LOC101567084_0;coverage=1.0;extra_copy_number=0;gbkey=Gene;gene=LOC101567084;gene_biotype=protein_coding;sequence_ID=0.998;valid_ORFs=1
chr7	Liftoff	gene	3467980	3468276	.	+	.	ID=gene-Krtap3-1;Dbxref=GeneID:101564460;Name=Krtap3-1;origin=rename;copy_num_ID=gene-LOC101564460_0;coverage=1.0;extra_copy_number=0;gbkey=Gene;gene=LOC101564460;gene_biotype=protein_coding;sequence_ID=1.0;valid_ORFs=1
chr7	Liftoff	gene	3475379	3475678	.	+	.	ID=gene-Kap3.2;Dbxref=GeneID:101565105;Name=Kap3.2;origin=rename;copy_num_ID=gene-LOC101565105_0;coverage=1.0;extra_copy_number=0;gbkey=Gene;gene=LOC101565105;gene_biotype=protein_coding;sequence_ID=0.99;valid_ORFs=1
chr7	Liftoff	gene	3484469	3484784	.	+	.	ID=gene-Krtap3-2;Dbxref=GeneID:101564057;Name=Krtap3-2;origin=rename;copy_num_ID=gene-LOC101564057_0;coverage=1.0;extra_copy_number=0;gbkey=Gene;gene=LOC101564057;gene_biotype=protein_coding;sequence_ID=1.0;valid_ORFs=1
chr7	Liftoff	gene	3573267	3578575	.	+	.	ID=gene-Krt12;Dbxref=GeneID:101562462;Name=Krt12;origin=rename;copy_num_ID=gene-LOC101562462_0;coverage=1.0;extra_copy_number=0;gbkey=Gene;gene=LOC101562462;gene_biotype=protein_coding;sequence_ID=0.997;valid_ORFs=1
chr7	Liftoff	gene	6628204	6637291	.	+	.	ID=gene-Polr1c-l1;Dbxref=GeneID:101582710;Name=Polr1c-l1;origin=rename;copy_num_ID=gene-LOC101582710_0;coverage=0.998;extra_copy_number=0;gbkey=Gene;gene=LOC101582710;gene_biotype=protein_coding;sequence_ID=0.992;valid_ORFs=0
chr7	Liftoff	gene	6857925	6859040	.	+	.	ID=gene-Rbm3-l1;Dbxref=GeneID:101562863;Name=Rbm3-l1;origin=rename;copy_num_ID=gene-LOC101562863_0;coverage=1.0;extra_copy_number=0;gbkey=Gene;gene=LOC101562863;gene_biotype=protein_coding;sequence_ID=0.998;valid_ORFs=1
chr7	Liftoff	gene	8323913	8329669	.	+	.	ID=gene-Nme2;Dbxref=GeneID:101577309;Name=Nme2;origin=rename;copy_num_ID=gene-LOC101577309_0;coverage=1.0;extra_copy_number=0;gbkey=Gene;gene=LOC101577309;gene_biotype=protein_coding;sequence_ID=0.995;valid_ORFs=6
chr7	Liftoff	gene	12072267	12079038	.	-	.	ID=gene-Cox11;Dbxref=GeneID:101583364;Name=Cox11;origin=rename;copy_num_ID=gene-LOC101583364_0;coverage=1.0;extra_copy_number=0;gbkey=Gene;gene=LOC101583364;gene_biotype=protein_coding;sequence_ID=0.996;valid_ORFs=1
chr7	Liftoff	gene	13905884	13906261	.	-	.	ID=gene-Khdc1-l1;Dbxref=GeneID:101580995;Name=Khdc1-l1;origin=rename;copy_num_ID=gene-LOC101580995_0;coverage=1.0;extra_copy_number=0;gbkey=Gene;gene=LOC101580995;gene_biotype=protein_coding;sequence_ID=0.994;valid_ORFs=1
chr7	Liftoff	gene	13933502	13933990	.	+	.	ID=gene-Khdc1;Dbxref=GeneID:101580596;Name=Khdc1;origin=rename;copy_num_ID=gene-LOC101580596_0;coverage=1.0;extra_copy_number=0;gbkey=Gene;gene=LOC101580596;gene_biotype=protein_coding;sequence_ID=0.975;valid_ORFs=1
chr7	Liftoff	gene	14972278	14973300	.	-	.	ID=gene-Sumo2-l1;Dbxref=GeneID:101566262;Name=Sumo2-l1;origin=rename;copy_num_ID=gene-LOC101566262_0;coverage=0.999;extra_copy_number=0;gbkey=Gene;gene=LOC101566262;gene_biotype=protein_coding;sequence_ID=0.997;valid_ORFs=1
chr7	Liftoff	gene	15131854	15134158	.	+	.	ID=gene-Capza1-l2;Dbxref=GeneID:101577414;Name=Capza1-l2;origin=rename;copy_num_ID=gene-LOC101577414_0;coverage=1.0;extra_copy_number=0;gbkey=Gene;gene=LOC101577414;gene_biotype=protein_coding;sequence_ID=0.996;valid_ORFs=1
chr7	Liftoff	gene	20383368	20383756	.	-	.	ID=gene-Wfdc18;Dbxref=GeneID:111813112;Name=Wfdc18;origin=rename;copy_num_ID=gene-LOC111813112_0;coverage=1.0;extra_copy_number=0;gbkey=Gene;gene=LOC111813112;gene_biotype=protein_coding;sequence_ID=1.0;valid_ORFs=1
chr7	Liftoff	gene	20415757	20417678	.	-	.	ID=gene-Ccl4-l1;Dbxref=GeneID:101582802;Name=Ccl4-l1;origin=rename;copy_num_ID=gene-LOC101582802_0;coverage=1.0;extra_copy_number=0;gbkey=Gene;gene=LOC101582802;gene_biotype=protein_coding;sequence_ID=1.0;valid_ORFs=1
chr7	Liftoff	gene	20426533	20428097	.	+	.	ID=gene-Ccl3;Dbxref=GeneID:101587128;Name=Ccl3;origin=rename;copy_num_ID=gene-LOC101587128_0;coverage=1.0;extra_copy_number=0;gbkey=Gene;gene=LOC101587128;gene_biotype=protein_coding;sequence_ID=0.998;valid_ORFs=1
chr7	Liftoff	gene	20477891	20479526	.	-	.	ID=gene-Ccl4-l2;Dbxref=GeneID:101582001;Name=Ccl4-l2;origin=rename;copy_num_ID=gene-LOC101582001_0;coverage=1.0;extra_copy_number=0;gbkey=Gene;gene=LOC101582001;gene_biotype=protein_coding;sequence_ID=0.996;valid_ORFs=1
chr7	Liftoff	gene	20488118	20489595	.	+	.	ID=gene-Ccl3l1;Dbxref=GeneID:101586327;Name=Ccl3l1;origin=rename;copy_num_ID=gene-LOC101586327_0;coverage=1.0;extra_copy_number=0;gbkey=Gene;gene=LOC101586327;gene_biotype=protein_coding;sequence_ID=0.994;valid_ORFs=1
chr7	Liftoff	gene	20544869	20547290	.	+	.	ID=gene-Ccl4;Dbxref=GeneID:101581613;Name=Ccl4;origin=rename;copy_num_ID=gene-LOC101581613_0;coverage=1.0;extra_copy_number=0;gbkey=Gene;gene=LOC101581613;gene_biotype=protein_coding;sequence_ID=0.995;valid_ORFs=1
chr7	Liftoff	gene	20573877	20575422	.	-	.	ID=gene-Ccl3-l1;Dbxref=GeneID:101584743;Name=Ccl3-l1;origin=rename;copy_num_ID=gene-LOC101584743_0;coverage=1.0;extra_copy_number=0;gbkey=Gene;gene=LOC101584743;gene_biotype=protein_coding;sequence_ID=0.995;valid_ORFs=1
chr7	Liftoff	gene	20637756	20639875	.	-	.	ID=gene-Ccl3l1-l1;Dbxref=GeneID:101584359;Name=Ccl3l1-l1;origin=rename;copy_num_ID=gene-LOC101584359_0;coverage=0.999;extra_copy_number=0;gbkey=Gene;gene=LOC101584359;gene_biotype=protein_coding;sequence_ID=0.990;valid_ORFs=1
chr7	Liftoff	gene	20652302	20654124	.	+	.	ID=gene-Ccl3-l2;Dbxref=GeneID:111813109;Name=Ccl3-l2;origin=rename;copy_num_ID=gene-LOC111813109_0;coverage=1.0;extra_copy_number=0;gbkey=Gene;gene=LOC111813109;gene_biotype=protein_coding;sequence_ID=1.0;valid_ORFs=1
chr7	Liftoff	gene	20759531	20764112	.	+	.	ID=gene-Ccl23;Dbxref=GeneID:101580032;Name=Ccl23;origin=rename;copy_num_ID=gene-LOC101580032_0;coverage=1.0;extra_copy_number=0;gbkey=Gene;gene=LOC101580032;gene_biotype=protein_coding;sequence_ID=1.0;valid_ORFs=2
chr7	Liftoff	gene	21426660	21427495	.	+	.	ID=gene-Slfn12;Dbxref=GeneID:101575646;Name=Slfn12;origin=rename;copy_num_ID=gene-LOC101575646_0;coverage=0.913;extra_copy_number=0;gbkey=Gene;gene=LOC101575646;gene_biotype=protein_coding;sequence_ID=0.913;valid_ORFs=0
chr7	Liftoff	gene	21827104	21831162	.	+	.	ID=gene-Slfn13;Dbxref=GeneID:101562222;Name=Slfn13;origin=rename;copy_num_ID=gene-LOC101562222_0;coverage=1.0;extra_copy_number=0;gbkey=Gene;gene=LOC101562222;gene_biotype=protein_coding;sequence_ID=0.996;valid_ORFs=1
chr7	Liftoff	gene	21868529	21873002	.	+	.	ID=gene-Slfn13-l1;Dbxref=GeneID:101561825;Name=Slfn13-l1;origin=rename;copy_num_ID=gene-LOC101561825_0;coverage=1.0;extra_copy_number=0;gbkey=Gene;gene=LOC101561825;gene_biotype=protein_coding;sequence_ID=0.999;valid_ORFs=1
chr7	Liftoff	gene	22004679	22022907	.	+	.	ID=gene-Slfn12l;Dbxref=GeneID:101560623;Name=Slfn12l;origin=rename;copy_num_ID=gene-LOC101560623_0;coverage=1.0;extra_copy_number=0;gbkey=Gene;gene=LOC101560623;gene_biotype=protein_coding;sequence_ID=0.994;valid_ORFs=1
chr7	Liftoff	gene	22075839	22080986	.	+	.	ID=gene-Slfn13-l2;Dbxref=GeneID:101593213;Name=Slfn13-l2;origin=rename;copy_num_ID=gene-LOC101593213_0;coverage=1.0;extra_copy_number=0;gbkey=Gene;gene=LOC101593213;gene_biotype=protein_coding;sequence_ID=0.994;valid_ORFs=0
chr7	Liftoff	gene	23077145	23079473	.	-	.	ID=gene-Ccl11;Dbxref=GeneID:101589295;Name=Ccl11;origin=rename;copy_num_ID=gene-LOC101589295_0;coverage=1.0;extra_copy_number=0;gbkey=Gene;gene=LOC101589295;gene_biotype=protein_coding;sequence_ID=0.998;valid_ORFs=1
chr7	Liftoff	gene	23130975	23132762	.	-	.	ID=gene-Ccl2-l1;Dbxref=GeneID:101588897;Name=Ccl2-l1;origin=rename;copy_num_ID=gene-LOC101588897_0;coverage=1.0;extra_copy_number=0;gbkey=Gene;gene=LOC101588897;gene_biotype=protein_coding;sequence_ID=0.994;valid_ORFs=1
chr7	Liftoff	gene	23158955	23160607	.	+	.	ID=gene-Ccl2;Dbxref=GeneID:101588502;Name=Ccl2;origin=rename;copy_num_ID=gene-LOC101588502_0;coverage=1.0;extra_copy_number=0;gbkey=Gene;gene=LOC101588502;gene_biotype=protein_coding;sequence_ID=0.995;valid_ORFs=1
chr7	Liftoff	gene	26496895	26516448	.	+	.	ID=gene-Wsb1;Dbxref=GeneID:101582599;Name=Wsb1;origin=rename;copy_num_ID=gene-LOC101582599_0;coverage=1.0;extra_copy_number=0;gbkey=Gene;gene=LOC101582599;gene_biotype=protein_coding;sequence_ID=1.0;valid_ORFs=1
chr7	Liftoff	gene	27127112	27130068	.	+	.	ID=gene-Lgals9b;Dbxref=GeneID:101587831;Name=Lgals9b;origin=rename;copy_num_ID=gene-LOC101587831_0;coverage=1.0;end_range=11188,.;extra_copy_number=0;gbkey=Gene;gene=LOC101587831;gene_biotype=protein_coding;partial=true;sequence_ID=1.0;valid_ORFs=0
chr7	Liftoff	gene	27175701	27186843	.	-	.	ID=gene-Lgals9-l1;Dbxref=GeneID:111817848;Name=Lgals9-l1;origin=rename;copy_num_ID=gene-LOC111817848_0;coverage=1.0;extra_copy_number=0;gbkey=Gene;gene=LOC111817848;gene_biotype=protein_coding;sequence_ID=0.995;valid_ORFs=2
chr7	Liftoff	gene	27209602	27230912	.	-	.	ID=gene-Lgals9b-l1;Dbxref=GeneID:111817837;Name=Lgals9b-l1;origin=rename;copy_num_ID=gene-LOC111817837_0;coverage=1.0;extra_copy_number=0;gbkey=Gene;gene=LOC111817837;gene_biotype=protein_coding;sequence_ID=0.991;valid_ORFs=1
chr7	Liftoff	gene	27317389	27323411	.	-	.	ID=gene-Lgals9-l2;Dbxref=GeneID:111812005;Name=Lgals9-l2;origin=rename;copy_num_ID=gene-LOC111812005_0;coverage=1.0;extra_copy_number=0;gbkey=Gene;gene=LOC111812005;gene_biotype=protein_coding;sequence_ID=0.997;valid_ORFs=1
chr7	Liftoff	gene	27420083	27434117	.	+	.	ID=gene-Lgals9;Dbxref=GeneID:101579458;Name=Lgals9;origin=rename;copy_num_ID=gene-LOC101579458_0;coverage=1.0;extra_copy_number=0;gbkey=Gene;gene=LOC101579458;gene_biotype=protein_coding;sequence_ID=0.999;valid_ORFs=3
chr7	Liftoff	gene	28264439	28268852	.	-	.	ID=gene-Rskr;Dbxref=GeneID:101577052;Name=Rskr;origin=rename;copy_num_ID=gene-LOC101577052_0;coverage=1.0;extra_copy_number=0;gbkey=Gene;gene=LOC101577052;gene_biotype=protein_coding;sequence_ID=1.0;valid_ORFs=2
chr7	Liftoff	gene	34380154	34390152	.	+	.	ID=gene-Cyb5d2;Dbxref=GeneID:101588258;Name=Cyb5d2;origin=rename;copy_num_ID=gene-LOC101588258_0;coverage=1.0;extra_copy_number=0;gbkey=Gene;gene=LOC101588258;gene_biotype=protein_coding;sequence_ID=0.998;valid_ORFs=1
chr7	Liftoff	gene	36223235	36332545	.	+	.	ID=gene-Nlrp1;Dbxref=GeneID:105743093;Name=Nlrp1;origin=rename;copy_num_ID=gene-LOC105743093_0;coverage=1.0;extra_copy_number=0;gbkey=Gene;gene=LOC105743093;gene_biotype=protein_coding;sequence_ID=0.998;valid_ORFs=1
chr7	Liftoff	gene	36386377	36386792	.	+	.	ID=gene-Dusp18-l1;Dbxref=GeneID:105743094;Name=Dusp18-l1;origin=rename;copy_num_ID=gene-LOC105743094_0;coverage=1.0;extra_copy_number=0;gbkey=Gene;gene=LOC105743094;gene_biotype=protein_coding;partial=true;sequence_ID=0.998;start_range=.,2875210;valid_ORFs=0
chr7	Liftoff	gene	36411475	36444125	.	+	.	ID=gene-Nlrp1-l1;Dbxref=GeneID:105743096;Name=Nlrp1-l1;origin=rename;copy_num_ID=gene-LOC105743096_0;coverage=1.0;extra_copy_number=0;gbkey=Gene;gene=LOC105743096;gene_biotype=protein_coding;sequence_ID=0.999;valid_ORFs=1
chr7	Liftoff	gene	36607164	36653905	.	+	.	ID=gene-Nlrp1-l2;Dbxref=GeneID:101591810;Name=Nlrp1-l2;origin=rename;copy_num_ID=gene-LOC101591810_0;coverage=1.0;extra_copy_number=0;gbkey=Gene;gene=LOC101591810;gene_biotype=protein_coding;sequence_ID=0.946;valid_ORFs=0
chr7	Liftoff	gene	37081513	37082213	.	+	.	ID=gene-Slc35a4-l2;Dbxref=GeneID:105743109;Name=Slc35a4-l2;origin=rename;copy_num_ID=gene-LOC105743109_0;coverage=1.0;extra_copy_number=0;gbkey=Gene;gene=LOC105743109;gene_biotype=protein_coding;sequence_ID=0.996;valid_ORFs=1
chr7	Liftoff	gene	37697761	37702859	.	+	.	ID=gene-Alox12e;Dbxref=GeneID:101564222;Name=Alox12e;origin=rename;copy_num_ID=gene-LOC101564222_0;coverage=1.0;extra_copy_number=0;gbkey=Gene;gene=LOC101564222;gene_biotype=protein_coding;partial=true;sequence_ID=0.997;start_range=.,4167341;valid_ORFs=0
chr7	Liftoff	gene	37790175	37897619	.	+	.	ID=gene-Alox12e-l1;Dbxref=GeneID:101563154;Name=Alox12e-l1;origin=rename;copy_num_ID=gene-LOC101563154_0;coverage=1.0;extra_copy_number=0;gbkey=Gene;gene=LOC101563154;gene_biotype=protein_coding;sequence_ID=0.998;valid_ORFs=1
chr7	Liftoff	gene	38048052	38061187	.	+	.	ID=gene-Alox12;Dbxref=GeneID:101565008;Name=Alox12;origin=rename;copy_num_ID=gene-LOC101565008_0;coverage=1.0;extra_copy_number=0;gbkey=Gene;gene=LOC101565008;gene_biotype=protein_coding;sequence_ID=1.0;valid_ORFs=2
chr7	Liftoff	gene	38157814	38161985	.	-	.	ID=gene-Clec10a;Dbxref=GeneID:101568864;Name=Clec10a;origin=rename;copy_num_ID=gene-LOC101568864_0;coverage=1.0;extra_copy_number=0;gbkey=Gene;gene=LOC101568864;gene_biotype=protein_coding;sequence_ID=0.998;valid_ORFs=1
chr7	Liftoff	gene	38236531	38240003	.	-	.	ID=gene-Asgr1;Dbxref=GeneID:101565928;Name=Asgr1;origin=rename;copy_num_ID=gene-LOC101565928_0;coverage=1.0;extra_copy_number=0;gbkey=Gene;gene=LOC101565928;gene_biotype=protein_coding;sequence_ID=0.999;valid_ORFs=1
chr7	Liftoff	gene	38414561	38418225	.	+	.	ID=gene-Ppp1r2-l1;Dbxref=GeneID:101567110;Name=Ppp1r2-l1;origin=rename;copy_num_ID=gene-LOC101567110_0;coverage=1.0;extra_copy_number=0;gbkey=Gene;gene=LOC101567110;gene_biotype=protein_coding;sequence_ID=0.999;valid_ORFs=2
chr7	Liftoff	gene	38951640	38955494	.	+	.	ID=gene-Cyb5d1;Dbxref=GeneID:101592076;Name=Cyb5d1;origin=rename;copy_num_ID=gene-LOC101592076_0;coverage=1.0;extra_copy_number=0;gbkey=Gene;gene=LOC101592076;gene_biotype=protein_coding;sequence_ID=1.0;valid_ORFs=1
chr7	Liftoff	gene	39012253	39014494	.	-	.	ID=gene-Rnf227;Dbxref=GeneID:101592838;Name=Rnf227;origin=rename;copy_num_ID=gene-LOC101592838_0;coverage=1.0;extra_copy_number=0;gbkey=Gene;gene=LOC101592838;gene_biotype=protein_coding;sequence_ID=0.997;valid_ORFs=2
chr7	Liftoff	gene	39922144	39923018	.	-	.	ID=gene-Tmem11-l2;Dbxref=GeneID:101569772;Name=Tmem11-l2;origin=rename;copy_num_ID=gene-LOC101569772_0;coverage=1.0;extra_copy_number=0;gbkey=Gene;gene=LOC101569772;gene_biotype=protein_coding;sequence_ID=0.989;valid_ORFs=1
chr7	AUGUSTUS	gene	40188298	40380607	.	+	.	ID=gene-Ntn1;Name=Ntn1;origin=replace
chr7	Liftoff	gene	41561165	41585663	.	-	.	ID=gene-Myh2;Dbxref=GeneID:101587542;Name=Myh2;origin=rename;copy_num_ID=gene-LOC101587542_0;coverage=1.0;extra_copy_number=0;gbkey=Gene;gene=LOC101587542;gene_biotype=protein_coding;sequence_ID=0.998;valid_ORFs=1
chr7	Liftoff	gene	41588285	41614242	.	-	.	ID=gene-Myh2-l1;Dbxref=GeneID:101582420;Name=Myh2-l1;origin=rename;copy_num_ID=gene-LOC101582420_0;coverage=1.0;extra_copy_number=0;gbkey=Gene;gene=LOC101582420;gene_biotype=protein_coding;sequence_ID=0.998;valid_ORFs=1
chr7	Liftoff	gene	41792689	41801427	.	-	.	ID=gene-Sco1;Dbxref=GeneID:111813747;Name=Sco1;origin=rename;copy_num_ID=gene-LOC111813747_0;coverage=0.705;extra_copy_number=0;gbkey=Gene;gene=LOC111813747;gene_biotype=protein_coding;partial=true;sequence_ID=0.704;start_range=.,1511845;valid_ORFs=0
chr7	Liftoff	gene	45614403	45740136	.	+	.	ID=gene-Cox10;Dbxref=GeneID:101564029;Name=Cox10;origin=rename;copy_num_ID=gene-LOC101564029_0;coverage=1.0;extra_copy_number=0;gbkey=Gene;gene=LOC101564029;gene_biotype=protein_coding;sequence_ID=0.998;valid_ORFs=2
chr7	Liftoff	gene	45803813	45845067	.	+	.	ID=gene-Hs3st3b1;Dbxref=GeneID:101592411;Name=Hs3st3b1;origin=rename;copy_num_ID=gene-LOC101592411_0;coverage=0.996;extra_copy_number=0;gbkey=Gene;gene=LOC101592411;gene_biotype=protein_coding;sequence_ID=0.995;valid_ORFs=1
chr7	Liftoff	gene	48899248	48900234	.	-	.	ID=gene-Rps4-l1;Dbxref=GeneID:101568871;Name=Rps4-l1;origin=rename;copy_num_ID=gene-LOC101568871_0;coverage=1.0;end_range=3141602,.;extra_copy_number=0;gbkey=Gene;gene=LOC101568871;gene_biotype=protein_coding;partial=true;sequence_ID=0.995;valid_ORFs=0
chr7	Liftoff	gene	49399425	49399833	.	+	.	ID=gene-Ndufa5-l2;Dbxref=GeneID:101582066;Name=Ndufa5-l2;origin=rename;copy_num_ID=gene-LOC101582066_0;coverage=0.988;extra_copy_number=0;gbkey=Gene;gene=LOC101582066;gene_biotype=protein_coding;sequence_ID=0.981;valid_ORFs=1
chr7	Liftoff	gene	49460110	49517965	.	+	.	ID=gene-Slc47a1;Dbxref=GeneID:101590727;Name=Slc47a1;origin=rename;copy_num_ID=gene-LOC101590727_0;coverage=1.0;extra_copy_number=0;gbkey=Gene;gene=LOC101590727;gene_biotype=protein_coding;sequence_ID=0.999;valid_ORFs=1
chr7	Liftoff	gene	49507115	49576990	.	+	.	ID=gene-Slc47a2;Dbxref=GeneID:101590334;Name=Slc47a2;origin=rename;copy_num_ID=gene-LOC101590334_0;coverage=1.0;extra_copy_number=0;gbkey=Gene;gene=LOC101590334;gene_biotype=protein_coding;sequence_ID=0.998;valid_ORFs=1
chr7	Liftoff	gene	52622950	52624194	.	-	.	ID=gene-Tnfrsf13b;Dbxref=GeneID:111812363;Name=Tnfrsf13b;origin=rename;copy_num_ID=gene-LOC111812363_0;coverage=1.0;extra_copy_number=0;gbkey=Gene;gene=LOC111812363;gene_biotype=protein_coding;sequence_ID=0.998;valid_ORFs=1
chr7	Liftoff	gene	55177133	55178734	.	-	.	ID=gene-Tspan3-l1;Dbxref=GeneID:101586572;Name=Tspan3-l1;origin=rename;copy_num_ID=gene-LOC101586572_0;coverage=1.0;extra_copy_number=0;gbkey=Gene;gene=LOC101586572;gene_biotype=protein_coding;sequence_ID=0.998;valid_ORFs=1
chr7	Liftoff	gene	60336055	60385248	.	+	.	ID=gene-Sugt1;Dbxref=GeneID:101572854;Name=Sugt1;origin=rename;copy_num_ID=gene-LOC101572854_0;coverage=1.0;extra_copy_number=0;gbkey=Gene;gene=LOC101572854;gene_biotype=protein_coding;sequence_ID=0.999;valid_ORFs=2
chr7	Liftoff	gene	77151246	77154056	.	-	.	ID=gene-Mat2a-l1;Dbxref=GeneID:101568501;Name=Mat2a-l1;origin=rename;copy_num_ID=gene-LOC101568501_0;coverage=1.0;extra_copy_number=0;gbkey=Gene;gene=LOC101568501;gene_biotype=protein_coding;sequence_ID=0.996;valid_ORFs=1
chr7	Liftoff	gene	84259353	84259773	.	-	.	ID=gene-Tomm7;Dbxref=GeneID:101568364;Name=Tomm7;origin=rename;copy_num_ID=gene-LOC101568364_0;coverage=1.0;extra_copy_number=0;gbkey=Gene;gene=LOC101568364;gene_biotype=protein_coding;sequence_ID=0.998;valid_ORFs=1
chr7	Liftoff	gene	88851558	89339017	.	-	.	ID=gene-Klhl1;Dbxref=GeneID:101560671;Name=Klhl1;origin=rename;copy_num_ID=gene-LOC101560671_0;coverage=0.910;extra_copy_number=0;gbkey=Gene;gene=LOC101560671;gene_biotype=protein_coding;sequence_ID=0.908;valid_ORFs=0
chr7	Liftoff	gene	95404193	95470355	.	+	.	ID=gene-Uchl3;Dbxref=GeneID:101591974;Name=Uchl3;origin=rename;copy_num_ID=gene-LOC101591974_0;coverage=1.0;extra_copy_number=0;gbkey=Gene;gene=LOC101591974;gene_biotype=protein_coding;sequence_ID=0.998;valid_ORFs=1
chr7	Liftoff	gene	100568626	100570511	.	-	.	ID=gene-Cct2-l1;Dbxref=GeneID:101580952;Name=Cct2-l1;origin=rename;copy_num_ID=gene-LOC101580952_0;coverage=1.0;extra_copy_number=0;gbkey=Gene;gene=LOC101580952;gene_biotype=protein_coding;sequence_ID=0.996;valid_ORFs=1
chr7	Liftoff	gene	102793865	102795270	.	-	.	ID=gene-Skp1-l4;Dbxref=GeneID:101572495;Name=Skp1-l4;origin=rename;copy_num_ID=gene-LOC101572495_0;coverage=1.0;extra_copy_number=0;gbkey=Gene;gene=LOC101572495;gene_biotype=protein_coding;sequence_ID=1.0;valid_ORFs=1
chr7	Liftoff	gene	118664268	118666484	.	+	.	ID=gene-Pole3-l1;Dbxref=GeneID:101590708;Name=Pole3-l1;origin=rename;copy_num_ID=gene-LOC101590708_0;coverage=0.997;extra_copy_number=0;gbkey=Gene;gene=LOC101590708;gene_biotype=protein_coding;sequence_ID=0.995;valid_ORFs=1
chr7	Liftoff	gene	119161610	119161960	.	-	.	ID=gene-Rpl37a-l8;Dbxref=GeneID:101569282;Name=Rpl37a-l8;origin=rename;copy_num_ID=gene-LOC101569282_0;coverage=1.0;extra_copy_number=0;gbkey=Gene;gene=LOC101569282;gene_biotype=protein_coding;sequence_ID=0.987;valid_ORFs=1
chr7	AUGUSTUS	gene	123803169	123818593	.	-	.	ID=gene-Poglut2;Name=Poglut2;origin=replace
chr7	Liftoff	gene	123907557	123924741	.	+	.	ID=gene-Mettl21ep;Dbxref=GeneID:101573709;Name=Mettl21ep;origin=rename;copy_num_ID=gene-LOC101573709_0;coverage=0.998;extra_copy_number=0;gbkey=Gene;gene=LOC101573709;gene_biotype=protein_coding;sequence_ID=0.995;valid_ORFs=3
chr7	Liftoff	gene	132851955	132866158	.	+	.	ID=gene-Cfap97d2;Dbxref=GeneID:105742159;Name=Cfap97d2;origin=rename;copy_num_ID=gene-LOC105742159_0;coverage=1.0;extra_copy_number=0;gbkey=Gene;gene=LOC105742159;gene_biotype=protein_coding;sequence_ID=0.998;valid_ORFs=1
chr7	Liftoff	gene	133434866	133436511	.	-	.	ID=gene-Cxcr4-l1;Dbxref=GeneID:101565607;Name=Cxcr4-l1;origin=rename;copy_num_ID=gene-LOC101565607_0;coverage=1.0;extra_copy_number=0;gbkey=Gene;gene=LOC101565607;gene_biotype=protein_coding;sequence_ID=1.0;valid_ORFs=1
chr8	Liftoff	gene	3598535	3630810	.	+	.	ID=gene-Cyp19a1;Dbxref=GeneID:101569378;Name=Cyp19a1;origin=rename;copy_num_ID=gene-LOC101569378_0;coverage=1.0;extra_copy_number=0;gbkey=Gene;gene=LOC101569378;gene_biotype=protein_coding;sequence_ID=1.0;valid_ORFs=1
chr8	Liftoff	gene	9347998	9357408	.	-	.	ID=gene-Lgals3;Dbxref=GeneID:101585489;Name=Lgals3;origin=rename;copy_num_ID=gene-LOC101585489_0;coverage=0.971;extra_copy_number=0;gbkey=Gene;gene=LOC101585489;gene_biotype=protein_coding;sequence_ID=0.971;valid_ORFs=1
chr8	Liftoff	gene	10546416	10547138	.	+	.	ID=gene-H2az2-l1;Dbxref=GeneID:101577068;Name=H2az2-l1;origin=rename;copy_num_ID=gene-LOC101577068_0;coverage=1.0;extra_copy_number=0;gbkey=Gene;gene=LOC101577068;gene_biotype=protein_coding;sequence_ID=1.0;valid_ORFs=1
chr8	Liftoff	gene	17483464	17484171	.	+	.	ID=gene-Rpl10-l3;Dbxref=GeneID:101578418;Name=Rpl10-l3;origin=rename;copy_num_ID=gene-LOC101578418_0;coverage=1.0;extra_copy_number=0;gbkey=Gene;gene=LOC101578418;gene_biotype=protein_coding;sequence_ID=1.0;valid_ORFs=1
chr8	Liftoff	gene	19508975	19509253	.	-	.	ID=gene-Rps29-l1;Dbxref=GeneID:101582840;Name=Rps29-l1;origin=rename;copy_num_ID=gene-LOC101582840_0;coverage=1.0;extra_copy_number=0;gbkey=Gene;gene=LOC101582840;gene_biotype=protein_coding;sequence_ID=1.0;valid_ORFs=1
chr8	Liftoff	gene	22190950	22194654	.	-	.	ID=gene-Kif4a-l1;Dbxref=GeneID:101566680;Name=Kif4a-l1;origin=rename;copy_num_ID=gene-LOC101566680_0;coverage=1.0;extra_copy_number=0;gbkey=Gene;gene=LOC101566680;gene_biotype=protein_coding;sequence_ID=0.998;valid_ORFs=1
chr8	Liftoff	gene	25576354	25584270	.	-	.	ID=gene-Pnn;Dbxref=GeneID:101588994;Name=Pnn;origin=rename;copy_num_ID=gene-LOC101588994_0;coverage=1.0;extra_copy_number=0;gbkey=Gene;gene=LOC101588994;gene_biotype=protein_coding;sequence_ID=1.0;valid_ORFs=1
chr8	Liftoff	gene	25664908	25729931	.	+	.	ID=gene-Sec23a;Dbxref=GeneID:101589783;Name=Sec23a;origin=rename;copy_num_ID=gene-LOC101589783_0;coverage=0.926;extra_copy_number=0;gbkey=Gene;gene=LOC101589783;gene_biotype=protein_coding;sequence_ID=0.917;valid_ORFs=0
chr8	Liftoff	gene	29279265	29282325	.	-	.	ID=gene-Znf655-l1;Dbxref=GeneID:101590357;Name=Znf655-l1;origin=rename;copy_num_ID=gene-LOC101590357_0;coverage=1.0;extra_copy_number=0;gbkey=Gene;gene=LOC101590357;gene_biotype=protein_coding;sequence_ID=0.995;valid_ORFs=1
chr8	Liftoff	gene	42142883	42176412	.	+	.	ID=gene-Gzmb;Dbxref=GeneID:101575144;Name=Gzmb;origin=rename;copy_num_ID=gene-LOC101575144_0;coverage=1.0;extra_copy_number=0;gbkey=Gene;gene=LOC101575144;gene_biotype=protein_coding;sequence_ID=0.998;valid_ORFs=2
chr8	Liftoff	gene	42227191	42230346	.	+	.	ID=gene-Gzmb-l1;Dbxref=GeneID:101575927;Name=Gzmb-l1;origin=rename;copy_num_ID=gene-LOC101575927_0;coverage=1.0;extra_copy_number=0;gbkey=Gene;gene=LOC101575927;gene_biotype=protein_coding;sequence_ID=1.0;valid_ORFs=1
chr8	Liftoff	gene	42240526	42243799	.	+	.	ID=gene-Gzmh;Dbxref=GeneID:101576326;Name=Gzmh;origin=rename;copy_num_ID=gene-LOC101576326_0;coverage=1.0;extra_copy_number=0;gbkey=Gene;gene=LOC101576326;gene_biotype=protein_coding;sequence_ID=0.998;valid_ORFs=2
chr8	Liftoff	gene	42302075	42305196	.	+	.	ID=gene-Gzmb-l2;Dbxref=GeneID:101571973;Name=Gzmb-l2;origin=rename;copy_num_ID=gene-LOC101571973_0;coverage=1.0;extra_copy_number=0;gbkey=Gene;gene=LOC101571973;gene_biotype=protein_coding;sequence_ID=0.996;valid_ORFs=1
chr8	Liftoff	gene	42367496	42371251	.	+	.	ID=gene-Gzmb-l3;Dbxref=GeneID:101576733;Name=Gzmb-l3;origin=rename;copy_num_ID=gene-LOC101576733_0;coverage=1.0;extra_copy_number=0;gbkey=Gene;gene=LOC101576733;gene_biotype=protein_coding;sequence_ID=1.0;valid_ORFs=1
chr8	Liftoff	gene	42452888	42455911	.	+	.	ID=gene-Gzmb-l4;Dbxref=GeneID:101577855;Name=Gzmb-l4;origin=rename;copy_num_ID=gene-LOC101577855_0;coverage=1.0;extra_copy_number=0;gbkey=Gene;gene=LOC101577855;gene_biotype=protein_coding;sequence_ID=1.0;valid_ORFs=1
chr8	Liftoff	gene	42524792	42528974	.	+	.	ID=gene-Gzmh-l1;Dbxref=GeneID:101577446;Name=Gzmh-l1;origin=rename;copy_num_ID=gene-LOC101577446_0;coverage=1.0;extra_copy_number=0;gbkey=Gene;gene=LOC101577446;gene_biotype=protein_coding;sequence_ID=0.997;valid_ORFs=1
chr8	Liftoff	gene	42672682	42675978	.	+	.	ID=gene-Gzmb-l5;Dbxref=GeneID:105741334;Name=Gzmb-l5;origin=rename;copy_num_ID=gene-LOC105741334_0;coverage=1.0;extra_copy_number=0;gbkey=Gene;gene=LOC105741334;gene_biotype=protein_coding;sequence_ID=1.0;valid_ORFs=1
chr8	Liftoff	gene	42754238	42757375	.	+	.	ID=gene-Gzmb-l6;Dbxref=GeneID:101577041;Name=Gzmb-l6;origin=rename;copy_num_ID=gene-LOC101577041_0;coverage=1.0;extra_copy_number=0;gbkey=Gene;gene=LOC101577041;gene_biotype=protein_coding;sequence_ID=0.997;valid_ORFs=1
chr8	Liftoff	gene	42863152	42863811	.	+	.	ID=gene-Mrps18c-l1;Dbxref=GeneID:101580252;Name=Mrps18c-l1;origin=rename;copy_num_ID=gene-LOC101580252_0;coverage=1.0;extra_copy_number=0;gbkey=Gene;gene=LOC101580252;gene_biotype=protein_coding;sequence_ID=0.996;valid_ORFs=1
chr8	Liftoff	gene	42894976	42899478	.	+	.	ID=gene-Gzmb-l7;Dbxref=GeneID:101589677;Name=Gzmb-l7;origin=rename;copy_num_ID=gene-LOC101589677_0;coverage=1.0;extra_copy_number=0;gbkey=Gene;gene=LOC101589677;gene_biotype=protein_coding;sequence_ID=0.998;valid_ORFs=1
chr8	Liftoff	gene	43031018	43034235	.	+	.	ID=gene-Gzmb-l8;Dbxref=GeneID:101590083;Name=Gzmb-l8;origin=rename;copy_num_ID=gene-LOC101590083_0;coverage=1.0;extra_copy_number=0;gbkey=Gene;gene=LOC101590083;gene_biotype=protein_coding;sequence_ID=1.0;valid_ORFs=1
chr8	Liftoff	gene	43039148	43040873	.	-	.	ID=gene-Tmem209-l1;Dbxref=GeneID:101590474;Name=Tmem209-l1;origin=rename;copy_num_ID=gene-LOC101590474_0;coverage=0.998;extra_copy_number=0;gbkey=Gene;gene=LOC101590474;gene_biotype=protein_coding;sequence_ID=0.997;valid_ORFs=0
chr8	Liftoff	gene	43110653	43114261	.	+	.	ID=gene-Gzmb-l9;Dbxref=GeneID:101590862;Name=Gzmb-l9;origin=rename;copy_num_ID=gene-LOC101590862_0;coverage=1.0;extra_copy_number=0;gbkey=Gene;gene=LOC101590862;gene_biotype=protein_coding;sequence_ID=0.997;valid_ORFs=1
chr8	Liftoff	gene	43230910	43234277	.	+	.	ID=gene-Gzmb-l10;Dbxref=GeneID:101591262;Name=Gzmb-l10;origin=rename;copy_num_ID=gene-LOC101591262_0;coverage=1.0;extra_copy_number=0;gbkey=Gene;gene=LOC101591262;gene_biotype=protein_coding;sequence_ID=0.996;valid_ORFs=1
chr8	Liftoff	gene	43328542	43331922	.	+	.	ID=gene-Gzmb-l11;Dbxref=GeneID:101570259;Name=Gzmb-l11;origin=rename;copy_num_ID=gene-LOC101570259_0;coverage=1.0;extra_copy_number=0;gbkey=Gene;gene=LOC101570259;gene_biotype=protein_coding;sequence_ID=0.998;valid_ORFs=1
chr8	Liftoff	gene	43432896	43486877	.	+	.	ID=gene-Gzmb-l12;Dbxref=GeneID:101569458;Name=Gzmb-l12;origin=rename;copy_num_ID=gene-LOC101569458_0;coverage=1.0;extra_copy_number=0;gbkey=Gene;gene=LOC101569458;gene_biotype=protein_coding;sequence_ID=0.992;valid_ORFs=0
chr8	Liftoff	gene	43519831	43522882	.	+	.	ID=gene-Gzmb-l13;Dbxref=GeneID:101569063;Name=Gzmb-l13;origin=rename;copy_num_ID=gene-LOC101569063_0;coverage=1.0;extra_copy_number=0;gbkey=Gene;gene=LOC101569063;gene_biotype=protein_coding;sequence_ID=1.0;valid_ORFs=1
chr8	Liftoff	gene	43559651	43562906	.	+	.	ID=gene-Gzmb-l14;Dbxref=GeneID:101568673;Name=Gzmb-l14;origin=rename;copy_num_ID=gene-LOC101568673_0;coverage=1.0;extra_copy_number=0;gbkey=Gene;gene=LOC101568673;gene_biotype=protein_coding;sequence_ID=0.997;valid_ORFs=1
chr8	Liftoff	gene	43715863	43719495	.	+	.	ID=gene-Gzmb-l15;Dbxref=GeneID:101567073;Name=Gzmb-l15;origin=rename;copy_num_ID=gene-LOC101567073_0;coverage=1.0;extra_copy_number=0;gbkey=Gene;gene=LOC101567073;gene_biotype=protein_coding;sequence_ID=0.998;valid_ORFs=0
chr8	Liftoff	gene	43758958	43761933	.	+	.	ID=gene-Ctsg;Dbxref=GeneID:101565889;Name=Ctsg;origin=rename;copy_num_ID=gene-LOC101565889_0;coverage=1.0;extra_copy_number=0;gbkey=Gene;gene=LOC101565889;gene_biotype=protein_coding;sequence_ID=1.0;valid_ORFs=1
chr8	Liftoff	gene	43790451	43793442	.	+	.	ID=gene-Ctsg-l1;Dbxref=GeneID:101565093;Name=Ctsg-l1;origin=rename;copy_num_ID=gene-LOC101565093_0;coverage=1.0;extra_copy_number=0;gbkey=Gene;gene=LOC101565093;gene_biotype=protein_coding;sequence_ID=0.997;valid_ORFs=1
chr8	Liftoff	gene	43858444	43861016	.	+	.	ID=gene-Mcpt1;Dbxref=GeneID:101590980;Name=Mcpt1;origin=rename;copy_num_ID=gene-LOC101590980_0;coverage=1.0;extra_copy_number=0;gbkey=Gene;gene=LOC101590980;gene_biotype=protein_coding;sequence_ID=1.0;valid_ORFs=1
chr8	Liftoff	gene	43868637	43871521	.	+	.	ID=gene-Cma1;Dbxref=GeneID:101590588;Name=Cma1;origin=rename;copy_num_ID=gene-LOC101590588_0;coverage=1.0;extra_copy_number=0;gbkey=Gene;gene=LOC101590588;gene_biotype=protein_coding;sequence_ID=0.998;valid_ORFs=1
chr8	Liftoff	gene	44106366	44111765	.	+	.	ID=gene-Tinf2;Dbxref=GeneID:101585325;Name=Tinf2;origin=rename;copy_num_ID=gene-LOC101585325_0;coverage=1.0;extra_copy_number=0;gbkey=Gene;gene=LOC101585325;gene_biotype=protein_coding;sequence_ID=0.999;valid_ORFs=1
chr8	Liftoff	gene	44141575	44145429	.	+	.	ID=gene-Mdp1;Dbxref=GeneID:101562705;Name=Mdp1;origin=rename;copy_num_ID=gene-LOC101562705_0;coverage=1.0;extra_copy_number=0;gbkey=Gene;gene=LOC101562705;gene_biotype=protein_coding;sequence_ID=1.0;valid_ORFs=2
chr8	Liftoff	gene	44146742	44151196	.	-	.	ID=gene-Tssk4-l1;Dbxref=GeneID:101562305;Name=Tssk4-l1;origin=rename;copy_num_ID=gene-LOC101562305_0;coverage=1.0;extra_copy_number=0;gbkey=Gene;gene=LOC101562305;gene_biotype=protein_coding;sequence_ID=0.999;valid_ORFs=1
chr8	Liftoff	gene	44182573	44184933	.	+	.	ID=gene-Mdp1-l1;Dbxref=GeneID:101561119;Name=Mdp1-l1;origin=rename;copy_num_ID=gene-LOC101561119_0;coverage=1.0;extra_copy_number=0;gbkey=Gene;gene=LOC101561119;gene_biotype=protein_coding;sequence_ID=0.998;valid_ORFs=0
chr8	Liftoff	gene	44346869	44360317	.	-	.	ID=gene-Dhrs4;Dbxref=GeneID:101575823;Name=Dhrs4;origin=rename;copy_num_ID=gene-LOC101575823_0;coverage=1.0;extra_copy_number=0;gbkey=Gene;gene=LOC101575823;gene_biotype=protein_coding;sequence_ID=0.999;valid_ORFs=3
chr8	Liftoff	gene	44522816	44537031	.	-	.	ID=gene-Dhrs2;Dbxref=GeneID:101559940;Name=Dhrs2;origin=rename;copy_num_ID=gene-LOC101559940_0;coverage=1.0;extra_copy_number=0;gbkey=Gene;gene=LOC101559940;gene_biotype=protein_coding;sequence_ID=0.999;valid_ORFs=1
chr8	Liftoff	gene	45121731	45123393	.	-	.	ID=gene-Mrpl45-l1;Dbxref=GeneID:101590714;Name=Mrpl45-l1;origin=rename;copy_num_ID=gene-LOC101590714_0;coverage=1.0;extra_copy_number=0;gbkey=Gene;gene=LOC101590714;gene_biotype=protein_coding;sequence_ID=0.999;valid_ORFs=2
chr8	Liftoff	gene	45247334	45252305	.	-	.	ID=gene-Bcl2l2;Dbxref=GeneID:105740833;Name=Bcl2l2;origin=rename;copy_num_ID=gene-LOC105740833_0;coverage=1.0;extra_copy_number=0;gbkey=Gene;gene=LOC105740833;gene_biotype=protein_coding;sequence_ID=0.999;valid_ORFs=3
chr8	Liftoff	gene	46477225	46492787	.	-	.	ID=gene-Pkm-l2;Dbxref=GeneID:101565214;Name=Pkm-l2;origin=rename;copy_num_ID=gene-LOC101565214_0;coverage=1.0;extra_copy_number=0;gbkey=Gene;gene=LOC101565214;gene_biotype=protein_coding;sequence_ID=0.995;valid_ORFs=1
chr8	Liftoff	gene	57121856	57123390	.	-	.	ID=gene-Sf3b4-l1;Dbxref=GeneID:101577306;Name=Sf3b4-l1;origin=rename;copy_num_ID=gene-LOC101577306_0;coverage=1.0;end_range=777356,.;extra_copy_number=0;gbkey=Gene;gene=LOC101577306;gene_biotype=protein_coding;partial=true;sequence_ID=1.0;valid_ORFs=0
chr8	Liftoff	gene	57415056	57416356	.	+	.	ID=gene-Vps72-l1;Dbxref=GeneID:101566683;Name=Vps72-l1;origin=rename;copy_num_ID=gene-LOC101566683_0;coverage=1.0;extra_copy_number=0;gbkey=Gene;gene=LOC101566683;gene_biotype=protein_coding;sequence_ID=1.0;valid_ORFs=1
chr8	Liftoff	gene	57734865	57736387	.	-	.	ID=gene-Rnase6-l1;Dbxref=GeneID:101573728;Name=Rnase6-l1;origin=rename;copy_num_ID=gene-LOC101573728_0;coverage=1.0;extra_copy_number=0;gbkey=Gene;gene=LOC101573728;gene_biotype=protein_coding;sequence_ID=0.997;valid_ORFs=2
chr8	Liftoff	gene	57784048	57784563	.	-	.	ID=gene-Rnase1-l1;Dbxref=GeneID:101562314;Name=Rnase1-l1;origin=rename;copy_num_ID=gene-LOC101562314_0;coverage=1.0;extra_copy_number=0;gbkey=Gene;gene=LOC101562314;gene_biotype=protein_coding;sequence_ID=0.991;valid_ORFs=1
chr8	Liftoff	gene	57898862	57940261	.	-	.	ID=gene-Rnase6-l2;Dbxref=GeneID:101589288;Name=Rnase6-l2;origin=rename;copy_num_ID=gene-LOC101589288_0;coverage=1.0;extra_copy_number=0;gbkey=Gene;gene=LOC101589288;gene_biotype=protein_coding;sequence_ID=0.995;valid_ORFs=1
chr8	Liftoff	gene	57993605	57994105	.	-	.	ID=gene-Rnase6-l3;Dbxref=GeneID:101588890;Name=Rnase6-l3;origin=rename;copy_num_ID=gene-LOC101588890_0;coverage=1.0;extra_copy_number=0;gbkey=Gene;gene=LOC101588890;gene_biotype=protein_coding;sequence_ID=0.998;valid_ORFs=1
chr8	Liftoff	gene	58286107	58287355	.	-	.	ID=gene-Rnase6-l4;Dbxref=GeneID:101573467;Name=Rnase6-l4;origin=rename;copy_num_ID=gene-LOC101573467_0;coverage=1.0;extra_copy_number=0;gbkey=Gene;gene=LOC101573467;gene_biotype=protein_coding;sequence_ID=0.998;valid_ORFs=1
chr8	Liftoff	gene	58477634	58478116	.	-	.	ID=gene-Rnase1-l2;Dbxref=GeneID:101568519;Name=Rnase1-l2;origin=rename;copy_num_ID=gene-LOC101568519_0;coverage=1.0;extra_copy_number=0;gbkey=Gene;gene=LOC101568519;gene_biotype=protein_coding;sequence_ID=0.980;valid_ORFs=1
chr8	Liftoff	gene	58493348	58493644	.	-	.	ID=gene-Rnase6-l5;Dbxref=GeneID:101588572;Name=Rnase6-l5;origin=rename;copy_num_ID=gene-LOC101588572_0;coverage=1.0;extra_copy_number=0;gbkey=Gene;gene=LOC101588572;gene_biotype=protein_coding;sequence_ID=0.993;valid_ORFs=1
chr8	Liftoff	gene	58496964	58502016	.	+	.	ID=gene-Rnase6;Dbxref=GeneID:101588967;Name=Rnase6;origin=rename;copy_num_ID=gene-LOC101588967_0;coverage=1.0;extra_copy_number=0;gbkey=Gene;gene=LOC101588967;gene_biotype=protein_coding;sequence_ID=0.989;valid_ORFs=1
chr8	Liftoff	gene	58593344	58595055	.	+	.	ID=gene-Rnase1;Dbxref=GeneID:101568921;Name=Rnase1;origin=rename;copy_num_ID=gene-LOC101568921_0;coverage=1.0;extra_copy_number=0;gbkey=Gene;gene=LOC101568921;gene_biotype=protein_coding;sequence_ID=0.996;valid_ORFs=1
chr8	Liftoff	gene	58623233	58625770	.	-	.	ID=gene-Eddm3b;Dbxref=GeneID:101569309;Name=Eddm3b;origin=rename;copy_num_ID=gene-LOC101569309_0;coverage=1.0;extra_copy_number=0;gbkey=Gene;gene=LOC101569309;gene_biotype=protein_coding;sequence_ID=1.0;valid_ORFs=1
chr8	Liftoff	gene	58648499	58666783	.	-	.	ID=gene-Rnase4;Dbxref=GeneID:101569703;Name=Rnase4;origin=rename;copy_num_ID=gene-LOC101569703_0;coverage=0.997;extra_copy_number=0;gbkey=Gene;gene=LOC101569703;gene_biotype=protein_coding;sequence_ID=0.997;valid_ORFs=2
chr8	Liftoff	gene	59119544	59166086	.	+	.	ID=gene-Tep1;Dbxref=GeneID:101559904;Name=Tep1;origin=rename;copy_num_ID=gene-LOC101559904_0;coverage=1.0;extra_copy_number=0;gbkey=Gene;gene=LOC101559904;gene_biotype=protein_coding;sequence_ID=0.995;valid_ORFs=1
chr8	Liftoff	gene	59261304	59291949	.	+	.	ID=gene-Tep1-l1;Dbxref=GeneID:101561881;Name=Tep1-l1;origin=rename;copy_num_ID=gene-LOC101561881_0;coverage=0.999;extra_copy_number=0;gbkey=Gene;gene=LOC101561881;gene_biotype=protein_coding;sequence_ID=0.991;valid_ORFs=0
chr8	Liftoff	gene	59541287	59592526	.	-	.	ID=gene-Tep1-l2;Dbxref=GeneID:101565459;Name=Tep1-l2;origin=rename;copy_num_ID=gene-LOC101565459_0;coverage=1.0;extra_copy_number=0;gbkey=Gene;gene=LOC101565459;gene_biotype=protein_coding;sequence_ID=0.998;valid_ORFs=0
chr8	Liftoff	gene	64944918	64945844	.	+	.	ID=gene-Or4n5;Dbxref=GeneID:101561269;Name=Or4n5;origin=rename;copy_num_ID=gene-LOC101561269_0;coverage=1.0;extra_copy_number=0;gbkey=Gene;gene=LOC101561269;gene_biotype=protein_coding;sequence_ID=0.990;valid_ORFs=0
chr8	Liftoff	gene	65384351	65387072	.	-	.	ID=gene-Lefty2;Dbxref=GeneID:101580148;Name=Lefty2;origin=rename;copy_num_ID=gene-LOC101580148_0;coverage=1.0;extra_copy_number=0;gbkey=Gene;gene=LOC101580148;gene_biotype=protein_coding;sequence_ID=0.991;valid_ORFs=0
chr8	Liftoff	gene	67364603	67365651	.	+	.	ID=gene-Il13ra1-l1;Dbxref=GeneID:101573257;Name=Il13ra1-l1;origin=rename;copy_num_ID=gene-LOC101573257_0;coverage=0.793;extra_copy_number=0;gbkey=Gene;gene=LOC101573257;gene_biotype=protein_coding;sequence_ID=0.787;valid_ORFs=0
chr8	Liftoff	gene	67450444	67455788	.	-	.	ID=gene-Nr1i3-l1;Dbxref=GeneID:101572330;Name=Nr1i3-l1;origin=rename;copy_num_ID=gene-LOC101572330_0;coverage=1.0;extra_copy_number=0;gbkey=Gene;gene=LOC101572330;gene_biotype=protein_coding;sequence_ID=0.998;valid_ORFs=6
chr8	Liftoff	gene	68703494	68704589	.	+	.	ID=gene-Exosc2-l1;Dbxref=GeneID:101568617;Name=Exosc2-l1;origin=rename;copy_num_ID=gene-LOC101568617_0;coverage=1.0;extra_copy_number=0;gbkey=Gene;gene=LOC101568617;gene_biotype=protein_coding;sequence_ID=0.994;valid_ORFs=1
chr8	Liftoff	gene	70652809	70658592	.	-	.	ID=gene-C4bpa-l1;Dbxref=GeneID:111812594;Name=C4bpa-l1;origin=rename;copy_num_ID=gene-LOC111812594_0;coverage=1.0;extra_copy_number=0;gbkey=Gene;gene=LOC111812594;gene_biotype=protein_coding;sequence_ID=0.999;valid_ORFs=1
chr8	Liftoff	gene	70686915	70692324	.	-	.	ID=gene-C4bpa-l2;Dbxref=GeneID:111812593;Name=C4bpa-l2;origin=rename;copy_num_ID=gene-LOC111812593_0;coverage=1.0;extra_copy_number=0;gbkey=Gene;gene=LOC111812593;gene_biotype=protein_coding;sequence_ID=0.999;valid_ORFs=1
chr8	Liftoff	gene	70717379	70761531	.	-	.	ID=gene-Zp3r;Dbxref=GeneID:101589856;Name=Zp3r;origin=rename;copy_num_ID=gene-LOC101589856_0;coverage=1.0;extra_copy_number=0;gbkey=Gene;gene=LOC101589856;gene_biotype=protein_coding;sequence_ID=1.0;valid_ORFs=1
chr8	Liftoff	gene	73095464	73096494	.	-	.	ID=gene-Hmgb2;Dbxref=GeneID:101583955;Name=Hmgb2;origin=rename;copy_num_ID=gene-LOC101583955_0;coverage=1.0;extra_copy_number=0;gbkey=Gene;gene=LOC101583955;gene_biotype=protein_coding;sequence_ID=0.991;valid_ORFs=1
chr8	Liftoff	gene	74191364	74191773	.	+	.	ID=gene-Rpl35-l1;Dbxref=GeneID:101582633;Name=Rpl35-l1;origin=rename;copy_num_ID=gene-LOC101582633_0;coverage=1.0;extra_copy_number=0;gbkey=Gene;gene=LOC101582633;gene_biotype=protein_coding;sequence_ID=0.997;valid_ORFs=1
chr8	Liftoff	gene	74846105	74854324	.	+	.	ID=gene-Mgat4c-l1;Dbxref=GeneID:101567272;Name=Mgat4c-l1;origin=rename;copy_num_ID=gene-LOC101567272_0;coverage=1.0;extra_copy_number=0;gbkey=Gene;gene=LOC101567272;gene_biotype=protein_coding;sequence_ID=0.997;valid_ORFs=1
chr8	Liftoff	gene	74920228	74927371	.	+	.	ID=gene-Mgat4c-l2;Dbxref=GeneID:101566084;Name=Mgat4c-l2;origin=rename;copy_num_ID=gene-LOC101566084_0;coverage=1.0;extra_copy_number=0;gbkey=Gene;gene=LOC101566084;gene_biotype=protein_coding;sequence_ID=0.999;valid_ORFs=1
chr8	Liftoff	gene	74944572	74945238	.	-	.	ID=gene-Mrpl41-l2;Dbxref=GeneID:101577494;Name=Mrpl41-l2;origin=rename;copy_num_ID=gene-LOC101577494_0;coverage=0.994;extra_copy_number=0;gbkey=Gene;gene=LOC101577494;gene_biotype=protein_coding;sequence_ID=0.990;valid_ORFs=1
chr8	Liftoff	gene	74958214	74964313	.	+	.	ID=gene-Cyb5r1;Dbxref=GeneID:101577089;Name=Cyb5r1;origin=rename;copy_num_ID=gene-LOC101577089_0;coverage=1.0;extra_copy_number=0;gbkey=Gene;gene=LOC101577089;gene_biotype=protein_coding;sequence_ID=1.0;valid_ORFs=1
chr8	Liftoff	gene	75116574	75123206	.	-	.	ID=gene-Mgat4e;Dbxref=GeneID:101564109;Name=Mgat4e;origin=rename;copy_num_ID=gene-LOC101564109_0;coverage=1.0;extra_copy_number=0;gbkey=Gene;gene=LOC101564109;gene_biotype=protein_coding;sequence_ID=0.998;valid_ORFs=1
chr8	Liftoff	gene	75723678	75740240	.	-	.	ID=gene-Ptprv;Dbxref=GeneID:101563713;Name=Ptprv;origin=rename;copy_num_ID=gene-LOC101563713_0;coverage=1.0;extra_copy_number=0;gbkey=Gene;gene=LOC101563713;gene_biotype=protein_coding;sequence_ID=0.999;valid_ORFs=1
chr8	Liftoff	gene	75916126	75917726	.	+	.	ID=gene-Tex47-l1;Dbxref=GeneID:101562919;Name=Tex47-l1;origin=rename;copy_num_ID=gene-LOC101562919_0;coverage=1.0;extra_copy_number=0;gbkey=Gene;gene=LOC101562919;gene_biotype=protein_coding;sequence_ID=1.0;valid_ORFs=1
chr8	Liftoff	gene	75931311	75932576	.	-	.	ID=gene-Becn2;Dbxref=GeneID:101562518;Name=Becn2;origin=rename;copy_num_ID=gene-LOC101562518_0;coverage=1.0;extra_copy_number=0;gbkey=Gene;gene=LOC101562518;gene_biotype=protein_coding;sequence_ID=0.998;valid_ORFs=1
chr8	Liftoff	gene	76936556	76966312	.	-	.	ID=gene-Mroh7-l1;Dbxref=GeneID:101560136;Name=Mroh7-l1;origin=rename;copy_num_ID=gene-LOC101560136_0;coverage=1.0;extra_copy_number=0;gbkey=Gene;gene=LOC101560136;gene_biotype=protein_coding;sequence_ID=0.996;valid_ORFs=1
chr8	Liftoff	gene	79791388	79791971	.	-	.	ID=gene-Tbca-l2;Dbxref=GeneID:101589600;Name=Tbca-l2;origin=rename;copy_num_ID=gene-LOC101589600_0;coverage=1.0;extra_copy_number=0;gbkey=Gene;gene=LOC101589600;gene_biotype=protein_coding;sequence_ID=0.996;valid_ORFs=1
chr8	Liftoff	gene	80387554	80387808	.	+	.	ID=gene-Rps27-l5;Dbxref=GeneID:101587750;Name=Rps27-l5;origin=rename;copy_num_ID=gene-LOC101587750_0;coverage=1.0;extra_copy_number=0;gbkey=Gene;gene=LOC101587750;gene_biotype=protein_coding;sequence_ID=1.0;valid_ORFs=1
chr8	Liftoff	gene	81157770	81246473	.	-	.	ID=gene-Cfh;Dbxref=GeneID:101586433;Name=Cfh;origin=rename;copy_num_ID=gene-LOC101586433_0;coverage=1.0;extra_copy_number=0;gbkey=Gene;gene=LOC101586433;gene_biotype=protein_coding;sequence_ID=0.999;valid_ORFs=1
chr8	Liftoff	gene	93163084	93259931	.	-	.	ID=gene-Swt1;Dbxref=GeneID:101564457;Name=Swt1;origin=rename;copy_num_ID=gene-LOC101564457_0;coverage=0.951;extra_copy_number=0;gbkey=Gene;gene=LOC101564457;gene_biotype=protein_coding;sequence_ID=0.950;valid_ORFs=0
chr8	Liftoff	gene	93307923	93339920	.	-	.	ID=gene-Rnf2;Dbxref=GeneID:101565233;Name=Rnf2;origin=rename;copy_num_ID=gene-LOC101565233_0;coverage=1.0;extra_copy_number=0;gbkey=Gene;gene=LOC101565233;gene_biotype=protein_coding;partial=true;sequence_ID=0.998;start_range=.,659081;valid_ORFs=0
chr8	Liftoff	gene	93384847	93385447	.	-	.	ID=gene-Ssmem1-l1;Dbxref=GeneID:101565635;Name=Ssmem1-l1;origin=rename;copy_num_ID=gene-LOC101565635_0;coverage=0.994;extra_copy_number=0;gbkey=Gene;gene=LOC101565635;gene_biotype=protein_coding;sequence_ID=0.989;valid_ORFs=1
chr8	Liftoff	gene	93684148	93692536	.	-	.	ID=gene-Cenpi-l1;Dbxref=GeneID:101588737;Name=Cenpi-l1;origin=rename;copy_num_ID=gene-LOC101588737_0;coverage=1.0;extra_copy_number=0;gbkey=Gene;gene=LOC101588737;gene_biotype=protein_coding;sequence_ID=0.998;valid_ORFs=2
chr8	Liftoff	gene	94840434	94840820	.	+	.	ID=gene-Ifi27l2-l1;Dbxref=GeneID:101585575;Name=Ifi27l2-l1;origin=rename;copy_num_ID=gene-LOC101585575_0;coverage=1.0;extra_copy_number=0;gbkey=Gene;gene=LOC101585575;gene_biotype=protein_coding;partial=true;sequence_ID=1.0;start_range=.,977419;valid_ORFs=0
chr8	Liftoff	gene	95017378	95040244	.	-	.	ID=gene-Cct7-l2;Dbxref=GeneID:111814130;Name=Cct7-l2;origin=rename;copy_num_ID=gene-LOC111814130_0;coverage=1.0;extra_copy_number=0;gbkey=Gene;gene=LOC111814130;gene_biotype=protein_coding;sequence_ID=0.998;valid_ORFs=1
chr8	Liftoff	gene	96761364	96762146	.	-	.	ID=gene-Teddm1-l2;Dbxref=GeneID:101590942;Name=Teddm1-l2;origin=rename;copy_num_ID=gene-LOC101590942_0;coverage=1.0;extra_copy_number=0;gbkey=Gene;gene=LOC101590942;gene_biotype=protein_coding;sequence_ID=1.0;valid_ORFs=1
chr8	Liftoff	gene	98150786	98167833	.	-	.	ID=gene-Mr1;Dbxref=GeneID:101560288;Name=Mr1;origin=rename;copy_num_ID=gene-LOC101560288_0;coverage=1.0;extra_copy_number=0;gbkey=Gene;gene=LOC101560288;gene_biotype=protein_coding;sequence_ID=0.997;valid_ORFs=1
chr8	Liftoff	gene	99249065	99283454	.	+	.	ID=gene-Tor1aip2;Dbxref=GeneID:101563481;Name=Tor1aip2;origin=rename;copy_num_ID=gene-LOC101563481_0;coverage=1.0;extra_copy_number=0;gbkey=Gene;gene=LOC101563481;gene_biotype=protein_coding;sequence_ID=0.998;valid_ORFs=4
chr8	Liftoff	gene	99697319	99698182	.	+	.	ID=gene-Rps4-l2;Dbxref=GeneID:101584364;Name=Rps4-l2;origin=rename;copy_num_ID=gene-LOC101584364_0;coverage=1.0;extra_copy_number=0;gbkey=Gene;gene=LOC101584364;gene_biotype=protein_coding;sequence_ID=0.992;valid_ORFs=1
chr8	Liftoff	gene	101059271	101094465	.	+	.	ID=gene-Cryzl2;Dbxref=GeneID:101588567;Name=Cryzl2;origin=rename;copy_num_ID=gene-LOC101588567_0;coverage=1.0;extra_copy_number=0;gbkey=Gene;gene=LOC101588567;gene_biotype=protein_coding;sequence_ID=0.999;valid_ORFs=2
chr8	AUGUSTUS	gene	107557591	107586469	.	-	.	ID=gene-Fmo2;Name=Fmo2;origin=replace
chr8	Liftoff	gene	110200898	110288629	.	+	.	ID=gene-Kif28;Dbxref=GeneID:101592744;Name=Kif28;origin=rename;copy_num_ID=gene-LOC101592744_0;coverage=1.0;extra_copy_number=0;gbkey=Gene;gene=LOC101592744;gene_biotype=protein_coding;sequence_ID=0.998;valid_ORFs=1
chr8	Liftoff	gene	110463869	110466783	.	+	.	ID=gene-Ptp4a2-l1;Dbxref=GeneID:101576571;Name=Ptp4a2-l1;origin=rename;copy_num_ID=gene-LOC101576571_0;coverage=0.998;extra_copy_number=0;gbkey=Gene;gene=LOC101576571;gene_biotype=protein_coding;sequence_ID=0.989;valid_ORFs=1
chr8	gmst	gene	110515146	111288541	.	+	.	ID=gene-Smyd3;Name=Smyd3;origin=replace
chr8	Liftoff	gene	112120752	112122156	.	-	.	ID=gene-Cox20;Dbxref=GeneID:101561741;Name=Cox20;origin=rename;copy_num_ID=gene-LOC101561741_0;coverage=1.0;extra_copy_number=0;gbkey=Gene;gene=LOC101561741;gene_biotype=protein_coding;sequence_ID=1.0;valid_ORFs=1
chr8	Liftoff	gene	122851616	122855606	.	+	.	ID=gene-Mtarc1;Dbxref=GeneID:101574853;Name=Mtarc1;origin=rename;copy_num_ID=gene-LOC101574853_0;coverage=1.0;extra_copy_number=0;gbkey=Gene;gene=LOC101574853;gene_biotype=protein_coding;sequence_ID=1.0;valid_ORFs=1
chr9	Liftoff	gene	9427007	9427925	.	+	.	ID=gene-Eef1d-l1;Dbxref=GeneID:101582712;Name=Eef1d-l1;origin=rename;copy_num_ID=gene-LOC101582712_0;coverage=1.0;extra_copy_number=0;gbkey=Gene;gene=LOC101582712;gene_biotype=protein_coding;sequence_ID=0.989;valid_ORFs=1
chr9	Liftoff	gene	10042112	10063345	.	+	.	ID=gene-Akr1c5;Dbxref=GeneID:101580229;Name=Akr1c5;origin=rename;copy_num_ID=gene-LOC101580229_0;coverage=1.0;extra_copy_number=0;gbkey=Gene;gene=LOC101580229;gene_biotype=protein_coding;sequence_ID=0.994;valid_ORFs=1
chr9	Liftoff	gene	10970441	10992618	.	+	.	ID=gene-Akr1c1;Dbxref=GeneID:101561489;Name=Akr1c1;origin=rename;copy_num_ID=gene-LOC101561489_0;coverage=1.0;extra_copy_number=0;gbkey=Gene;gene=LOC101561489;gene_biotype=protein_coding;sequence_ID=0.999;valid_ORFs=1
chr9	Liftoff	gene	11779720	11783500	.	-	.	ID=gene-Ubxn4-l1;Dbxref=GeneID:101560303;Name=Ubxn4-l1;origin=rename;copy_num_ID=gene-LOC101560303_0;coverage=0.999;extra_copy_number=0;gbkey=Gene;gene=LOC101560303;gene_biotype=protein_coding;sequence_ID=0.999;valid_ORFs=1
chr9	Liftoff	gene	12207875	12208339	.	-	.	ID=gene-Rps27a-l1;Dbxref=GeneID:101559915;Name=Rps27a-l1;origin=rename;copy_num_ID=gene-LOC101559915_0;coverage=1.0;extra_copy_number=0;gbkey=Gene;gene=LOC101559915;gene_biotype=protein_coding;sequence_ID=0.997;valid_ORFs=1
chr9	Liftoff	gene	16085174	16085858	.	-	.	ID=gene-Ube2l3-l2;Dbxref=GeneID:101572521;Name=Ube2l3-l2;origin=rename;copy_num_ID=gene-LOC101572521_0;coverage=1.0;extra_copy_number=0;gbkey=Gene;gene=LOC101572521;gene_biotype=protein_coding;sequence_ID=0.998;valid_ORFs=1
chr9	Liftoff	gene	22427071	22517547	.	-	.	ID=gene-Scn3a;Dbxref=GeneID:101567587;Name=Scn3a;origin=rename;copy_num_ID=gene-LOC101567587_0;coverage=1.0;extra_copy_number=0;gbkey=Gene;gene=LOC101567587;gene_biotype=protein_coding;sequence_ID=0.997;valid_ORFs=7
chr9	Liftoff	gene	24696720	24782375	.	+	.	ID=gene-Xirp2;Dbxref=GeneID:101572642;Name=Xirp2;origin=rename;copy_num_ID=gene-LOC101572642_0;coverage=1.0;extra_copy_number=0;gbkey=Gene;gene=LOC101572642;gene_biotype=protein_coding;sequence_ID=0.997;valid_ORFs=1
chr9	AUGUSTUS	gene	26535760	26629823	.	-	.	ID=gene-Abcb11;Name=Abcb11;origin=replace
chr9	Liftoff	gene	27299007	27319735	.	+	.	ID=gene-Klhl23;Dbxref=GeneID:101570562;Name=Klhl23;origin=rename;copy_num_ID=gene-LOC101570562_0;coverage=1.0;extra_copy_number=0;gbkey=Gene;gene=LOC101570562;gene_biotype=protein_coding;sequence_ID=0.997;valid_ORFs=1
chr9	Liftoff	gene	28250810	28251526	.	+	.	ID=gene-Rpl10-l4;Dbxref=GeneID:101567896;Name=Rpl10-l4;origin=rename;copy_num_ID=gene-LOC101567896_0;coverage=1.0;extra_copy_number=0;gbkey=Gene;gene=LOC101567896;gene_biotype=protein_coding;sequence_ID=1.0;valid_ORFs=1
chr9	Liftoff	gene	28425583	28426291	.	+	.	ID=gene-Snurf-l1;Dbxref=GeneID:101567094;Name=Snurf-l1;origin=rename;copy_num_ID=gene-LOC101567094_0;coverage=1.0;extra_copy_number=0;gbkey=Gene;gene=LOC101567094;gene_biotype=protein_coding;sequence_ID=0.995;valid_ORFs=1
chr9	Liftoff	gene	28426371	28427227	.	+	.	ID=gene-Snrpn-l1;Dbxref=GeneID:101566697;Name=Snrpn-l1;origin=rename;copy_num_ID=gene-LOC101566697_0;coverage=0.997;extra_copy_number=0;gbkey=Gene;gene=LOC101566697;gene_biotype=protein_coding;sequence_ID=0.996;valid_ORFs=0
chr9	AUGUSTUS	gene	28493809	28641203	.	-	.	ID=gene-Tlk1;Name=Tlk1;origin=replace
chr9	Liftoff	gene	28796491	28799805	.	-	.	ID=gene-Pbdc1;Dbxref=GeneID:101592320;Name=Pbdc1;origin=rename;copy_num_ID=gene-LOC101592320_0;coverage=1.0;extra_copy_number=0;gbkey=Gene;gene=LOC101592320;gene_biotype=protein_coding;sequence_ID=0.982;valid_ORFs=0
chr9	Liftoff	gene	28989439	29021002	.	+	.	ID=gene-Cybrd1;Dbxref=GeneID:101564987;Name=Cybrd1;origin=rename;copy_num_ID=gene-LOC101564987_0;coverage=1.0;extra_copy_number=0;gbkey=Gene;gene=LOC101564987;gene_biotype=protein_coding;sequence_ID=1.0;valid_ORFs=1
chr9	Liftoff	gene	34944632	34947546	.	-	.	ID=gene-Ift70b;Dbxref=GeneID:101578923;Name=Ift70b;origin=rename;copy_num_ID=gene-LOC101578923_0;coverage=1.0;extra_copy_number=0;gbkey=Gene;gene=LOC101578923;gene_biotype=protein_coding;sequence_ID=0.990;valid_ORFs=1
chr9	Liftoff	gene	35014231	35018844	.	-	.	ID=gene-Ift70a;Dbxref=GeneID:101577997;Name=Ift70a;origin=rename;copy_num_ID=gene-LOC101577997_0;coverage=1.0;extra_copy_number=0;gbkey=Gene;gene=LOC101577997;gene_biotype=protein_coding;sequence_ID=0.989;valid_ORFs=1
chr9	Liftoff	gene	35556471	35581398	.	+	.	ID=gene-Rbm45;Dbxref=GeneID:101576777;Name=Rbm45;origin=rename;copy_num_ID=gene-LOC101576777_0;coverage=0.999;extra_copy_number=0;gbkey=Gene;gene=LOC101576777;gene_biotype=protein_coding;sequence_ID=0.998;valid_ORFs=5
chr9	Liftoff	gene	47077948	47079409	.	+	.	ID=gene-Arl1-l1;Dbxref=GeneID:101587779;Name=Arl1-l1;origin=rename;copy_num_ID=gene-LOC101587779_0;coverage=1.0;extra_copy_number=0;gbkey=Gene;gene=LOC101587779;gene_biotype=protein_coding;sequence_ID=0.996;valid_ORFs=1
chr9	Liftoff	gene	53743591	53772381	.	-	.	ID=gene-Gtf3c3;Dbxref=GeneID:101578331;Name=Gtf3c3;origin=rename;copy_num_ID=gene-LOC101578331_0;coverage=1.0;extra_copy_number=0;gbkey=Gene;gene=LOC101578331;gene_biotype=protein_coding;sequence_ID=0.998;valid_ORFs=1
chr9	Liftoff	gene	53779377	53784557	.	-	.	ID=gene-Gtf3c3-l1;Dbxref=GeneID:101578606;Name=Gtf3c3-l1;origin=rename;copy_num_ID=gene-LOC101578606_0;coverage=1.0;extra_copy_number=0;gbkey=Gene;gene=LOC101578606;gene_biotype=protein_coding;sequence_ID=1.0;valid_ORFs=1
chr9	Liftoff	gene	53789175	53792958	.	-	.	ID=gene-Gpkow-l2;Dbxref=GeneID:101577934;Name=Gpkow-l2;origin=rename;copy_num_ID=gene-LOC101577934_0;coverage=1.0;extra_copy_number=0;gbkey=Gene;gene=LOC101577934;gene_biotype=protein_coding;sequence_ID=0.994;valid_ORFs=0
chr9	Liftoff	gene	56680611	56722266	.	+	.	ID=gene-Aox1;Dbxref=GeneID:101572360;Name=Aox1;origin=rename;copy_num_ID=gene-LOC101572360_0;coverage=1.0;extra_copy_number=0;gbkey=Gene;gene=LOC101572360;gene_biotype=protein_coding;sequence_ID=0.999;valid_ORFs=1
chr9	Liftoff	gene	56778902	56824857	.	+	.	ID=gene-Aox4;Dbxref=GeneID:101571960;Name=Aox4;origin=rename;copy_num_ID=gene-LOC101571960_0;coverage=0.999;extra_copy_number=0;gbkey=Gene;gene=LOC101571960;gene_biotype=protein_coding;sequence_ID=0.998;valid_ORFs=0
chr9	Liftoff	gene	56831834	56886649	.	+	.	ID=gene-Aox2;Dbxref=GeneID:101570622;Name=Aox2;origin=rename;copy_num_ID=gene-LOC101570622_0;coverage=1.0;extra_copy_number=0;gbkey=Gene;gene=LOC101570622;gene_biotype=protein_coding;sequence_ID=0.998;valid_ORFs=2
chr9	Liftoff	gene	58842336	58944180	.	-	.	ID=gene-Spag6-l1;Dbxref=GeneID:101589209;Name=Spag6-l1;origin=rename;copy_num_ID=gene-LOC101589209_0;coverage=1.0;extra_copy_number=0;gbkey=Gene;gene=LOC101589209;gene_biotype=protein_coding;sequence_ID=1.0;valid_ORFs=3
chr9	Liftoff	gene	62399667	62451892	.	+	.	ID=gene-Selenoo-l1;Dbxref=GeneID:101562529;Name=Selenoo-l1;origin=rename;copy_num_ID=gene-LOC101562529_0;coverage=1.0;extra_copy_number=0;gbkey=Gene;gene=LOC101562529;gene_biotype=protein_coding;sequence_ID=0.996;valid_ORFs=1
chr9	Liftoff	gene	64216467	64218673	.	+	.	ID=gene-Atf1-l1;Dbxref=GeneID:101566488;Name=Atf1-l1;origin=rename;copy_num_ID=gene-LOC101566488_0;coverage=0.999;extra_copy_number=0;gbkey=Gene;gene=LOC101566488;gene_biotype=protein_coding;sequence_ID=0.996;valid_ORFs=1
chr9	Liftoff	gene	64242410	64244213	.	+	.	ID=gene-Exosc8-l1;Dbxref=GeneID:101567286;Name=Exosc8-l1;origin=rename;copy_num_ID=gene-LOC101567286_0;coverage=1.0;extra_copy_number=0;gbkey=Gene;gene=LOC101567286;gene_biotype=protein_coding;sequence_ID=0.998;valid_ORFs=1
chr9	Liftoff	gene	68597547	68598987	.	+	.	ID=gene-Hnrnpf-l1;Dbxref=GeneID:101584628;Name=Hnrnpf-l1;origin=rename;copy_num_ID=gene-LOC101584628_0;coverage=1.0;extra_copy_number=0;gbkey=Gene;gene=LOC101584628;gene_biotype=protein_coding;sequence_ID=0.999;valid_ORFs=1
chr9	AUGUSTUS	gene	70968473	71015763	.	+	.	ID=gene-Nsun6;Name=Nsun6;origin=replace
chr9	Liftoff	gene	76587418	76612305	.	+	.	ID=gene-C3orf20;Dbxref=GeneID:101565375;Name=C3orf20;origin=rename;copy_num_ID=gene-LOC101565375_0;coverage=1.0;end_range=131164,.;extra_copy_number=0;gbkey=Gene;gene=LOC101565375;gene_biotype=protein_coding;partial=true;sequence_ID=0.994;start_range=.,104702;valid_ORFs=0
chr9	Liftoff	gene	76715110	76811260	.	-	.	ID=gene-Armc3-l1;Dbxref=GeneID:101584944;Name=Armc3-l1;origin=rename;copy_num_ID=gene-LOC101584944_0;coverage=1.0;extra_copy_number=0;gbkey=Gene;gene=LOC101584944;gene_biotype=protein_coding;sequence_ID=0.997;valid_ORFs=1
chr9	Liftoff	gene	77619078	77620893	.	-	.	ID=gene-H1-8;Dbxref=GeneID:101580721;Name=H1-8;origin=rename;copy_num_ID=gene-LOC101580721_0;coverage=1.0;end_range=2511147,.;extra_copy_number=0;gbkey=Gene;gene=LOC101580721;gene_biotype=protein_coding;partial=true;sequence_ID=0.998;valid_ORFs=0
chr9	AUGUSTUS	gene	77698808	77709366	.	+	.	ID=gene-Mbd4;Name=Mbd4;origin=replace
chr9	Liftoff	gene	77975863	77976155	.	-	.	ID=gene-Stmp1-l2;Dbxref=GeneID:101567052;Name=Stmp1-l2;origin=rename;copy_num_ID=gene-LOC101567052_0;coverage=1.0;extra_copy_number=0;gbkey=Gene;gene=LOC101567052;gene_biotype=protein_coding;sequence_ID=1.0;valid_ORFs=1
chr9	Liftoff	gene	78002991	78026112	.	+	.	ID=gene-Acad9-l1;Dbxref=GeneID:101577543;Name=Acad9-l1;origin=rename;copy_num_ID=gene-LOC101577543_0;coverage=1.0;extra_copy_number=0;gbkey=Gene;gene=LOC101577543;gene_biotype=protein_coding;sequence_ID=0.998;valid_ORFs=1
chr9	Liftoff	gene	79900027	79929471	.	-	.	ID=gene-Rab43;Dbxref=GeneID:101593043;Name=Rab43;origin=rename;copy_num_ID=gene-LOC101593043_0;coverage=1.0;extra_copy_number=0;gbkey=Gene;gene=LOC101593043;gene_biotype=protein_coding;sequence_ID=0.999;valid_ORFs=2
chr9	Liftoff	gene	82193727	82203482	.	-	.	ID=gene-Chchd4;Dbxref=GeneID:101573184;Name=Chchd4;origin=rename;copy_num_ID=gene-LOC101573184_0;coverage=1.0;extra_copy_number=0;gbkey=Gene;gene=LOC101573184;gene_biotype=protein_coding;partial=true;sequence_ID=0.998;start_range=.,2276898;valid_ORFs=0
chr9	Liftoff	gene	82907634	82910232	.	-	.	ID=gene-Pcbp1;Dbxref=GeneID:101572809;Name=Pcbp1;origin=rename;copy_num_ID=gene-LOC101572809_0;coverage=0.999;extra_copy_number=0;gbkey=Gene;gene=LOC101572809;gene_biotype=protein_coding;sequence_ID=0.989;valid_ORFs=0
chr9	Liftoff	gene	84089728	84091009	.	-	.	ID=gene-Sdhd-l1;Dbxref=GeneID:101562257;Name=Sdhd-l1;origin=rename;copy_num_ID=gene-LOC101562257_0;coverage=1.0;extra_copy_number=0;gbkey=Gene;gene=LOC101562257;gene_biotype=protein_coding;sequence_ID=0.998;valid_ORFs=1
chr9	Liftoff	gene	84299050	84299954	.	-	.	ID=gene-Melk-l1;Dbxref=GeneID:101573412;Name=Melk-l1;origin=rename;copy_num_ID=gene-LOC101573412_0;coverage=1.0;extra_copy_number=0;gbkey=Gene;gene=LOC101573412;gene_biotype=protein_coding;sequence_ID=0.995;valid_ORFs=1
chr9	Liftoff	gene	86494112	86510131	.	+	.	ID=gene-Lyzl1;Dbxref=GeneID:101588683;Name=Lyzl1;origin=rename;copy_num_ID=gene-LOC101588683_0;coverage=1.0;extra_copy_number=0;gbkey=Gene;gene=LOC101588683;gene_biotype=protein_coding;sequence_ID=0.994;valid_ORFs=1
chr9	Liftoff	gene	87594401	87596214	.	-	.	ID=gene-Phgdh-l1;Dbxref=GeneID:101569677;Name=Phgdh-l1;origin=rename;copy_num_ID=gene-LOC101569677_0;coverage=1.0;extra_copy_number=0;gbkey=Gene;gene=LOC101569677;gene_biotype=protein_coding;sequence_ID=0.996;valid_ORFs=1
chr9	Liftoff	gene	89591286	89593076	.	-	.	ID=gene-Chordc1-l1;Dbxref=GeneID:101577777;Name=Chordc1-l1;origin=rename;copy_num_ID=gene-LOC101577777_0;coverage=1.0;extra_copy_number=0;gbkey=Gene;gene=LOC101577777;gene_biotype=protein_coding;sequence_ID=0.992;valid_ORFs=1
chr9	Liftoff	gene	89886330	89919466	.	-	.	ID=gene-Btnl8-l1;Dbxref=GeneID:101561987;Name=Btnl8-l1;origin=rename;copy_num_ID=gene-LOC101561987_0;coverage=1.0;extra_copy_number=0;gbkey=Gene;gene=LOC101561987;gene_biotype=protein_coding;sequence_ID=0.997;valid_ORFs=0
chr9	Liftoff	gene	90080059	90095723	.	+	.	ID=gene-Mgat1-l1;Dbxref=GeneID:101581214;Name=Mgat1-l1;origin=rename;copy_num_ID=gene-LOC101581214_0;coverage=0.999;extra_copy_number=0;gbkey=Gene;gene=LOC101581214;gene_biotype=protein_coding;sequence_ID=0.996;valid_ORFs=4
chr9	Liftoff	gene	91553957	91561573	.	-	.	ID=gene-Spata31d1-l1;Dbxref=GeneID:101566991;Name=Spata31d1-l1;origin=rename;copy_num_ID=gene-LOC101566991_0;coverage=1.0;extra_copy_number=0;gbkey=Gene;gene=LOC101566991;gene_biotype=protein_coding;sequence_ID=0.998;valid_ORFs=1
chr9	Liftoff	gene	94055977	94194447	.	-	.	ID=gene-Tle4;Dbxref=GeneID:101570576;Name=Tle4;origin=rename;copy_num_ID=gene-LOC101570576_0;coverage=0.825;end_range=3370752,.;extra_copy_number=0;gbkey=Gene;gene=LOC101570576;gene_biotype=protein_coding;partial=true;sequence_ID=0.824;valid_ORFs=0
chr9	Liftoff	gene	95643784	95665946	.	-	.	ID=gene-Psat1;Dbxref=GeneID:101591555;Name=Psat1;origin=rename;copy_num_ID=gene-LOC101591555_0;coverage=1.0;extra_copy_number=0;gbkey=Gene;gene=LOC101591555;gene_biotype=protein_coding;sequence_ID=0.994;valid_ORFs=1
chr9	Liftoff	gene	95935556	96241971	.	+	.	ID=gene-Gnaq;Dbxref=GeneID:111818563;Name=Gnaq;origin=rename;copy_num_ID=gene-LOC111818563_0;coverage=1.0;extra_copy_number=0;gbkey=Gene;gene=LOC111818563;gene_biotype=protein_coding;sequence_ID=0.996;valid_ORFs=1
chr9	Liftoff	gene	100927563	100944439	.	-	.	ID=gene-Anxa1-l1;Dbxref=GeneID:101579326;Name=Anxa1-l1;origin=rename;copy_num_ID=gene-LOC101579326_0;coverage=1.0;extra_copy_number=0;gbkey=Gene;gene=LOC101579326;gene_biotype=protein_coding;sequence_ID=0.997;valid_ORFs=2
chr9	Liftoff	gene	101468452	101504679	.	-	.	ID=gene-Aldh1a1-l1;Dbxref=GeneID:101580521;Name=Aldh1a1-l1;origin=rename;copy_num_ID=gene-LOC101580521_0;coverage=1.0;extra_copy_number=0;gbkey=Gene;gene=LOC101580521;gene_biotype=protein_coding;sequence_ID=0.992;valid_ORFs=2
chr9	Liftoff	gene	102796621	102845123	.	-	.	ID=gene-Tpx2-l1;Dbxref=GeneID:101592834;Name=Tpx2-l1;origin=rename;copy_num_ID=gene-LOC101592834_0;coverage=1.0;extra_copy_number=0;gbkey=Gene;gene=LOC101592834;gene_biotype=protein_coding;sequence_ID=1.0;valid_ORFs=1
chr9	Liftoff	gene	106952144	106953394	.	-	.	ID=gene-Foxd4l1;Dbxref=GeneID:101566579;Name=Foxd4l1;origin=rename;copy_num_ID=gene-LOC101566579_0;coverage=1.0;extra_copy_number=0;gbkey=Gene;gene=LOC101566579;gene_biotype=protein_coding;sequence_ID=0.996;valid_ORFs=1
chr9	Liftoff	gene	107677300	107702420	.	+	.	ID=gene-Stk35-l1;Dbxref=GeneID:105742966;Name=Stk35-l1;origin=rename;copy_num_ID=gene-LOC105742966_0;coverage=1.0;extra_copy_number=0;gbkey=Gene;gene=LOC105742966;gene_biotype=protein_coding;sequence_ID=0.996;valid_ORFs=1
chr9	Liftoff	gene	111931985	111957884	.	+	.	ID=gene-Rcl1;Dbxref=GeneID:101572564;Name=Rcl1;origin=rename;copy_num_ID=gene-LOC101572564_0;coverage=1.0;extra_copy_number=0;gbkey=Gene;gene=LOC101572564;gene_biotype=protein_coding;sequence_ID=0.999;valid_ORFs=4
chr9	Liftoff	gene	112222710	112224919	.	-	.	ID=gene-Insl4;Dbxref=GeneID:111818319;Name=Insl4;origin=rename;copy_num_ID=gene-LOC111818319_0;coverage=1.0;extra_copy_number=0;gbkey=Gene;gene=LOC111818319;gene_biotype=protein_coding;sequence_ID=0.995;valid_ORFs=1
chr9	Liftoff	gene	123288122	123308932	.	+	.	ID=gene-H2az2-l2;Dbxref=GeneID:101576878;Name=H2az2-l2;origin=rename;copy_num_ID=gene-LOC101576878_0;coverage=1.0;extra_copy_number=0;gbkey=Gene;gene=LOC101576878;gene_biotype=protein_coding;sequence_ID=0.994;valid_ORFs=1
chr9	Liftoff	gene	128025750	128028431	.	+	.	ID=gene-Tuba1a-l2;Dbxref=GeneID:101565479;Name=Tuba1a-l2;origin=rename;copy_num_ID=gene-LOC101565479_0;coverage=1.0;extra_copy_number=0;gbkey=Gene;gene=LOC101565479;gene_biotype=protein_coding;sequence_ID=0.999;valid_ORFs=1
chr9	Liftoff	gene	128162308	128162868	.	-	.	ID=gene-Ifna4;Dbxref=GeneID:101566149;Name=Ifna4;origin=rename;copy_num_ID=gene-LOC101566149_0;coverage=1.0;extra_copy_number=0;gbkey=Gene;gene=LOC101566149;gene_biotype=protein_coding;sequence_ID=1.0;valid_ORFs=1
chr10	Liftoff	gene	8585673	8599144	.	-	.	ID=gene-Myl12b;Dbxref=GeneID:101582727;Name=Myl12b;origin=rename;copy_num_ID=gene-LOC101582727_0;coverage=0.998;extra_copy_number=0;gbkey=Gene;gene=LOC101582727;gene_biotype=protein_coding;sequence_ID=0.995;valid_ORFs=1
chr10	Liftoff	gene	8602977	8613540	.	-	.	ID=gene-Myl9-l1;Dbxref=GeneID:101582080;Name=Myl9-l1;origin=rename;copy_num_ID=gene-LOC101582080_0;coverage=1.0;extra_copy_number=0;gbkey=Gene;gene=LOC101582080;gene_biotype=protein_coding;sequence_ID=1.0;valid_ORFs=2
chr10	Liftoff	gene	9113680	9113873	.	+	.	ID=gene-Cmc1-l1;Dbxref=GeneID:105743644;Name=Cmc1-l1;origin=rename;copy_num_ID=gene-LOC105743644_0;coverage=1.0;end_range=5970513,.;extra_copy_number=0;gbkey=Gene;gene=LOC105743644;gene_biotype=protein_coding;partial=true;sequence_ID=1.0;valid_ORFs=0
chr10	Liftoff	gene	9478021	9479559	.	-	.	ID=gene-Tmem30a;Dbxref=GeneID:101568446;Name=Tmem30a;origin=rename;copy_num_ID=gene-LOC101568446_0;coverage=1.0;extra_copy_number=0;gbkey=Gene;gene=LOC101568446;gene_biotype=protein_coding;sequence_ID=0.997;valid_ORFs=1
chr10	Liftoff	gene	25778045	25778696	.	+	.	ID=gene-Mrpl30-l1;Dbxref=GeneID:101580532;Name=Mrpl30-l1;origin=rename;copy_num_ID=gene-LOC101580532_0;coverage=1.0;extra_copy_number=0;gbkey=Gene;gene=LOC101580532;gene_biotype=protein_coding;sequence_ID=0.992;valid_ORFs=1
chr10	Liftoff	gene	26324214	26377204	.	-	.	ID=gene-Zscan30;Dbxref=GeneID:101579480;Name=Zscan30;origin=rename;copy_num_ID=gene-LOC101579480_0;coverage=1.0;extra_copy_number=0;gbkey=Gene;gene=LOC101579480;gene_biotype=protein_coding;sequence_ID=0.997;valid_ORFs=1
chr10	Liftoff	gene	26389615	26402802	.	+	.	ID=gene-Znf271;Dbxref=GeneID:101582098;Name=Znf271;origin=rename;copy_num_ID=gene-LOC101582098_0;coverage=1.0;extra_copy_number=0;gbkey=Gene;gene=LOC101582098;gene_biotype=protein_coding;sequence_ID=0.998;valid_ORFs=1
chr10	Liftoff	gene	26673420	26675948	.	+	.	ID=gene-Rps27-l2;Dbxref=GeneID:105743662;Name=Rps27-l2;origin=rename;copy_num_ID=gene-LOC105743662_0;coverage=1.0;extra_copy_number=0;gbkey=Gene;gene=LOC105743662;gene_biotype=protein_coding;sequence_ID=0.991;valid_ORFs=1
chr10	Liftoff	gene	27966681	27968532	.	-	.	ID=gene-Wbp11-l1;Dbxref=GeneID:105741995;Name=Wbp11-l1;origin=rename;copy_num_ID=gene-LOC105741995_0;coverage=1.0;extra_copy_number=0;gbkey=Gene;gene=LOC105741995;gene_biotype=protein_coding;partial=true;sequence_ID=0.992;start_range=.,12887687;valid_ORFs=0
chr10	Liftoff	gene	37431304	37454018	.	+	.	ID=gene-Slc14a1;Dbxref=GeneID:101561957;Name=Slc14a1;origin=rename;copy_num_ID=gene-LOC101561957_0;coverage=1.0;extra_copy_number=0;gbkey=Gene;gene=LOC101561957;gene_biotype=protein_coding;sequence_ID=0.998;valid_ORFs=2
chr10	Liftoff	gene	41173723	41174604	.	+	.	ID=gene-Tmem11-l1;Dbxref=GeneID:101577750;Name=Tmem11-l1;origin=rename;copy_num_ID=gene-LOC101577750_0;coverage=1.0;extra_copy_number=0;gbkey=Gene;gene=LOC101577750;gene_biotype=protein_coding;sequence_ID=0.998;valid_ORFs=1
chr10	Liftoff	gene	47047124	47049049	.	+	.	ID=gene-Zc3h11a-l1;Dbxref=GeneID:101576399;Name=Zc3h11a-l1;origin=rename;copy_num_ID=gene-LOC101576399_0;coverage=0.998;extra_copy_number=0;gbkey=Gene;gene=LOC101576399;gene_biotype=protein_coding;sequence_ID=0.979;valid_ORFs=1
chr10	AUGUSTUS	gene	51597054	51683864	.	+	.	ID=gene-Malt1;Name=Malt1;origin=replace
chr10	Liftoff	gene	51918858	51919365	.	+	.	ID=gene-Rps16-l1;Dbxref=GeneID:101592676;Name=Rps16-l1;origin=rename;copy_num_ID=gene-LOC101592676_0;coverage=1.0;extra_copy_number=0;gbkey=Gene;gene=LOC101592676;gene_biotype=protein_coding;sequence_ID=0.997;valid_ORFs=1
chr10	Liftoff	gene	56448966	56449729	.	+	.	ID=gene-Snrpb2-l1;Dbxref=GeneID:101591689;Name=Snrpb2-l1;origin=rename;copy_num_ID=gene-LOC101591689_0;coverage=1.0;extra_copy_number=0;gbkey=Gene;gene=LOC101591689;gene_biotype=protein_coding;sequence_ID=1.0;valid_ORFs=1
chr10	Liftoff	gene	57632206	57639360	.	-	.	ID=gene-Serpinb3-l1;Dbxref=GeneID:101571251;Name=Serpinb3-l1;origin=rename;copy_num_ID=gene-LOC101571251_0;coverage=0.993;extra_copy_number=0;gbkey=Gene;gene=LOC101571251;gene_biotype=protein_coding;sequence_ID=0.988;valid_ORFs=0
chr10	Liftoff	gene	58098812	58127308	.	+	.	ID=gene-Serpinb8;Dbxref=GeneID:101569102;Name=Serpinb8;origin=rename;copy_num_ID=gene-LOC101569102_0;coverage=1.0;extra_copy_number=0;gbkey=Gene;gene=LOC101569102;gene_biotype=protein_coding;sequence_ID=0.998;valid_ORFs=3
chr10	Liftoff	gene	67331030	67425451	.	+	.	ID=gene-Otulinl;Dbxref=GeneID:101592304;Name=Otulinl;origin=rename;copy_num_ID=gene-LOC101592304_0;coverage=1.0;extra_copy_number=0;gbkey=Gene;gene=LOC101592304;gene_biotype=protein_coding;sequence_ID=0.992;valid_ORFs=0
chr10	Liftoff	gene	70459478	70460479	.	-	.	ID=gene-Dusp18;Dbxref=GeneID:101590776;Name=Dusp18;origin=rename;copy_num_ID=gene-LOC101590776_0;coverage=0.996;extra_copy_number=0;gbkey=Gene;gene=LOC101590776;gene_biotype=protein_coding;sequence_ID=0.991;valid_ORFs=0
chr10	Liftoff	gene	71848979	71884153	.	-	.	ID=gene-Cyb5a;Dbxref=GeneID:101593116;Name=Cyb5a;origin=rename;copy_num_ID=gene-LOC101593116_0;coverage=1.0;extra_copy_number=0;gbkey=Gene;gene=LOC101593116;gene_biotype=protein_coding;sequence_ID=0.999;valid_ORFs=2
chr10	Liftoff	gene	80738899	80795903	.	+	.	ID=gene-Aff1-l1;Dbxref=GeneID:101591667;Name=Aff1-l1;origin=rename;copy_num_ID=gene-LOC101591667_0;coverage=1.0;end_range=80203,.;extra_copy_number=0;gbkey=Gene;gene=LOC101591667;gene_biotype=protein_coding;partial=true;sequence_ID=0.997;start_range=.,384;valid_ORFs=0
chr10	Liftoff	gene	82451027	82468207	.	-	.	ID=gene-Bhmt;Dbxref=GeneID:101584249;Name=Bhmt;origin=rename;copy_num_ID=gene-LOC101584249_0;coverage=1.0;extra_copy_number=0;gbkey=Gene;gene=LOC101584249;gene_biotype=protein_coding;sequence_ID=0.999;valid_ORFs=1
chr10	Liftoff	gene	83549799	83552342	.	-	.	ID=gene-Mphosph10-l1;Dbxref=GeneID:101581507;Name=Mphosph10-l1;origin=rename;copy_num_ID=gene-LOC101581507_0;coverage=1.0;extra_copy_number=0;gbkey=Gene;gene=LOC101581507;gene_biotype=protein_coding;sequence_ID=0.998;valid_ORFs=0
chr10	Liftoff	gene	87263552	87305596	.	+	.	ID=gene-Znf709-l1;Dbxref=GeneID:101561257;Name=Znf709-l1;origin=rename;copy_num_ID=gene-LOC101561257_0;coverage=0.986;extra_copy_number=0;gbkey=Gene;gene=LOC101561257;gene_biotype=protein_coding;sequence_ID=0.984;valid_ORFs=0
chr10	Liftoff	gene	87422109	87444626	.	-	.	ID=gene-Taf7l-l1;Dbxref=GeneID:101591519;Name=Taf7l-l1;origin=rename;copy_num_ID=gene-LOC101591519_0;coverage=1.0;extra_copy_number=0;gbkey=Gene;gene=LOC101591519;gene_biotype=protein_coding;sequence_ID=0.998;valid_ORFs=1
chr10	Liftoff	gene	89439127	89817150	.	-	.	ID=gene-Hcn1;Dbxref=GeneID:101580344;Name=Hcn1;origin=rename;copy_num_ID=gene-LOC101580344_0;coverage=0.988;extra_copy_number=0;gbkey=Gene;gene=LOC101580344;gene_biotype=protein_coding;sequence_ID=0.949;valid_ORFs=0
chr10	Liftoff	gene	92214294	92237304	.	+	.	ID=gene-Pcbp2-l1;Dbxref=GeneID:101575154;Name=Pcbp2-l1;origin=rename;copy_num_ID=gene-LOC101575154_0;coverage=1.0;extra_copy_number=0;gbkey=Gene;gene=LOC101575154;gene_biotype=protein_coding;sequence_ID=0.999;valid_ORFs=1
chr10	Liftoff	gene	94616061	94678623	.	-	.	ID=gene-Cspg4-l1;Dbxref=GeneID:101561702;Name=Cspg4-l1;origin=rename;copy_num_ID=gene-LOC101561702_0;coverage=1.0;extra_copy_number=0;gbkey=Gene;gene=LOC101561702;gene_biotype=protein_coding;sequence_ID=0.997;valid_ORFs=2
chr10	Liftoff	gene	103494145	103495430	.	+	.	ID=gene-Tssk1b-l1;Dbxref=GeneID:101583293;Name=Tssk1b-l1;origin=rename;copy_num_ID=gene-LOC101583293_0;coverage=1.0;extra_copy_number=0;gbkey=Gene;gene=LOC101583293;gene_biotype=protein_coding;sequence_ID=0.997;valid_ORFs=1
chr10	Liftoff	gene	105772637	105820103	.	-	.	ID=gene-Cenpk;Dbxref=GeneID:101578148;Name=Cenpk;origin=rename;copy_num_ID=gene-LOC101578148_0;coverage=1.0;extra_copy_number=0;gbkey=Gene;gene=LOC101578148;gene_biotype=protein_coding;sequence_ID=0.998;valid_ORFs=1
chr10	Liftoff	gene	108162273	108165491	.	+	.	ID=gene-Nasp-l1;Dbxref=GeneID:101573762;Name=Nasp-l1;origin=rename;copy_num_ID=gene-LOC101573762_0;coverage=1.0;extra_copy_number=0;gbkey=Gene;gene=LOC101573762;gene_biotype=protein_coding;sequence_ID=0.996;valid_ORFs=1
chr10	Liftoff	gene	109479189	109480141	.	+	.	ID=gene-Snrpd1-l1;Dbxref=GeneID:101566714;Name=Snrpd1-l1;origin=rename;copy_num_ID=gene-LOC101566714_0;coverage=1.0;extra_copy_number=0;gbkey=Gene;gene=LOC101566714;gene_biotype=protein_coding;sequence_ID=0.986;valid_ORFs=1
chr10	Liftoff	gene	110178048	110206779	.	+	.	ID=gene-Gtf2h2;Dbxref=GeneID:101563296;Name=Gtf2h2;origin=rename;copy_num_ID=gene-LOC101563296_0;coverage=1.0;extra_copy_number=0;gbkey=Gene;gene=LOC101563296;gene_biotype=protein_coding;sequence_ID=1.0;valid_ORFs=1
chr10	Liftoff	gene	110230524	110230865	.	+	.	ID=gene-Rpl37a-l1;Dbxref=GeneID:101562493;Name=Rpl37a-l1;origin=rename;copy_num_ID=gene-LOC101562493_0;coverage=1.0;extra_copy_number=0;gbkey=Gene;gene=LOC101562493;gene_biotype=protein_coding;sequence_ID=0.996;valid_ORFs=1
chr10	Liftoff	gene	110264112	110284543	.	-	.	ID=gene-Smn1;Dbxref=GeneID:101566199;Name=Smn1;origin=rename;copy_num_ID=gene-LOC101566199_0;coverage=1.0;extra_copy_number=0;gbkey=Gene;gene=LOC101566199;gene_biotype=protein_coding;sequence_ID=0.995;valid_ORFs=1
chr10	Liftoff	gene	110304372	110312869	.	-	.	ID=gene-Serf1;Dbxref=GeneID:101561296;Name=Serf1;origin=rename;copy_num_ID=gene-LOC101561296_0;coverage=0.751;extra_copy_number=0;gbkey=Gene;gene=LOC101561296;gene_biotype=protein_coding;sequence_ID=0.746;valid_ORFs=0
chr10	Liftoff	gene	111784121	111784597	.	+	.	ID=gene-H2bl1;Dbxref=GeneID:101580575;Name=H2bl1;origin=rename;copy_num_ID=gene-LOC101580575_0;coverage=1.0;extra_copy_number=0;gbkey=Gene;gene=LOC101580575;gene_biotype=protein_coding;sequence_ID=0.991;valid_ORFs=1
chr11	Liftoff	gene	6870635	6910429	.	+	.	ID=gene-Znf709-l2;Dbxref=GeneID:101576570;Name=Znf709-l2;origin=rename;copy_num_ID=gene-LOC101576570_0;coverage=1.0;extra_copy_number=0;gbkey=Gene;gene=LOC101576570;gene_biotype=protein_coding;sequence_ID=0.998;valid_ORFs=4
chr11	Liftoff	gene	10306623	10308772	.	+	.	ID=gene-Hnrnph1-l1;Dbxref=GeneID:101567554;Name=Hnrnph1-l1;origin=rename;copy_num_ID=gene-LOC101567554_0;coverage=0.966;extra_copy_number=0;gbkey=Gene;gene=LOC101567554;gene_biotype=protein_coding;sequence_ID=0.962;valid_ORFs=1
chr11	Liftoff	gene	25269679	25280940	.	+	.	ID=gene-Cox6c;Dbxref=GeneID:101583568;Name=Cox6c;origin=rename;copy_num_ID=gene-LOC101583568_0;coverage=1.0;extra_copy_number=0;gbkey=Gene;gene=LOC101583568;gene_biotype=protein_coding;sequence_ID=0.998;valid_ORFs=1
chr11	Liftoff	gene	30801762	30802120	.	-	.	ID=gene-Rpl37a-l2;Dbxref=GeneID:101587755;Name=Rpl37a-l2;origin=rename;copy_num_ID=gene-LOC101587755_0;coverage=1.0;extra_copy_number=0;gbkey=Gene;gene=LOC101587755;gene_biotype=protein_coding;sequence_ID=0.996;valid_ORFs=1
chr11	Liftoff	gene	34849740	34849964	.	-	.	ID=gene-Smim15;Dbxref=GeneID:101587057;Name=Smim15;origin=rename;copy_num_ID=gene-LOC101587057_0;coverage=1.0;extra_copy_number=0;gbkey=Gene;gene=LOC101587057;gene_biotype=protein_coding;sequence_ID=0.968;valid_ORFs=1
chr11	Liftoff	gene	35465116	35517214	.	+	.	ID=gene-Nbn;Dbxref=GeneID:101576133;Name=Nbn;origin=rename;copy_num_ID=gene-LOC101576133_0;coverage=1.0;extra_copy_number=0;gbkey=Gene;gene=LOC101576133;gene_biotype=protein_coding;sequence_ID=0.997;valid_ORFs=1
chr11	Liftoff	gene	35522563	35534298	.	-	.	ID=gene-Osgin2;Dbxref=GeneID:101575740;Name=Osgin2;origin=rename;copy_num_ID=gene-LOC101575740_0;coverage=1.0;extra_copy_number=0;gbkey=Gene;gene=LOC101575740;gene_biotype=protein_coding;sequence_ID=0.999;valid_ORFs=3
chr11	Liftoff	gene	40274310	40319437	.	-	.	ID=gene-Slc7a12;Dbxref=GeneID:101577927;Name=Slc7a12;origin=rename;copy_num_ID=gene-LOC101577927_0;coverage=0.953;extra_copy_number=0;gbkey=Gene;gene=LOC101577927;gene_biotype=protein_coding;sequence_ID=0.952;valid_ORFs=2
chr11	Liftoff	gene	40353856	40375244	.	-	.	ID=gene-Slc7a12-l1;Dbxref=GeneID:101577516;Name=Slc7a12-l1;origin=rename;copy_num_ID=gene-LOC101577516_0;coverage=1.0;extra_copy_number=0;gbkey=Gene;gene=LOC101577516;gene_biotype=protein_coding;sequence_ID=1.0;valid_ORFs=1
chr11	Liftoff	gene	44002979	44006724	.	+	.	ID=gene-Fabp9;Dbxref=GeneID:101561076;Name=Fabp9;origin=rename;copy_num_ID=gene-LOC101561076_0;coverage=1.0;extra_copy_number=0;gbkey=Gene;gene=LOC101561076;gene_biotype=protein_coding;sequence_ID=0.997;valid_ORFs=1
chr11	Liftoff	gene	44015443	44020403	.	+	.	ID=gene-Pmp2;Dbxref=GeneID:101560283;Name=Pmp2;origin=rename;copy_num_ID=gene-LOC101560283_0;coverage=1.0;extra_copy_number=0;gbkey=Gene;gene=LOC101560283;gene_biotype=protein_coding;sequence_ID=0.997;valid_ORFs=2
chr11	Liftoff	gene	45784646	45786695	.	-	.	ID=gene-Cwc27-l1;Dbxref=GeneID:101578951;Name=Cwc27-l1;origin=rename;copy_num_ID=gene-LOC101578951_0;coverage=0.923;extra_copy_number=0;gbkey=Gene;gene=LOC101578951;gene_biotype=protein_coding;sequence_ID=0.921;valid_ORFs=0
chr11	Liftoff	gene	46750987	46751784	.	-	.	ID=gene-Dda1-l1;Dbxref=GeneID:101585769;Name=Dda1-l1;origin=rename;copy_num_ID=gene-LOC101585769_0;coverage=1.0;extra_copy_number=0;gbkey=Gene;gene=LOC101585769;gene_biotype=protein_coding;sequence_ID=1.0;valid_ORFs=1
chr11	Liftoff	gene	50784210	50825343	.	-	.	ID=gene-Ect2-l1;Dbxref=GeneID:101564080;Name=Ect2-l1;origin=rename;copy_num_ID=gene-LOC101564080_0;coverage=1.0;extra_copy_number=0;gbkey=Gene;gene=LOC101564080;gene_biotype=protein_coding;sequence_ID=0.994;valid_ORFs=1
chr11	Liftoff	gene	51784196	51785501	.	+	.	ID=gene-Glyatl3;Dbxref=GeneID:101583794;Name=Glyatl3;origin=rename;copy_num_ID=gene-LOC101583794_0;coverage=1.0;extra_copy_number=0;gbkey=Gene;gene=LOC101583794;gene_biotype=protein_coding;sequence_ID=0.999;valid_ORFs=1
chr11	Liftoff	gene	62383737	62415493	.	+	.	ID=gene-Cyp7b1;Dbxref=GeneID:101588687;Name=Cyp7b1;origin=rename;copy_num_ID=gene-LOC101588687_0;coverage=0.999;extra_copy_number=0;gbkey=Gene;gene=LOC101588687;gene_biotype=protein_coding;sequence_ID=0.999;valid_ORFs=2
chr11	Liftoff	gene	66648592	66648952	.	+	.	ID=gene-Mycbp-l1;Dbxref=GeneID:101569031;Name=Mycbp-l1;origin=rename;copy_num_ID=gene-LOC101569031_0;coverage=1.0;extra_copy_number=0;gbkey=Gene;gene=LOC101569031;gene_biotype=protein_coding;sequence_ID=0.994;valid_ORFs=1
chr11	Liftoff	gene	71964449	71964852	.	-	.	ID=gene-Chchd1-l1;Dbxref=GeneID:101573379;Name=Chchd1-l1;origin=rename;copy_num_ID=gene-LOC101573379_0;coverage=1.0;extra_copy_number=0;gbkey=Gene;gene=LOC101573379;gene_biotype=protein_coding;sequence_ID=1.0;valid_ORFs=1
chr11	Liftoff	gene	86184560	86188481	.	-	.	ID=gene-Eif4e1b;Dbxref=GeneID:101589144;Name=Eif4e1b;origin=rename;copy_num_ID=gene-LOC101589144_0;coverage=1.0;extra_copy_number=0;gbkey=Gene;gene=LOC101589144;gene_biotype=protein_coding;sequence_ID=0.995;valid_ORFs=1
chr11	Liftoff	gene	87228698	87229674	.	-	.	ID=gene-Tank-l1;Dbxref=GeneID:101590719;Name=Tank-l1;origin=rename;copy_num_ID=gene-LOC101590719_0;coverage=1.0;extra_copy_number=0;gbkey=Gene;gene=LOC101590719;gene_biotype=protein_coding;partial=true;sequence_ID=0.998;start_range=.,7026479;valid_ORFs=0
chr11	Liftoff	gene	89812483	89815016	.	+	.	ID=gene-Srsf10;Dbxref=GeneID:101579130;Name=Srsf10;origin=rename;copy_num_ID=gene-LOC101579130_0;coverage=1.0;extra_copy_number=0;gbkey=Gene;gene=LOC101579130;gene_biotype=protein_coding;sequence_ID=0.990;valid_ORFs=1
chr11	Liftoff	gene	91800900	91812384	.	-	.	ID=gene-Npm1;Dbxref=GeneID:101569467;Name=Npm1;origin=rename;copy_num_ID=gene-LOC101569467_0;coverage=0.991;extra_copy_number=0;gbkey=Gene;gene=LOC101569467;gene_biotype=protein_coding;sequence_ID=0.991;valid_ORFs=1
chr11	Liftoff	gene	94750275	94751884	.	-	.	ID=gene-Fbll1;Dbxref=GeneID:101563949;Name=Fbll1;origin=rename;copy_num_ID=gene-LOC101563949_0;coverage=1.0;extra_copy_number=0;gbkey=Gene;gene=LOC101563949;gene_biotype=protein_coding;sequence_ID=0.996;valid_ORFs=1
chr11	Liftoff	gene	97470615	97472272	.	-	.	ID=gene-Srp14-l1;Dbxref=GeneID:101577198;Name=Srp14-l1;origin=rename;copy_num_ID=gene-LOC101577198_0;coverage=1.0;extra_copy_number=0;gbkey=Gene;gene=LOC101577198;gene_biotype=protein_coding;sequence_ID=0.995;valid_ORFs=1
chr11	Liftoff	gene	100039396	100051118	.	-	.	ID=gene-Mat2b;Dbxref=GeneID:101580373;Name=Mat2b;origin=rename;copy_num_ID=gene-LOC101580373_0;coverage=0.908;extra_copy_number=0;gbkey=Gene;gene=LOC101580373;gene_biotype=protein_coding;partial=true;sequence_ID=0.889;start_range=.,11237509;valid_ORFs=0
chr11	Liftoff	gene	100107955	100112573	.	+	.	ID=gene-Nudcd2;Dbxref=GeneID:101581554;Name=Nudcd2;origin=rename;copy_num_ID=gene-LOC101581554_0;coverage=1.0;end_range=11324107,.;extra_copy_number=0;gbkey=Gene;gene=LOC101581554;gene_biotype=protein_coding;partial=true;sequence_ID=0.995;valid_ORFs=0
chr11	Liftoff	gene	100108725	100128079	.	-	.	ID=gene-Ccng1;Dbxref=GeneID:101581939;Name=Ccng1;origin=rename;copy_num_ID=gene-LOC101581939_0;coverage=0.666;extra_copy_number=0;gbkey=Gene;gene=LOC101581939;gene_biotype=protein_coding;sequence_ID=0.652;valid_ORFs=0
chr11	Liftoff	gene	109035745	109046199	.	-	.	ID=gene-Mrpl22;Dbxref=GeneID:101579451;Name=Mrpl22;origin=rename;copy_num_ID=gene-LOC101579451_0;coverage=1.0;extra_copy_number=0;gbkey=Gene;gene=LOC101579451;gene_biotype=protein_coding;sequence_ID=0.995;valid_ORFs=1
chr11	Liftoff	gene	112901854	112948642	.	-	.	ID=gene-Slc36a1;Dbxref=GeneID:101577003;Name=Slc36a1;origin=rename;copy_num_ID=gene-LOC101577003_0;coverage=1.0;extra_copy_number=0;gbkey=Gene;gene=LOC101577003;gene_biotype=protein_coding;sequence_ID=0.999;valid_ORFs=6
chr11	Liftoff	gene	113238761	113239288	.	+	.	ID=gene-Dynll1-l1;Dbxref=GeneID:101563089;Name=Dynll1-l1;origin=rename;copy_num_ID=gene-LOC101563089_0;coverage=1.0;extra_copy_number=0;gbkey=Gene;gene=LOC101563089;gene_biotype=protein_coding;sequence_ID=0.998;valid_ORFs=1
chr11	Liftoff	gene	114736828	114762138	.	-	.	ID=gene-Uqcrq;Dbxref=GeneID:101589896;Name=Uqcrq;origin=rename;copy_num_ID=gene-LOC101589896_0;coverage=1.0;extra_copy_number=0;gbkey=Gene;gene=LOC101589896;gene_biotype=protein_coding;sequence_ID=1.0;valid_ORFs=3
chr11	Liftoff	gene	116492656	116494426	.	-	.	ID=gene-Gapdh-l1;Dbxref=GeneID:101576855;Name=Gapdh-l1;origin=rename;copy_num_ID=gene-LOC101576855_0;coverage=0.998;extra_copy_number=0;gbkey=Gene;gene=LOC101576855;gene_biotype=protein_coding;sequence_ID=0.981;valid_ORFs=0
chr11	Liftoff	gene	116905368	116920352	.	+	.	ID=gene-Gm12250;Dbxref=GeneID:105740845;Name=Gm12250;origin=rename;copy_num_ID=gene-LOC105740845_0;coverage=1.0;extra_copy_number=0;gbkey=Gene;gene=LOC105740845;gene_biotype=protein_coding;sequence_ID=0.999;valid_ORFs=3
chr11	Liftoff	gene	117395052	117406727	.	-	.	ID=gene-Znf354a;Dbxref=GeneID:101565865;Name=Znf354a;origin=rename;copy_num_ID=gene-LOC101565865_0;coverage=1.0;extra_copy_number=0;gbkey=Gene;gene=LOC101565865;gene_biotype=protein_coding;partial=true;sequence_ID=0.998;start_range=.,1978685;valid_ORFs=0
chr11	Liftoff	gene	117555681	117566144	.	+	.	ID=gene-Znf354b;Dbxref=GeneID:101569033;Name=Znf354b;origin=rename;copy_num_ID=gene-LOC101569033_0;coverage=0.998;extra_copy_number=0;gbkey=Gene;gene=LOC101569033;gene_biotype=protein_coding;sequence_ID=0.995;valid_ORFs=1
chr11	Liftoff	gene	117614809	117633255	.	+	.	ID=gene-Znf454;Dbxref=GeneID:101568645;Name=Znf454;origin=rename;copy_num_ID=gene-LOC101568645_0;coverage=1.0;extra_copy_number=0;gbkey=Gene;gene=LOC101568645;gene_biotype=protein_coding;sequence_ID=0.999;valid_ORFs=1
chr11	Liftoff	gene	119191062	119206486	.	+	.	ID=gene-Pom121;Dbxref=GeneID:111816306;Name=Pom121;origin=rename;copy_num_ID=gene-LOC111816306_0;coverage=1.0;extra_copy_number=0;gbkey=Gene;gene=LOC111816306;gene_biotype=protein_coding;sequence_ID=0.999;valid_ORFs=2
chr12	Liftoff	gene	14819592	14828957	.	-	.	ID=gene-Cox18;Dbxref=GeneID:101574381;Name=Cox18;origin=rename;copy_num_ID=gene-LOC101574381_0;coverage=1.0;extra_copy_number=0;gbkey=Gene;gene=LOC101574381;gene_biotype=protein_coding;sequence_ID=0.996;valid_ORFs=3
chr12	Liftoff	gene	17533543	17537787	.	+	.	ID=gene-Wdhd1-l1;Dbxref=GeneID:101563772;Name=Wdhd1-l1;origin=rename;copy_num_ID=gene-LOC101563772_0;coverage=1.0;extra_copy_number=0;gbkey=Gene;gene=LOC101563772;gene_biotype=protein_coding;sequence_ID=0.987;valid_ORFs=0
chr12	Liftoff	gene	22881333	22882036	.	+	.	ID=gene-Ndufab1-l1;Dbxref=GeneID:101580424;Name=Ndufab1-l1;origin=rename;copy_num_ID=gene-LOC101580424_0;coverage=1.0;extra_copy_number=0;gbkey=Gene;gene=LOC101580424;gene_biotype=protein_coding;sequence_ID=0.998;valid_ORFs=1
chr12	Liftoff	gene	24806391	24806871	.	+	.	ID=gene-Rida-l1;Dbxref=GeneID:101590796;Name=Rida-l1;origin=rename;copy_num_ID=gene-LOC101590796_0;coverage=1.0;extra_copy_number=0;gbkey=Gene;gene=LOC101590796;gene_biotype=protein_coding;sequence_ID=1.0;valid_ORFs=1
chr12	Liftoff	gene	26062995	26076390	.	+	.	ID=gene-Tlr1;Dbxref=GeneID:101585659;Name=Tlr1;origin=rename;copy_num_ID=gene-LOC101585659_0;coverage=0.953;extra_copy_number=0;gbkey=Gene;gene=LOC101585659;gene_biotype=protein_coding;sequence_ID=0.951;valid_ORFs=0
chr12	Liftoff	gene	42291797	42426365	.	-	.	ID=gene-Gba3;Dbxref=GeneID:101590634;Name=Gba3;origin=rename;copy_num_ID=gene-LOC101590634_0;coverage=1.0;extra_copy_number=0;gbkey=Gene;gene=LOC101590634;gene_biotype=protein_coding;sequence_ID=0.996;valid_ORFs=1
chr12	Liftoff	gene	43767957	43769464	.	-	.	ID=gene-Rps11-l1;Dbxref=GeneID:105743270;Name=Rps11-l1;origin=rename;copy_num_ID=gene-LOC105743270_0;coverage=1.0;extra_copy_number=0;gbkey=Gene;gene=LOC105743270;gene_biotype=protein_coding;sequence_ID=0.997;valid_ORFs=1
chr12	Liftoff	gene	61323845	61359522	.	+	.	ID=gene-Znf91;Dbxref=GeneID:105743184;Name=Znf91;origin=rename;copy_num_ID=gene-LOC105743184_0;coverage=1.0;extra_copy_number=0;gbkey=Gene;gene=LOC105743184;gene_biotype=protein_coding;sequence_ID=0.999;valid_ORFs=1
chr12	Liftoff	gene	70377924	70380163	.	+	.	ID=gene-Mgat1;Dbxref=GeneID:101584880;Name=Mgat1;origin=rename;copy_num_ID=gene-LOC101584880_0;coverage=1.0;extra_copy_number=0;gbkey=Gene;gene=LOC101584880;gene_biotype=protein_coding;sequence_ID=0.996;valid_ORFs=1
chr12	Liftoff	gene	73494109	73507337	.	+	.	ID=gene-Cox7a2l;Dbxref=GeneID:101573274;Name=Cox7a2l;origin=rename;copy_num_ID=gene-LOC101573274_0;coverage=1.0;extra_copy_number=0;gbkey=Gene;gene=LOC101573274;gene_biotype=protein_coding;sequence_ID=0.995;valid_ORFs=1
chr12	Liftoff	gene	77406162	77429598	.	-	.	ID=gene-Ttc39b-l1;Dbxref=GeneID:101583337;Name=Ttc39b-l1;origin=rename;copy_num_ID=gene-LOC101583337_0;coverage=1.0;extra_copy_number=0;gbkey=Gene;gene=LOC101583337;gene_biotype=protein_coding;sequence_ID=0.999;valid_ORFs=2
chr12	Liftoff	gene	78071427	78077653	.	+	.	ID=gene-Cyp1b1;Dbxref=GeneID:101580968;Name=Cyp1b1;origin=rename;copy_num_ID=gene-LOC101580968_0;coverage=1.0;extra_copy_number=0;gbkey=Gene;gene=LOC101580968;gene_biotype=protein_coding;sequence_ID=0.998;valid_ORFs=2
chr12	Liftoff	gene	78108453	78209995	.	-	.	ID=gene-Rmdn2;Dbxref=GeneID:101591991;Name=Rmdn2;origin=rename;copy_num_ID=gene-LOC101591991_0;coverage=0.933;extra_copy_number=0;gbkey=Gene;gene=LOC101591991;gene_biotype=protein_coding;sequence_ID=0.928;valid_ORFs=0
chr12	Liftoff	gene	80110021	80111015	.	-	.	ID=gene-Itm2a;Dbxref=GeneID:101585537;Name=Itm2a;origin=rename;copy_num_ID=gene-LOC101585537_0;coverage=1.0;extra_copy_number=0;gbkey=Gene;gene=LOC101585537;gene_biotype=protein_coding;sequence_ID=0.989;valid_ORFs=2
chr12	Liftoff	gene	92853171	92892363	.	-	.	ID=gene-Fam228a;Dbxref=GeneID:101577244;Name=Fam228a;origin=rename;copy_num_ID=gene-LOC101577244_0;coverage=1.0;extra_copy_number=0;gbkey=Gene;gene=LOC101577244;gene_biotype=protein_coding;sequence_ID=1.0;valid_ORFs=1
chr12	Liftoff	gene	93120004	93120838	.	+	.	ID=gene-Tpt1-l1;Dbxref=GeneID:101575531;Name=Tpt1-l1;origin=rename;copy_num_ID=gene-LOC101575531_0;coverage=1.0;extra_copy_number=0;gbkey=Gene;gene=LOC101575531;gene_biotype=protein_coding;sequence_ID=1.0;valid_ORFs=1
chr12	Liftoff	gene	94288722	94291316	.	+	.	ID=gene-Arpp19-l1;Dbxref=GeneID:101591337;Name=Arpp19-l1;origin=rename;copy_num_ID=gene-LOC101591337_0;coverage=1.0;extra_copy_number=0;gbkey=Gene;gene=LOC101591337;gene_biotype=protein_coding;sequence_ID=0.989;valid_ORFs=0
chr12	Liftoff	gene	96999423	97008648	.	-	.	ID=gene-Slc7a9;Dbxref=GeneID:101582800;Name=Slc7a9;origin=rename;copy_num_ID=gene-LOC101582800_0;coverage=1.0;extra_copy_number=0;gbkey=Gene;gene=LOC101582800;gene_biotype=protein_coding;sequence_ID=0.995;valid_ORFs=4
chr12	Liftoff	gene	99100405	99118426	.	+	.	ID=gene-Nt5c1b;Dbxref=GeneID:101565172;Name=Nt5c1b;origin=rename;copy_num_ID=gene-LOC101565172_0;coverage=1.0;extra_copy_number=0;gbkey=Gene;gene=LOC101565172;gene_biotype=protein_coding;sequence_ID=0.999;valid_ORFs=4
chr12	Liftoff	gene	99791375	99791898	.	+	.	ID=gene-Mycbp-l2;Dbxref=GeneID:101567559;Name=Mycbp-l2;origin=rename;copy_num_ID=gene-LOC101567559_0;coverage=1.0;extra_copy_number=0;gbkey=Gene;gene=LOC101567559;gene_biotype=protein_coding;sequence_ID=0.997;valid_ORFs=1
chr12	Liftoff	gene	100778420	100779737	.	+	.	ID=gene-Rpl24-l1;Dbxref=GeneID:101568324;Name=Rpl24-l1;origin=rename;copy_num_ID=gene-LOC101568324_0;coverage=1.0;extra_copy_number=0;gbkey=Gene;gene=LOC101568324;gene_biotype=protein_coding;sequence_ID=0.997;valid_ORFs=1
chr12	Liftoff	gene	105760277	105778725	.	+	.	ID=gene-Exoc1l;Dbxref=GeneID:101567960;Name=Exoc1l;origin=rename;copy_num_ID=gene-LOC101567960_0;coverage=1.0;extra_copy_number=0;gbkey=Gene;gene=LOC101567960;gene_biotype=protein_coding;sequence_ID=0.996;valid_ORFs=2
chr12	Liftoff	gene	105834145	105883683	.	+	.	ID=gene-Exoc1;Dbxref=GeneID:101586595;Name=Exoc1;origin=rename;copy_num_ID=gene-LOC101586595_0;coverage=1.0;extra_copy_number=0;gbkey=Gene;gene=LOC101586595;gene_biotype=protein_coding;sequence_ID=0.998;valid_ORFs=9
chr12	Liftoff	gene	112429794	112431459	.	+	.	ID=gene-Rhoa-l1;Dbxref=GeneID:101562950;Name=Rhoa-l1;origin=rename;copy_num_ID=gene-LOC101562950_0;coverage=0.999;extra_copy_number=0;gbkey=Gene;gene=LOC101562950;gene_biotype=protein_coding;sequence_ID=0.996;valid_ORFs=3
chr12	Liftoff	gene	112902891	112904770	.	+	.	ID=gene-Stk38l-l1;Dbxref=GeneID:101566109;Name=Stk38l-l1;origin=rename;copy_num_ID=gene-LOC101566109_0;coverage=0.982;extra_copy_number=0;gbkey=Gene;gene=LOC101566109;gene_biotype=protein_coding;sequence_ID=0.970;valid_ORFs=0
chr12	Liftoff	gene	119504054	119679671	.	-	.	ID=gene-Ugt2b31;Dbxref=GeneID:101591665;Name=Ugt2b31;origin=rename;copy_num_ID=gene-LOC101591665_0;coverage=0.999;extra_copy_number=0;gbkey=Gene;gene=LOC101591665;gene_biotype=protein_coding;sequence_ID=0.992;valid_ORFs=2
chr12	Liftoff	gene	119634694	119642919	.	-	.	ID=gene-Ugt2b17-l1;Dbxref=GeneID:101592314;Name=Ugt2b17-l1;origin=rename;copy_num_ID=gene-LOC101592314_0;coverage=1.0;extra_copy_number=0;gbkey=Gene;gene=LOC101592314;gene_biotype=protein_coding;sequence_ID=1.0;valid_ORFs=1
chr12	Liftoff	gene	119802958	119814409	.	+	.	ID=gene-Ugt2b17;Dbxref=GeneID:101589014;Name=Ugt2b17;origin=rename;copy_num_ID=gene-LOC101589014_0;coverage=1.0;extra_copy_number=0;gbkey=Gene;gene=LOC101589014;gene_biotype=protein_coding;sequence_ID=0.998;valid_ORFs=1
chr12	Liftoff	gene	119979807	119995563	.	-	.	ID=gene-Ugt2b31-l1;Dbxref=GeneID:101591658;Name=Ugt2b31-l1;origin=rename;copy_num_ID=gene-LOC101591658_0;coverage=1.0;extra_copy_number=0;gbkey=Gene;gene=LOC101591658;gene_biotype=protein_coding;sequence_ID=1.0;valid_ORFs=2
chr12	Liftoff	gene	120032055	120034315	.	-	.	ID=gene-L3mbtl3-l1;Dbxref=GeneID:105741254;Name=L3mbtl3-l1;origin=rename;copy_num_ID=gene-LOC105741254_0;coverage=1.0;extra_copy_number=0;gbkey=Gene;gene=LOC105741254;gene_biotype=protein_coding;sequence_ID=0.999;valid_ORFs=0
chr12	Liftoff	gene	120036165	120061264	.	-	.	ID=gene-Ugt2a3;Dbxref=GeneID:105741253;Name=Ugt2a3;origin=rename;copy_num_ID=gene-LOC105741253_0;coverage=1.0;extra_copy_number=0;gbkey=Gene;gene=LOC105741253;gene_biotype=protein_coding;sequence_ID=0.990;valid_ORFs=1
chr12	Liftoff	gene	120504320	120522959	.	-	.	ID=gene-Ugt2b14;Dbxref=GeneID:101587037;Name=Ugt2b14;origin=rename;copy_num_ID=gene-LOC101587037_0;coverage=1.0;extra_copy_number=0;gbkey=Gene;gene=LOC101587037;gene_biotype=protein_coding;sequence_ID=0.999;valid_ORFs=2
chr12	Liftoff	gene	120680429	120686624	.	-	.	ID=gene-Ugt2b17-l2;Dbxref=GeneID:101578263;Name=Ugt2b17-l2;origin=rename;copy_num_ID=gene-LOC101578263_0;coverage=1.0;extra_copy_number=0;gbkey=Gene;gene=LOC101578263;gene_biotype=protein_coding;partial=true;sequence_ID=0.998;start_range=.,458;valid_ORFs=0
chr12	Liftoff	gene	120763321	120768917	.	+	.	ID=gene-Sult1d1;Dbxref=GeneID:101561530;Name=Sult1d1;origin=rename;copy_num_ID=gene-LOC101561530_0;coverage=1.0;end_range=18253,.;extra_copy_number=0;gbkey=Gene;gene=LOC101561530;gene_biotype=protein_coding;partial=true;sequence_ID=1.0;start_range=.,12658;valid_ORFs=0
chr12	Liftoff	gene	120778804	120779511	.	+	.	ID=gene-Sult1b1;Dbxref=GeneID:111814994;Name=Sult1b1;origin=rename;copy_num_ID=gene-LOC111814994_0;coverage=1.0;extra_copy_number=0;gbkey=Gene;gene=LOC111814994;gene_biotype=protein_coding;partial=true;sequence_ID=0.997;start_range=.,534;valid_ORFs=0
chr12	Liftoff	gene	121554293	121557478	.	-	.	ID=gene-Ugt2a3-l1;Dbxref=GeneID:101577858;Name=Ugt2a3-l1;origin=rename;copy_num_ID=gene-LOC101577858_0;coverage=1.0;extra_copy_number=0;gbkey=Gene;gene=LOC101577858;gene_biotype=protein_coding;partial=true;sequence_ID=1.0;start_range=.,979;valid_ORFs=0
chr12	Liftoff	gene	121695536	121705622	.	-	.	ID=gene-Ugt2a3-l2;Dbxref=GeneID:101587440;Name=Ugt2a3-l2;origin=rename;copy_num_ID=gene-LOC101587440_0;coverage=1.0;end_range=27018,.;extra_copy_number=0;gbkey=Gene;gene=LOC101587440;gene_biotype=protein_coding;partial=true;sequence_ID=0.998;valid_ORFs=0
chr12	Liftoff	gene	122497537	122498924	.	-	.	ID=gene-Anxa1;Dbxref=GeneID:101576895;Name=Anxa1;origin=rename;copy_num_ID=gene-LOC101576895_0;coverage=1.0;extra_copy_number=0;gbkey=Gene;gene=LOC101576895;gene_biotype=protein_coding;sequence_ID=0.993;valid_ORFs=1
chr13	Liftoff	gene	7052239	7054116	.	+	.	ID=gene-Nusap1-l1;Dbxref=GeneID:101584217;Name=Nusap1-l1;origin=rename;copy_num_ID=gene-LOC101584217_0;coverage=1.0;extra_copy_number=0;gbkey=Gene;gene=LOC101584217;gene_biotype=protein_coding;sequence_ID=0.984;valid_ORFs=3
chr13	Liftoff	gene	10528339	10529069	.	+	.	ID=gene-Rpl19-l1;Dbxref=GeneID:101560185;Name=Rpl19-l1;origin=rename;copy_num_ID=gene-LOC101560185_0;coverage=1.0;extra_copy_number=0;gbkey=Gene;gene=LOC101560185;gene_biotype=protein_coding;sequence_ID=0.995;valid_ORFs=1
chr13	Liftoff	gene	21432831	21441269	.	+	.	ID=gene-Ubxn4;Dbxref=GeneID:101567423;Name=Ubxn4;origin=rename;copy_num_ID=gene-LOC101567423_0;coverage=0.743;extra_copy_number=0;gbkey=Gene;gene=LOC101567423;gene_biotype=protein_coding;sequence_ID=0.743;valid_ORFs=1
chr13	Liftoff	gene	25979070	25981968	.	-	.	ID=gene-Sephs1-l1;Dbxref=GeneID:101574014;Name=Sephs1-l1;origin=rename;copy_num_ID=gene-LOC101574014_0;coverage=0.999;extra_copy_number=0;gbkey=Gene;gene=LOC101574014;gene_biotype=protein_coding;sequence_ID=0.996;valid_ORFs=1
chr13	Liftoff	gene	26346139	26577903	.	-	.	ID=gene-Lrp1b;Dbxref=GeneID:101574580;Name=Lrp1b;origin=rename;copy_num_ID=gene-LOC101574580_0;coverage=1.0;end_range=27290649,.;extra_copy_number=0;gbkey=Gene;gene=LOC101574580;gene_biotype=protein_coding;partial=true;sequence_ID=0.998;valid_ORFs=0
chr13	Liftoff	gene	37654156	37655467	.	+	.	ID=gene-Tdrkh-l1;Dbxref=GeneID:101577465;Name=Tdrkh-l1;origin=rename;copy_num_ID=gene-LOC101577465_0;coverage=1.0;extra_copy_number=0;gbkey=Gene;gene=LOC101577465;gene_biotype=protein_coding;sequence_ID=0.987;valid_ORFs=2
chr13	Liftoff	gene	44444578	44446077	.	-	.	ID=gene-Cs-l1;Dbxref=GeneID:101570521;Name=Cs-l1;origin=rename;copy_num_ID=gene-LOC101570521_0;coverage=1.0;extra_copy_number=0;gbkey=Gene;gene=LOC101570521;gene_biotype=protein_coding;sequence_ID=0.987;valid_ORFs=0
chr13	Liftoff	gene	50833323	50834735	.	-	.	ID=gene-Diras2-l1;Dbxref=GeneID:101583619;Name=Diras2-l1;origin=rename;copy_num_ID=gene-LOC101583619_0;coverage=1.0;extra_copy_number=0;gbkey=Gene;gene=LOC101583619;gene_biotype=protein_coding;sequence_ID=0.997;valid_ORFs=1
chr13	Liftoff	gene	58545587	58546276	.	+	.	ID=gene-Rpl7a-l1;Dbxref=GeneID:101585949;Name=Rpl7a-l1;origin=rename;copy_num_ID=gene-LOC101585949_0;coverage=1.0;extra_copy_number=0;gbkey=Gene;gene=LOC101585949;gene_biotype=protein_coding;sequence_ID=0.984;valid_ORFs=1
chr13	Liftoff	gene	58585028	58603654	.	+	.	ID=gene-Setmar;Dbxref=GeneID:101586345;Name=Setmar;origin=rename;copy_num_ID=gene-LOC101586345_0;coverage=1.0;extra_copy_number=0;gbkey=Gene;gene=LOC101586345;gene_biotype=protein_coding;sequence_ID=0.998;valid_ORFs=1
chr13	Liftoff	gene	64008580	64021727	.	+	.	ID=gene-Slc22a13;Dbxref=GeneID:101579853;Name=Slc22a13;origin=rename;copy_num_ID=gene-LOC101579853_0;coverage=1.0;extra_copy_number=0;gbkey=Gene;gene=LOC101579853;gene_biotype=protein_coding;sequence_ID=0.994;valid_ORFs=2
chr13	Liftoff	gene	66138480	66140157	.	+	.	ID=gene-Ccdc43-l1;Dbxref=GeneID:101588896;Name=Ccdc43-l1;origin=rename;copy_num_ID=gene-LOC101588896_0;coverage=0.998;extra_copy_number=0;gbkey=Gene;gene=LOC101588896;gene_biotype=protein_coding;sequence_ID=0.996;valid_ORFs=0
chr13	Liftoff	gene	70063470	70064757	.	-	.	ID=gene-Skp1-l1;Dbxref=GeneID:101588632;Name=Skp1-l1;origin=rename;copy_num_ID=gene-LOC101588632_0;coverage=1.0;extra_copy_number=0;gbkey=Gene;gene=LOC101588632;gene_biotype=protein_coding;sequence_ID=1.0;valid_ORFs=1
chr13	Liftoff	gene	70182359	70225897	.	+	.	ID=gene-Znf14;Dbxref=GeneID:101590605;Name=Znf14;origin=rename;copy_num_ID=gene-LOC101590605_0;coverage=0.999;extra_copy_number=0;gbkey=Gene;gene=LOC101590605;gene_biotype=protein_coding;sequence_ID=0.998;valid_ORFs=4
chr13	Liftoff	gene	70357824	70358730	.	-	.	ID=gene-Calm4;Dbxref=GeneID:101591399;Name=Calm4;origin=rename;copy_num_ID=gene-LOC101591399_0;coverage=0.997;extra_copy_number=0;gbkey=Gene;gene=LOC101591399;gene_biotype=protein_coding;sequence_ID=0.995;valid_ORFs=1
chr13	Liftoff	gene	80197868	80203657	.	+	.	ID=gene-Idi1;Dbxref=GeneID:101575761;Name=Idi1;origin=rename;copy_num_ID=gene-LOC101575761_0;coverage=1.0;extra_copy_number=0;gbkey=Gene;gene=LOC101575761;gene_biotype=protein_coding;sequence_ID=0.998;valid_ORFs=1
chr13	Liftoff	gene	80206097	80207215	.	-	.	ID=gene-Rnf185-l1;Dbxref=GeneID:101565158;Name=Rnf185-l1;origin=rename;copy_num_ID=gene-LOC101565158_0;coverage=1.0;extra_copy_number=0;gbkey=Gene;gene=LOC101565158;gene_biotype=protein_coding;sequence_ID=0.989;valid_ORFs=1
chr13	Liftoff	gene	80484224	80485667	.	+	.	ID=gene-Adh5-l1;Dbxref=GeneID:105743549;Name=Adh5-l1;origin=rename;copy_num_ID=gene-LOC105743549_0;coverage=0.998;extra_copy_number=0;gbkey=Gene;gene=LOC105743549;gene_biotype=protein_coding;sequence_ID=0.918;valid_ORFs=0
chr13	Liftoff	gene	81101563	81217484	.	-	.	ID=gene-Zmynd11;Dbxref=GeneID:101567417;Name=Zmynd11;origin=rename;copy_num_ID=gene-LOC101567417_0;coverage=0.998;extra_copy_number=0;gbkey=Gene;gene=LOC101567417;gene_biotype=protein_coding;sequence_ID=0.998;valid_ORFs=1
chr13	Liftoff	gene	86440396	86444779	.	-	.	ID=gene-Coa6;Dbxref=GeneID:101592605;Name=Coa6;origin=rename;copy_num_ID=gene-LOC101592605_0;coverage=1.0;extra_copy_number=0;gbkey=Gene;gene=LOC101592605;gene_biotype=protein_coding;sequence_ID=0.998;valid_ORFs=2
chr13	Liftoff	gene	89864457	89864790	.	+	.	ID=gene-Hmgn2;Dbxref=GeneID:101563460;Name=Hmgn2;origin=rename;copy_num_ID=gene-LOC101563460_0;coverage=1.0;extra_copy_number=0;gbkey=Gene;gene=LOC101563460;gene_biotype=protein_coding;sequence_ID=0.996;valid_ORFs=1
chr13	Liftoff	gene	90422729	90423412	.	+	.	ID=gene-Slc25a51-l1;Dbxref=GeneID:101582365;Name=Slc25a51-l1;origin=rename;copy_num_ID=gene-LOC101582365_0;coverage=1.0;extra_copy_number=0;gbkey=Gene;gene=LOC101582365;gene_biotype=protein_coding;partial=true;sequence_ID=0.998;start_range=.,26584;valid_ORFs=0
chr13	Liftoff	gene	90918924	90926899	.	-	.	ID=gene-Btn1a1;Dbxref=GeneID:101566076;Name=Btn1a1;origin=rename;copy_num_ID=gene-LOC101566076_0;coverage=1.0;extra_copy_number=0;gbkey=Gene;gene=LOC101566076;gene_biotype=protein_coding;sequence_ID=0.997;valid_ORFs=2
chr13	Liftoff	gene	90937562	90957236	.	-	.	ID=gene-Btn1a1-l1;Dbxref=GeneID:101566474;Name=Btn1a1-l1;origin=rename;copy_num_ID=gene-LOC101566474_0;coverage=1.0;extra_copy_number=0;gbkey=Gene;gene=LOC101566474;gene_biotype=protein_coding;sequence_ID=0.996;valid_ORFs=3
chr13	Liftoff	gene	90962361	90971605	.	-	.	ID=gene-Btn2a2;Dbxref=GeneID:101566875;Name=Btn2a2;origin=rename;copy_num_ID=gene-LOC101566875_0;coverage=1.0;extra_copy_number=0;gbkey=Gene;gene=LOC101566875;gene_biotype=protein_coding;sequence_ID=0.999;valid_ORFs=2
chr13	Liftoff	gene	91037051	91038242	.	+	.	ID=gene-Ccdc28a-l1;Dbxref=GeneID:101571517;Name=Ccdc28a-l1;origin=rename;copy_num_ID=gene-LOC101571517_0;coverage=1.0;extra_copy_number=0;gbkey=Gene;gene=LOC101571517;gene_biotype=protein_coding;sequence_ID=0.998;valid_ORFs=1
chr13	Liftoff	gene	91202351	91203017	.	-	.	ID=gene-H2bc15-l1;Dbxref=GeneID:101573118;Name=H2bc15-l1;origin=rename;copy_num_ID=gene-LOC101573118_0;coverage=1.0;extra_copy_number=0;gbkey=Gene;gene=LOC101573118;gene_biotype=protein_coding;sequence_ID=0.996;valid_ORFs=1
chr13	Liftoff	gene	91228582	91229058	.	-	.	ID=gene-H2b-v;Dbxref=GeneID:101569664;Name=H2b-v;origin=rename;copy_num_ID=gene-LOC101569664_0;coverage=1.0;extra_copy_number=0;gbkey=Gene;gene=LOC101569664;gene_biotype=protein_coding;sequence_ID=1.0;valid_ORFs=1
chr13	Liftoff	gene	91262143	91263401	.	-	.	ID=gene-H3c15-l1;Dbxref=GeneID:111812286;Name=H3c15-l1;origin=rename;copy_num_ID=gene-LOC111812286_0;coverage=0.999;extra_copy_number=0;gbkey=Gene;gene=LOC111812286;gene_biotype=protein_coding;sequence_ID=0.990;valid_ORFs=1
chr13	Liftoff	gene	91264991	91265430	.	+	.	ID=gene-H2bc15;Dbxref=GeneID:101577086;Name=H2bc15;origin=rename;copy_num_ID=gene-LOC101577086_0;coverage=1.0;extra_copy_number=0;gbkey=Gene;gene=LOC101577086;gene_biotype=protein_coding;sequence_ID=1.0;valid_ORFs=1
chr13	Liftoff	gene	91271858	91272742	.	-	.	ID=gene-H2bc15-l2;Dbxref=GeneID:101570061;Name=H2bc15-l2;origin=rename;copy_num_ID=gene-LOC101570061_0;coverage=1.0;extra_copy_number=0;gbkey=Gene;gene=LOC101570061;gene_biotype=protein_coding;sequence_ID=0.995;valid_ORFs=1
chr13	Liftoff	gene	91279666	91280668	.	-	.	ID=gene-H2bc15-l3;Dbxref=GeneID:101578302;Name=H2bc15-l3;origin=rename;copy_num_ID=gene-LOC101578302_0;coverage=1.0;extra_copy_number=0;gbkey=Gene;gene=LOC101578302;gene_biotype=protein_coding;sequence_ID=0.998;valid_ORFs=1
chr13	Liftoff	gene	91299376	91302356	.	-	.	ID=gene-H1-4;Dbxref=GeneID:101578702;Name=H1-4;origin=rename;copy_num_ID=gene-LOC101578702_0;coverage=1.0;extra_copy_number=0;gbkey=Gene;gene=LOC101578702;gene_biotype=protein_coding;sequence_ID=0.998;valid_ORFs=1
chr13	Liftoff	gene	91343062	91353240	.	+	.	ID=gene-H2bc15-l4;Dbxref=GeneID:101579089;Name=H2bc15-l4;origin=rename;copy_num_ID=gene-LOC101579089_0;coverage=1.0;extra_copy_number=0;gbkey=Gene;gene=LOC101579089;gene_biotype=protein_coding;sequence_ID=1.0;valid_ORFs=2
chr13	Liftoff	gene	91354297	91355684	.	+	.	ID=gene-H1-6;Dbxref=GeneID:111812284;Name=H1-6;origin=rename;copy_num_ID=gene-LOC111812284_0;coverage=1.0;extra_copy_number=0;gbkey=Gene;gene=LOC111812284;gene_biotype=protein_coding;sequence_ID=0.999;valid_ORFs=1
chr13	Liftoff	gene	91395119	91396677	.	+	.	ID=gene-H1-3;Dbxref=GeneID:101582630;Name=H1-3;origin=rename;copy_num_ID=gene-LOC101582630_0;coverage=1.0;extra_copy_number=0;gbkey=Gene;gene=LOC101582630;gene_biotype=protein_coding;sequence_ID=0.998;valid_ORFs=1
chr13	Liftoff	gene	91407235	91429424	.	+	.	ID=gene-H2bc3;Dbxref=GeneID:101581849;Name=H2bc3;origin=rename;copy_num_ID=gene-LOC101581849_0;coverage=1.0;extra_copy_number=0;gbkey=Gene;gene=LOC101581849;gene_biotype=protein_coding;sequence_ID=0.994;valid_ORFs=1
chr13	Liftoff	gene	91418186	91418646	.	+	.	ID=gene-H3c15;Dbxref=GeneID:101580677;Name=H3c15;origin=rename;copy_num_ID=gene-LOC101580677_0;coverage=1.0;extra_copy_number=0;gbkey=Gene;gene=LOC101580677;gene_biotype=protein_coding;sequence_ID=1.0;valid_ORFs=1
chr13	Liftoff	gene	91428699	91452677	.	+	.	ID=gene-H1-3-l1;Dbxref=GeneID:101584206;Name=H1-3-l1;origin=rename;copy_num_ID=gene-LOC101584206_0;coverage=1.0;extra_copy_number=0;gbkey=Gene;gene=LOC101584206;gene_biotype=protein_coding;sequence_ID=1.0;valid_ORFs=1
chr13	Liftoff	gene	91453033	91463990	.	-	.	ID=gene-Trim38-l1;Dbxref=GeneID:101570866;Name=Trim38-l1;origin=rename;copy_num_ID=gene-LOC101570866_0;coverage=1.0;extra_copy_number=0;gbkey=Gene;gene=LOC101570866;gene_biotype=protein_coding;sequence_ID=0.999;valid_ORFs=1
chr13	Liftoff	gene	91547657	91579900	.	-	.	ID=gene-Trim38-l2;Dbxref=GeneID:101571662;Name=Trim38-l2;origin=rename;copy_num_ID=gene-LOC101571662_0;coverage=1.0;extra_copy_number=0;gbkey=Gene;gene=LOC101571662;gene_biotype=protein_coding;sequence_ID=0.996;valid_ORFs=1
chr13	Liftoff	gene	91625813	91637895	.	-	.	ID=gene-Trim38-l3;Dbxref=GeneID:101585377;Name=Trim38-l3;origin=rename;copy_num_ID=gene-LOC101585377_0;coverage=1.0;extra_copy_number=0;gbkey=Gene;gene=LOC101585377;gene_biotype=protein_coding;sequence_ID=0.998;valid_ORFs=1
chr13	Liftoff	gene	91662692	91672452	.	-	.	ID=gene-Trim38-l4;Dbxref=GeneID:101586173;Name=Trim38-l4;origin=rename;copy_num_ID=gene-LOC101586173_0;coverage=1.0;extra_copy_number=0;gbkey=Gene;gene=LOC101586173;gene_biotype=protein_coding;sequence_ID=0.991;valid_ORFs=1
chr13	Liftoff	gene	91705370	91717167	.	+	.	ID=gene-Trim38;Dbxref=GeneID:105743350;Name=Trim38;origin=rename;copy_num_ID=gene-LOC105743350_0;coverage=1.0;extra_copy_number=0;gbkey=Gene;gene=LOC105743350;gene_biotype=protein_coding;sequence_ID=0.999;valid_ORFs=2
chr13	Liftoff	gene	91725842	91737644	.	+	.	ID=gene-Trim38-l5;Dbxref=GeneID:105743351;Name=Trim38-l5;origin=rename;copy_num_ID=gene-LOC105743351_0;coverage=1.0;extra_copy_number=0;gbkey=Gene;gene=LOC105743351;gene_biotype=protein_coding;sequence_ID=0.998;valid_ORFs=1
chr13	Liftoff	gene	91807633	91820596	.	-	.	ID=gene-Trim38-l6;Dbxref=GeneID:111812283;Name=Trim38-l6;origin=rename;copy_num_ID=gene-LOC111812283_0;coverage=1.0;extra_copy_number=0;gbkey=Gene;gene=LOC111812283;gene_biotype=protein_coding;sequence_ID=0.999;valid_ORFs=3
chr13	Liftoff	gene	91829063	91836206	.	-	.	ID=gene-Trim38-l7;Dbxref=GeneID:101573651;Name=Trim38-l7;origin=rename;copy_num_ID=gene-LOC101573651_0;coverage=1.0;extra_copy_number=0;gbkey=Gene;gene=LOC101573651;gene_biotype=protein_coding;sequence_ID=0.999;valid_ORFs=1
chr13	Liftoff	gene	92057045	92057428	.	-	.	ID=gene-H2bc1;Dbxref=GeneID:101588539;Name=H2bc1;origin=rename;copy_num_ID=gene-LOC101588539_0;coverage=1.0;extra_copy_number=0;gbkey=Gene;gene=LOC101588539;gene_biotype=protein_coding;sequence_ID=0.994;valid_ORFs=1
chr13	Liftoff	gene	92057723	92058133	.	+	.	ID=gene-H2ac1;Dbxref=GeneID:101574829;Name=H2ac1;origin=rename;copy_num_ID=gene-LOC101574829_0;coverage=1.0;extra_copy_number=0;gbkey=Gene;gene=LOC101574829;gene_biotype=protein_coding;sequence_ID=0.992;valid_ORFs=1
chr13	Liftoff	gene	92796548	92889181	.	+	.	ID=gene-Cmah;Dbxref=GeneID:101576406;Name=Cmah;origin=rename;copy_num_ID=gene-LOC101576406_0;coverage=0.999;extra_copy_number=0;gbkey=Gene;gene=LOC101576406;gene_biotype=protein_coding;sequence_ID=0.997;valid_ORFs=3
chr13	AUGUSTUS	gene	93535887	93726675	.	+	.	ID=gene-Dcdc2;Name=Dcdc2;origin=replace
chr13	Liftoff	gene	93743046	93743537	.	-	.	ID=gene-Snrpd2-l1;Dbxref=GeneID:101592471;Name=Snrpd2-l1;origin=rename;copy_num_ID=gene-LOC101592471_0;coverage=1.0;extra_copy_number=0;gbkey=Gene;gene=LOC101592471;gene_biotype=protein_coding;sequence_ID=1.0;valid_ORFs=1
chr13	Liftoff	gene	96051619	96053567	.	+	.	ID=gene-Ctnnbl1-l1;Dbxref=GeneID:101560260;Name=Ctnnbl1-l1;origin=rename;copy_num_ID=gene-LOC101560260_0;coverage=1.0;extra_copy_number=0;gbkey=Gene;gene=LOC101560260;gene_biotype=protein_coding;sequence_ID=0.999;valid_ORFs=0
chr13	Liftoff	gene	101484664	101486033	.	+	.	ID=gene-Pld6-l1;Dbxref=GeneID:101570506;Name=Pld6-l1;origin=rename;copy_num_ID=gene-LOC101570506_0;coverage=1.0;extra_copy_number=0;gbkey=Gene;gene=LOC101570506;gene_biotype=protein_coding;sequence_ID=0.993;valid_ORFs=1
chr13	Liftoff	gene	103032326	103033445	.	+	.	ID=gene-Itm2b-l1;Dbxref=GeneID:101559642;Name=Itm2b-l1;origin=rename;copy_num_ID=gene-LOC101559642_0;coverage=1.0;extra_copy_number=0;gbkey=Gene;gene=LOC101559642;gene_biotype=protein_coding;sequence_ID=0.989;valid_ORFs=1
chr13	Liftoff	gene	107266194	107272378	.	-	.	ID=gene-Tmem14c;Dbxref=GeneID:101577665;Name=Tmem14c;origin=rename;copy_num_ID=gene-LOC101577665_0;coverage=1.0;extra_copy_number=0;gbkey=Gene;gene=LOC101577665;gene_biotype=protein_coding;sequence_ID=0.997;valid_ORFs=3
chr13	Liftoff	gene	114810376	114888199	.	+	.	ID=gene-Serpinb6;Dbxref=GeneID:101591069;Name=Serpinb6;origin=rename;copy_num_ID=gene-LOC101591069_0;coverage=1.0;extra_copy_number=0;gbkey=Gene;gene=LOC101591069;gene_biotype=protein_coding;sequence_ID=0.999;valid_ORFs=6
chr13	Liftoff	gene	114921624	114934627	.	+	.	ID=gene-Serpinb9;Dbxref=GeneID:101583740;Name=Serpinb9;origin=rename;copy_num_ID=gene-LOC101583740_0;coverage=1.0;extra_copy_number=0;gbkey=Gene;gene=LOC101583740;gene_biotype=protein_coding;sequence_ID=0.991;valid_ORFs=1
chr13	Liftoff	gene	114975820	114992033	.	-	.	ID=gene-Serpinb9-l1;Dbxref=GeneID:101584113;Name=Serpinb9-l1;origin=rename;copy_num_ID=gene-LOC101584113_0;coverage=1.0;extra_copy_number=0;gbkey=Gene;gene=LOC101584113;gene_biotype=protein_coding;sequence_ID=0.999;valid_ORFs=2
chr13	Liftoff	gene	115089555	115457643	.	-	.	ID=gene-Serpinb9-l2;Dbxref=GeneID:101585144;Name=Serpinb9-l2;origin=rename;copy_num_ID=gene-LOC101585144_0;coverage=0.997;extra_copy_number=0;gbkey=Gene;gene=LOC101585144;gene_biotype=protein_coding;sequence_ID=0.994;valid_ORFs=1
chr13	Liftoff	gene	115245656	115253740	.	-	.	ID=gene-Serpinb9-l3;Dbxref=GeneID:101585938;Name=Serpinb9-l3;origin=rename;copy_num_ID=gene-LOC101585938_0;coverage=1.0;extra_copy_number=0;gbkey=Gene;gene=LOC101585938;gene_biotype=protein_coding;sequence_ID=0.998;valid_ORFs=1
chr13	Liftoff	gene	115378802	115392038	.	+	.	ID=gene-Serpinb9-l4;Dbxref=GeneID:101586599;Name=Serpinb9-l4;origin=rename;copy_num_ID=gene-LOC101586599_0;coverage=1.0;extra_copy_number=0;gbkey=Gene;gene=LOC101586599;gene_biotype=protein_coding;sequence_ID=0.998;valid_ORFs=3
chr13	Liftoff	gene	115446974	115457632	.	-	.	ID=gene-Serpinb9-l5;Dbxref=GeneID:101587264;Name=Serpinb9-l5;origin=rename;copy_num_ID=gene-LOC101587264_0;coverage=0.997;extra_copy_number=0;gbkey=Gene;gene=LOC101587264;gene_biotype=protein_coding;sequence_ID=0.982;valid_ORFs=3
chr13	Liftoff	gene	117936641	117937570	.	+	.	ID=gene-Vn1r4;Dbxref=GeneID:101562411;Name=Vn1r4;origin=rename;copy_num_ID=gene-LOC101562411_0;coverage=1.0;extra_copy_number=0;gbkey=Gene;gene=LOC101562411;gene_biotype=protein_coding;sequence_ID=1.0;valid_ORFs=1
chr13	Liftoff	gene	118101402	118102331	.	+	.	ID=gene-Vn1r1;Dbxref=GeneID:101563211;Name=Vn1r1;origin=rename;copy_num_ID=gene-LOC101563211_0;coverage=1.0;extra_copy_number=0;gbkey=Gene;gene=LOC101563211;gene_biotype=protein_coding;sequence_ID=1.0;valid_ORFs=1
chr13	Liftoff	gene	118136115	118137053	.	+	.	ID=gene-Vn1r4-l1;Dbxref=GeneID:101564003;Name=Vn1r4-l1;origin=rename;copy_num_ID=gene-LOC101564003_0;coverage=1.0;extra_copy_number=0;gbkey=Gene;gene=LOC101564003;gene_biotype=protein_coding;sequence_ID=0.993;valid_ORFs=1
chr13	Liftoff	gene	118157731	118158669	.	+	.	ID=gene-Vn1r4-l2;Dbxref=GeneID:101564788;Name=Vn1r4-l2;origin=rename;copy_num_ID=gene-LOC101564788_0;coverage=1.0;extra_copy_number=0;gbkey=Gene;gene=LOC101564788;gene_biotype=protein_coding;sequence_ID=1.0;valid_ORFs=1
chr13	Liftoff	gene	118553494	118556998	.	-	.	ID=gene-H2bc12;Dbxref=GeneID:101568780;Name=H2bc12;origin=rename;copy_num_ID=gene-LOC101568780_0;coverage=1.0;end_range=19495875,.;extra_copy_number=0;gbkey=Gene;gene=LOC101568780;gene_biotype=protein_coding;partial=true;sequence_ID=0.999;valid_ORFs=0
chr13	Liftoff	gene	118570398	118570853	.	-	.	ID=gene-H2bc12-l1;Dbxref=GeneID:101559775;Name=H2bc12-l1;origin=rename;copy_num_ID=gene-LOC101559775_0;coverage=1.0;extra_copy_number=0;gbkey=Gene;gene=LOC101559775;gene_biotype=protein_coding;sequence_ID=0.995;valid_ORFs=1
chr13	Liftoff	gene	118653372	118655092	.	-	.	ID=gene-Pom121l2;Dbxref=GeneID:101569555;Name=Pom121l2;origin=rename;copy_num_ID=gene-LOC101569555_0;coverage=1.0;extra_copy_number=0;gbkey=Gene;gene=LOC101569555;gene_biotype=protein_coding;sequence_ID=0.998;valid_ORFs=1
chr13	Liftoff	gene	118826491	118827056	.	+	.	ID=gene-H3c15-l2;Dbxref=GeneID:101560162;Name=H3c15-l2;origin=rename;copy_num_ID=gene-LOC101560162_0;coverage=1.0;extra_copy_number=0;gbkey=Gene;gene=LOC101560162;gene_biotype=protein_coding;sequence_ID=0.995;valid_ORFs=1
chr13	Liftoff	gene	118831303	118831735	.	+	.	ID=gene-H2bc15-l5;Dbxref=GeneID:101561349;Name=H2bc15-l5;origin=rename;copy_num_ID=gene-LOC101561349_0;coverage=1.0;extra_copy_number=0;gbkey=Gene;gene=LOC101561349;gene_biotype=protein_coding;sequence_ID=0.995;valid_ORFs=1
chr13	Liftoff	gene	118873394	118873826	.	-	.	ID=gene-Hist2h2l;Dbxref=GeneID:101562157;Name=Hist2h2l;origin=rename;copy_num_ID=gene-LOC101562157_0;coverage=1.0;extra_copy_number=0;gbkey=Gene;gene=LOC101562157;gene_biotype=protein_coding;sequence_ID=0.996;valid_ORFs=1
chr13	Liftoff	gene	118874510	118875178	.	-	.	ID=gene-H1-5;Dbxref=GeneID:101571159;Name=H1-5;origin=rename;copy_num_ID=gene-LOC101571159_0;coverage=1.0;extra_copy_number=0;gbkey=Gene;gene=LOC101571159;gene_biotype=protein_coding;sequence_ID=0.997;valid_ORFs=1
chr13	Liftoff	gene	118887840	118889410	.	-	.	ID=gene-H3c15-l3;Dbxref=GeneID:101562550;Name=H3c15-l3;origin=rename;copy_num_ID=gene-LOC101562550_0;coverage=1.0;extra_copy_number=0;gbkey=Gene;gene=LOC101562550;gene_biotype=protein_coding;sequence_ID=0.993;valid_ORFs=1
chr13	Liftoff	gene	118891523	118892884	.	+	.	ID=gene-H2bc15-l6;Dbxref=GeneID:101571959;Name=H2bc15-l6;origin=rename;copy_num_ID=gene-LOC101571959_0;coverage=1.0;extra_copy_number=0;gbkey=Gene;gene=LOC101571959;gene_biotype=protein_coding;sequence_ID=0.997;valid_ORFs=1
chr13	Liftoff	gene	119221152	119229668	.	+	.	ID=gene-Zkscan4-l1;Dbxref=GeneID:105740867;Name=Zkscan4-l1;origin=rename;copy_num_ID=gene-LOC105740867_0;coverage=0.998;extra_copy_number=0;gbkey=Gene;gene=LOC105740867;gene_biotype=protein_coding;sequence_ID=0.993;valid_ORFs=2
chr13	Liftoff	gene	119265983	119280096	.	-	.	ID=gene-Or2b11;Dbxref=GeneID:101577523;Name=Or2b11;origin=rename;copy_num_ID=gene-LOC101577523_0;coverage=1.0;extra_copy_number=0;gbkey=Gene;gene=LOC101577523;gene_biotype=protein_coding;sequence_ID=0.998;valid_ORFs=1
chr13	Liftoff	gene	119304948	119311590	.	-	.	ID=gene-Gpx6;Dbxref=GeneID:101577932;Name=Gpx6;origin=rename;copy_num_ID=gene-LOC101577932_0;coverage=1.0;extra_copy_number=0;gbkey=Gene;gene=LOC101577932;gene_biotype=protein_coding;sequence_ID=0.996;valid_ORFs=1
chr13	Liftoff	gene	119324429	119329869	.	+	.	ID=gene-Gpx5;Dbxref=GeneID:101578730;Name=Gpx5;origin=rename;copy_num_ID=gene-LOC101578730_0;coverage=0.999;extra_copy_number=0;gbkey=Gene;gene=LOC101578730;gene_biotype=protein_coding;sequence_ID=0.998;valid_ORFs=1
chr13	Liftoff	gene	119334576	119358667	.	-	.	ID=gene-Gtf2ird2;Dbxref=GeneID:101579118;Name=Gtf2ird2;origin=rename;copy_num_ID=gene-LOC101579118_0;coverage=1.0;extra_copy_number=0;gbkey=Gene;gene=LOC101579118;gene_biotype=protein_coding;sequence_ID=0.996;valid_ORFs=3
chr14	Liftoff	gene	86346	86879	.	+	.	ID=gene-Tmem203-l1;Dbxref=GeneID:101562432;Name=Tmem203-l1;origin=rename;copy_num_ID=gene-LOC101562432_0;coverage=1.0;extra_copy_number=0;gbkey=Gene;gene=LOC101562432;gene_biotype=protein_coding;sequence_ID=0.997;valid_ORFs=1
chr14	Liftoff	gene	503966	1652732	.	-	.	ID=gene-Epha6;Dbxref=GeneID:101565073;Name=Epha6;origin=rename;copy_num_ID=gene-LOC101565073_0;coverage=1.0;extra_copy_number=0;gbkey=Gene;gene=LOC101565073;gene_biotype=protein_coding;sequence_ID=0.998;valid_ORFs=1
chr14	Liftoff	gene	13494919	13787456	.	+	.	ID=gene-Gbe1;Dbxref=GeneID:101585341;Name=Gbe1;origin=rename;copy_num_ID=gene-LOC101585341_0;coverage=1.0;extra_copy_number=0;gbkey=Gene;gene=LOC101585341;gene_biotype=protein_coding;sequence_ID=0.999;valid_ORFs=1
chr14	Liftoff	gene	20394960	20395827	.	+	.	ID=gene-Rpl7a-l2;Dbxref=GeneID:101579207;Name=Rpl7a-l2;origin=rename;copy_num_ID=gene-LOC101579207_0;coverage=1.0;extra_copy_number=0;gbkey=Gene;gene=LOC101579207;gene_biotype=protein_coding;sequence_ID=1.0;valid_ORFs=1
chr14	Liftoff	gene	35993230	35993938	.	+	.	ID=gene-Coa3;Dbxref=GeneID:101575024;Name=Coa3;origin=rename;copy_num_ID=gene-LOC101575024_0;coverage=1.0;extra_copy_number=0;gbkey=Gene;gene=LOC101575024;gene_biotype=protein_coding;sequence_ID=0.997;valid_ORFs=1
chr14	Liftoff	gene	37077703	37078464	.	-	.	ID=gene-Krtap24-1;Dbxref=GeneID:101565878;Name=Krtap24-1;origin=rename;copy_num_ID=gene-LOC101565878_0;coverage=1.0;extra_copy_number=0;gbkey=Gene;gene=LOC101565878;gene_biotype=protein_coding;sequence_ID=0.994;valid_ORFs=1
chr14	Liftoff	gene	37115272	37115916	.	-	.	ID=gene-Krtap26-1;Dbxref=GeneID:101576614;Name=Krtap26-1;origin=rename;copy_num_ID=gene-LOC101576614_0;coverage=1.0;extra_copy_number=0;gbkey=Gene;gene=LOC101576614;gene_biotype=protein_coding;sequence_ID=0.996;valid_ORFs=1
chr14	Liftoff	gene	37144343	37144960	.	-	.	ID=gene-Krtap27-1;Dbxref=GeneID:101577020;Name=Krtap27-1;origin=rename;copy_num_ID=gene-LOC101577020_0;coverage=1.0;extra_copy_number=0;gbkey=Gene;gene=LOC101577020;gene_biotype=protein_coding;sequence_ID=0.998;valid_ORFs=1
chr14	Liftoff	gene	37176974	37177537	.	-	.	ID=gene-Krtap13-2;Dbxref=GeneID:101577425;Name=Krtap13-2;origin=rename;copy_num_ID=gene-LOC101577425_0;coverage=1.0;extra_copy_number=0;gbkey=Gene;gene=LOC101577425;gene_biotype=protein_coding;sequence_ID=0.993;valid_ORFs=1
chr14	Liftoff	gene	37272273	37272830	.	-	.	ID=gene-Krtap13-3;Dbxref=GeneID:101566274;Name=Krtap13-3;origin=rename;copy_num_ID=gene-LOC101566274_0;coverage=1.0;extra_copy_number=0;gbkey=Gene;gene=LOC101566274;gene_biotype=protein_coding;sequence_ID=0.988;valid_ORFs=1
chr14	Liftoff	gene	37278436	37278996	.	+	.	ID=gene-Krtap13-1;Dbxref=GeneID:101566663;Name=Krtap13-1;origin=rename;copy_num_ID=gene-LOC101566663_0;coverage=1.0;extra_copy_number=0;gbkey=Gene;gene=LOC101566663;gene_biotype=protein_coding;sequence_ID=0.990;valid_ORFs=1
chr14	Liftoff	gene	37294169	37294681	.	-	.	ID=gene-Krtap14;Dbxref=GeneID:101567061;Name=Krtap14;origin=rename;copy_num_ID=gene-LOC101567061_0;coverage=1.0;extra_copy_number=0;gbkey=Gene;gene=LOC101567061;gene_biotype=protein_coding;sequence_ID=0.996;valid_ORFs=1
chr14	Liftoff	gene	37298690	37299088	.	+	.	ID=gene-Krtap15-1;Dbxref=GeneID:101578631;Name=Krtap15-1;origin=rename;copy_num_ID=gene-LOC101578631_0;coverage=1.0;extra_copy_number=0;gbkey=Gene;gene=LOC101578631;gene_biotype=protein_coding;sequence_ID=0.989;valid_ORFs=1
chr14	Liftoff	gene	38298837	38299028	.	-	.	ID=gene-Krtap8-1;Dbxref=GeneID:101565638;Name=Krtap8-1;origin=rename;copy_num_ID=gene-LOC101565638_0;coverage=1.0;extra_copy_number=0;gbkey=Gene;gene=LOC101565638;gene_biotype=protein_coding;sequence_ID=0.994;valid_ORFs=1
chr14	Liftoff	gene	38323993	38324244	.	-	.	ID=gene-Krtap7-1;Dbxref=GeneID:101566038;Name=Krtap7-1;origin=rename;copy_num_ID=gene-LOC101566038_0;coverage=1.0;extra_copy_number=0;gbkey=Gene;gene=LOC101566038;gene_biotype=protein_coding;sequence_ID=1.0;valid_ORFs=1
chr14	Liftoff	gene	38424855	38425328	.	-	.	ID=gene-Krtap11-1;Dbxref=GeneID:101592650;Name=Krtap11-1;origin=rename;copy_num_ID=gene-LOC101592650_0;coverage=1.0;extra_copy_number=0;gbkey=Gene;gene=LOC101592650;gene_biotype=protein_coding;sequence_ID=1.0;valid_ORFs=1
chr14	Liftoff	gene	40746188	40746725	.	+	.	ID=gene-Lsm5-l1;Dbxref=GeneID:101569265;Name=Lsm5-l1;origin=rename;copy_num_ID=gene-LOC101569265_0;coverage=1.0;extra_copy_number=0;gbkey=Gene;gene=LOC101569265;gene_biotype=protein_coding;sequence_ID=0.997;valid_ORFs=1
chr14	Liftoff	gene	41685577	41686337	.	-	.	ID=gene-Tceal5-l1;Dbxref=GeneID:101573830;Name=Tceal5-l1;origin=rename;copy_num_ID=gene-LOC101573830_0;coverage=1.0;extra_copy_number=0;gbkey=Gene;gene=LOC101573830;gene_biotype=protein_coding;sequence_ID=0.995;valid_ORFs=1
chr14	Liftoff	gene	42735361	42738715	.	-	.	ID=gene-Tfe3-l1;Dbxref=GeneID:101582869;Name=Tfe3-l1;origin=rename;copy_num_ID=gene-LOC101582869_0;coverage=1.0;extra_copy_number=0;gbkey=Gene;gene=LOC101582869;gene_biotype=protein_coding;sequence_ID=1.0;valid_ORFs=1
chr14	Liftoff	gene	43859454	43863160	.	+	.	ID=gene-Cbr1;Dbxref=GeneID:101559955;Name=Cbr1;origin=rename;copy_num_ID=gene-LOC101559955_0;coverage=1.0;extra_copy_number=0;gbkey=Gene;gene=LOC101559955;gene_biotype=protein_coding;sequence_ID=0.999;valid_ORFs=1
chr14	Liftoff	gene	43949647	44012982	.	-	.	ID=gene-Mx2-l1;Dbxref=GeneID:101584040;Name=Mx2-l1;origin=rename;copy_num_ID=gene-LOC101584040_0;coverage=0.621;extra_copy_number=0;gbkey=Gene;gene=LOC101584040;gene_biotype=protein_coding;sequence_ID=0.619;valid_ORFs=0
chr14	Liftoff	gene	44013084	44016225	.	+	.	ID=gene-Cbr1-l1;Dbxref=GeneID:101561531;Name=Cbr1-l1;origin=rename;copy_num_ID=gene-LOC101561531_0;coverage=1.0;extra_copy_number=0;gbkey=Gene;gene=LOC101561531;gene_biotype=protein_coding;sequence_ID=1.0;valid_ORFs=1
chr14	Liftoff	gene	44106592	44129828	.	+	.	ID=gene-Mx2;Dbxref=GeneID:101585208;Name=Mx2;origin=rename;copy_num_ID=gene-LOC101585208_0;coverage=1.0;extra_copy_number=0;gbkey=Gene;gene=LOC101585208;gene_biotype=protein_coding;sequence_ID=0.997;valid_ORFs=1
chr14	Liftoff	gene	47310519	47367382	.	+	.	ID=gene-Sh3bgr;Dbxref=GeneID:101592417;Name=Sh3bgr;origin=rename;copy_num_ID=gene-LOC101592417_0;coverage=1.0;extra_copy_number=0;gbkey=Gene;gene=LOC101592417;gene_biotype=protein_coding;sequence_ID=0.998;valid_ORFs=1
chr14	Liftoff	gene	47674400	47676615	.	+	.	ID=gene-Ralgds-l1;Dbxref=GeneID:111816938;Name=Ralgds-l1;origin=rename;copy_num_ID=gene-LOC111816938_0;coverage=1.0;extra_copy_number=0;gbkey=Gene;gene=LOC111816938;gene_biotype=protein_coding;sequence_ID=0.998;valid_ORFs=1
chr14	Liftoff	gene	49083391	49105979	.	-	.	ID=gene-Mx1;Dbxref=GeneID:101565755;Name=Mx1;origin=rename;copy_num_ID=gene-LOC101565755_0;coverage=1.0;extra_copy_number=0;gbkey=Gene;gene=LOC101565755;gene_biotype=protein_coding;sequence_ID=0.998;valid_ORFs=2
chr14	Liftoff	gene	52167365	52167671	.	+	.	ID=gene-Rpl37a-l3;Dbxref=GeneID:101575030;Name=Rpl37a-l3;origin=rename;copy_num_ID=gene-LOC101575030_0;coverage=1.0;extra_copy_number=0;gbkey=Gene;gene=LOC101575030;gene_biotype=protein_coding;sequence_ID=0.993;valid_ORFs=1
chr14	Liftoff	gene	55825099	55935815	.	-	.	ID=gene-Atp8b5;Dbxref=GeneID:101590323;Name=Atp8b5;origin=rename;copy_num_ID=gene-LOC101590323_0;coverage=1.0;extra_copy_number=0;gbkey=Gene;gene=LOC101590323;gene_biotype=protein_coding;sequence_ID=0.998;valid_ORFs=2
chr14	Liftoff	gene	56562390	56575884	.	+	.	ID=gene-Spata31f1;Dbxref=GeneID:101560067;Name=Spata31f1;origin=rename;copy_num_ID=gene-LOC101560067_0;coverage=1.0;extra_copy_number=0;gbkey=Gene;gene=LOC101560067;gene_biotype=protein_coding;sequence_ID=0.999;valid_ORFs=1
chr14	Liftoff	gene	57380294	57380922	.	-	.	ID=gene-Trappc3l;Dbxref=GeneID:101582441;Name=Trappc3l;origin=rename;copy_num_ID=gene-LOC101582441_0;coverage=1.0;extra_copy_number=0;gbkey=Gene;gene=LOC101582441;gene_biotype=protein_coding;sequence_ID=0.998;valid_ORFs=1
chr14	Liftoff	gene	59458032	59461479	.	-	.	ID=gene-Cobll1-l1;Dbxref=GeneID:101592545;Name=Cobll1-l1;origin=rename;copy_num_ID=gene-LOC101592545_0;coverage=0.999;extra_copy_number=0;gbkey=Gene;gene=LOC101592545;gene_biotype=protein_coding;sequence_ID=0.996;valid_ORFs=0
chr14	Liftoff	gene	60124583	60125183	.	+	.	ID=gene-Ube2l3-l1;Dbxref=GeneID:101591124;Name=Ube2l3-l1;origin=rename;copy_num_ID=gene-LOC101591124_0;coverage=1.0;extra_copy_number=0;gbkey=Gene;gene=LOC101591124;gene_biotype=protein_coding;sequence_ID=0.997;valid_ORFs=1
chr14	Liftoff	gene	65180166	65180435	.	-	.	ID=gene-Dynll1-l2;Dbxref=GeneID:101570448;Name=Dynll1-l2;origin=rename;copy_num_ID=gene-LOC101570448_0;coverage=1.0;extra_copy_number=0;gbkey=Gene;gene=LOC101570448;gene_biotype=protein_coding;sequence_ID=0.996;valid_ORFs=1
chr14	Liftoff	gene	66279254	66281260	.	-	.	ID=gene-Acp1-l1;Dbxref=GeneID:101590506;Name=Acp1-l1;origin=rename;copy_num_ID=gene-LOC101590506_0;coverage=1.0;extra_copy_number=0;gbkey=Gene;gene=LOC101590506;gene_biotype=protein_coding;sequence_ID=0.996;valid_ORFs=1
chr14	Liftoff	gene	70494588	70499112	.	+	.	ID=gene-Cdkn2b;Dbxref=GeneID:101563688;Name=Cdkn2b;origin=rename;copy_num_ID=gene-LOC101563688_0;coverage=1.0;extra_copy_number=0;gbkey=Gene;gene=LOC101563688;gene_biotype=protein_coding;sequence_ID=0.998;valid_ORFs=1
chr14	Liftoff	gene	70528469	70536060	.	+	.	ID=gene-Cdkn2b-l1;Dbxref=GeneID:101579200;Name=Cdkn2b-l1;origin=rename;copy_num_ID=gene-LOC101579200_0;coverage=1.0;extra_copy_number=0;gbkey=Gene;gene=LOC101579200;gene_biotype=protein_coding;sequence_ID=0.998;valid_ORFs=1
chr14	Liftoff	gene	70589435	70633576	.	-	.	ID=gene-Mtap;Dbxref=GeneID:101579597;Name=Mtap;origin=rename;copy_num_ID=gene-LOC101579597_0;coverage=0.999;extra_copy_number=0;gbkey=Gene;gene=LOC101579597;gene_biotype=protein_coding;sequence_ID=0.998;valid_ORFs=1
chr14	Liftoff	gene	71031225	71032404	.	-	.	ID=gene-Ifnw1;Dbxref=GeneID:101564085;Name=Ifnw1;origin=rename;copy_num_ID=gene-LOC101564085_0;coverage=1.0;extra_copy_number=0;gbkey=Gene;gene=LOC101564085;gene_biotype=protein_coding;sequence_ID=0.993;valid_ORFs=1
chr14	Liftoff	gene	71060394	71070161	.	-	.	ID=gene-Ifnw1-l1;Dbxref=GeneID:101579983;Name=Ifnw1-l1;origin=rename;copy_num_ID=gene-LOC101579983_0;coverage=1.0;extra_copy_number=0;gbkey=Gene;gene=LOC101579983;gene_biotype=protein_coding;sequence_ID=0.998;valid_ORFs=1
chr14	Liftoff	gene	71096192	71096761	.	-	.	ID=gene-Ifna5;Dbxref=GeneID:101581177;Name=Ifna5;origin=rename;copy_num_ID=gene-LOC101581177_0;coverage=1.0;extra_copy_number=0;gbkey=Gene;gene=LOC101581177;gene_biotype=protein_coding;sequence_ID=0.998;valid_ORFs=1
chr14	Liftoff	gene	71375109	71390206	.	+	.	ID=gene-Klhl9;Dbxref=GeneID:101570633;Name=Klhl9;origin=rename;copy_num_ID=gene-LOC101570633_0;coverage=1.0;extra_copy_number=0;gbkey=Gene;gene=LOC101570633;gene_biotype=protein_coding;sequence_ID=0.998;valid_ORFs=3
chr14	Liftoff	gene	71428148	71434592	.	-	.	ID=gene-Tuba1c;Dbxref=GeneID:101580851;Name=Tuba1c;origin=rename;copy_num_ID=gene-LOC101580851_0;coverage=1.0;extra_copy_number=0;gbkey=Gene;gene=LOC101580851;gene_biotype=protein_coding;sequence_ID=0.998;valid_ORFs=1
chr14	Liftoff	gene	71460105	71505675	.	+	.	ID=gene-Stra6l;Dbxref=GeneID:101581252;Name=Stra6l;origin=rename;copy_num_ID=gene-LOC101581252_0;coverage=1.0;extra_copy_number=0;gbkey=Gene;gene=LOC101581252;gene_biotype=protein_coding;sequence_ID=0.994;valid_ORFs=1
chr14	Liftoff	gene	78783682	78785778	.	+	.	ID=gene-Topors-l1;Dbxref=GeneID:101576928;Name=Topors-l1;origin=rename;copy_num_ID=gene-LOC101576928_0;coverage=1.0;extra_copy_number=0;gbkey=Gene;gene=LOC101576928;gene_biotype=protein_coding;sequence_ID=0.999;valid_ORFs=1
chr14	Liftoff	gene	82517733	82518332	.	-	.	ID=gene-Mrpl41-l1;Dbxref=GeneID:101562090;Name=Mrpl41-l1;origin=rename;copy_num_ID=gene-LOC101562090_0;coverage=1.0;extra_copy_number=0;gbkey=Gene;gene=LOC101562090;gene_biotype=protein_coding;sequence_ID=0.998;valid_ORFs=1
chr14	Liftoff	gene	86534332	86556133	.	+	.	ID=gene-Dnajc25;Dbxref=GeneID:101566818;Name=Dnajc25;origin=rename;copy_num_ID=gene-LOC101566818_0;coverage=1.0;extra_copy_number=0;gbkey=Gene;gene=LOC101566818;gene_biotype=protein_coding;sequence_ID=0.999;valid_ORFs=1
chr14	AUGUSTUS	gene	89433960	89454054	.	+	.	ID=gene-Orm1;Name=Orm1;origin=replace
chr14	AUGUSTUS	gene	91331175	91572474	.	+	.	ID=gene-Pappa;Name=Pappa;origin=replace
chr14	Liftoff	gene	91835921	91836290	.	-	.	ID=gene-Rps13-l1;Dbxref=GeneID:111812698;Name=Rps13-l1;origin=rename;copy_num_ID=gene-LOC111812698_0;coverage=1.0;extra_copy_number=0;gbkey=Gene;gene=LOC111812698;gene_biotype=protein_coding;sequence_ID=1.0;valid_ORFs=1
chr14	Liftoff	gene	96132921	96135337	.	-	.	ID=gene-Taf1a-l1;Dbxref=GeneID:101570601;Name=Taf1a-l1;origin=rename;copy_num_ID=gene-LOC101570601_0;coverage=1.0;extra_copy_number=0;gbkey=Gene;gene=LOC101570601;gene_biotype=protein_coding;sequence_ID=0.997;valid_ORFs=1
chr14	Liftoff	gene	96659715	96662049	.	+	.	ID=gene-B3galt9;Dbxref=GeneID:101571000;Name=B3galt9;origin=rename;copy_num_ID=gene-LOC101571000_0;coverage=1.0;extra_copy_number=0;gbkey=Gene;gene=LOC101571000;gene_biotype=protein_coding;sequence_ID=1.0;valid_ORFs=1
chr14	Liftoff	gene	96694758	96719583	.	+	.	ID=gene-Cuta-l1;Dbxref=GeneID:101571400;Name=Cuta-l1;origin=rename;copy_num_ID=gene-LOC101571400_0;coverage=0.999;extra_copy_number=0;gbkey=Gene;gene=LOC101571400;gene_biotype=protein_coding;sequence_ID=0.999;valid_ORFs=5
chr14	Liftoff	gene	96939792	96991294	.	-	.	ID=gene-C5-l1;Dbxref=GeneID:101571803;Name=C5-l1;origin=rename;copy_num_ID=gene-LOC101571803_0;coverage=1.0;extra_copy_number=0;gbkey=Gene;gene=LOC101571803;gene_biotype=protein_coding;sequence_ID=0.999;valid_ORFs=6
chr14	Liftoff	gene	96992810	96996700	.	+	.	ID=gene-Pdlim5-l1;Dbxref=GeneID:101592105;Name=Pdlim5-l1;origin=rename;copy_num_ID=gene-LOC101592105_0;coverage=0.997;extra_copy_number=0;gbkey=Gene;gene=LOC101592105;gene_biotype=protein_coding;sequence_ID=0.995;valid_ORFs=2
chr14	Liftoff	gene	97003673	97055010	.	-	.	ID=gene-C5-l2;Dbxref=GeneID:101572206;Name=C5-l2;origin=rename;copy_num_ID=gene-LOC101572206_0;coverage=1.0;extra_copy_number=0;gbkey=Gene;gene=LOC101572206;gene_biotype=protein_coding;sequence_ID=0.996;valid_ORFs=1
chr14	Liftoff	gene	97408677	97426720	.	-	.	ID=gene-Ggta1;Dbxref=GeneID:101573793;Name=Ggta1;origin=rename;copy_num_ID=gene-LOC101573793_0;coverage=1.0;extra_copy_number=0;gbkey=Gene;gene=LOC101573793;gene_biotype=protein_coding;sequence_ID=1.0;valid_ORFs=1
chr14	Liftoff	gene	97434560	97528618	.	-	.	ID=gene-Ggta1-l1;Dbxref=GeneID:101574182;Name=Ggta1-l1;origin=rename;copy_num_ID=gene-LOC101574182_0;coverage=1.0;extra_copy_number=0;gbkey=Gene;gene=LOC101574182;gene_biotype=protein_coding;sequence_ID=1.0;valid_ORFs=2
chr14	AUGUSTUS	gene	101593688	101633775	.	+	.	ID=gene-Rabepk;Name=Rabepk;origin=replace
chr14	Liftoff	gene	101802154	101802819	.	-	.	ID=gene-Tomm5-l1;Dbxref=GeneID:101566087;Name=Tomm5-l1;origin=rename;copy_num_ID=gene-LOC101566087_0;coverage=1.0;extra_copy_number=0;gbkey=Gene;gene=LOC101566087;gene_biotype=protein_coding;sequence_ID=0.993;valid_ORFs=1
chr14	Liftoff	gene	102424970	102425775	.	+	.	ID=gene-Rpl10-l1;Dbxref=GeneID:101588681;Name=Rpl10-l1;origin=rename;copy_num_ID=gene-LOC101588681_0;coverage=1.0;extra_copy_number=0;gbkey=Gene;gene=LOC101588681;gene_biotype=protein_coding;sequence_ID=0.988;valid_ORFs=1
chr14	Liftoff	gene	104348651	104369021	.	+	.	ID=gene-Lcn2;Dbxref=GeneID:101585520;Name=Lcn2;origin=rename;copy_num_ID=gene-LOC101585520_0;coverage=0.998;extra_copy_number=0;gbkey=Gene;gene=LOC101585520;gene_biotype=protein_coding;sequence_ID=0.992;valid_ORFs=3
chr14	Liftoff	gene	104399842	104402858	.	-	.	ID=gene-Lcn2-l1;Dbxref=GeneID:111812707;Name=Lcn2-l1;origin=rename;copy_num_ID=gene-LOC111812707_0;coverage=1.0;extra_copy_number=0;gbkey=Gene;gene=LOC111812707;gene_biotype=protein_coding;sequence_ID=0.990;valid_ORFs=1
chr14	Liftoff	gene	104419090	104422637	.	+	.	ID=gene-Lcn2-l2;Dbxref=GeneID:105743595;Name=Lcn2-l2;origin=rename;copy_num_ID=gene-LOC105743595_0;coverage=1.0;extra_copy_number=0;gbkey=Gene;gene=LOC105743595;gene_biotype=protein_coding;sequence_ID=0.997;valid_ORFs=1
chr14	Liftoff	gene	104464851	104468802	.	-	.	ID=gene-Lcn2-l3;Dbxref=GeneID:111812708;Name=Lcn2-l3;origin=rename;copy_num_ID=gene-LOC111812708_0;coverage=1.0;extra_copy_number=0;gbkey=Gene;gene=LOC111812708;gene_biotype=protein_coding;sequence_ID=0.998;valid_ORFs=1
chr14	Liftoff	gene	105279302	105284091	.	-	.	ID=gene-Lcn2-l4;Dbxref=GeneID:105743592;Name=Lcn2-l4;origin=rename;copy_num_ID=gene-LOC105743592_0;coverage=1.0;extra_copy_number=0;gbkey=Gene;gene=LOC105743592;gene_biotype=protein_coding;sequence_ID=1.0;valid_ORFs=1
chr14	Liftoff	gene	105331123	105334031	.	+	.	ID=gene-Lcn2-l5;Dbxref=GeneID:101585124;Name=Lcn2-l5;origin=rename;copy_num_ID=gene-LOC101585124_0;coverage=1.0;extra_copy_number=0;gbkey=Gene;gene=LOC101585124;gene_biotype=protein_coding;sequence_ID=0.998;valid_ORFs=1
chr14	Liftoff	gene	105377495	105386496	.	-	.	ID=gene-Lcn2-l6;Dbxref=GeneID:101584728;Name=Lcn2-l6;origin=rename;copy_num_ID=gene-LOC101584728_0;coverage=1.0;extra_copy_number=0;gbkey=Gene;gene=LOC101584728;gene_biotype=protein_coding;sequence_ID=0.993;valid_ORFs=1
chr14	Liftoff	gene	105486406	105490713	.	-	.	ID=gene-Lcn2-l7;Dbxref=GeneID:105743591;Name=Lcn2-l7;origin=rename;copy_num_ID=gene-LOC105743591_0;coverage=1.0;extra_copy_number=0;gbkey=Gene;gene=LOC105743591;gene_biotype=protein_coding;sequence_ID=0.998;valid_ORFs=1
chr14	Liftoff	gene	105530215	105535462	.	-	.	ID=gene-Lcn2-l8;Dbxref=GeneID:105743590;Name=Lcn2-l8;origin=rename;copy_num_ID=gene-LOC105743590_0;coverage=1.0;extra_copy_number=0;gbkey=Gene;gene=LOC105743590;gene_biotype=protein_coding;sequence_ID=0.998;valid_ORFs=1
chr14	Liftoff	gene	105764334	105812680	.	+	.	ID=gene-Lcn2-l9;Dbxref=GeneID:105743589;Name=Lcn2-l9;origin=rename;copy_num_ID=gene-LOC105743589_0;coverage=0.880;extra_copy_number=0;gbkey=Gene;gene=LOC105743589;gene_biotype=protein_coding;sequence_ID=0.878;valid_ORFs=1
chr14	Liftoff	gene	105848145	105851275	.	+	.	ID=gene-Lcn2-l10;Dbxref=GeneID:101583193;Name=Lcn2-l10;origin=rename;copy_num_ID=gene-LOC101583193_0;coverage=1.0;extra_copy_number=0;gbkey=Gene;gene=LOC101583193;gene_biotype=protein_coding;sequence_ID=0.991;valid_ORFs=1
chr14	Liftoff	gene	111210989	111213978	.	+	.	ID=gene-Cel-l1;Dbxref=GeneID:101585062;Name=Cel-l1;origin=rename;copy_num_ID=gene-LOC101585062_0;coverage=1.0;end_range=2987,.;extra_copy_number=0;gbkey=Gene;gene=LOC101585062;gene_biotype=protein_coding;partial=true;sequence_ID=1.0;start_range=.,4;valid_ORFs=0
chr14	Liftoff	gene	111338105	111363909	.	+	.	ID=gene-Obp2b;Dbxref=GeneID:111812415;Name=Obp2b;origin=rename;copy_num_ID=gene-LOC111812415_0;coverage=0.999;extra_copy_number=0;gbkey=Gene;gene=LOC111812415;gene_biotype=protein_coding;sequence_ID=0.997;valid_ORFs=4
chr14	Liftoff	gene	111402990	111405790	.	+	.	ID=gene-Obp2b-l1;Dbxref=GeneID:101574834;Name=Obp2b-l1;origin=rename;copy_num_ID=gene-LOC101574834_0;coverage=1.0;extra_copy_number=0;gbkey=Gene;gene=LOC101574834;gene_biotype=protein_coding;sequence_ID=1.0;valid_ORFs=1
chr14	Liftoff	gene	111459782	111463041	.	-	.	ID=gene-Vegp1-l1;Dbxref=GeneID:111812403;Name=Vegp1-l1;origin=rename;copy_num_ID=gene-LOC111812403_0;coverage=0.904;extra_copy_number=0;gbkey=Gene;gene=LOC111812403;gene_biotype=protein_coding;sequence_ID=0.901;valid_ORFs=1
chr14	Liftoff	gene	111477608	111479973	.	-	.	ID=gene-Lcn4;Dbxref=GeneID:101574047;Name=Lcn4;origin=rename;copy_num_ID=gene-LOC101574047_0;coverage=0.995;extra_copy_number=0;gbkey=Gene;gene=LOC101574047;gene_biotype=protein_coding;sequence_ID=0.981;valid_ORFs=1
chr14	Liftoff	gene	112811450	112815508	.	+	.	ID=gene-Surf1;Dbxref=GeneID:101570065;Name=Surf1;origin=rename;copy_num_ID=gene-LOC101570065_0;coverage=1.0;extra_copy_number=0;gbkey=Gene;gene=LOC101570065;gene_biotype=protein_coding;sequence_ID=0.997;valid_ORFs=2
chr14	Liftoff	gene	112844500	112847167	.	+	.	ID=gene-Obp2b-l2;Dbxref=GeneID:101569274;Name=Obp2b-l2;origin=rename;copy_num_ID=gene-LOC101569274_0;coverage=1.0;extra_copy_number=0;gbkey=Gene;gene=LOC101569274;gene_biotype=protein_coding;sequence_ID=0.998;valid_ORFs=1
chr14	Liftoff	gene	112861575	112864703	.	+	.	ID=gene-Vegp1;Dbxref=GeneID:101574432;Name=Vegp1;origin=rename;copy_num_ID=gene-LOC101574432_0;coverage=1.0;extra_copy_number=0;gbkey=Gene;gene=LOC101574432;gene_biotype=protein_coding;sequence_ID=0.996;valid_ORFs=1
chr14	Liftoff	gene	113624700	113626599	.	-	.	ID=gene-Lcn5;Dbxref=GeneID:101561319;Name=Lcn5;origin=rename;copy_num_ID=gene-LOC101561319_0;coverage=1.0;extra_copy_number=0;gbkey=Gene;gene=LOC101561319;gene_biotype=protein_coding;sequence_ID=1.0;valid_ORFs=1
chr15	Liftoff	gene	3333919	3351060	.	+	.	ID=gene-Gsta4;Dbxref=GeneID:101592266;Name=Gsta4;origin=rename;copy_num_ID=gene-LOC101592266_0;coverage=1.0;extra_copy_number=0;gbkey=Gene;gene=LOC101592266;gene_biotype=protein_coding;sequence_ID=0.995;valid_ORFs=1
chr15	Liftoff	gene	3362244	3362426	.	-	.	ID=gene-Atp5mj;Dbxref=GeneID:105744006;Name=Atp5mj;origin=rename;copy_num_ID=gene-LOC105744006_0;coverage=1.0;extra_copy_number=0;gbkey=Gene;gene=LOC105744006;gene_biotype=protein_coding;sequence_ID=1.0;valid_ORFs=1
chr15	Liftoff	gene	3367042	3401396	.	+	.	ID=gene-Gsta4-l1;Dbxref=GeneID:101565189;Name=Gsta4-l1;origin=rename;copy_num_ID=gene-LOC101565189_0;coverage=1.0;extra_copy_number=0;gbkey=Gene;gene=LOC101565189;gene_biotype=protein_coding;sequence_ID=0.997;valid_ORFs=2
chr15	Liftoff	gene	8564342	8584425	.	+	.	ID=gene-Crisp3;Dbxref=GeneID:101578326;Name=Crisp3;origin=rename;copy_num_ID=gene-LOC101578326_0;coverage=1.0;extra_copy_number=0;gbkey=Gene;gene=LOC101578326;gene_biotype=protein_coding;sequence_ID=0.995;valid_ORFs=1
chr15	Liftoff	gene	8620909	8634411	.	+	.	ID=gene-Crisp3-l1;Dbxref=GeneID:101576585;Name=Crisp3-l1;origin=rename;copy_num_ID=gene-LOC101576585_0;coverage=1.0;extra_copy_number=0;gbkey=Gene;gene=LOC101576585;gene_biotype=protein_coding;sequence_ID=0.996;valid_ORFs=0
chr15	Liftoff	gene	8672279	8704801	.	+	.	ID=gene-Crisp2;Dbxref=GeneID:101577929;Name=Crisp2;origin=rename;copy_num_ID=gene-LOC101577929_0;coverage=1.0;extra_copy_number=0;gbkey=Gene;gene=LOC101577929;gene_biotype=protein_coding;sequence_ID=0.997;valid_ORFs=6
chr15	Liftoff	gene	11121437	11122021	.	+	.	ID=gene-H1-0;Dbxref=GeneID:101573017;Name=H1-0;origin=rename;copy_num_ID=gene-LOC101573017_0;coverage=1.0;extra_copy_number=0;gbkey=Gene;gene=LOC101573017;gene_biotype=protein_coding;sequence_ID=0.989;valid_ORFs=1
chr15	Liftoff	gene	12420730	12499752	.	+	.	ID=gene-Cyb5r4;Dbxref=GeneID:101568110;Name=Cyb5r4;origin=rename;copy_num_ID=gene-LOC101568110_0;coverage=1.0;extra_copy_number=0;gbkey=Gene;gene=LOC101568110;gene_biotype=protein_coding;sequence_ID=0.995;valid_ORFs=2
chr15	Liftoff	gene	17668652	17685855	.	+	.	ID=gene-Gnas;Dbxref=GeneID:101586333;Name=Gnas;origin=rename;copy_num_ID=gene-LOC101586333_0;coverage=0.994;extra_copy_number=0;gbkey=Gene;gene=LOC101586333;gene_biotype=protein_coding;sequence_ID=0.993;valid_ORFs=1
chr15	Liftoff	gene	17918143	17918616	.	+	.	ID=gene-Rps15a-l1;Dbxref=GeneID:101585542;Name=Rps15a-l1;origin=rename;copy_num_ID=gene-LOC101585542_0;coverage=1.0;extra_copy_number=0;gbkey=Gene;gene=LOC101585542;gene_biotype=protein_coding;sequence_ID=1.0;valid_ORFs=1
chr15	Liftoff	gene	18110853	18160892	.	-	.	ID=gene-Gabrr1;Dbxref=GeneID:101583468;Name=Gabrr1;origin=rename;copy_num_ID=gene-LOC101583468_0;coverage=0.998;extra_copy_number=0;gbkey=Gene;gene=LOC101583468;gene_biotype=protein_coding;sequence_ID=0.948;valid_ORFs=3
chr15	Liftoff	gene	18862247	18863135	.	+	.	ID=gene-Tpmt-l1;Dbxref=GeneID:101580301;Name=Tpmt-l1;origin=rename;copy_num_ID=gene-LOC101580301_0;coverage=1.0;extra_copy_number=0;gbkey=Gene;gene=LOC101580301;gene_biotype=protein_coding;sequence_ID=0.994;valid_ORFs=1
chr15	Liftoff	gene	24594413	24594874	.	-	.	ID=gene-Rpl34-l1;Dbxref=GeneID:101577117;Name=Rpl34-l1;origin=rename;copy_num_ID=gene-LOC101577117_0;coverage=1.0;extra_copy_number=0;gbkey=Gene;gene=LOC101577117;gene_biotype=protein_coding;sequence_ID=0.998;valid_ORFs=1
chr15	Liftoff	gene	28461356	28461676	.	+	.	ID=gene-Rplp1-l1;Dbxref=GeneID:101585427;Name=Rplp1-l1;origin=rename;copy_num_ID=gene-LOC101585427_0;coverage=1.0;extra_copy_number=0;gbkey=Gene;gene=LOC101585427;gene_biotype=protein_coding;sequence_ID=1.0;valid_ORFs=2
chr15	AUGUSTUS	gene	29161047	29240436	.	-	.	ID=gene-Usp45;Name=Usp45;origin=replace
chr15	Liftoff	gene	29386424	29388155	.	-	.	ID=gene-Rpl27a-l1;Dbxref=GeneID:101584118;Name=Rpl27a-l1;origin=rename;copy_num_ID=gene-LOC101584118_0;coverage=1.0;extra_copy_number=0;gbkey=Gene;gene=LOC101584118;gene_biotype=protein_coding;sequence_ID=0.998;valid_ORFs=1
chr15	Liftoff	gene	30863052	30863274	.	+	.	ID=gene-Rps9-l1;Dbxref=GeneID:101585839;Name=Rps9-l1;origin=rename;copy_num_ID=gene-LOC101585839_0;coverage=0.952;extra_copy_number=0;gbkey=Gene;gene=LOC101585839;gene_biotype=protein_coding;sequence_ID=0.935;valid_ORFs=0
chr15	Liftoff	gene	30966044	30966367	.	-	.	ID=gene-Sertm1-l1;Dbxref=GeneID:101583511;Name=Sertm1-l1;origin=rename;copy_num_ID=gene-LOC101583511_0;coverage=1.0;extra_copy_number=0;gbkey=Gene;gene=LOC101583511;gene_biotype=protein_coding;sequence_ID=0.996;valid_ORFs=1
chr15	Liftoff	gene	36592799	36593336	.	+	.	ID=gene-Hint1-l1;Dbxref=GeneID:101569370;Name=Hint1-l1;origin=rename;copy_num_ID=gene-LOC101569370_0;coverage=1.0;extra_copy_number=0;gbkey=Gene;gene=LOC101569370;gene_biotype=protein_coding;sequence_ID=0.996;valid_ORFs=1
chr15	Liftoff	gene	42111282	42111810	.	+	.	ID=gene-Mrpl55-l1;Dbxref=GeneID:101590887;Name=Mrpl55-l1;origin=rename;copy_num_ID=gene-LOC101590887_0;coverage=1.0;extra_copy_number=0;gbkey=Gene;gene=LOC101590887;gene_biotype=protein_coding;sequence_ID=0.997;valid_ORFs=1
chr15	Liftoff	gene	42167036	42178739	.	+	.	ID=gene-Mfsd4b;Dbxref=GeneID:101577062;Name=Mfsd4b;origin=rename;copy_num_ID=gene-LOC101577062_0;coverage=1.0;extra_copy_number=0;gbkey=Gene;gene=LOC101577062;gene_biotype=protein_coding;sequence_ID=0.998;valid_ORFs=1
chr15	AUGUSTUS	gene	52950422	53291159	.	-	.	ID=gene-Frk;Name=Frk;origin=replace
chr15	AUGUSTUS	gene	53341050	53467851	.	+	.	ID=gene-Nt5dc1;Name=Nt5dc1;origin=replace
chr15	Liftoff	gene	53472891	53473805	.	+	.	ID=gene-Tceal5-l2;Dbxref=GeneID:101573207;Name=Tceal5-l2;origin=rename;copy_num_ID=gene-LOC101573207_0;coverage=1.0;extra_copy_number=0;gbkey=Gene;gene=LOC101573207;gene_biotype=protein_coding;sequence_ID=0.996;valid_ORFs=1
chr15	Liftoff	gene	74374770	74378335	.	+	.	ID=gene-Gbp7;Dbxref=GeneID:101575867;Name=Gbp7;origin=rename;copy_num_ID=gene-LOC101575867_0;coverage=1.0;extra_copy_number=0;gbkey=Gene;gene=LOC101575867;gene_biotype=protein_coding;sequence_ID=0.999;valid_ORFs=1
chr15	Liftoff	gene	81947792	81999353	.	-	.	ID=gene-Ap3s2;Dbxref=GeneID:101564227;Name=Ap3s2;origin=rename;copy_num_ID=gene-LOC101564227_0;coverage=0.997;extra_copy_number=0;gbkey=Gene;gene=LOC101564227;gene_biotype=protein_coding;sequence_ID=0.995;valid_ORFs=2
chr15	Liftoff	gene	82309352	82322364	.	+	.	ID=gene-Ttll13;Dbxref=GeneID:101566864;Name=Ttll13;origin=rename;copy_num_ID=gene-LOC101566864_0;coverage=1.0;extra_copy_number=0;gbkey=Gene;gene=LOC101566864;gene_biotype=protein_coding;sequence_ID=0.997;valid_ORFs=4
chr15	Liftoff	gene	82612337	82613301	.	-	.	ID=gene-Polr2m-l1;Dbxref=GeneID:101588136;Name=Polr2m-l1;origin=rename;copy_num_ID=gene-LOC101588136_0;coverage=1.0;extra_copy_number=0;gbkey=Gene;gene=LOC101588136;gene_biotype=protein_coding;sequence_ID=0.998;valid_ORFs=1
chr15	Liftoff	gene	82650348	82664648	.	-	.	ID=gene-Atp5f1b-l1;Dbxref=GeneID:101588526;Name=Atp5f1b-l1;origin=rename;copy_num_ID=gene-LOC101588526_0;coverage=1.0;extra_copy_number=0;gbkey=Gene;gene=LOC101588526;gene_biotype=protein_coding;sequence_ID=0.996;valid_ORFs=1
chr15	Liftoff	gene	87301242	87301556	.	+	.	ID=gene-Mycbp-l3;Dbxref=GeneID:101584059;Name=Mycbp-l3;origin=rename;copy_num_ID=gene-LOC101584059_0;coverage=1.0;extra_copy_number=0;gbkey=Gene;gene=LOC101584059;gene_biotype=protein_coding;sequence_ID=0.993;valid_ORFs=1
chr15	Liftoff	gene	88054827	88060894	.	-	.	ID=gene-Ckmt1;Dbxref=GeneID:101588525;Name=Ckmt1;origin=rename;copy_num_ID=gene-LOC101588525_0;coverage=1.0;extra_copy_number=0;gbkey=Gene;gene=LOC101588525;gene_biotype=protein_coding;sequence_ID=0.999;valid_ORFs=3
chr15	Liftoff	gene	91445620	91482430	.	-	.	ID=gene-Pak6;Dbxref=GeneID:101581062;Name=Pak6;origin=rename;copy_num_ID=gene-LOC101581062_0;coverage=1.0;extra_copy_number=0;gbkey=Gene;gene=LOC101581062;gene_biotype=protein_coding;sequence_ID=0.999;valid_ORFs=2
chr15	Liftoff	gene	97313318	97315913	.	-	.	ID=gene-Aasdhppt-l1;Dbxref=GeneID:101589226;Name=Aasdhppt-l1;origin=rename;copy_num_ID=gene-LOC101589226_0;coverage=1.0;extra_copy_number=0;gbkey=Gene;gene=LOC101589226;gene_biotype=protein_coding;sequence_ID=0.997;valid_ORFs=2
chr15	AUGUSTUS	gene	98445132	98874356	.	-	.	ID=gene-Fmn1;Name=Fmn1;origin=replace
chr15	Liftoff	gene	100180591	100181366	.	-	.	ID=gene-Erh-l1;Dbxref=GeneID:101564669;Name=Erh-l1;origin=rename;copy_num_ID=gene-LOC101564669_0;coverage=0.999;extra_copy_number=0;gbkey=Gene;gene=LOC101564669;gene_biotype=protein_coding;sequence_ID=0.998;valid_ORFs=1
chr15	Liftoff	gene	100273840	100275854	.	-	.	ID=gene-Slc39a2-l1;Dbxref=GeneID:101566765;Name=Slc39a2-l1;origin=rename;copy_num_ID=gene-LOC101566765_0;coverage=1.0;extra_copy_number=0;gbkey=Gene;gene=LOC101566765;gene_biotype=protein_coding;sequence_ID=0.999;valid_ORFs=2
chr16	Liftoff	gene	95643	96530	.	+	.	ID=gene-Teddm1a;Dbxref=GeneID:101591582;Name=Teddm1a;origin=rename;copy_num_ID=gene-LOC101591582_0;coverage=1.0;extra_copy_number=0;gbkey=Gene;gene=LOC101591582;gene_biotype=protein_coding;sequence_ID=0.996;valid_ORFs=1
chr16	Liftoff	gene	159951	160899	.	-	.	ID=gene-Teddm1-l1;Dbxref=GeneID:101590392;Name=Teddm1-l1;origin=rename;copy_num_ID=gene-LOC101590392_0;coverage=0.996;extra_copy_number=0;gbkey=Gene;gene=LOC101590392;gene_biotype=protein_coding;sequence_ID=0.985;valid_ORFs=1
chr16	Liftoff	gene	614724	615536	.	-	.	ID=gene-Anapc10-l1;Dbxref=GeneID:101581971;Name=Anapc10-l1;origin=rename;copy_num_ID=gene-LOC101581971_0;coverage=1.0;extra_copy_number=0;gbkey=Gene;gene=LOC101581971;gene_biotype=protein_coding;sequence_ID=1.0;valid_ORFs=1
chr16	Liftoff	gene	719296	730914	.	+	.	ID=gene-Cyp2j5;Dbxref=GeneID:101587234;Name=Cyp2j5;origin=rename;copy_num_ID=gene-LOC101587234_0;coverage=1.0;extra_copy_number=0;gbkey=Gene;gene=LOC101587234;gene_biotype=protein_coding;sequence_ID=0.996;valid_ORFs=1
chr16	Liftoff	gene	1562151	1563457	.	+	.	ID=gene-Camp-l1;Dbxref=GeneID:101568691;Name=Camp-l1;origin=rename;copy_num_ID=gene-LOC101568691_0;coverage=1.0;extra_copy_number=0;gbkey=Gene;gene=LOC101568691;gene_biotype=protein_coding;sequence_ID=1.0;valid_ORFs=1
chr16	Liftoff	gene	2526221	2529027	.	-	.	ID=gene-Nradd;Dbxref=GeneID:101581338;Name=Nradd;origin=rename;copy_num_ID=gene-LOC101581338_0;coverage=1.0;extra_copy_number=0;gbkey=Gene;gene=LOC101581338;gene_biotype=protein_coding;sequence_ID=0.997;valid_ORFs=3
chr16	Liftoff	gene	2718816	2724833	.	+	.	ID=gene-Prss44;Dbxref=GeneID:101580942;Name=Prss44;origin=rename;copy_num_ID=gene-LOC101580942_0;coverage=1.0;extra_copy_number=0;gbkey=Gene;gene=LOC101580942;gene_biotype=protein_coding;sequence_ID=1.0;valid_ORFs=1
chr16	Liftoff	gene	2778283	2780974	.	+	.	ID=gene-Prss44-l1;Dbxref=GeneID:101588761;Name=Prss44-l1;origin=rename;copy_num_ID=gene-LOC101588761_0;coverage=1.0;end_range=10640,.;extra_copy_number=0;gbkey=Gene;gene=LOC101588761;gene_biotype=protein_coding;partial=true;sequence_ID=0.975;valid_ORFs=0
chr16	Liftoff	gene	2789742	2792711	.	+	.	ID=gene-Prss44-l2;Dbxref=GeneID:101579755;Name=Prss44-l2;origin=rename;copy_num_ID=gene-LOC101579755_0;coverage=1.0;extra_copy_number=0;gbkey=Gene;gene=LOC101579755;gene_biotype=protein_coding;sequence_ID=0.997;valid_ORFs=1
chr16	Liftoff	gene	3027946	3031517	.	-	.	ID=gene-Ccr5;Dbxref=GeneID:101576149;Name=Ccr5;origin=rename;copy_num_ID=gene-LOC101576149_0;coverage=1.0;extra_copy_number=0;gbkey=Gene;gene=LOC101576149;gene_biotype=protein_coding;sequence_ID=0.999;valid_ORFs=1
chr16	Liftoff	gene	3153032	3156901	.	+	.	ID=gene-Ccr1;Dbxref=GeneID:101575754;Name=Ccr1;origin=rename;copy_num_ID=gene-LOC101575754_0;coverage=1.0;extra_copy_number=0;gbkey=Gene;gene=LOC101575754;gene_biotype=protein_coding;sequence_ID=0.996;valid_ORFs=1
chr16	Liftoff	gene	3219128	3224612	.	+	.	ID=gene-Ccr1-l1;Dbxref=GeneID:101574972;Name=Ccr1-l1;origin=rename;copy_num_ID=gene-LOC101574972_0;coverage=1.0;extra_copy_number=0;gbkey=Gene;gene=LOC101574972;gene_biotype=protein_coding;sequence_ID=0.998;valid_ORFs=1
chr16	Liftoff	gene	3450017	3477580	.	+	.	ID=gene-Slc6a20;Dbxref=GeneID:101567012;Name=Slc6a20;origin=rename;copy_num_ID=gene-LOC101567012_0;coverage=0.999;extra_copy_number=0;gbkey=Gene;gene=LOC101567012;gene_biotype=protein_coding;sequence_ID=0.997;valid_ORFs=1
chr16	Liftoff	gene	3487740	3512627	.	+	.	ID=gene-Slc6a20b;Dbxref=GeneID:101573785;Name=Slc6a20b;origin=rename;copy_num_ID=gene-LOC101573785_0;coverage=1.0;extra_copy_number=0;gbkey=Gene;gene=LOC101573785;gene_biotype=protein_coding;sequence_ID=0.998;valid_ORFs=2
chr16	Liftoff	gene	4179731	4206792	.	-	.	ID=gene-Zkscan7;Dbxref=GeneID:105743440;Name=Zkscan7;origin=rename;copy_num_ID=gene-LOC105743440_0;coverage=0.999;extra_copy_number=0;gbkey=Gene;gene=LOC105743440;gene_biotype=protein_coding;sequence_ID=0.996;valid_ORFs=6
chr16	Liftoff	gene	5223364	5234574	.	-	.	ID=gene-Zfp30;Dbxref=GeneID:111812501;Name=Zfp30;origin=rename;copy_num_ID=gene-LOC111812501_0;coverage=0.999;extra_copy_number=0;gbkey=Gene;gene=LOC111812501;gene_biotype=protein_coding;sequence_ID=0.987;valid_ORFs=0
chr16	Liftoff	gene	5259478	5262298	.	+	.	ID=gene-Cyp8b1;Dbxref=GeneID:101559607;Name=Cyp8b1;origin=rename;copy_num_ID=gene-LOC101559607_0;coverage=0.999;extra_copy_number=0;gbkey=Gene;gene=LOC101559607;gene_biotype=protein_coding;sequence_ID=0.996;valid_ORFs=1
chr16	Liftoff	gene	6667456	6671186	.	-	.	ID=gene-Rpl14;Dbxref=GeneID:101578389;Name=Rpl14;origin=rename;copy_num_ID=gene-LOC101578389_0;coverage=0.967;end_range=3380,.;extra_copy_number=0;gbkey=Gene;gene=LOC101578389;gene_biotype=protein_coding;partial=true;sequence_ID=0.967;start_range=.,7;valid_ORFs=0
chr16	Liftoff	gene	7867058	7867751	.	+	.	ID=gene-Tuba1a;Dbxref=GeneID:101570852;Name=Tuba1a;origin=rename;copy_num_ID=gene-LOC101570852_0;coverage=1.0;extra_copy_number=0;gbkey=Gene;gene=LOC101570852;gene_biotype=protein_coding;sequence_ID=0.998;valid_ORFs=1
chr16	Liftoff	gene	7916308	7945507	.	+	.	ID=gene-Tuba1b;Dbxref=GeneID:101570047;Name=Tuba1b;origin=rename;copy_num_ID=gene-LOC101570047_0;coverage=1.0;extra_copy_number=0;gbkey=Gene;gene=LOC101570047;gene_biotype=protein_coding;sequence_ID=0.996;valid_ORFs=1
chr16	Liftoff	gene	8251867	8276840	.	-	.	ID=gene-Spmip11;Dbxref=GeneID:111818720;Name=Spmip11;origin=rename;copy_num_ID=gene-LOC111818720_0;coverage=1.0;extra_copy_number=0;gbkey=Gene;gene=LOC111818720;gene_biotype=protein_coding;sequence_ID=1.0;valid_ORFs=1
chr16	Liftoff	gene	11278261	11280521	.	+	.	ID=gene-Tmsb10-l1;Dbxref=GeneID:101589050;Name=Tmsb10-l1;origin=rename;copy_num_ID=gene-LOC101589050_0;coverage=1.0;extra_copy_number=0;gbkey=Gene;gene=LOC101589050;gene_biotype=protein_coding;sequence_ID=1.0;valid_ORFs=1
chr16	Liftoff	gene	16449776	16451379	.	+	.	ID=gene-Snx17-l1;Dbxref=GeneID:101578147;Name=Snx17-l1;origin=rename;copy_num_ID=gene-LOC101578147_0;coverage=0.998;extra_copy_number=0;gbkey=Gene;gene=LOC101578147;gene_biotype=protein_coding;sequence_ID=0.995;valid_ORFs=0
chr16	Liftoff	gene	18771344	18779285	.	-	.	ID=gene-Alg10b;Dbxref=GeneID:101572098;Name=Alg10b;origin=rename;copy_num_ID=gene-LOC101572098_0;coverage=1.0;extra_copy_number=0;gbkey=Gene;gene=LOC101572098;gene_biotype=protein_coding;sequence_ID=0.997;valid_ORFs=1
chr16	Liftoff	gene	20745922	20746615	.	+	.	ID=gene-Eif3k-l1;Dbxref=GeneID:101581793;Name=Eif3k-l1;origin=rename;copy_num_ID=gene-LOC101581793_0;coverage=1.0;extra_copy_number=0;gbkey=Gene;gene=LOC101581793;gene_biotype=protein_coding;sequence_ID=0.995;valid_ORFs=3
chr16	Liftoff	gene	21176987	21179812	.	+	.	ID=gene-Bcorl1-l1;Dbxref=GeneID:111817044;Name=Bcorl1-l1;origin=rename;copy_num_ID=gene-LOC111817044_0;coverage=1.0;extra_copy_number=0;gbkey=Gene;gene=LOC111817044;gene_biotype=protein_coding;sequence_ID=0.996;valid_ORFs=1
chr16	Liftoff	gene	28112524	28116929	.	+	.	ID=gene-Lyz-l1;Dbxref=GeneID:101566278;Name=Lyz-l1;origin=rename;copy_num_ID=gene-LOC101566278_0;coverage=1.0;extra_copy_number=0;gbkey=Gene;gene=LOC101566278;gene_biotype=protein_coding;sequence_ID=1.0;valid_ORFs=1
chr16	Liftoff	gene	28154390	28167286	.	-	.	ID=gene-Lyz-l2;Dbxref=GeneID:101566671;Name=Lyz-l2;origin=rename;copy_num_ID=gene-LOC101566671_0;coverage=1.0;extra_copy_number=0;gbkey=Gene;gene=LOC101566671;gene_biotype=protein_coding;sequence_ID=0.999;valid_ORFs=1
chr16	Liftoff	gene	28203807	28236494	.	-	.	ID=gene-Cpsf6;Dbxref=GeneID:101566280;Name=Cpsf6;origin=rename;copy_num_ID=gene-LOC101566280_0;coverage=1.0;extra_copy_number=0;gbkey=Gene;gene=LOC101566280;gene_biotype=protein_coding;sequence_ID=1.0;valid_ORFs=1
chr16	Liftoff	gene	28660373	28686954	.	+	.	ID=gene-Cpm;Dbxref=GeneID:101564305;Name=Cpm;origin=rename;copy_num_ID=gene-LOC101564305_0;coverage=1.0;extra_copy_number=0;gbkey=Gene;gene=LOC101564305;gene_biotype=protein_coding;sequence_ID=0.994;valid_ORFs=1
chr16	Liftoff	gene	34814419	34814963	.	-	.	ID=gene-Arl2bp-l1;Dbxref=GeneID:101570480;Name=Arl2bp-l1;origin=rename;copy_num_ID=gene-LOC101570480_0;coverage=1.0;extra_copy_number=0;gbkey=Gene;gene=LOC101570480;gene_biotype=protein_coding;sequence_ID=0.997;valid_ORFs=1
chr16	Liftoff	gene	40203438	40204855	.	+	.	ID=gene-Pdk1-l1;Dbxref=GeneID:101579685;Name=Pdk1-l1;origin=rename;copy_num_ID=gene-LOC101579685_0;coverage=1.0;extra_copy_number=0;gbkey=Gene;gene=LOC101579685;gene_biotype=protein_coding;sequence_ID=0.995;valid_ORFs=0
chr16	Liftoff	gene	40286862	40287140	.	-	.	ID=gene-Cox6c-l1;Dbxref=GeneID:101570541;Name=Cox6c-l1;origin=rename;copy_num_ID=gene-LOC101570541_0;coverage=1.0;extra_copy_number=0;gbkey=Gene;gene=LOC101570541;gene_biotype=protein_coding;sequence_ID=0.998;valid_ORFs=1
chr16	Liftoff	gene	40540195	40547442	.	+	.	ID=gene-Cyp27b1;Dbxref=GeneID:101567750;Name=Cyp27b1;origin=rename;copy_num_ID=gene-LOC101567750_0;coverage=1.0;extra_copy_number=0;gbkey=Gene;gene=LOC101567750;gene_biotype=protein_coding;sequence_ID=0.999;valid_ORFs=2
chr16	Liftoff	gene	41381044	41386267	.	+	.	ID=gene-Rdh16;Dbxref=GeneID:101583886;Name=Rdh16;origin=rename;copy_num_ID=gene-LOC101583886_0;coverage=1.0;extra_copy_number=0;gbkey=Gene;gene=LOC101583886;gene_biotype=protein_coding;sequence_ID=1.0;valid_ORFs=1
chr16	Liftoff	gene	41462045	41468269	.	+	.	ID=gene-Rdh16-l1;Dbxref=GeneID:101582692;Name=Rdh16-l1;origin=rename;copy_num_ID=gene-LOC101582692_0;coverage=1.0;extra_copy_number=0;gbkey=Gene;gene=LOC101582692;gene_biotype=protein_coding;sequence_ID=0.998;valid_ORFs=1
chr16	Liftoff	gene	41490236	41490538	.	-	.	ID=gene-Znf2-l1;Dbxref=GeneID:101574112;Name=Znf2-l1;origin=rename;copy_num_ID=gene-LOC101574112_0;coverage=1.0;extra_copy_number=0;gbkey=Gene;gene=LOC101574112;gene_biotype=protein_coding;sequence_ID=0.993;valid_ORFs=1
chr16	Liftoff	gene	41491210	41500508	.	+	.	ID=gene-Sdr9c7;Dbxref=GeneID:101582294;Name=Sdr9c7;origin=rename;copy_num_ID=gene-LOC101582294_0;coverage=1.0;extra_copy_number=0;gbkey=Gene;gene=LOC101582294;gene_biotype=protein_coding;sequence_ID=0.991;valid_ORFs=1
chr16	Liftoff	gene	41530452	41538729	.	+	.	ID=gene-Sdr9c7-l1;Dbxref=GeneID:101581906;Name=Sdr9c7-l1;origin=rename;copy_num_ID=gene-LOC101581906_0;coverage=1.0;extra_copy_number=0;gbkey=Gene;gene=LOC101581906;gene_biotype=protein_coding;sequence_ID=0.991;valid_ORFs=1
chr16	Liftoff	gene	41753417	41775527	.	-	.	ID=gene-Hsd17b6;Dbxref=GeneID:101572137;Name=Hsd17b6;origin=rename;copy_num_ID=gene-LOC101572137_0;coverage=1.0;extra_copy_number=0;gbkey=Gene;gene=LOC101572137;gene_biotype=protein_coding;sequence_ID=0.997;valid_ORFs=3
chr16	Liftoff	gene	41932410	41942505	.	-	.	ID=gene-Hsd17b6-l1;Dbxref=GeneID:101575303;Name=Hsd17b6-l1;origin=rename;copy_num_ID=gene-LOC101575303_0;coverage=0.948;extra_copy_number=0;gbkey=Gene;gene=LOC101575303;gene_biotype=protein_coding;sequence_ID=0.948;valid_ORFs=1
chr16	Liftoff	gene	42178041	42178502	.	+	.	ID=gene-Id4-l1;Dbxref=GeneID:101578107;Name=Id4-l1;origin=rename;copy_num_ID=gene-LOC101578107_0;coverage=1.0;extra_copy_number=0;gbkey=Gene;gene=LOC101578107;gene_biotype=protein_coding;sequence_ID=1.0;valid_ORFs=1
chr16	Liftoff	gene	42936000	42937600	.	-	.	ID=gene-Tfam-l1;Dbxref=GeneID:111814290;Name=Tfam-l1;origin=rename;copy_num_ID=gene-LOC111814290_0;coverage=0.970;extra_copy_number=0;gbkey=Gene;gene=LOC111814290;gene_biotype=protein_coding;sequence_ID=0.969;valid_ORFs=1
chr16	Liftoff	gene	43100189	43104557	.	-	.	ID=gene-Tmem198-l1;Dbxref=GeneID:101583253;Name=Tmem198-l1;origin=rename;copy_num_ID=gene-LOC101583253_0;coverage=1.0;extra_copy_number=0;gbkey=Gene;gene=LOC101583253;gene_biotype=protein_coding;sequence_ID=0.999;valid_ORFs=2
chr16	Liftoff	gene	43253058	43265808	.	-	.	ID=gene-Cxorf49;Dbxref=GeneID:111814288;Name=Cxorf49;origin=rename;copy_num_ID=gene-LOC111814288_0;coverage=1.0;extra_copy_number=0;gbkey=Gene;gene=LOC111814288;gene_biotype=protein_coding;sequence_ID=0.995;valid_ORFs=1
chr16	Liftoff	gene	45853784	45856820	.	+	.	ID=gene-Glycam1;Dbxref=GeneID:101561691;Name=Glycam1;origin=rename;copy_num_ID=gene-LOC101561691_0;coverage=1.0;extra_copy_number=0;gbkey=Gene;gene=LOC101561691;gene_biotype=protein_coding;sequence_ID=1.0;valid_ORFs=1
chr16	Liftoff	gene	47591449	47591772	.	-	.	ID=gene-Atp5mk;Dbxref=GeneID:101575058;Name=Atp5mk;origin=rename;copy_num_ID=gene-LOC101575058_0;coverage=1.0;extra_copy_number=0;gbkey=Gene;gene=LOC101575058;gene_biotype=protein_coding;sequence_ID=1.0;valid_ORFs=1
chr16	Liftoff	gene	47810964	47818949	.	+	.	ID=gene-Krt76;Dbxref=GeneID:101587722;Name=Krt76;origin=rename;copy_num_ID=gene-LOC101587722_0;coverage=1.0;extra_copy_number=0;gbkey=Gene;gene=LOC101587722;gene_biotype=protein_coding;sequence_ID=0.999;valid_ORFs=1
chr16	Liftoff	gene	47931366	47940941	.	+	.	ID=gene-Krt73;Dbxref=GeneID:101586546;Name=Krt73;origin=rename;copy_num_ID=gene-LOC101586546_0;coverage=1.0;extra_copy_number=0;gbkey=Gene;gene=LOC101586546;gene_biotype=protein_coding;sequence_ID=0.996;valid_ORFs=1
chr16	Liftoff	gene	47961873	47975024	.	+	.	ID=gene-Krt72;Dbxref=GeneID:101586152;Name=Krt72;origin=rename;copy_num_ID=gene-LOC101586152_0;coverage=1.0;extra_copy_number=0;gbkey=Gene;gene=LOC101586152;gene_biotype=protein_coding;sequence_ID=0.997;valid_ORFs=3
chr16	Liftoff	gene	48007490	48015281	.	+	.	ID=gene-Krt71;Dbxref=GeneID:101585754;Name=Krt71;origin=rename;copy_num_ID=gene-LOC101585754_0;coverage=1.0;extra_copy_number=0;gbkey=Gene;gene=LOC101585754;gene_biotype=protein_coding;sequence_ID=0.998;valid_ORFs=1
chr16	Liftoff	gene	48104022	48108655	.	+	.	ID=gene-Krt6a-l1;Dbxref=GeneID:101586012;Name=Krt6a-l1;origin=rename;copy_num_ID=gene-LOC101586012_0;coverage=1.0;extra_copy_number=0;gbkey=Gene;gene=LOC101586012;gene_biotype=protein_coding;sequence_ID=0.996;valid_ORFs=1
chr16	Liftoff	gene	48160789	48167129	.	+	.	ID=gene-Krt6b;Dbxref=GeneID:101584053;Name=Krt6b;origin=rename;copy_num_ID=gene-LOC101584053_0;coverage=1.0;extra_copy_number=0;gbkey=Gene;gene=LOC101584053;gene_biotype=protein_coding;sequence_ID=1.0;valid_ORFs=1
chr16	Liftoff	gene	48176530	48187726	.	+	.	ID=gene-Krt75;Dbxref=GeneID:101583682;Name=Krt75;origin=rename;copy_num_ID=gene-LOC101583682_0;coverage=1.0;extra_copy_number=0;gbkey=Gene;gene=LOC101583682;gene_biotype=protein_coding;sequence_ID=1.0;valid_ORFs=1
chr16	Liftoff	gene	48260084	48270209	.	-	.	ID=gene-Krt85;Dbxref=GeneID:101584825;Name=Krt85;origin=rename;copy_num_ID=gene-LOC101584825_0;coverage=1.0;extra_copy_number=0;gbkey=Gene;gene=LOC101584825;gene_biotype=protein_coding;sequence_ID=1.0;valid_ORFs=1
chr16	Liftoff	gene	48315653	48322457	.	-	.	ID=gene-Krt86;Dbxref=GeneID:101581831;Name=Krt86;origin=rename;copy_num_ID=gene-LOC101581831_0;coverage=1.0;extra_copy_number=0;gbkey=Gene;gene=LOC101581831;gene_biotype=protein_coding;sequence_ID=0.995;valid_ORFs=1
chr16	Liftoff	gene	48365726	48380434	.	-	.	ID=gene-Krt7;Dbxref=GeneID:101584054;Name=Krt7;origin=rename;copy_num_ID=gene-LOC101584054_0;coverage=1.0;extra_copy_number=0;gbkey=Gene;gene=LOC101584054;gene_biotype=protein_coding;sequence_ID=0.999;valid_ORFs=1
chr16	Liftoff	gene	49717825	49718704	.	+	.	ID=gene-Fabp6-l1;Dbxref=GeneID:101568302;Name=Fabp6-l1;origin=rename;copy_num_ID=gene-LOC101568302_0;coverage=1.0;extra_copy_number=0;gbkey=Gene;gene=LOC101568302;gene_biotype=protein_coding;sequence_ID=0.995;valid_ORFs=1
chr16	Liftoff	gene	50361727	50362801	.	+	.	ID=gene-Mrpl15-l1;Dbxref=GeneID:101564621;Name=Mrpl15-l1;origin=rename;copy_num_ID=gene-LOC101564621_0;coverage=1.0;extra_copy_number=0;gbkey=Gene;gene=LOC101564621;gene_biotype=protein_coding;sequence_ID=0.995;valid_ORFs=1
chr16	AUGUSTUS	gene	51745245	51796421	.	-	.	ID=gene-Cp;Name=Cp;origin=replace
chr16	Liftoff	gene	52490700	52491821	.	+	.	ID=gene-Gnas-l1;Dbxref=GeneID:101564622;Name=Gnas-l1;origin=rename;copy_num_ID=gene-LOC101564622_0;coverage=1.0;extra_copy_number=0;gbkey=Gene;gene=LOC101564622;gene_biotype=protein_coding;sequence_ID=0.999;valid_ORFs=1
chr16	Liftoff	gene	52536056	52537195	.	-	.	ID=gene-Gnas-l2;Dbxref=GeneID:101564220;Name=Gnas-l2;origin=rename;copy_num_ID=gene-LOC101564220_0;coverage=1.0;extra_copy_number=0;gbkey=Gene;gene=LOC101564220;gene_biotype=protein_coding;sequence_ID=0.994;valid_ORFs=1
chr16	Liftoff	gene	52695299	52696444	.	-	.	ID=gene-Gnas-l3;Dbxref=GeneID:101564147;Name=Gnas-l3;origin=rename;copy_num_ID=gene-LOC101564147_0;coverage=1.0;extra_copy_number=0;gbkey=Gene;gene=LOC101564147;gene_biotype=protein_coding;sequence_ID=0.995;valid_ORFs=1
chr16	Liftoff	gene	52816005	52843906	.	-	.	ID=gene-Gnas-l4;Dbxref=GeneID:101565321;Name=Gnas-l4;origin=rename;copy_num_ID=gene-LOC101565321_0;coverage=1.0;extra_copy_number=0;gbkey=Gene;gene=LOC101565321;gene_biotype=protein_coding;sequence_ID=0.998;valid_ORFs=1
chr16	Liftoff	gene	52961665	52963438	.	-	.	ID=gene-Gnas-l5;Dbxref=GeneID:101567311;Name=Gnas-l5;origin=rename;copy_num_ID=gene-LOC101567311_0;coverage=1.0;extra_copy_number=0;gbkey=Gene;gene=LOC101567311;gene_biotype=protein_coding;sequence_ID=0.996;valid_ORFs=1
chr16	Liftoff	gene	53181481	53182776	.	+	.	ID=gene-H2az1-l1;Dbxref=GeneID:101583074;Name=H2az1-l1;origin=rename;copy_num_ID=gene-LOC101583074_0;coverage=1.0;extra_copy_number=0;gbkey=Gene;gene=LOC101583074;gene_biotype=protein_coding;sequence_ID=0.994;valid_ORFs=3
chr16	Liftoff	gene	53904107	53909514	.	+	.	ID=gene-Selenot;Dbxref=GeneID:101577859;Name=Selenot;origin=rename;copy_num_ID=gene-LOC101577859_0;coverage=1.0;extra_copy_number=0;gbkey=Gene;gene=LOC101577859;gene_biotype=protein_coding;partial=true;sequence_ID=1.0;start_range=.,1787;valid_ORFs=0
chr16	Liftoff	gene	55051470	55072413	.	+	.	ID=gene-Aadac;Dbxref=GeneID:101590032;Name=Aadac;origin=rename;copy_num_ID=gene-LOC101590032_0;coverage=1.0;extra_copy_number=0;gbkey=Gene;gene=LOC101590032;gene_biotype=protein_coding;sequence_ID=0.995;valid_ORFs=2
chr16	Liftoff	gene	55116436	55134952	.	-	.	ID=gene-Aadac-l1;Dbxref=GeneID:101590813;Name=Aadac-l1;origin=rename;copy_num_ID=gene-LOC101590813_0;coverage=1.0;extra_copy_number=0;gbkey=Gene;gene=LOC101590813;gene_biotype=protein_coding;sequence_ID=0.995;valid_ORFs=1
chr16	Liftoff	gene	55211359	55224941	.	+	.	ID=gene-Aadac-l2;Dbxref=GeneID:101591214;Name=Aadac-l2;origin=rename;copy_num_ID=gene-LOC101591214_0;coverage=1.0;extra_copy_number=0;gbkey=Gene;gene=LOC101591214;gene_biotype=protein_coding;sequence_ID=0.999;valid_ORFs=2
chr16	Liftoff	gene	55288931	55301871	.	+	.	ID=gene-Aadac-l3;Dbxref=GeneID:101591615;Name=Aadac-l3;origin=rename;copy_num_ID=gene-LOC101591615_0;coverage=1.0;extra_copy_number=0;gbkey=Gene;gene=LOC101591615;gene_biotype=protein_coding;sequence_ID=0.999;valid_ORFs=1
chr16	Liftoff	gene	57014556	57014855	.	-	.	ID=gene-Snrpd2-l2;Dbxref=GeneID:101561353;Name=Snrpd2-l2;origin=rename;copy_num_ID=gene-LOC101561353_0;coverage=1.0;extra_copy_number=0;gbkey=Gene;gene=LOC101561353;gene_biotype=protein_coding;sequence_ID=0.996;valid_ORFs=1
chr16	gmst	gene	69443850	69897123	.	+	.	ID=gene-Rsrc1;Name=Rsrc1;origin=replace
chr16	Liftoff	gene	72116362	72119041	.	-	.	ID=gene-Gpx7-l1;Dbxref=GeneID:101579488;Name=Gpx7-l1;origin=rename;copy_num_ID=gene-LOC101579488_0;coverage=1.0;extra_copy_number=0;gbkey=Gene;gene=LOC101579488;gene_biotype=protein_coding;sequence_ID=0.995;valid_ORFs=1
chr16	Liftoff	gene	82542280	82599764	.	-	.	ID=gene-Fkbp1a-l1;Dbxref=GeneID:101584940;Name=Fkbp1a-l1;origin=rename;copy_num_ID=gene-LOC101584940_0;coverage=1.0;extra_copy_number=0;gbkey=Gene;gene=LOC101584940;gene_biotype=protein_coding;sequence_ID=0.993;valid_ORFs=1
chr16	Liftoff	gene	93954719	93957076	.	+	.	ID=gene-Snap23-l1;Dbxref=GeneID:101591878;Name=Snap23-l1;origin=rename;copy_num_ID=gene-LOC101591878_0;coverage=1.0;extra_copy_number=0;gbkey=Gene;gene=LOC101591878;gene_biotype=protein_coding;sequence_ID=0.996;valid_ORFs=2
chr16	Liftoff	gene	96044811	96046601	.	+	.	ID=gene-Atp1b3-l1;Dbxref=GeneID:101586747;Name=Atp1b3-l1;origin=rename;copy_num_ID=gene-LOC101586747_0;coverage=0.988;extra_copy_number=0;gbkey=Gene;gene=LOC101586747;gene_biotype=protein_coding;sequence_ID=0.985;valid_ORFs=0
chr16	Liftoff	gene	105517463	105520162	.	-	.	ID=gene-Rtp1;Dbxref=GeneID:101571524;Name=Rtp1;origin=rename;copy_num_ID=gene-LOC101571524_0;coverage=1.0;extra_copy_number=0;gbkey=Gene;gene=LOC101571524;gene_biotype=protein_coding;sequence_ID=0.998;valid_ORFs=1
chr16	Liftoff	gene	107225409	107226220	.	+	.	ID=gene-Srp19-l1;Dbxref=GeneID:101569867;Name=Srp19-l1;origin=rename;copy_num_ID=gene-LOC101569867_0;coverage=1.0;extra_copy_number=0;gbkey=Gene;gene=LOC101569867;gene_biotype=protein_coding;sequence_ID=0.997;valid_ORFs=1
chr17	Liftoff	gene	6239072	6239982	.	-	.	ID=gene-Casp3-l1;Dbxref=GeneID:101569705;Name=Casp3-l1;origin=rename;copy_num_ID=gene-LOC101569705_0;coverage=1.0;extra_copy_number=0;gbkey=Gene;gene=LOC101569705;gene_biotype=protein_coding;sequence_ID=0.998;valid_ORFs=1
chr17	Liftoff	gene	9001582	9011541	.	+	.	ID=gene-Rida-l2;Dbxref=GeneID:101574465;Name=Rida-l2;origin=rename;copy_num_ID=gene-LOC101574465_0;coverage=1.0;extra_copy_number=0;gbkey=Gene;gene=LOC101574465;gene_biotype=protein_coding;sequence_ID=1.0;valid_ORFs=1
chr17	Liftoff	gene	10454729	10456033	.	-	.	ID=gene-Pycr1-l1;Dbxref=GeneID:101580837;Name=Pycr1-l1;origin=rename;copy_num_ID=gene-LOC101580837_0;coverage=1.0;extra_copy_number=0;gbkey=Gene;gene=LOC101580837;gene_biotype=protein_coding;sequence_ID=1.0;valid_ORFs=2
chr17	AUGUSTUS	gene	10507168	10568769	.	+	.	ID=gene-Smad6;Name=Smad6;origin=replace
chr17	Liftoff	gene	15023763	15027426	.	-	.	ID=gene-Celf3-l1;Dbxref=GeneID:101564678;Name=Celf3-l1;origin=rename;copy_num_ID=gene-LOC101564678_0;coverage=1.0;extra_copy_number=0;gbkey=Gene;gene=LOC101564678;gene_biotype=protein_coding;sequence_ID=1.0;valid_ORFs=1
chr17	Liftoff	gene	15984600	15986547	.	-	.	ID=gene-Rpl29;Dbxref=GeneID:111816060;Name=Rpl29;origin=rename;copy_num_ID=gene-LOC111816060_0;coverage=1.0;extra_copy_number=0;gbkey=Gene;gene=LOC111816060;gene_biotype=protein_coding;sequence_ID=1.0;valid_ORFs=1
chr17	Liftoff	gene	16554006	16565018	.	-	.	ID=gene-Cyp11a1;Dbxref=GeneID:101589633;Name=Cyp11a1;origin=rename;copy_num_ID=gene-LOC101589633_0;coverage=1.0;extra_copy_number=0;gbkey=Gene;gene=LOC101589633;gene_biotype=protein_coding;sequence_ID=0.998;valid_ORFs=2
chr17	Liftoff	gene	16883336	16898394	.	-	.	ID=gene-Cyp1a1;Dbxref=GeneID:101585548;Name=Cyp1a1;origin=rename;copy_num_ID=gene-LOC101585548_0;coverage=1.0;extra_copy_number=0;gbkey=Gene;gene=LOC101585548;gene_biotype=protein_coding;sequence_ID=0.998;valid_ORFs=6
chr17	Liftoff	gene	16903014	16909245	.	+	.	ID=gene-Cyp1a2;Dbxref=GeneID:101585942;Name=Cyp1a2;origin=rename;copy_num_ID=gene-LOC101585942_0;coverage=1.0;extra_copy_number=0;gbkey=Gene;gene=LOC101585942;gene_biotype=protein_coding;sequence_ID=1.0;valid_ORFs=1
chr17	Liftoff	gene	17034253	17048173	.	-	.	ID=gene-Cox5a;Dbxref=GeneID:101581379;Name=Cox5a;origin=rename;copy_num_ID=gene-LOC101581379_0;coverage=1.0;extra_copy_number=0;gbkey=Gene;gene=LOC101581379;gene_biotype=protein_coding;sequence_ID=1.0;valid_ORFs=1
chr17	Liftoff	gene	21231759	21233991	.	-	.	ID=gene-Ddx4-l1;Dbxref=GeneID:101582052;Name=Ddx4-l1;origin=rename;copy_num_ID=gene-LOC101582052_0;coverage=0.994;extra_copy_number=0;gbkey=Gene;gene=LOC101582052;gene_biotype=protein_coding;sequence_ID=0.985;valid_ORFs=2
chr17	gmst	gene	23502493	23509198	.	-	.	ID=gene-Znf709;Name=Znf709;origin=replace
chr17	Liftoff	gene	23574540	23584627	.	-	.	ID=gene-Znf878;Dbxref=GeneID:101565350;Name=Znf878;origin=rename;copy_num_ID=gene-LOC101565350_0;coverage=1.0;extra_copy_number=0;gbkey=Gene;gene=LOC101565350;gene_biotype=protein_coding;sequence_ID=0.997;valid_ORFs=1
chr17	Liftoff	gene	23901420	23962026	.	+	.	ID=gene-Znf709-l3;Dbxref=GeneID:101568944;Name=Znf709-l3;origin=rename;copy_num_ID=gene-LOC101568944_0;coverage=0.999;extra_copy_number=0;gbkey=Gene;gene=LOC101568944;gene_biotype=protein_coding;sequence_ID=0.998;valid_ORFs=3
chr17	Liftoff	gene	24256422	24258791	.	-	.	ID=gene-Vash2-l1;Dbxref=GeneID:101586098;Name=Vash2-l1;origin=rename;copy_num_ID=gene-LOC101586098_0;coverage=1.0;extra_copy_number=0;gbkey=Gene;gene=LOC101586098;gene_biotype=protein_coding;sequence_ID=0.994;valid_ORFs=2
chr17	Liftoff	gene	25115156	25148363	.	-	.	ID=gene-Znf709-l4;Dbxref=GeneID:101588341;Name=Znf709-l4;origin=rename;copy_num_ID=gene-LOC101588341_0;coverage=1.0;extra_copy_number=0;gbkey=Gene;gene=LOC101588341;gene_biotype=protein_coding;sequence_ID=0.991;valid_ORFs=1
chr17	Liftoff	gene	28633177	28634141	.	-	.	ID=gene-Rrs1-l1;Dbxref=GeneID:101587922;Name=Rrs1-l1;origin=rename;copy_num_ID=gene-LOC101587922_0;coverage=1.0;extra_copy_number=0;gbkey=Gene;gene=LOC101587922;gene_biotype=protein_coding;sequence_ID=0.994;valid_ORFs=1
chr17	Liftoff	gene	32682455	32683565	.	+	.	ID=gene-Rrm2-l1;Dbxref=GeneID:101579052;Name=Rrm2-l1;origin=rename;copy_num_ID=gene-LOC101579052_0;coverage=1.0;extra_copy_number=0;gbkey=Gene;gene=LOC101579052;gene_biotype=protein_coding;partial=true;sequence_ID=1.0;start_range=.,6;valid_ORFs=0
chr17	Liftoff	gene	36964252	36965250	.	-	.	ID=gene-Taf9;Dbxref=GeneID:101565570;Name=Taf9;origin=rename;copy_num_ID=gene-LOC101565570_0;coverage=1.0;end_range=5622829,.;extra_copy_number=0;gbkey=Gene;gene=LOC101565570;gene_biotype=protein_coding;partial=true;sequence_ID=0.992;valid_ORFs=0
chr17	Liftoff	gene	37715899	37717334	.	-	.	ID=gene-Anp32b-l1;Dbxref=GeneID:101588954;Name=Anp32b-l1;origin=rename;copy_num_ID=gene-LOC101588954_0;coverage=0.993;extra_copy_number=0;gbkey=Gene;gene=LOC101588954;gene_biotype=protein_coding;sequence_ID=0.993;valid_ORFs=1
chr17	Liftoff	gene	47329098	47330250	.	+	.	ID=gene-Mad2l2-l1;Dbxref=GeneID:101566108;Name=Mad2l2-l1;origin=rename;copy_num_ID=gene-LOC101566108_0;coverage=1.0;extra_copy_number=0;gbkey=Gene;gene=LOC101566108;gene_biotype=protein_coding;sequence_ID=0.993;valid_ORFs=1
chr17	Liftoff	gene	57613853	57616483	.	+	.	ID=gene-Spmip1;Dbxref=GeneID:105743738;Name=Spmip1;origin=rename;copy_num_ID=gene-LOC105743738_0;coverage=1.0;extra_copy_number=0;gbkey=Gene;gene=LOC105743738;gene_biotype=protein_coding;sequence_ID=0.998;valid_ORFs=2
chr17	Liftoff	gene	57838780	57840805	.	+	.	ID=gene-Myl12b-l1;Dbxref=GeneID:101565969;Name=Myl12b-l1;origin=rename;copy_num_ID=gene-LOC101565969_0;coverage=1.0;extra_copy_number=0;gbkey=Gene;gene=LOC101565969;gene_biotype=protein_coding;sequence_ID=1.0;valid_ORFs=1
chr17	Liftoff	gene	58875333	58876859	.	+	.	ID=gene-Bdp1-l1;Dbxref=GeneID:101584489;Name=Bdp1-l1;origin=rename;copy_num_ID=gene-LOC101584489_0;coverage=0.994;extra_copy_number=0;gbkey=Gene;gene=LOC101584489;gene_biotype=protein_coding;sequence_ID=0.991;valid_ORFs=1
chr17	Liftoff	gene	58968633	58969975	.	-	.	ID=gene-Fam32a-l1;Dbxref=GeneID:101571946;Name=Fam32a-l1;origin=rename;copy_num_ID=gene-LOC101571946_0;coverage=1.0;extra_copy_number=0;gbkey=Gene;gene=LOC101571946;gene_biotype=protein_coding;sequence_ID=0.998;valid_ORFs=1
chr17	Liftoff	gene	60623982	60625529	.	-	.	ID=gene-Rpa2-l1;Dbxref=GeneID:101572607;Name=Rpa2-l1;origin=rename;copy_num_ID=gene-LOC101572607_0;coverage=0.997;extra_copy_number=0;gbkey=Gene;gene=LOC101572607;gene_biotype=protein_coding;sequence_ID=0.996;valid_ORFs=0
chr17	Liftoff	gene	63454971	63471293	.	-	.	ID=gene-Akr1b1;Dbxref=GeneID:101568497;Name=Akr1b1;origin=rename;copy_num_ID=gene-LOC101568497_0;coverage=1.0;extra_copy_number=0;gbkey=Gene;gene=LOC101568497;gene_biotype=protein_coding;sequence_ID=0.695;valid_ORFs=0
chr17	Liftoff	gene	63574958	63596519	.	+	.	ID=gene-Cenpq;Dbxref=GeneID:101571683;Name=Cenpq;origin=rename;copy_num_ID=gene-LOC101571683_0;coverage=1.0;extra_copy_number=0;gbkey=Gene;gene=LOC101571683;gene_biotype=protein_coding;sequence_ID=0.998;valid_ORFs=4
chr17	Liftoff	gene	63603744	63616219	.	+	.	ID=gene-Glyatl3-l1;Dbxref=GeneID:101571289;Name=Glyatl3-l1;origin=rename;copy_num_ID=gene-LOC101571289_0;coverage=1.0;extra_copy_number=0;gbkey=Gene;gene=LOC101571289;gene_biotype=protein_coding;sequence_ID=0.991;valid_ORFs=1
chr17	Liftoff	gene	72384148	72386188	.	+	.	ID=gene-Nanp-l1;Dbxref=GeneID:101591588;Name=Nanp-l1;origin=rename;copy_num_ID=gene-LOC101591588_0;coverage=1.0;extra_copy_number=0;gbkey=Gene;gene=LOC101591588;gene_biotype=protein_coding;sequence_ID=0.998;valid_ORFs=1
chr17	Liftoff	gene	73326276	73328392	.	-	.	ID=gene-Rnf7-l1;Dbxref=GeneID:111815349;Name=Rnf7-l1;origin=rename;copy_num_ID=gene-LOC111815349_0;coverage=0.585;extra_copy_number=0;gbkey=Gene;gene=LOC111815349;gene_biotype=protein_coding;sequence_ID=0.585;valid_ORFs=0
chr17	Liftoff	gene	83466916	83469204	.	+	.	ID=gene-Srpk1-l1;Dbxref=GeneID:101581215;Name=Srpk1-l1;origin=rename;copy_num_ID=gene-LOC101581215_0;coverage=1.0;extra_copy_number=0;gbkey=Gene;gene=LOC101581215;gene_biotype=protein_coding;sequence_ID=0.995;valid_ORFs=1
chr17	Liftoff	gene	84622235	84706704	.	+	.	ID=gene-Immp2l;Dbxref=GeneID:105741510;Name=Immp2l;origin=rename;copy_num_ID=gene-LOC105741510_0;coverage=1.0;extra_copy_number=0;gbkey=Gene;gene=LOC105741510;gene_biotype=protein_coding;sequence_ID=0.996;valid_ORFs=1
chr17	Liftoff	gene	89347231	89347827	.	-	.	ID=gene-Rps14-l1;Dbxref=GeneID:101579615;Name=Rps14-l1;origin=rename;copy_num_ID=gene-LOC101579615_0;coverage=1.0;extra_copy_number=0;gbkey=Gene;gene=LOC101579615;gene_biotype=protein_coding;sequence_ID=0.997;valid_ORFs=1
chr17	Liftoff	gene	90603322	90661455	.	-	.	ID=gene-Tigd1;Dbxref=GeneID:111817737;Name=Tigd1;origin=rename;copy_num_ID=gene-LOC111817737_0;coverage=1.0;extra_copy_number=0;gbkey=Gene;gene=LOC111817737;gene_biotype=protein_coding;sequence_ID=0.997;valid_ORFs=2
chr17	Liftoff	gene	91329088	91329404	.	+	.	ID=gene-Sem1-l1;Dbxref=GeneID:101566048;Name=Sem1-l1;origin=rename;copy_num_ID=gene-LOC101566048_0;coverage=1.0;extra_copy_number=0;gbkey=Gene;gene=LOC101566048;gene_biotype=protein_coding;sequence_ID=0.994;valid_ORFs=1
chr17	Liftoff	gene	102911344	102944880	.	-	.	ID=gene-Znf709-l5;Dbxref=GeneID:105740904;Name=Znf709-l5;origin=rename;copy_num_ID=gene-LOC105740904_0;coverage=1.0;extra_copy_number=0;gbkey=Gene;gene=LOC105740904;gene_biotype=protein_coding;sequence_ID=0.998;valid_ORFs=3
chr18	Liftoff	gene	3481979	3482719	.	+	.	ID=gene-Dnah17;Dbxref=GeneID:111814997;Name=Dnah17;origin=rename;copy_num_ID=gene-LOC111814997_0;coverage=1.0;end_range=944,.;extra_copy_number=0;gbkey=Gene;gene=LOC111814997;gene_biotype=protein_coding;partial=true;sequence_ID=1.0;start_range=.,204;valid_ORFs=0
chr18	Liftoff	gene	6218071	6218400	.	-	.	ID=gene-Atp5mpl-l1;Dbxref=GeneID:111817040;Name=Atp5mpl-l1;origin=rename;copy_num_ID=gene-LOC111817040_0;coverage=1.0;extra_copy_number=0;gbkey=Gene;gene=LOC111817040;gene_biotype=protein_coding;sequence_ID=0.982;valid_ORFs=1
chr18	Liftoff	gene	6777111	6787449	.	-	.	ID=gene-Cyb561;Dbxref=GeneID:101583759;Name=Cyb561;origin=rename;copy_num_ID=gene-LOC101583759_0;coverage=1.0;extra_copy_number=0;gbkey=Gene;gene=LOC101583759;gene_biotype=protein_coding;sequence_ID=0.998;valid_ORFs=5
chr18	Liftoff	gene	6835282	6851274	.	+	.	ID=gene-Ace;Dbxref=GeneID:101587792;Name=Ace;origin=rename;copy_num_ID=gene-LOC101587792_0;coverage=1.0;extra_copy_number=0;gbkey=Gene;gene=LOC101587792;gene_biotype=protein_coding;sequence_ID=0.999;valid_ORFs=2
chr18	Liftoff	gene	6864826	6876169	.	+	.	ID=gene-Ace3;Dbxref=GeneID:101584520;Name=Ace3;origin=rename;copy_num_ID=gene-LOC101584520_0;coverage=1.0;extra_copy_number=0;gbkey=Gene;gene=LOC101584520;gene_biotype=protein_coding;sequence_ID=0.999;valid_ORFs=2
chr18	Liftoff	gene	6938109	6948886	.	+	.	ID=gene-Taco1;Dbxref=GeneID:101584908;Name=Taco1;origin=rename;copy_num_ID=gene-LOC101584908_0;coverage=0.999;extra_copy_number=0;gbkey=Gene;gene=LOC101584908;gene_biotype=protein_coding;sequence_ID=0.999;valid_ORFs=3
chr18	Liftoff	gene	7242596	7243946	.	-	.	ID=gene-Gh1;Dbxref=GeneID:101559916;Name=Gh1;origin=rename;copy_num_ID=gene-LOC101559916_0;coverage=1.0;extra_copy_number=0;gbkey=Gene;gene=LOC101559916;gene_biotype=protein_coding;sequence_ID=1.0;valid_ORFs=1
chr18	Liftoff	gene	8046144	8074570	.	-	.	ID=gene-Kpna2-l1;Dbxref=GeneID:101592018;Name=Kpna2-l1;origin=rename;copy_num_ID=gene-LOC101592018_0;coverage=1.0;extra_copy_number=0;gbkey=Gene;gene=LOC101592018;gene_biotype=protein_coding;sequence_ID=0.777;valid_ORFs=0
chr18	Liftoff	gene	11729434	11811307	.	+	.	ID=gene-Abca8a;Dbxref=GeneID:101562973;Name=Abca8a;origin=rename;copy_num_ID=gene-LOC101562973_0;coverage=1.0;extra_copy_number=0;gbkey=Gene;gene=LOC101562973;gene_biotype=protein_coding;sequence_ID=0.997;valid_ORFs=2
chr18	Liftoff	gene	16198771	16216918	.	+	.	ID=gene-Cog1;Dbxref=GeneID:101566134;Name=Cog1;origin=rename;copy_num_ID=gene-LOC101566134_0;coverage=0.998;extra_copy_number=0;gbkey=Gene;gene=LOC101566134;gene_biotype=protein_coding;sequence_ID=0.994;valid_ORFs=1
chr18	Liftoff	gene	16222783	16301782	.	-	.	ID=gene-Lrrc37a2;Dbxref=GeneID:101566531;Name=Lrrc37a2;origin=rename;copy_num_ID=gene-LOC101566531_0;coverage=1.0;extra_copy_number=0;gbkey=Gene;gene=LOC101566531;gene_biotype=protein_coding;sequence_ID=0.993;valid_ORFs=1
chr18	Liftoff	gene	17760200	17761352	.	-	.	ID=gene-Cirbp-l1;Dbxref=GeneID:101577821;Name=Cirbp-l1;origin=rename;copy_num_ID=gene-LOC101577821_0;coverage=1.0;extra_copy_number=0;gbkey=Gene;gene=LOC101577821;gene_biotype=protein_coding;sequence_ID=0.998;valid_ORFs=1
chr18	Liftoff	gene	17768654	17772620	.	+	.	ID=gene-Cd300c;Dbxref=GeneID:101572121;Name=Cd300c;origin=rename;copy_num_ID=gene-LOC101572121_0;coverage=1.0;extra_copy_number=0;gbkey=Gene;gene=LOC101572121;gene_biotype=protein_coding;sequence_ID=1.0;valid_ORFs=3
chr18	Liftoff	gene	18354899	18355259	.	+	.	ID=gene-Rpl37a-l4;Dbxref=GeneID:101586210;Name=Rpl37a-l4;origin=rename;copy_num_ID=gene-LOC101586210_0;coverage=1.0;extra_copy_number=0;gbkey=Gene;gene=LOC101586210;gene_biotype=protein_coding;sequence_ID=0.996;valid_ORFs=1
chr18	Liftoff	gene	18816326	18830816	.	+	.	ID=gene-Tmsb10-l2;Dbxref=GeneID:101591494;Name=Tmsb10-l2;origin=rename;copy_num_ID=gene-LOC101591494_0;coverage=1.0;extra_copy_number=0;gbkey=Gene;gene=LOC101591494;gene_biotype=protein_coding;sequence_ID=0.993;valid_ORFs=1
chr18	Liftoff	gene	18994690	18999137	.	-	.	ID=gene-Fbf1-l1;Dbxref=GeneID:101579667;Name=Fbf1-l1;origin=rename;copy_num_ID=gene-LOC101579667_0;coverage=1.0;extra_copy_number=0;gbkey=Gene;gene=LOC101579667;gene_biotype=protein_coding;sequence_ID=0.990;valid_ORFs=1
chr18	Liftoff	gene	21291289	21310615	.	+	.	ID=gene-Skp1-l2;Dbxref=GeneID:101587935;Name=Skp1-l2;origin=rename;copy_num_ID=gene-LOC101587935_0;coverage=1.0;extra_copy_number=0;gbkey=Gene;gene=LOC101587935;gene_biotype=protein_coding;sequence_ID=0.998;valid_ORFs=1
chr18	AUGUSTUS	gene	21449251	21463130	.	-	.	ID=gene-Tmc6;Name=Tmc6;origin=replace
chr18	Liftoff	gene	27614815	27616634	.	-	.	ID=gene-Dcxr;Dbxref=GeneID:101559981;Name=Dcxr;origin=rename;copy_num_ID=gene-LOC101559981_0;coverage=1.0;extra_copy_number=0;gbkey=Gene;gene=LOC101559981;gene_biotype=protein_coding;sequence_ID=0.998;valid_ORFs=1
chr18	Liftoff	gene	27902449	27930244	.	+	.	ID=gene-Sectm1;Dbxref=GeneID:111812088;Name=Sectm1;origin=rename;copy_num_ID=gene-LOC111812088_0;coverage=1.0;extra_copy_number=0;gbkey=Gene;gene=LOC111812088;gene_biotype=protein_coding;sequence_ID=0.990;valid_ORFs=1
chr18	Liftoff	gene	27934258	27940836	.	-	.	ID=gene-Sectm1-l1;Dbxref=GeneID:111812082;Name=Sectm1-l1;origin=rename;copy_num_ID=gene-LOC111812082_0;coverage=1.0;extra_copy_number=0;gbkey=Gene;gene=LOC111812082;gene_biotype=protein_coding;sequence_ID=0.996;valid_ORFs=1
chr18	Liftoff	gene	28358025	28367735	.	+	.	ID=gene-Fn3k;Dbxref=GeneID:101560375;Name=Fn3k;origin=rename;copy_num_ID=gene-LOC101560375_0;coverage=1.0;extra_copy_number=0;gbkey=Gene;gene=LOC101560375;gene_biotype=protein_coding;sequence_ID=0.998;valid_ORFs=1
chr18	Liftoff	gene	28581946	28582535	.	-	.	ID=gene-Ccdc115-l1;Dbxref=GeneID:101584454;Name=Ccdc115-l1;origin=rename;copy_num_ID=gene-LOC101584454_0;coverage=1.0;extra_copy_number=0;gbkey=Gene;gene=LOC101584454;gene_biotype=protein_coding;sequence_ID=0.994;valid_ORFs=1
chr18	Liftoff	gene	28885057	28923319	.	+	.	ID=gene-Wtap;Dbxref=GeneID:101592210;Name=Wtap;origin=rename;copy_num_ID=gene-LOC101592210_0;coverage=0.998;extra_copy_number=0;gbkey=Gene;gene=LOC101592210;gene_biotype=protein_coding;sequence_ID=0.993;valid_ORFs=1
chr18	Liftoff	gene	29089531	29090201	.	-	.	ID=gene-Lamtor5-l1;Dbxref=GeneID:105743281;Name=Lamtor5-l1;origin=rename;copy_num_ID=gene-LOC105743281_0;coverage=1.0;extra_copy_number=0;gbkey=Gene;gene=LOC105743281;gene_biotype=protein_coding;sequence_ID=0.997;valid_ORFs=1
chr18	Liftoff	gene	43710688	43711107	.	+	.	ID=gene-Trappc2l-l1;Dbxref=GeneID:101588339;Name=Trappc2l-l1;origin=rename;copy_num_ID=gene-LOC101588339_0;coverage=1.0;extra_copy_number=0;gbkey=Gene;gene=LOC101588339;gene_biotype=protein_coding;sequence_ID=1.0;valid_ORFs=1
chr18	Liftoff	gene	45727373	45749061	.	-	.	ID=gene-Fbxo5;Dbxref=GeneID:101581852;Name=Fbxo5;origin=rename;copy_num_ID=gene-LOC101581852_0;coverage=1.0;extra_copy_number=0;gbkey=Gene;gene=LOC101581852;gene_biotype=protein_coding;sequence_ID=0.996;valid_ORFs=1
chr18	AUGUSTUS	gene	54675004	54865926	.	-	.	ID=gene-Ahi1;Name=Ahi1;origin=replace
chr18	Liftoff	gene	54728065	54730653	.	+	.	ID=gene-Arhgdia-l1;Dbxref=GeneID:101581104;Name=Arhgdia-l1;origin=rename;copy_num_ID=gene-LOC101581104_0;coverage=1.0;extra_copy_number=0;gbkey=Gene;gene=LOC101581104;gene_biotype=protein_coding;sequence_ID=0.998;valid_ORFs=1
chr18	Liftoff	gene	54971561	54972646	.	-	.	ID=gene-Tomm22-l1;Dbxref=GeneID:101582146;Name=Tomm22-l1;origin=rename;copy_num_ID=gene-LOC101582146_0;coverage=1.0;extra_copy_number=0;gbkey=Gene;gene=LOC101582146;gene_biotype=protein_coding;sequence_ID=0.997;valid_ORFs=1
chr18	Liftoff	gene	55217750	55219648	.	+	.	ID=gene-Lap3-l1;Dbxref=GeneID:105742408;Name=Lap3-l1;origin=rename;copy_num_ID=gene-LOC105742408_0;coverage=0.970;extra_copy_number=0;gbkey=Gene;gene=LOC105742408;gene_biotype=protein_coding;sequence_ID=0.967;valid_ORFs=0
chr18	Liftoff	gene	57631680	57635591	.	+	.	ID=gene-Smim28;Dbxref=GeneID:111815986;Name=Smim28;origin=rename;copy_num_ID=gene-LOC111815986_0;coverage=1.0;extra_copy_number=0;gbkey=Gene;gene=LOC111815986;gene_biotype=protein_coding;sequence_ID=0.991;valid_ORFs=1
chr18	Liftoff	gene	58362825	58369869	.	-	.	ID=gene-Pkm-l1;Dbxref=GeneID:111815987;Name=Pkm-l1;origin=rename;copy_num_ID=gene-LOC111815987_0;coverage=1.0;extra_copy_number=0;gbkey=Gene;gene=LOC111815987;gene_biotype=protein_coding;sequence_ID=0.984;valid_ORFs=1
chr18	Liftoff	gene	67518800	67519828	.	+	.	ID=gene-Taar3;Dbxref=GeneID:101586758;Name=Taar3;origin=rename;copy_num_ID=gene-LOC101586758_0;coverage=1.0;extra_copy_number=0;gbkey=Gene;gene=LOC101586758;gene_biotype=protein_coding;sequence_ID=0.997;valid_ORFs=1
chr18	Liftoff	gene	67539727	67540773	.	+	.	ID=gene-Taar4;Dbxref=GeneID:101586352;Name=Taar4;origin=rename;copy_num_ID=gene-LOC101586352_0;coverage=1.0;extra_copy_number=0;gbkey=Gene;gene=LOC101586352;gene_biotype=protein_coding;sequence_ID=0.993;valid_ORFs=1
chr18	Liftoff	gene	67555624	67556667	.	+	.	ID=gene-Taar4-l1;Dbxref=GeneID:101585958;Name=Taar4-l1;origin=rename;copy_num_ID=gene-LOC101585958_0;coverage=1.0;extra_copy_number=0;gbkey=Gene;gene=LOC101585958;gene_biotype=protein_coding;sequence_ID=0.988;valid_ORFs=1
chr18	Liftoff	gene	67578929	67579960	.	-	.	ID=gene-Taar6;Dbxref=GeneID:101581776;Name=Taar6;origin=rename;copy_num_ID=gene-LOC101581776_0;coverage=1.0;extra_copy_number=0;gbkey=Gene;gene=LOC101581776;gene_biotype=protein_coding;sequence_ID=0.997;valid_ORFs=1
chr18	Liftoff	gene	67593794	67727804	.	-	.	ID=gene-Taar7a-l1;Dbxref=GeneID:101585165;Name=Taar7a-l1;origin=rename;copy_num_ID=gene-LOC101585165_0;coverage=1.0;extra_copy_number=0;gbkey=Gene;gene=LOC101585165;gene_biotype=protein_coding;sequence_ID=0.999;valid_ORFs=1
chr18	Liftoff	gene	67645671	67646729	.	+	.	ID=gene-Taar7a;Dbxref=GeneID:101584385;Name=Taar7a;origin=rename;copy_num_ID=gene-LOC101584385_0;coverage=1.0;extra_copy_number=0;gbkey=Gene;gene=LOC101584385;gene_biotype=protein_coding;sequence_ID=0.993;valid_ORFs=1
chr18	Liftoff	gene	67660054	67661085	.	+	.	ID=gene-Taar7a-l2;Dbxref=GeneID:101584004;Name=Taar7a-l2;origin=rename;copy_num_ID=gene-LOC101584004_0;coverage=1.0;extra_copy_number=0;gbkey=Gene;gene=LOC101584004;gene_biotype=protein_coding;sequence_ID=0.994;valid_ORFs=1
chr18	Liftoff	gene	67719821	67720651	.	+	.	ID=gene-Eef1e1-l1;Dbxref=GeneID:101581393;Name=Eef1e1-l1;origin=rename;copy_num_ID=gene-LOC101581393_0;coverage=1.0;extra_copy_number=0;gbkey=Gene;gene=LOC101581393;gene_biotype=protein_coding;sequence_ID=0.996;valid_ORFs=1
chr18	Liftoff	gene	67733091	67734122	.	-	.	ID=gene-Taar8a;Dbxref=GeneID:101580997;Name=Taar8a;origin=rename;copy_num_ID=gene-LOC101580997_0;coverage=1.0;extra_copy_number=0;gbkey=Gene;gene=LOC101580997;gene_biotype=protein_coding;sequence_ID=0.997;valid_ORFs=1
chr18	Liftoff	gene	67745878	67746933	.	+	.	ID=gene-Taar7a-l3;Dbxref=GeneID:101580598;Name=Taar7a-l3;origin=rename;copy_num_ID=gene-LOC101580598_0;coverage=1.0;extra_copy_number=0;gbkey=Gene;gene=LOC101580598;gene_biotype=protein_coding;sequence_ID=0.997;valid_ORFs=1
chr18	AUGUSTUS	gene	76771978	77155453	.	+	.	ID=gene-Trdn;Name=Trdn;origin=replace
chr19	AUGUSTUS	gene	8951995	9091576	.	+	.	ID=gene-Fhad1;Name=Fhad1;origin=replace
chr19	Liftoff	gene	9175940	9196372	.	+	.	ID=gene-Cela2a;Dbxref=GeneID:101581310;Name=Cela2a;origin=rename;copy_num_ID=gene-LOC101581310_0;coverage=1.0;extra_copy_number=0;gbkey=Gene;gene=LOC101581310;gene_biotype=protein_coding;sequence_ID=0.996;valid_ORFs=1
chr19	Liftoff	gene	9316567	9366444	.	+	.	ID=gene-Ddi2;Dbxref=GeneID:101583286;Name=Ddi2;origin=rename;copy_num_ID=gene-LOC101583286_0;coverage=1.0;extra_copy_number=0;gbkey=Gene;gene=LOC101583286;gene_biotype=protein_coding;sequence_ID=0.997;valid_ORFs=7
chr19	Liftoff	gene	9690818	9702524	.	+	.	ID=gene-Clcnka;Dbxref=GeneID:101579196;Name=Clcnka;origin=rename;copy_num_ID=gene-LOC101579196_0;coverage=1.0;extra_copy_number=0;gbkey=Gene;gene=LOC101579196;gene_biotype=protein_coding;sequence_ID=0.999;valid_ORFs=2
chr19	Liftoff	gene	11774196	11775935	.	+	.	ID=gene-Znf410-l1;Dbxref=GeneID:101574943;Name=Znf410-l1;origin=rename;copy_num_ID=gene-LOC101574943_0;coverage=1.0;extra_copy_number=0;gbkey=Gene;gene=LOC101574943;gene_biotype=protein_coding;sequence_ID=0.992;valid_ORFs=1
chr19	Liftoff	gene	12400008	12403130	.	+	.	ID=gene-Nbl1;Dbxref=GeneID:101565257;Name=Nbl1;origin=rename;copy_num_ID=gene-LOC101565257_0;coverage=1.0;extra_copy_number=0;gbkey=Gene;gene=LOC101565257;gene_biotype=protein_coding;sequence_ID=0.995;valid_ORFs=1
chr19	Liftoff	gene	14769376	14770559	.	+	.	ID=gene-Mrto4-l1;Dbxref=GeneID:101584436;Name=Mrto4-l1;origin=rename;copy_num_ID=gene-LOC101584436_0;coverage=1.0;extra_copy_number=0;gbkey=Gene;gene=LOC101584436;gene_biotype=protein_coding;sequence_ID=0.997;valid_ORFs=2
chr19	Liftoff	gene	14902723	14906024	.	-	.	ID=gene-Tfdp1-l1;Dbxref=GeneID:101566582;Name=Tfdp1-l1;origin=rename;copy_num_ID=gene-LOC101566582_0;coverage=1.0;extra_copy_number=0;gbkey=Gene;gene=LOC101566582;gene_biotype=protein_coding;sequence_ID=0.996;valid_ORFs=1
chr19	Liftoff	gene	15605467	15697415	.	-	.	ID=gene-Hnrnpr;Dbxref=GeneID:101565005;Name=Hnrnpr;origin=rename;copy_num_ID=gene-LOC101565005_0;coverage=0.976;extra_copy_number=0;gbkey=Gene;gene=LOC101565005;gene_biotype=protein_coding;sequence_ID=0.968;valid_ORFs=0
chr19	Liftoff	gene	16177585	16178076	.	+	.	ID=gene-Rpl36a;Dbxref=GeneID:101574024;Name=Rpl36a;origin=rename;copy_num_ID=gene-LOC101574024_0;coverage=1.0;extra_copy_number=0;gbkey=Gene;gene=LOC101574024;gene_biotype=protein_coding;sequence_ID=0.987;valid_ORFs=1
chr19	Liftoff	gene	18281274	18284174	.	-	.	ID=gene-C1orf232;Dbxref=GeneID:111813074;Name=C1orf232;origin=rename;copy_num_ID=gene-LOC111813074_0;coverage=0.999;extra_copy_number=0;gbkey=Gene;gene=LOC111813074;gene_biotype=protein_coding;sequence_ID=0.999;valid_ORFs=1
chr19	Liftoff	gene	18322272	18323810	.	+	.	ID=gene-Pspc1;Dbxref=GeneID:101583064;Name=Pspc1;origin=rename;copy_num_ID=gene-LOC101583064_0;coverage=1.0;extra_copy_number=0;gbkey=Gene;gene=LOC101583064;gene_biotype=protein_coding;sequence_ID=0.999;valid_ORFs=1
chr19	Liftoff	gene	18630387	18633613	.	-	.	ID=gene-Dynlt1-l1;Dbxref=GeneID:105743746;Name=Dynlt1-l1;origin=rename;copy_num_ID=gene-LOC105743746_0;coverage=1.0;extra_copy_number=0;gbkey=Gene;gene=LOC105743746;gene_biotype=protein_coding;sequence_ID=1.0;valid_ORFs=1
chr19	Liftoff	gene	20501542	20502241	.	+	.	ID=gene-Cdkn2aipnl-l1;Dbxref=GeneID:101570615;Name=Cdkn2aipnl-l1;origin=rename;copy_num_ID=gene-LOC101570615_0;coverage=1.0;extra_copy_number=0;gbkey=Gene;gene=LOC101570615;gene_biotype=protein_coding;sequence_ID=0.994;valid_ORFs=1
chr19	Liftoff	gene	21035946	21036837	.	+	.	ID=gene-Utp23-l1;Dbxref=GeneID:101576832;Name=Utp23-l1;origin=rename;copy_num_ID=gene-LOC101576832_0;coverage=1.0;extra_copy_number=0;gbkey=Gene;gene=LOC101576832;gene_biotype=protein_coding;sequence_ID=0.992;valid_ORFs=1
chr19	Liftoff	gene	25237418	25240293	.	+	.	ID=gene-Tlr12;Dbxref=GeneID:101566223;Name=Tlr12;origin=rename;copy_num_ID=gene-LOC101566223_0;coverage=1.0;extra_copy_number=0;gbkey=Gene;gene=LOC101566223;gene_biotype=protein_coding;sequence_ID=1.0;valid_ORFs=1
chr19	Liftoff	gene	27123506	27123761	.	+	.	ID=gene-Cebpzos-l1;Dbxref=GeneID:105743526;Name=Cebpzos-l1;origin=rename;copy_num_ID=gene-LOC105743526_0;coverage=1.0;extra_copy_number=0;gbkey=Gene;gene=LOC105743526;gene_biotype=protein_coding;sequence_ID=1.0;valid_ORFs=1
chr19	Liftoff	gene	27517091	27517450	.	+	.	ID=gene-Atp5f1e;Dbxref=GeneID:101583460;Name=Atp5f1e;origin=rename;copy_num_ID=gene-LOC101583460_0;coverage=1.0;extra_copy_number=0;gbkey=Gene;gene=LOC101583460;gene_biotype=protein_coding;sequence_ID=1.0;valid_ORFs=1
chr19	Liftoff	gene	27751693	27752522	.	-	.	ID=gene-Psmb3-l1;Dbxref=GeneID:101571396;Name=Psmb3-l1;origin=rename;copy_num_ID=gene-LOC101571396_0;coverage=1.0;extra_copy_number=0;gbkey=Gene;gene=LOC101571396;gene_biotype=protein_coding;sequence_ID=1.0;valid_ORFs=1
chr19	Liftoff	gene	27923641	27969797	.	+	.	ID=gene-Ago1;Dbxref=GeneID:101571277;Name=Ago1;origin=rename;copy_num_ID=gene-LOC101571277_0;coverage=0.999;extra_copy_number=0;gbkey=Gene;gene=LOC101571277;gene_biotype=protein_coding;sequence_ID=0.999;valid_ORFs=2
chr19	Liftoff	gene	28009798	28167263	.	+	.	ID=gene-Ago3;Dbxref=GeneID:101573127;Name=Ago3;origin=rename;copy_num_ID=gene-LOC101573127_0;coverage=0.999;extra_copy_number=0;gbkey=Gene;gene=LOC101573127;gene_biotype=protein_coding;sequence_ID=0.999;valid_ORFs=4
chr19	Liftoff	gene	31293326	31320968	.	+	.	ID=gene-Bmp8b-l1;Dbxref=GeneID:101581341;Name=Bmp8b-l1;origin=rename;copy_num_ID=gene-LOC101581341_0;coverage=1.0;extra_copy_number=0;gbkey=Gene;gene=LOC101581341;gene_biotype=protein_coding;sequence_ID=1.0;valid_ORFs=0
chr19	Liftoff	gene	31313073	31314611	.	+	.	ID=gene-Oxct2a;Dbxref=GeneID:105743514;Name=Oxct2a;origin=rename;copy_num_ID=gene-LOC105743514_0;coverage=1.0;extra_copy_number=0;gbkey=Gene;gene=LOC105743514;gene_biotype=protein_coding;partial=true;sequence_ID=0.998;start_range=.,7158050;valid_ORFs=0
chr19	Liftoff	gene	31897929	31900915	.	-	.	ID=gene-Fhit-l1;Dbxref=GeneID:101561581;Name=Fhit-l1;origin=rename;copy_num_ID=gene-LOC101561581_0;coverage=1.0;extra_copy_number=0;gbkey=Gene;gene=LOC101561581;gene_biotype=protein_coding;sequence_ID=0.998;valid_ORFs=1
chr19	Liftoff	gene	32070062	32070559	.	+	.	ID=gene-Rps16-l2;Dbxref=GeneID:101563058;Name=Rps16-l2;origin=rename;copy_num_ID=gene-LOC101563058_0;coverage=1.0;extra_copy_number=0;gbkey=Gene;gene=LOC101563058;gene_biotype=protein_coding;sequence_ID=1.0;valid_ORFs=2
chr19	Liftoff	gene	32538909	32539175	.	+	.	ID=gene-Rps27-l3;Dbxref=GeneID:105742216;Name=Rps27-l3;origin=rename;copy_num_ID=gene-LOC105742216_0;coverage=1.0;extra_copy_number=0;gbkey=Gene;gene=LOC105742216;gene_biotype=protein_coding;sequence_ID=0.996;valid_ORFs=1
chr19	Liftoff	gene	32592787	32616855	.	-	.	ID=gene-Aadacl4;Dbxref=GeneID:101564319;Name=Aadacl4;origin=rename;copy_num_ID=gene-LOC101564319_0;coverage=1.0;extra_copy_number=0;gbkey=Gene;gene=LOC101564319;gene_biotype=protein_coding;sequence_ID=1.0;valid_ORFs=1
chr19	Liftoff	gene	32807869	32819437	.	-	.	ID=gene-Aadacl4-l1;Dbxref=GeneID:101560731;Name=Aadacl4-l1;origin=rename;copy_num_ID=gene-LOC101560731_0;coverage=1.0;extra_copy_number=0;gbkey=Gene;gene=LOC101560731;gene_biotype=protein_coding;sequence_ID=0.998;valid_ORFs=1
chr19	Liftoff	gene	32871325	32888795	.	-	.	ID=gene-Aadacl4-l2;Dbxref=GeneID:101559944;Name=Aadacl4-l2;origin=rename;copy_num_ID=gene-LOC101559944_0;coverage=1.0;extra_copy_number=0;gbkey=Gene;gene=LOC101559944;gene_biotype=protein_coding;sequence_ID=0.996;valid_ORFs=1
chr19	Liftoff	gene	32990025	33011467	.	-	.	ID=gene-Aadacl4-l3;Dbxref=GeneID:101579994;Name=Aadacl4-l3;origin=rename;copy_num_ID=gene-LOC101579994_0;coverage=1.0;extra_copy_number=0;gbkey=Gene;gene=LOC101579994;gene_biotype=protein_coding;sequence_ID=0.998;valid_ORFs=1
chr19	Liftoff	gene	33781370	33782356	.	-	.	ID=gene-Lyrm2-l1;Dbxref=GeneID:101576805;Name=Lyrm2-l1;origin=rename;copy_num_ID=gene-LOC101576805_0;coverage=1.0;extra_copy_number=0;gbkey=Gene;gene=LOC101576805;gene_biotype=protein_coding;sequence_ID=0.995;valid_ORFs=1
chr19	Liftoff	gene	33872125	33878463	.	-	.	ID=gene-Fbxo6;Dbxref=GeneID:101578695;Name=Fbxo6;origin=rename;copy_num_ID=gene-LOC101578695_0;coverage=1.0;extra_copy_number=0;gbkey=Gene;gene=LOC101578695;gene_biotype=protein_coding;sequence_ID=0.997;valid_ORFs=1
chr19	Liftoff	gene	33880069	33887498	.	-	.	ID=gene-Fbxo44;Dbxref=GeneID:101576402;Name=Fbxo44;origin=rename;copy_num_ID=gene-LOC101576402_0;coverage=1.0;extra_copy_number=0;gbkey=Gene;gene=LOC101576402;gene_biotype=protein_coding;sequence_ID=0.997;valid_ORFs=3
chr19	Liftoff	gene	35016194	35017178	.	+	.	ID=gene-Rpl8;Dbxref=GeneID:101571111;Name=Rpl8;origin=rename;copy_num_ID=gene-LOC101571111_0;coverage=0.996;extra_copy_number=0;gbkey=Gene;gene=LOC101571111;gene_biotype=protein_coding;sequence_ID=0.996;valid_ORFs=1
chr19	Liftoff	gene	35718700	35743207	.	-	.	ID=gene-H6pd;Dbxref=GeneID:101567262;Name=H6pd;origin=rename;copy_num_ID=gene-LOC101567262_0;coverage=0.999;extra_copy_number=0;gbkey=Gene;gene=LOC101567262;gene_biotype=protein_coding;sequence_ID=0.997;valid_ORFs=4
chr19	Liftoff	gene	40942895	40962183	.	+	.	ID=gene-Slc35e2a;Dbxref=GeneID:101590238;Name=Slc35e2a;origin=rename;copy_num_ID=gene-LOC101590238_0;coverage=1.0;extra_copy_number=0;gbkey=Gene;gene=LOC101590238;gene_biotype=protein_coding;sequence_ID=0.998;valid_ORFs=2
chr19	AUGUSTUS	gene	41040262	41058840	.	+	.	ID=gene-Cdk11b;Name=Cdk11b;origin=replace
chr19	Liftoff	gene	41150705	41166777	.	-	.	ID=gene-Atad3a;Dbxref=GeneID:101588658;Name=Atad3a;origin=rename;copy_num_ID=gene-LOC101588658_0;coverage=1.0;extra_copy_number=0;gbkey=Gene;gene=LOC101588658;gene_biotype=protein_coding;sequence_ID=0.998;valid_ORFs=1
chr19	Liftoff	gene	41667487	41669303	.	+	.	ID=gene-Hsbp1-l1;Dbxref=GeneID:101585588;Name=Hsbp1-l1;origin=rename;copy_num_ID=gene-LOC101585588_0;coverage=1.0;extra_copy_number=0;gbkey=Gene;gene=LOC101585588;gene_biotype=protein_coding;sequence_ID=0.992;valid_ORFs=1
chr19	Liftoff	gene	44134152	44136494	.	+	.	ID=gene-Terf2-l1;Dbxref=GeneID:101579270;Name=Terf2-l1;origin=rename;copy_num_ID=gene-LOC101579270_0;coverage=1.0;extra_copy_number=0;gbkey=Gene;gene=LOC101579270;gene_biotype=protein_coding;sequence_ID=0.999;valid_ORFs=0
chr19	Liftoff	gene	46292675	46294077	.	-	.	ID=gene-Ccdc91-l1;Dbxref=GeneID:101591916;Name=Ccdc91-l1;origin=rename;copy_num_ID=gene-LOC101591916_0;coverage=0.754;extra_copy_number=0;gbkey=Gene;gene=LOC101591916;gene_biotype=protein_coding;sequence_ID=0.753;valid_ORFs=0
chr19	Liftoff	gene	48113014	48113506	.	+	.	ID=gene-Rpl27a-l2;Dbxref=GeneID:101569264;Name=Rpl27a-l2;origin=rename;copy_num_ID=gene-LOC101569264_0;coverage=1.0;extra_copy_number=0;gbkey=Gene;gene=LOC101569264;gene_biotype=protein_coding;sequence_ID=1.0;valid_ORFs=1
chr19	Liftoff	gene	49342337	49360235	.	+	.	ID=gene-Uqcrh;Dbxref=GeneID:101591817;Name=Uqcrh;origin=rename;copy_num_ID=gene-LOC101591817_0;coverage=1.0;extra_copy_number=0;gbkey=Gene;gene=LOC101591817;gene_biotype=protein_coding;sequence_ID=1.0;valid_ORFs=1
chr19	Liftoff	gene	49860788	49876302	.	+	.	ID=gene-Cyp4b1;Dbxref=GeneID:101587604;Name=Cyp4b1;origin=rename;copy_num_ID=gene-LOC101587604_0;coverage=1.0;extra_copy_number=0;gbkey=Gene;gene=LOC101587604;gene_biotype=protein_coding;sequence_ID=0.998;valid_ORFs=1
chr19	Liftoff	gene	49879699	49891119	.	-	.	ID=gene-Cyp4a10;Dbxref=GeneID:101586956;Name=Cyp4a10;origin=rename;copy_num_ID=gene-LOC101586956_0;coverage=0.999;extra_copy_number=0;gbkey=Gene;gene=LOC101586956;gene_biotype=protein_coding;sequence_ID=0.996;valid_ORFs=2
chr19	Liftoff	gene	49972558	49985017	.	+	.	ID=gene-Cyp4a6;Dbxref=GeneID:101585626;Name=Cyp4a6;origin=rename;copy_num_ID=gene-LOC101585626_0;coverage=1.0;extra_copy_number=0;gbkey=Gene;gene=LOC101585626;gene_biotype=protein_coding;sequence_ID=0.999;valid_ORFs=1
chr19	Liftoff	gene	50031628	50057435	.	+	.	ID=gene-Cyp4x1;Dbxref=GeneID:101588655;Name=Cyp4x1;origin=rename;copy_num_ID=gene-LOC101588655_0;coverage=1.0;extra_copy_number=0;gbkey=Gene;gene=LOC101588655;gene_biotype=protein_coding;sequence_ID=1.0;valid_ORFs=2
chr19	Liftoff	gene	54296247	54296909	.	+	.	ID=gene-Snrpd3-l1;Dbxref=GeneID:101580782;Name=Snrpd3-l1;origin=rename;copy_num_ID=gene-LOC101580782_0;coverage=1.0;extra_copy_number=0;gbkey=Gene;gene=LOC101580782;gene_biotype=protein_coding;sequence_ID=0.997;valid_ORFs=1
chr19	Liftoff	gene	54333620	54374649	.	-	.	ID=gene-Calr-l1;Dbxref=GeneID:101574157;Name=Calr-l1;origin=rename;copy_num_ID=gene-LOC101574157_0;coverage=1.0;extra_copy_number=0;gbkey=Gene;gene=LOC101574157;gene_biotype=protein_coding;sequence_ID=0.999;valid_ORFs=3
chr19	Liftoff	gene	55459270	55484059	.	-	.	ID=gene-Coa7;Dbxref=GeneID:101564356;Name=Coa7;origin=rename;copy_num_ID=gene-LOC101564356_0;coverage=1.0;extra_copy_number=0;gbkey=Gene;gene=LOC101564356;gene_biotype=protein_coding;sequence_ID=0.996;valid_ORFs=2
chr19	Liftoff	gene	55767912	55768459	.	-	.	ID=gene-Prdx5-l1;Dbxref=GeneID:101561706;Name=Prdx5-l1;origin=rename;copy_num_ID=gene-LOC101561706_0;coverage=0.992;extra_copy_number=0;gbkey=Gene;gene=LOC101561706;gene_biotype=protein_coding;sequence_ID=0.990;valid_ORFs=1
chr19	Liftoff	gene	56978231	57008025	.	-	.	ID=gene-Cyb5rl;Dbxref=GeneID:101586851;Name=Cyb5rl;origin=rename;copy_num_ID=gene-LOC101586851_0;coverage=1.0;extra_copy_number=0;gbkey=Gene;gene=LOC101586851;gene_biotype=protein_coding;sequence_ID=0.998;valid_ORFs=7
chr19	Liftoff	gene	61773971	61776913	.	+	.	ID=gene-Eef2-l1;Dbxref=GeneID:101567025;Name=Eef2-l1;origin=rename;copy_num_ID=gene-LOC101567025_0;coverage=1.0;extra_copy_number=0;gbkey=Gene;gene=LOC101567025;gene_biotype=protein_coding;sequence_ID=0.993;valid_ORFs=1
chr19	gmst	gene	61945838	62448702	.	+	.	ID=gene-Fggy;Name=Fggy;origin=replace
chr19	Liftoff	gene	68326478	68328650	.	-	.	ID=gene-Capza1-l1;Dbxref=GeneID:101584666;Name=Capza1-l1;origin=rename;copy_num_ID=gene-LOC101584666_0;coverage=1.0;extra_copy_number=0;gbkey=Gene;gene=LOC101584666;gene_biotype=protein_coding;sequence_ID=0.988;valid_ORFs=1
chr19	Liftoff	gene	73672118	73757405	.	-	.	ID=gene-Ube2e1;Dbxref=GeneID:101586133;Name=Ube2e1;origin=rename;copy_num_ID=gene-LOC101586133_0;coverage=1.0;extra_copy_number=0;gbkey=Gene;gene=LOC101586133;gene_biotype=protein_coding;sequence_ID=1.0;valid_ORFs=1
chr19	Liftoff	gene	73986084	74312500	.	-	.	ID=gene-Ube2e2;Dbxref=GeneID:101585338;Name=Ube2e2;origin=rename;copy_num_ID=gene-LOC101585338_0;coverage=1.0;extra_copy_number=0;gbkey=Gene;gene=LOC101585338;gene_biotype=protein_coding;sequence_ID=1.0;valid_ORFs=1
chr19	Liftoff	gene	74097840	74098683	.	+	.	ID=gene-Psmb2-l1;Dbxref=GeneID:101584558;Name=Psmb2-l1;origin=rename;copy_num_ID=gene-LOC101584558_0;coverage=1.0;extra_copy_number=0;gbkey=Gene;gene=LOC101584558;gene_biotype=protein_coding;sequence_ID=0.996;valid_ORFs=1
chr19	AUGUSTUS	gene	80779369	81182099	.	+	.	ID=gene-Tbc1d5;Name=Tbc1d5;origin=replace
chr19	Liftoff	gene	83467171	83479987	.	+	.	ID=gene-Arf4;Dbxref=GeneID:101567063;Name=Arf4;origin=rename;copy_num_ID=gene-LOC101567063_0;coverage=0.993;extra_copy_number=0;gbkey=Gene;gene=LOC101567063;gene_biotype=protein_coding;sequence_ID=0.987;valid_ORFs=0
chr19	Liftoff	gene	83496187	83503093	.	+	.	ID=gene-Arf4-l1;Dbxref=GeneID:101567466;Name=Arf4-l1;origin=rename;copy_num_ID=gene-LOC101567466_0;coverage=1.0;extra_copy_number=0;gbkey=Gene;gene=LOC101567466;gene_biotype=protein_coding;sequence_ID=0.996;valid_ORFs=0
chr19	Liftoff	gene	91784870	91785695	.	+	.	ID=gene-Sp100-l2;Dbxref=GeneID:111816876;Name=Sp100-l2;origin=rename;copy_num_ID=gene-LOC111816876_0;coverage=1.0;extra_copy_number=0;gbkey=Gene;gene=LOC111816876;gene_biotype=protein_coding;sequence_ID=0.990;valid_ORFs=0
chr19	Liftoff	gene	95382167	95460608	.	-	.	ID=gene-Cdhr3-l1;Dbxref=GeneID:111813667;Name=Cdhr3-l1;origin=rename;copy_num_ID=gene-LOC111813667_0;coverage=1.0;extra_copy_number=0;gbkey=Gene;gene=LOC111813667;gene_biotype=protein_coding;sequence_ID=0.995;valid_ORFs=1
chr20	Liftoff	gene	1721662	1723456	.	-	.	ID=gene-Fzd10-l1;Dbxref=GeneID:101577788;Name=Fzd10-l1;origin=rename;copy_num_ID=gene-LOC101577788_0;coverage=1.0;extra_copy_number=0;gbkey=Gene;gene=LOC101577788;gene_biotype=protein_coding;sequence_ID=0.995;valid_ORFs=1
chr20	Liftoff	gene	5194595	5199690	.	-	.	ID=gene-Rpl37a-l5;Dbxref=GeneID:105742825;Name=Rpl37a-l5;origin=rename;copy_num_ID=gene-LOC105742825_0;coverage=1.0;extra_copy_number=0;gbkey=Gene;gene=LOC105742825;gene_biotype=protein_coding;sequence_ID=0.991;valid_ORFs=2
chr20	Liftoff	gene	5440733	5447963	.	-	.	ID=gene-Rflna;Dbxref=GeneID:101568855;Name=Rflna;origin=rename;copy_num_ID=gene-LOC101568855_0;coverage=1.0;extra_copy_number=0;gbkey=Gene;gene=LOC101568855;gene_biotype=protein_coding;sequence_ID=0.998;valid_ORFs=1
chr20	Liftoff	gene	6630628	6644353	.	+	.	ID=gene-Zcchc8-l1;Dbxref=GeneID:101570275;Name=Zcchc8-l1;origin=rename;copy_num_ID=gene-LOC101570275_0;coverage=1.0;extra_copy_number=0;gbkey=Gene;gene=LOC101570275;gene_biotype=protein_coding;sequence_ID=0.998;valid_ORFs=1
chr20	Liftoff	gene	9103081	9106994	.	+	.	ID=gene-Adam1a;Dbxref=GeneID:101582729;Name=Adam1a;origin=rename;copy_num_ID=gene-LOC101582729_0;coverage=0.983;extra_copy_number=0;gbkey=Gene;gene=LOC101582729;gene_biotype=protein_coding;sequence_ID=0.981;valid_ORFs=1
chr20	Liftoff	gene	9144172	9145497	.	+	.	ID=gene-Adam1a-l1;Dbxref=GeneID:101586801;Name=Adam1a-l1;origin=rename;copy_num_ID=gene-LOC101586801_0;coverage=1.0;end_range=11708,.;extra_copy_number=0;gbkey=Gene;gene=LOC101586801;gene_biotype=protein_coding;partial=true;sequence_ID=1.0;valid_ORFs=0
chr20	Liftoff	gene	10106321	10111335	.	+	.	ID=gene-Oas1;Dbxref=GeneID:105740880;Name=Oas1;origin=rename;copy_num_ID=gene-LOC105740880_0;coverage=1.0;extra_copy_number=0;gbkey=Gene;gene=LOC105740880;gene_biotype=protein_coding;sequence_ID=0.995;valid_ORFs=3
chr20	Liftoff	gene	14232565	14233809	.	+	.	ID=gene-Gapdh-l2;Dbxref=GeneID:101584551;Name=Gapdh-l2;origin=rename;copy_num_ID=gene-LOC101584551_0;coverage=1.0;extra_copy_number=0;gbkey=Gene;gene=LOC101584551;gene_biotype=protein_coding;sequence_ID=0.993;valid_ORFs=1
chr20	Liftoff	gene	14486353	14488594	.	-	.	ID=gene-Ndufa2-l1;Dbxref=GeneID:101584568;Name=Ndufa2-l1;origin=rename;copy_num_ID=gene-LOC101584568_0;coverage=1.0;extra_copy_number=0;gbkey=Gene;gene=LOC101584568;gene_biotype=protein_coding;sequence_ID=0.993;valid_ORFs=1
chr20	Liftoff	gene	15100875	15101692	.	-	.	ID=gene-Nthl1-l1;Dbxref=GeneID:105742858;Name=Nthl1-l1;origin=rename;copy_num_ID=gene-LOC105742858_0;coverage=1.0;extra_copy_number=0;gbkey=Gene;gene=LOC105742858;gene_biotype=protein_coding;sequence_ID=0.995;valid_ORFs=1
chr20	Liftoff	gene	17763835	17765992	.	+	.	ID=gene-Cox6a1-l1;Dbxref=GeneID:105742868;Name=Cox6a1-l1;origin=rename;copy_num_ID=gene-LOC105742868_0;coverage=1.0;end_range=6327950,.;extra_copy_number=0;gbkey=Gene;gene=LOC105742868;gene_biotype=protein_coding;partial=true;sequence_ID=0.995;valid_ORFs=0
chr20	Liftoff	gene	18372918	18396402	.	-	.	ID=gene-Oasl2;Dbxref=GeneID:101573086;Name=Oasl2;origin=rename;copy_num_ID=gene-LOC101573086_0;coverage=1.0;extra_copy_number=0;gbkey=Gene;gene=LOC101573086;gene_biotype=protein_coding;sequence_ID=0.999;valid_ORFs=1
chr20	Liftoff	gene	18414737	18477536	.	+	.	ID=gene-Piwil3;Dbxref=GeneID:101573484;Name=Piwil3;origin=rename;copy_num_ID=gene-LOC101573484_0;coverage=1.0;extra_copy_number=0;gbkey=Gene;gene=LOC101573484;gene_biotype=protein_coding;sequence_ID=0.997;valid_ORFs=1
chr20	Liftoff	gene	18440302	18441686	.	+	.	ID=gene-Znf259;Dbxref=GeneID:111818082;Name=Znf259;origin=rename;copy_num_ID=gene-LOC111818082_0;coverage=1.0;extra_copy_number=0;gbkey=Gene;gene=LOC111818082;gene_biotype=protein_coding;partial=true;sequence_ID=0.991;start_range=.,7006667;valid_ORFs=0
chr20	Liftoff	gene	19174322	19177886	.	-	.	ID=gene-Gpkow-l1;Dbxref=GeneID:101577055;Name=Gpkow-l1;origin=rename;copy_num_ID=gene-LOC101577055_0;coverage=1.0;extra_copy_number=0;gbkey=Gene;gene=LOC101577055;gene_biotype=protein_coding;sequence_ID=0.999;valid_ORFs=1
chr20	Liftoff	gene	20888570	20896413	.	+	.	ID=gene-Gstt4;Dbxref=GeneID:101581823;Name=Gstt4;origin=rename;copy_num_ID=gene-LOC101581823_0;coverage=1.0;extra_copy_number=0;gbkey=Gene;gene=LOC101581823;gene_biotype=protein_coding;sequence_ID=0.997;valid_ORFs=1
chr20	Liftoff	gene	20904273	20919555	.	+	.	ID=gene-Gstt1;Dbxref=GeneID:101587987;Name=Gstt1;origin=rename;copy_num_ID=gene-LOC101587987_0;coverage=1.0;extra_copy_number=0;gbkey=Gene;gene=LOC101587987;gene_biotype=protein_coding;sequence_ID=0.997;valid_ORFs=2
chr20	Liftoff	gene	20921024	20927441	.	+	.	ID=gene-Gstt3;Dbxref=GeneID:101588381;Name=Gstt3;origin=rename;copy_num_ID=gene-LOC101588381_0;coverage=1.0;extra_copy_number=0;gbkey=Gene;gene=LOC101588381;gene_biotype=protein_coding;sequence_ID=0.998;valid_ORFs=1
chr20	Liftoff	gene	21887813	21960860	.	-	.	ID=gene-Slc5a1-l1;Dbxref=GeneID:101584955;Name=Slc5a1-l1;origin=rename;copy_num_ID=gene-LOC101584955_0;coverage=1.0;extra_copy_number=0;gbkey=Gene;gene=LOC101584955;gene_biotype=protein_coding;sequence_ID=0.999;valid_ORFs=1
chr20	Liftoff	gene	22482826	22484984	.	-	.	ID=gene-Exoc5-l1;Dbxref=GeneID:101562337;Name=Exoc5-l1;origin=rename;copy_num_ID=gene-LOC101562337_0;coverage=1.0;extra_copy_number=0;gbkey=Gene;gene=LOC101562337;gene_biotype=protein_coding;sequence_ID=0.995;valid_ORFs=1
chr20	Liftoff	gene	23879068	23991461	.	+	.	ID=gene-Slc5a4;Dbxref=GeneID:101561781;Name=Slc5a4;origin=rename;copy_num_ID=gene-LOC101561781_0;coverage=0.815;extra_copy_number=0;gbkey=Gene;gene=LOC101561781;gene_biotype=protein_coding;sequence_ID=0.815;valid_ORFs=0
chr20	Liftoff	gene	24280530	24345695	.	+	.	ID=gene-Slc5a4-l1;Dbxref=GeneID:101568798;Name=Slc5a4-l1;origin=rename;copy_num_ID=gene-LOC101568798_0;coverage=1.0;extra_copy_number=0;gbkey=Gene;gene=LOC101568798;gene_biotype=protein_coding;sequence_ID=0.998;valid_ORFs=2
chr20	Liftoff	gene	26155515	26170858	.	+	.	ID=gene-Sec14l6;Dbxref=GeneID:101582557;Name=Sec14l6;origin=rename;copy_num_ID=gene-LOC101582557_0;coverage=1.0;extra_copy_number=0;gbkey=Gene;gene=LOC101582557;gene_biotype=protein_coding;sequence_ID=0.997;valid_ORFs=1
chr20	Liftoff	gene	31038847	31040421	.	+	.	ID=gene-Pphln1-l1;Dbxref=GeneID:101574273;Name=Pphln1-l1;origin=rename;copy_num_ID=gene-LOC101574273_0;coverage=0.430;extra_copy_number=0;gbkey=Gene;gene=LOC101574273;gene_biotype=protein_coding;low_identity=True;partial_mapping=True;sequence_ID=0.429;valid_ORFs=0
chr20	Liftoff	gene	32288316	32292378	.	+	.	ID=gene-Rbmx-l1;Dbxref=GeneID:101576840;Name=Rbmx-l1;origin=rename;copy_num_ID=gene-LOC101576840_0;coverage=0.997;extra_copy_number=0;gbkey=Gene;gene=LOC101576840;gene_biotype=protein_coding;sequence_ID=0.992;valid_ORFs=1
chr20	Liftoff	gene	32469646	32474257	.	-	.	ID=gene-Ca15;Dbxref=GeneID:101588178;Name=Ca15;origin=rename;copy_num_ID=gene-LOC101588178_0;coverage=1.0;extra_copy_number=0;gbkey=Gene;gene=LOC101588178;gene_biotype=protein_coding;sequence_ID=1.0;valid_ORFs=1
chr20	Liftoff	gene	32767787	32861771	.	-	.	ID=gene-Hira;Dbxref=GeneID:101572750;Name=Hira;origin=rename;copy_num_ID=gene-LOC101572750_0;coverage=1.0;extra_copy_number=0;gbkey=Gene;gene=LOC101572750;gene_biotype=protein_coding;sequence_ID=0.999;valid_ORFs=5
chr20	Liftoff	gene	33670930	33689964	.	+	.	ID=gene-Prodh;Dbxref=GeneID:101584616;Name=Prodh;origin=rename;copy_num_ID=gene-LOC101584616_0;coverage=1.0;extra_copy_number=0;gbkey=Gene;gene=LOC101584616;gene_biotype=protein_coding;sequence_ID=1.0;valid_ORFs=1
chr20	Liftoff	gene	34574770	34575575	.	+	.	ID=gene-Hba;Dbxref=GeneID:101591466;Name=Hba;origin=rename;copy_num_ID=gene-LOC101591466_0;coverage=1.0;extra_copy_number=0;gbkey=Gene;gene=LOC101591466;gene_biotype=protein_coding;sequence_ID=1.0;valid_ORFs=1
chr20	AUGUSTUS	gene	34858503	34954556	.	+	.	ID=gene-Rab11fip3;Name=Rab11fip3;origin=replace
chr20	AUGUSTUS	gene	35199556	35204661	.	+	.	ID=gene-Msln;Name=Msln;origin=replace
chr20	Liftoff	gene	35476857	35484484	.	-	.	ID=gene-Tekt4;Dbxref=GeneID:101579114;Name=Tekt4;origin=rename;copy_num_ID=gene-LOC101579114_0;coverage=1.0;extra_copy_number=0;gbkey=Gene;gene=LOC101579114;gene_biotype=protein_coding;sequence_ID=0.998;valid_ORFs=1
chr20	Liftoff	gene	35696926	35699034	.	-	.	ID=gene-Prss29;Dbxref=GeneID:105740881;Name=Prss29;origin=rename;copy_num_ID=gene-LOC105740881_0;coverage=1.0;extra_copy_number=0;gbkey=Gene;gene=LOC105740881;gene_biotype=protein_coding;sequence_ID=0.998;valid_ORFs=1
chr20	Liftoff	gene	35893461	35896390	.	+	.	ID=gene-Percc1;Dbxref=GeneID:111815765;Name=Percc1;origin=rename;copy_num_ID=gene-LOC111815765_0;coverage=1.0;extra_copy_number=0;gbkey=Gene;gene=LOC111815765;gene_biotype=protein_coding;sequence_ID=0.999;valid_ORFs=1
chr20	Liftoff	gene	37235279	37237305	.	+	.	ID=gene-Sbp;Dbxref=GeneID:101591863;Name=Sbp;origin=rename;copy_num_ID=gene-LOC101591863_0;coverage=1.0;extra_copy_number=0;gbkey=Gene;gene=LOC101591863;gene_biotype=protein_coding;sequence_ID=0.998;valid_ORFs=1
chr20	Liftoff	gene	37276894	37281476	.	+	.	ID=gene-Prss21;Dbxref=GeneID:105741733;Name=Prss21;origin=rename;copy_num_ID=gene-LOC105741733_0;coverage=1.0;extra_copy_number=0;gbkey=Gene;gene=LOC105741733;gene_biotype=protein_coding;sequence_ID=0.996;valid_ORFs=1
chr20	Liftoff	gene	43243638	43248090	.	+	.	ID=gene-Litafd;Dbxref=GeneID:101578859;Name=Litafd;origin=rename;copy_num_ID=gene-LOC101578859_0;coverage=1.0;extra_copy_number=0;gbkey=Gene;gene=LOC101578859;gene_biotype=protein_coding;sequence_ID=1.0;valid_ORFs=1
chr20	Liftoff	gene	43657743	43659310	.	-	.	ID=gene-Tmem17;Dbxref=GeneID:101587521;Name=Tmem17;origin=rename;copy_num_ID=gene-LOC101587521_0;coverage=1.0;extra_copy_number=0;gbkey=Gene;gene=LOC101587521;gene_biotype=protein_coding;sequence_ID=0.971;valid_ORFs=0
chr20	Liftoff	gene	46256016	46261679	.	+	.	ID=gene-Rpl11-l1;Dbxref=GeneID:101581880;Name=Rpl11-l1;origin=rename;copy_num_ID=gene-LOC101581880_0;coverage=1.0;extra_copy_number=0;gbkey=Gene;gene=LOC101581880;gene_biotype=protein_coding;sequence_ID=0.999;valid_ORFs=1
chr20	Liftoff	gene	48383970	48385561	.	-	.	ID=gene-Eno1-l1;Dbxref=GeneID:101579254;Name=Eno1-l1;origin=rename;copy_num_ID=gene-LOC101579254_0;coverage=1.0;extra_copy_number=0;gbkey=Gene;gene=LOC101579254;gene_biotype=protein_coding;sequence_ID=0.995;valid_ORFs=1
chr20	Liftoff	gene	48623040	48624897	.	+	.	ID=gene-Ube2n;Dbxref=GeneID:101585804;Name=Ube2n;origin=rename;copy_num_ID=gene-LOC101585804_0;coverage=1.0;extra_copy_number=0;gbkey=Gene;gene=LOC101585804;gene_biotype=protein_coding;sequence_ID=0.988;valid_ORFs=1
chr20	Liftoff	gene	49410104	49454080	.	-	.	ID=gene-Acsm1;Dbxref=GeneID:101583472;Name=Acsm1;origin=rename;copy_num_ID=gene-LOC101583472_0;coverage=1.0;extra_copy_number=0;gbkey=Gene;gene=LOC101583472;gene_biotype=protein_coding;sequence_ID=0.998;valid_ORFs=1
chr20	Liftoff	gene	50809741	50811561	.	+	.	ID=gene-Cryz-l1;Dbxref=GeneID:101570518;Name=Cryz-l1;origin=rename;copy_num_ID=gene-LOC101570518_0;coverage=1.0;extra_copy_number=0;gbkey=Gene;gene=LOC101570518;gene_biotype=protein_coding;sequence_ID=0.996;valid_ORFs=1
chr20	Liftoff	gene	53660046	53714073	.	-	.	ID=gene-Nomo1;Dbxref=GeneID:101576446;Name=Nomo1;origin=rename;copy_num_ID=gene-LOC101576446_0;coverage=1.0;extra_copy_number=0;gbkey=Gene;gene=LOC101576446;gene_biotype=protein_coding;sequence_ID=0.998;valid_ORFs=2
chr20	Liftoff	gene	54685070	54693814	.	-	.	ID=gene-Tmem238-l1;Dbxref=GeneID:111813568;Name=Tmem238-l1;origin=rename;copy_num_ID=gene-LOC111813568_0;coverage=1.0;extra_copy_number=0;gbkey=Gene;gene=LOC111813568;gene_biotype=protein_coding;sequence_ID=0.997;valid_ORFs=1
chr20	Liftoff	gene	55077382	55112875	.	+	.	ID=gene-Nsfl1c;Dbxref=GeneID:101587662;Name=Nsfl1c;origin=rename;copy_num_ID=gene-LOC101587662_0;coverage=1.0;extra_copy_number=0;gbkey=Gene;gene=LOC101587662;gene_biotype=protein_coding;sequence_ID=0.999;valid_ORFs=1
chr20	Liftoff	gene	55186897	55247731	.	+	.	ID=gene-Sirpa-l1;Dbxref=GeneID:101564448;Name=Sirpa-l1;origin=rename;copy_num_ID=gene-LOC101564448_0;coverage=0.663;extra_copy_number=0;gbkey=Gene;gene=LOC101564448;gene_biotype=protein_coding;sequence_ID=0.663;valid_ORFs=1
chr20	Liftoff	gene	55962299	55980673	.	-	.	ID=gene-Angpt4-l1;Dbxref=GeneID:105741171;Name=Angpt4-l1;origin=rename;copy_num_ID=gene-LOC105741171_0;coverage=1.0;extra_copy_number=0;gbkey=Gene;gene=LOC105741171;gene_biotype=protein_coding;sequence_ID=0.999;valid_ORFs=1
chr20	Liftoff	gene	57967230	57995439	.	-	.	ID=gene-Angpt4-l2;Dbxref=GeneID:101583632;Name=Angpt4-l2;origin=rename;copy_num_ID=gene-LOC101583632_0;coverage=1.0;extra_copy_number=0;gbkey=Gene;gene=LOC101583632;gene_biotype=protein_coding;sequence_ID=1.0;valid_ORFs=1
chr20	Liftoff	gene	58625039	58625698	.	+	.	ID=gene-Rps11-l2;Dbxref=GeneID:101569328;Name=Rps11-l2;origin=rename;copy_num_ID=gene-LOC101569328_0;coverage=0.999;extra_copy_number=0;gbkey=Gene;gene=LOC101569328;gene_biotype=protein_coding;sequence_ID=0.997;valid_ORFs=1
chr20	Liftoff	gene	58659884	58660390	.	-	.	ID=gene-Rps4;Dbxref=GeneID:101587165;Name=Rps4;origin=rename;copy_num_ID=gene-LOC101587165_0;coverage=1.0;extra_copy_number=0;gbkey=Gene;gene=LOC101587165;gene_biotype=protein_coding;sequence_ID=1.0;valid_ORFs=1
chr20	Liftoff	gene	59085130	59094476	.	+	.	ID=gene-Cox4i2;Dbxref=GeneID:101574098;Name=Cox4i2;origin=rename;copy_num_ID=gene-LOC101574098_0;coverage=0.997;extra_copy_number=0;gbkey=Gene;gene=LOC101574098;gene_biotype=protein_coding;sequence_ID=0.996;valid_ORFs=3
chr20	Liftoff	gene	59187429	59189208	.	-	.	ID=gene-Tuba1a-l1;Dbxref=GeneID:101575809;Name=Tuba1a-l1;origin=rename;copy_num_ID=gene-LOC101575809_0;coverage=1.0;extra_copy_number=0;gbkey=Gene;gene=LOC101575809;gene_biotype=protein_coding;sequence_ID=0.998;valid_ORFs=1
chr20	Liftoff	gene	60398269	60407446	.	+	.	ID=gene-Bpifa2;Dbxref=GeneID:111816678;Name=Bpifa2;origin=rename;copy_num_ID=gene-LOC111816678_0;coverage=1.0;extra_copy_number=0;gbkey=Gene;gene=LOC111816678;gene_biotype=protein_coding;sequence_ID=0.998;valid_ORFs=1
chr20	Liftoff	gene	60663262	60678399	.	+	.	ID=gene-Bpifb9a;Dbxref=GeneID:101562436;Name=Bpifb9a;origin=rename;copy_num_ID=gene-LOC101562436_0;coverage=1.0;extra_copy_number=0;gbkey=Gene;gene=LOC101562436;gene_biotype=protein_coding;sequence_ID=0.998;valid_ORFs=1
chr20	Liftoff	gene	61299978	61300580	.	-	.	ID=gene-Tbca-l1;Dbxref=GeneID:101563238;Name=Tbca-l1;origin=rename;copy_num_ID=gene-LOC101563238_0;coverage=1.0;extra_copy_number=0;gbkey=Gene;gene=LOC101563238;gene_biotype=protein_coding;partial=true;sequence_ID=1.0;start_range=.,4453682;valid_ORFs=0
chr20	Liftoff	gene	61547094	61548526	.	+	.	ID=gene-Hmgb3-l1;Dbxref=GeneID:101573697;Name=Hmgb3-l1;origin=rename;copy_num_ID=gene-LOC101573697_0;coverage=1.0;extra_copy_number=0;gbkey=Gene;gene=LOC101573697;gene_biotype=protein_coding;sequence_ID=0.995;valid_ORFs=1
chr20	Liftoff	gene	62768538	62883635	.	-	.	ID=gene-Uqcc1;Dbxref=GeneID:101574099;Name=Uqcc1;origin=rename;copy_num_ID=gene-LOC101574099_0;coverage=1.0;extra_copy_number=0;gbkey=Gene;gene=LOC101574099;gene_biotype=protein_coding;sequence_ID=0.998;valid_ORFs=2
chr20	Liftoff	gene	63499999	63501031	.	+	.	ID=gene-Pdcl3-l1;Dbxref=GeneID:101579932;Name=Pdcl3-l1;origin=rename;copy_num_ID=gene-LOC101579932_0;coverage=1.0;extra_copy_number=0;gbkey=Gene;gene=LOC101579932;gene_biotype=protein_coding;sequence_ID=0.999;valid_ORFs=1
chr20	Liftoff	gene	65783234	65806891	.	+	.	ID=gene-Lbp-l1;Dbxref=GeneID:111816671;Name=Lbp-l1;origin=rename;copy_num_ID=gene-LOC111816671_0;coverage=1.0;extra_copy_number=0;gbkey=Gene;gene=LOC111816671;gene_biotype=protein_coding;sequence_ID=0.994;valid_ORFs=2
chr20	Liftoff	gene	68848545	68850276	.	+	.	ID=gene-Pfdn2-l1;Dbxref=GeneID:101580729;Name=Pfdn2-l1;origin=rename;copy_num_ID=gene-LOC101580729_0;coverage=1.0;end_range=12253361,.;extra_copy_number=0;gbkey=Gene;gene=LOC101580729;gene_biotype=protein_coding;partial=true;sequence_ID=0.994;valid_ORFs=0
chr20	Liftoff	gene	72855980	72861465	.	-	.	ID=gene-Wfdc5;Dbxref=GeneID:101588988;Name=Wfdc5;origin=rename;copy_num_ID=gene-LOC101588988_0;coverage=1.0;extra_copy_number=0;gbkey=Gene;gene=LOC101588988;gene_biotype=protein_coding;sequence_ID=0.998;valid_ORFs=1
chr20	Liftoff	gene	72872598	72894932	.	-	.	ID=gene-Wfdc15a;Dbxref=GeneID:111816660;Name=Wfdc15a;origin=rename;copy_num_ID=gene-LOC111816660_0;coverage=0.998;extra_copy_number=0;gbkey=Gene;gene=LOC111816660;gene_biotype=protein_coding;sequence_ID=0.995;valid_ORFs=1
chr20	Liftoff	gene	73912750	73919257	.	-	.	ID=gene-Eppin;Dbxref=GeneID:101589562;Name=Eppin;origin=rename;copy_num_ID=gene-LOC101589562_0;coverage=1.0;extra_copy_number=0;gbkey=Gene;gene=LOC101589562;gene_biotype=protein_coding;sequence_ID=0.997;valid_ORFs=1
chr20	Liftoff	gene	74216727	74225603	.	-	.	ID=gene-Rgs9bp-l1;Dbxref=GeneID:101586006;Name=Rgs9bp-l1;origin=rename;copy_num_ID=gene-LOC101586006_0;coverage=1.0;extra_copy_number=0;gbkey=Gene;gene=LOC101586006;gene_biotype=protein_coding;sequence_ID=0.998;valid_ORFs=1
chr20	Liftoff	gene	74891268	74895369	.	-	.	ID=gene-Trhr-l1;Dbxref=GeneID:101584046;Name=Trhr-l1;origin=rename;copy_num_ID=gene-LOC101584046_0;coverage=1.0;extra_copy_number=0;gbkey=Gene;gene=LOC101584046;gene_biotype=protein_coding;sequence_ID=0.992;valid_ORFs=1
chr20	Liftoff	gene	81321905	81337284	.	-	.	ID=gene-Cyp24a1;Dbxref=GeneID:101570157;Name=Cyp24a1;origin=rename;copy_num_ID=gene-LOC101570157_0;coverage=1.0;extra_copy_number=0;gbkey=Gene;gene=LOC101570157;gene_biotype=protein_coding;sequence_ID=0.994;valid_ORFs=1
chr20	Liftoff	gene	83505869	83507964	.	-	.	ID=gene-Clint1-l1;Dbxref=GeneID:101565389;Name=Clint1-l1;origin=rename;copy_num_ID=gene-LOC101565389_0;coverage=0.998;extra_copy_number=0;gbkey=Gene;gene=LOC101565389;gene_biotype=protein_coding;sequence_ID=0.985;valid_ORFs=1
chr20	Liftoff	gene	85444291	85530351	.	-	.	ID=gene-Ppp4r1-l1;Dbxref=GeneID:101560596;Name=Ppp4r1-l1;origin=rename;copy_num_ID=gene-LOC101560596_0;coverage=1.0;extra_copy_number=0;gbkey=Gene;gene=LOC101560596;gene_biotype=protein_coding;sequence_ID=0.998;valid_ORFs=2
chr20	Liftoff	gene	86050819	86110800	.	+	.	ID=gene-Gnas-l6;Dbxref=GeneID:101585717;Name=Gnas-l6;origin=rename;copy_num_ID=gene-LOC101585717_0;coverage=0.995;extra_copy_number=0;gbkey=Gene;gene=LOC101585717;gene_biotype=protein_coding;sequence_ID=0.993;valid_ORFs=2
chr20	Liftoff	gene	87836908	87839795	.	+	.	ID=gene-Pramef12;Dbxref=GeneID:101572366;Name=Pramef12;origin=rename;copy_num_ID=gene-LOC101572366_0;coverage=1.0;extra_copy_number=0;gbkey=Gene;gene=LOC101572366;gene_biotype=protein_coding;sequence_ID=0.997;valid_ORFs=1
chr20	Liftoff	gene	91821746	91823754	.	+	.	ID=gene-C20orf204;Dbxref=GeneID:101560824;Name=C20orf204;origin=rename;copy_num_ID=gene-LOC101560824_0;coverage=1.0;extra_copy_number=0;gbkey=Gene;gene=LOC101560824;gene_biotype=protein_coding;sequence_ID=1.0;valid_ORFs=1
chr21	Liftoff	gene	701664	707356	.	-	.	ID=gene-Gnrhr2;Dbxref=GeneID:101580342;Name=Gnrhr2;origin=rename;copy_num_ID=gene-LOC101580342_0;coverage=1.0;extra_copy_number=0;gbkey=Gene;gene=LOC101580342;gene_biotype=protein_coding;sequence_ID=0.997;valid_ORFs=1
chr21	Liftoff	gene	975062	1026349	.	-	.	ID=gene-Gpr89;Dbxref=GeneID:101575572;Name=Gpr89;origin=rename;copy_num_ID=gene-LOC101575572_0;coverage=0.999;extra_copy_number=0;gbkey=Gene;gene=LOC101575572;gene_biotype=protein_coding;sequence_ID=0.999;valid_ORFs=2
chr21	Liftoff	gene	1315109	1317038	.	+	.	ID=gene-Kin-l1;Dbxref=GeneID:101573999;Name=Kin-l1;origin=rename;copy_num_ID=gene-LOC101573999_0;coverage=0.999;extra_copy_number=0;gbkey=Gene;gene=LOC101573999;gene_biotype=protein_coding;sequence_ID=0.997;valid_ORFs=0
chr21	Liftoff	gene	2112479	2301223	.	-	.	ID=gene-Pde4dip;Dbxref=GeneID:101588206;Name=Pde4dip;origin=rename;copy_num_ID=gene-LOC101588206_0;coverage=0.998;extra_copy_number=0;gbkey=Gene;gene=LOC101588206;gene_biotype=protein_coding;sequence_ID=0.996;valid_ORFs=1
chr21	Liftoff	gene	2337733	2341763	.	+	.	ID=gene-Brwd1-l1;Dbxref=GeneID:101587805;Name=Brwd1-l1;origin=rename;copy_num_ID=gene-LOC101587805_0;coverage=1.0;extra_copy_number=0;gbkey=Gene;gene=LOC101587805;gene_biotype=protein_coding;sequence_ID=0.985;valid_ORFs=1
chr21	Liftoff	gene	2690070	2691748	.	-	.	ID=gene-Notch2-l1;Dbxref=GeneID:111814029;Name=Notch2-l1;origin=rename;copy_num_ID=gene-LOC111814029_0;coverage=1.0;extra_copy_number=0;gbkey=Gene;gene=LOC111814029;gene_biotype=protein_coding;sequence_ID=0.987;valid_ORFs=1
chr21	Liftoff	gene	3032522	3047375	.	-	.	ID=gene-Hsd3b1;Dbxref=GeneID:101592793;Name=Hsd3b1;origin=rename;copy_num_ID=gene-LOC101592793_0;coverage=1.0;extra_copy_number=0;gbkey=Gene;gene=LOC101592793;gene_biotype=protein_coding;sequence_ID=0.999;valid_ORFs=1
chr21	Liftoff	gene	3142506	3143992	.	-	.	ID=gene-Mrpl3-l1;Dbxref=GeneID:101583635;Name=Mrpl3-l1;origin=rename;copy_num_ID=gene-LOC101583635_0;coverage=1.0;extra_copy_number=0;gbkey=Gene;gene=LOC101583635;gene_biotype=protein_coding;sequence_ID=0.997;valid_ORFs=1
chr21	Liftoff	gene	3212322	3236916	.	-	.	ID=gene-Hsd3b5;Dbxref=GeneID:101582973;Name=Hsd3b5;origin=rename;copy_num_ID=gene-LOC101582973_0;coverage=1.0;extra_copy_number=0;gbkey=Gene;gene=LOC101582973;gene_biotype=protein_coding;sequence_ID=0.995;valid_ORFs=1
chr21	Liftoff	gene	3512565	3521587	.	-	.	ID=gene-Hsd3b;Dbxref=GeneID:101581644;Name=Hsd3b;origin=rename;copy_num_ID=gene-LOC101581644_0;coverage=1.0;extra_copy_number=0;gbkey=Gene;gene=LOC101581644;gene_biotype=protein_coding;sequence_ID=0.999;valid_ORFs=2
chr21	Liftoff	gene	3714328	3717648	.	+	.	ID=gene-Aco1-l1;Dbxref=GeneID:101580861;Name=Aco1-l1;origin=rename;copy_num_ID=gene-LOC101580861_0;coverage=1.0;extra_copy_number=0;gbkey=Gene;gene=LOC101580861;gene_biotype=protein_coding;sequence_ID=0.997;valid_ORFs=1
chr21	Liftoff	gene	6915621	6916778	.	-	.	ID=gene-Ap3s1-l1;Dbxref=GeneID:101578443;Name=Ap3s1-l1;origin=rename;copy_num_ID=gene-LOC101578443_0;coverage=1.0;extra_copy_number=0;gbkey=Gene;gene=LOC101578443;gene_biotype=protein_coding;sequence_ID=0.985;valid_ORFs=0
chr21	Liftoff	gene	8738519	8755997	.	-	.	ID=gene-Nr1h4-l1;Dbxref=GeneID:101582787;Name=Nr1h4-l1;origin=rename;copy_num_ID=gene-LOC101582787_0;coverage=0.907;extra_copy_number=0;gbkey=Gene;gene=LOC101582787;gene_biotype=protein_coding;sequence_ID=0.904;valid_ORFs=0
chr21	Liftoff	gene	10326246	10327766	.	+	.	ID=gene-Znf691-l1;Dbxref=GeneID:101587113;Name=Znf691-l1;origin=rename;copy_num_ID=gene-LOC101587113_0;coverage=1.0;extra_copy_number=0;gbkey=Gene;gene=LOC101587113;gene_biotype=protein_coding;sequence_ID=0.987;valid_ORFs=1
chr21	Liftoff	gene	14461065	14466569	.	-	.	ID=gene-Cyb561d1;Dbxref=GeneID:101568583;Name=Cyb561d1;origin=rename;copy_num_ID=gene-LOC101568583_0;coverage=0.999;extra_copy_number=0;gbkey=Gene;gene=LOC101568583;gene_biotype=protein_coding;sequence_ID=0.998;valid_ORFs=2
chr21	Liftoff	gene	15437929	15510496	.	+	.	ID=gene-Slc25a24;Dbxref=GeneID:101579976;Name=Slc25a24;origin=rename;copy_num_ID=gene-LOC101579976_0;coverage=1.0;extra_copy_number=0;gbkey=Gene;gene=LOC101579976;gene_biotype=protein_coding;sequence_ID=1.0;valid_ORFs=1
chr21	Liftoff	gene	15540626	15576032	.	+	.	ID=gene-Slc25a24-l1;Dbxref=GeneID:101570570;Name=Slc25a24-l1;origin=rename;copy_num_ID=gene-LOC101570570_0;coverage=0.997;extra_copy_number=0;gbkey=Gene;gene=LOC101570570;gene_biotype=protein_coding;sequence_ID=0.991;valid_ORFs=2
chr21	Liftoff	gene	19926138	19933637	.	+	.	ID=gene-Amy1;Dbxref=GeneID:101584298;Name=Amy1;origin=rename;copy_num_ID=gene-LOC101584298_0;coverage=1.0;extra_copy_number=0;gbkey=Gene;gene=LOC101584298;gene_biotype=protein_coding;sequence_ID=0.992;valid_ORFs=3
chr21	Liftoff	gene	19967997	19974726	.	-	.	ID=gene-Amy2;Dbxref=GeneID:101585219;Name=Amy2;origin=rename;copy_num_ID=gene-LOC101585219_0;coverage=1.0;extra_copy_number=0;gbkey=Gene;gene=LOC101585219;gene_biotype=protein_coding;sequence_ID=0.996;valid_ORFs=3
chr21	Liftoff	gene	20016204	20039437	.	-	.	ID=gene-Amy1-l1;Dbxref=GeneID:101586149;Name=Amy1-l1;origin=rename;copy_num_ID=gene-LOC101586149_0;coverage=1.0;extra_copy_number=0;gbkey=Gene;gene=LOC101586149;gene_biotype=protein_coding;sequence_ID=0.993;valid_ORFs=3
chr21	Liftoff	gene	37315334	37320242	.	+	.	ID=gene-Rabggtb;Dbxref=GeneID:101592944;Name=Rabggtb;origin=rename;copy_num_ID=gene-LOC101592944_0;coverage=1.0;extra_copy_number=0;gbkey=Gene;gene=LOC101592944;gene_biotype=protein_coding;partial=true;sequence_ID=1.0;start_range=.,6;valid_ORFs=0
chr21	Liftoff	gene	37352723	37353724	.	+	.	ID=gene-Rnf5-l1;Dbxref=GeneID:101585846;Name=Rnf5-l1;origin=rename;copy_num_ID=gene-LOC101585846_0;coverage=0.988;extra_copy_number=0;gbkey=Gene;gene=LOC101585846;gene_biotype=protein_coding;sequence_ID=0.987;valid_ORFs=1
chr21	Liftoff	gene	46456680	46463748	.	-	.	ID=gene-Uox;Dbxref=GeneID:101584200;Name=Uox;origin=rename;copy_num_ID=gene-LOC101584200_0;coverage=0.908;extra_copy_number=0;gbkey=Gene;gene=LOC101584200;gene_biotype=protein_coding;sequence_ID=0.903;valid_ORFs=1
chr21	Liftoff	gene	47213034	47213379	.	-	.	ID=gene-Cox7b;Dbxref=GeneID:101587395;Name=Cox7b;origin=rename;copy_num_ID=gene-LOC101587395_0;coverage=1.0;extra_copy_number=0;gbkey=Gene;gene=LOC101587395;gene_biotype=protein_coding;sequence_ID=1.0;valid_ORFs=1
chr21	Liftoff	gene	48612585	48645373	.	+	.	ID=gene-Clca2;Dbxref=GeneID:101579482;Name=Clca2;origin=rename;copy_num_ID=gene-LOC101579482_0;coverage=0.938;extra_copy_number=0;gbkey=Gene;gene=LOC101579482;gene_biotype=protein_coding;sequence_ID=0.938;valid_ORFs=0
chr21	Liftoff	gene	48743875	48771146	.	+	.	ID=gene-Clca4;Dbxref=GeneID:101579078;Name=Clca4;origin=rename;copy_num_ID=gene-LOC101579078_0;coverage=1.0;extra_copy_number=0;gbkey=Gene;gene=LOC101579078;gene_biotype=protein_coding;sequence_ID=0.995;valid_ORFs=1
chr21	Liftoff	gene	48799173	48829472	.	+	.	ID=gene-Clca4-l1;Dbxref=GeneID:101578689;Name=Clca4-l1;origin=rename;copy_num_ID=gene-LOC101578689_0;coverage=1.0;extra_copy_number=0;gbkey=Gene;gene=LOC101578689;gene_biotype=protein_coding;sequence_ID=0.958;valid_ORFs=1
chr21	Liftoff	gene	51841750	51842883	.	-	.	ID=gene-Gbp6-l1;Dbxref=GeneID:111814987;Name=Gbp6-l1;origin=rename;copy_num_ID=gene-LOC111814987_0;coverage=1.0;end_range=1664,.;extra_copy_number=0;gbkey=Gene;gene=LOC111814987;gene_biotype=protein_coding;partial=true;sequence_ID=0.991;start_range=.,531;valid_ORFs=0
chr21	Liftoff	gene	51904206	51906516	.	+	.	ID=gene-Ist1-l1;Dbxref=GeneID:101582196;Name=Ist1-l1;origin=rename;copy_num_ID=gene-LOC101582196_0;coverage=1.0;extra_copy_number=0;gbkey=Gene;gene=LOC101582196;gene_biotype=protein_coding;sequence_ID=1.0;valid_ORFs=1
chr21	Liftoff	gene	51950529	51973764	.	-	.	ID=gene-Gbp6-l2;Dbxref=GeneID:101587195;Name=Gbp6-l2;origin=rename;copy_num_ID=gene-LOC101587195_0;coverage=1.0;extra_copy_number=0;gbkey=Gene;gene=LOC101587195;gene_biotype=protein_coding;sequence_ID=0.994;valid_ORFs=1
chr21	Liftoff	gene	52022660	52037100	.	+	.	ID=gene-Gbp5;Dbxref=GeneID:101585995;Name=Gbp5;origin=rename;copy_num_ID=gene-LOC101585995_0;coverage=0.519;extra_copy_number=0;gbkey=Gene;gene=LOC101585995;gene_biotype=protein_coding;sequence_ID=0.519;valid_ORFs=0
chr21	Liftoff	gene	52260734	52287323	.	+	.	ID=gene-Gbp6;Dbxref=GeneID:101582866;Name=Gbp6;origin=rename;copy_num_ID=gene-LOC101582866_0;coverage=1.0;extra_copy_number=0;gbkey=Gene;gene=LOC101582866;gene_biotype=protein_coding;sequence_ID=0.994;valid_ORFs=2
chr21	Liftoff	gene	52489084	52503958	.	+	.	ID=gene-Gbp5-l1;Dbxref=GeneID:101569362;Name=Gbp5-l1;origin=rename;copy_num_ID=gene-LOC101569362_0;coverage=1.0;extra_copy_number=0;gbkey=Gene;gene=LOC101569362;gene_biotype=protein_coding;sequence_ID=0.997;valid_ORFs=1
chr21	Liftoff	gene	52545438	52558767	.	+	.	ID=gene-Gbp6-l3;Dbxref=GeneID:101568578;Name=Gbp6-l3;origin=rename;copy_num_ID=gene-LOC101568578_0;coverage=1.0;extra_copy_number=0;gbkey=Gene;gene=LOC101568578;gene_biotype=protein_coding;sequence_ID=0.994;valid_ORFs=3
chr21	Liftoff	gene	57439697	57441296	.	+	.	ID=gene-Tsc22d1-l1;Dbxref=GeneID:101567263;Name=Tsc22d1-l1;origin=rename;copy_num_ID=gene-LOC101567263_0;coverage=1.0;extra_copy_number=0;gbkey=Gene;gene=LOC101567263;gene_biotype=protein_coding;sequence_ID=0.996;valid_ORFs=1
chr21	Liftoff	gene	57540371	57541108	.	+	.	ID=gene-Rnf138-l1;Dbxref=GeneID:101591140;Name=Rnf138-l1;origin=rename;copy_num_ID=gene-LOC101591140_0;coverage=1.0;extra_copy_number=0;gbkey=Gene;gene=LOC101591140;gene_biotype=protein_coding;sequence_ID=0.993;valid_ORFs=4
chr21	Liftoff	gene	59544680	59649793	.	+	.	ID=gene-Tlcd4;Dbxref=GeneID:101582876;Name=Tlcd4;origin=rename;copy_num_ID=gene-LOC101582876_0;coverage=1.0;extra_copy_number=0;gbkey=Gene;gene=LOC101582876;gene_biotype=protein_coding;sequence_ID=0.997;valid_ORFs=2
chr21	Liftoff	gene	60803665	60805269	.	+	.	ID=gene-Ptgr2-l1;Dbxref=GeneID:101581820;Name=Ptgr2-l1;origin=rename;copy_num_ID=gene-LOC101581820_0;coverage=1.0;extra_copy_number=0;gbkey=Gene;gene=LOC101581820;gene_biotype=protein_coding;sequence_ID=0.998;valid_ORFs=2
chr21	Liftoff	gene	65616173	65621959	.	+	.	ID=gene-Cpm-l1;Dbxref=GeneID:111814732;Name=Cpm-l1;origin=rename;copy_num_ID=gene-LOC111814732_0;coverage=1.0;end_range=258329,.;extra_copy_number=0;gbkey=Gene;gene=LOC111814732;gene_biotype=protein_coding;partial=true;sequence_ID=0.997;valid_ORFs=0
chr22	Liftoff	gene	6908559	6913966	.	+	.	ID=gene-Mitd1;Dbxref=GeneID:101576370;Name=Mitd1;origin=rename;copy_num_ID=gene-LOC101576370_0;coverage=1.0;end_range=3627,.;extra_copy_number=0;gbkey=Gene;gene=LOC101576370;gene_biotype=protein_coding;partial=true;sequence_ID=1.0;valid_ORFs=0
chr22	Liftoff	gene	7398530	7407737	.	+	.	ID=gene-Coa5;Dbxref=GeneID:101559943;Name=Coa5;origin=rename;copy_num_ID=gene-LOC101559943_0;coverage=1.0;extra_copy_number=0;gbkey=Gene;gene=LOC101559943;gene_biotype=protein_coding;sequence_ID=1.0;valid_ORFs=1
chr22	Liftoff	gene	8110726	8130574	.	-	.	ID=gene-Zap70;Dbxref=GeneID:101590852;Name=Zap70;origin=rename;copy_num_ID=gene-LOC101590852_0;coverage=1.0;extra_copy_number=0;gbkey=Gene;gene=LOC101590852;gene_biotype=protein_coding;sequence_ID=0.998;valid_ORFs=1
chr22	Liftoff	gene	8183072	8185294	.	-	.	ID=gene-Cox5b;Dbxref=GeneID:101561928;Name=Cox5b;origin=rename;copy_num_ID=gene-LOC101561928_0;coverage=1.0;extra_copy_number=0;gbkey=Gene;gene=LOC101561928;gene_biotype=protein_coding;sequence_ID=1.0;valid_ORFs=1
chr22	Liftoff	gene	8909152	8917089	.	-	.	ID=gene-Fahd2a;Dbxref=GeneID:101583507;Name=Fahd2a;origin=rename;copy_num_ID=gene-LOC101583507_0;coverage=1.0;extra_copy_number=0;gbkey=Gene;gene=LOC101583507;gene_biotype=protein_coding;sequence_ID=0.998;valid_ORFs=2
chr22	Liftoff	gene	9049020	9059564	.	-	.	ID=gene-Znf892;Dbxref=GeneID:105742440;Name=Znf892;origin=rename;copy_num_ID=gene-LOC105742440_0;coverage=1.0;extra_copy_number=0;gbkey=Gene;gene=LOC105742440;gene_biotype=protein_coding;sequence_ID=0.997;valid_ORFs=1
chr22	Liftoff	gene	9502133	9502889	.	-	.	ID=gene-Ube2c-l1;Dbxref=GeneID:101579159;Name=Ube2c-l1;origin=rename;copy_num_ID=gene-LOC101579159_0;coverage=0.998;extra_copy_number=0;gbkey=Gene;gene=LOC101579159;gene_biotype=protein_coding;sequence_ID=0.998;valid_ORFs=1
chr22	Liftoff	gene	11261291	11262800	.	-	.	ID=gene-Atp6v1c1-l1;Dbxref=GeneID:101576760;Name=Atp6v1c1-l1;origin=rename;copy_num_ID=gene-LOC101576760_0;coverage=1.0;extra_copy_number=0;gbkey=Gene;gene=LOC101576760;gene_biotype=protein_coding;sequence_ID=0.995;valid_ORFs=1
chr22	Liftoff	gene	11275293	11275759	.	+	.	ID=gene-Stmp1;Dbxref=GeneID:101576356;Name=Stmp1;origin=rename;copy_num_ID=gene-LOC101576356_0;coverage=1.0;extra_copy_number=0;gbkey=Gene;gene=LOC101576356;gene_biotype=protein_coding;sequence_ID=0.995;valid_ORFs=1
chr22	Liftoff	gene	11365855	11373468	.	-	.	ID=gene-Il37;Dbxref=GeneID:101561126;Name=Il37;origin=rename;copy_num_ID=gene-LOC101561126_0;coverage=1.0;extra_copy_number=0;gbkey=Gene;gene=LOC101561126;gene_biotype=protein_coding;sequence_ID=0.998;valid_ORFs=1
chr22	Liftoff	gene	11389211	11412555	.	+	.	ID=gene-Il36g;Dbxref=GeneID:101560732;Name=Il36g;origin=rename;copy_num_ID=gene-LOC101560732_0;coverage=1.0;extra_copy_number=0;gbkey=Gene;gene=LOC101560732;gene_biotype=protein_coding;sequence_ID=0.996;valid_ORFs=1
chr22	Liftoff	gene	11425128	11427400	.	+	.	ID=gene-Il36a;Dbxref=GeneID:101560334;Name=Il36a;origin=rename;copy_num_ID=gene-LOC101560334_0;coverage=1.0;extra_copy_number=0;gbkey=Gene;gene=LOC101560334;gene_biotype=protein_coding;sequence_ID=0.995;valid_ORFs=1
chr22	Liftoff	gene	11501654	11535732	.	+	.	ID=gene-Il36b;Dbxref=GeneID:101591777;Name=Il36b;origin=rename;copy_num_ID=gene-LOC101591777_0;coverage=1.0;extra_copy_number=0;gbkey=Gene;gene=LOC101591777;gene_biotype=protein_coding;sequence_ID=0.998;valid_ORFs=1
chr22	Liftoff	gene	13849979	13854176	.	+	.	ID=gene-Fabp1;Dbxref=GeneID:101564391;Name=Fabp1;origin=rename;copy_num_ID=gene-LOC101564391_0;coverage=1.0;extra_copy_number=0;gbkey=Gene;gene=LOC101564391;gene_biotype=protein_coding;sequence_ID=0.998;valid_ORFs=1
chr22	Liftoff	gene	13878877	13883683	.	+	.	ID=gene-Fabp1-l1;Dbxref=GeneID:101564779;Name=Fabp1-l1;origin=rename;copy_num_ID=gene-LOC101564779_0;coverage=1.0;extra_copy_number=0;gbkey=Gene;gene=LOC101564779;gene_biotype=protein_coding;sequence_ID=0.994;valid_ORFs=1
chr22	Liftoff	gene	13912658	13916956	.	-	.	ID=gene-Fabp1-l2;Dbxref=GeneID:101565573;Name=Fabp1-l2;origin=rename;copy_num_ID=gene-LOC101565573_0;coverage=1.0;extra_copy_number=0;gbkey=Gene;gene=LOC101565573;gene_biotype=protein_coding;sequence_ID=1.0;valid_ORFs=1
chr22	Liftoff	gene	21604105	21606183	.	+	.	ID=gene-Reg3b;Dbxref=GeneID:101582999;Name=Reg3b;origin=rename;copy_num_ID=gene-LOC101582999_0;coverage=1.0;extra_copy_number=0;gbkey=Gene;gene=LOC101582999;gene_biotype=protein_coding;sequence_ID=1.0;valid_ORFs=2
chr22	Liftoff	gene	21615979	21618801	.	+	.	ID=gene-Reg3g;Dbxref=GeneID:101579958;Name=Reg3g;origin=rename;copy_num_ID=gene-LOC101579958_0;coverage=1.0;extra_copy_number=0;gbkey=Gene;gene=LOC101579958;gene_biotype=protein_coding;sequence_ID=0.995;valid_ORFs=1
chr22	Liftoff	gene	24678720	24680352	.	+	.	ID=gene-Spdl1-l1;Dbxref=GeneID:101576769;Name=Spdl1-l1;origin=rename;copy_num_ID=gene-LOC101576769_0;coverage=0.999;extra_copy_number=0;gbkey=Gene;gene=LOC101576769;gene_biotype=protein_coding;sequence_ID=0.995;valid_ORFs=0
chr22	Liftoff	gene	25017386	25018177	.	+	.	ID=gene-Itm2a-l1;Dbxref=GeneID:101579957;Name=Itm2a-l1;origin=rename;copy_num_ID=gene-LOC101579957_0;coverage=1.0;extra_copy_number=0;gbkey=Gene;gene=LOC101579957;gene_biotype=protein_coding;sequence_ID=0.992;valid_ORFs=1
chr22	Liftoff	gene	27233321	27289051	.	-	.	ID=gene-Nat8b-l1;Dbxref=GeneID:101567226;Name=Nat8b-l1;origin=rename;copy_num_ID=gene-LOC101567226_0;coverage=1.0;extra_copy_number=0;gbkey=Gene;gene=LOC101567226;gene_biotype=protein_coding;sequence_ID=0.999;valid_ORFs=1
chr22	Liftoff	gene	27287246	27309894	.	-	.	ID=gene-Nat8f2;Dbxref=GeneID:101566436;Name=Nat8f2;origin=rename;copy_num_ID=gene-LOC101566436_0;coverage=0.999;extra_copy_number=0;gbkey=Gene;gene=LOC101566436;gene_biotype=protein_coding;sequence_ID=0.998;valid_ORFs=4
chr22	Liftoff	gene	27465104	27506592	.	+	.	ID=gene-Nat8b;Dbxref=GeneID:101564060;Name=Nat8b;origin=rename;copy_num_ID=gene-LOC101564060_0;coverage=0.899;extra_copy_number=0;gbkey=Gene;gene=LOC101564060;gene_biotype=protein_coding;sequence_ID=0.897;valid_ORFs=5
chr22	Liftoff	gene	27903671	27906040	.	-	.	ID=gene-Snap23-l2;Dbxref=GeneID:101579090;Name=Snap23-l2;origin=rename;copy_num_ID=gene-LOC101579090_0;coverage=0.998;extra_copy_number=0;gbkey=Gene;gene=LOC101579090;gene_biotype=protein_coding;sequence_ID=0.991;valid_ORFs=1
chr22	Liftoff	gene	28890940	28911112	.	+	.	ID=gene-Cyp26b1;Dbxref=GeneID:101591265;Name=Cyp26b1;origin=rename;copy_num_ID=gene-LOC101591265_0;coverage=0.999;extra_copy_number=0;gbkey=Gene;gene=LOC101591265;gene_biotype=protein_coding;sequence_ID=0.998;valid_ORFs=5
chr22	Liftoff	gene	32139690	32143972	.	-	.	ID=gene-Gkn3;Dbxref=GeneID:101585602;Name=Gkn3;origin=rename;copy_num_ID=gene-LOC101585602_0;coverage=1.0;extra_copy_number=0;gbkey=Gene;gene=LOC101585602;gene_biotype=protein_coding;partial=true;sequence_ID=1.0;start_range=.,24653;valid_ORFs=0
chr22	Liftoff	gene	32674368	32674799	.	+	.	ID=gene-Rbm4;Dbxref=GeneID:101592325;Name=Rbm4;origin=rename;copy_num_ID=gene-LOC101592325_0;coverage=1.0;extra_copy_number=0;gbkey=Gene;gene=LOC101592325;gene_biotype=protein_coding;sequence_ID=0.995;valid_ORFs=1
chr22	Liftoff	gene	32703434	32849631	.	+	.	ID=gene-Ppp3r1;Dbxref=GeneID:101559708;Name=Ppp3r1;origin=rename;copy_num_ID=gene-LOC101559708_0;coverage=1.0;extra_copy_number=0;gbkey=Gene;gene=LOC101559708;gene_biotype=protein_coding;sequence_ID=0.994;valid_ORFs=3
chr22	Liftoff	gene	33769180	33771331	.	+	.	ID=gene-Ralgds-l2;Dbxref=GeneID:101560100;Name=Ralgds-l2;origin=rename;copy_num_ID=gene-LOC101560100_0;coverage=1.0;extra_copy_number=0;gbkey=Gene;gene=LOC101560100;gene_biotype=protein_coding;sequence_ID=0.994;valid_ORFs=1
chr22	Liftoff	gene	38789713	38796909	.	+	.	ID=gene-Tmem17-l1;Dbxref=GeneID:101574399;Name=Tmem17-l1;origin=rename;copy_num_ID=gene-LOC101574399_0;coverage=1.0;extra_copy_number=0;gbkey=Gene;gene=LOC101574399;gene_biotype=protein_coding;sequence_ID=0.998;valid_ORFs=1
chr22	Liftoff	gene	39539607	39540697	.	-	.	ID=gene-Ap3s1-l2;Dbxref=GeneID:101577194;Name=Ap3s1-l2;origin=rename;copy_num_ID=gene-LOC101577194_0;coverage=0.999;extra_copy_number=0;gbkey=Gene;gene=LOC101577194;gene_biotype=protein_coding;sequence_ID=0.994;valid_ORFs=4
chr22	Liftoff	gene	47364969	47368029	.	-	.	ID=gene-Uspl1-l1;Dbxref=GeneID:101585597;Name=Uspl1-l1;origin=rename;copy_num_ID=gene-LOC101585597_0;coverage=1.0;extra_copy_number=0;gbkey=Gene;gene=LOC101585597;gene_biotype=protein_coding;sequence_ID=0.997;valid_ORFs=1
chr22	Liftoff	gene	49908310	49909969	.	-	.	ID=gene-Prorsd1;Dbxref=GeneID:101572252;Name=Prorsd1;origin=rename;copy_num_ID=gene-LOC101572252_0;coverage=1.0;extra_copy_number=0;gbkey=Gene;gene=LOC101572252;gene_biotype=protein_coding;sequence_ID=0.990;valid_ORFs=1
chr22	Liftoff	gene	50646529	50665925	.	+	.	ID=gene-Fcgr1a;Dbxref=GeneID:101579156;Name=Fcgr1a;origin=rename;copy_num_ID=gene-LOC101579156_0;coverage=1.0;extra_copy_number=0;gbkey=Gene;gene=LOC101579156;gene_biotype=protein_coding;sequence_ID=0.999;valid_ORFs=1
chr22	Liftoff	gene	50680927	50682387	.	-	.	ID=gene-H2bc9;Dbxref=GeneID:101564828;Name=H2bc9;origin=rename;copy_num_ID=gene-LOC101564828_0;coverage=1.0;extra_copy_number=0;gbkey=Gene;gene=LOC101564828;gene_biotype=protein_coding;sequence_ID=0.997;valid_ORFs=1
chr22	Liftoff	gene	50682444	50683549	.	-	.	ID=gene-H3c15-l4;Dbxref=GeneID:101565221;Name=H3c15-l4;origin=rename;copy_num_ID=gene-LOC101565221_0;coverage=0.997;extra_copy_number=0;gbkey=Gene;gene=LOC101565221;gene_biotype=protein_coding;sequence_ID=0.985;valid_ORFs=0
chr22	Liftoff	gene	50709726	50710346	.	-	.	ID=gene-H2ac18-l1;Dbxref=GeneID:101562852;Name=H2ac18-l1;origin=rename;copy_num_ID=gene-LOC101562852_0;coverage=1.0;extra_copy_number=0;gbkey=Gene;gene=LOC101562852;gene_biotype=protein_coding;sequence_ID=0.999;valid_ORFs=1
chr22	Liftoff	gene	50710577	50711115	.	+	.	ID=gene-H2b-i;Dbxref=GeneID:101563645;Name=H2b-i;origin=rename;copy_num_ID=gene-LOC101563645_0;coverage=1.0;extra_copy_number=0;gbkey=Gene;gene=LOC101563645;gene_biotype=protein_coding;sequence_ID=0.988;valid_ORFs=1
chr22	Liftoff	gene	50717773	50719276	.	-	.	ID=gene-H2b-i-l1;Dbxref=GeneID:101563254;Name=H2b-i-l1;origin=rename;copy_num_ID=gene-LOC101563254_0;coverage=1.0;extra_copy_number=0;gbkey=Gene;gene=LOC101563254;gene_biotype=protein_coding;sequence_ID=1.0;valid_ORFs=1
chr22	Liftoff	gene	50719463	50720091	.	+	.	ID=gene-H2ac18;Dbxref=GeneID:101564043;Name=H2ac18;origin=rename;copy_num_ID=gene-LOC101564043_0;coverage=1.0;extra_copy_number=0;gbkey=Gene;gene=LOC101564043;gene_biotype=protein_coding;sequence_ID=0.999;valid_ORFs=1
chr22	Liftoff	gene	50742164	50742846	.	-	.	ID=gene-H2bc21;Dbxref=GeneID:101562451;Name=H2bc21;origin=rename;copy_num_ID=gene-LOC101562451_0;coverage=1.0;extra_copy_number=0;gbkey=Gene;gene=LOC101562451;gene_biotype=protein_coding;sequence_ID=0.997;valid_ORFs=1
chr22	Liftoff	gene	50742847	50744049	.	-	.	ID=gene-H2ac21;Dbxref=GeneID:101561654;Name=H2ac21;origin=rename;copy_num_ID=gene-LOC101561654_0;coverage=0.996;extra_copy_number=0;gbkey=Gene;gene=LOC101561654;gene_biotype=protein_coding;sequence_ID=0.996;valid_ORFs=1
chr22	Liftoff	gene	50743074	50743544	.	+	.	ID=gene-H2ac20;Dbxref=GeneID:101562051;Name=H2ac20;origin=rename;copy_num_ID=gene-LOC101562051_0;coverage=1.0;extra_copy_number=0;gbkey=Gene;gene=LOC101562051;gene_biotype=protein_coding;sequence_ID=0.997;valid_ORFs=1
chr22	AUGUSTUS	gene	53092125	53100061	.	-	.	ID=gene-Tdrkh;Name=Tdrkh;origin=replace
chr22	Liftoff	gene	53623320	53626138	.	-	.	ID=gene-Hrnr;Dbxref=GeneID:111817066;Name=Hrnr;origin=rename;copy_num_ID=gene-LOC111817066_0;coverage=1.0;extra_copy_number=0;gbkey=Gene;gene=LOC111817066;gene_biotype=protein_coding;sequence_ID=0.998;valid_ORFs=1
chr22	Liftoff	gene	53770038	53772358	.	-	.	ID=gene-Crnn;Dbxref=GeneID:101564829;Name=Crnn;origin=rename;copy_num_ID=gene-LOC101564829_0;coverage=1.0;extra_copy_number=0;gbkey=Gene;gene=LOC101564829;gene_biotype=protein_coding;sequence_ID=1.0;valid_ORFs=1
chr22	Liftoff	gene	54451153	54452917	.	+	.	ID=gene-Sprr1b;Dbxref=GeneID:101560864;Name=Sprr1b;origin=rename;copy_num_ID=gene-LOC101560864_0;coverage=1.0;extra_copy_number=0;gbkey=Gene;gene=LOC101560864;gene_biotype=protein_coding;sequence_ID=0.988;valid_ORFs=1
chr22	Liftoff	gene	54497532	54498113	.	+	.	ID=gene-Sprr3;Dbxref=GeneID:101560464;Name=Sprr3;origin=rename;copy_num_ID=gene-LOC101560464_0;coverage=1.0;extra_copy_number=0;gbkey=Gene;gene=LOC101560464;gene_biotype=protein_coding;sequence_ID=0.998;valid_ORFs=1
chr22	Liftoff	gene	54846331	54847415	.	-	.	ID=gene-S100a15a-l1;Dbxref=GeneID:101589143;Name=S100a15a-l1;origin=rename;copy_num_ID=gene-LOC101589143_0;coverage=1.0;extra_copy_number=0;gbkey=Gene;gene=LOC101589143;gene_biotype=protein_coding;sequence_ID=0.993;valid_ORFs=1
chr22	Liftoff	gene	55018811	55019896	.	+	.	ID=gene-S100a15a;Dbxref=GeneID:101577004;Name=S100a15a;origin=rename;copy_num_ID=gene-LOC101577004_0;coverage=1.0;extra_copy_number=0;gbkey=Gene;gene=LOC101577004;gene_biotype=protein_coding;sequence_ID=1.0;valid_ORFs=1
chr22	Liftoff	gene	55041500	55041939	.	+	.	ID=gene-S100a8-l1;Dbxref=GeneID:101561890;Name=S100a8-l1;origin=rename;copy_num_ID=gene-LOC101561890_0;coverage=1.0;extra_copy_number=0;gbkey=Gene;gene=LOC101561890;gene_biotype=protein_coding;sequence_ID=1.0;valid_ORFs=1
chr22	Liftoff	gene	55239677	55242063	.	-	.	ID=gene-Slamf8-l1;Dbxref=GeneID:111816421;Name=Slamf8-l1;origin=rename;copy_num_ID=gene-LOC111816421_0;coverage=0.475;extra_copy_number=0;gbkey=Gene;gene=LOC111816421;gene_biotype=protein_coding;low_identity=True;partial_mapping=True;sequence_ID=0.475;valid_ORFs=0
chr22	Liftoff	gene	55806658	55807367	.	-	.	ID=gene-Ndufs8-l1;Dbxref=GeneID:101567851;Name=Ndufs8-l1;origin=rename;copy_num_ID=gene-LOC101567851_0;coverage=1.0;extra_copy_number=0;gbkey=Gene;gene=LOC101567851;gene_biotype=protein_coding;partial=true;sequence_ID=0.994;start_range=.,903783;valid_ORFs=0
chr22	AUGUSTUS	gene	56156234	56180250	.	+	.	ID=gene-Cct3;Name=Cct3;origin=replace
chr22	Liftoff	gene	59701179	59799622	.	+	.	ID=gene-Abcb1-l1;Dbxref=GeneID:101586484;Name=Abcb1-l1;origin=rename;copy_num_ID=gene-LOC101586484_0;coverage=1.0;extra_copy_number=0;gbkey=Gene;gene=LOC101586484;gene_biotype=protein_coding;sequence_ID=0.999;valid_ORFs=3
chr22	Liftoff	gene	59846682	59861918	.	-	.	ID=gene-Akr1b8;Dbxref=GeneID:101587667;Name=Akr1b8;origin=rename;copy_num_ID=gene-LOC101587667_0;coverage=1.0;extra_copy_number=0;gbkey=Gene;gene=LOC101587667;gene_biotype=protein_coding;sequence_ID=0.998;valid_ORFs=3
chr22	Liftoff	gene	60049911	60051253	.	+	.	ID=gene-Snrpd1-l2;Dbxref=GeneID:101562683;Name=Snrpd1-l2;origin=rename;copy_num_ID=gene-LOC101562683_0;coverage=1.0;extra_copy_number=0;gbkey=Gene;gene=LOC101562683;gene_biotype=protein_coding;sequence_ID=1.0;valid_ORFs=2
chr22	Liftoff	gene	60628054	60680569	.	-	.	ID=gene-Slc23a2-l1;Dbxref=GeneID:101591629;Name=Slc23a2-l1;origin=rename;copy_num_ID=gene-LOC101591629_0;coverage=1.0;extra_copy_number=0;gbkey=Gene;gene=LOC101591629;gene_biotype=protein_coding;sequence_ID=0.995;valid_ORFs=3
chr22	Liftoff	gene	65139962	65221122	.	+	.	ID=gene-Luc7l2;Dbxref=GeneID:101563611;Name=Luc7l2;origin=rename;copy_num_ID=gene-LOC101563611_0;coverage=0.948;extra_copy_number=0;gbkey=Gene;gene=LOC101563611;gene_biotype=protein_coding;sequence_ID=0.945;valid_ORFs=0
chr22	Liftoff	gene	65259665	65286970	.	+	.	ID=gene-Clec2l;Dbxref=GeneID:101563217;Name=Clec2l;origin=rename;copy_num_ID=gene-LOC101563217_0;coverage=0.996;extra_copy_number=0;gbkey=Gene;gene=LOC101563217;gene_biotype=protein_coding;sequence_ID=0.993;valid_ORFs=1
chr22	AUGUSTUS	gene	66570140	66972876	.	+	.	ID=gene-Tmem178b;Name=Tmem178b;origin=replace
chr22	Liftoff	gene	67472541	67655812	.	+	.	ID=gene-Mgam;Dbxref=GeneID:101589892;Name=Mgam;origin=rename;copy_num_ID=gene-LOC101589892_0;coverage=1.0;extra_copy_number=0;gbkey=Gene;gene=LOC101589892;gene_biotype=protein_coding;sequence_ID=0.999;valid_ORFs=1
chr22	Liftoff	gene	67783702	67792736	.	-	.	ID=gene-Moxd2;Dbxref=GeneID:101589105;Name=Moxd2;origin=rename;copy_num_ID=gene-LOC101589105_0;coverage=1.0;extra_copy_number=0;gbkey=Gene;gene=LOC101589105;gene_biotype=protein_coding;sequence_ID=0.998;valid_ORFs=1
chr22	Liftoff	gene	67823166	67830828	.	-	.	ID=gene-Prss58-l1;Dbxref=GeneID:101588704;Name=Prss58-l1;origin=rename;copy_num_ID=gene-LOC101588704_0;coverage=0.998;extra_copy_number=0;gbkey=Gene;gene=LOC101588704;gene_biotype=protein_coding;sequence_ID=0.997;valid_ORFs=1
chr22	Liftoff	gene	67847636	67851957	.	-	.	ID=gene-Try3-l1;Dbxref=GeneID:101593027;Name=Try3-l1;origin=rename;copy_num_ID=gene-LOC101593027_0;coverage=1.0;extra_copy_number=0;gbkey=Gene;gene=LOC101593027;gene_biotype=protein_coding;sequence_ID=0.998;valid_ORFs=1
chr22	Liftoff	gene	67861034	67868341	.	+	.	ID=gene-Try3;Dbxref=GeneID:101588314;Name=Try3;origin=rename;copy_num_ID=gene-LOC101588314_0;coverage=1.0;extra_copy_number=0;gbkey=Gene;gene=LOC101588314;gene_biotype=protein_coding;sequence_ID=0.994;valid_ORFs=1
chr22	Liftoff	gene	68308870	68311885	.	+	.	ID=gene-Try4;Dbxref=GeneID:101592638;Name=Try4;origin=rename;copy_num_ID=gene-LOC101592638_0;coverage=1.0;extra_copy_number=0;gbkey=Gene;gene=LOC101592638;gene_biotype=protein_coding;sequence_ID=1.0;valid_ORFs=1
chr22	Liftoff	gene	68584627	68585908	.	+	.	ID=gene-Llcfc1;Dbxref=GeneID:101578866;Name=Llcfc1;origin=rename;copy_num_ID=gene-LOC101578866_0;coverage=1.0;extra_copy_number=0;gbkey=Gene;gene=LOC101578866;gene_biotype=protein_coding;sequence_ID=0.992;valid_ORFs=1
chr22	Liftoff	gene	68642562	68643811	.	+	.	ID=gene-Llcfc1-l1;Dbxref=GeneID:101578076;Name=Llcfc1-l1;origin=rename;copy_num_ID=gene-LOC101578076_0;coverage=1.0;extra_copy_number=0;gbkey=Gene;gene=LOC101578076;gene_biotype=protein_coding;sequence_ID=1.0;valid_ORFs=1
chr22	Liftoff	gene	68788181	68793642	.	+	.	ID=gene-Pip;Dbxref=GeneID:101576444;Name=Pip;origin=rename;copy_num_ID=gene-LOC101576444_0;coverage=1.0;extra_copy_number=0;gbkey=Gene;gene=LOC101576444;gene_biotype=protein_coding;sequence_ID=1.0;valid_ORFs=1
chr22	Liftoff	gene	68869512	68872231	.	-	.	ID=gene-Atp6v1b2-l1;Dbxref=GeneID:101575269;Name=Atp6v1b2-l1;origin=rename;copy_num_ID=gene-LOC101575269_0;coverage=1.0;end_range=12643094,.;extra_copy_number=0;gbkey=Gene;gene=LOC101575269;gene_biotype=protein_coding;partial=true;sequence_ID=0.998;valid_ORFs=0
chr22	Liftoff	gene	68961081	68962025	.	+	.	ID=gene-Tas2r39;Dbxref=GeneID:101574080;Name=Tas2r39;origin=rename;copy_num_ID=gene-LOC101574080_0;coverage=1.0;extra_copy_number=0;gbkey=Gene;gene=LOC101574080;gene_biotype=protein_coding;sequence_ID=0.990;valid_ORFs=1
chr22	Liftoff	gene	68999847	69000791	.	+	.	ID=gene-Tas2r39-l1;Dbxref=GeneID:101573689;Name=Tas2r39-l1;origin=rename;copy_num_ID=gene-LOC101573689_0;coverage=1.0;extra_copy_number=0;gbkey=Gene;gene=LOC101573689;gene_biotype=protein_coding;sequence_ID=0.976;valid_ORFs=1
chr22	Liftoff	gene	69296369	69297271	.	+	.	ID=gene-Tas2r143;Dbxref=GeneID:101572108;Name=Tas2r143;origin=rename;copy_num_ID=gene-LOC101572108_0;coverage=1.0;extra_copy_number=0;gbkey=Gene;gene=LOC101572108;gene_biotype=protein_coding;sequence_ID=0.974;valid_ORFs=1
chr22	Liftoff	gene	69362459	69363394	.	+	.	ID=gene-Tas2r41;Dbxref=GeneID:101570516;Name=Tas2r41;origin=rename;copy_num_ID=gene-LOC101570516_0;coverage=1.0;extra_copy_number=0;gbkey=Gene;gene=LOC101570516;gene_biotype=protein_coding;sequence_ID=0.996;valid_ORFs=1
chr22	Liftoff	gene	69565617	69566618	.	-	.	ID=gene-Or10ac1;Dbxref=GeneID:101568925;Name=Or10ac1;origin=rename;copy_num_ID=gene-LOC101568925_0;coverage=1.0;extra_copy_number=0;gbkey=Gene;gene=LOC101568925;gene_biotype=protein_coding;sequence_ID=1.0;valid_ORFs=1
chr22	Liftoff	gene	69614119	69627301	.	-	.	ID=gene-Tcaf2;Dbxref=GeneID:101568524;Name=Tcaf2;origin=rename;copy_num_ID=gene-LOC101568524_0;coverage=1.0;extra_copy_number=0;gbkey=Gene;gene=LOC101568524;gene_biotype=protein_coding;sequence_ID=0.987;valid_ORFs=0
chr22	Liftoff	gene	69647949	69669153	.	-	.	ID=gene-Tcaf2-l1;Dbxref=GeneID:101567722;Name=Tcaf2-l1;origin=rename;copy_num_ID=gene-LOC101567722_0;coverage=0.999;extra_copy_number=0;gbkey=Gene;gene=LOC101567722;gene_biotype=protein_coding;sequence_ID=0.991;valid_ORFs=2
chr22	Liftoff	gene	69680086	69727936	.	-	.	ID=gene-Tcaf1;Dbxref=GeneID:101586474;Name=Tcaf1;origin=rename;copy_num_ID=gene-LOC101586474_0;coverage=1.0;extra_copy_number=0;gbkey=Gene;gene=LOC101586474;gene_biotype=protein_coding;sequence_ID=0.998;valid_ORFs=4
chr22	Liftoff	gene	75211171	75218057	.	+	.	ID=gene-Zscan2-l1;Dbxref=GeneID:111816143;Name=Zscan2-l1;origin=rename;copy_num_ID=gene-LOC111816143_0;coverage=1.0;extra_copy_number=0;gbkey=Gene;gene=LOC111816143;gene_biotype=protein_coding;sequence_ID=0.998;valid_ORFs=4
chr22	Liftoff	gene	75389245	75396165	.	-	.	ID=gene-Gimap3;Dbxref=GeneID:111816153;Name=Gimap3;origin=rename;copy_num_ID=gene-LOC111816153_0;coverage=1.0;extra_copy_number=0;gbkey=Gene;gene=LOC111816153;gene_biotype=protein_coding;sequence_ID=0.996;valid_ORFs=2
chr22	Liftoff	gene	76662442	76663217	.	+	.	ID=gene-Snrpg-l1;Dbxref=GeneID:111818053;Name=Snrpg-l1;origin=rename;copy_num_ID=gene-LOC111818053_0;coverage=1.0;extra_copy_number=0;gbkey=Gene;gene=LOC111818053;gene_biotype=protein_coding;sequence_ID=0.996;valid_ORFs=1
chr22	Liftoff	gene	82096518	82165390	.	-	.	ID=gene-Ranbp2;Dbxref=GeneID:101586515;Name=Ranbp2;origin=rename;copy_num_ID=gene-LOC101586515_0;coverage=1.0;extra_copy_number=0;gbkey=Gene;gene=LOC101586515;gene_biotype=protein_coding;sequence_ID=0.999;valid_ORFs=3
chr22	Liftoff	gene	82349324	82357921	.	-	.	ID=gene-Sult1c2;Dbxref=GeneID:101574002;Name=Sult1c2;origin=rename;copy_num_ID=gene-LOC101574002_0;coverage=1.0;extra_copy_number=0;gbkey=Gene;gene=LOC101574002;gene_biotype=protein_coding;sequence_ID=0.998;valid_ORFs=4
chr22	Liftoff	gene	82370827	82379558	.	-	.	ID=gene-Sult1c1;Dbxref=GeneID:101584937;Name=Sult1c1;origin=rename;copy_num_ID=gene-LOC101584937_0;coverage=1.0;extra_copy_number=0;gbkey=Gene;gene=LOC101584937;gene_biotype=protein_coding;sequence_ID=0.999;valid_ORFs=1
chr23	Liftoff	gene	3768039	3825095	.	+	.	ID=gene-Rbm46;Dbxref=GeneID:101574617;Name=Rbm46;origin=rename;copy_num_ID=gene-LOC101574617_0;coverage=1.0;extra_copy_number=0;gbkey=Gene;gene=LOC101574617;gene_biotype=protein_coding;sequence_ID=0.998;valid_ORFs=0
chr23	Liftoff	gene	21033581	21034737	.	-	.	ID=gene-Wtap-l1;Dbxref=GeneID:101563498;Name=Wtap-l1;origin=rename;copy_num_ID=gene-LOC101563498_0;coverage=1.0;extra_copy_number=0;gbkey=Gene;gene=LOC101563498;gene_biotype=protein_coding;sequence_ID=0.994;valid_ORFs=1
chr23	Liftoff	gene	36324954	36410145	.	-	.	ID=gene-Larp1b-l1;Dbxref=GeneID:105742717;Name=Larp1b-l1;origin=rename;copy_num_ID=gene-LOC105742717_0;coverage=1.0;extra_copy_number=0;gbkey=Gene;gene=LOC105742717;gene_biotype=protein_coding;sequence_ID=1.0;valid_ORFs=1
chr23	Liftoff	gene	37231803	37233486	.	-	.	ID=gene-Bag5;Dbxref=GeneID:101576736;Name=Bag5;origin=rename;copy_num_ID=gene-LOC101576736_0;coverage=0.997;extra_copy_number=0;gbkey=Gene;gene=LOC101576736;gene_biotype=protein_coding;sequence_ID=0.990;valid_ORFs=1
chr23	Liftoff	gene	41284897	41285418	.	-	.	ID=gene-H1-0-l1;Dbxref=GeneID:101566007;Name=H1-0-l1;origin=rename;copy_num_ID=gene-LOC101566007_0;coverage=1.0;extra_copy_number=0;gbkey=Gene;gene=LOC101566007;gene_biotype=protein_coding;sequence_ID=0.998;valid_ORFs=1
chr23	Liftoff	gene	42570433	42574280	.	+	.	ID=gene-Cetn4;Dbxref=GeneID:101576069;Name=Cetn4;origin=rename;copy_num_ID=gene-LOC101576069_0;coverage=0.999;extra_copy_number=0;gbkey=Gene;gene=LOC101576069;gene_biotype=protein_coding;sequence_ID=0.998;valid_ORFs=1
chr23	Liftoff	gene	48282375	48284369	.	+	.	ID=gene-Tram1l1;Dbxref=GeneID:101580152;Name=Tram1l1;origin=rename;copy_num_ID=gene-LOC101580152_0;coverage=1.0;extra_copy_number=0;gbkey=Gene;gene=LOC101580152;gene_biotype=protein_coding;sequence_ID=0.999;valid_ORFs=1
chr23	Liftoff	gene	48645795	48657264	.	-	.	ID=gene-Dhx15-l1;Dbxref=GeneID:101580555;Name=Dhx15-l1;origin=rename;copy_num_ID=gene-LOC101580555_0;coverage=0.993;extra_copy_number=0;gbkey=Gene;gene=LOC101580555;gene_biotype=protein_coding;sequence_ID=0.993;valid_ORFs=1
chr23	Liftoff	gene	70071114	70074254	.	-	.	ID=gene-Spart-l1;Dbxref=GeneID:101577981;Name=Spart-l1;origin=rename;copy_num_ID=gene-LOC101577981_0;coverage=1.0;extra_copy_number=0;gbkey=Gene;gene=LOC101577981;gene_biotype=protein_coding;sequence_ID=0.996;valid_ORFs=0
chr23	Liftoff	gene	70630768	70635246	.	-	.	ID=gene-Rpl10a-l1;Dbxref=GeneID:101579162;Name=Rpl10a-l1;origin=rename;copy_num_ID=gene-LOC101579162_0;coverage=1.0;extra_copy_number=0;gbkey=Gene;gene=LOC101579162;gene_biotype=protein_coding;sequence_ID=0.997;valid_ORFs=1
chr23	Liftoff	gene	71669469	71794417	.	+	.	ID=gene-Cdh10;Dbxref=GeneID:101569535;Name=Cdh10;origin=rename;copy_num_ID=gene-LOC101569535_0;coverage=1.0;extra_copy_number=0;gbkey=Gene;gene=LOC101569535;gene_biotype=protein_coding;sequence_ID=0.998;valid_ORFs=1
chr23	Liftoff	gene	82377017	82378869	.	-	.	ID=gene-Smim15-l1;Dbxref=GeneID:101564563;Name=Smim15-l1;origin=rename;copy_num_ID=gene-LOC101564563_0;coverage=1.0;extra_copy_number=0;gbkey=Gene;gene=LOC101564563;gene_biotype=protein_coding;sequence_ID=1.0;valid_ORFs=1
chr23	Liftoff	gene	82444350	82446594	.	-	.	ID=gene-Ralgds-l3;Dbxref=GeneID:111813633;Name=Ralgds-l3;origin=rename;copy_num_ID=gene-LOC111813633_0;coverage=1.0;extra_copy_number=0;gbkey=Gene;gene=LOC111813633;gene_biotype=protein_coding;sequence_ID=0.998;valid_ORFs=1
chr24	Liftoff	gene	139354	189729	.	+	.	ID=gene-Znf709-l6;Dbxref=GeneID:101573449;Name=Znf709-l6;origin=rename;copy_num_ID=gene-LOC101573449_0;coverage=1.0;extra_copy_number=0;gbkey=Gene;gene=LOC101573449;gene_biotype=protein_coding;sequence_ID=1.0;valid_ORFs=2
chr24	Liftoff	gene	3989884	3991905	.	+	.	ID=gene-Tubb4b-l1;Dbxref=GeneID:101581415;Name=Tubb4b-l1;origin=rename;copy_num_ID=gene-LOC101581415_0;coverage=1.0;extra_copy_number=0;gbkey=Gene;gene=LOC101581415;gene_biotype=protein_coding;sequence_ID=1.0;valid_ORFs=1
chr24	Liftoff	gene	12892198	12893058	.	+	.	ID=gene-Psma3-l1;Dbxref=GeneID:101568672;Name=Psma3-l1;origin=rename;copy_num_ID=gene-LOC101568672_0;coverage=1.0;extra_copy_number=0;gbkey=Gene;gene=LOC101568672;gene_biotype=protein_coding;partial=true;sequence_ID=0.988;start_range=.,3522495;valid_ORFs=0
chr24	Liftoff	gene	13463515	13464357	.	-	.	ID=gene-Vom1r90;Dbxref=GeneID:101566284;Name=Vom1r90;origin=rename;copy_num_ID=gene-LOC101566284_0;coverage=1.0;extra_copy_number=0;gbkey=Gene;gene=LOC101566284;gene_biotype=protein_coding;sequence_ID=0.997;valid_ORFs=0
chr24	Liftoff	gene	14354631	14355664	.	-	.	ID=gene-Or2at4;Dbxref=GeneID:101592801;Name=Or2at4;origin=rename;copy_num_ID=gene-LOC101592801_0;coverage=1.0;extra_copy_number=0;gbkey=Gene;gene=LOC101592801;gene_biotype=protein_coding;sequence_ID=1.0;valid_ORFs=1
chr24	Liftoff	gene	17507951	17512923	.	+	.	ID=gene-Hipk2-l1;Dbxref=GeneID:101570524;Name=Hipk2-l1;origin=rename;copy_num_ID=gene-LOC101570524_0;coverage=1.0;extra_copy_number=0;gbkey=Gene;gene=LOC101570524;gene_biotype=protein_coding;sequence_ID=0.998;valid_ORFs=1
chr24	Liftoff	gene	17630464	17632285	.	-	.	ID=gene-Cct5-l1;Dbxref=GeneID:101569713;Name=Cct5-l1;origin=rename;copy_num_ID=gene-LOC101569713_0;coverage=1.0;extra_copy_number=0;gbkey=Gene;gene=LOC101569713;gene_biotype=protein_coding;sequence_ID=0.994;valid_ORFs=1
chr24	Liftoff	gene	21543644	21563408	.	+	.	ID=gene-Chordc1;Dbxref=GeneID:101572078;Name=Chordc1;origin=rename;copy_num_ID=gene-LOC101572078_0;coverage=1.0;extra_copy_number=0;gbkey=Gene;gene=LOC101572078;gene_biotype=protein_coding;sequence_ID=0.997;valid_ORFs=1
chr24	Liftoff	gene	21567776	21644322	.	-	.	ID=gene-Naalad2;Dbxref=GeneID:101572733;Name=Naalad2;origin=rename;copy_num_ID=gene-LOC101572733_0;coverage=1.0;extra_copy_number=0;gbkey=Gene;gene=LOC101572733;gene_biotype=protein_coding;sequence_ID=0.998;valid_ORFs=5
chr24	Liftoff	gene	21702881	21704722	.	+	.	ID=gene-Ubtfl1;Dbxref=GeneID:101566896;Name=Ubtfl1;origin=rename;copy_num_ID=gene-LOC101566896_0;coverage=1.0;extra_copy_number=0;gbkey=Gene;gene=LOC101566896;gene_biotype=protein_coding;sequence_ID=0.996;valid_ORFs=1
chr24	Liftoff	gene	22090442	22095433	.	+	.	ID=gene-Coa4;Dbxref=GeneID:101567695;Name=Coa4;origin=rename;copy_num_ID=gene-LOC101567695_0;coverage=0.999;extra_copy_number=0;gbkey=Gene;gene=LOC101567695;gene_biotype=protein_coding;sequence_ID=0.998;valid_ORFs=3
chr24	Liftoff	gene	23149043	23152470	.	-	.	ID=gene-Trdmt1-l1;Dbxref=GeneID:105743661;Name=Trdmt1-l1;origin=rename;copy_num_ID=gene-LOC105743661_0;coverage=1.0;extra_copy_number=0;gbkey=Gene;gene=LOC105743661;gene_biotype=protein_coding;sequence_ID=0.995;valid_ORFs=3
chr24	Liftoff	gene	24128108	24144814	.	+	.	ID=gene-Trpc2;Dbxref=GeneID:101573267;Name=Trpc2;origin=rename;copy_num_ID=gene-LOC101573267_0;coverage=1.0;extra_copy_number=0;gbkey=Gene;gene=LOC101573267;gene_biotype=protein_coding;sequence_ID=0.998;valid_ORFs=1
chr24	Liftoff	gene	24636116	24637135	.	-	.	ID=gene-Or52e8;Dbxref=GeneID:101559755;Name=Or52e8;origin=rename;copy_num_ID=gene-LOC101559755_0;coverage=1.0;extra_copy_number=0;gbkey=Gene;gene=LOC101559755;gene_biotype=protein_coding;sequence_ID=0.999;valid_ORFs=1
chr24	Liftoff	gene	24656382	24657393	.	-	.	ID=gene-Or52k1;Dbxref=GeneID:101560142;Name=Or52k1;origin=rename;copy_num_ID=gene-LOC101560142_0;coverage=1.0;extra_copy_number=0;gbkey=Gene;gene=LOC101560142;gene_biotype=protein_coding;sequence_ID=0.999;valid_ORFs=1
chr24	Liftoff	gene	24750180	24752603	.	+	.	ID=gene-Or52b4;Dbxref=GeneID:101578051;Name=Or52b4;origin=rename;copy_num_ID=gene-LOC101578051_0;coverage=1.0;extra_copy_number=0;gbkey=Gene;gene=LOC101578051;gene_biotype=protein_coding;sequence_ID=0.996;valid_ORFs=1
chr24	Liftoff	gene	24784003	24787155	.	+	.	ID=gene-Or52b4-l1;Dbxref=GeneID:101578845;Name=Or52b4-l1;origin=rename;copy_num_ID=gene-LOC101578845_0;coverage=1.0;extra_copy_number=0;gbkey=Gene;gene=LOC101578845;gene_biotype=protein_coding;sequence_ID=0.996;valid_ORFs=1
chr24	Liftoff	gene	24816733	24817683	.	+	.	ID=gene-Or52b4-l2;Dbxref=GeneID:101560538;Name=Or52b4-l2;origin=rename;copy_num_ID=gene-LOC101560538_0;coverage=1.0;extra_copy_number=0;gbkey=Gene;gene=LOC101560538;gene_biotype=protein_coding;sequence_ID=0.998;valid_ORFs=1
chr24	Liftoff	gene	24852636	24853589	.	+	.	ID=gene-Or51l1;Dbxref=GeneID:101561735;Name=Or51l1;origin=rename;copy_num_ID=gene-LOC101561735_0;coverage=1.0;extra_copy_number=0;gbkey=Gene;gene=LOC101561735;gene_biotype=protein_coding;sequence_ID=0.996;valid_ORFs=1
chr24	Liftoff	gene	24933444	24935156	.	-	.	ID=gene-Or52m1-l1;Dbxref=GeneID:101581218;Name=Or52m1-l1;origin=rename;copy_num_ID=gene-LOC101581218_0;coverage=1.0;extra_copy_number=0;gbkey=Gene;gene=LOC101581218;gene_biotype=protein_coding;sequence_ID=0.994;valid_ORFs=1
chr24	Liftoff	gene	24952243	24953196	.	+	.	ID=gene-Or52m1;Dbxref=GeneID:101562531;Name=Or52m1;origin=rename;copy_num_ID=gene-LOC101562531_0;coverage=1.0;extra_copy_number=0;gbkey=Gene;gene=LOC101562531;gene_biotype=protein_coding;sequence_ID=0.997;valid_ORFs=1
chr24	Liftoff	gene	24975811	24977251	.	+	.	ID=gene-Or51h1;Dbxref=GeneID:101581601;Name=Or51h1;origin=rename;copy_num_ID=gene-LOC101581601_0;coverage=1.0;extra_copy_number=0;gbkey=Gene;gene=LOC101581601;gene_biotype=protein_coding;sequence_ID=1.0;valid_ORFs=1
chr24	Liftoff	gene	24992042	24993022	.	+	.	ID=gene-Or52i1;Dbxref=GeneID:101581988;Name=Or52i1;origin=rename;copy_num_ID=gene-LOC101581988_0;coverage=1.0;extra_copy_number=0;gbkey=Gene;gene=LOC101581988;gene_biotype=protein_coding;sequence_ID=0.994;valid_ORFs=1
chr24	Liftoff	gene	25012218	25013174	.	+	.	ID=gene-Or52i1-l1;Dbxref=GeneID:101582380;Name=Or52i1-l1;origin=rename;copy_num_ID=gene-LOC101582380_0;coverage=1.0;extra_copy_number=0;gbkey=Gene;gene=LOC101582380;gene_biotype=protein_coding;sequence_ID=0.993;valid_ORFs=1
chr24	Liftoff	gene	25058430	25059404	.	+	.	ID=gene-Or51d1;Dbxref=GeneID:101583199;Name=Or51d1;origin=rename;copy_num_ID=gene-LOC101583199_0;coverage=1.0;extra_copy_number=0;gbkey=Gene;gene=LOC101583199;gene_biotype=protein_coding;sequence_ID=0.998;valid_ORFs=1
chr24	Liftoff	gene	25065789	25077054	.	+	.	ID=gene-Or51e1;Dbxref=GeneID:101563332;Name=Or51e1;origin=rename;copy_num_ID=gene-LOC101563332_0;coverage=1.0;extra_copy_number=0;gbkey=Gene;gene=LOC101563332;gene_biotype=protein_coding;sequence_ID=0.999;valid_ORFs=1
chr24	Liftoff	gene	25083786	25084748	.	-	.	ID=gene-Or51i2-l1;Dbxref=GeneID:101564124;Name=Or51i2-l1;origin=rename;copy_num_ID=gene-LOC101564124_0;coverage=1.0;extra_copy_number=0;gbkey=Gene;gene=LOC101564124;gene_biotype=protein_coding;sequence_ID=0.996;valid_ORFs=1
chr24	Liftoff	gene	25110844	25128048	.	-	.	ID=gene-Or51e2;Dbxref=GeneID:101583590;Name=Or51e2;origin=rename;copy_num_ID=gene-LOC101583590_0;coverage=1.0;extra_copy_number=0;gbkey=Gene;gene=LOC101583590;gene_biotype=protein_coding;sequence_ID=0.997;valid_ORFs=1
chr24	Liftoff	gene	25121493	25122437	.	-	.	ID=gene-Or51c1-l1;Dbxref=GeneID:101564528;Name=Or51c1-l1;origin=rename;copy_num_ID=gene-LOC101564528_0;coverage=1.0;extra_copy_number=0;gbkey=Gene;gene=LOC101564528;gene_biotype=protein_coding;sequence_ID=0.993;valid_ORFs=1
chr24	Liftoff	gene	25141440	25142384	.	+	.	ID=gene-Or51c1;Dbxref=GeneID:101583969;Name=Or51c1;origin=rename;copy_num_ID=gene-LOC101583969_0;coverage=1.0;extra_copy_number=0;gbkey=Gene;gene=LOC101583969;gene_biotype=protein_coding;sequence_ID=0.996;valid_ORFs=1
chr24	Liftoff	gene	25157772	25158722	.	+	.	ID=gene-Or51c1-l2;Dbxref=GeneID:101564908;Name=Or51c1-l2;origin=rename;copy_num_ID=gene-LOC101564908_0;coverage=1.0;extra_copy_number=0;gbkey=Gene;gene=LOC101564908;gene_biotype=protein_coding;sequence_ID=0.998;valid_ORFs=1
chr24	Liftoff	gene	25207034	25207993	.	-	.	ID=gene-Or51f1;Dbxref=GeneID:101565298;Name=Or51f1;origin=rename;copy_num_ID=gene-LOC101565298_0;coverage=1.0;extra_copy_number=0;gbkey=Gene;gene=LOC101565298;gene_biotype=protein_coding;sequence_ID=0.988;valid_ORFs=1
chr24	Liftoff	gene	25231911	25232786	.	-	.	ID=gene-Or51f1-l1;Dbxref=GeneID:101585129;Name=Or51f1-l1;origin=rename;copy_num_ID=gene-LOC101585129_0;coverage=1.0;extra_copy_number=0;gbkey=Gene;gene=LOC101585129;gene_biotype=protein_coding;sequence_ID=0.997;valid_ORFs=1
chr24	Liftoff	gene	25261376	25262320	.	-	.	ID=gene-Or52r1;Dbxref=GeneID:101585527;Name=Or52r1;origin=rename;copy_num_ID=gene-LOC101585527_0;coverage=1.0;extra_copy_number=0;gbkey=Gene;gene=LOC101585527;gene_biotype=protein_coding;sequence_ID=0.997;valid_ORFs=1
chr24	Liftoff	gene	25331897	25332841	.	-	.	ID=gene-Or52r1-l1;Dbxref=GeneID:101566092;Name=Or52r1-l1;origin=rename;copy_num_ID=gene-LOC101566092_0;coverage=1.0;extra_copy_number=0;gbkey=Gene;gene=LOC101566092;gene_biotype=protein_coding;sequence_ID=0.997;valid_ORFs=1
chr24	Liftoff	gene	25364079	25365040	.	+	.	ID=gene-Or51a7;Dbxref=GeneID:101566489;Name=Or51a7;origin=rename;copy_num_ID=gene-LOC101566489_0;coverage=1.0;extra_copy_number=0;gbkey=Gene;gene=LOC101566489;gene_biotype=protein_coding;sequence_ID=0.999;valid_ORFs=1
chr24	Liftoff	gene	25374924	25375895	.	-	.	ID=gene-Or51s1;Dbxref=GeneID:101566894;Name=Or51s1;origin=rename;copy_num_ID=gene-LOC101566894_0;coverage=1.0;extra_copy_number=0;gbkey=Gene;gene=LOC101566894;gene_biotype=protein_coding;sequence_ID=0.995;valid_ORFs=1
chr24	Liftoff	gene	25429973	25430908	.	-	.	ID=gene-Or51a7-l1;Dbxref=GeneID:101567693;Name=Or51a7-l1;origin=rename;copy_num_ID=gene-LOC101567693_0;coverage=1.0;extra_copy_number=0;gbkey=Gene;gene=LOC101567693;gene_biotype=protein_coding;sequence_ID=1.0;valid_ORFs=1
chr24	Liftoff	gene	25450196	25451134	.	+	.	ID=gene-Or51a7-l2;Dbxref=GeneID:101568097;Name=Or51a7-l2;origin=rename;copy_num_ID=gene-LOC101568097_0;coverage=1.0;extra_copy_number=0;gbkey=Gene;gene=LOC101568097;gene_biotype=protein_coding;sequence_ID=1.0;valid_ORFs=1
chr24	Liftoff	gene	25457365	25458315	.	-	.	ID=gene-Or51g2-l1;Dbxref=GeneID:101568498;Name=Or51g2-l1;origin=rename;copy_num_ID=gene-LOC101568498_0;coverage=1.0;extra_copy_number=0;gbkey=Gene;gene=LOC101568498;gene_biotype=protein_coding;sequence_ID=1.0;valid_ORFs=1
chr24	Liftoff	gene	25519070	25520023	.	+	.	ID=gene-Or52e2;Dbxref=GeneID:101586318;Name=Or52e2;origin=rename;copy_num_ID=gene-LOC101586318_0;coverage=1.0;extra_copy_number=0;gbkey=Gene;gene=LOC101586318;gene_biotype=protein_coding;sequence_ID=0.990;valid_ORFs=1
chr24	Liftoff	gene	25538409	25539347	.	-	.	ID=gene-Or52j3-l1;Dbxref=GeneID:101569288;Name=Or52j3-l1;origin=rename;copy_num_ID=gene-LOC101569288_0;coverage=1.0;extra_copy_number=0;gbkey=Gene;gene=LOC101569288;gene_biotype=protein_coding;sequence_ID=0.997;valid_ORFs=1
chr24	Liftoff	gene	25553142	25554089	.	-	.	ID=gene-Or51l1-l1;Dbxref=GeneID:101569682;Name=Or51l1-l1;origin=rename;copy_num_ID=gene-LOC101569682_0;coverage=1.0;extra_copy_number=0;gbkey=Gene;gene=LOC101569682;gene_biotype=protein_coding;sequence_ID=0.996;valid_ORFs=1
chr24	Liftoff	gene	25572466	25573407	.	+	.	ID=gene-Or51a7-l3;Dbxref=GeneID:101586720;Name=Or51a7-l3;origin=rename;copy_num_ID=gene-LOC101586720_0;coverage=1.0;extra_copy_number=0;gbkey=Gene;gene=LOC101586720;gene_biotype=protein_coding;sequence_ID=0.996;valid_ORFs=1
chr24	Liftoff	gene	25597943	25598410	.	-	.	ID=gene-Or51a7-l4;Dbxref=GeneID:111812847;Name=Or51a7-l4;origin=rename;copy_num_ID=gene-LOC111812847_0;coverage=1.0;end_range=4725194,.;extra_copy_number=0;gbkey=Gene;gene=LOC111812847;gene_biotype=protein_coding;partial=true;sequence_ID=0.995;valid_ORFs=0
chr24	Liftoff	gene	25628575	25629519	.	+	.	ID=gene-Or51g2;Dbxref=GeneID:101570080;Name=Or51g2;origin=rename;copy_num_ID=gene-LOC101570080_0;coverage=1.0;extra_copy_number=0;gbkey=Gene;gene=LOC101570080;gene_biotype=protein_coding;sequence_ID=0.996;valid_ORFs=1
chr24	Liftoff	gene	25640245	25641183	.	+	.	ID=gene-Or52j3;Dbxref=GeneID:101570487;Name=Or52j3;origin=rename;copy_num_ID=gene-LOC101570487_0;coverage=1.0;extra_copy_number=0;gbkey=Gene;gene=LOC101570487;gene_biotype=protein_coding;sequence_ID=0.997;valid_ORFs=1
chr24	Liftoff	gene	25771070	25772017	.	-	.	ID=gene-Or52e4;Dbxref=GeneID:101571682;Name=Or52e4;origin=rename;copy_num_ID=gene-LOC101571682_0;coverage=1.0;extra_copy_number=0;gbkey=Gene;gene=LOC101571682;gene_biotype=protein_coding;sequence_ID=0.997;valid_ORFs=1
chr24	Liftoff	gene	25798309	25799253	.	-	.	ID=gene-Or52a1-l1;Dbxref=GeneID:101589086;Name=Or52a1-l1;origin=rename;copy_num_ID=gene-LOC101589086_0;coverage=1.0;extra_copy_number=0;gbkey=Gene;gene=LOC101589086;gene_biotype=protein_coding;sequence_ID=0.997;valid_ORFs=1
chr24	Liftoff	gene	25821645	25822583	.	+	.	ID=gene-Or52e1;Dbxref=GeneID:101589475;Name=Or52e1;origin=rename;copy_num_ID=gene-LOC101589475_0;coverage=1.0;extra_copy_number=0;gbkey=Gene;gene=LOC101589475;gene_biotype=protein_coding;sequence_ID=0.998;valid_ORFs=1
chr24	Liftoff	gene	25841377	25842420	.	+	.	ID=gene-Or52a1;Dbxref=GeneID:101589866;Name=Or52a1;origin=rename;copy_num_ID=gene-LOC101589866_0;coverage=1.0;extra_copy_number=0;gbkey=Gene;gene=LOC101589866;gene_biotype=protein_coding;sequence_ID=0.995;valid_ORFs=1
chr24	Liftoff	gene	25854808	25855326	.	+	.	ID=gene-Or52a1-l2;Dbxref=GeneID:101590262;Name=Or52a1-l2;origin=rename;copy_num_ID=gene-LOC101590262_0;coverage=1.0;extra_copy_number=0;gbkey=Gene;gene=LOC101590262;gene_biotype=protein_coding;partial=true;sequence_ID=0.996;start_range=.,5002781;valid_ORFs=0
chr24	Liftoff	gene	25865086	25866036	.	+	.	ID=gene-Or52a5;Dbxref=GeneID:101590658;Name=Or52a5;origin=rename;copy_num_ID=gene-LOC101590658_0;coverage=1.0;extra_copy_number=0;gbkey=Gene;gene=LOC101590658;gene_biotype=protein_coding;sequence_ID=0.997;valid_ORFs=1
chr24	Liftoff	gene	25872226	25873170	.	-	.	ID=gene-Or52j3-l2;Dbxref=GeneID:101591050;Name=Or52j3-l2;origin=rename;copy_num_ID=gene-LOC101591050_0;coverage=1.0;extra_copy_number=0;gbkey=Gene;gene=LOC101591050;gene_biotype=protein_coding;sequence_ID=0.996;valid_ORFs=1
chr24	Liftoff	gene	25911111	25912070	.	+	.	ID=gene-Or51g2-l2;Dbxref=GeneID:101592238;Name=Or51g2-l2;origin=rename;copy_num_ID=gene-LOC101592238_0;coverage=1.0;extra_copy_number=0;gbkey=Gene;gene=LOC101592238;gene_biotype=protein_coding;sequence_ID=0.989;valid_ORFs=1
chr24	Liftoff	gene	25918055	25920709	.	-	.	ID=gene-Or52b2;Dbxref=GeneID:101592619;Name=Or52b2;origin=rename;copy_num_ID=gene-LOC101592619_0;coverage=1.0;extra_copy_number=0;gbkey=Gene;gene=LOC101592619;gene_biotype=protein_coding;sequence_ID=1.0;valid_ORFs=1
chr24	Liftoff	gene	25948064	25949023	.	-	.	ID=gene-Or51g2-l3;Dbxref=GeneID:101593007;Name=Or51g2-l3;origin=rename;copy_num_ID=gene-LOC101593007_0;coverage=1.0;extra_copy_number=0;gbkey=Gene;gene=LOC101593007;gene_biotype=protein_coding;sequence_ID=0.998;valid_ORFs=1
chr24	Liftoff	gene	25958173	25959120	.	-	.	ID=gene-Or51g2-l4;Dbxref=GeneID:101559624;Name=Or51g2-l4;origin=rename;copy_num_ID=gene-LOC101559624_0;coverage=1.0;extra_copy_number=0;gbkey=Gene;gene=LOC101559624;gene_biotype=protein_coding;sequence_ID=0.998;valid_ORFs=1
chr24	Liftoff	gene	25967260	25968254	.	-	.	ID=gene-Or51g2-l5;Dbxref=GeneID:101560405;Name=Or51g2-l5;origin=rename;copy_num_ID=gene-LOC101560405_0;coverage=0.969;extra_copy_number=0;gbkey=Gene;gene=LOC101560405;gene_biotype=protein_coding;sequence_ID=0.962;valid_ORFs=0
chr24	Liftoff	gene	25973236	25974186	.	-	.	ID=gene-Or51g2-l6;Dbxref=GeneID:101560806;Name=Or51g2-l6;origin=rename;copy_num_ID=gene-LOC101560806_0;coverage=0.998;extra_copy_number=0;gbkey=Gene;gene=LOC101560806;gene_biotype=protein_coding;sequence_ID=0.994;valid_ORFs=1
chr24	Liftoff	gene	25994155	25995108	.	+	.	ID=gene-Or51f2;Dbxref=GeneID:101572476;Name=Or51f2;origin=rename;copy_num_ID=gene-LOC101572476_0;coverage=1.0;extra_copy_number=0;gbkey=Gene;gene=LOC101572476;gene_biotype=protein_coding;sequence_ID=0.996;valid_ORFs=1
chr24	Liftoff	gene	26005676	26006620	.	+	.	ID=gene-Or51i1;Dbxref=GeneID:101561202;Name=Or51i1;origin=rename;copy_num_ID=gene-LOC101561202_0;coverage=1.0;extra_copy_number=0;gbkey=Gene;gene=LOC101561202;gene_biotype=protein_coding;sequence_ID=1.0;valid_ORFs=1
chr24	Liftoff	gene	26044090	26045034	.	-	.	ID=gene-Or51v1;Dbxref=GeneID:101573265;Name=Or51v1;origin=rename;copy_num_ID=gene-LOC101573265_0;coverage=1.0;extra_copy_number=0;gbkey=Gene;gene=LOC101573265;gene_biotype=protein_coding;sequence_ID=0.997;valid_ORFs=1
chr24	Liftoff	gene	26063226	26064170	.	-	.	ID=gene-Or51v1-l1;Dbxref=GeneID:101561989;Name=Or51v1-l1;origin=rename;copy_num_ID=gene-LOC101561989_0;coverage=1.0;extra_copy_number=0;gbkey=Gene;gene=LOC101561989;gene_biotype=protein_coding;sequence_ID=0.996;valid_ORFs=1
chr24	Liftoff	gene	26106861	26107811	.	-	.	ID=gene-Or52p1-l1;Dbxref=GeneID:101573666;Name=Or52p1-l1;origin=rename;copy_num_ID=gene-LOC101573666_0;coverage=1.0;extra_copy_number=0;gbkey=Gene;gene=LOC101573666;gene_biotype=protein_coding;sequence_ID=0.996;valid_ORFs=1
chr24	Liftoff	gene	26156535	26157473	.	-	.	ID=gene-Or52a1-l3;Dbxref=GeneID:101574443;Name=Or52a1-l3;origin=rename;copy_num_ID=gene-LOC101574443_0;coverage=1.0;extra_copy_number=0;gbkey=Gene;gene=LOC101574443;gene_biotype=protein_coding;sequence_ID=0.998;valid_ORFs=1
chr24	Liftoff	gene	26184588	26185556	.	-	.	ID=gene-Or52z1p;Dbxref=GeneID:101563194;Name=Or52z1p;origin=rename;copy_num_ID=gene-LOC101563194_0;coverage=1.0;extra_copy_number=0;gbkey=Gene;gene=LOC101563194;gene_biotype=protein_coding;sequence_ID=0.996;valid_ORFs=1
chr24	Liftoff	gene	26211845	26213172	.	-	.	ID=gene-Hbb;Dbxref=GeneID:101574848;Name=Hbb;origin=rename;copy_num_ID=gene-LOC101574848_0;coverage=1.0;extra_copy_number=0;gbkey=Gene;gene=LOC101574848;gene_biotype=protein_coding;sequence_ID=0.999;valid_ORFs=1
chr24	Liftoff	gene	26228186	26229553	.	-	.	ID=gene-Hbe1;Dbxref=GeneID:101575242;Name=Hbe1;origin=rename;copy_num_ID=gene-LOC101575242_0;coverage=1.0;extra_copy_number=0;gbkey=Gene;gene=LOC101575242;gene_biotype=protein_coding;sequence_ID=0.997;valid_ORFs=1
chr24	Liftoff	gene	26265710	26266645	.	-	.	ID=gene-Or51b4;Dbxref=GeneID:101576025;Name=Or51b4;origin=rename;copy_num_ID=gene-LOC101576025_0;coverage=1.0;extra_copy_number=0;gbkey=Gene;gene=LOC101576025;gene_biotype=protein_coding;sequence_ID=0.991;valid_ORFs=1
chr24	Liftoff	gene	26277812	26278747	.	-	.	ID=gene-Or51b2;Dbxref=GeneID:101576418;Name=Or51b2;origin=rename;copy_num_ID=gene-LOC101576418_0;coverage=1.0;extra_copy_number=0;gbkey=Gene;gene=LOC101576418;gene_biotype=protein_coding;sequence_ID=0.993;valid_ORFs=1
chr24	Liftoff	gene	26294432	26295262	.	+	.	ID=gene-Or51b6;Dbxref=GeneID:101577236;Name=Or51b6;origin=rename;copy_num_ID=gene-LOC101577236_0;coverage=1.0;extra_copy_number=0;gbkey=Gene;gene=LOC101577236;gene_biotype=protein_coding;partial=true;sequence_ID=0.991;start_range=.,5491260;valid_ORFs=0
chr24	Liftoff	gene	26359950	26360912	.	+	.	ID=gene-Or51q1;Dbxref=GeneID:101565566;Name=Or51q1;origin=rename;copy_num_ID=gene-LOC101565566_0;coverage=1.0;extra_copy_number=0;gbkey=Gene;gene=LOC101565566;gene_biotype=protein_coding;sequence_ID=1.0;valid_ORFs=1
chr24	Liftoff	gene	26367353	26368303	.	-	.	ID=gene-Or51i2-l2;Dbxref=GeneID:101565962;Name=Or51i2-l2;origin=rename;copy_num_ID=gene-LOC101565962_0;coverage=1.0;extra_copy_number=0;gbkey=Gene;gene=LOC101565962;gene_biotype=protein_coding;sequence_ID=0.997;valid_ORFs=1
chr24	Liftoff	gene	26378056	26378994	.	-	.	ID=gene-Or51i1-l1;Dbxref=GeneID:101578445;Name=Or51i1-l1;origin=rename;copy_num_ID=gene-LOC101578445_0;coverage=1.0;extra_copy_number=0;gbkey=Gene;gene=LOC101578445;gene_biotype=protein_coding;sequence_ID=0.997;valid_ORFs=1
chr24	Liftoff	gene	26397893	26398920	.	+	.	ID=gene-Or51i2;Dbxref=GeneID:101578844;Name=Or51i2;origin=rename;copy_num_ID=gene-LOC101578844_0;coverage=1.0;extra_copy_number=0;gbkey=Gene;gene=LOC101578844;gene_biotype=protein_coding;sequence_ID=0.997;valid_ORFs=1
chr24	Liftoff	gene	26409029	26409973	.	-	.	ID=gene-Or51i2-l3;Dbxref=GeneID:101566363;Name=Or51i2-l3;origin=rename;copy_num_ID=gene-LOC101566363_0;coverage=1.0;extra_copy_number=0;gbkey=Gene;gene=LOC101566363;gene_biotype=protein_coding;sequence_ID=0.992;valid_ORFs=1
chr24	Liftoff	gene	26450753	26451697	.	-	.	ID=gene-Or51i2-l4;Dbxref=GeneID:101566755;Name=Or51i2-l4;origin=rename;copy_num_ID=gene-LOC101566755_0;coverage=1.0;extra_copy_number=0;gbkey=Gene;gene=LOC101566755;gene_biotype=protein_coding;sequence_ID=0.987;valid_ORFs=1
chr24	Liftoff	gene	26465048	26465992	.	-	.	ID=gene-Or51i1-l2;Dbxref=GeneID:101579234;Name=Or51i1-l2;origin=rename;copy_num_ID=gene-LOC101579234_0;coverage=1.0;extra_copy_number=0;gbkey=Gene;gene=LOC101579234;gene_biotype=protein_coding;sequence_ID=0.995;valid_ORFs=1
chr24	Liftoff	gene	26478797	26479744	.	-	.	ID=gene-Or51i2-l5;Dbxref=GeneID:101567148;Name=Or51i2-l5;origin=rename;copy_num_ID=gene-LOC101567148_0;coverage=1.0;extra_copy_number=0;gbkey=Gene;gene=LOC101567148;gene_biotype=protein_coding;sequence_ID=0.996;valid_ORFs=1
chr24	Liftoff	gene	26520093	26521824	.	-	.	ID=gene-Ubqln1-l1;Dbxref=GeneID:101567952;Name=Ubqln1-l1;origin=rename;copy_num_ID=gene-LOC101567952_0;coverage=1.0;extra_copy_number=0;gbkey=Gene;gene=LOC101567952;gene_biotype=protein_coding;sequence_ID=0.999;valid_ORFs=1
chr24	Liftoff	gene	26530778	26533336	.	-	.	ID=gene-Ubqln3;Dbxref=GeneID:101568346;Name=Ubqln3;origin=rename;copy_num_ID=gene-LOC101568346_0;coverage=1.0;extra_copy_number=0;gbkey=Gene;gene=LOC101568346;gene_biotype=protein_coding;sequence_ID=1.0;valid_ORFs=1
chr24	Liftoff	gene	26543640	26552005	.	-	.	ID=gene-Olfm4-l1;Dbxref=GeneID:101568757;Name=Olfm4-l1;origin=rename;copy_num_ID=gene-LOC101568757_0;coverage=1.0;extra_copy_number=0;gbkey=Gene;gene=LOC101568757;gene_biotype=protein_coding;sequence_ID=1.0;valid_ORFs=1
chr24	Liftoff	gene	26574027	26574971	.	-	.	ID=gene-Or52h1-l1;Dbxref=GeneID:101569146;Name=Or52h1-l1;origin=rename;copy_num_ID=gene-LOC101569146_0;coverage=1.0;extra_copy_number=0;gbkey=Gene;gene=LOC101569146;gene_biotype=protein_coding;sequence_ID=0.997;valid_ORFs=1
chr24	Liftoff	gene	26596315	26597325	.	+	.	ID=gene-Or52b6;Dbxref=GeneID:101580815;Name=Or52b6;origin=rename;copy_num_ID=gene-LOC101580815_0;coverage=1.0;extra_copy_number=0;gbkey=Gene;gene=LOC101580815;gene_biotype=protein_coding;sequence_ID=0.998;valid_ORFs=1
chr24	Liftoff	gene	26629776	26638045	.	+	.	ID=gene-Trim6;Dbxref=GeneID:105743655;Name=Trim6;origin=rename;copy_num_ID=gene-LOC105743655_0;coverage=1.0;extra_copy_number=0;gbkey=Gene;gene=LOC105743655;gene_biotype=protein_coding;sequence_ID=0.998;valid_ORFs=1
chr24	Liftoff	gene	26683778	26698840	.	+	.	ID=gene-Trim34;Dbxref=GeneID:101569936;Name=Trim34;origin=rename;copy_num_ID=gene-LOC101569936_0;coverage=1.0;extra_copy_number=0;gbkey=Gene;gene=LOC101569936;gene_biotype=protein_coding;sequence_ID=0.999;valid_ORFs=2
chr24	Liftoff	gene	26740429	26761889	.	+	.	ID=gene-Trim5;Dbxref=GeneID:105743656;Name=Trim5;origin=rename;copy_num_ID=gene-LOC105743656_0;coverage=1.0;extra_copy_number=0;gbkey=Gene;gene=LOC105743656;gene_biotype=protein_coding;sequence_ID=0.997;valid_ORFs=2
chr24	Liftoff	gene	26769682	26927038	.	+	.	ID=gene-Trim5-l1;Dbxref=GeneID:101570739;Name=Trim5-l1;origin=rename;copy_num_ID=gene-LOC101570739_0;coverage=0.997;extra_copy_number=0;gbkey=Gene;gene=LOC101570739;gene_biotype=protein_coding;sequence_ID=0.994;valid_ORFs=6
chr24	Liftoff	gene	26777468	26798036	.	+	.	ID=gene-Trim5-l2;Dbxref=GeneID:101570337;Name=Trim5-l2;origin=rename;copy_num_ID=gene-LOC101570337_0;coverage=1.0;extra_copy_number=0;gbkey=Gene;gene=LOC101570337;gene_biotype=protein_coding;sequence_ID=0.999;valid_ORFs=1
chr24	Liftoff	gene	26871245	26960187	.	+	.	ID=gene-Trim5-l3;Dbxref=GeneID:101571138;Name=Trim5-l3;origin=rename;copy_num_ID=gene-LOC101571138_0;coverage=1.0;extra_copy_number=0;gbkey=Gene;gene=LOC101571138;gene_biotype=protein_coding;sequence_ID=0.997;valid_ORFs=1
chr24	Liftoff	gene	26886940	26905898	.	+	.	ID=gene-Ppia-l1;Dbxref=GeneID:101581987;Name=Ppia-l1;origin=rename;copy_num_ID=gene-LOC101581987_0;coverage=1.0;extra_copy_number=0;gbkey=Gene;gene=LOC101581987;gene_biotype=protein_coding;sequence_ID=0.999;valid_ORFs=1
chr24	Liftoff	gene	26980984	26981925	.	+	.	ID=gene-Or52h1;Dbxref=GeneID:101582379;Name=Or52h1;origin=rename;copy_num_ID=gene-LOC101582379_0;coverage=1.0;extra_copy_number=0;gbkey=Gene;gene=LOC101582379;gene_biotype=protein_coding;sequence_ID=1.0;valid_ORFs=1
chr24	Liftoff	gene	26990774	26991736	.	+	.	ID=gene-Or52h1-l2;Dbxref=GeneID:101571940;Name=Or52h1-l2;origin=rename;copy_num_ID=gene-LOC101571940_0;coverage=1.0;extra_copy_number=0;gbkey=Gene;gene=LOC101571940;gene_biotype=protein_coding;sequence_ID=0.997;valid_ORFs=1
chr24	Liftoff	gene	27005052	27006002	.	+	.	ID=gene-Or52d1;Dbxref=GeneID:101582790;Name=Or52d1;origin=rename;copy_num_ID=gene-LOC101582790_0;coverage=1.0;extra_copy_number=0;gbkey=Gene;gene=LOC101582790;gene_biotype=protein_coding;sequence_ID=0.997;valid_ORFs=1
chr24	Liftoff	gene	27012162	27013767	.	+	.	ID=gene-Or52p1;Dbxref=GeneID:101572339;Name=Or52p1;origin=rename;copy_num_ID=gene-LOC101572339_0;coverage=1.0;extra_copy_number=0;gbkey=Gene;gene=LOC101572339;gene_biotype=protein_coding;sequence_ID=0.997;valid_ORFs=1
chr24	Liftoff	gene	27038299	27039234	.	-	.	ID=gene-Or52p1-l2;Dbxref=GeneID:101572734;Name=Or52p1-l2;origin=rename;copy_num_ID=gene-LOC101572734_0;coverage=1.0;extra_copy_number=0;gbkey=Gene;gene=LOC101572734;gene_biotype=protein_coding;sequence_ID=0.997;valid_ORFs=1
chr24	Liftoff	gene	27069155	27070144	.	+	.	ID=gene-Or52p1-l3;Dbxref=GeneID:101583968;Name=Or52p1-l3;origin=rename;copy_num_ID=gene-LOC101583968_0;coverage=1.0;extra_copy_number=0;gbkey=Gene;gene=LOC101583968;gene_biotype=protein_coding;sequence_ID=0.997;valid_ORFs=1
chr24	Liftoff	gene	27103607	27104464	.	+	.	ID=gene-Or56b1;Dbxref=GeneID:101584347;Name=Or56b1;origin=rename;copy_num_ID=gene-LOC101584347_0;coverage=0.893;extra_copy_number=0;gbkey=Gene;gene=LOC101584347;gene_biotype=protein_coding;sequence_ID=0.884;valid_ORFs=0
chr24	Liftoff	gene	27148887	27149846	.	+	.	ID=gene-Or56b2;Dbxref=GeneID:101573537;Name=Or56b2;origin=rename;copy_num_ID=gene-LOC101573537_0;coverage=1.0;extra_copy_number=0;gbkey=Gene;gene=LOC101573537;gene_biotype=protein_coding;sequence_ID=0.952;valid_ORFs=1
chr24	Liftoff	gene	27156102	27157067	.	-	.	ID=gene-Or52n1;Dbxref=GeneID:101584732;Name=Or52n1;origin=rename;copy_num_ID=gene-LOC101584732_0;coverage=1.0;extra_copy_number=0;gbkey=Gene;gene=LOC101584732;gene_biotype=protein_coding;sequence_ID=0.996;valid_ORFs=1
chr24	Liftoff	gene	27234372	27235325	.	+	.	ID=gene-Or52n5;Dbxref=GeneID:101574316;Name=Or52n5;origin=rename;copy_num_ID=gene-LOC101574316_0;coverage=1.0;extra_copy_number=0;gbkey=Gene;gene=LOC101574316;gene_biotype=protein_coding;sequence_ID=0.996;valid_ORFs=1
chr24	Liftoff	gene	27365508	27366449	.	+	.	ID=gene-Or56a3;Dbxref=GeneID:101575900;Name=Or56a3;origin=rename;copy_num_ID=gene-LOC101575900_0;coverage=1.0;extra_copy_number=0;gbkey=Gene;gene=LOC101575900;gene_biotype=protein_coding;sequence_ID=0.996;valid_ORFs=1
chr24	Liftoff	gene	27383990	27384934	.	-	.	ID=gene-Or56a4;Dbxref=GeneID:101585525;Name=Or56a4;origin=rename;copy_num_ID=gene-LOC101585525_0;coverage=1.0;extra_copy_number=0;gbkey=Gene;gene=LOC101585525;gene_biotype=protein_coding;sequence_ID=0.998;valid_ORFs=1
chr24	Liftoff	gene	27421676	27422650	.	-	.	ID=gene-Or56a4-l1;Dbxref=GeneID:101586316;Name=Or56a4-l1;origin=rename;copy_num_ID=gene-LOC101586316_0;coverage=1.0;extra_copy_number=0;gbkey=Gene;gene=LOC101586316;gene_biotype=protein_coding;sequence_ID=0.986;valid_ORFs=1
chr24	Liftoff	gene	27454171	27455158	.	-	.	ID=gene-Or52l1;Dbxref=GeneID:101577106;Name=Or52l1;origin=rename;copy_num_ID=gene-LOC101577106_0;coverage=1.0;extra_copy_number=0;gbkey=Gene;gene=LOC101577106;gene_biotype=protein_coding;sequence_ID=1.0;valid_ORFs=1
chr24	Liftoff	gene	27519732	27531446	.	+	.	ID=gene-Or56b34;Dbxref=GeneID:101577920;Name=Or56b34;origin=rename;copy_num_ID=gene-LOC101577920_0;coverage=1.0;extra_copy_number=0;gbkey=Gene;gene=LOC101577920;gene_biotype=protein_coding;sequence_ID=0.993;valid_ORFs=1
chr24	Liftoff	gene	27555549	27558492	.	-	.	ID=gene-Or52b2-l1;Dbxref=GeneID:101578717;Name=Or52b2-l1;origin=rename;copy_num_ID=gene-LOC101578717_0;coverage=0.999;extra_copy_number=0;gbkey=Gene;gene=LOC101578717;gene_biotype=protein_coding;sequence_ID=0.994;valid_ORFs=0
chr24	Liftoff	gene	27562264	27564984	.	-	.	ID=gene-Or52b2-l2;Dbxref=GeneID:101587116;Name=Or52b2-l2;origin=rename;copy_num_ID=gene-LOC101587116_0;coverage=1.0;extra_copy_number=0;gbkey=Gene;gene=LOC101587116;gene_biotype=protein_coding;sequence_ID=0.995;valid_ORFs=1
chr24	Liftoff	gene	27599454	27601271	.	+	.	ID=gene-Or52w1;Dbxref=GeneID:101579507;Name=Or52w1;origin=rename;copy_num_ID=gene-LOC101579507_0;coverage=1.0;extra_copy_number=0;gbkey=Gene;gene=LOC101579507;gene_biotype=protein_coding;sequence_ID=0.997;valid_ORFs=1
chr24	Liftoff	gene	27944165	27985694	.	+	.	ID=gene-Dnhd1;Dbxref=GeneID:101581090;Name=Dnhd1;origin=rename;copy_num_ID=gene-LOC101581090_0;coverage=1.0;extra_copy_number=0;gbkey=Gene;gene=LOC101581090;gene_biotype=protein_coding;sequence_ID=0.999;valid_ORFs=1
chr24	Liftoff	gene	28130154	28137440	.	-	.	ID=gene-Gvinp1-l1;Dbxref=GeneID:101581862;Name=Gvinp1-l1;origin=rename;copy_num_ID=gene-LOC101581862_0;coverage=1.0;extra_copy_number=0;gbkey=Gene;gene=LOC101581862;gene_biotype=protein_coding;sequence_ID=0.998;valid_ORFs=1
chr24	Liftoff	gene	28303419	28308533	.	-	.	ID=gene-Gvinp1-l2;Dbxref=GeneID:101577313;Name=Gvinp1-l2;origin=rename;copy_num_ID=gene-LOC101577313_0;coverage=1.0;extra_copy_number=0;gbkey=Gene;gene=LOC101577313;gene_biotype=protein_coding;sequence_ID=0.999;valid_ORFs=1
chr24	Liftoff	gene	28593397	28734513	.	+	.	ID=gene-Gvinp1;Dbxref=GeneID:101567883;Name=Gvinp1;origin=rename;copy_num_ID=gene-LOC101567883_0;coverage=1.0;extra_copy_number=0;gbkey=Gene;gene=LOC101567883;gene_biotype=protein_coding;sequence_ID=0.998;valid_ORFs=2
chr24	Liftoff	gene	28949662	28994598	.	+	.	ID=gene-Gvinp1-l3;Dbxref=GeneID:101568679;Name=Gvinp1-l3;origin=rename;copy_num_ID=gene-LOC101568679_0;coverage=1.0;extra_copy_number=0;gbkey=Gene;gene=LOC101568679;gene_biotype=protein_coding;sequence_ID=0.995;valid_ORFs=1
chr24	Liftoff	gene	30556863	30567539	.	-	.	ID=gene-Cyb5r2;Dbxref=GeneID:101562603;Name=Cyb5r2;origin=rename;copy_num_ID=gene-LOC101562603_0;coverage=0.994;extra_copy_number=0;gbkey=Gene;gene=LOC101562603;gene_biotype=protein_coding;sequence_ID=0.991;valid_ORFs=1
chr24	Liftoff	gene	33190405	33191076	.	+	.	ID=gene-Atp5mc3-l1;Dbxref=GeneID:101584528;Name=Atp5mc3-l1;origin=rename;copy_num_ID=gene-LOC101584528_0;coverage=0.964;extra_copy_number=0;gbkey=Gene;gene=LOC101584528;gene_biotype=protein_coding;sequence_ID=0.947;valid_ORFs=1
chr24	Liftoff	gene	38478398	38494969	.	-	.	ID=gene-Cyp2r1;Dbxref=GeneID:101581815;Name=Cyp2r1;origin=rename;copy_num_ID=gene-LOC101581815_0;coverage=1.0;extra_copy_number=0;gbkey=Gene;gene=LOC101581815;gene_biotype=protein_coding;sequence_ID=0.998;valid_ORFs=1
chr24	Liftoff	gene	38607165	38611308	.	-	.	ID=gene-Calca;Dbxref=GeneID:101582205;Name=Calca;origin=rename;copy_num_ID=gene-LOC101582205_0;coverage=1.0;extra_copy_number=0;gbkey=Gene;gene=LOC101582205;gene_biotype=protein_coding;sequence_ID=0.998;valid_ORFs=1
chr24	Liftoff	gene	38648071	38649576	.	-	.	ID=gene-Ldha-l1;Dbxref=GeneID:101582597;Name=Ldha-l1;origin=rename;copy_num_ID=gene-LOC101582597_0;coverage=1.0;extra_copy_number=0;gbkey=Gene;gene=LOC101582597;gene_biotype=protein_coding;sequence_ID=0.996;valid_ORFs=2
chr24	Liftoff	gene	40300468	40301558	.	+	.	ID=gene-Hesx1-l1;Dbxref=GeneID:101585460;Name=Hesx1-l1;origin=rename;copy_num_ID=gene-LOC101585460_0;coverage=1.0;extra_copy_number=0;gbkey=Gene;gene=LOC101585460;gene_biotype=protein_coding;sequence_ID=0.994;valid_ORFs=1
chr24	Liftoff	gene	41122159	41131980	.	+	.	ID=gene-Ncr3lg1-l1;Dbxref=GeneID:105742698;Name=Ncr3lg1-l1;origin=rename;copy_num_ID=gene-LOC105742698_0;coverage=1.0;extra_copy_number=0;gbkey=Gene;gene=LOC105742698;gene_biotype=protein_coding;sequence_ID=1.0;valid_ORFs=1
chr24	Liftoff	gene	41211230	41219857	.	+	.	ID=gene-Ncr3lg1-l2;Dbxref=GeneID:111817702;Name=Ncr3lg1-l2;origin=rename;copy_num_ID=gene-LOC111817702_0;coverage=1.0;extra_copy_number=0;gbkey=Gene;gene=LOC111817702;gene_biotype=protein_coding;sequence_ID=0.997;valid_ORFs=2
chr24	Liftoff	gene	42113329	42118249	.	-	.	ID=gene-Saa3;Dbxref=GeneID:101592695;Name=Saa3;origin=rename;copy_num_ID=gene-LOC101592695_0;coverage=1.0;extra_copy_number=0;gbkey=Gene;gene=LOC101592695;gene_biotype=protein_coding;sequence_ID=0.995;valid_ORFs=2
chr24	Liftoff	gene	42163469	42168040	.	-	.	ID=gene-Saa3-l1;Dbxref=GeneID:111817694;Name=Saa3-l1;origin=rename;copy_num_ID=gene-LOC111817694_0;coverage=1.0;extra_copy_number=0;gbkey=Gene;gene=LOC111817694;gene_biotype=protein_coding;sequence_ID=1.0;valid_ORFs=1
chr24	Liftoff	gene	42981675	42988717	.	-	.	ID=gene-Mrgprx2;Dbxref=GeneID:105742702;Name=Mrgprx2;origin=rename;copy_num_ID=gene-LOC105742702_0;coverage=0.997;extra_copy_number=0;gbkey=Gene;gene=LOC105742702;gene_biotype=protein_coding;sequence_ID=0.995;valid_ORFs=0
chr24	Liftoff	gene	43103278	43104255	.	-	.	ID=gene-Mrgprx3;Dbxref=GeneID:101588238;Name=Mrgprx3;origin=rename;copy_num_ID=gene-LOC101588238_0;coverage=1.0;extra_copy_number=0;gbkey=Gene;gene=LOC101588238;gene_biotype=protein_coding;sequence_ID=0.997;valid_ORFs=1
chr24	Liftoff	gene	43684696	43685830	.	-	.	ID=gene-Mrgprx1;Dbxref=GeneID:101584878;Name=Mrgprx1;origin=rename;copy_num_ID=gene-LOC101584878_0;coverage=1.0;extra_copy_number=0;gbkey=Gene;gene=LOC101584878;gene_biotype=protein_coding;sequence_ID=0.999;valid_ORFs=1
chr24	Liftoff	gene	43738287	43739333	.	-	.	ID=gene-Mrgprx1-l1;Dbxref=GeneID:101584488;Name=Mrgprx1-l1;origin=rename;copy_num_ID=gene-LOC101584488_0;coverage=1.0;extra_copy_number=0;gbkey=Gene;gene=LOC101584488;gene_biotype=protein_coding;sequence_ID=0.989;valid_ORFs=1
chr24	Liftoff	gene	43833739	43834731	.	-	.	ID=gene-Mrgprx1-l2;Dbxref=GeneID:101582931;Name=Mrgprx1-l2;origin=rename;copy_num_ID=gene-LOC101582931_0;coverage=1.0;extra_copy_number=0;gbkey=Gene;gene=LOC101582931;gene_biotype=protein_coding;sequence_ID=0.997;valid_ORFs=1
chr24	Liftoff	gene	50336577	50337245	.	+	.	ID=gene-Btf3l4-l1;Dbxref=GeneID:101581293;Name=Btf3l4-l1;origin=rename;copy_num_ID=gene-LOC101581293_0;coverage=1.0;extra_copy_number=0;gbkey=Gene;gene=LOC101581293;gene_biotype=protein_coding;sequence_ID=0.998;valid_ORFs=1
chr24	Liftoff	gene	62966018	62967176	.	-	.	ID=gene-Ifitm3-l1;Dbxref=GeneID:101569250;Name=Ifitm3-l1;origin=rename;copy_num_ID=gene-LOC101569250_0;coverage=1.0;extra_copy_number=0;gbkey=Gene;gene=LOC101569250;gene_biotype=protein_coding;sequence_ID=0.988;valid_ORFs=1
chr24	Liftoff	gene	62980355	62981469	.	+	.	ID=gene-Ifitm3;Dbxref=GeneID:101568862;Name=Ifitm3;origin=rename;copy_num_ID=gene-LOC101568862_0;coverage=1.0;extra_copy_number=0;gbkey=Gene;gene=LOC101568862;gene_biotype=protein_coding;sequence_ID=0.997;valid_ORFs=1
chr24	Liftoff	gene	63023685	63025680	.	+	.	ID=gene-Cox8b;Dbxref=GeneID:101567652;Name=Cox8b;origin=rename;copy_num_ID=gene-LOC101567652_0;coverage=1.0;extra_copy_number=0;gbkey=Gene;gene=LOC101567652;gene_biotype=protein_coding;sequence_ID=1.0;valid_ORFs=1
chr25	Liftoff	gene	6146153	6164894	.	+	.	ID=gene-Sold1;Dbxref=GeneID:111812682;Name=Sold1;origin=rename;copy_num_ID=gene-LOC111812682_0;coverage=1.0;extra_copy_number=0;gbkey=Gene;gene=LOC111812682;gene_biotype=protein_coding;sequence_ID=1.0;valid_ORFs=1
chr25	Liftoff	gene	16033238	16063556	.	+	.	ID=gene-Glb1l2;Dbxref=GeneID:101587776;Name=Glb1l2;origin=rename;copy_num_ID=gene-LOC101587776_0;coverage=0.999;extra_copy_number=0;gbkey=Gene;gene=LOC101587776;gene_biotype=protein_coding;sequence_ID=0.998;valid_ORFs=2
chr25	Liftoff	gene	17507911	17509893	.	+	.	ID=gene-Kdm4d-l1;Dbxref=GeneID:101565039;Name=Kdm4d-l1;origin=rename;copy_num_ID=gene-LOC101565039_0;coverage=1.0;extra_copy_number=0;gbkey=Gene;gene=LOC101565039;gene_biotype=protein_coding;sequence_ID=0.996;valid_ORFs=1
chr25	Liftoff	gene	18780198	18813822	.	-	.	ID=gene-Ccdc82;Dbxref=GeneID:101561460;Name=Ccdc82;origin=rename;copy_num_ID=gene-LOC101561460_0;coverage=1.0;extra_copy_number=0;gbkey=Gene;gene=LOC101561460;gene_biotype=protein_coding;sequence_ID=0.958;valid_ORFs=1
chr25	Liftoff	gene	24281777	24295692	.	+	.	ID=gene-Birc3;Dbxref=GeneID:101592230;Name=Birc3;origin=rename;copy_num_ID=gene-LOC101592230_0;coverage=0.999;extra_copy_number=0;gbkey=Gene;gene=LOC101592230;gene_biotype=protein_coding;sequence_ID=0.998;valid_ORFs=5
chr25	Liftoff	gene	24710251	24718227	.	-	.	ID=gene-Mmp3;Dbxref=GeneID:101589468;Name=Mmp3;origin=rename;copy_num_ID=gene-LOC101589468_0;coverage=1.0;extra_copy_number=0;gbkey=Gene;gene=LOC101589468;gene_biotype=protein_coding;sequence_ID=0.998;valid_ORFs=1
chr25	Liftoff	gene	26698865	26724713	.	-	.	ID=gene-Casp4;Dbxref=GeneID:101581856;Name=Casp4;origin=rename;copy_num_ID=gene-LOC101581856_0;coverage=1.0;extra_copy_number=0;gbkey=Gene;gene=LOC101581856;gene_biotype=protein_coding;sequence_ID=0.997;valid_ORFs=1
chr25	Liftoff	gene	26726155	26739140	.	-	.	ID=gene-Casp1;Dbxref=GeneID:101581472;Name=Casp1;origin=rename;copy_num_ID=gene-LOC101581472_0;coverage=1.0;extra_copy_number=0;gbkey=Gene;gene=LOC101581472;gene_biotype=protein_coding;sequence_ID=1.0;valid_ORFs=1
chr25	Liftoff	gene	29973750	29983643	.	+	.	ID=gene-Acat1;Dbxref=GeneID:111815171;Name=Acat1;origin=rename;copy_num_ID=gene-LOC111815171_0;coverage=1.0;end_range=15096653,.;extra_copy_number=0;gbkey=Gene;gene=LOC111815171;gene_biotype=protein_coding;partial=true;sequence_ID=1.0;valid_ORFs=0
chr25	Liftoff	gene	29991693	30041913	.	-	.	ID=gene-Npat;Dbxref=GeneID:101574711;Name=Npat;origin=rename;copy_num_ID=gene-LOC101574711_0;coverage=1.0;extra_copy_number=0;gbkey=Gene;gene=LOC101574711;gene_biotype=protein_coding;sequence_ID=0.999;valid_ORFs=1
chr25	Liftoff	gene	36740073	36761606	.	-	.	ID=gene-Nxpe1;Dbxref=GeneID:101580243;Name=Nxpe1;origin=rename;copy_num_ID=gene-LOC101580243_0;coverage=1.0;extra_copy_number=0;gbkey=Gene;gene=LOC101580243;gene_biotype=protein_coding;sequence_ID=0.996;valid_ORFs=1
chr25	Liftoff	gene	36806703	36822135	.	-	.	ID=gene-Nxpe4;Dbxref=GeneID:101581825;Name=Nxpe4;origin=rename;copy_num_ID=gene-LOC101581825_0;coverage=1.0;extra_copy_number=0;gbkey=Gene;gene=LOC101581825;gene_biotype=protein_coding;sequence_ID=0.998;valid_ORFs=3
chr25	Liftoff	gene	36912513	36953837	.	+	.	ID=gene-Nxpe2;Dbxref=GeneID:101579859;Name=Nxpe2;origin=rename;copy_num_ID=gene-LOC101579859_0;coverage=1.0;extra_copy_number=0;gbkey=Gene;gene=LOC101579859;gene_biotype=protein_coding;sequence_ID=0.998;valid_ORFs=1
chr25	Liftoff	gene	38748173	38750090	.	-	.	ID=gene-Polr1d-l1;Dbxref=GeneID:105742891;Name=Polr1d-l1;origin=rename;copy_num_ID=gene-LOC105742891_0;coverage=1.0;extra_copy_number=0;gbkey=Gene;gene=LOC105742891;gene_biotype=protein_coding;sequence_ID=0.995;valid_ORFs=1
chr25	Liftoff	gene	39323255	39324408	.	+	.	ID=gene-Rps13-l2;Dbxref=GeneID:101568954;Name=Rps13-l2;origin=rename;copy_num_ID=gene-LOC101568954_0;coverage=0.959;extra_copy_number=0;gbkey=Gene;gene=LOC101568954;gene_biotype=protein_coding;sequence_ID=0.956;valid_ORFs=0
chr25	Liftoff	gene	41160780	41161521	.	-	.	ID=gene-Mrps16-l1;Dbxref=GeneID:101593336;Name=Mrps16-l1;origin=rename;copy_num_ID=gene-LOC101593336_0;coverage=1.0;extra_copy_number=0;gbkey=Gene;gene=LOC101593336;gene_biotype=protein_coding;sequence_ID=0.991;valid_ORFs=1
chr25	Liftoff	gene	41450423	41452153	.	-	.	ID=gene-H2ax;Dbxref=GeneID:101587847;Name=H2ax;origin=rename;copy_num_ID=gene-LOC101587847_0;coverage=1.0;extra_copy_number=0;gbkey=Gene;gene=LOC101587847;gene_biotype=protein_coding;sequence_ID=0.992;valid_ORFs=1
chr26	Liftoff	gene	243158	245568	.	-	.	ID=gene-Shmt2-l1;Dbxref=GeneID:101589954;Name=Shmt2-l1;origin=rename;copy_num_ID=gene-LOC101589954_0;coverage=0.998;extra_copy_number=0;gbkey=Gene;gene=LOC101589954;gene_biotype=protein_coding;sequence_ID=0.996;valid_ORFs=1
chr26	AUGUSTUS	gene	261875	491029	.	-	.	ID=gene-Arhgef4;Name=Arhgef4;origin=replace
chr26	Liftoff	gene	834996	836185	.	-	.	ID=gene-Rpl37a-l6;Dbxref=GeneID:101578452;Name=Rpl37a-l6;origin=rename;copy_num_ID=gene-LOC101578452_0;coverage=1.0;extra_copy_number=0;gbkey=Gene;gene=LOC101578452;gene_biotype=protein_coding;sequence_ID=0.989;valid_ORFs=1
chr26	Liftoff	gene	2359542	2408952	.	-	.	ID=gene-Slc22a22;Dbxref=GeneID:101575191;Name=Slc22a22;origin=rename;copy_num_ID=gene-LOC101575191_0;coverage=1.0;extra_copy_number=0;gbkey=Gene;gene=LOC101575191;gene_biotype=protein_coding;sequence_ID=0.999;valid_ORFs=2
chr26	Liftoff	gene	3407074	3444126	.	-	.	ID=gene-C8orf76;Dbxref=GeneID:101573619;Name=C8orf76;origin=rename;copy_num_ID=gene-LOC101573619_0;coverage=1.0;extra_copy_number=0;gbkey=Gene;gene=LOC101573619;gene_biotype=protein_coding;sequence_ID=0.996;valid_ORFs=1
chr26	Liftoff	gene	5712806	5725035	.	-	.	ID=gene-Bloc1s2-l1;Dbxref=GeneID:101565642;Name=Bloc1s2-l1;origin=rename;copy_num_ID=gene-LOC101565642_0;coverage=1.0;extra_copy_number=0;gbkey=Gene;gene=LOC101565642;gene_biotype=protein_coding;sequence_ID=0.998;valid_ORFs=1
chr26	Liftoff	gene	10658955	10678053	.	+	.	ID=gene-Gsdmc;Dbxref=GeneID:101561275;Name=Gsdmc;origin=rename;copy_num_ID=gene-LOC101561275_0;coverage=1.0;extra_copy_number=0;gbkey=Gene;gene=LOC101561275;gene_biotype=protein_coding;sequence_ID=0.999;valid_ORFs=1
chr26	Liftoff	gene	10718493	10741950	.	-	.	ID=gene-Gsdmc-l1;Dbxref=GeneID:101560879;Name=Gsdmc-l1;origin=rename;copy_num_ID=gene-LOC101560879_0;coverage=1.0;extra_copy_number=0;gbkey=Gene;gene=LOC101560879;gene_biotype=protein_coding;sequence_ID=0.995;valid_ORFs=0
chr26	Liftoff	gene	12499892	12503188	.	-	.	ID=gene-Tuba3;Dbxref=GeneID:101590737;Name=Tuba3;origin=rename;copy_num_ID=gene-LOC101590737_0;coverage=0.998;extra_copy_number=0;gbkey=Gene;gene=LOC101590737;gene_biotype=protein_coding;sequence_ID=0.989;valid_ORFs=0
chr26	Liftoff	gene	19092713	19095882	.	-	.	ID=gene-Tpgs2-l1;Dbxref=GeneID:101581604;Name=Tpgs2-l1;origin=rename;copy_num_ID=gene-LOC101581604_0;coverage=0.961;extra_copy_number=0;gbkey=Gene;gene=LOC101581604;gene_biotype=protein_coding;sequence_ID=0.959;valid_ORFs=1
chr26	Liftoff	gene	33258817	33259421	.	+	.	ID=gene-Mrpl42-l1;Dbxref=GeneID:101560252;Name=Mrpl42-l1;origin=rename;copy_num_ID=gene-LOC101560252_0;coverage=1.0;extra_copy_number=0;gbkey=Gene;gene=LOC101560252;gene_biotype=protein_coding;sequence_ID=1.0;valid_ORFs=1
chr26	Liftoff	gene	35320358	35323119	.	-	.	ID=gene-Lypd2;Dbxref=GeneID:101590511;Name=Lypd2;origin=rename;copy_num_ID=gene-LOC101590511_0;coverage=1.0;extra_copy_number=0;gbkey=Gene;gene=LOC101590511;gene_biotype=protein_coding;sequence_ID=1.0;valid_ORFs=1
chr26	Liftoff	gene	35330145	35334146	.	-	.	ID=gene-Slurp2;Dbxref=GeneID:101590624;Name=Slurp2;origin=rename;copy_num_ID=gene-LOC101590624_0;coverage=1.0;extra_copy_number=0;gbkey=Gene;gene=LOC101590624;gene_biotype=protein_coding;sequence_ID=0.998;valid_ORFs=1
chr26	Liftoff	gene	35502354	35505804	.	-	.	ID=gene-Ly6e-l1;Dbxref=GeneID:101590230;Name=Ly6e-l1;origin=rename;copy_num_ID=gene-LOC101590230_0;coverage=1.0;extra_copy_number=0;gbkey=Gene;gene=LOC101590230;gene_biotype=protein_coding;sequence_ID=0.997;valid_ORFs=1
chr26	Liftoff	gene	35575830	35579794	.	+	.	ID=gene-Cyp11b1;Dbxref=GeneID:101561016;Name=Cyp11b1;origin=rename;copy_num_ID=gene-LOC101561016_0;coverage=1.0;end_range=4494,.;extra_copy_number=0;gbkey=Gene;gene=LOC101561016;gene_biotype=protein_coding;partial=true;sequence_ID=1.0;start_range=.,386;valid_ORFs=0
chr26	Liftoff	gene	35608040	35616948	.	+	.	ID=gene-Cyp11b1-l1;Dbxref=GeneID:101588922;Name=Cyp11b1-l1;origin=rename;copy_num_ID=gene-LOC101588922_0;coverage=1.0;extra_copy_number=0;gbkey=Gene;gene=LOC101588922;gene_biotype=protein_coding;sequence_ID=0.995;valid_ORFs=1
chr26	Liftoff	gene	35784483	35785692	.	-	.	ID=gene-Cyp11b1-l2;Dbxref=GeneID:111818826;Name=Cyp11b1-l2;origin=rename;copy_num_ID=gene-LOC111818826_0;coverage=1.0;extra_copy_number=0;gbkey=Gene;gene=LOC111818826;gene_biotype=protein_coding;sequence_ID=1.0;valid_ORFs=1
chr26	Liftoff	gene	35909552	35910402	.	+	.	ID=gene-Ly6e;Dbxref=GeneID:101586954;Name=Ly6e;origin=rename;copy_num_ID=gene-LOC101586954_0;coverage=1.0;extra_copy_number=0;gbkey=Gene;gene=LOC101586954;gene_biotype=protein_coding;sequence_ID=0.992;valid_ORFs=1
chr26	Liftoff	gene	36000525	36000965	.	-	.	ID=gene-Myl6-l1;Dbxref=GeneID:101586556;Name=Myl6-l1;origin=rename;copy_num_ID=gene-LOC101586556_0;coverage=1.0;extra_copy_number=0;gbkey=Gene;gene=LOC101586556;gene_biotype=protein_coding;sequence_ID=1.0;valid_ORFs=1
chr26	Liftoff	gene	36092647	36112095	.	+	.	ID=gene-Gli4;Dbxref=GeneID:101589835;Name=Gli4;origin=rename;copy_num_ID=gene-LOC101589835_0;coverage=1.0;extra_copy_number=0;gbkey=Gene;gene=LOC101589835;gene_biotype=protein_coding;sequence_ID=0.999;valid_ORFs=1
chr26	Liftoff	gene	36649645	36660179	.	-	.	ID=gene-Eppk1;Dbxref=GeneID:101580664;Name=Eppk1;origin=rename;copy_num_ID=gene-LOC101580664_0;coverage=1.0;end_range=3708798,.;extra_copy_number=0;gbkey=Gene;gene=LOC101580664;gene_biotype=protein_coding;partial=true;sequence_ID=0.997;valid_ORFs=0
chr26	Liftoff	gene	36930674	36933094	.	+	.	ID=gene-Cyc1;Dbxref=GeneID:101578150;Name=Cyc1;origin=rename;copy_num_ID=gene-LOC101578150_0;coverage=1.0;extra_copy_number=0;gbkey=Gene;gene=LOC101578150;gene_biotype=protein_coding;sequence_ID=0.999;valid_ORFs=1
chr26	Liftoff	gene	37608614	37611014	.	+	.	ID=gene-Rpl8-l1;Dbxref=GeneID:101592818;Name=Rpl8-l1;origin=rename;copy_num_ID=gene-LOC101592818_0;coverage=1.0;extra_copy_number=0;gbkey=Gene;gene=LOC101592818;gene_biotype=protein_coding;partial=true;sequence_ID=1.0;start_range=.,4;valid_ORFs=0
chr26	Liftoff	gene	37760872	37763983	.	-	.	ID=gene-Urah;Dbxref=GeneID:101568193;Name=Urah;origin=rename;copy_num_ID=gene-LOC101568193_0;coverage=1.0;extra_copy_number=0;gbkey=Gene;gene=LOC101568193;gene_biotype=protein_coding;sequence_ID=0.999;valid_ORFs=1
chr26	Liftoff	gene	41742214	41773943	.	+	.	ID=gene-Znf724;Dbxref=GeneID:105742471;Name=Znf724;origin=rename;copy_num_ID=gene-LOC105742471_0;coverage=0.189;extra_copy_number=0;gbkey=Gene;gene=LOC105742471;gene_biotype=protein_coding;low_identity=True;partial_mapping=True;sequence_ID=0.189;valid_ORFs=0
chr26	Liftoff	gene	41859238	41889297	.	-	.	ID=gene-Znf724-l1;Dbxref=GeneID:101563407;Name=Znf724-l1;origin=rename;copy_num_ID=gene-LOC101563407_0;coverage=1.0;extra_copy_number=0;gbkey=Gene;gene=LOC101563407;gene_biotype=protein_coding;sequence_ID=0.999;valid_ORFs=1
chr26	Liftoff	gene	48121966	48122828	.	+	.	ID=gene-Dpm1-l1;Dbxref=GeneID:111817302;Name=Dpm1-l1;origin=rename;copy_num_ID=gene-LOC111817302_0;coverage=1.0;extra_copy_number=0;gbkey=Gene;gene=LOC111817302;gene_biotype=protein_coding;sequence_ID=0.996;valid_ORFs=1
chr26	Liftoff	gene	49433792	49491189	.	+	.	ID=gene-Loxhd1-l1;Dbxref=GeneID:111817301;Name=Loxhd1-l1;origin=rename;copy_num_ID=gene-LOC111817301_0;coverage=1.0;extra_copy_number=0;gbkey=Gene;gene=LOC111817301;gene_biotype=protein_coding;sequence_ID=0.998;valid_ORFs=1
chr26	Liftoff	gene	51029529	51051823	.	-	.	ID=gene-Sdr16c6;Dbxref=GeneID:101572658;Name=Sdr16c6;origin=rename;copy_num_ID=gene-LOC101572658_0;coverage=1.0;extra_copy_number=0;gbkey=Gene;gene=LOC101572658;gene_biotype=protein_coding;sequence_ID=0.997;valid_ORFs=1
chr26	Liftoff	gene	52898915	52937421	.	-	.	ID=gene-Cyp7a1;Dbxref=GeneID:101569463;Name=Cyp7a1;origin=rename;copy_num_ID=gene-LOC101569463_0;coverage=0.999;extra_copy_number=0;gbkey=Gene;gene=LOC101569463;gene_biotype=protein_coding;sequence_ID=0.999;valid_ORFs=1
chr26	Liftoff	gene	53081893	53104227	.	-	.	ID=gene-Fsip2-l1;Dbxref=GeneID:111817293;Name=Fsip2-l1;origin=rename;copy_num_ID=gene-LOC111817293_0;coverage=1.0;extra_copy_number=0;gbkey=Gene;gene=LOC111817293;gene_biotype=protein_coding;sequence_ID=1.0;valid_ORFs=1
chr26	gmst	gene	53177097	53214936	.	-	.	ID=gene-Znf585b;Name=Znf585b;origin=replace
chr26	Liftoff	gene	53228332	53277508	.	+	.	ID=gene-Znf709-l7;Dbxref=GeneID:101566292;Name=Znf709-l7;origin=rename;copy_num_ID=gene-LOC101566292_0;coverage=1.0;extra_copy_number=0;gbkey=Gene;gene=LOC101566292;gene_biotype=protein_coding;sequence_ID=1.0;valid_ORFs=2
chr27	Liftoff	gene	319831	320511	.	-	.	ID=gene-Fcf1-l1;Dbxref=GeneID:101585863;Name=Fcf1-l1;origin=rename;copy_num_ID=gene-LOC101585863_0;coverage=1.0;extra_copy_number=0;gbkey=Gene;gene=LOC101585863;gene_biotype=protein_coding;sequence_ID=1.0;valid_ORFs=1
chr27	Liftoff	gene	1987034	1994189	.	-	.	ID=gene-Acot6;Dbxref=GeneID:101579219;Name=Acot6;origin=rename;copy_num_ID=gene-LOC101579219_0;coverage=1.0;extra_copy_number=0;gbkey=Gene;gene=LOC101579219;gene_biotype=protein_coding;partial=true;sequence_ID=0.996;start_range=.,32380655;valid_ORFs=0
chr27	Liftoff	gene	2034864	2040524	.	-	.	ID=gene-Acot1;Dbxref=GeneID:101578830;Name=Acot1;origin=rename;copy_num_ID=gene-LOC101578830_0;coverage=0.978;extra_copy_number=0;gbkey=Gene;gene=LOC101578830;gene_biotype=protein_coding;sequence_ID=0.976;valid_ORFs=0
chr27	Liftoff	gene	2247384	2247578	.	-	.	ID=gene-Stmp1-l1;Dbxref=GeneID:101577223;Name=Stmp1-l1;origin=rename;copy_num_ID=gene-LOC101577223_0;coverage=1.0;extra_copy_number=0;gbkey=Gene;gene=LOC101577223;gene_biotype=protein_coding;sequence_ID=1.0;valid_ORFs=1
chr27	Liftoff	gene	5207533	5209808	.	+	.	ID=gene-Adam20;Dbxref=GeneID:101580634;Name=Adam20;origin=rename;copy_num_ID=gene-LOC101580634_0;coverage=1.0;extra_copy_number=0;gbkey=Gene;gene=LOC101580634;gene_biotype=protein_coding;sequence_ID=0.998;valid_ORFs=1
chr27	Liftoff	gene	5279073	5283205	.	-	.	ID=gene-Adam20-l1;Dbxref=GeneID:111812738;Name=Adam20-l1;origin=rename;copy_num_ID=gene-LOC111812738_0;coverage=1.0;extra_copy_number=0;gbkey=Gene;gene=LOC111812738;gene_biotype=protein_coding;sequence_ID=0.996;valid_ORFs=1
chr27	Liftoff	gene	5650373	5651081	.	-	.	ID=gene-Srp14-l4;Dbxref=GeneID:101569272;Name=Srp14-l4;origin=rename;copy_num_ID=gene-LOC101569272_0;coverage=1.0;extra_copy_number=0;gbkey=Gene;gene=LOC101569272;gene_biotype=protein_coding;sequence_ID=1.0;valid_ORFs=1
chr27	Liftoff	gene	6149899	6151565	.	+	.	ID=gene-Cct6a-l1;Dbxref=GeneID:101566877;Name=Cct6a-l1;origin=rename;copy_num_ID=gene-LOC101566877_0;coverage=1.0;extra_copy_number=0;gbkey=Gene;gene=LOC101566877;gene_biotype=protein_coding;sequence_ID=0.997;valid_ORFs=1
chr27	Liftoff	gene	10393256	10510734	.	+	.	ID=gene-Lrrc9;Dbxref=GeneID:101592728;Name=Lrrc9;origin=rename;copy_num_ID=gene-LOC101592728_0;coverage=1.0;extra_copy_number=0;gbkey=Gene;gene=LOC101592728;gene_biotype=protein_coding;sequence_ID=0.998;valid_ORFs=0
chr27	Liftoff	gene	10598894	10616520	.	-	.	ID=gene-Dhrs7-l1;Dbxref=GeneID:101584459;Name=Dhrs7-l1;origin=rename;copy_num_ID=gene-LOC101584459_0;coverage=1.0;extra_copy_number=0;gbkey=Gene;gene=LOC101584459;gene_biotype=protein_coding;sequence_ID=0.996;valid_ORFs=1
chr27	Liftoff	gene	10690748	10692354	.	+	.	ID=gene-Dhrs7;Dbxref=GeneID:101590386;Name=Dhrs7;origin=rename;copy_num_ID=gene-LOC101590386_0;coverage=0.994;extra_copy_number=0;gbkey=Gene;gene=LOC101590386;gene_biotype=protein_coding;sequence_ID=0.989;valid_ORFs=0
chr27	Liftoff	gene	10782803	10816689	.	-	.	ID=gene-Dhrs7-l2;Dbxref=GeneID:101589996;Name=Dhrs7-l2;origin=rename;copy_num_ID=gene-LOC101589996_0;coverage=1.0;extra_copy_number=0;gbkey=Gene;gene=LOC101589996;gene_biotype=protein_coding;sequence_ID=1.0;valid_ORFs=1
chr27	Liftoff	gene	18960550	18964234	.	-	.	ID=gene-Adam20-l2;Dbxref=GeneID:101576140;Name=Adam20-l2;origin=rename;copy_num_ID=gene-LOC101576140_0;coverage=1.0;extra_copy_number=0;gbkey=Gene;gene=LOC101576140;gene_biotype=protein_coding;sequence_ID=0.994;valid_ORFs=1
chr27	Liftoff	gene	21308522	21309214	.	-	.	ID=gene-Rpl27a-l4;Dbxref=GeneID:101584325;Name=Rpl27a-l4;origin=rename;copy_num_ID=gene-LOC101584325_0;coverage=1.0;extra_copy_number=0;gbkey=Gene;gene=LOC101584325;gene_biotype=protein_coding;sequence_ID=1.0;valid_ORFs=1
chr27	Liftoff	gene	22001628	22020162	.	-	.	ID=gene-Cox16;Dbxref=GeneID:101579614;Name=Cox16;origin=rename;copy_num_ID=gene-LOC101579614_0;coverage=1.0;extra_copy_number=0;gbkey=Gene;gene=LOC101579614;gene_biotype=protein_coding;sequence_ID=0.998;valid_ORFs=2
chr27	Liftoff	gene	22110352	22120798	.	-	.	ID=gene-Adam21;Dbxref=GeneID:101571389;Name=Adam21;origin=rename;copy_num_ID=gene-LOC101571389_0;coverage=1.0;extra_copy_number=0;gbkey=Gene;gene=LOC101571389;gene_biotype=protein_coding;sequence_ID=0.998;valid_ORFs=1
chr27	Liftoff	gene	23884828	23890554	.	-	.	ID=gene-Ngb;Dbxref=GeneID:101573514;Name=Ngb;origin=rename;copy_num_ID=gene-LOC101573514_0;coverage=1.0;extra_copy_number=0;gbkey=Gene;gene=LOC101573514;gene_biotype=protein_coding;sequence_ID=1.0;valid_ORFs=1
chr27	Liftoff	gene	40187635	40195904	.	+	.	ID=gene-Serpina2;Dbxref=GeneID:101560230;Name=Serpina2;origin=rename;copy_num_ID=gene-LOC101560230_0;coverage=0.999;extra_copy_number=0;gbkey=Gene;gene=LOC101560230;gene_biotype=protein_coding;sequence_ID=0.994;valid_ORFs=1
chr27	Liftoff	gene	40247205	40247564	.	-	.	ID=gene-Snrpd1-l3;Dbxref=GeneID:101564608;Name=Snrpd1-l3;origin=rename;copy_num_ID=gene-LOC101564608_0;coverage=1.0;extra_copy_number=0;gbkey=Gene;gene=LOC101564608;gene_biotype=protein_coding;sequence_ID=0.996;valid_ORFs=2
chr27	Liftoff	gene	40320162	40326313	.	+	.	ID=gene-Serpina2-l1;Dbxref=GeneID:101560621;Name=Serpina2-l1;origin=rename;copy_num_ID=gene-LOC101560621_0;coverage=1.0;extra_copy_number=0;gbkey=Gene;gene=LOC101560621;gene_biotype=protein_coding;sequence_ID=0.998;valid_ORFs=1
chr27	Liftoff	gene	40384679	40421769	.	+	.	ID=gene-Serpina10;Dbxref=GeneID:101561020;Name=Serpina10;origin=rename;copy_num_ID=gene-LOC101561020_0;coverage=1.0;extra_copy_number=0;gbkey=Gene;gene=LOC101561020;gene_biotype=protein_coding;sequence_ID=0.996;valid_ORFs=1
chr27	Liftoff	gene	40628466	40647295	.	-	.	ID=gene-Ifi27l2;Dbxref=GeneID:101562618;Name=Ifi27l2;origin=rename;copy_num_ID=gene-LOC101562618_0;coverage=1.0;extra_copy_number=0;gbkey=Gene;gene=LOC101562618;gene_biotype=protein_coding;sequence_ID=0.995;valid_ORFs=3
chr27	Liftoff	gene	40770950	40777828	.	-	.	ID=gene-Ccdc197;Dbxref=GeneID:111817787;Name=Ccdc197;origin=rename;copy_num_ID=gene-LOC111817787_0;coverage=1.0;extra_copy_number=0;gbkey=Gene;gene=LOC111817787;gene_biotype=protein_coding;sequence_ID=0.997;valid_ORFs=1
chr27	Liftoff	gene	44323685	44330084	.	+	.	ID=gene-Serpina2-l2;Dbxref=GeneID:111817795;Name=Serpina2-l2;origin=rename;copy_num_ID=gene-LOC111817795_0;coverage=1.0;extra_copy_number=0;gbkey=Gene;gene=LOC111817795;gene_biotype=protein_coding;sequence_ID=0.994;valid_ORFs=1
chr27	Liftoff	gene	47353342	47377863	.	+	.	ID=gene-Cyp46a1;Dbxref=GeneID:101583670;Name=Cyp46a1;origin=rename;copy_num_ID=gene-LOC101583670_0;coverage=1.0;extra_copy_number=0;gbkey=Gene;gene=LOC101583670;gene_biotype=protein_coding;sequence_ID=0.999;valid_ORFs=1
chr27	Liftoff	gene	53203697	53208098	.	+	.	ID=gene-Crip2;Dbxref=GeneID:101560046;Name=Crip2;origin=rename;copy_num_ID=gene-LOC101560046_0;coverage=1.0;extra_copy_number=0;gbkey=Gene;gene=LOC101560046;gene_biotype=protein_coding;sequence_ID=0.998;valid_ORFs=1
chr28	Liftoff	gene	978655	1053883	.	-	.	ID=gene-Fra10ac1;Dbxref=GeneID:101562519;Name=Fra10ac1;origin=rename;copy_num_ID=gene-LOC101562519_0;coverage=1.0;extra_copy_number=0;gbkey=Gene;gene=LOC101562519;gene_biotype=protein_coding;sequence_ID=0.998;valid_ORFs=1
chr28	Liftoff	gene	1566440	1806415	.	+	.	ID=gene-Plce1;Dbxref=GeneID:101588282;Name=Plce1;origin=rename;copy_num_ID=gene-LOC101588282_0;coverage=0.999;extra_copy_number=0;gbkey=Gene;gene=LOC101588282;gene_biotype=protein_coding;sequence_ID=0.996;valid_ORFs=1
chr28	Liftoff	gene	2092699	2166464	.	+	.	ID=gene-Cyp2c18;Dbxref=GeneID:101564514;Name=Cyp2c18;origin=rename;copy_num_ID=gene-LOC101564514_0;coverage=0.817;extra_copy_number=0;gbkey=Gene;gene=LOC101564514;gene_biotype=protein_coding;sequence_ID=0.814;valid_ORFs=1
chr28	Liftoff	gene	2201879	2245236	.	+	.	ID=gene-Cyp2c55;Dbxref=GeneID:101566883;Name=Cyp2c55;origin=rename;copy_num_ID=gene-LOC101566883_0;coverage=1.0;extra_copy_number=0;gbkey=Gene;gene=LOC101566883;gene_biotype=protein_coding;sequence_ID=0.998;valid_ORFs=1
chr28	Liftoff	gene	2365876	2482410	.	+	.	ID=gene-Cyp2c25;Dbxref=GeneID:105741320;Name=Cyp2c25;origin=rename;copy_num_ID=gene-LOC105741320_0;coverage=0.744;extra_copy_number=0;gbkey=Gene;gene=LOC105741320;gene_biotype=protein_coding;sequence_ID=0.744;valid_ORFs=1
chr28	Liftoff	gene	4261722	4441028	.	+	.	ID=gene-Gm3414;Dbxref=GeneID:101572068;Name=Gm3414;origin=rename;copy_num_ID=gene-LOC101572068_0;coverage=0.999;extra_copy_number=0;gbkey=Gene;gene=LOC101572068;gene_biotype=protein_coding;sequence_ID=0.998;valid_ORFs=12
chr28	Liftoff	gene	4858895	4861325	.	+	.	ID=gene-Pgam1;Dbxref=GeneID:111814969;Name=Pgam1;origin=rename;copy_num_ID=gene-LOC111814969_0;coverage=1.0;end_range=2742,.;extra_copy_number=0;gbkey=Gene;gene=LOC111814969;gene_biotype=protein_coding;partial=true;sequence_ID=1.0;valid_ORFs=0
chr28	Liftoff	gene	5541529	5544669	.	-	.	ID=gene-Pum3-l1;Dbxref=GeneID:101580801;Name=Pum3-l1;origin=rename;copy_num_ID=gene-LOC101580801_0;coverage=0.998;extra_copy_number=0;gbkey=Gene;gene=LOC101580801;gene_biotype=protein_coding;sequence_ID=0.998;valid_ORFs=1
chr28	Liftoff	gene	6140994	6141477	.	-	.	ID=gene-Srp14-l5;Dbxref=GeneID:105741287;Name=Srp14-l5;origin=rename;copy_num_ID=gene-LOC105741287_0;coverage=1.0;extra_copy_number=0;gbkey=Gene;gene=LOC105741287;gene_biotype=protein_coding;sequence_ID=1.0;valid_ORFs=1
chr28	Liftoff	gene	7171846	7196884	.	-	.	ID=gene-Cox15;Dbxref=GeneID:101586038;Name=Cox15;origin=rename;copy_num_ID=gene-LOC101586038_0;coverage=1.0;extra_copy_number=0;gbkey=Gene;gene=LOC101586038;gene_biotype=protein_coding;sequence_ID=0.997;valid_ORFs=1
chr28	Liftoff	gene	7567836	7616276	.	-	.	ID=gene-Cyp2c23;Dbxref=GeneID:101588020;Name=Cyp2c23;origin=rename;copy_num_ID=gene-LOC101588020_0;coverage=1.0;extra_copy_number=0;gbkey=Gene;gene=LOC101588020;gene_biotype=protein_coding;sequence_ID=1.0;valid_ORFs=1
chr28	Liftoff	gene	7861863	7876445	.	+	.	ID=gene-Scd;Dbxref=GeneID:101590002;Name=Scd;origin=rename;copy_num_ID=gene-LOC101590002_0;coverage=1.0;extra_copy_number=0;gbkey=Gene;gene=LOC101590002;gene_biotype=protein_coding;sequence_ID=0.997;valid_ORFs=1
chr28	Liftoff	gene	7925074	7934999	.	-	.	ID=gene-Cyp2e1;Dbxref=GeneID:101590393;Name=Cyp2e1;origin=rename;copy_num_ID=gene-LOC101590393_0;coverage=1.0;extra_copy_number=0;gbkey=Gene;gene=LOC101590393;gene_biotype=protein_coding;sequence_ID=0.997;valid_ORFs=1
chr28	Liftoff	gene	8402551	8428186	.	-	.	ID=gene-Scart1;Dbxref=GeneID:105740887;Name=Scart1;origin=rename;copy_num_ID=gene-LOC105740887_0;coverage=1.0;extra_copy_number=0;gbkey=Gene;gene=LOC105740887;gene_biotype=protein_coding;sequence_ID=0.991;valid_ORFs=1
chr28	Liftoff	gene	8571905	8578607	.	-	.	ID=gene-Rab2a-l1;Dbxref=GeneID:101579496;Name=Rab2a-l1;origin=rename;copy_num_ID=gene-LOC101579496_0;coverage=1.0;extra_copy_number=0;gbkey=Gene;gene=LOC101579496;gene_biotype=protein_coding;sequence_ID=1.0;valid_ORFs=1
chr28	Liftoff	gene	8837097	8842002	.	+	.	ID=gene-Spef1-l1;Dbxref=GeneID:101584599;Name=Spef1-l1;origin=rename;copy_num_ID=gene-LOC101584599_0;coverage=0.994;extra_copy_number=0;gbkey=Gene;gene=LOC101584599;gene_biotype=protein_coding;sequence_ID=0.993;valid_ORFs=1
chr28	Liftoff	gene	10391993	10393855	.	-	.	ID=gene-Zbtb44-l1;Dbxref=GeneID:101565153;Name=Zbtb44-l1;origin=rename;copy_num_ID=gene-LOC101565153_0;coverage=1.0;extra_copy_number=0;gbkey=Gene;gene=LOC101565153;gene_biotype=protein_coding;sequence_ID=0.998;valid_ORFs=1
chr28	Liftoff	gene	12676048	12676616	.	+	.	ID=gene-Hspe1;Dbxref=GeneID:101567540;Name=Hspe1;origin=rename;copy_num_ID=gene-LOC101567540_0;coverage=1.0;extra_copy_number=0;gbkey=Gene;gene=LOC101567540;gene_biotype=protein_coding;sequence_ID=1.0;valid_ORFs=1
chr28	gmst	gene	14812106	14841002	.	+	.	ID=gene-Mki67;Name=Mki67;origin=replace
chr28	Liftoff	gene	17475287	17515556	.	-	.	ID=gene-Edrf1;Dbxref=GeneID:101565830;Name=Edrf1;origin=rename;copy_num_ID=gene-LOC101565830_0;coverage=1.0;extra_copy_number=0;gbkey=Gene;gene=LOC101565830;gene_biotype=protein_coding;sequence_ID=0.998;valid_ORFs=4
chr28	Liftoff	gene	18477804	18478339	.	-	.	ID=gene-Pomp-l1;Dbxref=GeneID:101579494;Name=Pomp-l1;origin=rename;copy_num_ID=gene-LOC101579494_0;coverage=1.0;extra_copy_number=0;gbkey=Gene;gene=LOC101579494;gene_biotype=protein_coding;sequence_ID=0.998;valid_ORFs=1
chr28	Liftoff	gene	20209263	20210688	.	+	.	ID=gene-Dnajc17-l1;Dbxref=GeneID:101570598;Name=Dnajc17-l1;origin=rename;copy_num_ID=gene-LOC101570598_0;coverage=1.0;extra_copy_number=0;gbkey=Gene;gene=LOC101570598;gene_biotype=protein_coding;sequence_ID=1.0;valid_ORFs=1
chr28	Liftoff	gene	20755145	20799239	.	-	.	ID=gene-Dmbt1-l1;Dbxref=GeneID:105740891;Name=Dmbt1-l1;origin=liftoff;copy_num_ID=gene-Dmbt1_0;coverage=1.0;extra_copy_number=0;gbkey=Gene;gene=Dmbt1;gene_biotype=protein_coding;sequence_ID=0.996;valid_ORFs=1
chr28	Liftoff	gene	21471419	21476128	.	-	.	ID=gene-Polr1has-l1;Dbxref=GeneID:111815022;Name=Polr1has-l1;origin=rename;copy_num_ID=gene-LOC111815022_0;coverage=1.0;extra_copy_number=0;gbkey=Gene;gene=LOC111815022;gene_biotype=protein_coding;sequence_ID=0.985;valid_ORFs=1
chr28	Liftoff	gene	23606337	23607188	.	-	.	ID=gene-Klf17;Dbxref=GeneID:101579761;Name=Klf17;origin=rename;copy_num_ID=gene-LOC101579761_0;coverage=1.0;extra_copy_number=0;gbkey=Gene;gene=LOC101579761;gene_biotype=protein_coding;partial=true;sequence_ID=0.998;start_range=.,24310748;valid_ORFs=0
chr28	Liftoff	gene	23969182	23976660	.	+	.	ID=gene-Dhfr-l2;Dbxref=GeneID:101562780;Name=Dhfr-l2;origin=rename;copy_num_ID=gene-LOC101562780_0;coverage=1.0;extra_copy_number=0;gbkey=Gene;gene=LOC101562780;gene_biotype=protein_coding;sequence_ID=0.996;valid_ORFs=4
chr28	Liftoff	gene	25395104	25395823	.	-	.	ID=gene-Chchd2-l1;Dbxref=GeneID:101572992;Name=Chchd2-l1;origin=rename;copy_num_ID=gene-LOC101572992_0;coverage=1.0;extra_copy_number=0;gbkey=Gene;gene=LOC101572992;gene_biotype=protein_coding;sequence_ID=0.992;valid_ORFs=1
chr28	Liftoff	gene	26935499	26936288	.	-	.	ID=gene-Syf2-l1;Dbxref=GeneID:101585254;Name=Syf2-l1;origin=rename;copy_num_ID=gene-LOC101585254_0;coverage=1.0;extra_copy_number=0;gbkey=Gene;gene=LOC101585254;gene_biotype=protein_coding;sequence_ID=0.998;valid_ORFs=1
chr28	Liftoff	gene	27337229	27354413	.	-	.	ID=gene-Pnliprp2;Dbxref=GeneID:101570139;Name=Pnliprp2;origin=rename;copy_num_ID=gene-LOC101570139_0;coverage=1.0;extra_copy_number=0;gbkey=Gene;gene=LOC101570139;gene_biotype=protein_coding;sequence_ID=1.0;valid_ORFs=1
chr28	Liftoff	gene	27360022	27360966	.	-	.	ID=gene-Esd-l1;Dbxref=GeneID:101586277;Name=Esd-l1;origin=rename;copy_num_ID=gene-LOC101586277_0;coverage=1.0;extra_copy_number=0;gbkey=Gene;gene=LOC101586277;gene_biotype=protein_coding;sequence_ID=0.997;valid_ORFs=1
chr28	Liftoff	gene	28164477	28850713	.	-	.	ID=gene-Atrn-l1;Dbxref=GeneID:101574641;Name=Atrn-l1;origin=rename;copy_num_ID=gene-LOC101574641_0;coverage=1.0;extra_copy_number=0;gbkey=Gene;gene=LOC101574641;gene_biotype=protein_coding;sequence_ID=0.999;valid_ORFs=1
chr28	Liftoff	gene	29511032	29513112	.	-	.	ID=gene-Ndufa5-l1;Dbxref=GeneID:101566807;Name=Ndufa5-l1;origin=rename;copy_num_ID=gene-LOC101566807_0;coverage=1.0;extra_copy_number=0;gbkey=Gene;gene=LOC101566807;gene_biotype=protein_coding;sequence_ID=0.992;valid_ORFs=1
chr28	Liftoff	gene	31918130	31965467	.	+	.	ID=gene-Gucy2g;Dbxref=GeneID:101589784;Name=Gucy2g;origin=rename;copy_num_ID=gene-LOC101589784_0;coverage=1.0;extra_copy_number=0;gbkey=Gene;gene=LOC101589784;gene_biotype=protein_coding;sequence_ID=0.996;valid_ORFs=0
chr28	Liftoff	gene	32134478	32135434	.	-	.	ID=gene-Birc5;Dbxref=GeneID:101589394;Name=Birc5;origin=rename;copy_num_ID=gene-LOC101589394_0;coverage=1.0;end_range=12648252,.;extra_copy_number=0;gbkey=Gene;gene=LOC101589394;gene_biotype=protein_coding;partial=true;sequence_ID=1.0;valid_ORFs=0
chr28	Liftoff	gene	40708568	40728983	.	-	.	ID=gene-Gsto2;Dbxref=GeneID:101576749;Name=Gsto2;origin=rename;copy_num_ID=gene-LOC101576749_0;coverage=1.0;extra_copy_number=0;gbkey=Gene;gene=LOC101576749;gene_biotype=protein_coding;sequence_ID=0.996;valid_ORFs=1
chr28	Liftoff	gene	42119558	42125170	.	+	.	ID=gene-Cyp17a1;Dbxref=GeneID:101566944;Name=Cyp17a1;origin=rename;copy_num_ID=gene-LOC101566944_0;coverage=1.0;extra_copy_number=0;gbkey=Gene;gene=LOC101566944;gene_biotype=protein_coding;sequence_ID=1.0;valid_ORFs=1
chr28	Liftoff	gene	42175655	42176309	.	+	.	ID=gene-Dynlrb1-l1;Dbxref=GeneID:101566147;Name=Dynlrb1-l1;origin=rename;copy_num_ID=gene-LOC101566147_0;coverage=1.0;extra_copy_number=0;gbkey=Gene;gene=LOC101566147;gene_biotype=protein_coding;sequence_ID=1.0;valid_ORFs=1
chr28	Liftoff	gene	42294922	42295502	.	-	.	ID=gene-Atp5mk-l1;Dbxref=GeneID:101573589;Name=Atp5mk-l1;origin=rename;copy_num_ID=gene-LOC101573589_0;coverage=1.0;extra_copy_number=0;gbkey=Gene;gene=LOC101573589;gene_biotype=protein_coding;sequence_ID=0.996;valid_ORFs=1
chr28	Liftoff	gene	44456867	44467929	.	-	.	ID=gene-Scd2;Dbxref=GeneID:101577556;Name=Scd2;origin=rename;copy_num_ID=gene-LOC101577556_0;coverage=1.0;extra_copy_number=0;gbkey=Gene;gene=LOC101577556;gene_biotype=protein_coding;sequence_ID=0.999;valid_ORFs=1
