chrX	AUGUSTUS	gene	572360	572950	.	-	.	ID=gene-H2ab2;Name=H2ab2;origin=de_novo
chrX	AUGUSTUS	gene	8050412	8052067	.	+	.	ID=gene-Magea10-dl1;Name=Magea10-dl1;origin=de_novo
chrX	AUGUSTUS	gene	12758046	12760517	.	+	.	ID=gene-Eef2-dl5;Name=Eef2-dl5;origin=de_novo
chrX	AUGUSTUS	gene	19323546	19325362	.	-	.	ID=gene-Plrg1-dl1;Name=Plrg1-dl1;origin=de_novo
chrX	AUGUSTUS	gene	20698731	20699060	.	-	.	ID=gene-Trappc1-dl1;Name=Trappc1-dl1;origin=de_novo
chrX	AUGUSTUS	gene	23387183	23387731	.	-	.	ID=gene-Fth1-dl6;Name=Fth1-dl6;origin=de_novo
chrX	AUGUSTUS	gene	25813338	25818126	.	-	.	ID=gene-Fkbp3-dl6;Name=Fkbp3-dl6;origin=de_novo
chrX	AUGUSTUS	gene	25955514	25958822	.	+	.	ID=gene-Rps23-dl7;Name=Rps23-dl7;origin=de_novo
chrX	AUGUSTUS	gene	27624272	27625881	.	-	.	ID=gene-Rtl8c-dl1;Name=Rtl8c-dl1;origin=de_novo
chrX	AUGUSTUS	gene	30072099	30073232	.	-	.	ID=gene-Lage3-dl1;Name=Lage3-dl1;origin=de_novo
chrX	AUGUSTUS	gene	31022115	31022579	.	-	.	ID=gene-Pfdn5-dl4;Name=Pfdn5-dl4;origin=de_novo
chrX	AUGUSTUS	gene	35167342	35168563	.	+	.	ID=gene-Eef1g-dl1;Name=Eef1g-dl1;origin=de_novo
chrX	AUGUSTUS	gene	42303831	42306812	.	-	.	ID=gene-Cpt2-dl1;Name=Cpt2-dl1;origin=de_novo
chrX	AUGUSTUS	gene	45079978	45080334	.	+	.	ID=gene-Elob-dl4;Name=Elob-dl4;origin=de_novo
chrX	AUGUSTUS	gene	50827500	50832056	.	+	.	ID=gene-Rhox13-dl1;Name=Rhox13-dl1;origin=de_novo
chrX	AUGUSTUS	gene	51504001	51505395	.	+	.	ID=gene-Larp7-dl5;Name=Larp7-dl5;origin=de_novo
chrX	AUGUSTUS	gene	52093007	52093384	.	-	.	ID=gene-Rps25-dl14;Name=Rps25-dl14;origin=de_novo
chrX	AUGUSTUS	gene	56810320	56811535	.	+	.	ID=gene-Ssu72-dl1;Name=Ssu72-dl1;origin=de_novo
chrX	AUGUSTUS	gene	57513944	57514602	.	-	.	ID=gene-Fcf1-dl7;Name=Fcf1-dl7;origin=de_novo
chrX	AUGUSTUS	gene	59387108	59388403	.	-	.	ID=gene-Hprt1-dl5;Name=Hprt1-dl5;origin=de_novo
chrX	AUGUSTUS	gene	61002799	61004154	.	+	.	ID=gene-Hars1;Name=Hars1;origin=de_novo
chrX	AUGUSTUS	gene	65183409	65184671	.	+	.	ID=gene-Rbm22-dl1;Name=Rbm22-dl1;origin=de_novo
chrX	AUGUSTUS	gene	65472728	65475322	.	-	.	ID=gene-Vps37b-dl1;Name=Vps37b-dl1;origin=de_novo
chrX	AUGUSTUS	gene	66275514	66276395	.	+	.	ID=gene-Rps2-dl3;Name=Rps2-dl3;origin=de_novo
chrX	AUGUSTUS	gene	66484991	66486379	.	-	.	ID=gene-Eef1a1;Name=Eef1a1;origin=de_novo
chrX	AUGUSTUS	gene	71689151	71689932	.	-	.	ID=gene-Ska2-dl12;Name=Ska2-dl12;origin=de_novo
chrX	AUGUSTUS	gene	71797948	71798901	.	+	.	ID=gene-Rplp0-dl10;Name=Rplp0-dl10;origin=de_novo
chrX	AUGUSTUS	gene	71826074	71827760	.	-	.	ID=gene-Eef1a1-dl49;Name=Eef1a1-dl49;origin=de_novo
chrX	AUGUSTUS	gene	73712327	73713703	.	+	.	ID=gene-Fkbp4-dl1;Name=Fkbp4-dl1;origin=de_novo
chrX	AUGUSTUS	gene	73890021	73891337	.	+	.	ID=gene-Dph1-dl2;Name=Dph1-dl2;origin=de_novo
chrX	AUGUSTUS	gene	75317292	75318360	.	-	.	ID=gene-Sumo1-dl1;Name=Sumo1-dl1;origin=de_novo
chrX	AUGUSTUS	gene	83613703	83614481	.	+	.	ID=gene-Ranbp1-dl2;Name=Ranbp1-dl2;origin=de_novo
chrX	GeneMark.hmm3	gene	84358411	84358782	.	+	.	ID=gene-Cox7c-dl2;Name=Cox7c-dl2;origin=de_novo
chrX	AUGUSTUS	gene	88790968	88791495	.	-	.	ID=gene-Prdx1-dl5;Name=Prdx1-dl5;origin=de_novo
chrX	AUGUSTUS	gene	90068453	90068922	.	-	.	ID=gene-Rps25-dl15;Name=Rps25-dl15;origin=de_novo
chrX	AUGUSTUS	gene	94363251	94365781	.	+	.	ID=gene-Rpsa-dl2;Name=Rpsa-dl2;origin=de_novo
chrX	AUGUSTUS	gene	98262991	98272490	.	+	.	ID=gene-Hmgn5;Name=Hmgn5;origin=de_novo
chrX	AUGUSTUS	gene	99877796	99879511	.	+	.	ID=gene-Kpna2-dl6;Name=Kpna2-dl6;origin=de_novo
chrX	AUGUSTUS	gene	99971762	99972955	.	-	.	ID=gene-Ythdf1-dl1;Name=Ythdf1-dl1;origin=de_novo
chrX	AUGUSTUS	gene	100568318	100570056	.	-	.	ID=gene-Mrpl49-dl2;Name=Mrpl49-dl2;origin=de_novo
chrX	AUGUSTUS	gene	106104070	106108836	.	+	.	ID=gene-Cebpz-dl2;Name=Cebpz-dl2;origin=de_novo
chrX	GeneMark.hmm3	gene	106645902	106646165	.	+	.	ID=gene-Pomp-dl2;Name=Pomp-dl2;origin=de_novo
chrX	AUGUSTUS	gene	107071777	107074251	.	-	.	ID=gene-Pabpc1l2a-dl1;Name=Pabpc1l2a-dl1;origin=de_novo
chrX	AUGUSTUS	gene	107931093	107931989	.	+	.	ID=gene-Tubb4b-dl2;Name=Tubb4b-dl2;origin=de_novo
chrX	AUGUSTUS	gene	108948156	108948617	.	+	.	ID=gene-Sap18-dl5;Name=Sap18-dl5;origin=de_novo
chrX	AUGUSTUS	gene	115439415	115440194	.	+	.	ID=gene-Rpl7-dl7;Name=Rpl7-dl7;origin=de_novo
chrX	AUGUSTUS	gene	118243036	118246064	.	+	.	ID=gene-Zxdb-dl1;Name=Zxdb-dl1;origin=de_novo
chrX	AUGUSTUS	gene	128644002	128644430	.	+	.	ID=gene-Rpl13a-dl6;Name=Rpl13a-dl6;origin=de_novo
chrX	AUGUSTUS	gene	129095890	129096360	.	+	.	ID=gene-Rpl23a;Name=Rpl23a;origin=de_novo
chrX	AUGUSTUS	gene	129255231	129255678	.	-	.	ID=gene-Rpl28-dl5;Name=Rpl28-dl5;origin=de_novo
chrX	AUGUSTUS	gene	131265967	131271819	.	+	.	ID=gene-Nudt11-dl1;Name=Nudt11-dl1;origin=de_novo
chrX	AUGUSTUS	gene	135384244	135386142	.	-	.	ID=gene-Sdhd-dl2;Name=Sdhd-dl2;origin=de_novo
chrX	AUGUSTUS	gene	135987496	135989211	.	-	.	ID=gene-Rpa3-dl1;Name=Rpa3-dl1;origin=de_novo
chrX	AUGUSTUS	gene	136095600	136096254	.	+	.	ID=gene-Fcf1-dl8;Name=Fcf1-dl8;origin=de_novo
chrX	AUGUSTUS	gene	141348383	141348718	.	+	.	ID=gene-Uqcrb;Name=Uqcrb;origin=de_novo
chrX	AUGUSTUS	gene	141764966	141767281	.	-	.	ID=gene-Itm2b-dl2;Name=Itm2b-dl2;origin=de_novo
chrX	AUGUSTUS	gene	141855194	141857273	.	-	.	ID=gene-Smu1-dl1;Name=Smu1-dl1;origin=de_novo
chrX	AUGUSTUS	gene	142874758	142875405	.	-	.	ID=gene-Hmgb1-dl1;Name=Hmgb1-dl1;origin=de_novo
chrX	AUGUSTUS	gene	146724818	146725159	.	+	.	ID=gene-Fth1-dl7;Name=Fth1-dl7;origin=de_novo
chrX	AUGUSTUS	gene	147900597	147901022	.	+	.	ID=gene-Ska2-dl13;Name=Ska2-dl13;origin=de_novo
chrX	AUGUSTUS	gene	148909423	148910874	.	-	.	ID=gene-H2ap;Name=H2ap;origin=de_novo
chrX	GeneMark.hmm3	gene	160444925	160445608	.	+	.	ID=gene-Fth1-dl8;Name=Fth1-dl8;origin=de_novo
chrX	AUGUSTUS	gene	160834238	160835743	.	-	.	ID=gene-Ruvbl1-dl2;Name=Ruvbl1-dl2;origin=de_novo
chrX	AUGUSTUS	gene	161272225	161273202	.	-	.	ID=gene-Akr1a1-dl1;Name=Akr1a1-dl1;origin=de_novo
chrX	AUGUSTUS	gene	161332268	161333218	.	-	.	ID=gene-Akr1b8-dl3;Name=Akr1b8-dl3;origin=de_novo
chrX	AUGUSTUS	gene	161661447	161663207	.	+	.	ID=gene-Crcp-dl1;Name=Crcp-dl1;origin=de_novo
chrX	AUGUSTUS	gene	161742208	161743296	.	-	.	ID=gene-Mageb4-dl1;Name=Mageb4-dl1;origin=de_novo
chrX	AUGUSTUS	gene	162843327	162844295	.	+	.	ID=gene-Sec13-dl1;Name=Sec13-dl1;origin=de_novo
chrX	AUGUSTUS	gene	167420934	167422028	.	-	.	ID=gene-Mageb3-dl1;Name=Mageb3-dl1;origin=de_novo
chrX	AUGUSTUS	gene	171091855	171093375	.	+	.	ID=gene-Ugp2-dl1;Name=Ugp2-dl1;origin=de_novo
chrX	AUGUSTUS	gene	174772362	174773416	.	-	.	ID=gene-Chmp4b-dl1;Name=Chmp4b-dl1;origin=de_novo
chrX	gmst	gene	179249156	179249383	.	-	.	ID=gene-Cox6c-dl4;Name=Cox6c-dl4;origin=de_novo
chrX	AUGUSTUS	gene	183210766	183212497	.	+	.	ID=gene-Eef1a1-dl50;Name=Eef1a1-dl50;origin=de_novo
chrX	AUGUSTUS	gene	185662140	185665394	.	+	.	ID=gene-Rplp0-dl11;Name=Rplp0-dl11;origin=de_novo
chrX	AUGUSTUS	gene	188912355	188914458	.	+	.	ID=gene-Ywhah-dl2;Name=Ywhah-dl2;origin=de_novo
chrX	AUGUSTUS	gene	188928212	188930316	.	-	.	ID=gene-Ywhah-dl3;Name=Ywhah-dl3;origin=de_novo
chrX	gmst	gene	193215054	193281714	.	+	.	ID=gene-Pudp-dl2;Name=Pudp-dl2;origin=de_novo
chrX	AUGUSTUS	gene	197079533	197081309	.	+	.	ID=gene-Pin4-dl2;Name=Pin4-dl2;origin=de_novo
chrX	AUGUSTUS	gene	197701051	197702751	.	+	.	ID=gene-Med4-dl2;Name=Med4-dl2;origin=de_novo
chrX	AUGUSTUS	gene	197736687	197737251	.	+	.	ID=gene-Rpl27-dl7;Name=Rpl27-dl7;origin=de_novo
chrY	AUGUSTUS	gene	4824204	4824857	.	-	.	ID=gene-Rpl10a-dl10;Name=Rpl10a-dl10;origin=de_novo
chrY	AUGUSTUS	gene	13382200	13382853	.	+	.	ID=gene-Rpl10a-dl11;Name=Rpl10a-dl11;origin=de_novo
chrY	AUGUSTUS	gene	31516698	31517351	.	-	.	ID=gene-Rpl10a-dl12;Name=Rpl10a-dl12;origin=de_novo
chrY	AUGUSTUS	gene	37398497	37399150	.	+	.	ID=gene-Rpl10a-dl13;Name=Rpl10a-dl13;origin=de_novo
chrY	AUGUSTUS	gene	39046906	39048228	.	+	.	ID=gene-Psmc1-dl3;Name=Psmc1-dl3;origin=de_novo
chrY	AUGUSTUS	gene	40377977	40379801	.	+	.	ID=gene-Cct4-dl2;Name=Cct4-dl2;origin=de_novo
chrY	AUGUSTUS	gene	46307301	46308158	.	+	.	ID=gene-Psmc1-dl4;Name=Psmc1-dl4;origin=de_novo
chrY	AUGUSTUS	gene	58976481	58977218	.	+	.	ID=gene-Chchd2-dl1;Name=Chchd2-dl1;origin=de_novo
chrY	AUGUSTUS	gene	64474482	64474994	.	+	.	ID=gene-Ube2g1-dl1;Name=Ube2g1-dl1;origin=de_novo
chrY	AUGUSTUS	gene	68354277	68368602	.	+	.	ID=gene-Ddx3y;Name=Ddx3y;origin=de_novo
chrY	gmst	gene	68408754	68736545	.	+	.	ID=gene-Uty;Name=Uty;origin=de_novo
chrY	AUGUSTUS	gene	68574923	68576432	.	-	.	ID=gene-Rps15-dl1;Name=Rps15-dl1;origin=de_novo
chrY	AUGUSTUS	gene	68768664	68769784	.	+	.	ID=gene-Rpl13-dl16;Name=Rpl13-dl16;origin=de_novo
chr1	AUGUSTUS	gene	520363	520995	.	+	.	ID=gene-Rpl13-dl1;Name=Rpl13-dl1;origin=de_novo
chr1	AUGUSTUS	gene	1046500	1047001	.	-	.	ID=gene-Sfta2;Name=Sfta2;origin=de_novo
chr1	AUGUSTUS	gene	1833429	1834509	.	-	.	ID=gene-Cdk1-dl1;Name=Cdk1-dl1;origin=de_novo
chr1	AUGUSTUS	gene	2229430	2229807	.	-	.	ID=gene-Rps25-dl1;Name=Rps25-dl1;origin=de_novo
chr1	AUGUSTUS	gene	2266625	2267056	.	+	.	ID=gene-Rps23-dl1;Name=Rps23-dl1;origin=de_novo
chr1	AUGUSTUS	gene	6145436	6145690	.	-	.	ID=gene-Rps20-dl1;Name=Rps20-dl1;origin=de_novo
chr1	AUGUSTUS	gene	11584238	11585556	.	-	.	ID=gene-Snrpe-dl1;Name=Snrpe-dl1;origin=de_novo
chr1	gmst	gene	11764869	11765399	.	-	.	ID=gene-Ywhah-dl1;Name=Ywhah-dl1;origin=de_novo
chr1	AUGUSTUS	gene	15564361	15565616	.	+	.	ID=gene-Eif5a2-dl1;Name=Eif5a2-dl1;origin=de_novo
chr1	AUGUSTUS	gene	15814635	15815186	.	-	.	ID=gene-Larp7-dl1;Name=Larp7-dl1;origin=de_novo
chr1	AUGUSTUS	gene	19889213	19890407	.	+	.	ID=gene-Rpl13-dl2;Name=Rpl13-dl2;origin=de_novo
chr1	AUGUSTUS	gene	25263813	25264139	.	+	.	ID=gene-Snrpg-dl1;Name=Snrpg-dl1;origin=de_novo
chr1	AUGUSTUS	gene	26440232	26442532	.	-	.	ID=gene-Itfg2-dl1;Name=Itfg2-dl1;origin=de_novo
chr1	AUGUSTUS	gene	28048613	28049866	.	+	.	ID=gene-Hmox1-dl1;Name=Hmox1-dl1;origin=de_novo
chr1	AUGUSTUS	gene	32650025	32650651	.	-	.	ID=gene-Ccdc25-dl1;Name=Ccdc25-dl1;origin=de_novo
chr1	AUGUSTUS	gene	35382613	35383566	.	+	.	ID=gene-Klf17-dl1;Name=Klf17-dl1;origin=de_novo
chr1	gmst	gene	35953263	35958307	.	+	.	ID=gene-Eif3a-dl1;Name=Eif3a-dl1;origin=de_novo
chr1	AUGUSTUS	gene	39133208	39133642	.	-	.	ID=gene-Sod1-dl1;Name=Sod1-dl1;origin=de_novo
chr1	AUGUSTUS	gene	40122716	40124953	.	+	.	ID=gene-Sem1-dl1;Name=Sem1-dl1;origin=de_novo
chr1	GeneMark.hmm3	gene	41670511	41670825	.	+	.	ID=gene-Rpl27a-dl1;Name=Rpl27a-dl1;origin=de_novo
chr1	AUGUSTUS	gene	41670879	41671488	.	-	.	ID=gene-Lsm3-dl1;Name=Lsm3-dl1;origin=de_novo
chr1	AUGUSTUS	gene	41704251	41706569	.	+	.	ID=gene-Rps3-dl1;Name=Rps3-dl1;origin=de_novo
chr1	gmst	gene	43129065	43129804	.	-	.	ID=gene-Eef1b2-dl1;Name=Eef1b2-dl1;origin=de_novo
chr1	gmst	gene	50573205	50598584	.	+	.	ID=gene-Mrln;Name=Mrln;origin=de_novo
chr1	gmst	gene	53769877	53775178	.	+	.	ID=gene-Cops9;Name=Cops9;origin=de_novo
chr1	gmst	gene	59183234	59184758	.	+	.	ID=gene-Rpl35-dl1;Name=Rpl35-dl1;origin=de_novo
chr1	AUGUSTUS	gene	59311884	59312657	.	-	.	ID=gene-Prdx3-dl1;Name=Prdx3-dl1;origin=de_novo
chr1	AUGUSTUS	gene	59472797	59474507	.	-	.	ID=gene-Itm2b-dl1;Name=Itm2b-dl1;origin=de_novo
chr1	gmst	gene	61500039	61500302	.	-	.	ID=gene-Cdk2ap1-dl1;Name=Cdk2ap1-dl1;origin=de_novo
chr1	AUGUSTUS	gene	68953401	68953997	.	+	.	ID=gene-Prdx1-dl1;Name=Prdx1-dl1;origin=de_novo
chr1	AUGUSTUS	gene	69018654	69019031	.	+	.	ID=gene-Rps25-dl2;Name=Rps25-dl2;origin=de_novo
chr1	AUGUSTUS	gene	73253244	73256717	.	+	.	ID=gene-Mtap-dl1;Name=Mtap-dl1;origin=de_novo
chr1	AUGUSTUS	gene	75647781	75648020	.	+	.	ID=gene-Snrpe-dl2;Name=Snrpe-dl2;origin=de_novo
chr1	gmst	gene	76245120	76248189	.	+	.	ID=gene-Copb2-dl1;Name=Copb2-dl1;origin=de_novo
chr1	AUGUSTUS	gene	86182701	86183393	.	-	.	ID=gene-Rpl27a-dl2;Name=Rpl27a-dl2;origin=de_novo
chr1	AUGUSTUS	gene	86662505	86663062	.	+	.	ID=gene-Stmn1-dl1;Name=Stmn1-dl1;origin=de_novo
chr1	AUGUSTUS	gene	89048367	89050346	.	+	.	ID=gene-Hdac1-dl1;Name=Hdac1-dl1;origin=de_novo
chr1	AUGUSTUS	gene	90957407	91064256	.	-	.	ID=gene-Fam117b;Name=Fam117b;origin=de_novo
chr1	GeneMark.hmm3	gene	90995607	90998817	.	+	.	ID=gene-Snw1-dl1;Name=Snw1-dl1;origin=de_novo
chr1	AUGUSTUS	gene	93408967	93409374	.	+	.	ID=gene-Rps17-dl1;Name=Rps17-dl1;origin=de_novo
chr1	AUGUSTUS	gene	97792942	97794390	.	+	.	ID=gene-Hdac1-dl2;Name=Hdac1-dl2;origin=de_novo
chr1	AUGUSTUS	gene	103082313	103083813	.	-	.	ID=gene-Rpl27a-dl3;Name=Rpl27a-dl3;origin=de_novo
chr1	AUGUSTUS	gene	103192662	103194217	.	-	.	ID=gene-Hmgn2-dl1;Name=Hmgn2-dl1;origin=de_novo
chr1	AUGUSTUS	gene	108629864	108630884	.	-	.	ID=gene-Stmn1-dl2;Name=Stmn1-dl2;origin=de_novo
chr1	AUGUSTUS	gene	116337858	116339045	.	-	.	ID=gene-Gnl3-dl1;Name=Gnl3-dl1;origin=de_novo
chr1	AUGUSTUS	gene	121580552	121582309	.	-	.	ID=gene-Dhfr-dl1;Name=Dhfr-dl1;origin=de_novo
chr1	AUGUSTUS	gene	123127173	123128385	.	-	.	ID=gene-Snx3-dl1;Name=Snx3-dl1;origin=de_novo
chr1	AUGUSTUS	gene	123430313	123431920	.	+	.	ID=gene-Snw1-dl2;Name=Snw1-dl2;origin=de_novo
chr1	AUGUSTUS	gene	134759001	134759765	.	+	.	ID=gene-Pgam1-dl1;Name=Pgam1-dl1;origin=de_novo
chr1	AUGUSTUS	gene	138006815	138007442	.	-	.	ID=gene-Rps7-dl1;Name=Rps7-dl1;origin=de_novo
chr1	AUGUSTUS	gene	140102075	140102416	.	-	.	ID=gene-Eif1-dl1;Name=Eif1-dl1;origin=de_novo
chr1	AUGUSTUS	gene	157506890	157507243	.	-	.	ID=gene-Mycbp-dl1;Name=Mycbp-dl1;origin=de_novo
chr1	AUGUSTUS	gene	157743375	157744066	.	+	.	ID=gene-Cdc26-dl1;Name=Cdc26-dl1;origin=de_novo
chr1	AUGUSTUS	gene	163221670	163222726	.	+	.	ID=gene-Snrpd1-dl1;Name=Snrpd1-dl1;origin=de_novo
chr1	AUGUSTUS	gene	163476898	163477942	.	+	.	ID=gene-Dstn-dl1;Name=Dstn-dl1;origin=de_novo
chr1	AUGUSTUS	gene	164078049	164081374	.	+	.	ID=gene-Ctrb1-dl1;Name=Ctrb1-dl1;origin=de_novo
chr1	AUGUSTUS	gene	164946165	164947241	.	-	.	ID=gene-Srpra-dl1;Name=Srpra-dl1;origin=de_novo
chr2	AUGUSTUS	gene	3118472	3118825	.	+	.	ID=gene-Eif4ebp2-dl1;Name=Eif4ebp2-dl1;origin=de_novo
chr2	AUGUSTUS	gene	3255020	3255708	.	+	.	ID=gene-Med29-dl1;Name=Med29-dl1;origin=de_novo
chr2	AUGUSTUS	gene	3859014	3862107	.	+	.	ID=gene-Osbpl11-dl1;Name=Osbpl11-dl1;origin=de_novo
chr2	AUGUSTUS	gene	4259610	4259936	.	+	.	ID=gene-Eif4ebp2-dl2;Name=Eif4ebp2-dl2;origin=de_novo
chr2	AUGUSTUS	gene	5051080	5053183	.	+	.	ID=gene-Atg12-dl1;Name=Atg12-dl1;origin=de_novo
chr2	AUGUSTUS	gene	5301470	5303295	.	-	.	ID=gene-Rab2a-dl1;Name=Rab2a-dl1;origin=de_novo
chr2	AUGUSTUS	gene	11670315	11670929	.	+	.	ID=gene-Sap18-dl2;Name=Sap18-dl2;origin=de_novo
chr2	AUGUSTUS	gene	14188659	14188904	.	+	.	ID=gene-Nedd8-dl5;Name=Nedd8-dl5;origin=de_novo
chr2	AUGUSTUS	gene	17971069	17980638	.	-	.	ID=gene-Fxyd7;Name=Fxyd7;origin=de_novo
chr2	AUGUSTUS	gene	18464772	18465213	.	-	.	ID=gene-Hspe1-dl6;Name=Hspe1-dl6;origin=de_novo
chr2	AUGUSTUS	gene	19038708	19040484	.	+	.	ID=gene-Ccnb1-dl4;Name=Ccnb1-dl4;origin=de_novo
chr2	AUGUSTUS	gene	19606525	19609716	.	-	.	ID=gene-Cebpg;Name=Cebpg;origin=de_novo
chr2	AUGUSTUS	gene	20756873	20757495	.	+	.	ID=gene-Bccip-dl1;Name=Bccip-dl1;origin=de_novo
chr2	AUGUSTUS	gene	20763755	20764048	.	+	.	ID=gene-Mrpl50-dl2;Name=Mrpl50-dl2;origin=de_novo
chr2	AUGUSTUS	gene	20848889	20849469	.	-	.	ID=gene-Rps23-dl4;Name=Rps23-dl4;origin=de_novo
chr2	AUGUSTUS	gene	21379616	21380251	.	+	.	ID=gene-Rpl13-dl7;Name=Rpl13-dl7;origin=de_novo
chr2	AUGUSTUS	gene	26723248	26725002	.	-	.	ID=gene-Arpc1b-dl1;Name=Arpc1b-dl1;origin=de_novo
chr2	AUGUSTUS	gene	27117752	27118604	.	+	.	ID=gene-Psma2-dl3;Name=Psma2-dl3;origin=de_novo
chr2	AUGUSTUS	gene	28351149	28352085	.	+	.	ID=gene-Srp14-dl2;Name=Srp14-dl2;origin=de_novo
chr2	AUGUSTUS	gene	29792970	29794679	.	-	.	ID=gene-Mycbp-dl2;Name=Mycbp-dl2;origin=de_novo
chr2	AUGUSTUS	gene	30673660	30674358	.	+	.	ID=gene-Inafm1;Name=Inafm1;origin=de_novo
chr2	AUGUSTUS	gene	32274559	32275947	.	+	.	ID=gene-Eef1a1-dl14;Name=Eef1a1-dl14;origin=de_novo
chr2	AUGUSTUS	gene	33052946	33055929	.	-	.	ID=gene-Saxo3;Name=Saxo3;origin=de_novo
chr2	AUGUSTUS	gene	34120779	34128449	.	+	.	ID=gene-Napsa-dl1;Name=Napsa-dl1;origin=de_novo
chr2	AUGUSTUS	gene	34532228	34533389	.	-	.	ID=gene-Slc25a5-dl2;Name=Slc25a5-dl2;origin=de_novo
chr2	AUGUSTUS	gene	34913616	34916526	.	+	.	ID=gene-Klk4-dl1;Name=Klk4-dl1;origin=de_novo
chr2	AUGUSTUS	gene	35535784	35539574	.	-	.	ID=gene-Klk4-dl2;Name=Klk4-dl2;origin=de_novo
chr2	AUGUSTUS	gene	36617534	36619192	.	-	.	ID=gene-Sh3bgrl-dl2;Name=Sh3bgrl-dl2;origin=de_novo
chr2	AUGUSTUS	gene	40693440	40694164	.	-	.	ID=gene-Atg12-dl2;Name=Atg12-dl2;origin=de_novo
chr2	AUGUSTUS	gene	41407443	41407917	.	-	.	ID=gene-Pomp-dl1;Name=Pomp-dl1;origin=de_novo
chr2	AUGUSTUS	gene	43394620	43395210	.	+	.	ID=gene-Tmem38b-dl1;Name=Tmem38b-dl1;origin=de_novo
chr2	AUGUSTUS	gene	43425066	43426485	.	+	.	ID=gene-Tmem203-dl1;Name=Tmem203-dl1;origin=de_novo
chr2	AUGUSTUS	gene	43436632	43437568	.	-	.	ID=gene-Rsl24d1-dl1;Name=Rsl24d1-dl1;origin=de_novo
chr2	AUGUSTUS	gene	44009962	44010279	.	-	.	ID=gene-Cycs;Name=Cycs;origin=de_novo
chr2	AUGUSTUS	gene	44696127	44698645	.	+	.	ID=gene-Dek-dl1;Name=Dek-dl1;origin=de_novo
chr2	AUGUSTUS	gene	45940137	45940742	.	-	.	ID=gene-Cd164;Name=Cd164;origin=de_novo
chr2	AUGUSTUS	gene	47861685	47863838	.	-	.	ID=gene-Cstf3-dl1;Name=Cstf3-dl1;origin=de_novo
chr2	AUGUSTUS	gene	49754026	49754373	.	-	.	ID=gene-Rps26;Name=Rps26;origin=de_novo
chr2	AUGUSTUS	gene	49794340	49795390	.	-	.	ID=gene-Snrpd1-dl3;Name=Snrpd1-dl3;origin=de_novo
chr2	AUGUSTUS	gene	52663140	52663505	.	-	.	ID=gene-Ska2-dl6;Name=Ska2-dl6;origin=de_novo
chr2	AUGUSTUS	gene	58040392	58040691	.	-	.	ID=gene-S100a11-dl2;Name=S100a11-dl2;origin=de_novo
chr2	AUGUSTUS	gene	61504772	61505831	.	-	.	ID=gene-Rplp0-dl4;Name=Rplp0-dl4;origin=de_novo
chr2	AUGUSTUS	gene	62359358	62360301	.	-	.	ID=gene-Rtraf-dl1;Name=Rtraf-dl1;origin=de_novo
chr2	AUGUSTUS	gene	62651897	62653285	.	+	.	ID=gene-Eef1a1-dl15;Name=Eef1a1-dl15;origin=de_novo
chr2	AUGUSTUS	gene	65050434	65052565	.	+	.	ID=gene-Gnai3-dl2;Name=Gnai3-dl2;origin=de_novo
chr2	GeneMark.hmm3	gene	65450787	65452466	.	+	.	ID=gene-Pgam1-dl4;Name=Pgam1-dl4;origin=de_novo
chr2	AUGUSTUS	gene	69052478	69054597	.	+	.	ID=gene-Nampt-dl1;Name=Nampt-dl1;origin=de_novo
chr2	AUGUSTUS	gene	69737815	69741254	.	+	.	ID=gene-Kifbp;Name=Kifbp;origin=de_novo
chr2	AUGUSTUS	gene	70636646	70638515	.	-	.	ID=gene-Kifbp-dl1;Name=Kifbp-dl1;origin=de_novo
chr2	AUGUSTUS	gene	71676362	71679744	.	-	.	ID=gene-Kifbp-dl2;Name=Kifbp-dl2;origin=de_novo
chr2	AUGUSTUS	gene	72767743	72771375	.	-	.	ID=gene-Kifbp-dl3;Name=Kifbp-dl3;origin=de_novo
chr2	AUGUSTUS	gene	74079926	74083524	.	-	.	ID=gene-Osbpl11-dl2;Name=Osbpl11-dl2;origin=de_novo
chr2	AUGUSTUS	gene	74135118	74135665	.	+	.	ID=gene-Sap18-dl3;Name=Sap18-dl3;origin=de_novo
chr2	AUGUSTUS	gene	74508629	74520499	.	+	.	ID=gene-Cd5l-dl1;Name=Cd5l-dl1;origin=de_novo
chr2	AUGUSTUS	gene	76859572	76861437	.	-	.	ID=gene-Kifbp-dl4;Name=Kifbp-dl4;origin=de_novo
chr2	AUGUSTUS	gene	78141613	78141966	.	+	.	ID=gene-Eif4ebp2-dl3;Name=Eif4ebp2-dl3;origin=de_novo
chr2	AUGUSTUS	gene	87958356	87959257	.	-	.	ID=gene-Larp7-dl4;Name=Larp7-dl4;origin=de_novo
chr2	AUGUSTUS	gene	91891150	91893691	.	-	.	ID=gene-Coil-dl1;Name=Coil-dl1;origin=de_novo
chr2	AUGUSTUS	gene	94217920	94219567	.	+	.	ID=gene-Eef1a1-dl16;Name=Eef1a1-dl16;origin=de_novo
chr2	AUGUSTUS	gene	94674530	94675702	.	-	.	ID=gene-Krr1-dl1;Name=Krr1-dl1;origin=de_novo
chr2	AUGUSTUS	gene	94811162	94811665	.	-	.	ID=gene-Bloc1s6-dl1;Name=Bloc1s6-dl1;origin=de_novo
chr2	AUGUSTUS	gene	94945298	94945801	.	+	.	ID=gene-Bloc1s6-dl2;Name=Bloc1s6-dl2;origin=de_novo
chr2	AUGUSTUS	gene	95081353	95082495	.	+	.	ID=gene-Krr1-dl2;Name=Krr1-dl2;origin=de_novo
chr2	AUGUSTUS	gene	100211955	100213328	.	-	.	ID=gene-Klf5-dl1;Name=Klf5-dl1;origin=de_novo
chr2	AUGUSTUS	gene	100454708	100455235	.	+	.	ID=gene-Siva1-dl1;Name=Siva1-dl1;origin=de_novo
chr2	AUGUSTUS	gene	103939112	103939639	.	-	.	ID=gene-Siva1-dl2;Name=Siva1-dl2;origin=de_novo
chr2	gmst	gene	120698956	120701059	.	-	.	ID=gene-Dnaja2-dl1;Name=Dnaja2-dl1;origin=de_novo
chr2	AUGUSTUS	gene	131629027	131630888	.	+	.	ID=gene-Vamp3-dl1;Name=Vamp3-dl1;origin=de_novo
chr2	AUGUSTUS	gene	141665036	141667411	.	-	.	ID=gene-Btg1-dl1;Name=Btg1-dl1;origin=de_novo
chr2	AUGUSTUS	gene	142850300	142897549	.	-	.	ID=gene-Ube2n-dl1;Name=Ube2n-dl1;origin=de_novo
chr2	AUGUSTUS	gene	147764278	147766042	.	-	.	ID=gene-Tuba3a-dl2;Name=Tuba3a-dl2;origin=de_novo
chr2	GeneMark.hmm3	gene	148644793	148647265	.	-	.	ID=gene-Hprt1-dl2;Name=Hprt1-dl2;origin=de_novo
chr3	GeneMark.hmm3	gene	1215935	1218241	.	+	.	ID=gene-Sephs2;Name=Sephs2;origin=de_novo
chr3	AUGUSTUS	gene	3117985	3118542	.	-	.	ID=gene-Hint1-dl1;Name=Hint1-dl1;origin=de_novo
chr3	gmst	gene	5376721	5377441	.	-	.	ID=gene-Rps11-dl3;Name=Rps11-dl3;origin=de_novo
chr3	AUGUSTUS	gene	8106002	8106635	.	-	.	ID=gene-Polr2g-dl1;Name=Polr2g-dl1;origin=de_novo
chr3	AUGUSTUS	gene	15271858	15273642	.	-	.	ID=gene-Cct7-dl3;Name=Cct7-dl3;origin=de_novo
chr3	gmst	gene	17111015	17111953	.	+	.	ID=gene-Brk1-dl1;Name=Brk1-dl1;origin=de_novo
chr3	GeneMark.hmm3	gene	21079087	21080315	.	-	.	ID=gene-Tstd3-dl2;Name=Tstd3-dl2;origin=de_novo
chr3	AUGUSTUS	gene	27189630	27190739	.	-	.	ID=gene-Arpc1a-dl2;Name=Arpc1a-dl2;origin=de_novo
chr3	AUGUSTUS	gene	30341188	30343279	.	+	.	ID=gene-Hmgn2-dl9;Name=Hmgn2-dl9;origin=de_novo
chr3	AUGUSTUS	gene	37894464	37894799	.	+	.	ID=gene-Snx3-dl2;Name=Snx3-dl2;origin=de_novo
chr3	AUGUSTUS	gene	40478037	40481453	.	-	.	ID=gene-Pcdhb17;Name=Pcdhb17;origin=de_novo
chr3	AUGUSTUS	gene	40583941	40588174	.	-	.	ID=gene-Pcdhb3;Name=Pcdhb3;origin=de_novo
chr3	AUGUSTUS	gene	43513240	43513979	.	-	.	ID=gene-Pfdn5-dl2;Name=Pfdn5-dl2;origin=de_novo
chr3	AUGUSTUS	gene	48348704	48349462	.	+	.	ID=gene-Rpl13a-dl3;Name=Rpl13a-dl3;origin=de_novo
chr3	GeneMark.hmm3	gene	62472844	62474613	.	-	.	ID=gene-Chchd1-dl1;Name=Chchd1-dl1;origin=de_novo
chr3	gmst	gene	76315861	76327850	.	-	.	ID=gene-Or2t29;Name=Or2t29;origin=de_novo
chr3	AUGUSTUS	gene	76855947	76856498	.	-	.	ID=gene-Tmem9b-dl2;Name=Tmem9b-dl2;origin=de_novo
chr3	AUGUSTUS	gene	80516896	80518204	.	-	.	ID=gene-Pycard;Name=Pycard;origin=de_novo
chr3	AUGUSTUS	gene	81127198	81129353	.	-	.	ID=gene-Eef1a1-dl32;Name=Eef1a1-dl32;origin=de_novo
chr3	AUGUSTUS	gene	83538301	83540866	.	+	.	ID=gene-Nedd8-dl7;Name=Nedd8-dl7;origin=de_novo
chr3	AUGUSTUS	gene	84584868	84585419	.	+	.	ID=gene-Ripply3-dl1;Name=Ripply3-dl1;origin=de_novo
chr3	AUGUSTUS	gene	86200990	86201403	.	+	.	ID=gene-Ino80c-dl3;Name=Ino80c-dl3;origin=de_novo
chr3	AUGUSTUS	gene	87071230	87071637	.	-	.	ID=gene-Fabp3-dl2;Name=Fabp3-dl2;origin=de_novo
chr3	AUGUSTUS	gene	99471512	99472711	.	-	.	ID=gene-Rnft1-dl1;Name=Rnft1-dl1;origin=de_novo
chr3	AUGUSTUS	gene	104179563	104182259	.	+	.	ID=gene-Rpl27-dl5;Name=Rpl27-dl5;origin=de_novo
chr3	AUGUSTUS	gene	105415915	105421993	.	-	.	ID=gene-Lsm4-dl1;Name=Lsm4-dl1;origin=de_novo
chr3	AUGUSTUS	gene	106270326	106270757	.	-	.	ID=gene-Rps23-dl6;Name=Rps23-dl6;origin=de_novo
chr3	AUGUSTUS	gene	108123333	108123968	.	-	.	ID=gene-Rpl13-dl10;Name=Rpl13-dl10;origin=de_novo
chr3	AUGUSTUS	gene	109637634	109638473	.	+	.	ID=gene-Nfilz;Name=Nfilz;origin=de_novo
chr3	AUGUSTUS	gene	110930866	110933501	.	-	.	ID=gene-Ppp3r1-dl1;Name=Ppp3r1-dl1;origin=de_novo
chr3	gmst	gene	112820584	112822194	.	-	.	ID=gene-Arpc5-dl4;Name=Arpc5-dl4;origin=de_novo
chr3	AUGUSTUS	gene	112955184	112956573	.	+	.	ID=gene-Emb-dl2;Name=Emb-dl2;origin=de_novo
chr3	AUGUSTUS	gene	118975929	118976945	.	-	.	ID=gene-Ahsa1-dl1;Name=Ahsa1-dl1;origin=de_novo
chr3	AUGUSTUS	gene	121141568	121142956	.	-	.	ID=gene-Eef1a1-dl33;Name=Eef1a1-dl33;origin=de_novo
chr3	AUGUSTUS	gene	121798077	121798385	.	+	.	ID=gene-Hspe1-dl7;Name=Hspe1-dl7;origin=de_novo
chr3	gmst	gene	123671709	123672614	.	+	.	ID=gene-Eef1a1-dl34;Name=Eef1a1-dl34;origin=de_novo
chr3	AUGUSTUS	gene	123954720	123955435	.	-	.	ID=gene-Sap18-dl4;Name=Sap18-dl4;origin=de_novo
chr3	AUGUSTUS	gene	124174502	124183538	.	-	.	ID=gene-Clec4g-dl1;Name=Clec4g-dl1;origin=de_novo
chr3	AUGUSTUS	gene	125307907	125309295	.	-	.	ID=gene-Eef1a1-dl35;Name=Eef1a1-dl35;origin=de_novo
chr3	AUGUSTUS	gene	126074558	126076315	.	+	.	ID=gene-Mrps25-dl2;Name=Mrps25-dl2;origin=de_novo
chr3	AUGUSTUS	gene	128760078	128762324	.	-	.	ID=gene-Cst3-dl1;Name=Cst3-dl1;origin=de_novo
chr3	AUGUSTUS	gene	130606769	130607886	.	-	.	ID=gene-Birc5-dl1;Name=Birc5-dl1;origin=de_novo
chr3	AUGUSTUS	gene	135496795	135498462	.	-	.	ID=gene-Ik-dl1;Name=Ik-dl1;origin=de_novo
chr3	AUGUSTUS	gene	137012150	137014163	.	+	.	ID=gene-Prps1-dl2;Name=Prps1-dl2;origin=de_novo
chr3	AUGUSTUS	gene	144006211	144007836	.	-	.	ID=gene-Cct7-dl4;Name=Cct7-dl4;origin=de_novo
chr3	AUGUSTUS	gene	146937295	146937585	.	-	.	ID=gene-Rpl28-dl3;Name=Rpl28-dl3;origin=de_novo
chr3	AUGUSTUS	gene	147178195	147180053	.	-	.	ID=gene-Tpm4-dl1;Name=Tpm4-dl1;origin=de_novo
chr3	AUGUSTUS	gene	148850810	148852368	.	+	.	ID=gene-Eif1-dl5;Name=Eif1-dl5;origin=de_novo
chr4	AUGUSTUS	gene	5951974	5952627	.	+	.	ID=gene-Rpl10a-dl1;Name=Rpl10a-dl1;origin=de_novo
chr4	AUGUSTUS	gene	7279513	7280076	.	-	.	ID=gene-Dhfr-dl6;Name=Dhfr-dl6;origin=de_novo
chr4	AUGUSTUS	gene	7513847	7514410	.	+	.	ID=gene-Dhfr-dl7;Name=Dhfr-dl7;origin=de_novo
chr4	AUGUSTUS	gene	13176190	13177501	.	-	.	ID=gene-Psmc3-dl1;Name=Psmc3-dl1;origin=de_novo
chr4	AUGUSTUS	gene	14067301	14071276	.	+	.	ID=gene-Dppa3;Name=Dppa3;origin=de_novo
chr4	AUGUSTUS	gene	15213731	15214075	.	-	.	ID=gene-Sh3bgrl-dl3;Name=Sh3bgrl-dl3;origin=de_novo
chr4	AUGUSTUS	gene	15906399	15921979	.	+	.	ID=gene-Klra4;Name=Klra4;origin=de_novo
chr4	gmst	gene	18452152	18453285	.	+	.	ID=gene-Acot13-dl3;Name=Acot13-dl3;origin=de_novo
chr4	AUGUSTUS	gene	25391223	25394106	.	-	.	ID=gene-Ccdc59-dl1;Name=Ccdc59-dl1;origin=de_novo
chr4	AUGUSTUS	gene	26343268	26344630	.	-	.	ID=gene-Adrm1-dl1;Name=Adrm1-dl1;origin=de_novo
chr4	AUGUSTUS	gene	34877044	34877322	.	+	.	ID=gene-Snrpe-dl6;Name=Snrpe-dl6;origin=de_novo
chr4	AUGUSTUS	gene	39525061	39525931	.	-	.	ID=gene-Rpl7-dl5;Name=Rpl7-dl5;origin=de_novo
chr4	gmst	gene	39704833	39707638	.	+	.	ID=gene-Smim45;Name=Smim45;origin=de_novo
chr4	AUGUSTUS	gene	41506640	41507356	.	+	.	ID=gene-Chchd6-dl1;Name=Chchd6-dl1;origin=de_novo
chr4	AUGUSTUS	gene	44884515	44885903	.	+	.	ID=gene-Eef1a1-dl36;Name=Eef1a1-dl36;origin=de_novo
chr4	AUGUSTUS	gene	47190295	47190765	.	+	.	ID=gene-Rpl23a-dl6;Name=Rpl23a-dl6;origin=de_novo
chr4	AUGUSTUS	gene	47369578	47386422	.	-	.	ID=gene-Fads2-dl1;Name=Fads2-dl1;origin=de_novo
chr4	AUGUSTUS	gene	47453963	47454589	.	+	.	ID=gene-Rpl7-dl6;Name=Rpl7-dl6;origin=de_novo
chr4	AUGUSTUS	gene	47820359	47822560	.	+	.	ID=gene-Tex54;Name=Tex54;origin=de_novo
chr4	AUGUSTUS	gene	49550812	49561185	.	-	.	ID=gene-Ms4a4d;Name=Ms4a4d;origin=de_novo
chr4	AUGUSTUS	gene	49654890	49672371	.	+	.	ID=gene-Ms4a4a-dl1;Name=Ms4a4a-dl1;origin=de_novo
chr4	AUGUSTUS	gene	49697727	49700607	.	+	.	ID=gene-Ms4a4d-dl1;Name=Ms4a4d-dl1;origin=de_novo
chr4	AUGUSTUS	gene	59605779	59608265	.	+	.	ID=gene-Cse1l-dl1;Name=Cse1l-dl1;origin=de_novo
chr4	AUGUSTUS	gene	60764433	60768170	.	+	.	ID=gene-Gnaq-dl1;Name=Gnaq-dl1;origin=de_novo
chr4	AUGUSTUS	gene	62911676	62912286	.	-	.	ID=gene-Gabarapl2-dl2;Name=Gabarapl2-dl2;origin=de_novo
chr4	AUGUSTUS	gene	71649591	71649967	.	+	.	ID=gene-Rpl35-dl16;Name=Rpl35-dl16;origin=de_novo
chr4	AUGUSTUS	gene	74335708	74336133	.	-	.	ID=gene-Ska2-dl9;Name=Ska2-dl9;origin=de_novo
chr4	AUGUSTUS	gene	77702212	77702777	.	-	.	ID=gene-Coa6-dl1;Name=Coa6-dl1;origin=de_novo
chr4	AUGUSTUS	gene	82246796	82247263	.	-	.	ID=gene-Fam162a-dl1;Name=Fam162a-dl1;origin=de_novo
chr4	GeneMark.hmm3	gene	82449230	82449583	.	+	.	ID=gene-Rps15a-dl5;Name=Rps15a-dl5;origin=de_novo
chr4	gmst	gene	82713287	82714675	.	+	.	ID=gene-Eef1a1-dl37;Name=Eef1a1-dl37;origin=de_novo
chr4	AUGUSTUS	gene	83176771	83177269	.	+	.	ID=gene-Uqcrb-dl9;Name=Uqcrb-dl9;origin=de_novo
chr4	AUGUSTUS	gene	84068774	84072566	.	-	.	ID=gene-Catsperz;Name=Catsperz;origin=de_novo
chr4	AUGUSTUS	gene	86607190	86607570	.	-	.	ID=gene-Rpl18a-dl5;Name=Rpl18a-dl5;origin=de_novo
chr4	AUGUSTUS	gene	86828347	86829186	.	+	.	ID=gene-Rps6-dl3;Name=Rps6-dl3;origin=de_novo
chr4	AUGUSTUS	gene	87144817	87146508	.	+	.	ID=gene-Pgam1-dl6;Name=Pgam1-dl6;origin=de_novo
chr4	AUGUSTUS	gene	89724181	89724813	.	-	.	ID=gene-Sec22b-dl1;Name=Sec22b-dl1;origin=de_novo
chr4	AUGUSTUS	gene	93885937	93890750	.	+	.	ID=gene-Nutm2;Name=Nutm2;origin=de_novo
chr4	AUGUSTUS	gene	94105135	94107986	.	+	.	ID=gene-Gfm1-dl1;Name=Gfm1-dl1;origin=de_novo
chr4	AUGUSTUS	gene	94468670	94469110	.	-	.	ID=gene-Rpl36-dl1;Name=Rpl36-dl1;origin=de_novo
chr4	AUGUSTUS	gene	95291673	95293028	.	+	.	ID=gene-Snx3-dl3;Name=Snx3-dl3;origin=de_novo
chr4	AUGUSTUS	gene	98299860	98300493	.	+	.	ID=gene-Rpl12;Name=Rpl12;origin=de_novo
chr4	AUGUSTUS	gene	99403254	99404150	.	+	.	ID=gene-Nifk-dl4;Name=Nifk-dl4;origin=de_novo
chr4	AUGUSTUS	gene	99622933	99624951	.	-	.	ID=gene-Shcbp1-dl1;Name=Shcbp1-dl1;origin=de_novo
chr4	AUGUSTUS	gene	99957085	99957600	.	+	.	ID=gene-Rpl13a-dl4;Name=Rpl13a-dl4;origin=de_novo
chr4	AUGUSTUS	gene	100233830	100234252	.	+	.	ID=gene-Chchd4-dl3;Name=Chchd4-dl3;origin=de_novo
chr4	AUGUSTUS	gene	101308387	101308998	.	-	.	ID=gene-Fth1-dl4;Name=Fth1-dl4;origin=de_novo
chr4	AUGUSTUS	gene	106616263	106619077	.	-	.	ID=gene-Cox15-dl1;Name=Cox15-dl1;origin=de_novo
chr4	AUGUSTUS	gene	106812888	106813472	.	-	.	ID=gene-Rps7-dl7;Name=Rps7-dl7;origin=de_novo
chr4	AUGUSTUS	gene	108245946	108246599	.	-	.	ID=gene-Rpl10a-dl2;Name=Rpl10a-dl2;origin=de_novo
chr4	AUGUSTUS	gene	108405998	108406615	.	+	.	ID=gene-Rps7-dl8;Name=Rps7-dl8;origin=de_novo
chr4	AUGUSTUS	gene	108564429	108565007	.	-	.	ID=gene-Rpl9;Name=Rpl9;origin=de_novo
chr4	AUGUSTUS	gene	112053443	112054096	.	-	.	ID=gene-Rpl10a-dl3;Name=Rpl10a-dl3;origin=de_novo
chr4	AUGUSTUS	gene	112353727	112354362	.	-	.	ID=gene-Rpl13-dl11;Name=Rpl13-dl11;origin=de_novo
chr4	AUGUSTUS	gene	112615804	112616226	.	-	.	ID=gene-Cox6c-dl2;Name=Cox6c-dl2;origin=de_novo
chr4	AUGUSTUS	gene	115782246	115782911	.	-	.	ID=gene-Rpl10a-dl4;Name=Rpl10a-dl4;origin=de_novo
chr4	AUGUSTUS	gene	116351480	116352517	.	+	.	ID=gene-Pygo1-dl1;Name=Pygo1-dl1;origin=de_novo
chr4	AUGUSTUS	gene	117501986	117503254	.	+	.	ID=gene-Ccnb1-dl6;Name=Ccnb1-dl6;origin=de_novo
chr4	AUGUSTUS	gene	118531083	118531736	.	-	.	ID=gene-Rpl10a-dl5;Name=Rpl10a-dl5;origin=de_novo
chr4	AUGUSTUS	gene	120624489	120625142	.	-	.	ID=gene-Rpl10a-dl6;Name=Rpl10a-dl6;origin=de_novo
chr4	AUGUSTUS	gene	120907199	120908002	.	-	.	ID=gene-Rpl13-dl12;Name=Rpl13-dl12;origin=de_novo
chr4	AUGUSTUS	gene	121831357	121832010	.	+	.	ID=gene-Rpl10a-dl7;Name=Rpl10a-dl7;origin=de_novo
chr4	GeneMark.hmm3	gene	122486034	122487047	.	+	.	ID=gene-Pygo1-dl2;Name=Pygo1-dl2;origin=de_novo
chr4	AUGUSTUS	gene	127891097	127892116	.	-	.	ID=gene-Rad51-dl1;Name=Rad51-dl1;origin=de_novo
chr4	AUGUSTUS	gene	136117510	136119165	.	-	.	ID=gene-Trim8-dl1;Name=Trim8-dl1;origin=de_novo
chr4	AUGUSTUS	gene	139713293	139713946	.	-	.	ID=gene-Rpl10a-dl8;Name=Rpl10a-dl8;origin=de_novo
chr4	AUGUSTUS	gene	139778675	139780080	.	+	.	ID=gene-Wbp4-dl1;Name=Wbp4-dl1;origin=de_novo
chr4	AUGUSTUS	gene	140439680	140441676	.	-	.	ID=gene-Ublcp1-dl1;Name=Ublcp1-dl1;origin=de_novo
chr4	AUGUSTUS	gene	140956289	140960761	.	+	.	ID=gene-Pex13-dl1;Name=Pex13-dl1;origin=de_novo
chr4	AUGUSTUS	gene	141283504	141284541	.	+	.	ID=gene-Pygo1-dl3;Name=Pygo1-dl3;origin=de_novo
chr4	AUGUSTUS	gene	141661007	141662044	.	-	.	ID=gene-Pygo1-dl4;Name=Pygo1-dl4;origin=de_novo
chr4	AUGUSTUS	gene	143673583	143674620	.	-	.	ID=gene-Pygo1-dl5;Name=Pygo1-dl5;origin=de_novo
chr4	AUGUSTUS	gene	145648328	145649347	.	+	.	ID=gene-Pygo1-dl6;Name=Pygo1-dl6;origin=de_novo
chr4	AUGUSTUS	gene	146530480	146531133	.	+	.	ID=gene-Rpl10a-dl9;Name=Rpl10a-dl9;origin=de_novo
chr5	AUGUSTUS	gene	7266507	7268431	.	+	.	ID=gene-Cct3-dl1;Name=Cct3-dl1;origin=de_novo
chr5	gmst	gene	10100718	10101535	.	-	.	ID=gene-Defa5;Name=Defa5;origin=de_novo
chr5	AUGUSTUS	gene	10882973	10884668	.	+	.	ID=gene-Bnip3-dl1;Name=Bnip3-dl1;origin=de_novo
chr5	AUGUSTUS	gene	11035133	11035885	.	-	.	ID=gene-Sbds-dl1;Name=Sbds-dl1;origin=de_novo
chr5	AUGUSTUS	gene	11064410	11064850	.	-	.	ID=gene-Tmem242-dl1;Name=Tmem242-dl1;origin=de_novo
chr5	AUGUSTUS	gene	11370110	11370815	.	-	.	ID=gene-Rpl13-dl13;Name=Rpl13-dl13;origin=de_novo
chr5	AUGUSTUS	gene	19390035	19390481	.	-	.	ID=gene-Rpl27a-dl19;Name=Rpl27a-dl19;origin=de_novo
chr5	AUGUSTUS	gene	20818863	20819900	.	-	.	ID=gene-Psmc1-dl1;Name=Psmc1-dl1;origin=de_novo
chr5	AUGUSTUS	gene	22218696	22220643	.	+	.	ID=gene-Zcrb1-dl1;Name=Zcrb1-dl1;origin=de_novo
chr5	AUGUSTUS	gene	22592061	22593077	.	+	.	ID=gene-Syap1-dl2;Name=Syap1-dl2;origin=de_novo
chr5	AUGUSTUS	gene	34368086	34369212	.	+	.	ID=gene-Selenot-dl1;Name=Selenot-dl1;origin=de_novo
chr5	AUGUSTUS	gene	34753753	34754221	.	-	.	ID=gene-Rpl27-dl6;Name=Rpl27-dl6;origin=de_novo
chr5	AUGUSTUS	gene	44268616	44275207	.	-	.	ID=gene-Cldn24;Name=Cldn24;origin=de_novo
chr5	AUGUSTUS	gene	44272384	44274731	.	-	.	ID=gene-Cldn22;Name=Cldn22;origin=de_novo
chr5	AUGUSTUS	gene	44397786	44402966	.	+	.	ID=gene-Cdkn2aip;Name=Cdkn2aip;origin=de_novo
chr5	AUGUSTUS	gene	48242312	48243109	.	-	.	ID=gene-Casp6-dl1;Name=Casp6-dl1;origin=de_novo
chr5	AUGUSTUS	gene	48569587	48571756	.	+	.	ID=gene-Dph2-dl1;Name=Dph2-dl1;origin=de_novo
chr5	AUGUSTUS	gene	49883542	49884114	.	+	.	ID=gene-Rplp0-dl8;Name=Rplp0-dl8;origin=de_novo
chr5	AUGUSTUS	gene	64334146	64334511	.	-	.	ID=gene-Ska2-dl10;Name=Ska2-dl10;origin=de_novo
chr5	AUGUSTUS	gene	65611483	65612871	.	+	.	ID=gene-Eef1a1-dl38;Name=Eef1a1-dl38;origin=de_novo
chr5	AUGUSTUS	gene	69560212	69562990	.	+	.	ID=gene-Ensa-dl1;Name=Ensa-dl1;origin=de_novo
chr5	AUGUSTUS	gene	72557715	72558179	.	-	.	ID=gene-Txndc12-dl1;Name=Txndc12-dl1;origin=de_novo
chr5	AUGUSTUS	gene	72931881	72933104	.	-	.	ID=gene-Stip1-dl3;Name=Stip1-dl3;origin=de_novo
chr5	gmst	gene	74459454	74461149	.	+	.	ID=gene-Eef1a1-dl39;Name=Eef1a1-dl39;origin=de_novo
chr5	AUGUSTUS	gene	78323843	78324166	.	+	.	ID=gene-Tomm6-dl1;Name=Tomm6-dl1;origin=de_novo
chr5	AUGUSTUS	gene	79071269	79072138	.	+	.	ID=gene-Hdac1-dl7;Name=Hdac1-dl7;origin=de_novo
chr5	AUGUSTUS	gene	81031955	81034220	.	+	.	ID=gene-Rps18-dl6;Name=Rps18-dl6;origin=de_novo
chr5	AUGUSTUS	gene	82897216	82897581	.	-	.	ID=gene-Ska2-dl11;Name=Ska2-dl11;origin=de_novo
chr5	AUGUSTUS	gene	86191088	86192586	.	+	.	ID=gene-Sf3b4-dl3;Name=Sf3b4-dl3;origin=de_novo
chr5	AUGUSTUS	gene	88150809	88151186	.	+	.	ID=gene-Rps25-dl13;Name=Rps25-dl13;origin=de_novo
chr5	AUGUSTUS	gene	91490422	91492733	.	+	.	ID=gene-Glul-dl2;Name=Glul-dl2;origin=de_novo
chr5	AUGUSTUS	gene	95699003	95700967	.	-	.	ID=gene-Ufm1-dl2;Name=Ufm1-dl2;origin=de_novo
chr5	AUGUSTUS	gene	98170252	98170623	.	-	.	ID=gene-Rpl27a-dl20;Name=Rpl27a-dl20;origin=de_novo
chr5	AUGUSTUS	gene	99002569	99002796	.	-	.	ID=gene-Cox6c-dl3;Name=Cox6c-dl3;origin=de_novo
chr5	AUGUSTUS	gene	101980475	101982322	.	+	.	ID=gene-Psmd3-dl1;Name=Psmd3-dl1;origin=de_novo
chr5	AUGUSTUS	gene	108548357	108549113	.	+	.	ID=gene-Rps8-dl1;Name=Rps8-dl1;origin=de_novo
chr5	AUGUSTUS	gene	109201529	109203056	.	+	.	ID=gene-Lrpap1-dl1;Name=Lrpap1-dl1;origin=de_novo
chr5	gmst	gene	111538557	111541157	.	-	.	ID=gene-Chmp5-dl1;Name=Chmp5-dl1;origin=de_novo
chr5	AUGUSTUS	gene	111681985	111684113	.	+	.	ID=gene-Anapc16-dl1;Name=Anapc16-dl1;origin=de_novo
chr5	gmst	gene	114572541	114573382	.	+	.	ID=gene-Rpl8-dl1;Name=Rpl8-dl1;origin=de_novo
chr5	AUGUSTUS	gene	115522226	115522930	.	+	.	ID=gene-Eef1b2-dl3;Name=Eef1b2-dl3;origin=de_novo
chr5	AUGUSTUS	gene	116056812	116058615	.	-	.	ID=gene-Sod2-dl4;Name=Sod2-dl4;origin=de_novo
chr5	AUGUSTUS	gene	118185733	118186269	.	-	.	ID=gene-Arpc3-dl1;Name=Arpc3-dl1;origin=de_novo
chr5	gmst	gene	121715107	121718851	.	-	.	ID=gene-Eef1a1-dl40;Name=Eef1a1-dl40;origin=de_novo
chr5	AUGUSTUS	gene	124439944	124441435	.	+	.	ID=gene-Clns1a-dl1;Name=Clns1a-dl1;origin=de_novo
chr5	gmst	gene	124870007	124870279	.	+	.	ID=gene-Hmgn2-dl10;Name=Hmgn2-dl10;origin=de_novo
chr5	AUGUSTUS	gene	125084661	125086685	.	-	.	ID=gene-Hmgb1;Name=Hmgb1;origin=de_novo
chr5	AUGUSTUS	gene	127986809	127987693	.	+	.	ID=gene-Vdac2-dl1;Name=Vdac2-dl1;origin=de_novo
chr5	AUGUSTUS	gene	130273357	130275057	.	+	.	ID=gene-Eef1a1-dl41;Name=Eef1a1-dl41;origin=de_novo
chr5	AUGUSTUS	gene	134876720	134879005	.	+	.	ID=gene-Ttc1-dl2;Name=Ttc1-dl2;origin=de_novo
chr6	AUGUSTUS	gene	446320	447733	.	-	.	ID=gene-Katnbl1-dl1;Name=Katnbl1-dl1;origin=de_novo
chr6	AUGUSTUS	gene	2294514	2295074	.	-	.	ID=gene-Fcf1-dl3;Name=Fcf1-dl3;origin=de_novo
chr6	AUGUSTUS	gene	4545664	4546107	.	+	.	ID=gene-Stmn1-dl5;Name=Stmn1-dl5;origin=de_novo
chr6	AUGUSTUS	gene	9779166	9782064	.	-	.	ID=gene-Ruvbl1-dl1;Name=Ruvbl1-dl1;origin=de_novo
chr6	AUGUSTUS	gene	13730464	13731862	.	-	.	ID=gene-Tmem263-dl1;Name=Tmem263-dl1;origin=de_novo
chr6	AUGUSTUS	gene	19805584	19806067	.	+	.	ID=gene-Trgv4;Name=Trgv4;origin=de_novo
chr6	AUGUSTUS	gene	20093636	20094178	.	+	.	ID=gene-Trgv4-dl1;Name=Trgv4-dl1;origin=de_novo
chr6	gmst	gene	23801226	23801504	.	+	.	ID=gene-Rpl37a-dl4;Name=Rpl37a-dl4;origin=de_novo
chr6	AUGUSTUS	gene	25327273	25327644	.	-	.	ID=gene-Rpl35-dl17;Name=Rpl35-dl17;origin=de_novo
chr6	AUGUSTUS	gene	28439603	28439959	.	-	.	ID=gene-Ddt-dl1;Name=Ddt-dl1;origin=de_novo
chr6	AUGUSTUS	gene	32733245	32733523	.	-	.	ID=gene-Snrpe-dl7;Name=Snrpe-dl7;origin=de_novo
chr6	AUGUSTUS	gene	33053860	33054438	.	-	.	ID=gene-Rpl28-dl4;Name=Rpl28-dl4;origin=de_novo
chr6	AUGUSTUS	gene	34674563	34675294	.	+	.	ID=gene-Rps3-dl4;Name=Rps3-dl4;origin=de_novo
chr6	AUGUSTUS	gene	34836513	34836865	.	+	.	ID=gene-Rpl37a-dl5;Name=Rpl37a-dl5;origin=de_novo
chr6	AUGUSTUS	gene	38564660	38565460	.	+	.	ID=gene-Rpf2-dl1;Name=Rpf2-dl1;origin=de_novo
chr6	AUGUSTUS	gene	38843134	38843604	.	+	.	ID=gene-Rpl23a-dl7;Name=Rpl23a-dl7;origin=de_novo
chr6	AUGUSTUS	gene	41484356	41486865	.	+	.	ID=gene-Eif1-dl6;Name=Eif1-dl6;origin=de_novo
chr6	AUGUSTUS	gene	43051649	43053135	.	-	.	ID=gene-Wap;Name=Wap;origin=de_novo
chr6	GeneMark.hmm3	gene	53998910	54001411	.	-	.	ID=gene-Stmn1-dl6;Name=Stmn1-dl6;origin=de_novo
chr6	AUGUSTUS	gene	58305226	58305561	.	+	.	ID=gene-Uqcrb-dl10;Name=Uqcrb-dl10;origin=de_novo
chr6	AUGUSTUS	gene	60415903	60416364	.	-	.	ID=gene-Rpl26;Name=Rpl26;origin=de_novo
chr6	AUGUSTUS	gene	60928360	60928638	.	-	.	ID=gene-Snrpe-dl8;Name=Snrpe-dl8;origin=de_novo
chr6	AUGUSTUS	gene	61320041	61320622	.	-	.	ID=gene-Rpl24-dl5;Name=Rpl24-dl5;origin=de_novo
chr6	GeneMark.hmm3	gene	61899597	61900759	.	+	.	ID=gene-Gins3-dl1;Name=Gins3-dl1;origin=de_novo
chr6	gmst	gene	62119247	62120383	.	+	.	ID=gene-Snrpe-dl9;Name=Snrpe-dl9;origin=de_novo
chr6	AUGUSTUS	gene	62502981	62505678	.	+	.	ID=gene-Tusc2-dl1;Name=Tusc2-dl1;origin=de_novo
chr6	AUGUSTUS	gene	62685714	62686440	.	+	.	ID=gene-Jpt1-dl1;Name=Jpt1-dl1;origin=de_novo
chr6	AUGUSTUS	gene	63965908	63966520	.	+	.	ID=gene-Eif1-dl7;Name=Eif1-dl7;origin=de_novo
chr6	AUGUSTUS	gene	64360436	64361758	.	+	.	ID=gene-Psmc1-dl2;Name=Psmc1-dl2;origin=de_novo
chr6	AUGUSTUS	gene	65352141	65352681	.	-	.	ID=gene-Rps13-dl6;Name=Rps13-dl6;origin=de_novo
chr6	gmst	gene	69742658	69745234	.	+	.	ID=gene-Eef2-dl2;Name=Eef2-dl2;origin=de_novo
chr6	AUGUSTUS	gene	72429151	72432266	.	-	.	ID=gene-Eef2-dl3;Name=Eef2-dl3;origin=de_novo
chr6	AUGUSTUS	gene	74381364	74382578	.	+	.	ID=gene-Ndufaf4-dl2;Name=Ndufaf4-dl2;origin=de_novo
chr6	AUGUSTUS	gene	77702794	77704873	.	-	.	ID=gene-Dctn5-dl1;Name=Dctn5-dl1;origin=de_novo
chr6	AUGUSTUS	gene	78160620	78161075	.	-	.	ID=gene-Rab5if;Name=Rab5if;origin=de_novo
chr6	AUGUSTUS	gene	78297567	78298428	.	-	.	ID=gene-Eef1b2-dl4;Name=Eef1b2-dl4;origin=de_novo
chr6	AUGUSTUS	gene	83637074	83638235	.	+	.	ID=gene-Slc25a5-dl4;Name=Slc25a5-dl4;origin=de_novo
chr6	AUGUSTUS	gene	87704680	87705060	.	-	.	ID=gene-Immp1l-dl1;Name=Immp1l-dl1;origin=de_novo
chr6	AUGUSTUS	gene	89752061	89753353	.	+	.	ID=gene-Chchd4-dl4;Name=Chchd4-dl4;origin=de_novo
chr6	AUGUSTUS	gene	92041457	92042116	.	-	.	ID=gene-Chmp5-dl2;Name=Chmp5-dl2;origin=de_novo
chr6	AUGUSTUS	gene	94573644	94582406	.	-	.	ID=gene-Scpppq1;Name=Scpppq1;origin=de_novo
chr6	gmst	gene	97815975	97821566	.	+	.	ID=gene-Tma7-dl1;Name=Tma7-dl1;origin=de_novo
chr6	AUGUSTUS	gene	99915729	99925275	.	+	.	ID=gene-Them5-dl1;Name=Them5-dl1;origin=de_novo
chr6	AUGUSTUS	gene	100822082	100822921	.	-	.	ID=gene-Slc25a5-dl5;Name=Slc25a5-dl5;origin=de_novo
chr6	AUGUSTUS	gene	105477178	105477477	.	+	.	ID=gene-Arpc5-dl5;Name=Arpc5-dl5;origin=de_novo
chr6	AUGUSTUS	gene	113275666	113277054	.	-	.	ID=gene-Eef1a1-dl42;Name=Eef1a1-dl42;origin=de_novo
chr6	AUGUSTUS	gene	113380058	113382425	.	-	.	ID=gene-Sco1-dl1;Name=Sco1-dl1;origin=de_novo
chr6	AUGUSTUS	gene	117120777	117121464	.	+	.	ID=gene-Ppp1r14b-dl1;Name=Ppp1r14b-dl1;origin=de_novo
chr6	AUGUSTUS	gene	117226100	117226354	.	+	.	ID=gene-Rps27-dl6;Name=Rps27-dl6;origin=de_novo
chr6	AUGUSTUS	gene	118866455	118867405	.	+	.	ID=gene-Stub1-dl1;Name=Stub1-dl1;origin=de_novo
chr6	AUGUSTUS	gene	119743535	119743798	.	-	.	ID=gene-Atp5mf-dl4;Name=Atp5mf-dl4;origin=de_novo
chr6	AUGUSTUS	gene	133235553	133238622	.	+	.	ID=gene-Utp14a-dl1;Name=Utp14a-dl1;origin=de_novo
chr7	AUGUSTUS	gene	2881741	2883197	.	-	.	ID=gene-Rpl13-dl14;Name=Rpl13-dl14;origin=de_novo
chr7	AUGUSTUS	gene	3192686	3193684	.	+	.	ID=gene-Krtap29-1;Name=Krtap29-1;origin=de_novo
chr7	AUGUSTUS	gene	3454932	3455282	.	+	.	ID=gene-Krtap9-3;Name=Krtap9-3;origin=de_novo
chr7	AUGUSTUS	gene	4954493	4955516	.	+	.	ID=gene-Taf13-dl3;Name=Taf13-dl3;origin=de_novo
chr7	GeneMark.hmm3	gene	5878392	5878562	.	-	.	ID=gene-Rps29-dl3;Name=Rps29-dl3;origin=de_novo
chr7	AUGUSTUS	gene	6012248	6012879	.	+	.	ID=gene-Rps16-dl4;Name=Rps16-dl4;origin=de_novo
chr7	AUGUSTUS	gene	7267431	7274720	.	-	.	ID=gene-Tac4;Name=Tac4;origin=de_novo
chr7	AUGUSTUS	gene	7416620	7416955	.	+	.	ID=gene-Slirp-dl1;Name=Slirp-dl1;origin=de_novo
chr7	AUGUSTUS	gene	12615330	12615611	.	-	.	ID=gene-Smim36;Name=Smim36;origin=de_novo
chr7	AUGUSTUS	gene	12624812	12625270	.	+	.	ID=gene-Rps18-dl7;Name=Rps18-dl7;origin=de_novo
chr7	AUGUSTUS	gene	14621123	14621474	.	-	.	ID=gene-Ndufa3-dl1;Name=Ndufa3-dl1;origin=de_novo
chr7	AUGUSTUS	gene	14764069	14764899	.	-	.	ID=gene-Rpl18a-dl6;Name=Rpl18a-dl6;origin=de_novo
chr7	AUGUSTUS	gene	19295392	19295889	.	+	.	ID=gene-Rpl24-dl6;Name=Rpl24-dl6;origin=de_novo
chr7	AUGUSTUS	gene	22383865	22384378	.	-	.	ID=gene-Rpl27a-dl21;Name=Rpl27a-dl21;origin=de_novo
chr7	AUGUSTUS	gene	22431123	22433118	.	-	.	ID=gene-Snw1-dl6;Name=Snw1-dl6;origin=de_novo
chr7	GeneMark.hmm3	gene	29923620	29923796	.	+	.	ID=gene-Atp5mk-dl2;Name=Atp5mk-dl2;origin=de_novo
chr7	AUGUSTUS	gene	31136377	31137526	.	+	.	ID=gene-Gng10-dl1;Name=Gng10-dl1;origin=de_novo
chr7	AUGUSTUS	gene	32095890	32099039	.	+	.	ID=gene-Ovca2-dl1;Name=Ovca2-dl1;origin=de_novo
chr7	AUGUSTUS	gene	33225708	33227859	.	+	.	ID=gene-Dars1;Name=Dars1;origin=de_novo
chr7	AUGUSTUS	gene	38145089	38146180	.	-	.	ID=gene-Snx3-dl4;Name=Snx3-dl4;origin=de_novo
chr7	AUGUSTUS	gene	38234580	38234951	.	+	.	ID=gene-Rpl35-dl18;Name=Rpl35-dl18;origin=de_novo
chr7	AUGUSTUS	gene	38346531	38347750	.	+	.	ID=gene-Taldo1-dl1;Name=Taldo1-dl1;origin=de_novo
chr7	AUGUSTUS	gene	47510400	47510872	.	+	.	ID=gene-Uqcrb-dl11;Name=Uqcrb-dl11;origin=de_novo
chr7	AUGUSTUS	gene	49405175	49405669	.	+	.	ID=gene-Rpl13-dl15;Name=Rpl13-dl15;origin=de_novo
chr7	gmst	gene	49541009	49542397	.	+	.	ID=gene-Eef1a1-dl43;Name=Eef1a1-dl43;origin=de_novo
chr7	AUGUSTUS	gene	49844820	49846568	.	-	.	ID=gene-Utp18-dl1;Name=Utp18-dl1;origin=de_novo
chr7	AUGUSTUS	gene	50134741	50136471	.	-	.	ID=gene-Utp18-dl2;Name=Utp18-dl2;origin=de_novo
chr7	AUGUSTUS	gene	52053516	52055184	.	+	.	ID=gene-Eef1a1-dl44;Name=Eef1a1-dl44;origin=de_novo
chr7	AUGUSTUS	gene	52399487	52400724	.	+	.	ID=gene-Rps6-dl4;Name=Rps6-dl4;origin=de_novo
chr7	AUGUSTUS	gene	52546572	52546880	.	-	.	ID=gene-Hspe1-dl8;Name=Hspe1-dl8;origin=de_novo
chr7	AUGUSTUS	gene	54025906	54026483	.	-	.	ID=gene-Rpl26-dl3;Name=Rpl26-dl3;origin=de_novo
chr7	AUGUSTUS	gene	57054909	57055876	.	+	.	ID=gene-Rps2-dl2;Name=Rps2-dl2;origin=de_novo
chr7	gmst	gene	57404363	57404770	.	+	.	ID=gene-Rps17-dl6;Name=Rps17-dl6;origin=de_novo
chr7	AUGUSTUS	gene	57606343	57607663	.	+	.	ID=gene-Rpl23a-dl8;Name=Rpl23a-dl8;origin=de_novo
chr7	AUGUSTUS	gene	66430358	66432666	.	-	.	ID=gene-Eif3j1;Name=Eif3j1;origin=de_novo
chr7	AUGUSTUS	gene	73896435	73899199	.	-	.	ID=gene-Idi1-dl3;Name=Idi1-dl3;origin=de_novo
chr7	AUGUSTUS	gene	75738244	75740176	.	+	.	ID=gene-Cct3-dl2;Name=Cct3-dl2;origin=de_novo
chr7	AUGUSTUS	gene	88218761	88219473	.	-	.	ID=gene-Srp14-dl3;Name=Srp14-dl3;origin=de_novo
chr7	AUGUSTUS	gene	95353633	95354341	.	-	.	ID=gene-Lsm3-dl4;Name=Lsm3-dl4;origin=de_novo
chr7	AUGUSTUS	gene	100550355	100551743	.	+	.	ID=gene-Eef1a1-dl45;Name=Eef1a1-dl45;origin=de_novo
chr7	AUGUSTUS	gene	103312049	103314376	.	-	.	ID=gene-Tspyl1-dl1;Name=Tspyl1-dl1;origin=de_novo
chr7	AUGUSTUS	gene	104504437	104505161	.	+	.	ID=gene-Rplp0-dl9;Name=Rplp0-dl9;origin=de_novo
chr7	AUGUSTUS	gene	108145189	108146879	.	+	.	ID=gene-Ppil1-dl1;Name=Ppil1-dl1;origin=de_novo
chr7	AUGUSTUS	gene	110945060	110946845	.	+	.	ID=gene-Smim15-dl1;Name=Smim15-dl1;origin=de_novo
chr7	AUGUSTUS	gene	121843200	121844258	.	+	.	ID=gene-Trim44-dl1;Name=Trim44-dl1;origin=de_novo
chr7	AUGUSTUS	gene	131716852	131720532	.	+	.	ID=gene-Sox1;Name=Sox1;origin=de_novo
chr8	AUGUSTUS	gene	54824	55078	.	+	.	ID=gene-Rps27-dl7;Name=Rps27-dl7;origin=de_novo
chr8	AUGUSTUS	gene	942617	944164	.	-	.	ID=gene-Tuba1b-dl1;Name=Tuba1b-dl1;origin=de_novo
chr8	gmst	gene	5652396	5654223	.	-	.	ID=gene-Eid1-dl1;Name=Eid1-dl1;origin=de_novo
chr8	AUGUSTUS	gene	10208964	10209857	.	-	.	ID=gene-Snrnp27-dl2;Name=Snrnp27-dl2;origin=de_novo
chr8	AUGUSTUS	gene	10850540	10851829	.	+	.	ID=gene-Rpl3-dl2;Name=Rpl3-dl2;origin=de_novo
chr8	gmst	gene	13560255	13561163	.	+	.	ID=gene-Rps27-dl8;Name=Rps27-dl8;origin=de_novo
chr8	AUGUSTUS	gene	14104904	14106352	.	-	.	ID=gene-Hdac1-dl8;Name=Hdac1-dl8;origin=de_novo
chr8	AUGUSTUS	gene	14579159	14579512	.	-	.	ID=gene-Rps15a-dl6;Name=Rps15a-dl6;origin=de_novo
chr8	AUGUSTUS	gene	14652779	14653477	.	+	.	ID=gene-Fth1-dl5;Name=Fth1-dl5;origin=de_novo
chr8	AUGUSTUS	gene	14946017	14947867	.	-	.	ID=gene-Cnn3-dl2;Name=Cnn3-dl2;origin=de_novo
chr8	AUGUSTUS	gene	19452287	19453012	.	+	.	ID=gene-Nipsnap2-dl1;Name=Nipsnap2-dl1;origin=de_novo
chr8	AUGUSTUS	gene	28684930	28685268	.	-	.	ID=gene-Eif1-dl8;Name=Eif1-dl8;origin=de_novo
chr8	AUGUSTUS	gene	36156028	36156470	.	+	.	ID=gene-Gng5-dl1;Name=Gng5-dl1;origin=de_novo
chr8	AUGUSTUS	gene	37685070	37685294	.	+	.	ID=gene-Smim15-dl2;Name=Smim15-dl2;origin=de_novo
chr8	AUGUSTUS	gene	43485510	43486602	.	-	.	ID=gene-Styx-dl1;Name=Styx-dl1;origin=de_novo
chr8	AUGUSTUS	gene	43636351	43637946	.	+	.	ID=gene-Phb1;Name=Phb1;origin=de_novo
chr8	AUGUSTUS	gene	44945476	44946000	.	+	.	ID=gene-Rpl18a-dl7;Name=Rpl18a-dl7;origin=de_novo
chr8	AUGUSTUS	gene	46716325	46716945	.	-	.	ID=gene-Trav9-2;Name=Trav9-2;origin=de_novo
chr8	AUGUSTUS	gene	46769175	46769681	.	-	.	ID=gene-Trav9-2-dl1;Name=Trav9-2-dl1;origin=de_novo
chr8	AUGUSTUS	gene	46891922	46892448	.	-	.	ID=gene-Trav9-2-dl2;Name=Trav9-2-dl2;origin=de_novo
chr8	AUGUSTUS	gene	46997320	46997912	.	-	.	ID=gene-Trav18;Name=Trav18;origin=de_novo
chr8	AUGUSTUS	gene	47029249	47029867	.	-	.	ID=gene-Trav9-1;Name=Trav9-1;origin=de_novo
chr8	AUGUSTUS	gene	47208617	47209374	.	-	.	ID=gene-Trav13-1;Name=Trav13-1;origin=de_novo
chr8	AUGUSTUS	gene	47295816	47296187	.	-	.	ID=gene-Rpl35-dl19;Name=Rpl35-dl19;origin=de_novo
chr8	AUGUSTUS	gene	48057737	48058364	.	-	.	ID=gene-Trav18-dl1;Name=Trav18-dl1;origin=de_novo
chr8	AUGUSTUS	gene	48176443	48177354	.	-	.	ID=gene-Trdv1;Name=Trdv1;origin=de_novo
chr8	AUGUSTUS	gene	48370689	48371566	.	-	.	ID=gene-Trdv1-dl1;Name=Trdv1-dl1;origin=de_novo
chr8	AUGUSTUS	gene	48695063	48695624	.	-	.	ID=gene-Trdv1-dl2;Name=Trdv1-dl2;origin=de_novo
chr8	AUGUSTUS	gene	48982220	48984109	.	+	.	ID=gene-Psmd1-dl1;Name=Psmd1-dl1;origin=de_novo
chr8	AUGUSTUS	gene	49248322	49248986	.	-	.	ID=gene-Trav13-1-dl1;Name=Trav13-1-dl1;origin=de_novo
chr8	AUGUSTUS	gene	49485075	49485742	.	-	.	ID=gene-Trav13-1-dl2;Name=Trav13-1-dl2;origin=de_novo
chr8	AUGUSTUS	gene	50649618	50651507	.	+	.	ID=gene-Psmd1-dl2;Name=Psmd1-dl2;origin=de_novo
chr8	AUGUSTUS	gene	51024370	51025037	.	-	.	ID=gene-Trav13-1-dl3;Name=Trav13-1-dl3;origin=de_novo
chr8	AUGUSTUS	gene	51152558	51153241	.	-	.	ID=gene-Trdv1-dl3;Name=Trdv1-dl3;origin=de_novo
chr8	AUGUSTUS	gene	51283096	51283927	.	-	.	ID=gene-Trav12-3;Name=Trav12-3;origin=de_novo
chr8	AUGUSTUS	gene	51297423	51297973	.	-	.	ID=gene-Trav9-2-dl3;Name=Trav9-2-dl3;origin=de_novo
chr8	AUGUSTUS	gene	51384658	51385175	.	-	.	ID=gene-Trav18-dl2;Name=Trav18-dl2;origin=de_novo
chr8	AUGUSTUS	gene	51833631	51834178	.	-	.	ID=gene-Trav18-dl3;Name=Trav18-dl3;origin=de_novo
chr8	AUGUSTUS	gene	51878964	51879549	.	-	.	ID=gene-Trav12-3-dl1;Name=Trav12-3-dl1;origin=de_novo
chr8	AUGUSTUS	gene	52283670	52284339	.	-	.	ID=gene-Trav13-1-dl4;Name=Trav13-1-dl4;origin=de_novo
chr8	AUGUSTUS	gene	52856055	52856822	.	-	.	ID=gene-Trdv1-dl4;Name=Trdv1-dl4;origin=de_novo
chr8	AUGUSTUS	gene	52972310	52972896	.	-	.	ID=gene-Trav12-3-dl2;Name=Trav12-3-dl2;origin=de_novo
chr8	AUGUSTUS	gene	53002206	53002574	.	-	.	ID=gene-Trdv1-dl5;Name=Trdv1-dl5;origin=de_novo
chr8	AUGUSTUS	gene	53334649	53335225	.	-	.	ID=gene-Trav18-dl4;Name=Trav18-dl4;origin=de_novo
chr8	AUGUSTUS	gene	53469299	53469943	.	+	.	ID=gene-Bloc1s5-dl1;Name=Bloc1s5-dl1;origin=de_novo
chr8	AUGUSTUS	gene	53531136	53531761	.	-	.	ID=gene-Trav12-3-dl3;Name=Trav12-3-dl3;origin=de_novo
chr8	AUGUSTUS	gene	53553867	53554387	.	-	.	ID=gene-Trav9-1-dl1;Name=Trav9-1-dl1;origin=de_novo
chr8	gmst	gene	53573719	53574320	.	-	.	ID=gene-Trav9-2-dl4;Name=Trav9-2-dl4;origin=de_novo
chr8	AUGUSTUS	gene	53590086	53590713	.	-	.	ID=gene-Trav13-1-dl5;Name=Trav13-1-dl5;origin=de_novo
chr8	AUGUSTUS	gene	53744238	53744798	.	-	.	ID=gene-Trav18-dl5;Name=Trav18-dl5;origin=de_novo
chr8	AUGUSTUS	gene	54127990	54128536	.	-	.	ID=gene-Trav18-dl6;Name=Trav18-dl6;origin=de_novo
chr8	AUGUSTUS	gene	54144084	54144824	.	-	.	ID=gene-Trdv1-dl6;Name=Trdv1-dl6;origin=de_novo
chr8	AUGUSTUS	gene	54302906	54303427	.	-	.	ID=gene-Trav18-dl7;Name=Trav18-dl7;origin=de_novo
chr8	AUGUSTUS	gene	54306407	54307144	.	-	.	ID=gene-Trav10;Name=Trav10;origin=de_novo
chr8	AUGUSTUS	gene	54333817	54334488	.	-	.	ID=gene-Trdv1-dl7;Name=Trdv1-dl7;origin=de_novo
chr8	AUGUSTUS	gene	54706827	54707412	.	-	.	ID=gene-Trav18-dl8;Name=Trav18-dl8;origin=de_novo
chr8	AUGUSTUS	gene	54857092	54858981	.	+	.	ID=gene-Psmd1-dl3;Name=Psmd1-dl3;origin=de_novo
chr8	AUGUSTUS	gene	55146863	55147621	.	-	.	ID=gene-Trdv1-dl8;Name=Trdv1-dl8;origin=de_novo
chr8	AUGUSTUS	gene	55248258	55249025	.	-	.	ID=gene-Trdv1-dl9;Name=Trdv1-dl9;origin=de_novo
chr8	AUGUSTUS	gene	55490327	55490913	.	-	.	ID=gene-Trav12-3-dl4;Name=Trav12-3-dl4;origin=de_novo
chr8	AUGUSTUS	gene	55611035	55611702	.	-	.	ID=gene-Trav13-1-dl6;Name=Trav13-1-dl6;origin=de_novo
chr8	AUGUSTUS	gene	55819702	55820460	.	-	.	ID=gene-Trdv1-dl10;Name=Trdv1-dl10;origin=de_novo
chr8	AUGUSTUS	gene	56135102	56135693	.	-	.	ID=gene-Trav18-dl9;Name=Trav18-dl9;origin=de_novo
chr8	AUGUSTUS	gene	56234357	56236246	.	+	.	ID=gene-Psmd1-dl4;Name=Psmd1-dl4;origin=de_novo
chr8	GeneMark.hmm3	gene	56516989	56517577	.	-	.	ID=gene-Trav12-3-dl5;Name=Trav12-3-dl5;origin=de_novo
chr8	AUGUSTUS	gene	56631076	56631701	.	-	.	ID=gene-Trav12-3-dl6;Name=Trav12-3-dl6;origin=de_novo
chr8	AUGUSTUS	gene	56654419	56654940	.	-	.	ID=gene-Trav9-1-dl2;Name=Trav9-1-dl2;origin=de_novo
chr8	AUGUSTUS	gene	56689500	56691261	.	-	.	ID=gene-Trav13-1-dl7;Name=Trav13-1-dl7;origin=de_novo
chr8	GeneMark.hmm3	gene	57153093	57153425	.	+	.	ID=gene-Atp5mk-dl3;Name=Atp5mk-dl3;origin=de_novo
chr8	AUGUSTUS	gene	59421765	59422418	.	-	.	ID=gene-Rflnb-dl2;Name=Rflnb-dl2;origin=de_novo
chr8	AUGUSTUS	gene	65031737	65032224	.	+	.	ID=gene-Rpl23a-dl9;Name=Rpl23a-dl9;origin=de_novo
chr8	gmst	gene	65753499	65756860	.	-	.	ID=gene-Cebpz-dl1;Name=Cebpz-dl1;origin=de_novo
chr8	AUGUSTUS	gene	67590788	67593553	.	-	.	ID=gene-Sbds-dl2;Name=Sbds-dl2;origin=de_novo
chr8	AUGUSTUS	gene	71186090	71187299	.	+	.	ID=gene-Mrpl50-dl3;Name=Mrpl50-dl3;origin=de_novo
chr8	GeneMark.hmm3	gene	72248547	72248717	.	-	.	ID=gene-Rps29-dl4;Name=Rps29-dl4;origin=de_novo
chr8	AUGUSTUS	gene	75227703	75228468	.	-	.	ID=gene-Mrps18c-dl1;Name=Mrps18c-dl1;origin=de_novo
chr8	gmst	gene	77246183	77250645	.	-	.	ID=gene-Msn-dl1;Name=Msn-dl1;origin=de_novo
chr8	AUGUSTUS	gene	77697194	77700297	.	+	.	ID=gene-Srsf6-dl1;Name=Srsf6-dl1;origin=de_novo
chr8	AUGUSTUS	gene	78473373	78474761	.	-	.	ID=gene-Eef1a1-dl46;Name=Eef1a1-dl46;origin=de_novo
chr8	AUGUSTUS	gene	78542231	78543838	.	-	.	ID=gene-Snw1-dl7;Name=Snw1-dl7;origin=de_novo
chr8	AUGUSTUS	gene	79212193	79214447	.	-	.	ID=gene-Pa2g4-dl4;Name=Pa2g4-dl4;origin=de_novo
chr8	AUGUSTUS	gene	80756057	80757445	.	-	.	ID=gene-Eef1a1-dl47;Name=Eef1a1-dl47;origin=de_novo
chr8	AUGUSTUS	gene	91689017	91690372	.	-	.	ID=gene-Bod1-dl1;Name=Bod1-dl1;origin=de_novo
chr8	AUGUSTUS	gene	92177489	92178241	.	+	.	ID=gene-Sbds-dl3;Name=Sbds-dl3;origin=de_novo
chr8	AUGUSTUS	gene	95625586	95627347	.	+	.	ID=gene-Selenok-dl1;Name=Selenok-dl1;origin=de_novo
chr8	AUGUSTUS	gene	95755278	95755748	.	+	.	ID=gene-Rpl24-dl7;Name=Rpl24-dl7;origin=de_novo
chr8	AUGUSTUS	gene	100945579	100946262	.	-	.	ID=gene-Cmpk1-dl2;Name=Cmpk1-dl2;origin=de_novo
chr8	AUGUSTUS	gene	105938389	105939018	.	-	.	ID=gene-Lin28a-dl1;Name=Lin28a-dl1;origin=de_novo
chr8	AUGUSTUS	gene	107492964	107493638	.	+	.	ID=gene-Fkbp3-dl5;Name=Fkbp3-dl5;origin=de_novo
chr8	AUGUSTUS	gene	107673619	107674887	.	-	.	ID=gene-Ccnb1-dl7;Name=Ccnb1-dl7;origin=de_novo
chr8	AUGUSTUS	gene	107724811	107728494	.	+	.	ID=gene-Ercc6l-dl1;Name=Ercc6l-dl1;origin=de_novo
chr8	AUGUSTUS	gene	113041887	113042546	.	-	.	ID=gene-Nsa2-dl2;Name=Nsa2-dl2;origin=de_novo
chr8	AUGUSTUS	gene	121075717	121076731	.	+	.	ID=gene-Timm23;Name=Timm23;origin=de_novo
chr8	AUGUSTUS	gene	123212051	123212647	.	-	.	ID=gene-Fcf1-dl4;Name=Fcf1-dl4;origin=de_novo
chr8	AUGUSTUS	gene	127141377	127143448	.	-	.	ID=gene-Sh3bgrl-dl4;Name=Sh3bgrl-dl4;origin=de_novo
chr9	AUGUSTUS	gene	25903997	25904718	.	+	.	ID=gene-Pfdn5-dl3;Name=Pfdn5-dl3;origin=de_novo
chr9	AUGUSTUS	gene	27178171	27178512	.	+	.	ID=gene-Clns1a-dl2;Name=Clns1a-dl2;origin=de_novo
chr9	AUGUSTUS	gene	29822568	29822855	.	+	.	ID=gene-Rpl27a-dl22;Name=Rpl27a-dl22;origin=de_novo
chr9	AUGUSTUS	gene	30977564	30977854	.	-	.	ID=gene-Eif1-dl9;Name=Eif1-dl9;origin=de_novo
chr9	AUGUSTUS	gene	32095184	32095630	.	-	.	ID=gene-Rpl27a-dl23;Name=Rpl27a-dl23;origin=de_novo
chr9	AUGUSTUS	gene	33143618	33144471	.	+	.	ID=gene-Fcf1-dl5;Name=Fcf1-dl5;origin=de_novo
chr9	AUGUSTUS	gene	35614937	35616595	.	-	.	ID=gene-Stip1-dl4;Name=Stip1-dl4;origin=de_novo
chr9	AUGUSTUS	gene	42051625	42052488	.	-	.	ID=gene-Ttc1-dl3;Name=Ttc1-dl3;origin=de_novo
chr9	gmst	gene	44169180	44169691	.	+	.	ID=gene-Tomm7-dl2;Name=Tomm7-dl2;origin=de_novo
chr9	AUGUSTUS	gene	44697079	44697363	.	-	.	ID=gene-Gng5-dl2;Name=Gng5-dl2;origin=de_novo
chr9	AUGUSTUS	gene	46961306	46963041	.	+	.	ID=gene-Pdia6-dl1;Name=Pdia6-dl1;origin=de_novo
chr9	AUGUSTUS	gene	47324159	47330195	.	+	.	ID=gene-Asdurf;Name=Asdurf;origin=de_novo
chr9	AUGUSTUS	gene	54269815	54270602	.	+	.	ID=gene-Mrps6-dl2;Name=Mrps6-dl2;origin=de_novo
chr9	AUGUSTUS	gene	54517426	54520418	.	+	.	ID=gene-Mars2;Name=Mars2;origin=de_novo
chr9	AUGUSTUS	gene	56927616	56928274	.	+	.	ID=gene-Gng5-dl3;Name=Gng5-dl3;origin=de_novo
chr9	AUGUSTUS	gene	64875459	64876127	.	+	.	ID=gene-Fcf1-dl6;Name=Fcf1-dl6;origin=de_novo
chr9	AUGUSTUS	gene	66558179	66558925	.	+	.	ID=gene-Sfn-dl1;Name=Sfn-dl1;origin=de_novo
chr9	AUGUSTUS	gene	67898964	67899314	.	-	.	ID=gene-Rps15a-dl7;Name=Rps15a-dl7;origin=de_novo
chr9	AUGUSTUS	gene	70701136	70701474	.	-	.	ID=gene-Pclaf-dl1;Name=Pclaf-dl1;origin=de_novo
chr9	AUGUSTUS	gene	75294189	75294569	.	-	.	ID=gene-Rpl35-dl20;Name=Rpl35-dl20;origin=de_novo
chr9	AUGUSTUS	gene	76877240	76878393	.	+	.	ID=gene-Vdac2-dl2;Name=Vdac2-dl2;origin=de_novo
chr9	AUGUSTUS	gene	79845353	79846649	.	+	.	ID=gene-Pebp1-dl2;Name=Pebp1-dl2;origin=de_novo
chr9	AUGUSTUS	gene	81630209	81632719	.	+	.	ID=gene-Kifbp-dl5;Name=Kifbp-dl5;origin=de_novo
chr9	AUGUSTUS	gene	82753891	82754752	.	-	.	ID=gene-Atp6v1g1;Name=Atp6v1g1;origin=de_novo
chr9	AUGUSTUS	gene	82784007	82787907	.	-	.	ID=gene-Tex52;Name=Tex52;origin=de_novo
chr9	AUGUSTUS	gene	83041192	83041852	.	-	.	ID=gene-Ramacl;Name=Ramacl;origin=de_novo
chr9	AUGUSTUS	gene	84239074	84240770	.	-	.	ID=gene-Psmd12-dl1;Name=Psmd12-dl1;origin=de_novo
chr9	AUGUSTUS	gene	84414932	84415327	.	-	.	ID=gene-Mrps21-dl1;Name=Mrps21-dl1;origin=de_novo
chr9	AUGUSTUS	gene	84646262	84647296	.	+	.	ID=gene-Igbp1-dl3;Name=Igbp1-dl3;origin=de_novo
chr9	AUGUSTUS	gene	85423787	85426363	.	-	.	ID=gene-Eef2-dl4;Name=Eef2-dl4;origin=de_novo
chr9	AUGUSTUS	gene	85798920	85799321	.	-	.	ID=gene-Rps17-dl7;Name=Rps17-dl7;origin=de_novo
chr9	AUGUSTUS	gene	88499444	88501220	.	+	.	ID=gene-Cct7-dl5;Name=Cct7-dl5;origin=de_novo
chr9	AUGUSTUS	gene	89607031	89607615	.	-	.	ID=gene-Prelid3b-dl1;Name=Prelid3b-dl1;origin=de_novo
chr9	AUGUSTUS	gene	89645478	89646014	.	+	.	ID=gene-Pgam1-dl7;Name=Pgam1-dl7;origin=de_novo
chr9	gmst	gene	101104811	101105575	.	-	.	ID=gene-Rab14-dl1;Name=Rab14-dl1;origin=de_novo
chr9	AUGUSTUS	gene	104503672	104505223	.	+	.	ID=gene-Tusc2-dl2;Name=Tusc2-dl2;origin=de_novo
chr9	AUGUSTUS	gene	107375389	107376777	.	-	.	ID=gene-Eef1a1-dl48;Name=Eef1a1-dl48;origin=de_novo
chr9	AUGUSTUS	gene	107585025	107585468	.	+	.	ID=gene-Rps17-dl8;Name=Rps17-dl8;origin=de_novo
chr9	AUGUSTUS	gene	107820446	107821452	.	-	.	ID=gene-Cfl1-dl2;Name=Cfl1-dl2;origin=de_novo
chr9	AUGUSTUS	gene	111753068	111756104	.	+	.	ID=gene-Plpp6;Name=Plpp6;origin=de_novo
chr9	gmst	gene	125949587	125949854	.	-	.	ID=gene-Rps29-dl5;Name=Rps29-dl5;origin=de_novo
chr9	GeneMark.hmm3	gene	125985467	125986006	.	+	.	ID=gene-Prdx1-dl4;Name=Prdx1-dl4;origin=de_novo
chr9	AUGUSTUS	gene	127113490	127113945	.	+	.	ID=gene-Rpl13a-dl5;Name=Rpl13a-dl5;origin=de_novo
chr9	AUGUSTUS	gene	128171828	128172391	.	-	.	ID=gene-Ifnb1-dl1;Name=Ifnb1-dl1;origin=de_novo
chr9	AUGUSTUS	gene	128199537	128200331	.	-	.	ID=gene-Exosc5-dl1;Name=Exosc5-dl1;origin=de_novo
chr10	gmst	gene	3721822	3722231	.	-	.	ID=gene-Nedd8-dl1;Name=Nedd8-dl1;origin=de_novo
chr10	AUGUSTUS	gene	9957033	9958208	.	-	.	ID=gene-Stip1-dl1;Name=Stip1-dl1;origin=de_novo
chr10	AUGUSTUS	gene	11117247	11118197	.	-	.	ID=gene-Akr1b8-dl1;Name=Akr1b8-dl1;origin=de_novo
chr10	AUGUSTUS	gene	11282493	11282732	.	+	.	ID=gene-Cks1b-dl1;Name=Cks1b-dl1;origin=de_novo
chr10	AUGUSTUS	gene	11669800	11670102	.	-	.	ID=gene-Cdkn2aipnl-dl1;Name=Cdkn2aipnl-dl1;origin=de_novo
chr10	AUGUSTUS	gene	12684315	12685502	.	-	.	ID=gene-Gsto1-dl1;Name=Gsto1-dl1;origin=de_novo
chr10	AUGUSTUS	gene	20972995	20973288	.	+	.	ID=gene-Rpl37-dl1;Name=Rpl37-dl1;origin=de_novo
chr10	AUGUSTUS	gene	22955180	22955434	.	+	.	ID=gene-Rps27-dl1;Name=Rps27-dl1;origin=de_novo
chr10	AUGUSTUS	gene	23205298	23205651	.	-	.	ID=gene-Gabarap-dl1;Name=Gabarap-dl1;origin=de_novo
chr10	AUGUSTUS	gene	23881774	23884749	.	+	.	ID=gene-Rap1b-dl1;Name=Rap1b-dl1;origin=de_novo
chr10	AUGUSTUS	gene	37486150	37488121	.	+	.	ID=gene-Hdac1-dl3;Name=Hdac1-dl3;origin=de_novo
chr10	GeneMark.hmm3	gene	38592076	38593614	.	-	.	ID=gene-Cyb5b-dl1;Name=Cyb5b-dl1;origin=de_novo
chr10	AUGUSTUS	gene	39790657	39792875	.	+	.	ID=gene-Pes1-dl1;Name=Pes1-dl1;origin=de_novo
chr10	AUGUSTUS	gene	40093908	40097360	.	-	.	ID=gene-Tomm20-dl1;Name=Tomm20-dl1;origin=de_novo
chr10	AUGUSTUS	gene	46953924	46962367	.	+	.	ID=gene-Dynap;Name=Dynap;origin=de_novo
chr10	AUGUSTUS	gene	46999709	47008113	.	+	.	ID=gene-Dynap-dl1;Name=Dynap-dl1;origin=de_novo
chr10	AUGUSTUS	gene	48485940	48486391	.	+	.	ID=gene-Rpl37a-dl1;Name=Rpl37a-dl1;origin=de_novo
chr10	AUGUSTUS	gene	52541255	52542164	.	+	.	ID=gene-Pgam1-dl2;Name=Pgam1-dl2;origin=de_novo
chr10	AUGUSTUS	gene	53262860	53263432	.	+	.	ID=gene-Jpt2-dl1;Name=Jpt2-dl1;origin=de_novo
chr10	AUGUSTUS	gene	68386517	68387761	.	+	.	ID=gene-Eef1a1-dl1;Name=Eef1a1-dl1;origin=de_novo
chr10	AUGUSTUS	gene	69534009	69535994	.	+	.	ID=gene-Got1-dl1;Name=Got1-dl1;origin=de_novo
chr10	AUGUSTUS	gene	69777456	69778055	.	+	.	ID=gene-Nedd8-dl2;Name=Nedd8-dl2;origin=de_novo
chr10	AUGUSTUS	gene	71961214	71961660	.	-	.	ID=gene-Rpl27a-dl4;Name=Rpl27a-dl4;origin=de_novo
chr10	AUGUSTUS	gene	76451403	76453003	.	+	.	ID=gene-Rpl7l1-dl1;Name=Rpl7l1-dl1;origin=de_novo
chr10	AUGUSTUS	gene	80873229	80874165	.	-	.	ID=gene-Utp23-dl1;Name=Utp23-dl1;origin=de_novo
chr10	AUGUSTUS	gene	81121270	81123129	.	+	.	ID=gene-Kpna2-dl1;Name=Kpna2-dl1;origin=de_novo
chr10	AUGUSTUS	gene	87625674	87628576	.	+	.	ID=gene-Eif1ax-dl1;Name=Eif1ax-dl1;origin=de_novo
chr10	AUGUSTUS	gene	87644965	87646916	.	+	.	ID=gene-Kpna2-dl2;Name=Kpna2-dl2;origin=de_novo
chr10	gmst	gene	87735070	87738484	.	-	.	ID=gene-Eef1a1-dl2;Name=Eef1a1-dl2;origin=de_novo
chr10	AUGUSTUS	gene	90264575	90265345	.	+	.	ID=gene-Srp9-dl1;Name=Srp9-dl1;origin=de_novo
chr10	AUGUSTUS	gene	94600399	94602267	.	+	.	ID=gene-Rpl27a-dl5;Name=Rpl27a-dl5;origin=de_novo
chr10	AUGUSTUS	gene	100603355	100603795	.	-	.	ID=gene-Rpl27a-dl6;Name=Rpl27a-dl6;origin=de_novo
chr10	AUGUSTUS	gene	101059300	101059687	.	+	.	ID=gene-Cox7b-dl1;Name=Cox7b-dl1;origin=de_novo
chr10	AUGUSTUS	gene	104208040	104211375	.	-	.	ID=gene-Mtrex-dl1;Name=Mtrex-dl1;origin=de_novo
chr10	AUGUSTUS	gene	106357430	106358818	.	+	.	ID=gene-Eef1a1-dl3;Name=Eef1a1-dl3;origin=de_novo
chr10	AUGUSTUS	gene	110178649	110180300	.	-	.	ID=gene-Ska2-dl1;Name=Ska2-dl1;origin=de_novo
chr10	AUGUSTUS	gene	110628258	110628770	.	+	.	ID=gene-Pebp1-dl1;Name=Pebp1-dl1;origin=de_novo
chr10	AUGUSTUS	gene	112526208	112528276	.	-	.	ID=gene-Foxd1;Name=Foxd1;origin=de_novo
chr10	AUGUSTUS	gene	113872642	113872932	.	+	.	ID=gene-Hmgn2-dl2;Name=Hmgn2-dl2;origin=de_novo
chr10	AUGUSTUS	gene	114060153	114070809	.	+	.	ID=gene-Nsa2-dl1;Name=Nsa2-dl1;origin=de_novo
chr10	AUGUSTUS	gene	114426135	114426983	.	+	.	ID=gene-Ino80c-dl1;Name=Ino80c-dl1;origin=de_novo
chr10	AUGUSTUS	gene	116601818	116603527	.	-	.	ID=gene-Ncbp2-dl1;Name=Ncbp2-dl1;origin=de_novo
chr10	AUGUSTUS	gene	122946686	122948873	.	+	.	ID=gene-Vps37a-dl1;Name=Vps37a-dl1;origin=de_novo
chr11	AUGUSTUS	gene	8466626	8468603	.	+	.	ID=gene-Lyrm2-dl1;Name=Lyrm2-dl1;origin=de_novo
chr11	AUGUSTUS	gene	11403966	11404235	.	+	.	ID=gene-Rpl27a-dl7;Name=Rpl27a-dl7;origin=de_novo
chr11	gmst	gene	13747060	13748145	.	-	.	ID=gene-Eef1a1-dl4;Name=Eef1a1-dl4;origin=de_novo
chr11	AUGUSTUS	gene	16344524	16354389	.	-	.	ID=gene-Aard;Name=Aard;origin=de_novo
chr11	AUGUSTUS	gene	16805039	16808984	.	-	.	ID=gene-Poglut3;Name=Poglut3;origin=de_novo
chr11	AUGUSTUS	gene	22477118	22478327	.	+	.	ID=gene-Triap1-dl1;Name=Triap1-dl1;origin=de_novo
chr11	AUGUSTUS	gene	24623462	24623908	.	-	.	ID=gene-Rpl27a-dl8;Name=Rpl27a-dl8;origin=de_novo
chr11	AUGUSTUS	gene	28866243	28872631	.	+	.	ID=gene-Uqcrb-dl1;Name=Uqcrb-dl1;origin=de_novo
chr11	AUGUSTUS	gene	30207916	30212264	.	-	.	ID=gene-Plekhf2-dl1;Name=Plekhf2-dl1;origin=de_novo
chr11	AUGUSTUS	gene	30427151	30427576	.	+	.	ID=gene-Rpl13-dl3;Name=Rpl13-dl3;origin=de_novo
chr11	AUGUSTUS	gene	30933156	30933942	.	-	.	ID=gene-Elob-dl1;Name=Elob-dl1;origin=de_novo
chr11	AUGUSTUS	gene	30948917	30955612	.	+	.	ID=gene-Fsbp-dl1;Name=Fsbp-dl1;origin=de_novo
chr11	AUGUSTUS	gene	31081254	31082045	.	-	.	ID=gene-Rrp15-dl1;Name=Rrp15-dl1;origin=de_novo
chr11	AUGUSTUS	gene	50411495	50412022	.	+	.	ID=gene-Rpl7-dl1;Name=Rpl7-dl1;origin=de_novo
chr11	AUGUSTUS	gene	51855680	51856003	.	+	.	ID=gene-Srp14-dl1;Name=Srp14-dl1;origin=de_novo
chr11	AUGUSTUS	gene	52027183	52028011	.	+	.	ID=gene-Tmem9b-dl1;Name=Tmem9b-dl1;origin=de_novo
chr11	GeneMark.hmm3	gene	61062592	61063289	.	-	.	ID=gene-Rps13-dl1;Name=Rps13-dl1;origin=de_novo
chr11	AUGUSTUS	gene	76797968	76798498	.	-	.	ID=gene-Hspe1-dl1;Name=Hspe1-dl1;origin=de_novo
chr11	GeneMark.hmm3	gene	76847119	76847892	.	+	.	ID=gene-Rplp0-dl1;Name=Rplp0-dl1;origin=de_novo
chr11	AUGUSTUS	gene	77272554	77273597	.	-	.	ID=gene-Snrnp27-dl1;Name=Snrnp27-dl1;origin=de_novo
chr11	AUGUSTUS	gene	78851148	78851705	.	-	.	ID=gene-Rpl10-dl1;Name=Rpl10-dl1;origin=de_novo
chr11	AUGUSTUS	gene	81432978	81490983	.	-	.	ID=gene-Dcp2-dl1;Name=Dcp2-dl1;origin=de_novo
chr11	AUGUSTUS	gene	83520362	83524018	.	+	.	ID=gene-Smim32;Name=Smim32;origin=de_novo
chr11	gmst	gene	85629385	85631888	.	+	.	ID=gene-Rps13-dl2;Name=Rps13-dl2;origin=de_novo
chr11	AUGUSTUS	gene	86665814	86666253	.	-	.	ID=gene-S100a11-dl1;Name=S100a11-dl1;origin=de_novo
chr11	AUGUSTUS	gene	90651050	90652147	.	+	.	ID=gene-Uqcrfs1-dl1;Name=Uqcrfs1-dl1;origin=de_novo
chr11	gmst	gene	93677804	93678822	.	-	.	ID=gene-Nifk-dl1;Name=Nifk-dl1;origin=de_novo
chr11	AUGUSTUS	gene	114885585	114887180	.	-	.	ID=gene-Gabarapl1-dl1;Name=Gabarapl1-dl1;origin=de_novo
chr11	AUGUSTUS	gene	114943746	114952458	.	-	.	ID=gene-Il4;Name=Il4;origin=de_novo
chr11	AUGUSTUS	gene	118170244	118171751	.	+	.	ID=gene-Tubb4b-dl1;Name=Tubb4b-dl1;origin=de_novo
chr11	AUGUSTUS	gene	118611271	118613299	.	+	.	ID=gene-Stx12-dl1;Name=Stx12-dl1;origin=de_novo
chr12	AUGUSTUS	gene	9004329	9005678	.	-	.	ID=gene-Krt19;Name=Krt19;origin=de_novo
chr12	AUGUSTUS	gene	12063419	12067550	.	-	.	ID=gene-Rps7-dl2;Name=Rps7-dl2;origin=de_novo
chr12	AUGUSTUS	gene	12319686	12321625	.	-	.	ID=gene-Gdi2-dl1;Name=Gdi2-dl1;origin=de_novo
chr12	AUGUSTUS	gene	17678498	17678746	.	+	.	ID=gene-Cox7b-dl2;Name=Cox7b-dl2;origin=de_novo
chr12	AUGUSTUS	gene	21494304	21495743	.	-	.	ID=gene-Rad23b-dl1;Name=Rad23b-dl1;origin=de_novo
chr12	AUGUSTUS	gene	23692368	23694493	.	+	.	ID=gene-Poldip2-dl1;Name=Poldip2-dl1;origin=de_novo
chr12	gmst	gene	25881502	25882872	.	-	.	ID=gene-Pgam1-dl3;Name=Pgam1-dl3;origin=de_novo
chr12	AUGUSTUS	gene	27167220	27167555	.	-	.	ID=gene-Uqcrb-dl2;Name=Uqcrb-dl2;origin=de_novo
chr12	AUGUSTUS	gene	49304365	49305960	.	-	.	ID=gene-Kpna2-dl3;Name=Kpna2-dl3;origin=de_novo
chr12	gmst	gene	50884252	50886213	.	+	.	ID=gene-Vapb-dl1;Name=Vapb-dl1;origin=de_novo
chr12	AUGUSTUS	gene	52194171	52195608	.	-	.	ID=gene-Rtcb-dl1;Name=Rtcb-dl1;origin=de_novo
chr12	AUGUSTUS	gene	57801910	57803597	.	-	.	ID=gene-Prps1-dl1;Name=Prps1-dl1;origin=de_novo
chr12	AUGUSTUS	gene	59980047	59980445	.	+	.	ID=gene-Rps15a-dl1;Name=Rps15a-dl1;origin=de_novo
chr12	AUGUSTUS	gene	61508914	61509351	.	-	.	ID=gene-Rpl26-dl1;Name=Rpl26-dl1;origin=de_novo
chr12	AUGUSTUS	gene	62477140	62477737	.	-	.	ID=gene-Rps11-dl1;Name=Rps11-dl1;origin=de_novo
chr12	AUGUSTUS	gene	68001341	68001841	.	+	.	ID=gene-Rpl23a-dl1;Name=Rpl23a-dl1;origin=de_novo
chr12	AUGUSTUS	gene	69329655	69335259	.	-	.	ID=gene-Cript-dl1;Name=Cript-dl1;origin=de_novo
chr12	AUGUSTUS	gene	70642146	70642391	.	-	.	ID=gene-Nedd8-dl3;Name=Nedd8-dl3;origin=de_novo
chr12	AUGUSTUS	gene	71045840	71046418	.	-	.	ID=gene-Rpl9-dl1;Name=Rpl9-dl1;origin=de_novo
chr12	AUGUSTUS	gene	72711040	72714720	.	+	.	ID=gene-Zfp36l2-dl1;Name=Zfp36l2-dl1;origin=de_novo
chr12	AUGUSTUS	gene	73933052	73933984	.	+	.	ID=gene-Dhfr-dl2;Name=Dhfr-dl2;origin=de_novo
chr12	AUGUSTUS	gene	74388920	74389285	.	-	.	ID=gene-Cmpk1-dl1;Name=Cmpk1-dl1;origin=de_novo
chr12	AUGUSTUS	gene	83475480	83475944	.	+	.	ID=gene-Psma2-dl1;Name=Psma2-dl1;origin=de_novo
chr12	gmst	gene	84110579	84111114	.	+	.	ID=gene-Ndufa2-dl1;Name=Ndufa2-dl1;origin=de_novo
chr12	AUGUSTUS	gene	84198295	84202179	.	-	.	ID=gene-Rpl27a-dl9;Name=Rpl27a-dl9;origin=de_novo
chr12	AUGUSTUS	gene	84543941	84544396	.	-	.	ID=gene-Rps14-dl1;Name=Rps14-dl1;origin=de_novo
chr12	AUGUSTUS	gene	90011796	90012134	.	-	.	ID=gene-Crip1-dl1;Name=Crip1-dl1;origin=de_novo
chr12	AUGUSTUS	gene	90497666	90500476	.	-	.	ID=gene-Actb-dl1;Name=Actb-dl1;origin=de_novo
chr12	AUGUSTUS	gene	90841390	90841770	.	+	.	ID=gene-Rps25-dl3;Name=Rps25-dl3;origin=de_novo
chr12	AUGUSTUS	gene	90966842	90967405	.	-	.	ID=gene-Ndufa12-dl1;Name=Ndufa12-dl1;origin=de_novo
chr12	AUGUSTUS	gene	92718868	92719387	.	-	.	ID=gene-Rps14-dl2;Name=Rps14-dl2;origin=de_novo
chr12	AUGUSTUS	gene	99719996	99720913	.	-	.	ID=gene-Eif2b1-dl1;Name=Eif2b1-dl1;origin=de_novo
chr12	AUGUSTUS	gene	99804570	99806907	.	+	.	ID=gene-Mri1-dl1;Name=Mri1-dl1;origin=de_novo
chr12	AUGUSTUS	gene	99911813	99913201	.	-	.	ID=gene-Eef1a1-dl5;Name=Eef1a1-dl5;origin=de_novo
chr12	GeneMark.hmm3	gene	101140566	101141248	.	+	.	ID=gene-Tmem126a-dl1;Name=Tmem126a-dl1;origin=de_novo
chr12	AUGUSTUS	gene	101582109	101582923	.	+	.	ID=gene-Fth1-dl1;Name=Fth1-dl1;origin=de_novo
chr12	AUGUSTUS	gene	104912100	104912366	.	+	.	ID=gene-Rps25-dl4;Name=Rps25-dl4;origin=de_novo
chr12	AUGUSTUS	gene	106688256	106688633	.	-	.	ID=gene-Rps25-dl5;Name=Rps25-dl5;origin=de_novo
chr12	AUGUSTUS	gene	107904940	107905680	.	+	.	ID=gene-Rpl7l1-dl2;Name=Rpl7l1-dl2;origin=de_novo
chr12	AUGUSTUS	gene	119396050	119396985	.	-	.	ID=gene-Ptms-dl1;Name=Ptms-dl1;origin=de_novo
chr12	AUGUSTUS	gene	122048351	122061950	.	+	.	ID=gene-Csn1s1;Name=Csn1s1;origin=de_novo
chr12	AUGUSTUS	gene	122197095	122198526	.	+	.	ID=gene-Ywhaq-dl1;Name=Ywhaq-dl1;origin=de_novo
chr13	AUGUSTUS	gene	343071	343292	.	+	.	ID=gene-Snrpg-dl2;Name=Snrpg-dl2;origin=de_novo
chr13	AUGUSTUS	gene	1946444	1948666	.	-	.	ID=gene-Sft2d3;Name=Sft2d3;origin=de_novo
chr13	AUGUSTUS	gene	4865763	4867151	.	+	.	ID=gene-Eef1a1-dl6;Name=Eef1a1-dl6;origin=de_novo
chr13	AUGUSTUS	gene	10538332	10538706	.	+	.	ID=gene-Mrps6-dl1;Name=Mrps6-dl1;origin=de_novo
chr13	AUGUSTUS	gene	10549984	10550415	.	+	.	ID=gene-Rps23-dl2;Name=Rps23-dl2;origin=de_novo
chr13	AUGUSTUS	gene	11678501	11679136	.	+	.	ID=gene-Rpl13-dl4;Name=Rpl13-dl4;origin=de_novo
chr13	GeneMark.hmm3	gene	13292011	13293276	.	-	.	ID=gene-Eif3e-dl1;Name=Eif3e-dl1;origin=de_novo
chr13	AUGUSTUS	gene	19723504	19724006	.	+	.	ID=gene-Cox7b-dl3;Name=Cox7b-dl3;origin=de_novo
chr13	AUGUSTUS	gene	21450061	21453669	.	-	.	ID=gene-Hdac1-dl4;Name=Hdac1-dl4;origin=de_novo
chr13	AUGUSTUS	gene	31068004	31068567	.	+	.	ID=gene-Dhfr-dl3;Name=Dhfr-dl3;origin=de_novo
chr13	AUGUSTUS	gene	35860766	35863050	.	-	.	ID=gene-Rpl27-dl1;Name=Rpl27-dl1;origin=de_novo
chr13	AUGUSTUS	gene	36749300	36750247	.	-	.	ID=gene-Fkbp3-dl1;Name=Fkbp3-dl1;origin=de_novo
chr13	AUGUSTUS	gene	39294742	39296167	.	+	.	ID=gene-Tomm20-dl2;Name=Tomm20-dl2;origin=de_novo
chr13	AUGUSTUS	gene	39513253	39514058	.	+	.	ID=gene-Fth1-dl2;Name=Fth1-dl2;origin=de_novo
chr13	AUGUSTUS	gene	43140814	43141206	.	+	.	ID=gene-Rps15a-dl2;Name=Rps15a-dl2;origin=de_novo
chr13	AUGUSTUS	gene	49716936	49718161	.	-	.	ID=gene-Cct7-dl1;Name=Cct7-dl1;origin=de_novo
chr13	AUGUSTUS	gene	49852875	49853903	.	+	.	ID=gene-Igbp1-dl1;Name=Igbp1-dl1;origin=de_novo
chr13	AUGUSTUS	gene	50049310	50050403	.	-	.	ID=gene-Rplp0-dl2;Name=Rplp0-dl2;origin=de_novo
chr13	AUGUSTUS	gene	59460970	59461687	.	+	.	ID=gene-Rps18-dl1;Name=Rps18-dl1;origin=de_novo
chr13	AUGUSTUS	gene	61663663	61665375	.	-	.	ID=gene-Eef1a1-dl7;Name=Eef1a1-dl7;origin=de_novo
chr13	AUGUSTUS	gene	69617881	69619564	.	-	.	ID=gene-Igbp1-dl2;Name=Igbp1-dl2;origin=de_novo
chr13	AUGUSTUS	gene	70180755	70181606	.	-	.	ID=gene-Ska2-dl2;Name=Ska2-dl2;origin=de_novo
chr13	AUGUSTUS	gene	71351915	71353183	.	-	.	ID=gene-Ccnb1-dl1;Name=Ccnb1-dl1;origin=de_novo
chr13	AUGUSTUS	gene	71596868	71597749	.	+	.	ID=gene-Srm-dl1;Name=Srm-dl1;origin=de_novo
chr13	AUGUSTUS	gene	74860447	74860707	.	+	.	ID=gene-Rpl27-dl2;Name=Rpl27-dl2;origin=de_novo
chr13	AUGUSTUS	gene	85076513	85076878	.	+	.	ID=gene-Ska2-dl3;Name=Ska2-dl3;origin=de_novo
chr13	gmst	gene	85595684	85597450	.	+	.	ID=gene-Rps14-dl3;Name=Rps14-dl3;origin=de_novo
chr13	AUGUSTUS	gene	90776403	90777985	.	-	.	ID=gene-Ttc1-dl1;Name=Ttc1-dl1;origin=de_novo
chr13	AUGUSTUS	gene	91230029	91230439	.	+	.	ID=gene-H3c15-dl1;Name=H3c15-dl1;origin=de_novo
chr13	AUGUSTUS	gene	91405419	91405901	.	-	.	ID=gene-H3c15-dl2;Name=H3c15-dl2;origin=de_novo
chr13	AUGUSTUS	gene	92644416	92646230	.	-	.	ID=gene-Syap1-dl1;Name=Syap1-dl1;origin=de_novo
chr13	AUGUSTUS	gene	93252897	93270842	.	-	.	ID=gene-Acot13-dl1;Name=Acot13-dl1;origin=de_novo
chr13	AUGUSTUS	gene	99923240	99923941	.	+	.	ID=gene-Rpl13-dl5;Name=Rpl13-dl5;origin=de_novo
chr13	AUGUSTUS	gene	101843170	101846283	.	-	.	ID=gene-Ppia-dl1;Name=Ppia-dl1;origin=de_novo
chr13	AUGUSTUS	gene	101925459	101925968	.	-	.	ID=gene-Rpl27a-dl10;Name=Rpl27a-dl10;origin=de_novo
chr13	gmst	gene	106198275	106204382	.	-	.	ID=gene-Snrpd2-dl1;Name=Snrpd2-dl1;origin=de_novo
chr13	AUGUSTUS	gene	110636660	110637085	.	-	.	ID=gene-Ska2-dl4;Name=Ska2-dl4;origin=de_novo
chr13	AUGUSTUS	gene	110909577	110910726	.	-	.	ID=gene-Atp6v1g1-dl1;Name=Atp6v1g1-dl1;origin=de_novo
chr13	AUGUSTUS	gene	113121458	113122857	.	+	.	ID=gene-Rps13-dl3;Name=Rps13-dl3;origin=de_novo
chr13	AUGUSTUS	gene	118824175	118824555	.	-	.	ID=gene-H2bc15-dl1;Name=H2bc15-dl1;origin=de_novo
chr13	AUGUSTUS	gene	118850527	118850907	.	+	.	ID=gene-H2bc15-dl2;Name=H2bc15-dl2;origin=de_novo
chr13	AUGUSTUS	gene	118951780	118952964	.	-	.	ID=gene-Pa2g4-dl1;Name=Pa2g4-dl1;origin=de_novo
chr14	AUGUSTUS	gene	7587658	7588137	.	-	.	ID=gene-Sdhd-dl1;Name=Sdhd-dl1;origin=de_novo
chr14	AUGUSTUS	gene	15438999	15440816	.	+	.	ID=gene-Plk1-dl1;Name=Plk1-dl1;origin=de_novo
chr14	AUGUSTUS	gene	23213391	23214634	.	+	.	ID=gene-Chchd4-dl1;Name=Chchd4-dl1;origin=de_novo
chr14	AUGUSTUS	gene	33680320	33680709	.	+	.	ID=gene-Chrac1-dl1;Name=Chrac1-dl1;origin=de_novo
chr14	AUGUSTUS	gene	34864863	34865702	.	-	.	ID=gene-Psma2-dl2;Name=Psma2-dl2;origin=de_novo
chr14	AUGUSTUS	gene	39692794	39693315	.	-	.	ID=gene-Mrps25-dl1;Name=Mrps25-dl1;origin=de_novo
chr14	AUGUSTUS	gene	43737974	43739111	.	+	.	ID=gene-Hprt1-dl1;Name=Hprt1-dl1;origin=de_novo
chr14	AUGUSTUS	gene	44011963	44013971	.	+	.	ID=gene-Ska2-dl5;Name=Ska2-dl5;origin=de_novo
chr14	AUGUSTUS	gene	44023265	44029271	.	+	.	ID=gene-Ccnb1-dl2;Name=Ccnb1-dl2;origin=de_novo
chr14	gmst	gene	50595823	50596268	.	-	.	ID=gene-Tma7;Name=Tma7;origin=de_novo
chr14	AUGUSTUS	gene	56294081	56298073	.	-	.	ID=gene-Sugt1-dl1;Name=Sugt1-dl1;origin=de_novo
chr14	AUGUSTUS	gene	56526523	56528277	.	+	.	ID=gene-Atp5f1b-dl1;Name=Atp5f1b-dl1;origin=de_novo
chr14	AUGUSTUS	gene	56639218	56639709	.	+	.	ID=gene-Sod1-dl2;Name=Sod1-dl2;origin=de_novo
chr14	AUGUSTUS	gene	57693150	57693650	.	-	.	ID=gene-Rps18-dl2;Name=Rps18-dl2;origin=de_novo
chr14	GeneMark.hmm3	gene	58738802	58740318	.	-	.	ID=gene-Smim27;Name=Smim27;origin=de_novo
chr14	AUGUSTUS	gene	66295424	66297585	.	+	.	ID=gene-Tusc1;Name=Tusc1;origin=de_novo
chr14	AUGUSTUS	gene	69159297	69160991	.	+	.	ID=gene-Eef1a1-dl8;Name=Eef1a1-dl8;origin=de_novo
chr14	AUGUSTUS	gene	72112406	72125555	.	-	.	ID=gene-Hemgn;Name=Hemgn;origin=de_novo
chr14	AUGUSTUS	gene	74024316	74027434	.	-	.	ID=gene-Eif3e-dl2;Name=Eif3e-dl2;origin=de_novo
chr14	AUGUSTUS	gene	74941076	74942187	.	-	.	ID=gene-Otub1-dl1;Name=Otub1-dl1;origin=de_novo
chr14	AUGUSTUS	gene	76258396	76258980	.	-	.	ID=gene-Rps7-dl3;Name=Rps7-dl3;origin=de_novo
chr14	AUGUSTUS	gene	80996068	80996292	.	+	.	ID=gene-Snrpg-dl3;Name=Snrpg-dl3;origin=de_novo
chr14	AUGUSTUS	gene	84931817	84933033	.	-	.	ID=gene-Nudcd2-dl1;Name=Nudcd2-dl1;origin=de_novo
chr14	GeneMark.hmm3	gene	87410882	87411820	.	+	.	ID=gene-Pgk1-dl1;Name=Pgk1-dl1;origin=de_novo
chr14	AUGUSTUS	gene	88582784	88583179	.	-	.	ID=gene-Ndufb4-dl1;Name=Ndufb4-dl1;origin=de_novo
chr14	AUGUSTUS	gene	88903011	88903728	.	+	.	ID=gene-Rpl10-dl2;Name=Rpl10-dl2;origin=de_novo
chr14	AUGUSTUS	gene	89676376	89685526	.	+	.	ID=gene-Atp6v1g1-dl2;Name=Atp6v1g1-dl2;origin=de_novo
chr14	AUGUSTUS	gene	98150606	98169731	.	-	.	ID=gene-Ndufa8-dl1;Name=Ndufa8-dl1;origin=de_novo
chr14	AUGUSTUS	gene	99011427	99012299	.	+	.	ID=gene-Tsnax-dl1;Name=Tsnax-dl1;origin=de_novo
chr14	gmst	gene	101397186	101397425	.	-	.	ID=gene-Uqcrb-dl3;Name=Uqcrb-dl3;origin=de_novo
chr14	AUGUSTUS	gene	102096376	102096823	.	+	.	ID=gene-Elob-dl2;Name=Elob-dl2;origin=de_novo
chr14	AUGUSTUS	gene	102644311	102644715	.	-	.	ID=gene-Ndufa4-dl1;Name=Ndufa4-dl1;origin=de_novo
chr14	AUGUSTUS	gene	104368276	104371640	.	-	.	ID=gene-Lcn2-dl1;Name=Lcn2-dl1;origin=de_novo
chr14	AUGUSTUS	gene	104535519	104536091	.	-	.	ID=gene-Jpt2-dl2;Name=Jpt2-dl2;origin=de_novo
chr14	AUGUSTUS	gene	105891983	105895069	.	+	.	ID=gene-Lcn2-dl2;Name=Lcn2-dl2;origin=de_novo
chr14	AUGUSTUS	gene	107221101	107224483	.	+	.	ID=gene-Lcn2-dl3;Name=Lcn2-dl3;origin=de_novo
chr14	AUGUSTUS	gene	107282826	107285857	.	+	.	ID=gene-Eef2-dl1;Name=Eef2-dl1;origin=de_novo
chr14	AUGUSTUS	gene	107365749	107366922	.	+	.	ID=gene-Slc25a5-dl1;Name=Slc25a5-dl1;origin=de_novo
chr14	AUGUSTUS	gene	109288289	109288796	.	+	.	ID=gene-Rpl32-dl1;Name=Rpl32-dl1;origin=de_novo
chr14	gmst	gene	109705981	109706398	.	-	.	ID=gene-Nop10-dl1;Name=Nop10-dl1;origin=de_novo
chr14	AUGUSTUS	gene	111789712	111790728	.	-	.	ID=gene-Cnn3-dl1;Name=Cnn3-dl1;origin=de_novo
chr14	AUGUSTUS	gene	114261475	114262039	.	+	.	ID=gene-Uqcrb-dl4;Name=Uqcrb-dl4;origin=de_novo
chr15	AUGUSTUS	gene	961023	961673	.	-	.	ID=gene-Mtap-dl2;Name=Mtap-dl2;origin=de_novo
chr15	AUGUSTUS	gene	3009772	3010927	.	+	.	ID=gene-Ppa1-dl1;Name=Ppa1-dl1;origin=de_novo
chr15	GeneMark.hmm3	gene	4142755	4143183	.	-	.	ID=gene-Ifitm3-dl1;Name=Ifitm3-dl1;origin=de_novo
chr15	AUGUSTUS	gene	13877128	13878977	.	-	.	ID=gene-Snw1-dl3;Name=Snw1-dl3;origin=de_novo
chr15	AUGUSTUS	gene	14512286	14513335	.	+	.	ID=gene-Stip1-dl2;Name=Stip1-dl2;origin=de_novo
chr15	AUGUSTUS	gene	15563785	15564183	.	+	.	ID=gene-Cox7a2-dl1;Name=Cox7a2-dl1;origin=de_novo
chr15	AUGUSTUS	gene	16876721	16877242	.	-	.	ID=gene-Cmtm8-dl1;Name=Cmtm8-dl1;origin=de_novo
chr15	GeneMark.hmm3	gene	18373290	18373811	.	+	.	ID=gene-Nop10-dl2;Name=Nop10-dl2;origin=de_novo
chr15	AUGUSTUS	gene	18525756	18526091	.	-	.	ID=gene-Uqcrb-dl5;Name=Uqcrb-dl5;origin=de_novo
chr15	AUGUSTUS	gene	18778422	18778763	.	+	.	ID=gene-Eif1-dl2;Name=Eif1-dl2;origin=de_novo
chr15	AUGUSTUS	gene	26806842	26810942	.	-	.	ID=gene-Vps45-dl1;Name=Vps45-dl1;origin=de_novo
chr15	AUGUSTUS	gene	26842728	26846881	.	-	.	ID=gene-Hmgn2-dl3;Name=Hmgn2-dl3;origin=de_novo
chr15	AUGUSTUS	gene	40181472	40197633	.	-	.	ID=gene-Cd164-dl1;Name=Cd164-dl1;origin=de_novo
chr15	AUGUSTUS	gene	41042545	41042934	.	+	.	ID=gene-Isca1-dl1;Name=Isca1-dl1;origin=de_novo
chr15	AUGUSTUS	gene	41394747	41396135	.	+	.	ID=gene-Eef1a1-dl9;Name=Eef1a1-dl9;origin=de_novo
chr15	AUGUSTUS	gene	41505227	41505675	.	+	.	ID=gene-Rps17-dl2;Name=Rps17-dl2;origin=de_novo
chr15	AUGUSTUS	gene	44857765	44858220	.	-	.	ID=gene-Arpc5-dl1;Name=Arpc5-dl1;origin=de_novo
chr15	AUGUSTUS	gene	46997279	46997731	.	-	.	ID=gene-Arpc5-dl2;Name=Arpc5-dl2;origin=de_novo
chr15	AUGUSTUS	gene	49565372	49565827	.	-	.	ID=gene-Rpl24-dl1;Name=Rpl24-dl1;origin=de_novo
chr15	AUGUSTUS	gene	50364341	50369472	.	+	.	ID=gene-Marcks;Name=Marcks;origin=de_novo
chr15	AUGUSTUS	gene	53630369	53630897	.	+	.	ID=gene-Snrpd3-dl1;Name=Snrpd3-dl1;origin=de_novo
chr15	AUGUSTUS	gene	58252567	58253873	.	-	.	ID=gene-Ccnq-dl1;Name=Ccnq-dl1;origin=de_novo
chr15	AUGUSTUS	gene	65353503	65354801	.	+	.	ID=gene-Krt18-dl1;Name=Krt18-dl1;origin=de_novo
chr15	AUGUSTUS	gene	65386465	65387094	.	+	.	ID=gene-Timm23-dl1;Name=Timm23-dl1;origin=de_novo
chr15	AUGUSTUS	gene	82976563	82976907	.	-	.	ID=gene-Rplp1-dl1;Name=Rplp1-dl1;origin=de_novo
chr15	AUGUSTUS	gene	83711564	83712841	.	-	.	ID=gene-Pou2f3-dl1;Name=Pou2f3-dl1;origin=de_novo
chr15	AUGUSTUS	gene	90675052	90675829	.	-	.	ID=gene-Hspe1-dl2;Name=Hspe1-dl2;origin=de_novo
chr15	AUGUSTUS	gene	90676091	90677470	.	+	.	ID=gene-Rps15a-dl3;Name=Rps15a-dl3;origin=de_novo
chr15	AUGUSTUS	gene	92925553	92925903	.	+	.	ID=gene-Elob-dl3;Name=Elob-dl3;origin=de_novo
chr15	AUGUSTUS	gene	100253281	100253586	.	-	.	ID=gene-Hmgn1;Name=Hmgn1;origin=de_novo
chr15	AUGUSTUS	gene	100654326	100655759	.	-	.	ID=gene-Hacd3-dl1;Name=Hacd3-dl1;origin=de_novo
chr15	AUGUSTUS	gene	106584261	106584710	.	-	.	ID=gene-Arpc5-dl3;Name=Arpc5-dl3;origin=de_novo
chr16	AUGUSTUS	gene	131733	132104	.	-	.	ID=gene-Rpl35-dl2;Name=Rpl35-dl2;origin=de_novo
chr16	gmst	gene	1846095	1848787	.	-	.	ID=gene-Atp5me-dl1;Name=Atp5me-dl1;origin=de_novo
chr16	AUGUSTUS	gene	3793732	3794100	.	+	.	ID=gene-Pfdn1-dl1;Name=Pfdn1-dl1;origin=de_novo
chr16	AUGUSTUS	gene	3849115	3850710	.	+	.	ID=gene-Tmem158;Name=Tmem158;origin=de_novo
chr16	AUGUSTUS	gene	4432044	4432403	.	-	.	ID=gene-Snrpd1-dl2;Name=Snrpd1-dl2;origin=de_novo
chr16	AUGUSTUS	gene	4627502	4628046	.	-	.	ID=gene-Hsd17b10-dl1;Name=Hsd17b10-dl1;origin=de_novo
chr16	AUGUSTUS	gene	7594290	7598178	.	-	.	ID=gene-Sh3bgrl-dl1;Name=Sh3bgrl-dl1;origin=de_novo
chr16	GeneMark.hmm3	gene	7730334	7732387	.	-	.	ID=gene-Prdx1-dl2;Name=Prdx1-dl2;origin=de_novo
chr16	AUGUSTUS	gene	7924614	7925278	.	+	.	ID=gene-Rps27a-dl1;Name=Rps27a-dl1;origin=de_novo
chr16	gmst	gene	8440808	8442196	.	-	.	ID=gene-Eef1a1-dl10;Name=Eef1a1-dl10;origin=de_novo
chr16	GeneMark.hmm3	gene	9801159	9802110	.	-	.	ID=gene-Ndufb7-dl1;Name=Ndufb7-dl1;origin=de_novo
chr16	AUGUSTUS	gene	18569374	18570841	.	-	.	ID=gene-Ass1-dl1;Name=Ass1-dl1;origin=de_novo
chr16	AUGUSTUS	gene	21074314	21075097	.	-	.	ID=gene-Emb-dl1;Name=Emb-dl1;origin=de_novo
chr16	AUGUSTUS	gene	22644866	22647293	.	-	.	ID=gene-Atxn7l3b-dl1;Name=Atxn7l3b-dl1;origin=de_novo
chr16	AUGUSTUS	gene	27136667	27138121	.	+	.	ID=gene-Rpl4-dl1;Name=Rpl4-dl1;origin=de_novo
chr16	AUGUSTUS	gene	27458528	27460209	.	+	.	ID=gene-Pgk1-dl2;Name=Pgk1-dl2;origin=de_novo
chr16	AUGUSTUS	gene	27907169	27908019	.	+	.	ID=gene-Sumo2-dl1;Name=Sumo2-dl1;origin=de_novo
chr16	AUGUSTUS	gene	28573117	28573665	.	+	.	ID=gene-Rpl24-dl2;Name=Rpl24-dl2;origin=de_novo
chr16	AUGUSTUS	gene	29485663	29489133	.	+	.	ID=gene-Ifng-dl1;Name=Ifng-dl1;origin=de_novo
chr16	AUGUSTUS	gene	32995771	32996264	.	+	.	ID=gene-Rps16-dl1;Name=Rps16-dl1;origin=de_novo
chr16	gmst	gene	39677661	39680234	.	-	.	ID=gene-Donson-dl1;Name=Donson-dl1;origin=de_novo
chr16	AUGUSTUS	gene	41106196	41109293	.	-	.	ID=gene-Alyref-dl1;Name=Alyref-dl1;origin=de_novo
chr16	AUGUSTUS	gene	41417267	41419525	.	-	.	ID=gene-Larp7-dl2;Name=Larp7-dl2;origin=de_novo
chr16	AUGUSTUS	gene	42068181	42070773	.	+	.	ID=gene-Eif1ax-dl2;Name=Eif1ax-dl2;origin=de_novo
chr16	AUGUSTUS	gene	42127742	42146755	.	+	.	ID=gene-Prim1;Name=Prim1;origin=de_novo
chr16	AUGUSTUS	gene	42870129	42871447	.	-	.	ID=gene-Phb2-dl1;Name=Phb2-dl1;origin=de_novo
chr16	AUGUSTUS	gene	45601457	45603621	.	-	.	ID=gene-Rab5a-dl1;Name=Rab5a-dl1;origin=de_novo
chr16	AUGUSTUS	gene	46043863	46045150	.	+	.	ID=gene-Rpl3-dl1;Name=Rpl3-dl1;origin=de_novo
chr16	AUGUSTUS	gene	47173354	47175096	.	-	.	ID=gene-Tnni2-dl1;Name=Tnni2-dl1;origin=de_novo
chr16	gmst	gene	47370449	47372403	.	-	.	ID=gene-Rpl13a-dl1;Name=Rpl13a-dl1;origin=de_novo
chr16	AUGUSTUS	gene	47701964	47702704	.	+	.	ID=gene-Rpl7l1-dl3;Name=Rpl7l1-dl3;origin=de_novo
chr16	AUGUSTUS	gene	48732751	48733197	.	-	.	ID=gene-Rpl27a-dl11;Name=Rpl27a-dl11;origin=de_novo
chr16	AUGUSTUS	gene	48793377	48795742	.	+	.	ID=gene-Tmdd1;Name=Tmdd1;origin=de_novo
chr16	AUGUSTUS	gene	50888394	50890039	.	-	.	ID=gene-Ppia-dl2;Name=Ppia-dl2;origin=de_novo
chr16	AUGUSTUS	gene	51606986	51610267	.	-	.	ID=gene-Nus1;Name=Nus1;origin=de_novo
chr16	AUGUSTUS	gene	55093116	55093847	.	+	.	ID=gene-Amd1-dl1;Name=Amd1-dl1;origin=de_novo
chr16	AUGUSTUS	gene	57122713	57123183	.	-	.	ID=gene-Rps11-dl2;Name=Rps11-dl2;origin=de_novo
chr16	AUGUSTUS	gene	66215742	66216199	.	+	.	ID=gene-Rpl32-dl2;Name=Rpl32-dl2;origin=de_novo
chr16	AUGUSTUS	gene	68381088	68382259	.	+	.	ID=gene-Crip1-dl2;Name=Crip1-dl2;origin=de_novo
chr16	AUGUSTUS	gene	74602443	74603388	.	+	.	ID=gene-Prelid1-dl1;Name=Prelid1-dl1;origin=de_novo
chr16	AUGUSTUS	gene	79475012	79477268	.	-	.	ID=gene-Eef1a1-dl11;Name=Eef1a1-dl11;origin=de_novo
chr16	AUGUSTUS	gene	82165238	82166476	.	-	.	ID=gene-Ass1-dl2;Name=Ass1-dl2;origin=de_novo
chr16	AUGUSTUS	gene	82293968	82294428	.	-	.	ID=gene-Rpl27-dl3;Name=Rpl27-dl3;origin=de_novo
chr16	AUGUSTUS	gene	83042989	83044770	.	+	.	ID=gene-Pgk1-dl3;Name=Pgk1-dl3;origin=de_novo
chr16	AUGUSTUS	gene	96048650	96049655	.	+	.	ID=gene-Mrpl17-dl1;Name=Mrpl17-dl1;origin=de_novo
chr16	AUGUSTUS	gene	96946808	96948325	.	-	.	ID=gene-Tuba3a-dl1;Name=Tuba3a-dl1;origin=de_novo
chr16	AUGUSTUS	gene	97461971	97462836	.	-	.	ID=gene-Rpl27-dl4;Name=Rpl27-dl4;origin=de_novo
chr16	AUGUSTUS	gene	98539241	98539766	.	-	.	ID=gene-S100a10-dl1;Name=S100a10-dl1;origin=de_novo
chr16	AUGUSTUS	gene	99807363	99808499	.	+	.	ID=gene-Thap1-dl1;Name=Thap1-dl1;origin=de_novo
chr16	AUGUSTUS	gene	101604021	101605415	.	-	.	ID=gene-Eif4b-dl1;Name=Eif4b-dl1;origin=de_novo
chr16	AUGUSTUS	gene	107398932	107433593	.	+	.	ID=gene-Ehhadh;Name=Ehhadh;origin=de_novo
chr17	AUGUSTUS	gene	3441390	3443129	.	-	.	ID=gene-Fam32a-dl1;Name=Fam32a-dl1;origin=de_novo
chr17	AUGUSTUS	gene	6244706	6247726	.	+	.	ID=gene-C2cd4a;Name=C2cd4a;origin=de_novo
chr17	GeneMark.hmm3	gene	7244754	7247686	.	-	.	ID=gene-Sod2-dl1;Name=Sod2-dl1;origin=de_novo
chr17	AUGUSTUS	gene	14216258	14216679	.	-	.	ID=gene-Ndufa4-dl2;Name=Ndufa4-dl2;origin=de_novo
chr17	AUGUSTUS	gene	14826598	14829564	.	+	.	ID=gene-Lsm3-dl2;Name=Lsm3-dl2;origin=de_novo
chr17	AUGUSTUS	gene	19337281	19372413	.	-	.	ID=gene-Chrna5;Name=Chrna5;origin=de_novo
chr17	AUGUSTUS	gene	22778982	22780731	.	+	.	ID=gene-Tvp23b;Name=Tvp23b;origin=de_novo
chr17	AUGUSTUS	gene	22792181	22792672	.	-	.	ID=gene-Ighv2-5;Name=Ighv2-5;origin=de_novo
chr17	AUGUSTUS	gene	22948774	22949297	.	-	.	ID=gene-Ighv2-5-dl1;Name=Ighv2-5-dl1;origin=de_novo
chr17	AUGUSTUS	gene	23472032	23474038	.	-	.	ID=gene-Mrpl49-dl1;Name=Mrpl49-dl1;origin=de_novo
chr17	AUGUSTUS	gene	23969145	23970064	.	-	.	ID=gene-Mrpl36-dl1;Name=Mrpl36-dl1;origin=de_novo
chr17	AUGUSTUS	gene	24085831	24088129	.	+	.	ID=gene-Rps14-dl4;Name=Rps14-dl4;origin=de_novo
chr17	AUGUSTUS	gene	30571902	30573211	.	+	.	ID=gene-Akr1b1-dl1;Name=Akr1b1-dl1;origin=de_novo
chr17	AUGUSTUS	gene	30745748	30747629	.	+	.	ID=gene-Kpna2-dl4;Name=Kpna2-dl4;origin=de_novo
chr17	AUGUSTUS	gene	32489285	32489692	.	-	.	ID=gene-Rps17-dl3;Name=Rps17-dl3;origin=de_novo
chr17	AUGUSTUS	gene	36566072	36566714	.	-	.	ID=gene-Rps7-dl4;Name=Rps7-dl4;origin=de_novo
chr17	AUGUSTUS	gene	49583458	49584953	.	-	.	ID=gene-Pa2g4-dl2;Name=Pa2g4-dl2;origin=de_novo
chr17	AUGUSTUS	gene	49856271	49857569	.	-	.	ID=gene-Krt18-dl2;Name=Krt18-dl2;origin=de_novo
chr17	AUGUSTUS	gene	62111269	62111820	.	-	.	ID=gene-Larp7-dl3;Name=Larp7-dl3;origin=de_novo
chr17	AUGUSTUS	gene	63788697	63789215	.	-	.	ID=gene-Sap18-dl1;Name=Sap18-dl1;origin=de_novo
chr17	AUGUSTUS	gene	70543298	70544563	.	+	.	ID=gene-Rplp0-dl3;Name=Rplp0-dl3;origin=de_novo
chr17	gmst	gene	70979693	70982130	.	+	.	ID=gene-Cycs-dl1;Name=Cycs-dl1;origin=de_novo
chr17	AUGUSTUS	gene	72179655	72179906	.	+	.	ID=gene-Cox7a2-dl2;Name=Cox7a2-dl2;origin=de_novo
chr17	AUGUSTUS	gene	72225734	72226480	.	+	.	ID=gene-Rpl7-dl2;Name=Rpl7-dl2;origin=de_novo
chr17	AUGUSTUS	gene	72622681	72623136	.	-	.	ID=gene-Rps14-dl5;Name=Rps14-dl5;origin=de_novo
chr17	AUGUSTUS	gene	72833070	72833375	.	-	.	ID=gene-Rpl37a-dl2;Name=Rpl37a-dl2;origin=de_novo
chr17	AUGUSTUS	gene	73000718	73002035	.	-	.	ID=gene-Snurf-dl1;Name=Snurf-dl1;origin=de_novo
chr17	gmst	gene	73277695	73289981	.	+	.	ID=gene-Tomm7-dl1;Name=Tomm7-dl1;origin=de_novo
chr17	AUGUSTUS	gene	73438896	73439228	.	-	.	ID=gene-Rpl37a-dl3;Name=Rpl37a-dl3;origin=de_novo
chr17	AUGUSTUS	gene	74866986	74868511	.	+	.	ID=gene-Sf3b4-dl1;Name=Sf3b4-dl1;origin=de_novo
chr17	AUGUSTUS	gene	75080939	75082204	.	-	.	ID=gene-Ccnb1-dl3;Name=Ccnb1-dl3;origin=de_novo
chr17	AUGUSTUS	gene	85080602	85083460	.	-	.	ID=gene-Rab5if-dl1;Name=Rab5if-dl1;origin=de_novo
chr17	AUGUSTUS	gene	85941058	85942410	.	-	.	ID=gene-Chchd4-dl2;Name=Chchd4-dl2;origin=de_novo
chr17	AUGUSTUS	gene	91005986	91006219	.	+	.	ID=gene-Atp5mf-dl1;Name=Atp5mf-dl1;origin=de_novo
chr17	AUGUSTUS	gene	93662453	93664632	.	-	.	ID=gene-Mif-dl1;Name=Mif-dl1;origin=de_novo
chr17	AUGUSTUS	gene	98524774	98526198	.	+	.	ID=gene-Krt8-dl1;Name=Krt8-dl1;origin=de_novo
chr17	AUGUSTUS	gene	99125105	99125761	.	-	.	ID=gene-Chordc1-dl1;Name=Chordc1-dl1;origin=de_novo
chr17	AUGUSTUS	gene	99361828	99365078	.	+	.	ID=gene-Atxn7l3b-dl2;Name=Atxn7l3b-dl2;origin=de_novo
chr17	AUGUSTUS	gene	100441797	100442294	.	-	.	ID=gene-Lamtor2-dl1;Name=Lamtor2-dl1;origin=de_novo
chr18	AUGUSTUS	gene	3795333	3795683	.	+	.	ID=gene-Dynlt3-dl1;Name=Dynlt3-dl1;origin=de_novo
chr18	AUGUSTUS	gene	3799287	3799739	.	-	.	ID=gene-Aif1l-dl1;Name=Aif1l-dl1;origin=de_novo
chr18	AUGUSTUS	gene	8425975	8426393	.	+	.	ID=gene-Rpl35-dl3;Name=Rpl35-dl3;origin=de_novo
chr18	AUGUSTUS	gene	16408471	16408791	.	-	.	ID=gene-Sec61b-dl1;Name=Sec61b-dl1;origin=de_novo
chr18	GeneMark.hmm3	gene	18199723	18201528	.	+	.	ID=gene-Atp5me-dl2;Name=Atp5me-dl2;origin=de_novo
chr18	AUGUSTUS	gene	18281844	18284256	.	+	.	ID=gene-Psma5-dl1;Name=Psma5-dl1;origin=de_novo
chr18	AUGUSTUS	gene	18343719	18344279	.	-	.	ID=gene-Pabpn1-dl1;Name=Pabpn1-dl1;origin=de_novo
chr18	AUGUSTUS	gene	18616026	18616730	.	-	.	ID=gene-Rpl30;Name=Rpl30;origin=de_novo
chr18	AUGUSTUS	gene	18783094	18784203	.	-	.	ID=gene-Fnta-dl1;Name=Fnta-dl1;origin=de_novo
chr18	gmst	gene	18977804	18977980	.	+	.	ID=gene-Atp5mk-dl1;Name=Atp5mk-dl1;origin=de_novo
chr18	AUGUSTUS	gene	24206179	24231307	.	-	.	ID=gene-Pgs1;Name=Pgs1;origin=de_novo
chr18	AUGUSTUS	gene	24842340	24842675	.	-	.	ID=gene-Uqcrb-dl6;Name=Uqcrb-dl6;origin=de_novo
chr18	AUGUSTUS	gene	26166569	26166805	.	+	.	ID=gene-Cox6b1-dl1;Name=Cox6b1-dl1;origin=de_novo
chr18	gmst	gene	26308613	26309038	.	+	.	ID=gene-Ndufa11-dl1;Name=Ndufa11-dl1;origin=de_novo
chr18	AUGUSTUS	gene	27361644	27361946	.	+	.	ID=gene-Hspe1-dl3;Name=Hspe1-dl3;origin=de_novo
chr18	AUGUSTUS	gene	28795393	28795848	.	-	.	ID=gene-Rplp1-dl2;Name=Rplp1-dl2;origin=de_novo
chr18	AUGUSTUS	gene	29020138	29020673	.	-	.	ID=gene-Rpl35-dl4;Name=Rpl35-dl4;origin=de_novo
chr18	AUGUSTUS	gene	29849899	29854112	.	-	.	ID=gene-Eef1a1-dl12;Name=Eef1a1-dl12;origin=de_novo
chr18	AUGUSTUS	gene	33523161	33524167	.	+	.	ID=gene-Rps16-dl2;Name=Rps16-dl2;origin=de_novo
chr18	AUGUSTUS	gene	33807726	33808249	.	+	.	ID=gene-Hspe1-dl4;Name=Hspe1-dl4;origin=de_novo
chr18	gmst	gene	37800464	37803445	.	+	.	ID=gene-Yipf5-dl1;Name=Yipf5-dl1;origin=de_novo
chr18	AUGUSTUS	gene	37880659	37881609	.	+	.	ID=gene-Akr1b8-dl2;Name=Akr1b8-dl2;origin=de_novo
chr18	AUGUSTUS	gene	39431258	39434137	.	+	.	ID=gene-Rps23-dl3;Name=Rps23-dl3;origin=de_novo
chr18	AUGUSTUS	gene	45570944	45572745	.	+	.	ID=gene-Cir1-dl1;Name=Cir1-dl1;origin=de_novo
chr18	AUGUSTUS	gene	45992804	45994959	.	-	.	ID=gene-Pa2g4-dl3;Name=Pa2g4-dl3;origin=de_novo
chr18	AUGUSTUS	gene	47391572	47392765	.	+	.	ID=gene-Maoa-dl1;Name=Maoa-dl1;origin=de_novo
chr18	AUGUSTUS	gene	50689919	50691154	.	+	.	ID=gene-Snw1-dl4;Name=Snw1-dl4;origin=de_novo
chr18	AUGUSTUS	gene	59769361	59771055	.	+	.	ID=gene-Eef1a1-dl13;Name=Eef1a1-dl13;origin=de_novo
chr18	GeneMark.hmm3	gene	65319235	65320341	.	+	.	ID=gene-Cct7-dl2;Name=Cct7-dl2;origin=de_novo
chr18	AUGUSTUS	gene	67123509	67125782	.	+	.	ID=gene-Gnai3-dl1;Name=Gnai3-dl1;origin=de_novo
chr18	AUGUSTUS	gene	68888947	68889300	.	+	.	ID=gene-Gabarapl2-dl1;Name=Gabarapl2-dl1;origin=de_novo
chr18	AUGUSTUS	gene	69149573	69149977	.	-	.	ID=gene-Rpl35-dl5;Name=Rpl35-dl5;origin=de_novo
chr18	AUGUSTUS	gene	77663253	77663624	.	+	.	ID=gene-Rpl35-dl6;Name=Rpl35-dl6;origin=de_novo
chr18	AUGUSTUS	gene	78050490	78050879	.	+	.	ID=gene-Acot13-dl2;Name=Acot13-dl2;origin=de_novo
chr18	AUGUSTUS	gene	81728232	81750522	.	-	.	ID=gene-Nus1-dl1;Name=Nus1-dl1;origin=de_novo
chr18	gmst	gene	83873284	83875084	.	+	.	ID=gene-Cct4-dl1;Name=Cct4-dl1;origin=de_novo
chr18	AUGUSTUS	gene	85281303	85283837	.	+	.	ID=gene-Ufm1-dl1;Name=Ufm1-dl1;origin=de_novo
chr18	AUGUSTUS	gene	85934253	85935956	.	+	.	ID=gene-Amd1-dl2;Name=Amd1-dl2;origin=de_novo
chr18	AUGUSTUS	gene	87457881	87484919	.	-	.	ID=gene-Rnaset2b;Name=Rnaset2b;origin=de_novo
chr18	AUGUSTUS	gene	88164275	88167301	.	+	.	ID=gene-Amd1-dl3;Name=Amd1-dl3;origin=de_novo
chr19	AUGUSTUS	gene	3180914	3181342	.	-	.	ID=gene-Sod1-dl3;Name=Sod1-dl3;origin=de_novo
chr19	AUGUSTUS	gene	3645018	3645446	.	+	.	ID=gene-Sod1-dl4;Name=Sod1-dl4;origin=de_novo
chr19	AUGUSTUS	gene	10142040	10144337	.	-	.	ID=gene-Snrpg-dl4;Name=Snrpg-dl4;origin=de_novo
chr19	AUGUSTUS	gene	13378098	13380386	.	+	.	ID=gene-Prelid1-dl2;Name=Prelid1-dl2;origin=de_novo
chr19	AUGUSTUS	gene	17337816	17338466	.	+	.	ID=gene-Mtap-dl3;Name=Mtap-dl3;origin=de_novo
chr19	AUGUSTUS	gene	17365677	17366054	.	+	.	ID=gene-Rps25-dl6;Name=Rps25-dl6;origin=de_novo
chr19	AUGUSTUS	gene	17990982	17994327	.	+	.	ID=gene-Sod2-dl2;Name=Sod2-dl2;origin=de_novo
chr19	AUGUSTUS	gene	18031302	18032195	.	-	.	ID=gene-Cdk1-dl2;Name=Cdk1-dl2;origin=de_novo
chr19	AUGUSTUS	gene	21737089	21737409	.	+	.	ID=gene-Eif1-dl3;Name=Eif1-dl3;origin=de_novo
chr19	AUGUSTUS	gene	23693817	23694062	.	+	.	ID=gene-Nedd8-dl4;Name=Nedd8-dl4;origin=de_novo
chr19	AUGUSTUS	gene	23721904	23722341	.	-	.	ID=gene-Cox8a-dl1;Name=Cox8a-dl1;origin=de_novo
chr19	AUGUSTUS	gene	24276107	24278407	.	-	.	ID=gene-Prkci-dl1;Name=Prkci-dl1;origin=de_novo
chr19	AUGUSTUS	gene	26403003	26404301	.	-	.	ID=gene-Krt18-dl3;Name=Krt18-dl3;origin=de_novo
chr19	AUGUSTUS	gene	26878538	26879145	.	+	.	ID=gene-Rps18-dl3;Name=Rps18-dl3;origin=de_novo
chr19	AUGUSTUS	gene	27203511	27203783	.	+	.	ID=gene-Hmgn2-dl4;Name=Hmgn2-dl4;origin=de_novo
chr19	AUGUSTUS	gene	27811133	27811500	.	-	.	ID=gene-Cox7a2-dl3;Name=Cox7a2-dl3;origin=de_novo
chr19	AUGUSTUS	gene	27819870	27820313	.	-	.	ID=gene-Rpl27a-dl12;Name=Rpl27a-dl12;origin=de_novo
chr19	AUGUSTUS	gene	28737977	28739215	.	-	.	ID=gene-Prim1-dl1;Name=Prim1-dl1;origin=de_novo
chr19	AUGUSTUS	gene	29497663	29498084	.	+	.	ID=gene-Hspe1-dl5;Name=Hspe1-dl5;origin=de_novo
chr19	AUGUSTUS	gene	30278644	30278943	.	+	.	ID=gene-Hypk-dl1;Name=Hypk-dl1;origin=de_novo
chr19	AUGUSTUS	gene	31370935	31371621	.	+	.	ID=gene-Pfdn1-dl2;Name=Pfdn1-dl2;origin=de_novo
chr19	AUGUSTUS	gene	31400731	31401033	.	+	.	ID=gene-S100a10-dl2;Name=S100a10-dl2;origin=de_novo
chr19	AUGUSTUS	gene	31712551	31714068	.	-	.	ID=gene-Sf3b4-dl2;Name=Sf3b4-dl2;origin=de_novo
chr19	AUGUSTUS	gene	32313810	32314148	.	+	.	ID=gene-Churc1-dl1;Name=Churc1-dl1;origin=de_novo
chr19	AUGUSTUS	gene	32564405	32565102	.	-	.	ID=gene-Mrpl50-dl1;Name=Mrpl50-dl1;origin=de_novo
chr19	AUGUSTUS	gene	33824893	33827931	.	+	.	ID=gene-Trim28-dl1;Name=Trim28-dl1;origin=de_novo
chr19	AUGUSTUS	gene	35263736	35264284	.	-	.	ID=gene-Tomm20-dl3;Name=Tomm20-dl3;origin=de_novo
chr19	AUGUSTUS	gene	35784383	35788537	.	-	.	ID=gene-Fkbp3-dl2;Name=Fkbp3-dl2;origin=de_novo
chr19	AUGUSTUS	gene	36750360	36754194	.	+	.	ID=gene-Uts2;Name=Uts2;origin=de_novo
chr19	AUGUSTUS	gene	40826467	40828443	.	+	.	ID=gene-Rpl35-dl7;Name=Rpl35-dl7;origin=de_novo
chr19	AUGUSTUS	gene	41752072	41752326	.	-	.	ID=gene-Rps27-dl2;Name=Rps27-dl2;origin=de_novo
chr19	gmst	gene	44469372	44470727	.	-	.	ID=gene-Rps27-dl3;Name=Rps27-dl3;origin=de_novo
chr19	AUGUSTUS	gene	45165050	45167485	.	+	.	ID=gene-Hsp90ab1-dl1;Name=Hsp90ab1-dl1;origin=de_novo
chr19	AUGUSTUS	gene	45198629	45200295	.	+	.	ID=gene-Eif3e-dl3;Name=Eif3e-dl3;origin=de_novo
chr19	AUGUSTUS	gene	46216239	46218289	.	+	.	ID=gene-Klf17-dl2;Name=Klf17-dl2;origin=de_novo
chr19	AUGUSTUS	gene	48384588	48385592	.	+	.	ID=gene-Glrx3-dl1;Name=Glrx3-dl1;origin=de_novo
chr19	AUGUSTUS	gene	48430498	48430758	.	+	.	ID=gene-Hmgn2-dl5;Name=Hmgn2-dl5;origin=de_novo
chr19	AUGUSTUS	gene	49897527	49897985	.	-	.	ID=gene-Rps18-dl4;Name=Rps18-dl4;origin=de_novo
chr19	AUGUSTUS	gene	49933844	49935070	.	-	.	ID=gene-Pten-dl1;Name=Pten-dl1;origin=de_novo
chr19	gmst	gene	54500990	54501217	.	+	.	ID=gene-Cox6c-dl1;Name=Cox6c-dl1;origin=de_novo
chr19	AUGUSTUS	gene	54915811	54916602	.	+	.	ID=gene-Rps14-dl6;Name=Rps14-dl6;origin=de_novo
chr19	AUGUSTUS	gene	54922474	54922824	.	-	.	ID=gene-Uqcrb-dl7;Name=Uqcrb-dl7;origin=de_novo
chr19	AUGUSTUS	gene	56334074	56334700	.	+	.	ID=gene-Rpl13-dl6;Name=Rpl13-dl6;origin=de_novo
chr19	AUGUSTUS	gene	60004348	60007268	.	+	.	ID=gene-Ranbp1-dl1;Name=Ranbp1-dl1;origin=de_novo
chr19	AUGUSTUS	gene	64690736	64691074	.	-	.	ID=gene-Eif1-dl4;Name=Eif1-dl4;origin=de_novo
chr19	AUGUSTUS	gene	66508043	66508609	.	+	.	ID=gene-Eef1b2-dl2;Name=Eef1b2-dl2;origin=de_novo
chr19	AUGUSTUS	gene	67892908	67894916	.	-	.	ID=gene-Mak16-dl1;Name=Mak16-dl1;origin=de_novo
chr19	AUGUSTUS	gene	71599222	71601251	.	+	.	ID=gene-Bloc1s1-dl1;Name=Bloc1s1-dl1;origin=de_novo
chr19	AUGUSTUS	gene	73449016	73450129	.	+	.	ID=gene-Alyref-dl2;Name=Alyref-dl2;origin=de_novo
chr19	AUGUSTUS	gene	74377805	74378278	.	+	.	ID=gene-Rpl24-dl3;Name=Rpl24-dl3;origin=de_novo
chr19	AUGUSTUS	gene	78052044	78052490	.	-	.	ID=gene-Rpl27a-dl13;Name=Rpl27a-dl13;origin=de_novo
chr19	AUGUSTUS	gene	81613378	81616063	.	-	.	ID=gene-Gdi2-dl2;Name=Gdi2-dl2;origin=de_novo
chr19	AUGUSTUS	gene	83931844	83932286	.	+	.	ID=gene-Ndufa4-dl3;Name=Ndufa4-dl3;origin=de_novo
chr19	AUGUSTUS	gene	83950582	83951851	.	-	.	ID=gene-Triap1-dl2;Name=Triap1-dl2;origin=de_novo
chr19	AUGUSTUS	gene	84438442	84439963	.	-	.	ID=gene-Pdap1-dl1;Name=Pdap1-dl1;origin=de_novo
chr19	AUGUSTUS	gene	94893130	94896816	.	+	.	ID=gene-Surf6-dl1;Name=Surf6-dl1;origin=de_novo
chr20	AUGUSTUS	gene	6273553	6273933	.	+	.	ID=gene-Sem1-dl2;Name=Sem1-dl2;origin=de_novo
chr20	AUGUSTUS	gene	6884785	6885192	.	+	.	ID=gene-Rps17-dl4;Name=Rps17-dl4;origin=de_novo
chr20	AUGUSTUS	gene	7973267	7987957	.	+	.	ID=gene-Fam216a-dl1;Name=Fam216a-dl1;origin=de_novo
chr20	AUGUSTUS	gene	8018022	8018405	.	+	.	ID=gene-Rpl18a-dl1;Name=Rpl18a-dl1;origin=de_novo
chr20	AUGUSTUS	gene	16278158	16279304	.	+	.	ID=gene-Slc25a5-dl3;Name=Slc25a5-dl3;origin=de_novo
chr20	AUGUSTUS	gene	22043918	22044310	.	-	.	ID=gene-Iglc3;Name=Iglc3;origin=de_novo
chr20	AUGUSTUS	gene	24680449	24680817	.	-	.	ID=gene-Taf13-dl1;Name=Taf13-dl1;origin=de_novo
chr20	AUGUSTUS	gene	27222150	27223676	.	-	.	ID=gene-Tubb2b;Name=Tubb2b;origin=de_novo
chr20	AUGUSTUS	gene	32075803	32087538	.	-	.	ID=gene-Tuba3a-dl3;Name=Tuba3a-dl3;origin=de_novo
chr20	AUGUSTUS	gene	32158156	32170199	.	+	.	ID=gene-Tuba3a-dl4;Name=Tuba3a-dl4;origin=de_novo
chr20	AUGUSTUS	gene	32453204	32454989	.	-	.	ID=gene-Krr1-dl3;Name=Krr1-dl3;origin=de_novo
chr20	AUGUSTUS	gene	34281645	34282139	.	+	.	ID=gene-Ppia-dl3;Name=Ppia-dl3;origin=de_novo
chr20	AUGUSTUS	gene	34800366	34802099	.	+	.	ID=gene-Rpl9-dl2;Name=Rpl9-dl2;origin=de_novo
chr20	gmst	gene	34860770	34862552	.	-	.	ID=gene-Atp5mf-dl2;Name=Atp5mf-dl2;origin=de_novo
chr20	AUGUSTUS	gene	35959156	35960066	.	-	.	ID=gene-Pyurf-dl1;Name=Pyurf-dl1;origin=de_novo
chr20	AUGUSTUS	gene	36494103	36496398	.	+	.	ID=gene-Ndufb10-dl1;Name=Ndufb10-dl1;origin=de_novo
chr20	AUGUSTUS	gene	36916483	36917336	.	-	.	ID=gene-Prdx1-dl3;Name=Prdx1-dl3;origin=de_novo
chr20	AUGUSTUS	gene	38913683	38914129	.	+	.	ID=gene-Rpl27a-dl14;Name=Rpl27a-dl14;origin=de_novo
chr20	AUGUSTUS	gene	38918230	38918852	.	-	.	ID=gene-Rps14-dl7;Name=Rps14-dl7;origin=de_novo
chr20	gmst	gene	39539304	39540692	.	-	.	ID=gene-Eef1a1-dl17;Name=Eef1a1-dl17;origin=de_novo
chr20	AUGUSTUS	gene	43712986	43714482	.	-	.	ID=gene-Ass1-dl3;Name=Ass1-dl3;origin=de_novo
chr20	gmst	gene	46630206	46631920	.	-	.	ID=gene-Idh3a-dl1;Name=Idh3a-dl1;origin=de_novo
chr20	AUGUSTUS	gene	48365993	48368636	.	-	.	ID=gene-Eif3e-dl4;Name=Eif3e-dl4;origin=de_novo
chr20	AUGUSTUS	gene	48779637	48781394	.	-	.	ID=gene-Atp5mf-dl3;Name=Atp5mf-dl3;origin=de_novo
chr20	AUGUSTUS	gene	50743352	50743892	.	+	.	ID=gene-Rplp1-dl3;Name=Rplp1-dl3;origin=de_novo
chr20	gmst	gene	51059754	51060203	.	+	.	ID=gene-Dnajc24-dl1;Name=Dnajc24-dl1;origin=de_novo
chr20	gmst	gene	54464806	54464994	.	-	.	ID=gene-Snrpg-dl5;Name=Snrpg-dl5;origin=de_novo
chr20	AUGUSTUS	gene	57829978	57831366	.	-	.	ID=gene-Eef1a1-dl18;Name=Eef1a1-dl18;origin=de_novo
chr20	AUGUSTUS	gene	58026254	58027094	.	-	.	ID=gene-Dhfr-dl4;Name=Dhfr-dl4;origin=de_novo
chr20	AUGUSTUS	gene	58072370	58074453	.	+	.	ID=gene-Hprt1-dl3;Name=Hprt1-dl3;origin=de_novo
chr20	AUGUSTUS	gene	58140820	58141092	.	+	.	ID=gene-Hmgn2-dl6;Name=Hmgn2-dl6;origin=de_novo
chr20	AUGUSTUS	gene	58599035	58599937	.	+	.	ID=gene-Cfl1-dl1;Name=Cfl1-dl1;origin=de_novo
chr20	AUGUSTUS	gene	58652292	58652639	.	-	.	ID=gene-Rps15a-dl4;Name=Rps15a-dl4;origin=de_novo
chr20	AUGUSTUS	gene	59991695	59993143	.	+	.	ID=gene-Hdac1-dl5;Name=Hdac1-dl5;origin=de_novo
chr20	AUGUSTUS	gene	60238339	60238578	.	-	.	ID=gene-Snrpe-dl3;Name=Snrpe-dl3;origin=de_novo
chr20	gmst	gene	60704429	60706009	.	-	.	ID=gene-Maoa-dl2;Name=Maoa-dl2;origin=de_novo
chr20	GeneMark.hmm3	gene	60784703	60784873	.	-	.	ID=gene-Rps29-dl1;Name=Rps29-dl1;origin=de_novo
chr20	AUGUSTUS	gene	61646637	61648041	.	-	.	ID=gene-Med4-dl1;Name=Med4-dl1;origin=de_novo
chr20	AUGUSTUS	gene	63946037	63947356	.	+	.	ID=gene-Akr1b1-dl2;Name=Akr1b1-dl2;origin=de_novo
chr20	AUGUSTUS	gene	63948385	63948963	.	+	.	ID=gene-Rpl9-dl3;Name=Rpl9-dl3;origin=de_novo
chr20	AUGUSTUS	gene	68758032	68761265	.	+	.	ID=gene-Rap1b-dl2;Name=Rap1b-dl2;origin=de_novo
chr20	AUGUSTUS	gene	71685552	71686166	.	-	.	ID=gene-Rpl18a-dl2;Name=Rpl18a-dl2;origin=de_novo
chr20	AUGUSTUS	gene	71995970	71998130	.	+	.	ID=gene-Prkrip1-dl1;Name=Prkrip1-dl1;origin=de_novo
chr20	AUGUSTUS	gene	72262482	72263703	.	-	.	ID=gene-Rps25-dl7;Name=Rps25-dl7;origin=de_novo
chr20	AUGUSTUS	gene	74508924	74511270	.	+	.	ID=gene-Nifk-dl2;Name=Nifk-dl2;origin=de_novo
chr20	AUGUSTUS	gene	75938356	75938709	.	+	.	ID=gene-Uqcc3-dl1;Name=Uqcc3-dl1;origin=de_novo
chr20	AUGUSTUS	gene	76114807	76115178	.	-	.	ID=gene-Rpl35-dl8;Name=Rpl35-dl8;origin=de_novo
chr20	AUGUSTUS	gene	77440755	77441754	.	-	.	ID=gene-Rplp0-dl5;Name=Rplp0-dl5;origin=de_novo
chr20	gmst	gene	81196867	81197575	.	-	.	ID=gene-Vps28-dl1;Name=Vps28-dl1;origin=de_novo
chr20	AUGUSTUS	gene	82996738	82998221	.	-	.	ID=gene-Tbcc-dl1;Name=Tbcc-dl1;origin=de_novo
chr20	AUGUSTUS	gene	83203361	83204749	.	-	.	ID=gene-Eef1a1-dl19;Name=Eef1a1-dl19;origin=de_novo
chr20	gmst	gene	86246498	86250226	.	-	.	ID=gene-Atp5f1e-dl1;Name=Atp5f1e-dl1;origin=de_novo
chr20	AUGUSTUS	gene	86264334	86264612	.	-	.	ID=gene-Snrpe-dl4;Name=Snrpe-dl4;origin=de_novo
chr20	AUGUSTUS	gene	90734950	90735876	.	+	.	ID=gene-Eef1a1-dl20;Name=Eef1a1-dl20;origin=de_novo
chr21	gmst	gene	419069	420761	.	+	.	ID=gene-Eef1a1-dl21;Name=Eef1a1-dl21;origin=de_novo
chr21	AUGUSTUS	gene	499134	499754	.	+	.	ID=gene-Sod2-dl3;Name=Sod2-dl3;origin=de_novo
chr21	AUGUSTUS	gene	6302829	6303188	.	+	.	ID=gene-Rpl35-dl9;Name=Rpl35-dl9;origin=de_novo
chr21	AUGUSTUS	gene	7195286	7195594	.	-	.	ID=gene-Rplp1-dl4;Name=Rplp1-dl4;origin=de_novo
chr21	AUGUSTUS	gene	9844820	9845724	.	-	.	ID=gene-Ino80c-dl2;Name=Ino80c-dl2;origin=de_novo
chr21	AUGUSTUS	gene	10590635	10591536	.	+	.	ID=gene-Rps25-dl8;Name=Rps25-dl8;origin=de_novo
chr21	AUGUSTUS	gene	11124399	11124641	.	-	.	ID=gene-Cox7b-dl4;Name=Cox7b-dl4;origin=de_novo
chr21	AUGUSTUS	gene	13059686	13060568	.	-	.	ID=gene-Rflnb-dl1;Name=Rflnb-dl1;origin=de_novo
chr21	AUGUSTUS	gene	17549514	17551035	.	+	.	ID=gene-Atp6v0d1-dl1;Name=Atp6v0d1-dl1;origin=de_novo
chr21	AUGUSTUS	gene	19706285	19706734	.	+	.	ID=gene-Stmn1-dl3;Name=Stmn1-dl3;origin=de_novo
chr21	AUGUSTUS	gene	24021575	24023434	.	+	.	ID=gene-Tox4-dl1;Name=Tox4-dl1;origin=de_novo
chr21	gmst	gene	27422310	27423014	.	-	.	ID=gene-Ube2r2-dl1;Name=Ube2r2-dl1;origin=de_novo
chr21	AUGUSTUS	gene	39822923	39824524	.	-	.	ID=gene-Rplp0-dl6;Name=Rplp0-dl6;origin=de_novo
chr21	AUGUSTUS	gene	40457479	40458095	.	-	.	ID=gene-Rpl18a-dl3;Name=Rpl18a-dl3;origin=de_novo
chr21	AUGUSTUS	gene	49540144	49540740	.	+	.	ID=gene-Fcf1-dl1;Name=Fcf1-dl1;origin=de_novo
chr21	AUGUSTUS	gene	51760170	51769135	.	-	.	ID=gene-Gbp5-dl1;Name=Gbp5-dl1;origin=de_novo
chr21	AUGUSTUS	gene	52458690	52463944	.	+	.	ID=gene-Gbp5-dl2;Name=Gbp5-dl2;origin=de_novo
chr21	AUGUSTUS	gene	52463884	52468014	.	+	.	ID=gene-Gbp5-dl3;Name=Gbp5-dl3;origin=de_novo
chr21	AUGUSTUS	gene	54354227	54355525	.	+	.	ID=gene-Krt18-dl4;Name=Krt18-dl4;origin=de_novo
chr21	AUGUSTUS	gene	54794025	54794475	.	+	.	ID=gene-Rpl28-dl1;Name=Rpl28-dl1;origin=de_novo
chr21	AUGUSTUS	gene	55181284	55181732	.	-	.	ID=gene-Rps16-dl3;Name=Rps16-dl3;origin=de_novo
chr21	AUGUSTUS	gene	55904513	55904983	.	+	.	ID=gene-Rpl23a-dl2;Name=Rpl23a-dl2;origin=de_novo
chr21	AUGUSTUS	gene	56250181	56251797	.	-	.	ID=gene-Rpl35-dl10;Name=Rpl35-dl10;origin=de_novo
chr21	AUGUSTUS	gene	57116173	57117849	.	-	.	ID=gene-Eef1a1-dl22;Name=Eef1a1-dl22;origin=de_novo
chr21	AUGUSTUS	gene	57358319	57361648	.	+	.	ID=gene-Eif4b-dl2;Name=Eif4b-dl2;origin=de_novo
chr21	AUGUSTUS	gene	58150775	58151983	.	+	.	ID=gene-Nup43-dl1;Name=Nup43-dl1;origin=de_novo
chr21	gmst	gene	74922658	74924346	.	-	.	ID=gene-Eef1a1-dl23;Name=Eef1a1-dl23;origin=de_novo
chr21	AUGUSTUS	gene	77361011	77362396	.	-	.	ID=gene-Eef1a1-dl24;Name=Eef1a1-dl24;origin=de_novo
chr21	AUGUSTUS	gene	82130933	82132282	.	-	.	ID=gene-Sf3a2-dl1;Name=Sf3a2-dl1;origin=de_novo
chr21	AUGUSTUS	gene	83438277	83439936	.	+	.	ID=gene-Eef1a1-dl25;Name=Eef1a1-dl25;origin=de_novo
chr22	AUGUSTUS	gene	8214571	8214870	.	+	.	ID=gene-S100a11-dl3;Name=S100a11-dl3;origin=de_novo
chr22	AUGUSTUS	gene	10899929	10925596	.	-	.	ID=gene-Vcl-dl1;Name=Vcl-dl1;origin=de_novo
chr22	AUGUSTUS	gene	12248351	12249311	.	+	.	ID=gene-Mmgt1-dl1;Name=Mmgt1-dl1;origin=de_novo
chr22	AUGUSTUS	gene	13631638	13632273	.	+	.	ID=gene-Rpl13-dl8;Name=Rpl13-dl8;origin=de_novo
chr22	AUGUSTUS	gene	13690179	13692204	.	-	.	ID=gene-Cisd2-dl1;Name=Cisd2-dl1;origin=de_novo
chr22	AUGUSTUS	gene	14712821	14715713	.	-	.	ID=gene-Tspan13-dl1;Name=Tspan13-dl1;origin=de_novo
chr22	AUGUSTUS	gene	15794529	15794984	.	-	.	ID=gene-Rps14-dl8;Name=Rps14-dl8;origin=de_novo
chr22	AUGUSTUS	gene	25623410	25624759	.	-	.	ID=gene-Tuba3a-dl5;Name=Tuba3a-dl5;origin=de_novo
chr22	AUGUSTUS	gene	27417515	27419131	.	+	.	ID=gene-Snw1-dl5;Name=Snw1-dl5;origin=de_novo
chr22	AUGUSTUS	gene	27895088	27895489	.	-	.	ID=gene-S100a11-dl4;Name=S100a11-dl4;origin=de_novo
chr22	gmst	gene	29428109	29429497	.	-	.	ID=gene-Eef1a1-dl26;Name=Eef1a1-dl26;origin=de_novo
chr22	AUGUSTUS	gene	29859498	29859911	.	-	.	ID=gene-Rpl28-dl2;Name=Rpl28-dl2;origin=de_novo
chr22	AUGUSTUS	gene	30662114	30663091	.	-	.	ID=gene-Fkbp3-dl3;Name=Fkbp3-dl3;origin=de_novo
chr22	AUGUSTUS	gene	30932776	30934221	.	-	.	ID=gene-Pcbp1-dl1;Name=Pcbp1-dl1;origin=de_novo
chr22	AUGUSTUS	gene	31743914	31744459	.	-	.	ID=gene-Fth1-dl3;Name=Fth1-dl3;origin=de_novo
chr22	AUGUSTUS	gene	37200649	37200984	.	+	.	ID=gene-Cox6a1-dl1;Name=Cox6a1-dl1;origin=de_novo
chr22	AUGUSTUS	gene	38074495	38076423	.	+	.	ID=gene-Kpna2-dl5;Name=Kpna2-dl5;origin=de_novo
chr22	AUGUSTUS	gene	38995750	38997138	.	-	.	ID=gene-Eef1a1-dl27;Name=Eef1a1-dl27;origin=de_novo
chr22	AUGUSTUS	gene	40201168	40204560	.	+	.	ID=gene-Ubqln1-dl1;Name=Ubqln1-dl1;origin=de_novo
chr22	AUGUSTUS	gene	40339693	40340445	.	-	.	ID=gene-Utp23-dl2;Name=Utp23-dl2;origin=de_novo
chr22	AUGUSTUS	gene	40610965	40611336	.	+	.	ID=gene-Rpl35-dl11;Name=Rpl35-dl11;origin=de_novo
chr22	AUGUSTUS	gene	43922568	43923737	.	-	.	ID=gene-Eci1-dl1;Name=Eci1-dl1;origin=de_novo
chr22	AUGUSTUS	gene	44014816	44016580	.	+	.	ID=gene-Rpl24-dl4;Name=Rpl24-dl4;origin=de_novo
chr22	AUGUSTUS	gene	44089846	44090275	.	+	.	ID=gene-Rpl23a-dl3;Name=Rpl23a-dl3;origin=de_novo
chr22	AUGUSTUS	gene	49664853	49665324	.	-	.	ID=gene-Rps23-dl5;Name=Rps23-dl5;origin=de_novo
chr22	AUGUSTUS	gene	50708458	50708868	.	-	.	ID=gene-H3c15-dl3;Name=H3c15-dl3;origin=de_novo
chr22	gmst	gene	51828235	51828402	.	+	.	ID=gene-Ctxnd2;Name=Ctxnd2;origin=de_novo
chr22	AUGUSTUS	gene	52412905	52413156	.	-	.	ID=gene-Cox7a2-dl4;Name=Cox7a2-dl4;origin=de_novo
chr22	gmst	gene	52729166	52730743	.	+	.	ID=gene-Cox7c-dl1;Name=Cox7c-dl1;origin=de_novo
chr22	AUGUSTUS	gene	53406537	53407220	.	-	.	ID=gene-Idi1-dl1;Name=Idi1-dl1;origin=de_novo
chr22	AUGUSTUS	gene	54908357	54922736	.	+	.	ID=gene-Slamf8-dl1;Name=Slamf8-dl1;origin=de_novo
chr22	AUGUSTUS	gene	55302561	55304847	.	-	.	ID=gene-Akirin1-dl1;Name=Akirin1-dl1;origin=de_novo
chr22	AUGUSTUS	gene	55818125	55818973	.	-	.	ID=gene-Rps6-dl1;Name=Rps6-dl1;origin=de_novo
chr22	AUGUSTUS	gene	57491231	57491875	.	+	.	ID=gene-Ostf1-dl1;Name=Ostf1-dl1;origin=de_novo
chr22	AUGUSTUS	gene	57794225	57795179	.	-	.	ID=gene-Snrpd3-dl2;Name=Snrpd3-dl2;origin=de_novo
chr22	AUGUSTUS	gene	57838369	57838748	.	-	.	ID=gene-Rplp1-dl5;Name=Rplp1-dl5;origin=de_novo
chr22	AUGUSTUS	gene	58442282	58444850	.	-	.	ID=gene-Rps25-dl9;Name=Rps25-dl9;origin=de_novo
chr22	AUGUSTUS	gene	58724903	58725388	.	-	.	ID=gene-Rps17-dl5;Name=Rps17-dl5;origin=de_novo
chr22	AUGUSTUS	gene	64020523	64021269	.	+	.	ID=gene-Rpl7-dl3;Name=Rpl7-dl3;origin=de_novo
chr22	AUGUSTUS	gene	65245768	65246139	.	-	.	ID=gene-Rpl35-dl12;Name=Rpl35-dl12;origin=de_novo
chr22	AUGUSTUS	gene	68227001	68227337	.	+	.	ID=gene-Trbv18;Name=Trbv18;origin=de_novo
chr22	AUGUSTUS	gene	68344767	68345523	.	-	.	ID=gene-Trbv30;Name=Trbv30;origin=de_novo
chr22	AUGUSTUS	gene	69029888	69030899	.	+	.	ID=gene-Tpgs1-dl1;Name=Tpgs1-dl1;origin=de_novo
chr22	AUGUSTUS	gene	69304296	69305210	.	+	.	ID=gene-Tas2r143-dl1;Name=Tas2r143-dl1;origin=de_novo
chr22	AUGUSTUS	gene	74266479	74268047	.	+	.	ID=gene-Taf13-dl2;Name=Taf13-dl2;origin=de_novo
chr22	AUGUSTUS	gene	75916186	75916464	.	-	.	ID=gene-Snrpe-dl5;Name=Snrpe-dl5;origin=de_novo
chr22	AUGUSTUS	gene	76378062	76379378	.	-	.	ID=gene-Dph1-dl1;Name=Dph1-dl1;origin=de_novo
chr22	AUGUSTUS	gene	76477135	76477500	.	-	.	ID=gene-Ska2-dl7;Name=Ska2-dl7;origin=de_novo
chr22	AUGUSTUS	gene	81477569	81478915	.	-	.	ID=gene-Slc25a24-dl1;Name=Slc25a24-dl1;origin=de_novo
chr23	AUGUSTUS	gene	42397	43080	.	+	.	ID=gene-Idi1-dl2;Name=Idi1-dl2;origin=de_novo
chr23	AUGUSTUS	gene	3743715	3743945	.	+	.	ID=gene-Snrpg-dl6;Name=Snrpg-dl6;origin=de_novo
chr23	AUGUSTUS	gene	5632747	5633695	.	+	.	ID=gene-Rps2-dl1;Name=Rps2-dl1;origin=de_novo
chr23	AUGUSTUS	gene	6834934	6835206	.	+	.	ID=gene-Hmgn2-dl7;Name=Hmgn2-dl7;origin=de_novo
chr23	AUGUSTUS	gene	18298933	18300735	.	-	.	ID=gene-Eif1ax-dl3;Name=Eif1ax-dl3;origin=de_novo
chr23	AUGUSTUS	gene	18730423	18735329	.	+	.	ID=gene-Abraxas2-dl1;Name=Abraxas2-dl1;origin=de_novo
chr23	gmst	gene	18913815	18977969	.	-	.	ID=gene-Pudp-dl1;Name=Pudp-dl1;origin=de_novo
chr23	AUGUSTUS	gene	19498118	19518806	.	+	.	ID=gene-Tmem184c-dl1;Name=Tmem184c-dl1;origin=de_novo
chr23	AUGUSTUS	gene	21148080	21148535	.	+	.	ID=gene-Rps14-dl9;Name=Rps14-dl9;origin=de_novo
chr23	AUGUSTUS	gene	22560313	22560717	.	-	.	ID=gene-Rpl35-dl13;Name=Rpl35-dl13;origin=de_novo
chr23	AUGUSTUS	gene	25255025	25257343	.	+	.	ID=gene-Rps7-dl5;Name=Rps7-dl5;origin=de_novo
chr23	gmst	gene	25636600	25637960	.	+	.	ID=gene-Lsm8-dl1;Name=Lsm8-dl1;origin=de_novo
chr23	AUGUSTUS	gene	30721998	30722348	.	+	.	ID=gene-Ndufa5-dl1;Name=Ndufa5-dl1;origin=de_novo
chr23	AUGUSTUS	gene	36359473	36360107	.	+	.	ID=gene-Cisd1-dl1;Name=Cisd1-dl1;origin=de_novo
chr23	AUGUSTUS	gene	36456300	36457795	.	-	.	ID=gene-Rpsa-dl1;Name=Rpsa-dl1;origin=de_novo
chr23	AUGUSTUS	gene	45642634	45644047	.	-	.	ID=gene-Tsn-dl1;Name=Tsn-dl1;origin=de_novo
chr23	AUGUSTUS	gene	49595404	49595850	.	-	.	ID=gene-Rpl7l1-dl4;Name=Rpl7l1-dl4;origin=de_novo
chr23	GeneMark.hmm3	gene	58900678	58900848	.	+	.	ID=gene-Rps29-dl2;Name=Rps29-dl2;origin=de_novo
chr23	AUGUSTUS	gene	63740642	63742592	.	+	.	ID=gene-Gltp-dl1;Name=Gltp-dl1;origin=de_novo
chr23	AUGUSTUS	gene	68569750	68570196	.	-	.	ID=gene-Rpl27a-dl15;Name=Rpl27a-dl15;origin=de_novo
chr23	AUGUSTUS	gene	82460359	82460829	.	-	.	ID=gene-Rpl23a-dl4;Name=Rpl23a-dl4;origin=de_novo
chr24	AUGUSTUS	gene	1990131	1991866	.	+	.	ID=gene-Hsp90aa1-dl1;Name=Hsp90aa1-dl1;origin=de_novo
chr24	AUGUSTUS	gene	3317869	3319038	.	-	.	ID=gene-Triap1-dl3;Name=Triap1-dl3;origin=de_novo
chr24	GeneMark.hmm3	gene	7608074	7608544	.	+	.	ID=gene-Ube2e1-dl1;Name=Ube2e1-dl1;origin=de_novo
chr24	AUGUSTUS	gene	8111623	8111895	.	-	.	ID=gene-Hmgn2-dl8;Name=Hmgn2-dl8;origin=de_novo
chr24	AUGUSTUS	gene	8322315	8322614	.	-	.	ID=gene-Cox6b1-dl2;Name=Cox6b1-dl2;origin=de_novo
chr24	AUGUSTUS	gene	12660094	12662056	.	+	.	ID=gene-Hprt1-dl4;Name=Hprt1-dl4;origin=de_novo
chr24	AUGUSTUS	gene	12710883	12711284	.	-	.	ID=gene-Ndufb7-dl2;Name=Ndufb7-dl2;origin=de_novo
chr24	GeneMark.hmm3	gene	13386772	13389212	.	-	.	ID=gene-Mrps15-dl1;Name=Mrps15-dl1;origin=de_novo
chr24	AUGUSTUS	gene	17135696	17136151	.	-	.	ID=gene-Rps13-dl4;Name=Rps13-dl4;origin=de_novo
chr24	AUGUSTUS	gene	17828439	17833075	.	-	.	ID=gene-Oat-dl1;Name=Oat-dl1;origin=de_novo
chr24	AUGUSTUS	gene	19456489	19456995	.	-	.	ID=gene-Tsen15-dl1;Name=Tsen15-dl1;origin=de_novo
chr24	AUGUSTUS	gene	21534402	21535355	.	+	.	ID=gene-Rplp0-dl7;Name=Rplp0-dl7;origin=de_novo
chr24	AUGUSTUS	gene	23860444	23860707	.	+	.	ID=gene-Lyrm2-dl2;Name=Lyrm2-dl2;origin=de_novo
chr24	AUGUSTUS	gene	23908731	23916560	.	+	.	ID=gene-Lamtor1-dl1;Name=Lamtor1-dl1;origin=de_novo
chr24	AUGUSTUS	gene	24357397	24359874	.	-	.	ID=gene-Rpl13-dl9;Name=Rpl13-dl9;origin=de_novo
chr24	AUGUSTUS	gene	25090890	25091852	.	-	.	ID=gene-Or51i2-dl1;Name=Or51i2-dl1;origin=de_novo
chr24	AUGUSTUS	gene	26089295	26091281	.	+	.	ID=gene-Hdac1-dl6;Name=Hdac1-dl6;origin=de_novo
chr24	AUGUSTUS	gene	26239121	26239606	.	-	.	ID=gene-Pfdn5-dl1;Name=Pfdn5-dl1;origin=de_novo
chr24	AUGUSTUS	gene	27113744	27114703	.	+	.	ID=gene-Or56b1-dl1;Name=Or56b1-dl1;origin=de_novo
chr24	AUGUSTUS	gene	28282956	28284213	.	-	.	ID=gene-Cfap298;Name=Cfap298;origin=de_novo
chr24	AUGUSTUS	gene	32445109	32445652	.	+	.	ID=gene-Rpl27a-dl16;Name=Rpl27a-dl16;origin=de_novo
chr24	AUGUSTUS	gene	34646017	34646382	.	-	.	ID=gene-Ska2-dl8;Name=Ska2-dl8;origin=de_novo
chr24	AUGUSTUS	gene	42130709	42133812	.	-	.	ID=gene-Saa3-dl1;Name=Saa3-dl1;origin=de_novo
chr24	AUGUSTUS	gene	42234503	42234961	.	+	.	ID=gene-Rps18-dl5;Name=Rps18-dl5;origin=de_novo
chr24	AUGUSTUS	gene	42471034	42509163	.	-	.	ID=gene-Tsg101-dl1;Name=Tsg101-dl1;origin=de_novo
chr24	AUGUSTUS	gene	42624686	42625141	.	-	.	ID=gene-Fundc2-dl1;Name=Fundc2-dl1;origin=de_novo
chr24	AUGUSTUS	gene	42638439	42638880	.	-	.	ID=gene-Pin4-dl1;Name=Pin4-dl1;origin=de_novo
chr24	AUGUSTUS	gene	43650727	43651721	.	+	.	ID=gene-Rap1b-dl3;Name=Rap1b-dl3;origin=de_novo
chr24	AUGUSTUS	gene	43720210	43720926	.	+	.	ID=gene-Pdha1-dl1;Name=Pdha1-dl1;origin=de_novo
chr24	AUGUSTUS	gene	43827465	43828143	.	-	.	ID=gene-Fabp3-dl1;Name=Fabp3-dl1;origin=de_novo
chr24	gmst	gene	43886932	43888619	.	-	.	ID=gene-Eef1a1-dl28;Name=Eef1a1-dl28;origin=de_novo
chr24	AUGUSTUS	gene	44113644	44115032	.	+	.	ID=gene-Eef1a1-dl29;Name=Eef1a1-dl29;origin=de_novo
chr24	AUGUSTUS	gene	44905547	44906062	.	-	.	ID=gene-Rpl23a-dl5;Name=Rpl23a-dl5;origin=de_novo
chr24	AUGUSTUS	gene	48336614	48339109	.	-	.	ID=gene-Plekhf2-dl2;Name=Plekhf2-dl2;origin=de_novo
chr24	AUGUSTUS	gene	49126720	49129292	.	-	.	ID=gene-Pgk1-dl4;Name=Pgk1-dl4;origin=de_novo
chr24	AUGUSTUS	gene	62990688	62991827	.	-	.	ID=gene-Ifitm3-dl2;Name=Ifitm3-dl2;origin=de_novo
chr25	AUGUSTUS	gene	17437665	17438294	.	-	.	ID=gene-Rps13-dl5;Name=Rps13-dl5;origin=de_novo
chr25	gmst	gene	23766116	23768506	.	+	.	ID=gene-Glul-dl1;Name=Glul-dl1;origin=de_novo
chr25	AUGUSTUS	gene	33925111	33925623	.	+	.	ID=gene-Sod1-dl5;Name=Sod1-dl5;origin=de_novo
chr25	AUGUSTUS	gene	35860164	35860691	.	-	.	ID=gene-Rpl18a-dl4;Name=Rpl18a-dl4;origin=de_novo
chr25	AUGUSTUS	gene	39427581	39428504	.	+	.	ID=gene-Pgam1-dl5;Name=Pgam1-dl5;origin=de_novo
chr25	AUGUSTUS	gene	41135930	41136328	.	+	.	ID=gene-Rplp1-dl6;Name=Rplp1-dl6;origin=de_novo
chr25	AUGUSTUS	gene	41361751	41366808	.	-	.	ID=gene-Rps25-dl10;Name=Rps25-dl10;origin=de_novo
chr25	AUGUSTUS	gene	42668646	42669548	.	-	.	ID=gene-Psma2-dl4;Name=Psma2-dl4;origin=de_novo
chr25	AUGUSTUS	gene	42714365	42722514	.	+	.	ID=gene-Tlcd5;Name=Tlcd5;origin=de_novo
chr25	AUGUSTUS	gene	47347477	47348157	.	+	.	ID=gene-Ciao2b;Name=Ciao2b;origin=de_novo
chr25	AUGUSTUS	gene	47387991	47391995	.	+	.	ID=gene-Tsr1-dl1;Name=Tsr1-dl1;origin=de_novo
chr26	AUGUSTUS	gene	54612	54866	.	+	.	ID=gene-Rps27-dl4;Name=Rps27-dl4;origin=de_novo
chr26	AUGUSTUS	gene	4903189	4903452	.	+	.	ID=gene-Bloc1s1-dl2;Name=Bloc1s1-dl2;origin=de_novo
chr26	gmst	gene	11173335	11173997	.	-	.	ID=gene-Tstd3-dl1;Name=Tstd3-dl1;origin=de_novo
chr26	AUGUSTUS	gene	11703734	11704171	.	-	.	ID=gene-Rpl26-dl2;Name=Rpl26-dl2;origin=de_novo
chr26	AUGUSTUS	gene	12229658	12230468	.	-	.	ID=gene-Polr2j-dl1;Name=Polr2j-dl1;origin=de_novo
chr26	AUGUSTUS	gene	34163446	34163688	.	-	.	ID=gene-Lsm3-dl3;Name=Lsm3-dl3;origin=de_novo
chr26	gmst	gene	36164096	36164281	.	+	.	ID=gene-Nedd8-dl6;Name=Nedd8-dl6;origin=de_novo
chr26	AUGUSTUS	gene	36384158	36384529	.	+	.	ID=gene-Rpl35-dl14;Name=Rpl35-dl14;origin=de_novo
chr26	AUGUSTUS	gene	37773854	37774805	.	-	.	ID=gene-Prkrip1-dl2;Name=Prkrip1-dl2;origin=de_novo
chr26	AUGUSTUS	gene	39752290	39753036	.	+	.	ID=gene-Rpl7-dl4;Name=Rpl7-dl4;origin=de_novo
chr26	AUGUSTUS	gene	43466286	43466750	.	+	.	ID=gene-Rps25-dl11;Name=Rps25-dl11;origin=de_novo
chr26	AUGUSTUS	gene	48631862	48632473	.	+	.	ID=gene-Rab13-dl1;Name=Rab13-dl1;origin=de_novo
chr26	GeneMark.hmm3	gene	48731589	48731894	.	-	.	ID=gene-Cript-dl2;Name=Cript-dl2;origin=de_novo
chr26	AUGUSTUS	gene	48915797	48916381	.	-	.	ID=gene-Rps7-dl6;Name=Rps7-dl6;origin=de_novo
chr26	AUGUSTUS	gene	50645983	50646429	.	-	.	ID=gene-Rpl27a-dl17;Name=Rpl27a-dl17;origin=de_novo
chr27	AUGUSTUS	gene	2025522	2026436	.	-	.	ID=gene-Nifk-dl3;Name=Nifk-dl3;origin=de_novo
chr27	AUGUSTUS	gene	2132298	2139192	.	-	.	ID=gene-Acot2;Name=Acot2;origin=de_novo
chr27	AUGUSTUS	gene	2178640	2184668	.	-	.	ID=gene-Acot2-dl1;Name=Acot2-dl1;origin=de_novo
chr27	AUGUSTUS	gene	4806873	4808558	.	-	.	ID=gene-Eef1a1-dl30;Name=Eef1a1-dl30;origin=de_novo
chr27	AUGUSTUS	gene	5198571	5200012	.	-	.	ID=gene-Arpc1a-dl1;Name=Arpc1a-dl1;origin=de_novo
chr27	AUGUSTUS	gene	9838191	9838977	.	+	.	ID=gene-Rps6-dl2;Name=Rps6-dl2;origin=de_novo
chr27	AUGUSTUS	gene	11168838	11169284	.	+	.	ID=gene-Stmn1-dl4;Name=Stmn1-dl4;origin=de_novo
chr27	gmst	gene	14466801	14467310	.	+	.	ID=gene-Yeats4-dl1;Name=Yeats4-dl1;origin=de_novo
chr27	AUGUSTUS	gene	14999136	14999946	.	-	.	ID=gene-Snrpd1-dl4;Name=Snrpd1-dl4;origin=de_novo
chr27	AUGUSTUS	gene	15605508	15605900	.	+	.	ID=gene-Rpl22l1-dl1;Name=Rpl22l1-dl1;origin=de_novo
chr27	AUGUSTUS	gene	15861298	15862717	.	+	.	ID=gene-Fkbp3-dl4;Name=Fkbp3-dl4;origin=de_novo
chr27	gmst	gene	18543020	18544544	.	-	.	ID=gene-Psmd14-dl1;Name=Psmd14-dl1;origin=de_novo
chr27	AUGUSTUS	gene	19306718	19307164	.	+	.	ID=gene-Rpl27a-dl18;Name=Rpl27a-dl18;origin=de_novo
chr27	AUGUSTUS	gene	19495420	19496151	.	-	.	ID=gene-Rps3-dl2;Name=Rps3-dl2;origin=de_novo
chr27	AUGUSTUS	gene	20237581	20239054	.	+	.	ID=gene-Rpl13a-dl2;Name=Rpl13a-dl2;origin=de_novo
chr27	AUGUSTUS	gene	21458012	21459481	.	+	.	ID=gene-Tuba3a-dl6;Name=Tuba3a-dl6;origin=de_novo
chr27	AUGUSTUS	gene	24599469	24603365	.	-	.	ID=gene-Pcbp1-dl2;Name=Pcbp1-dl2;origin=de_novo
chr27	AUGUSTUS	gene	28517950	28519921	.	+	.	ID=gene-Dhfr-dl5;Name=Dhfr-dl5;origin=de_novo
chr27	AUGUSTUS	gene	28975775	28977083	.	+	.	ID=gene-Akr1b1-dl3;Name=Akr1b1-dl3;origin=de_novo
chr27	AUGUSTUS	gene	30626727	30627683	.	+	.	ID=gene-Psmc5-dl1;Name=Psmc5-dl1;origin=de_novo
chr27	AUGUSTUS	gene	37205081	37205404	.	+	.	ID=gene-Uqcr11-dl1;Name=Uqcr11-dl1;origin=de_novo
chr27	AUGUSTUS	gene	39805771	39806013	.	+	.	ID=gene-Cox7b-dl5;Name=Cox7b-dl5;origin=de_novo
chr27	AUGUSTUS	gene	40756696	40757086	.	+	.	ID=gene-Rpl35-dl15;Name=Rpl35-dl15;origin=de_novo
chr27	AUGUSTUS	gene	41403648	41404636	.	-	.	ID=gene-Cox8c;Name=Cox8c;origin=de_novo
chr27	AUGUSTUS	gene	46779227	46779802	.	+	.	ID=gene-Ccnb1-dl5;Name=Ccnb1-dl5;origin=de_novo
chr27	AUGUSTUS	gene	48104380	48105791	.	-	.	ID=gene-Ndufaf4-dl1;Name=Ndufaf4-dl1;origin=de_novo
chr28	AUGUSTUS	gene	109327	621282	.	-	.	ID=gene-Dnah5;Name=Dnah5;origin=de_novo
chr28	AUGUSTUS	gene	130236	132909	.	+	.	ID=gene-Amd1-dl4;Name=Amd1-dl4;origin=de_novo
chr28	gmst	gene	368063	370739	.	+	.	ID=gene-Utp23-dl3;Name=Utp23-dl3;origin=de_novo
chr28	AUGUSTUS	gene	3209310	3210368	.	-	.	ID=gene-Glud1-dl1;Name=Glud1-dl1;origin=de_novo
chr28	AUGUSTUS	gene	8632603	8633196	.	+	.	ID=gene-Sod1-dl6;Name=Sod1-dl6;origin=de_novo
chr28	AUGUSTUS	gene	8670226	8671903	.	+	.	ID=gene-Sms-dl1;Name=Sms-dl1;origin=de_novo
chr28	AUGUSTUS	gene	9178431	9179140	.	+	.	ID=gene-Cdkn2aipnl-dl2;Name=Cdkn2aipnl-dl2;origin=de_novo
chr28	AUGUSTUS	gene	12673388	12673944	.	+	.	ID=gene-Ndufa12-dl2;Name=Ndufa12-dl2;origin=de_novo
chr28	AUGUSTUS	gene	21047731	21052481	.	+	.	ID=gene-Eef1a1-dl31;Name=Eef1a1-dl31;origin=de_novo
chr28	AUGUSTUS	gene	26455950	26457418	.	+	.	ID=gene-Rpl7l1-dl5;Name=Rpl7l1-dl5;origin=de_novo
chr28	gmst	gene	29037600	29037935	.	+	.	ID=gene-Uqcrb-dl8;Name=Uqcrb-dl8;origin=de_novo
chr28	AUGUSTUS	gene	30550956	30551687	.	+	.	ID=gene-Rps3-dl3;Name=Rps3-dl3;origin=de_novo
chr28	gmst	gene	33794030	33794416	.	-	.	ID=gene-Ndufa6-dl1;Name=Ndufa6-dl1;origin=de_novo
chr28	AUGUSTUS	gene	34209186	34209782	.	+	.	ID=gene-Fcf1-dl2;Name=Fcf1-dl2;origin=de_novo
chr28	gmst	gene	43061342	43061719	.	+	.	ID=gene-Rps25-dl12;Name=Rps25-dl12;origin=de_novo
chr28	AUGUSTUS	gene	44612369	44612623	.	-	.	ID=gene-Rps27-dl5;Name=Rps27-dl5;origin=de_novo
seq31	AUGUSTUS	gene	697591	698610	.	-	.	ID=gene-Rad51-dl2;Name=Rad51-dl2;origin=de_novo
