family	gene_name	gene_id	gene_type	chrom	start	end	strand	length	paralog_type	copy_num
Aadac	Aadac	gene-Aadac	parent	chr16	55051470	55072413	+	20944		
Aadac	Aadac-l1	gene-Aadac-l1	paralog_l	chr16	55116436	55134952	-	18517	l	1.0
Aadac	Aadac-l2	gene-Aadac-l2	paralog_l	chr16	55211359	55224941	+	13583	l	2.0
Aadac	Aadac-l3	gene-Aadac-l3	paralog_l	chr16	55288931	55301871	+	12941	l	3.0
Aadacl4	Aadacl4	gene-Aadacl4	parent	chr19	32592787	32616855	-	24069		
Aadacl4	Aadacl4-l1	gene-Aadacl4-l1	paralog_l	chr19	32807869	32819437	-	11569	l	1.0
Aadacl4	Aadacl4-l2	gene-Aadacl4-l2	paralog_l	chr19	32871325	32888795	-	17471	l	2.0
Aadacl4	Aadacl4-l3	gene-Aadacl4-l3	paralog_l	chr19	32990025	33011467	-	21443	l	3.0
Aasdhppt	Aasdhppt	gene-Aasdhppt	parent	chr25	27843913	27873881	+	29969		
Aasdhppt	Aasdhppt-l1	gene-Aasdhppt-l1	paralog_l	chr15	97313318	97315913	-	2596	l	1.0
Abca3	Abca3	gene-Abca3	parent	chr20	36807592	36867975	-	60384		
Abca3	Abca3-l1	gene-Abca3-l1	paralog_l	chr3	8535821	8671068	-	135248	l	1.0
Abcb1	Abcb1	gene-Abcb1	parent	chr5	107262792	107592233	+	329442		
Abcb1	Abcb1-l1	gene-Abcb1-l1	paralog_l	chr22	59701179	59799622	+	98444	l	1.0
Abcg2	Abcg2	gene-Abcg2	parent	chr1	110232197	110391010	-	158814		
Abcg2	Abcg2-l1	gene-Abcg2-l1	paralog_l	chr1	122816438	122902514	-	86077	l	1.0
Abcg2	Abcg2-l2	gene-Abcg2-l2	paralog_l	chr1	123329387	123389052	+	59666	l	2.0
Abraxas2	Abraxas2	gene-Abraxas2	parent	chr28	18447070	18470755	-	23686		
Abraxas2	Abraxas2-dl1	gene-Abraxas2-dl1	paralog_dl	chr23	18730423	18735329	+	4907	dl	1.0
Acad9	Acad9	gene-Acad9	parent	chr17	8856217	8879475	+	23259		
Acad9	Acad9-l1	gene-Acad9-l1	paralog_l	chr9	78002991	78026112	+	23122	l	1.0
Acbd5	Acbd5	gene-Acbd5	parent	chr9	62147290	62176074	-	28785		
Acbd5	Acbd5-l1	gene-Acbd5-l1	paralog_l	chrX	49670284	49673572	+	3289	l	1.0
Accsl	Accsl	gene-Accsl	parent	chr4	64281771	64291293	-	9523		
Accsl	Accsl-l1	gene-Accsl-l1	paralog_l	chr4	64307815	64320720	-	12906	l	1.0
Accsl	Accsl-l2	gene-Accsl-l2	paralog_l	chr4	64332505	64344138	-	11634	l	2.0
Aco1	Aco1	gene-Aco1	parent	chr14	58822870	58857704	-	34835		
Aco1	Aco1-l1	gene-Aco1-l1	paralog_l	chr21	3714328	3717648	+	3321	l	1.0
Acot13	Acot13	gene-Acot13	parent	chr10	33146256	33146875	+	620		
Acot13	Acot13-dl3	gene-Acot13-dl3	paralog_dl	chr4	18452152	18453285	+	1134	dl	3.0
Acot13	Acot13-dl1	gene-Acot13-dl1	paralog_dl	chr13	93252897	93270842	-	17946	dl	1.0
Acot13	Acot13-dl2	gene-Acot13-dl2	paralog_dl	chr18	78050490	78050879	+	390	dl	2.0
Acot2	Acot2	gene-Acot2	parent	chr27	2132298	2139192	-	6895		
Acot2	Acot2-dl1	gene-Acot2-dl1	paralog_dl	chr27	2178640	2184668	-	6029	dl	1.0
Acp1	Acp1	gene-Acp1	parent	chr17	26341802	26357161	+	15360		
Acp1	Acp1-l1	gene-Acp1-l1	paralog_l	chr14	66279254	66281260	-	2007	l	1.0
Acsbg2	Acsbg2	gene-Acsbg2	parent	chr3	119738315	119766496	-	28182		
Acsbg2	Acsbg2-l1	gene-Acsbg2-l1	paralog_l	chr3	119719597	119732711	-	13115	l	1.0
Actb	Actb	gene-Actb	parent	chr6	25798714	25802140	+	3427		
Actb	Actb-l1	gene-Actb-l1	paralog_l	chr6	62932333	62936020	+	3688	l	1.0
Actb	Actb-dl1	gene-Actb-dl1	paralog_dl	chr12	90497666	90500476	-	2811	dl	1.0
Adam1a	Adam1a	gene-Adam1a	parent	chr20	9103081	9106994	+	3914		
Adam1a	Adam1a-l1	gene-Adam1a-l1	paralog_l	chr20	9144172	9145497	+	1326	l	1.0
Adam20	Adam20	gene-Adam20	parent	chr27	5207533	5209808	+	2276		
Adam20	Adam20-l3	gene-Adam20-l3	paralog_l	chr5	36569728	36574034	+	4307	l	3.0
Adam20	Adam20-l1	gene-Adam20-l1	paralog_l	chr27	5279073	5283205	-	4133	l	1.0
Adam20	Adam20-l2	gene-Adam20-l2	paralog_l	chr27	18960550	18964234	-	3685	l	2.0
Adh5	Adh5	gene-Adh5	parent	chr1	122510170	122527123	-	16954		
Adh5	Adh5-l1	gene-Adh5-l1	paralog_l	chr13	80484224	80485667	+	1444	l	1.0
Adh7	Adh7	gene-Adh7	parent	chr1	106243371	106259779	+	16409		
Adh7	Adh7-l1	gene-Adh7-l1	paralog_l	chr1	106560351	106587047	-	26697	l	1.0
Adrm1	Adrm1	gene-Adrm1	parent	chr20	90230279	90235786	+	5508		
Adrm1	Adrm1-dl1	gene-Adrm1-dl1	paralog_dl	chr4	26343268	26344630	-	1363	dl	1.0
Aff1	Aff1	gene-Aff1	parent	chr6	94248723	94257331	+	8609		
Aff1	Aff1-l1	gene-Aff1-l1	paralog_l	chr10	80738899	80795903	+	57005	l	1.0
Ahsa1	Ahsa1	gene-Ahsa1	parent	chr27	24101331	24111393	+	10063		
Ahsa1	Ahsa1-dl1	gene-Ahsa1-dl1	paralog_dl	chr3	118975929	118976945	-	1017	dl	1.0
Aif1l	Aif1l	gene-Aif1l	parent	chr14	109707009	109726628	+	19620		
Aif1l	Aif1l-dl1	gene-Aif1l-dl1	paralog_dl	chr18	3799287	3799739	-	453	dl	1.0
Ak6	Ak6	gene-Ak6	parent	chr10	109980195	109998965	-	18771		
Ak6	Ak6-l1	gene-Ak6-l1	paralog_l	chrX	52774696	52775465	+	770	l	1.0
Akirin1	Akirin1	gene-Akirin1	parent	chr19	30810508	30828275	+	17768		
Akirin1	Akirin1-dl1	gene-Akirin1-dl1	paralog_dl	chr22	55302561	55304847	-	2287	dl	1.0
Akr1a1	Akr1a1	gene-Akr1a1	parent	chr19	48469875	48488766	+	18892		
Akr1a1	Akr1a1-dl1	gene-Akr1a1-dl1	paralog_dl	chrX	161272225	161273202	-	978	dl	1.0
Akr1b1	Akr1b1	gene-Akr1b1	parent	chr17	63454971	63471293	-	16323		
Akr1b1	Akr1b1-dl1	gene-Akr1b1-dl1	paralog_dl	chr17	30571902	30573211	+	1310	dl	1.0
Akr1b1	Akr1b1-dl2	gene-Akr1b1-dl2	paralog_dl	chr20	63946037	63947356	+	1320	dl	2.0
Akr1b1	Akr1b1-dl3	gene-Akr1b1-dl3	paralog_dl	chr27	28975775	28977083	+	1309	dl	3.0
Akr1b8	Akr1b8	gene-Akr1b8	parent	chr22	59846682	59861918	-	15237		
Akr1b8	Akr1b8-dl3	gene-Akr1b8-dl3	paralog_dl	chrX	161332268	161333218	-	951	dl	3.0
Akr1b8	Akr1b8-dl1	gene-Akr1b8-dl1	paralog_dl	chr10	11117247	11118197	-	951	dl	1.0
Akr1b8	Akr1b8-dl2	gene-Akr1b8-dl2	paralog_dl	chr18	37880659	37881609	+	951	dl	2.0
Akr1b8	Akr1b8-rl1	gene-Akr1b8-rl1	paralog_rl	chr22	59913019	59964069	+	51051	rl	1.0
Aldh1a1	Aldh1a1	gene-Aldh1a1	parent	chr9	101161217	101414472	+	253256		
Aldh1a1	Aldh1a1-l1	gene-Aldh1a1-l1	paralog_l	chr9	101468452	101504679	-	36228	l	1.0
Alox12e	Alox12e	gene-Alox12e	parent	chr7	37697761	37702859	+	5099		
Alox12e	Alox12e-l1	gene-Alox12e-l1	paralog_l	chr7	37790175	37897619	+	107445	l	1.0
Alpi	Alpi	gene-Alpi	parent	chr1	59955844	59966287	+	10444		
Alpi	Alpi-l1	gene-Alpi-l1	paralog_l	chr1	59972871	59983292	-	10422	l	1.0
Alyref	Alyref	gene-Alyref	parent	chr18	27467544	27471127	-	3584		
Alyref	Alyref-dl1	gene-Alyref-dl1	paralog_dl	chr16	41106196	41109293	-	3098	dl	1.0
Alyref	Alyref-dl2	gene-Alyref-dl2	paralog_dl	chr19	73449016	73450129	+	1114	dl	2.0
Amd1	Amd1	gene-Amd1	parent	chr15	41527955	41546838	+	18884		
Amd1	Amd1-dl1	gene-Amd1-dl1	paralog_dl	chr16	55093116	55093847	+	732	dl	1.0
Amd1	Amd1-dl2	gene-Amd1-dl2	paralog_dl	chr18	85934253	85935956	+	1704	dl	2.0
Amd1	Amd1-dl3	gene-Amd1-dl3	paralog_dl	chr18	88164275	88167301	+	3027	dl	3.0
Amd1	Amd1-dl4	gene-Amd1-dl4	paralog_dl	chr28	130236	132909	+	2674	dl	4.0
Amy1	Amy1	gene-Amy1	parent	chr21	19926138	19933637	+	7500		
Amy1	Amy1-l1	gene-Amy1-l1	paralog_l	chr21	20016204	20039437	-	23234	l	1.0
Anapc10	Anapc10	gene-Anapc10	parent	chr23	20854336	20935795	-	81460		
Anapc10	Anapc10-l1	gene-Anapc10-l1	paralog_l	chr16	614724	615536	-	813	l	1.0
Anapc16	Anapc16	gene-Anapc16	parent	chr1	22693368	22711924	-	18557		
Anapc16	Anapc16-dl1	gene-Anapc16-dl1	paralog_dl	chr5	111681985	111684113	+	2129	dl	1.0
Angpt4	Angpt4	gene-Angpt4	parent	chr20	55747335	55783572	+	36238		
Angpt4	Angpt4-l1	gene-Angpt4-l1	paralog_l	chr20	55962299	55980673	-	18375	l	1.0
Angpt4	Angpt4-l2	gene-Angpt4-l2	paralog_l	chr20	57967230	57995439	-	28210	l	2.0
Anp32b	Anp32b	gene-Anp32b	parent	chr14	72178790	72205705	+	26916		
Anp32b	Anp32b-l1	gene-Anp32b-l1	paralog_l	chr17	37715899	37717334	-	1436	l	1.0
Antxrl	Antxrl	gene-Antxrl	parent	chr6	4096107	4120100	-	23994		
Antxrl	Antxrl-l1	gene-Antxrl-l1	paralog_l	chr6	4130635	4168179	+	37545	l	1.0
Anxa1	Anxa1	gene-Anxa1	parent	chr12	122497537	122498924	-	1388		
Anxa1	Anxa1-l1	gene-Anxa1-l1	paralog_l	chr9	100927563	100944439	-	16877	l	1.0
Ap1ar	Ap1ar	gene-Ap1ar	parent	chr1	93871417	93909079	-	37663		
Ap1ar	Ap1ar-l1	gene-Ap1ar-l1	paralog_l	chrX	39806928	39808171	+	1244	l	1.0
Ap2b1	Ap2b1	gene-Ap2b1	parent	chr7	20968665	21093761	-	125097		
Ap2b1	Ap2b1-l1	gene-Ap2b1-l1	paralog_l	chrX	55849808	55850950	-	1143	l	1.0
Ap3s1	Ap3s1	gene-Ap3s1	parent	chr11	77844006	77924679	-	80674		
Ap3s1	Ap3s1-l1	gene-Ap3s1-l1	paralog_l	chr21	6915621	6916778	-	1158	l	1.0
Ap3s1	Ap3s1-l2	gene-Ap3s1-l2	paralog_l	chr22	39539607	39540697	-	1091	l	2.0
Apol3	Apol3	gene-Apol3	parent	chr4	34500404	34508474	+	8071		
Apol3	Apol3-l1	gene-Apol3-l1	paralog_l	chr4	34265089	34277150	-	12062	l	1.0
Apol3	Apol3-l2	gene-Apol3-l2	paralog_l	chr4	34280892	34294483	-	13592	l	2.0
Apol3	Apol3-l3	gene-Apol3-l3	paralog_l	chr4	34567849	34588295	+	20447	l	3.0
Apol3	Apol3-l4	gene-Apol3-l4	paralog_l	chr4	34605072	34618824	+	13753	l	4.0
Apol3	Apol3-l5	gene-Apol3-l5	paralog_l	chr4	34630686	34642132	-	11447	l	5.0
Apol3	Apol3-l6	gene-Apol3-l6	paralog_l	chr4	34756366	34758668	-	2303	l	6.0
Apol6	Apol6	gene-Apol6	parent	chr4	33691908	33721679	+	29772		
Apol6	Apol6-l1	gene-Apol6-l1	paralog_l	chr4	33741805	33754155	+	12351	l	1.0
Apool	Apool	gene-Apool	parent	chrX	94410830	94510703	-	99874		
Apool	Apool-l1	gene-Apool-l1	paralog_l	chr6	91305309	91320338	+	15030	l	1.0
Arf4	Arf4	gene-Arf4	parent	chr19	83467171	83479987	+	12817		
Arf4	Arf4-l1	gene-Arf4-l1	paralog_l	chr19	83496187	83503093	+	6907	l	1.0
Arhgdia	Arhgdia	gene-Arhgdia	parent	chr18	27446663	27450130	-	3468		
Arhgdia	Arhgdia-l1	gene-Arhgdia-l1	paralog_l	chr18	54728065	54730653	+	2589	l	1.0
Arl1	Arl1	gene-Arl1	parent	chr2	150582165	150590190	-	8026		
Arl1	Arl1-l1	gene-Arl1-l1	paralog_l	chr9	47077948	47079409	+	1462	l	1.0
Arl2	Arl2	gene-Arl2	parent	chr4	83387210	83392710	-	5501		
Arl2	Arl2-l1	gene-Arl2-l1	paralog_l	chr1	37333284	37334100	+	817	l	1.0
Arl2bp	Arl2bp	gene-Arl2bp	parent	chr1	145044154	145051887	+	7734		
Arl2bp	Arl2bp-l1	gene-Arl2bp-l1	paralog_l	chr16	34814419	34814963	-	545	l	1.0
Armc3	Armc3	gene-Armc3	parent	chr9	66359006	66451815	-	92810		
Armc3	Armc3-l1	gene-Armc3-l1	paralog_l	chr9	76715110	76811260	-	96151	l	1.0
Arpc1a	Arpc1a	gene-Arpc1a	parent	chr6	30650057	30683301	+	33245		
Arpc1a	Arpc1a-dl2	gene-Arpc1a-dl2	paralog_dl	chr3	27189630	27190739	-	1110	dl	2.0
Arpc1a	Arpc1a-dl1	gene-Arpc1a-dl1	paralog_dl	chr27	5198571	5200012	-	1442	dl	1.0
Arpc1b	Arpc1b	gene-Arpc1b	parent	chr6	30689078	30703429	+	14352		
Arpc1b	Arpc1b-dl1	gene-Arpc1b-dl1	paralog_dl	chr2	26723248	26725002	-	1755	dl	1.0
Arpc3	Arpc3	gene-Arpc3	parent	chr20	7936392	7952473	-	16082		
Arpc3	Arpc3-dl1	gene-Arpc3-dl1	paralog_dl	chr5	118185733	118186269	-	537	dl	1.0
Arpc5	Arpc5	gene-Arpc5	parent	chr8	94861987	94872421	+	10435		
Arpc5	Arpc5-dl4	gene-Arpc5-dl4	paralog_dl	chr3	112820584	112822194	-	1611	dl	4.0
Arpc5	Arpc5-dl5	gene-Arpc5-dl5	paralog_dl	chr6	105477178	105477477	+	300	dl	5.0
Arpc5	Arpc5-dl1	gene-Arpc5-dl1	paralog_dl	chr15	44857765	44858220	-	456	dl	1.0
Arpc5	Arpc5-dl2	gene-Arpc5-dl2	paralog_dl	chr15	46997279	46997731	-	453	dl	2.0
Arpc5	Arpc5-dl3	gene-Arpc5-dl3	paralog_dl	chr15	106584261	106584710	-	450	dl	3.0
Arpp19	Arpp19	gene-Arpp19	parent	chr8	2604149	2645084	+	40936		
Arpp19	Arpp19-l1	gene-Arpp19-l1	paralog_l	chr12	94288722	94291316	+	2595	l	1.0
Asns	Asns	gene-Asns	parent	chr5	95314227	95323404	-	9178		
Asns	Asns-l1	gene-Asns-l1	paralog_l	chr5	95358953	95370368	+	11416	l	1.0
Asrgl1	Asrgl1	gene-Asrgl1	parent	chr4	48174297	48184671	+	10375		
Asrgl1	Asrgl1-l1	gene-Asrgl1-l1	paralog_l	chr4	48253550	48267626	-	14077	l	1.0
Ass1	Ass1	gene-Ass1	parent	chr14	109195100	109234320	+	39221		
Ass1	Ass1-dl1	gene-Ass1-dl1	paralog_dl	chr16	18569374	18570841	-	1468	dl	1.0
Ass1	Ass1-dl2	gene-Ass1-dl2	paralog_dl	chr16	82165238	82166476	-	1239	dl	2.0
Ass1	Ass1-dl3	gene-Ass1-dl3	paralog_dl	chr20	43712986	43714482	-	1497	dl	3.0
Atf1	Atf1	gene-Atf1	parent	chr16	49817500	49855682	-	38183		
Atf1	Atf1-l1	gene-Atf1-l1	paralog_l	chr9	64216467	64218673	+	2207	l	1.0
Atg12	Atg12	gene-Atg12	parent	chr11	77924279	77929570	+	5292		
Atg12	Atg12-dl1	gene-Atg12-dl1	paralog_dl	chr2	5051080	5053183	+	2104	dl	1.0
Atg12	Atg12-dl2	gene-Atg12-dl2	paralog_dl	chr2	40693440	40694164	-	725	dl	2.0
Atg4d	Atg4d	gene-Atg4d	parent	chr3	117939798	117947454	+	7657		
Atg4d	Atg4d-l1	gene-Atg4d-l1	paralog_l	chrX	184826321	184828233	-	1913	l	1.0
Atp1b3	Atp1b3	gene-Atp1b3	parent	chr6	79029265	79050459	+	21195		
Atp1b3	Atp1b3-l1	gene-Atp1b3-l1	paralog_l	chr16	96044811	96046601	+	1791	l	1.0
Atp5f1b	Atp5f1b	gene-Atp5f1b	parent	chr16	42238473	42247420	+	8948		
Atp5f1b	Atp5f1b-dl1	gene-Atp5f1b-dl1	paralog_dl	chr14	56526523	56528277	+	1755	dl	1.0
Atp5f1b	Atp5f1b-l1	gene-Atp5f1b-l1	paralog_l	chr15	82650348	82664648	-	14301	l	1.0
Atp5f1c	Atp5f1c	gene-Atp5f1c	parent	chr13	72747640	72768967	+	21328		
Atp5f1c	Atp5f1c-l1	gene-Atp5f1c-l1	paralog_l	chr3	101316074	101335685	+	19612	l	1.0
Atp5f1e	Atp5f1e	gene-Atp5f1e	parent	chr19	27517091	27517450	+	360		
Atp5f1e	Atp5f1e-dl1	gene-Atp5f1e-dl1	paralog_dl	chr20	86246498	86250226	-	3729	dl	1.0
Atp5mc3	Atp5mc3	gene-Atp5mc3	parent	chr9	32541575	32544676	-	3102		
Atp5mc3	Atp5mc3-l1	gene-Atp5mc3-l1	paralog_l	chr24	33190405	33191076	+	672	l	1.0
Atp5me	Atp5me	gene-Atp5me	parent	chr12	61071434	61074862	+	3429		
Atp5me	Atp5me-dl1	gene-Atp5me-dl1	paralog_dl	chr16	1846095	1848787	-	2693	dl	1.0
Atp5me	Atp5me-dl2	gene-Atp5me-dl2	paralog_dl	chr18	18199723	18201528	+	1806	dl	2.0
Atp5mf	Atp5mf	gene-Atp5mf	parent	chr6	30764492	30773230	-	8739		
Atp5mf	Atp5mf-dl4	gene-Atp5mf-dl4	paralog_dl	chr6	119743535	119743798	-	264	dl	4.0
Atp5mf	Atp5mf-dl1	gene-Atp5mf-dl1	paralog_dl	chr17	91005986	91006219	+	234	dl	1.0
Atp5mf	Atp5mf-dl2	gene-Atp5mf-dl2	paralog_dl	chr20	34860770	34862552	-	1783	dl	2.0
Atp5mf	Atp5mf-dl3	gene-Atp5mf-dl3	paralog_dl	chr20	48779637	48781394	-	1758	dl	3.0
Atp5mk	Atp5mk	gene-Atp5mk	parent	chr16	47591449	47591772	-	324		
Atp5mk	Atp5mk-dl2	gene-Atp5mk-dl2	paralog_dl	chr7	29923620	29923796	+	177	dl	2.0
Atp5mk	Atp5mk-dl3	gene-Atp5mk-dl3	paralog_dl	chr8	57153093	57153425	+	333	dl	3.0
Atp5mk	Atp5mk-dl1	gene-Atp5mk-dl1	paralog_dl	chr18	18977804	18977980	+	177	dl	1.0
Atp5mk	Atp5mk-l1	gene-Atp5mk-l1	paralog_l	chr28	42294922	42295502	-	581	l	1.0
Atp5mpl	Atp5mpl	gene-Atp5mpl	parent	chr27	52142587	52147154	-	4568		
Atp5mpl	Atp5mpl-l2	gene-Atp5mpl-l2	paralog_l	chrX	173319517	173319897	+	381	l	2.0
Atp5mpl	Atp5mpl-l1	gene-Atp5mpl-l1	paralog_l	chr18	6218071	6218400	-	330	l	1.0
Atp6v0d1	Atp6v0d1	gene-Atp6v0d1	parent	chr1	156266576	156313943	-	47368		
Atp6v0d1	Atp6v0d1-dl1	gene-Atp6v0d1-dl1	paralog_dl	chr21	17549514	17551035	+	1522	dl	1.0
Atp6v1b2	Atp6v1b2	gene-Atp6v1b2	parent	chr5	22260264	22286936	-	26673		
Atp6v1b2	Atp6v1b2-l1	gene-Atp6v1b2-l1	paralog_l	chr22	68869512	68872231	-	2720	l	1.0
Atp6v1c1	Atp6v1c1	gene-Atp6v1c1	parent	chr11	11409685	11432148	-	22464		
Atp6v1c1	Atp6v1c1-l1	gene-Atp6v1c1-l1	paralog_l	chr22	11261291	11262800	-	1510	l	1.0
Atp6v1g1	Atp6v1g1	gene-Atp6v1g1	parent	chr9	82753891	82754752	-	862		
Atp6v1g1	Atp6v1g1-dl1	gene-Atp6v1g1-dl1	paralog_dl	chr13	110909577	110910726	-	1150	dl	1.0
Atp6v1g1	Atp6v1g1-dl2	gene-Atp6v1g1-dl2	paralog_dl	chr14	89676376	89685526	+	9151	dl	2.0
Atrn	Atrn	gene-Atrn	parent	chr3	148211342	148406779	-	195438		
Atrn	Atrn-l1	gene-Atrn-l1	paralog_l	chr28	28164477	28850713	-	686237	l	1.0
Atxn7l3b	Atxn7l3b	gene-Atxn7l3b	parent	chrX	127288574	127288851	+	278		
Atxn7l3b	Atxn7l3b-dl1	gene-Atxn7l3b-dl1	paralog_dl	chr16	22644866	22647293	-	2428	dl	1.0
Atxn7l3b	Atxn7l3b-dl2	gene-Atxn7l3b-dl2	paralog_dl	chr17	99361828	99365078	+	3251	dl	2.0
Auts2	Auts2	gene-Auts2	parent	chr6	39288300	39610938	+	322639		
Auts2	Auts2-l1	gene-Auts2-l1	paralog_l	chr6	38401406	38988941	+	587536	l	1.0
Bccip	Bccip	gene-Bccip	parent	chr28	17338817	17352164	-	13348		
Bccip	Bccip-dl1	gene-Bccip-dl1	paralog_dl	chr2	20756873	20757495	+	623	dl	1.0
Bcorl1	Bcorl1	gene-Bcorl1	parent	chrX	36618139	36682714	-	64576		
Bcorl1	Bcorl1-l1	gene-Bcorl1-l1	paralog_l	chr16	21176987	21179812	+	2826	l	1.0
Bdp1	Bdp1	gene-Bdp1	parent	chr10	110322236	110464131	+	141896		
Bdp1	Bdp1-l1	gene-Bdp1-l1	paralog_l	chr17	58875333	58876859	+	1527	l	1.0
Birc5	Birc5	gene-Birc5	parent	chr28	32134478	32135434	-	957		
Birc5	Birc5-dl1	gene-Birc5-dl1	paralog_dl	chr3	130606769	130607886	-	1118	dl	1.0
Bloc1s1	Bloc1s1	gene-Bloc1s1	parent	chr16	43249034	43252930	-	3897		
Bloc1s1	Bloc1s1-dl1	gene-Bloc1s1-dl1	paralog_dl	chr19	71599222	71601251	+	2030	dl	1.0
Bloc1s1	Bloc1s1-dl2	gene-Bloc1s1-dl2	paralog_dl	chr26	4903189	4903452	+	264	dl	2.0
Bloc1s2	Bloc1s2	gene-Bloc1s2	parent	chr28	7757925	7766537	-	8613		
Bloc1s2	Bloc1s2-l1	gene-Bloc1s2-l1	paralog_l	chr26	5712806	5725035	-	12230	l	1.0
Bloc1s5	Bloc1s5	gene-Bloc1s5	parent	chr13	110053847	110092543	+	38697		
Bloc1s5	Bloc1s5-dl1	gene-Bloc1s5-dl1	paralog_dl	chr8	53469299	53469943	+	645	dl	1.0
Bloc1s6	Bloc1s6	gene-Bloc1s6	parent	chr8	8767905	8776726	-	8822		
Bloc1s6	Bloc1s6-dl1	gene-Bloc1s6-dl1	paralog_dl	chr2	94811162	94811665	-	504	dl	1.0
Bloc1s6	Bloc1s6-dl2	gene-Bloc1s6-dl2	paralog_dl	chr2	94945298	94945801	+	504	dl	2.0
Bmp8b	Bmp8b	gene-Bmp8b	parent	chr19	31546658	31573182	-	26525		
Bmp8b	Bmp8b-l1	gene-Bmp8b-l1	paralog_l	chr19	31293326	31320968	+	27643	l	1.0
Bmper	Bmper	gene-Bmper	parent	chr6	11894422	12136881	-	242460		
Bmper	Bmper-l1	gene-Bmper-l1	paralog_l	chr6	131636845	131938640	-	301796	l	1.0
Bnip3	Bnip3	gene-Bnip3	parent	chr28	10256943	10275793	+	18851		
Bnip3	Bnip3-dl1	gene-Bnip3-dl1	paralog_dl	chr5	10882973	10884668	+	1696	dl	1.0
Bod1	Bod1	gene-Bod1	parent	chr11	89450819	89459815	+	8997		
Bod1	Bod1-dl1	gene-Bod1-dl1	paralog_dl	chr8	91689017	91690372	-	1356	dl	1.0
Brcc3	Brcc3	gene-Brcc3	parent	chrX	907904	926313	-	18410		
Brcc3	Brcc3-l1	gene-Brcc3-l1	paralog_l	chr4	88034082	88036585	-	2504	l	1.0
Brk1	Brk1	gene-Brk1	parent	chr6	65720236	65728076	+	7841		
Brk1	Brk1-dl1	gene-Brk1-dl1	paralog_dl	chr3	17111015	17111953	+	939	dl	1.0
Brwd1	Brwd1	gene-Brwd1	parent	chr14	47012190	47154704	-	142515		
Brwd1	Brwd1-l1	gene-Brwd1-l1	paralog_l	chr21	2337733	2341763	+	4031	l	1.0
Btf3l4	Btf3l4	gene-Btf3l4	parent	chr19	54825984	54855665	+	29682		
Btf3l4	Btf3l4-l1	gene-Btf3l4-l1	paralog_l	chr24	50336577	50337245	+	669	l	1.0
Btg1	Btg1	gene-Btg1	parent	chr1	41901867	41902870	+	1004		
Btg1	Btg1-dl1	gene-Btg1-dl1	paralog_dl	chr2	141665036	141667411	-	2376	dl	1.0
Btn1a1	Btn1a1	gene-Btn1a1	parent	chr13	90918924	90926899	-	7976		
Btn1a1	Btn1a1-l1	gene-Btn1a1-l1	paralog_l	chr13	90937562	90957236	-	19675	l	1.0
Btnl8	Btnl8	gene-Btnl8	parent	chr9	89972220	89999406	-	27187		
Btnl8	Btnl8-l1	gene-Btnl8-l1	paralog_l	chr9	89886330	89919466	-	33137	l	1.0
C4bpa	C4bpa	gene-C4bpa	parent	chr8	70768901	70805832	-	36932		
C4bpa	C4bpa-l1	gene-C4bpa-l1	paralog_l	chr8	70652809	70658592	-	5784	l	1.0
C4bpa	C4bpa-l2	gene-C4bpa-l2	paralog_l	chr8	70686915	70692324	-	5410	l	2.0
C5	C5	gene-C5	parent	chr14	96807793	96909697	-	101905		
C5	C5-l1	gene-C5-l1	paralog_l	chr14	96939792	96991294	-	51503	l	1.0
C5	C5-l2	gene-C5-l2	paralog_l	chr14	97003673	97055010	-	51338	l	2.0
Calm	Calm	gene-Calm	parent	chr4	103155264	103156315	+	1052		
Calm	Calm-l1	gene-Calm-l1	paralog_l	chr4	89830916	89831952	-	1037	l	1.0
Calm	Calm-l2	gene-Calm-l2	paralog_l	chr5	62841781	62843030	-	1250	l	2.0
Calr	Calr	gene-Calr	parent	chr3	127309797	127314138	-	4342		
Calr	Calr-l1	gene-Calr-l1	paralog_l	chr19	54333620	54374649	-	41030	l	1.0
Camp	Camp	gene-Camp	parent	chr16	2210975	2213686	+	2712		
Camp	Camp-l1	gene-Camp-l1	paralog_l	chr16	1562151	1563457	+	1307	l	1.0
Capza1	Capza1	gene-Capza1	parent	chr21	10895257	10923740	-	28484		
Capza1	Capza1-l2	gene-Capza1-l2	paralog_l	chr7	15131854	15134158	+	2305	l	2.0
Capza1	Capza1-l1	gene-Capza1-l1	paralog_l	chr19	68326478	68328650	-	2173	l	1.0
Casp3	Casp3	gene-Casp3	parent	chr5	45660424	45678980	-	18557		
Casp3	Casp3-l1	gene-Casp3-l1	paralog_l	chr17	6239072	6239982	-	911	l	1.0
Casp6	Casp6	gene-Casp6	parent	chr1	96460008	96469736	+	9729		
Casp6	Casp6-dl1	gene-Casp6-dl1	paralog_dl	chr5	48242312	48243109	-	798	dl	1.0
Cbr1	Cbr1	gene-Cbr1	parent	chr14	43859454	43863160	+	3707		
Cbr1	Cbr1-l1	gene-Cbr1-l1	paralog_l	chr14	44013084	44016225	+	3142	l	1.0
Ccdc115	Ccdc115	gene-Ccdc115	parent	chr26	813553	819089	+	5537		
Ccdc115	Ccdc115-l1	gene-Ccdc115-l1	paralog_l	chr18	28581946	28582535	-	590	l	1.0
Ccdc167	Ccdc167	gene-Ccdc167	parent	chr1	7822602	7846583	+	23982		
Ccdc167	Ccdc167-l1	gene-Ccdc167-l1	paralog_l	chr1	4977768	4983524	+	5757	l	1.0
Ccdc25	Ccdc25	gene-Ccdc25	parent	chr5	15091745	15132087	+	40343		
Ccdc25	Ccdc25-dl1	gene-Ccdc25-dl1	paralog_dl	chr1	32650025	32650651	-	627	dl	1.0
Ccdc28a	Ccdc28a	gene-Ccdc28a	parent	chr18	58003991	58040593	+	36603		
Ccdc28a	Ccdc28a-l1	gene-Ccdc28a-l1	paralog_l	chr13	91037051	91038242	+	1192	l	1.0
Ccdc43	Ccdc43	gene-Ccdc43	parent	chr7	1240605	1253865	+	13261		
Ccdc43	Ccdc43-l1	gene-Ccdc43-l1	paralog_l	chr13	66138480	66140157	+	1678	l	1.0
Ccdc59	Ccdc59	gene-Ccdc59	parent	chr2	131381842	131388264	-	6423		
Ccdc59	Ccdc59-dl1	gene-Ccdc59-dl1	paralog_dl	chr4	25391223	25394106	-	2884	dl	1.0
Ccdc91	Ccdc91	gene-Ccdc91	parent	chr2	121471411	121777758	+	306348		
Ccdc91	Ccdc91-l1	gene-Ccdc91-l1	paralog_l	chr19	46292675	46294077	-	1403	l	1.0
Ccl2	Ccl2	gene-Ccl2	parent	chr7	23158955	23160607	+	1653		
Ccl2	Ccl2-l1	gene-Ccl2-l1	paralog_l	chr7	23130975	23132762	-	1788	l	1.0
Ccl3	Ccl3	gene-Ccl3	parent	chr7	20426533	20428097	+	1565		
Ccl3	Ccl3-l1	gene-Ccl3-l1	paralog_l	chr7	20573877	20575422	-	1546	l	1.0
Ccl3	Ccl3-l2	gene-Ccl3-l2	paralog_l	chr7	20652302	20654124	+	1823	l	2.0
Ccl3l1	Ccl3l1	gene-Ccl3l1	parent	chr7	20488118	20489595	+	1478		
Ccl3l1	Ccl3l1-l1	gene-Ccl3l1-l1	paralog_l	chr7	20637756	20639875	-	2120	l	1.0
Ccl4	Ccl4	gene-Ccl4	parent	chr7	20544869	20547290	+	2422		
Ccl4	Ccl4-l1	gene-Ccl4-l1	paralog_l	chr7	20415757	20417678	-	1922	l	1.0
Ccl4	Ccl4-l2	gene-Ccl4-l2	paralog_l	chr7	20477891	20479526	-	1636	l	2.0
Ccnb1	Ccnb1	gene-Ccnb1	parent	chr10	109775543	109785227	+	9685		
Ccnb1	Ccnb1-dl4	gene-Ccnb1-dl4	paralog_dl	chr2	19038708	19040484	+	1777	dl	4.0
Ccnb1	Ccnb1-dl6	gene-Ccnb1-dl6	paralog_dl	chr4	117501986	117503254	+	1269	dl	6.0
Ccnb1	Ccnb1-dl7	gene-Ccnb1-dl7	paralog_dl	chr8	107673619	107674887	-	1269	dl	7.0
Ccnb1	Ccnb1-dl1	gene-Ccnb1-dl1	paralog_dl	chr13	71351915	71353183	-	1269	dl	1.0
Ccnb1	Ccnb1-dl2	gene-Ccnb1-dl2	paralog_dl	chr14	44023265	44029271	+	6007	dl	2.0
Ccnb1	Ccnb1-dl3	gene-Ccnb1-dl3	paralog_dl	chr17	75080939	75082204	-	1266	dl	3.0
Ccnb1	Ccnb1-dl5	gene-Ccnb1-dl5	paralog_dl	chr27	46779227	46779802	+	576	dl	5.0
Ccnq	Ccnq	gene-Ccnq	parent	chrX	2389967	2406147	+	16181		
Ccnq	Ccnq-dl1	gene-Ccnq-dl1	paralog_dl	chr15	58252567	58253873	-	1307	dl	1.0
Ccr1	Ccr1	gene-Ccr1	parent	chr16	3153032	3156901	+	3870		
Ccr1	Ccr1-l1	gene-Ccr1-l1	paralog_l	chr16	3219128	3224612	+	5485	l	1.0
Cct2	Cct2	gene-Cct2	parent	chr16	27737095	27751565	-	14471		
Cct2	Cct2-l1	gene-Cct2-l1	paralog_l	chr7	100568626	100570511	-	1886	l	1.0
Cct3	Cct3	gene-Cct3	parent	chr22	56156234	56180250	+	24017		
Cct3	Cct3-l1	gene-Cct3-l1	paralog_l	chr2	42443324	42445134	+	1811	l	1.0
Cct3	Cct3-dl1	gene-Cct3-dl1	paralog_dl	chr5	7266507	7268431	+	1925	dl	1.0
Cct3	Cct3-dl2	gene-Cct3-dl2	paralog_dl	chr7	75738244	75740176	+	1933	dl	2.0
Cct4	Cct4	gene-Cct4	parent	chr22	39392292	39414603	+	22312		
Cct4	Cct4-dl2	gene-Cct4-dl2	paralog_dl	chrY	40377977	40379801	+	1825	dl	2.0
Cct4	Cct4-dl1	gene-Cct4-dl1	paralog_dl	chr18	83873284	83875084	+	1801	dl	1.0
Cct5	Cct5	gene-Cct5	parent	chr6	50827989	50840939	-	12951		
Cct5	Cct5-l1	gene-Cct5-l1	paralog_l	chr24	17630464	17632285	-	1822	l	1.0
Cct6a	Cct6a	gene-Cct6a	parent	chr6	41894118	41903806	-	9689		
Cct6a	Cct6a-l1	gene-Cct6a-l1	paralog_l	chr27	6149899	6151565	+	1667	l	1.0
Cct7	Cct7	gene-Cct7	parent	chr22	27804214	27826907	-	22694		
Cct7	Cct7-l1	gene-Cct7-l1	paralog_l	chr1	122150133	122151501	+	1369	l	1.0
Cct7	Cct7-dl3	gene-Cct7-dl3	paralog_dl	chr3	15271858	15273642	-	1785	dl	3.0
Cct7	Cct7-dl4	gene-Cct7-dl4	paralog_dl	chr3	144006211	144007836	-	1626	dl	4.0
Cct7	Cct7-l2	gene-Cct7-l2	paralog_l	chr8	95017378	95040244	-	22867	l	2.0
Cct7	Cct7-dl5	gene-Cct7-dl5	paralog_dl	chr9	88499444	88501220	+	1777	dl	5.0
Cct7	Cct7-dl1	gene-Cct7-dl1	paralog_dl	chr13	49716936	49718161	-	1226	dl	1.0
Cct7	Cct7-dl2	gene-Cct7-dl2	paralog_dl	chr18	65319235	65320341	+	1107	dl	2.0
Cd164	Cd164	gene-Cd164	parent	chr2	45940137	45940742	-	606		
Cd164	Cd164-dl1	gene-Cd164-dl1	paralog_dl	chr15	40181472	40197633	-	16162	dl	1.0
Cd1a	Cd1a	gene-Cd1a	parent	chr2	6283145	6285975	-	2831		
Cd1a	Cd1a-l1	gene-Cd1a-l1	paralog_l	chr2	6465265	6468130	-	2866	l	1.0
Cd209a	Cd209a	gene-Cd209a	parent	chr3	108838470	108841638	+	3169		
Cd209a	Cd209a-l1	gene-Cd209a-l1	paralog_l	chr3	108798055	108802499	-	4445	l	1.0
Cd300ld	Cd300ld	gene-Cd300ld	parent	chr18	17802169	17830383	-	28215		
Cd300ld	Cd300ld-l1	gene-Cd300ld-l1	paralog_l	chr1	10032708	10037443	-	4736	l	1.0
Cd33	Cd33	gene-Cd33	parent	chr2	36002856	36007149	+	4294		
Cd33	Cd33-l1	gene-Cd33-l1	paralog_l	chr2	36053387	36059538	+	6152	l	1.0
Cd5l	Cd5l	gene-Cd5l	parent	chr2	12021318	12034418	+	13101		
Cd5l	Cd5l-dl1	gene-Cd5l-dl1	paralog_dl	chr2	74508629	74520499	+	11871	dl	1.0
Cd70	Cd70	gene-Cd70	parent	chr3	119381207	119385176	-	3970		
Cd70	Cd70-l1	gene-Cd70-l1	paralog_l	chr3	119168031	119176890	+	8860	l	1.0
Cdc26	Cdc26	gene-Cdc26	parent	chr14	88400620	88412414	-	11795		
Cdc26	Cdc26-dl1	gene-Cdc26-dl1	paralog_dl	chr1	157743375	157744066	+	692	dl	1.0
Cdhr3	Cdhr3	gene-Cdhr3	parent	chr17	90731375	90791224	-	59850		
Cdhr3	Cdhr3-l1	gene-Cdhr3-l1	paralog_l	chr19	95382167	95460608	-	78442	l	1.0
Cdk1	Cdk1	gene-Cdk1	parent	chr1	49615041	49629529	-	14489		
Cdk1	Cdk1-dl1	gene-Cdk1-dl1	paralog_dl	chr1	1833429	1834509	-	1081	dl	1.0
Cdk1	Cdk1-dl2	gene-Cdk1-dl2	paralog_dl	chr19	18031302	18032195	-	894	dl	2.0
Cdk2ap1	Cdk2ap1	gene-Cdk2ap1	parent	chr20	6016947	6027879	+	10933		
Cdk2ap1	Cdk2ap1-dl1	gene-Cdk2ap1-dl1	paralog_dl	chr1	61500039	61500302	-	264	dl	1.0
Cdkn2aipnl	Cdkn2aipnl	gene-Cdkn2aipnl	parent	chr11	113287594	113295190	+	7597		
Cdkn2aipnl	Cdkn2aipnl-dl1	gene-Cdkn2aipnl-dl1	paralog_dl	chr10	11669800	11670102	-	303	dl	1.0
Cdkn2aipnl	Cdkn2aipnl-l1	gene-Cdkn2aipnl-l1	paralog_l	chr19	20501542	20502241	+	700	l	1.0
Cdkn2aipnl	Cdkn2aipnl-dl2	gene-Cdkn2aipnl-dl2	paralog_dl	chr28	9178431	9179140	+	710	dl	2.0
Cdkn2b	Cdkn2b	gene-Cdkn2b	parent	chr14	70494588	70499112	+	4525		
Cdkn2b	Cdkn2b-l1	gene-Cdkn2b-l1	paralog_l	chr14	70528469	70536060	+	7592	l	1.0
Ceacam1	Ceacam1	gene-Ceacam1	parent	chr2	26927810	26948249	+	20440		
Ceacam1	Ceacam1-l1	gene-Ceacam1-l1	paralog_l	chr2	26846727	26858888	+	12162	l	1.0
Cebpz	Cebpz	gene-Cebpz	parent	chr12	78958646	78979471	+	20826		
Cebpz	Cebpz-dl2	gene-Cebpz-dl2	paralog_dl	chrX	106104070	106108836	+	4767	dl	2.0
Cebpz	Cebpz-dl1	gene-Cebpz-dl1	paralog_dl	chr8	65753499	65756860	-	3362	dl	1.0
Cebpzos	Cebpzos	gene-Cebpzos	parent	chr12	78974349	79045239	-	70891		
Cebpzos	Cebpzos-l1	gene-Cebpzos-l1	paralog_l	chr19	27123506	27123761	+	256	l	1.0
Cel	Cel	gene-Cel	parent	chr14	111183755	111201628	+	17874		
Cel	Cel-l1	gene-Cel-l1	paralog_l	chr14	111210989	111213978	+	2990	l	1.0
Celf3	Celf3	gene-Celf3	parent	chr22	53009964	53024196	-	14233		
Celf3	Celf3-l1	gene-Celf3-l1	paralog_l	chr17	15023763	15027426	-	3664	l	1.0
Cenpi	Cenpi	gene-Cenpi	parent	chrX	76740427	76809385	-	68959		
Cenpi	Cenpi-l1	gene-Cenpi-l1	paralog_l	chr8	93684148	93692536	-	8389	l	1.0
Ces1	Ces1	gene-Ces1	parent	chr1	143271656	143322675	-	51020		
Ces1	Ces1-rl1	gene-Ces1-rl1	paralog_rl	chr1	142883274	143163995	-	280722	rl	1.0
Ces1	Ces1-l1	gene-Ces1-l1	paralog_l	chr1	143382129	143407441	-	25313	l	1.0
Ces1d	Ces1d	gene-Ces1d	parent	chr1	142800660	142828901	-	28242		
Ces1d	Ces1d-l1	gene-Ces1d-l1	paralog_l	chr1	143498930	143525816	-	26887	l	1.0
Cfl1	Cfl1	gene-Cfl1	parent	chr4	82615955	82619393	+	3439		
Cfl1	Cfl1-dl2	gene-Cfl1-dl2	paralog_dl	chr9	107820446	107821452	-	1007	dl	2.0
Cfl1	Cfl1-dl1	gene-Cfl1-dl1	paralog_dl	chr20	58599035	58599937	+	903	dl	1.0
Chchd1	Chchd1	gene-Chchd1	parent	chr1	21252871	21254695	-	1825		
Chchd1	Chchd1-dl1	gene-Chchd1-dl1	paralog_dl	chr3	62472844	62474613	-	1770	dl	1.0
Chchd1	Chchd1-l1	gene-Chchd1-l1	paralog_l	chr11	71964449	71964852	-	404	l	1.0
Chchd2	Chchd2	gene-Chchd2	parent	chr6	41860475	41865136	+	4662		
Chchd2	Chchd2-dl1	gene-Chchd2-dl1	paralog_dl	chrY	58976481	58977218	+	738	dl	1.0
Chchd2	Chchd2-l1	gene-Chchd2-l1	paralog_l	chr28	25395104	25395823	-	720	l	1.0
Chchd4	Chchd4	gene-Chchd4	parent	chr9	82193727	82203482	-	9756		
Chchd4	Chchd4-dl3	gene-Chchd4-dl3	paralog_dl	chr4	100233830	100234252	+	423	dl	3.0
Chchd4	Chchd4-dl4	gene-Chchd4-dl4	paralog_dl	chr6	89752061	89753353	+	1293	dl	4.0
Chchd4	Chchd4-dl1	gene-Chchd4-dl1	paralog_dl	chr14	23213391	23214634	+	1244	dl	1.0
Chchd4	Chchd4-dl2	gene-Chchd4-dl2	paralog_dl	chr17	85941058	85942410	-	1353	dl	2.0
Chchd6	Chchd6	gene-Chchd6	parent	chr9	81792615	82055285	-	262671		
Chchd6	Chchd6-dl1	gene-Chchd6-dl1	paralog_dl	chr4	41506640	41507356	+	717	dl	1.0
Chmp4b	Chmp4b	gene-Chmp4b	parent	chr20	61154603	61204606	+	50004		
Chmp4b	Chmp4b-dl1	gene-Chmp4b-dl1	paralog_dl	chrX	174772362	174773416	-	1055	dl	1.0
Chmp5	Chmp5	gene-Chmp5	parent	chr14	57857367	57873807	-	16441		
Chmp5	Chmp5-l1	gene-Chmp5-l1	paralog_l	chr1	56227057	56228378	+	1322	l	1.0
Chmp5	Chmp5-dl1	gene-Chmp5-dl1	paralog_dl	chr5	111538557	111541157	-	2601	dl	1.0
Chmp5	Chmp5-dl2	gene-Chmp5-dl2	paralog_dl	chr6	92041457	92042116	-	660	dl	2.0
Chordc1	Chordc1	gene-Chordc1	parent	chr24	21543644	21563408	+	19765		
Chordc1	Chordc1-l1	gene-Chordc1-l1	paralog_l	chr9	89591286	89593076	-	1791	l	1.0
Chordc1	Chordc1-dl1	gene-Chordc1-dl1	paralog_dl	chr17	99125105	99125761	-	657	dl	1.0
Chrac1	Chrac1	gene-Chrac1	parent	chr26	33273653	33279275	+	5623		
Chrac1	Chrac1-dl1	gene-Chrac1-dl1	paralog_dl	chr14	33680320	33680709	+	390	dl	1.0
Chtop	Chtop	gene-Chtop	parent	chr22	58677223	58686450	-	9228		
Chtop	Chtop-l1	gene-Chtop-l1	paralog_l	chr3	100685694	100687212	+	1519	l	1.0
Churc1	Churc1	gene-Churc1	parent	chr27	16147679	16172411	+	24733		
Churc1	Churc1-dl1	gene-Churc1-dl1	paralog_dl	chr19	32313810	32314148	+	339	dl	1.0
Cir1	Cir1	gene-Cir1	parent	chr9	31732404	31772909	-	40506		
Cir1	Cir1-dl1	gene-Cir1-dl1	paralog_dl	chr18	45570944	45572745	+	1802	dl	1.0
Cirbp	Cirbp	gene-Cirbp	parent	chr3	123230198	123237063	-	6866		
Cirbp	Cirbp-l1	gene-Cirbp-l1	paralog_l	chr18	17760200	17761352	-	1153	l	1.0
Cisd1	Cisd1	gene-Cisd1	parent	chr1	25867944	25888287	-	20344		
Cisd1	Cisd1-dl1	gene-Cisd1-dl1	paralog_dl	chr23	36359473	36360107	+	635	dl	1.0
Cisd2	Cisd2	gene-Cisd2	parent	chr1	103158171	103178531	-	20361		
Cisd2	Cisd2-dl1	gene-Cisd2-dl1	paralog_dl	chr22	13690179	13692204	-	2026	dl	1.0
Ckb	Ckb	gene-Ckb	parent	chr27	51829937	51832603	-	2667		
Ckb	Ckb-l1	gene-Ckb-l1	paralog_l	chr2	149901311	149902745	+	1435	l	1.0
Cks1b	Cks1b	gene-Cks1b	parent	chr22	57286936	57291621	-	4686		
Cks1b	Cks1b-dl1	gene-Cks1b-dl1	paralog_dl	chr10	11282493	11282732	+	240	dl	1.0
Clca4	Clca4	gene-Clca4	parent	chr21	48743875	48771146	+	27272		
Clca4	Clca4-l1	gene-Clca4-l1	paralog_l	chr21	48799173	48829472	+	30300	l	1.0
Clec4a	Clec4a	gene-Clec4a	parent	chr4	14768346	14802879	+	34534		
Clec4a	Clec4a-l1	gene-Clec4a-l1	paralog_l	chr4	12934426	12950370	-	15945	l	1.0
Clec4a	Clec4a-rl1	gene-Clec4a-rl1	paralog_rl	chr4	12965699	12973232	-	7534	rl	1.0
Clec4g	Clec4g	gene-Clec4g	parent	chr3	108677166	108680312	-	3147		
Clec4g	Clec4g-dl1	gene-Clec4g-dl1	paralog_dl	chr3	124174502	124183538	-	9037	dl	1.0
Clic1	Clic1	gene-Clic1	parent	chr1	1907910	1915860	-	7951		
Clic1	Clic1-l1	gene-Clic1-l1	paralog_l	chr1	46739975	46746045	-	6071	l	1.0
Clint1	Clint1	gene-Clint1	parent	chr11	105833222	105893370	+	60149		
Clint1	Clint1-l1	gene-Clint1-l1	paralog_l	chr20	83505869	83507964	-	2096	l	1.0
Clns1a	Clns1a	gene-Clns1a	parent	chr24	12616257	12627933	+	11677		
Clns1a	Clns1a-dl1	gene-Clns1a-dl1	paralog_dl	chr5	124439944	124441435	+	1492	dl	1.0
Clns1a	Clns1a-dl2	gene-Clns1a-dl2	paralog_dl	chr9	27178171	27178512	+	342	dl	2.0
Cmc1	Cmc1	gene-Cmc1	parent	chr19	68887691	68963125	-	75435		
Cmc1	Cmc1-l1	gene-Cmc1-l1	paralog_l	chr10	9113680	9113873	+	194	l	1.0
Cmc4	Cmc4	gene-Cmc4	parent	chrX	926710	936307	+	9598		
Cmc4	Cmc4-l1	gene-Cmc4-l1	paralog_l	chr2	59707953	59708194	-	242	l	1.0
Cmpk1	Cmpk1	gene-Cmpk1	parent	chr19	50246578	50283249	+	36672		
Cmpk1	Cmpk1-dl2	gene-Cmpk1-dl2	paralog_dl	chr8	100945579	100946262	-	684	dl	2.0
Cmpk1	Cmpk1-dl1	gene-Cmpk1-dl1	paralog_dl	chr12	74388920	74389285	-	366	dl	1.0
Cmtm8	Cmtm8	gene-Cmtm8	parent	chr19	64371635	64494559	-	122925		
Cmtm8	Cmtm8-dl1	gene-Cmtm8-dl1	paralog_dl	chr15	16876721	16877242	-	522	dl	1.0
Cnn3	Cnn3	gene-Cnn3	parent	chr21	59309161	59314336	-	5176		
Cnn3	Cnn3-dl2	gene-Cnn3-dl2	paralog_dl	chr8	14946017	14947867	-	1851	dl	2.0
Cnn3	Cnn3-dl1	gene-Cnn3-dl1	paralog_dl	chr14	111789712	111790728	-	1017	dl	1.0
Coa3	Coa3	gene-Coa3	parent	chr14	35993230	35993938	+	709		
Coa3	Coa3-l1	gene-Coa3-l1	paralog_l	chr7	2248693	2250361	+	1669	l	1.0
Coa6	Coa6	gene-Coa6	parent	chr13	86440396	86444779	-	4384		
Coa6	Coa6-dl1	gene-Coa6-dl1	paralog_dl	chr4	77702212	77702777	-	566	dl	1.0
Cobll1	Cobll1	gene-Cobll1	parent	chr9	21949199	22172530	-	223332		
Cobll1	Cobll1-l1	gene-Cobll1-l1	paralog_l	chr14	59458032	59461479	-	3448	l	1.0
Coil	Coil	gene-Coil	parent	chr7	13976543	13994085	-	17543		
Coil	Coil-dl1	gene-Coil-dl1	paralog_dl	chr2	91891150	91893691	-	2542	dl	1.0
Copb2	Copb2	gene-Copb2	parent	chr6	76246696	76274504	-	27809		
Copb2	Copb2-dl1	gene-Copb2-dl1	paralog_dl	chr1	76245120	76248189	+	3070	dl	1.0
Cops2	Cops2	gene-Cops2	parent	chr8	5458257	5487094	+	28838		
Cops2	Cops2-l1	gene-Cops2-l1	paralog_l	chr5	44530456	44532401	+	1946	l	1.0
Cox15	Cox15	gene-Cox15	parent	chr28	7171846	7196884	-	25039		
Cox15	Cox15-dl1	gene-Cox15-dl1	paralog_dl	chr4	106616263	106619077	-	2815	dl	1.0
Cox19	Cox19	gene-Cox19	parent	chr6	24004906	24012444	-	7539		
Cox19	Cox19-l1	gene-Cox19-l1	paralog_l	chrX	176882183	176882491	-	309	l	1.0
Cox6a1	Cox6a1	gene-Cox6a1	parent	chr1	156173022	156173553	+	532		
Cox6a1	Cox6a1-l1	gene-Cox6a1-l1	paralog_l	chr20	17763835	17765992	+	2158	l	1.0
Cox6a1	Cox6a1-dl1	gene-Cox6a1-dl1	paralog_dl	chr22	37200649	37200984	+	336	dl	1.0
Cox6b1	Cox6b1	gene-Cox6b1	parent	chr2	19877790	19882907	+	5118		
Cox6b1	Cox6b1-l1	gene-Cox6b1-l1	paralog_l	chr3	7088542	7089023	-	482	l	1.0
Cox6b1	Cox6b1-dl1	gene-Cox6b1-dl1	paralog_dl	chr18	26166569	26166805	+	237	dl	1.0
Cox6b1	Cox6b1-dl2	gene-Cox6b1-dl2	paralog_dl	chr24	8322315	8322614	-	300	dl	2.0
Cox6c	Cox6c	gene-Cox6c	parent	chr11	25269679	25280940	+	11262		
Cox6c	Cox6c-dl4	gene-Cox6c-dl4	paralog_dl	chrX	179249156	179249383	-	228	dl	4.0
Cox6c	Cox6c-dl2	gene-Cox6c-dl2	paralog_dl	chr4	112615804	112616226	-	423	dl	2.0
Cox6c	Cox6c-dl3	gene-Cox6c-dl3	paralog_dl	chr5	99002569	99002796	-	228	dl	3.0
Cox6c	Cox6c-l1	gene-Cox6c-l1	paralog_l	chr16	40286862	40287140	-	279	l	1.0
Cox6c	Cox6c-dl1	gene-Cox6c-dl1	paralog_dl	chr19	54500990	54501217	+	228	dl	1.0
Cox7a2	Cox7a2	gene-Cox7a2	parent	chr3	101589623	101597999	+	8377		
Cox7a2	Cox7a2-dl1	gene-Cox7a2-dl1	paralog_dl	chr15	15563785	15564183	+	399	dl	1.0
Cox7a2	Cox7a2-dl2	gene-Cox7a2-dl2	paralog_dl	chr17	72179655	72179906	+	252	dl	2.0
Cox7a2	Cox7a2-dl3	gene-Cox7a2-dl3	paralog_dl	chr19	27811133	27811500	-	368	dl	3.0
Cox7a2	Cox7a2-dl4	gene-Cox7a2-dl4	paralog_dl	chr22	52412905	52413156	-	252	dl	4.0
Cox7b	Cox7b	gene-Cox7b	parent	chr21	47213034	47213379	-	346		
Cox7b	Cox7b-l2	gene-Cox7b-l2	paralog_l	chrX	100604592	100614977	-	10386	l	2.0
Cox7b	Cox7b-l1	gene-Cox7b-l1	paralog_l	chr4	41072501	41072847	+	347	l	1.0
Cox7b	Cox7b-dl1	gene-Cox7b-dl1	paralog_dl	chr10	101059300	101059687	+	388	dl	1.0
Cox7b	Cox7b-dl2	gene-Cox7b-dl2	paralog_dl	chr12	17678498	17678746	+	249	dl	2.0
Cox7b	Cox7b-dl3	gene-Cox7b-dl3	paralog_dl	chr13	19723504	19724006	+	503	dl	3.0
Cox7b	Cox7b-dl4	gene-Cox7b-dl4	paralog_dl	chr21	11124399	11124641	-	243	dl	4.0
Cox7b	Cox7b-dl5	gene-Cox7b-dl5	paralog_dl	chr27	39805771	39806013	+	243	dl	5.0
Cox7c	Cox7c	gene-Cox7c	parent	chr3	70488484	70489836	-	1353		
Cox7c	Cox7c-dl2	gene-Cox7c-dl2	paralog_dl	chrX	84358411	84358782	+	372	dl	2.0
Cox7c	Cox7c-dl1	gene-Cox7c-dl1	paralog_dl	chr22	52729166	52730743	+	1578	dl	1.0
Cox8a	Cox8a	gene-Cox8a	parent	chr4	84365982	84369645	-	3664		
Cox8a	Cox8a-dl1	gene-Cox8a-dl1	paralog_dl	chr19	23721904	23722341	-	438	dl	1.0
Cpm	Cpm	gene-Cpm	parent	chr16	28660373	28686954	+	26582		
Cpm	Cpm-l1	gene-Cpm-l1	paralog_l	chr21	65616173	65621959	+	5787	l	1.0
Cpt2	Cpt2	gene-Cpt2	parent	chr19	56031452	56049817	+	18366		
Cpt2	Cpt2-dl1	gene-Cpt2-dl1	paralog_dl	chrX	42303831	42306812	-	2982	dl	1.0
Crcp	Crcp	gene-Crcp	parent	chr6	41641249	41689997	-	48749		
Crcp	Crcp-dl1	gene-Crcp-dl1	paralog_dl	chrX	161661447	161663207	+	1761	dl	1.0
Crip1	Crip1	gene-Crip1	parent	chr27	53213985	53215994	+	2010		
Crip1	Crip1-dl1	gene-Crip1-dl1	paralog_dl	chr12	90011796	90012134	-	339	dl	1.0
Crip1	Crip1-dl2	gene-Crip1-dl2	paralog_dl	chr16	68381088	68382259	+	1172	dl	2.0
Cript	Cript	gene-Cript	parent	chr2	66475593	66477342	+	1750		
Cript	Cript-dl1	gene-Cript-dl1	paralog_dl	chr12	69329655	69335259	-	5605	dl	1.0
Cript	Cript-dl2	gene-Cript-dl2	paralog_dl	chr26	48731589	48731894	-	306	dl	2.0
Crisp3	Crisp3	gene-Crisp3	parent	chr15	8564342	8584425	+	20084		
Crisp3	Crisp3-l1	gene-Crisp3-l1	paralog_l	chr15	8620909	8634411	+	13503	l	1.0
Cryz	Cryz	gene-Cryz	parent	chr21	36323362	36375345	-	51984		
Cryz	Cryz-l1	gene-Cryz-l1	paralog_l	chr20	50809741	50811561	+	1821	l	1.0
Cs	Cs	gene-Cs	parent	chr16	42555483	42594753	+	39271		
Cs	Cs-l1	gene-Cs-l1	paralog_l	chr13	44444578	44446077	-	1500	l	1.0
Cse1l	Cse1l	gene-Cse1l	parent	chr20	76811733	76858936	+	47204		
Cse1l	Cse1l-dl1	gene-Cse1l-dl1	paralog_dl	chr4	59605779	59608265	+	2487	dl	1.0
Csf2rb	Csf2rb	gene-Csf2rb	parent	chr4	35375867	35399397	+	23531		
Csf2rb	Csf2rb-l1	gene-Csf2rb-l1	paralog_l	chr4	35405616	35419642	-	14027	l	1.0
Cspg4	Cspg4	gene-Cspg4	parent	chr17	17461057	17491621	-	30565		
Cspg4	Cspg4-l1	gene-Cspg4-l1	paralog_l	chr10	94616061	94678623	-	62563	l	1.0
Cst3	Cst3	gene-Cst3	parent	chr3	129089508	129092145	+	2638		
Cst3	Cst3-l1	gene-Cst3-l1	paralog_l	chr3	128696107	128698739	-	2633	l	1.0
Cst3	Cst3-dl1	gene-Cst3-dl1	paralog_dl	chr3	128760078	128762324	-	2247	dl	1.0
Cst3	Cst3-l2	gene-Cst3-l2	paralog_l	chr3	129132652	129136389	+	3738	l	2.0
Cst3	Cst3-l3	gene-Cst3-l3	paralog_l	chr3	129147556	129150240	+	2685	l	3.0
Cst3	Cst3-l4	gene-Cst3-l4	paralog_l	chr3	129187659	129191233	+	3575	l	4.0
Cst3	Cst3-l5	gene-Cst3-l5	paralog_l	chr3	129231764	129235711	+	3948	l	5.0
Cstf3	Cstf3	gene-Cstf3	parent	chr4	75643240	75735191	+	91952		
Cstf3	Cstf3-dl1	gene-Cstf3-dl1	paralog_dl	chr2	47861685	47863838	-	2154	dl	1.0
Ctnnbl1	Ctnnbl1	gene-Ctnnbl1	parent	chr20	65071825	65260470	+	188646		
Ctnnbl1	Ctnnbl1-l1	gene-Ctnnbl1-l1	paralog_l	chr13	96051619	96053567	+	1949	l	1.0
Ctrb1	Ctrb1	gene-Ctrb1	parent	chr1	164053083	164057726	+	4644		
Ctrb1	Ctrb1-l1	gene-Ctrb1-l1	paralog_l	chr1	163964344	163969177	-	4834	l	1.0
Ctrb1	Ctrb1-dl1	gene-Ctrb1-dl1	paralog_dl	chr1	164078049	164081374	+	3326	dl	1.0
Ctrb1	Ctrb1-l2	gene-Ctrb1-l2	paralog_l	chr1	164146544	164151740	-	5197	l	2.0
Ctsg	Ctsg	gene-Ctsg	parent	chr8	43758958	43761933	+	2976		
Ctsg	Ctsg-l1	gene-Ctsg-l1	paralog_l	chr8	43790451	43793442	+	2992	l	1.0
Ctu1	Ctu1	gene-Ctu1	parent	chr2	35738295	35746427	-	8133		
Ctu1	Ctu1-l1	gene-Ctu1-l1	paralog_l	chr2	36322366	36329604	+	7239	l	1.0
Cuta	Cuta	gene-Cuta	parent	chr1	3665221	3667527	-	2307		
Cuta	Cuta-l1	gene-Cuta-l1	paralog_l	chr14	96694758	96719583	+	24826	l	1.0
Cwc27	Cwc27	gene-Cwc27	parent	chr10	104928875	105204963	+	276089		
Cwc27	Cwc27-l1	gene-Cwc27-l1	paralog_l	chr11	45784646	45786695	-	2050	l	1.0
Cxcr4	Cxcr4	gene-Cxcr4	parent	chr13	21794748	21798439	-	3692		
Cxcr4	Cxcr4-l1	gene-Cxcr4-l1	paralog_l	chr7	133434866	133436511	-	1646	l	1.0
Cyb5b	Cyb5b	gene-Cyb5b	parent	chr1	158480360	158519106	+	38747		
Cyb5b	Cyb5b-dl1	gene-Cyb5b-dl1	paralog_dl	chr10	38592076	38593614	-	1539	dl	1.0
Cycs	Cycs	gene-Cycs	parent	chr2	44009962	44010279	-	318		
Cycs	Cycs-dl1	gene-Cycs-dl1	paralog_dl	chr17	70979693	70982130	+	2438	dl	1.0
Cyp11b1	Cyp11b1	gene-Cyp11b1	parent	chr26	35575830	35579794	+	3965		
Cyp11b1	Cyp11b1-l1	gene-Cyp11b1-l1	paralog_l	chr26	35608040	35616948	+	8909	l	1.0
Cyp11b1	Cyp11b1-l2	gene-Cyp11b1-l2	paralog_l	chr26	35784483	35785692	-	1210	l	2.0
Cyp2b4	Cyp2b4	gene-Cyp2b4	parent	chr2	25482273	25517504	-	35232		
Cyp2b4	Cyp2b4-l1	gene-Cyp2b4-l1	paralog_l	chr2	26128846	26161902	-	33057	l	1.0
Cyp2d16	Cyp2d16	gene-Cyp2d16	parent	chr4	40915630	40919852	+	4223		
Cyp2d16	Cyp2d16-l1	gene-Cyp2d16-l1	paralog_l	chr4	40931766	40935893	-	4128	l	1.0
Cyp2d4	Cyp2d4	gene-Cyp2d4	parent	chr4	39870033	39885158	-	15126		
Cyp2d4	Cyp2d4-l1	gene-Cyp2d4-l1	paralog_l	chr4	40990792	40996824	-	6033	l	1.0
Cyp2j2	Cyp2j2	gene-Cyp2j2	parent	chr1	92682935	92769185	+	86251		
Cyp2j2	Cyp2j2-l1	gene-Cyp2j2-l1	paralog_l	chr1	92571884	92625594	-	53711	l	1.0
Cyp3a4	Cyp3a4	gene-Cyp3a4	parent	chr6	31975802	32009994	+	34193		
Cyp3a4	Cyp3a4-l1	gene-Cyp3a4-l1	paralog_l	chr6	31843178	31922097	-	78920	l	1.0
Dcaf12l2	Dcaf12l2	gene-Dcaf12l2	parent	chrX	42401299	42403246	+	1948		
Dcaf12l2	Dcaf12l2-l1	gene-Dcaf12l2-l1	paralog_l	chrX	2819933	2821387	-	1455	l	1.0
Dcp2	Dcp2	gene-Dcp2	parent	chr2	52196279	52201022	-	4744		
Dcp2	Dcp2-dl1	gene-Dcp2-dl1	paralog_dl	chr11	81432978	81490983	-	58006	dl	1.0
Dctn5	Dctn5	gene-Dctn5	parent	chr3	6911764	6931976	-	20213		
Dctn5	Dctn5-dl1	gene-Dctn5-dl1	paralog_dl	chr6	77702794	77704873	-	2080	dl	1.0
Dda1	Dda1	gene-Dda1	parent	chr3	103591703	103598702	-	7000		
Dda1	Dda1-l1	gene-Dda1-l1	paralog_l	chr11	46750987	46751784	-	798	l	1.0
Ddt	Ddt	gene-Ddt	parent	chr20	18591873	18595006	+	3134		
Ddt	Ddt-dl1	gene-Ddt-dl1	paralog_dl	chr6	28439603	28439959	-	357	dl	1.0
Ddx4	Ddx4	gene-Ddx4	parent	chr10	95529058	95588915	+	59858		
Ddx4	Ddx4-l1	gene-Ddx4-l1	paralog_l	chr17	21231759	21233991	-	2233	l	1.0
Defb1	Defb1	gene-Defb1	parent	chr5	10026085	10036789	-	10705		
Defb1	Defb1-l1	gene-Defb1-l1	paralog_l	chr5	10390539	10391458	-	920	l	1.0
Dek	Dek	gene-Dek	parent	chr13	100064658	100095021	+	30364		
Dek	Dek-dl1	gene-Dek-dl1	paralog_dl	chr2	44696127	44698645	+	2519	dl	1.0
Depdc1	Depdc1	gene-Depdc1	parent	chr21	30235908	30255904	-	19997		
Depdc1	Depdc1-l1	gene-Depdc1-l1	paralog_l	chr3	82517278	82542761	+	25484	l	1.0
Dhfr	Dhfr	gene-Dhfr	parent	chr3	75916093	75924759	+	8667		
Dhfr	Dhfr-dl1	gene-Dhfr-dl1	paralog_dl	chr1	121580552	121582309	-	1758	dl	1.0
Dhfr	Dhfr-l1	gene-Dhfr-l1	paralog_l	chr1	159859349	159860285	-	937	l	1.0
Dhfr	Dhfr-dl6	gene-Dhfr-dl6	paralog_dl	chr4	7279513	7280076	-	564	dl	6.0
Dhfr	Dhfr-dl7	gene-Dhfr-dl7	paralog_dl	chr4	7513847	7514410	+	564	dl	7.0
Dhfr	Dhfr-dl2	gene-Dhfr-dl2	paralog_dl	chr12	73933052	73933984	+	933	dl	2.0
Dhfr	Dhfr-dl3	gene-Dhfr-dl3	paralog_dl	chr13	31068004	31068567	+	564	dl	3.0
Dhfr	Dhfr-dl4	gene-Dhfr-dl4	paralog_dl	chr20	58026254	58027094	-	841	dl	4.0
Dhfr	Dhfr-dl5	gene-Dhfr-dl5	paralog_dl	chr27	28517950	28519921	+	1972	dl	5.0
Dhfr	Dhfr-l2	gene-Dhfr-l2	paralog_l	chr28	23969182	23976660	+	7479	l	2.0
Dhrs7	Dhrs7	gene-Dhrs7	parent	chr27	10690748	10692354	+	1607		
Dhrs7	Dhrs7-l1	gene-Dhrs7-l1	paralog_l	chr27	10598894	10616520	-	17627	l	1.0
Dhrs7	Dhrs7-l2	gene-Dhrs7-l2	paralog_l	chr27	10782803	10816689	-	33887	l	2.0
Dhx15	Dhx15	gene-Dhx15	parent	chr12	40493421	40545944	+	52524		
Dhx15	Dhx15-l1	gene-Dhx15-l1	paralog_l	chr23	48645795	48657264	-	11470	l	1.0
Diras2	Diras2	gene-Diras2	parent	chr4	96819496	96847977	-	28482		
Diras2	Diras2-l1	gene-Diras2-l1	paralog_l	chr13	50833323	50834735	-	1413	l	1.0
Dmbt1	Dmbt1	gene-Dmbt1	parent	chr28	20547034	20706298	-	159265		
Dmbt1	Dmbt1-l1	gene-Dmbt1-l1	paralog_l	chr28	20755145	20799239	-	44095	l	1.0
Dnah7	Dnah7	gene-Dnah7	parent	chr9	52904499	53164295	-	259797		
Dnah7	Dnah7-rl1	gene-Dnah7-rl1	paralog_rl	chr19	83546864	83800427	+	253564	rl	1.0
Dnaja2	Dnaja2	gene-Dnaja2	parent	chr6	87775415	87799530	-	24116		
Dnaja2	Dnaja2-dl1	gene-Dnaja2-dl1	paralog_dl	chr2	120698956	120701059	-	2104	dl	1.0
Dnajb5	Dnajb5	gene-Dnajb5	parent	chr14	56386050	56395103	-	9054		
Dnajb5	Dnajb5-l1	gene-Dnajb5-l1	paralog_l	chrX	59468420	59469662	+	1243	l	1.0
Dnajc17	Dnajc17	gene-Dnajc17	parent	chr15	90877013	90941248	+	64236		
Dnajc17	Dnajc17-l1	gene-Dnajc17-l1	paralog_l	chr28	20209263	20210688	+	1426	l	1.0
Dnajc24	Dnajc24	gene-Dnajc24	parent	chr24	60692408	60726866	+	34459		
Dnajc24	Dnajc24-dl1	gene-Dnajc24-dl1	paralog_dl	chr20	51059754	51060203	+	450	dl	1.0
Dnajc8	Dnajc8	gene-Dnajc8	parent	chr19	20306268	20310427	-	4160		
Dnajc8	Dnajc8-l1	gene-Dnajc8-l1	paralog_l	chr1	29319824	29320796	-	973	l	1.0
Donson	Donson	gene-Donson	parent	chr14	41106618	41115359	-	8742		
Donson	Donson-dl1	gene-Donson-dl1	paralog_dl	chr16	39677661	39680234	-	2574	dl	1.0
Dph1	Dph1	gene-Dph1	parent	chr7	32086269	32095889	+	9621		
Dph1	Dph1-dl2	gene-Dph1-dl2	paralog_dl	chrX	73890021	73891337	+	1317	dl	2.0
Dph1	Dph1-dl1	gene-Dph1-dl1	paralog_dl	chr22	76378062	76379378	-	1317	dl	1.0
Dph2	Dph2	gene-Dph2	parent	chr19	46050608	46054184	+	3577		
Dph2	Dph2-dl1	gene-Dph2-dl1	paralog_dl	chr5	48569587	48571756	+	2170	dl	1.0
Dpm1	Dpm1	gene-Dpm1	parent	chr20	78483939	78507239	-	23301		
Dpm1	Dpm1-l2	gene-Dpm1-l2	paralog_l	chr5	70953197	70953997	+	801	l	2.0
Dpm1	Dpm1-l1	gene-Dpm1-l1	paralog_l	chr26	48121966	48122828	+	863	l	1.0
Dpy19l2	Dpy19l2	gene-Dpy19l2	parent	chr6	19929345	19993615	+	64271		
Dpy19l2	Dpy19l2-l1	gene-Dpy19l2-l1	paralog_l	chr6	23132562	23226291	+	93730	l	1.0
Drg1	Drg1	gene-Drg1	parent	chr20	25126160	25150924	-	24765		
Drg1	Drg1-l1	gene-Drg1-l1	paralog_l	chr6	50738405	50741721	-	3317	l	1.0
Dstn	Dstn	gene-Dstn	parent	chr3	133667613	133674607	-	6995		
Dstn	Dstn-dl1	gene-Dstn-dl1	paralog_dl	chr1	163476898	163477942	+	1045	dl	1.0
Dtx4	Dtx4	gene-Dtx4	parent	chr4	51284008	51294251	+	10244		
Dtx4	Dtx4-l1	gene-Dtx4-l1	paralog_l	chr4	51618069	51630518	-	12450	l	1.0
Dusp18	Dusp18	gene-Dusp18	parent	chr10	70459478	70460479	-	1002		
Dusp18	Dusp18-l1	gene-Dusp18-l1	paralog_l	chr7	36386377	36386792	+	416	l	1.0
Dynap	Dynap	gene-Dynap	parent	chr10	46953924	46962367	+	8444		
Dynap	Dynap-dl1	gene-Dynap-dl1	paralog_dl	chr10	46999709	47008113	+	8405	dl	1.0
Dynll1	Dynll1	gene-Dynll1	parent	chr20	17826557	17829990	+	3434		
Dynll1	Dynll1-l1	gene-Dynll1-l1	paralog_l	chr11	113238761	113239288	+	528	l	1.0
Dynll1	Dynll1-l2	gene-Dynll1-l2	paralog_l	chr14	65180166	65180435	-	270	l	2.0
Dynlrb1	Dynlrb1	gene-Dynlrb1	parent	chr20	61955478	61983335	+	27858		
Dynlrb1	Dynlrb1-l1	gene-Dynlrb1-l1	paralog_l	chr28	42175655	42176309	+	655	l	1.0
Dynlt1	Dynlt1	gene-Dynlt1	parent	chr18	51848514	51857809	-	9296		
Dynlt1	Dynlt1-l1	gene-Dynlt1-l1	paralog_l	chr19	18630387	18633613	-	3227	l	1.0
Dynlt3	Dynlt3	gene-Dynlt3	parent	chrX	149132917	149144945	+	12029		
Dynlt3	Dynlt3-dl1	gene-Dynlt3-dl1	paralog_dl	chr18	3795333	3795683	+	351	dl	1.0
Eci1	Eci1	gene-Eci1	parent	chr20	36778097	36790823	-	12727		
Eci1	Eci1-dl1	gene-Eci1-dl1	paralog_dl	chr22	43922568	43923737	-	1170	dl	1.0
Ect2	Ect2	gene-Ect2	parent	chr16	84812498	84914014	+	101517		
Ect2	Ect2-l1	gene-Ect2-l1	paralog_l	chr11	50784210	50825343	-	41134	l	1.0
Eef1a1	Eef1a1	gene-Eef1a1	parent	chrX	66484991	66486379	-	1389		
Eef1a1	Eef1a1-dl49	gene-Eef1a1-dl49	paralog_dl	chrX	71826074	71827760	-	1687	dl	49.0
Eef1a1	Eef1a1-dl50	gene-Eef1a1-dl50	paralog_dl	chrX	183210766	183212497	+	1732	dl	50.0
Eef1a1	Eef1a1-dl14	gene-Eef1a1-dl14	paralog_dl	chr2	32274559	32275947	+	1389	dl	14.0
Eef1a1	Eef1a1-dl15	gene-Eef1a1-dl15	paralog_dl	chr2	62651897	62653285	+	1389	dl	15.0
Eef1a1	Eef1a1-dl16	gene-Eef1a1-dl16	paralog_dl	chr2	94217920	94219567	+	1648	dl	16.0
Eef1a1	Eef1a1-dl32	gene-Eef1a1-dl32	paralog_dl	chr3	81127198	81129353	-	2156	dl	32.0
Eef1a1	Eef1a1-dl33	gene-Eef1a1-dl33	paralog_dl	chr3	121141568	121142956	-	1389	dl	33.0
Eef1a1	Eef1a1-dl34	gene-Eef1a1-dl34	paralog_dl	chr3	123671709	123672614	+	906	dl	34.0
Eef1a1	Eef1a1-dl35	gene-Eef1a1-dl35	paralog_dl	chr3	125307907	125309295	-	1389	dl	35.0
Eef1a1	Eef1a1-dl36	gene-Eef1a1-dl36	paralog_dl	chr4	44884515	44885903	+	1389	dl	36.0
Eef1a1	Eef1a1-dl37	gene-Eef1a1-dl37	paralog_dl	chr4	82713287	82714675	+	1389	dl	37.0
Eef1a1	Eef1a1-dl38	gene-Eef1a1-dl38	paralog_dl	chr5	65611483	65612871	+	1389	dl	38.0
Eef1a1	Eef1a1-dl39	gene-Eef1a1-dl39	paralog_dl	chr5	74459454	74461149	+	1696	dl	39.0
Eef1a1	Eef1a1-dl40	gene-Eef1a1-dl40	paralog_dl	chr5	121715107	121718851	-	3745	dl	40.0
Eef1a1	Eef1a1-dl41	gene-Eef1a1-dl41	paralog_dl	chr5	130273357	130275057	+	1701	dl	41.0
Eef1a1	Eef1a1-dl42	gene-Eef1a1-dl42	paralog_dl	chr6	113275666	113277054	-	1389	dl	42.0
Eef1a1	Eef1a1-dl43	gene-Eef1a1-dl43	paralog_dl	chr7	49541009	49542397	+	1389	dl	43.0
Eef1a1	Eef1a1-dl44	gene-Eef1a1-dl44	paralog_dl	chr7	52053516	52055184	+	1669	dl	44.0
Eef1a1	Eef1a1-dl45	gene-Eef1a1-dl45	paralog_dl	chr7	100550355	100551743	+	1389	dl	45.0
Eef1a1	Eef1a1-dl46	gene-Eef1a1-dl46	paralog_dl	chr8	78473373	78474761	-	1389	dl	46.0
Eef1a1	Eef1a1-dl47	gene-Eef1a1-dl47	paralog_dl	chr8	80756057	80757445	-	1389	dl	47.0
Eef1a1	Eef1a1-dl48	gene-Eef1a1-dl48	paralog_dl	chr9	107375389	107376777	-	1389	dl	48.0
Eef1a1	Eef1a1-dl1	gene-Eef1a1-dl1	paralog_dl	chr10	68386517	68387761	+	1245	dl	1.0
Eef1a1	Eef1a1-dl2	gene-Eef1a1-dl2	paralog_dl	chr10	87735070	87738484	-	3415	dl	2.0
Eef1a1	Eef1a1-dl3	gene-Eef1a1-dl3	paralog_dl	chr10	106357430	106358818	+	1389	dl	3.0
Eef1a1	Eef1a1-dl4	gene-Eef1a1-dl4	paralog_dl	chr11	13747060	13748145	-	1086	dl	4.0
Eef1a1	Eef1a1-dl5	gene-Eef1a1-dl5	paralog_dl	chr12	99911813	99913201	-	1389	dl	5.0
Eef1a1	Eef1a1-dl6	gene-Eef1a1-dl6	paralog_dl	chr13	4865763	4867151	+	1389	dl	6.0
Eef1a1	Eef1a1-dl7	gene-Eef1a1-dl7	paralog_dl	chr13	61663663	61665375	-	1713	dl	7.0
Eef1a1	Eef1a1-dl8	gene-Eef1a1-dl8	paralog_dl	chr14	69159297	69160991	+	1695	dl	8.0
Eef1a1	Eef1a1-dl9	gene-Eef1a1-dl9	paralog_dl	chr15	41394747	41396135	+	1389	dl	9.0
Eef1a1	Eef1a1-dl10	gene-Eef1a1-dl10	paralog_dl	chr16	8440808	8442196	-	1389	dl	10.0
Eef1a1	Eef1a1-dl11	gene-Eef1a1-dl11	paralog_dl	chr16	79475012	79477268	-	2257	dl	11.0
Eef1a1	Eef1a1-dl12	gene-Eef1a1-dl12	paralog_dl	chr18	29849899	29854112	-	4214	dl	12.0
Eef1a1	Eef1a1-dl13	gene-Eef1a1-dl13	paralog_dl	chr18	59769361	59771055	+	1695	dl	13.0
Eef1a1	Eef1a1-dl17	gene-Eef1a1-dl17	paralog_dl	chr20	39539304	39540692	-	1389	dl	17.0
Eef1a1	Eef1a1-dl18	gene-Eef1a1-dl18	paralog_dl	chr20	57829978	57831366	-	1389	dl	18.0
Eef1a1	Eef1a1-dl19	gene-Eef1a1-dl19	paralog_dl	chr20	83203361	83204749	-	1389	dl	19.0
Eef1a1	Eef1a1-dl20	gene-Eef1a1-dl20	paralog_dl	chr20	90734950	90735876	+	927	dl	20.0
Eef1a1	Eef1a1-dl21	gene-Eef1a1-dl21	paralog_dl	chr21	419069	420761	+	1693	dl	21.0
Eef1a1	Eef1a1-dl22	gene-Eef1a1-dl22	paralog_dl	chr21	57116173	57117849	-	1677	dl	22.0
Eef1a1	Eef1a1-dl23	gene-Eef1a1-dl23	paralog_dl	chr21	74922658	74924346	-	1689	dl	23.0
Eef1a1	Eef1a1-dl24	gene-Eef1a1-dl24	paralog_dl	chr21	77361011	77362396	-	1386	dl	24.0
Eef1a1	Eef1a1-dl25	gene-Eef1a1-dl25	paralog_dl	chr21	83438277	83439936	+	1660	dl	25.0
Eef1a1	Eef1a1-dl26	gene-Eef1a1-dl26	paralog_dl	chr22	29428109	29429497	-	1389	dl	26.0
Eef1a1	Eef1a1-dl27	gene-Eef1a1-dl27	paralog_dl	chr22	38995750	38997138	-	1389	dl	27.0
Eef1a1	Eef1a1-dl28	gene-Eef1a1-dl28	paralog_dl	chr24	43886932	43888619	-	1688	dl	28.0
Eef1a1	Eef1a1-dl29	gene-Eef1a1-dl29	paralog_dl	chr24	44113644	44115032	+	1389	dl	29.0
Eef1a1	Eef1a1-dl30	gene-Eef1a1-dl30	paralog_dl	chr27	4806873	4808558	-	1686	dl	30.0
Eef1a1	Eef1a1-dl31	gene-Eef1a1-dl31	paralog_dl	chr28	21047731	21052481	+	4751	dl	31.0
Eef1b2	Eef1b2	gene-Eef1b2	parent	chr1	86997152	86999794	-	2643		
Eef1b2	Eef1b2-dl1	gene-Eef1b2-dl1	paralog_dl	chr1	43129065	43129804	-	740	dl	1.0
Eef1b2	Eef1b2-dl3	gene-Eef1b2-dl3	paralog_dl	chr5	115522226	115522930	+	705	dl	3.0
Eef1b2	Eef1b2-dl4	gene-Eef1b2-dl4	paralog_dl	chr6	78297567	78298428	-	862	dl	4.0
Eef1b2	Eef1b2-dl2	gene-Eef1b2-dl2	paralog_dl	chr19	66508043	66508609	+	567	dl	2.0
Eef1d	Eef1d	gene-Eef1d	parent	chr26	36393704	36408386	-	14683		
Eef1d	Eef1d-l1	gene-Eef1d-l1	paralog_l	chr9	9427007	9427925	+	919	l	1.0
Eef1e1	Eef1e1	gene-Eef1e1	parent	chr13	110017634	110031331	+	13698		
Eef1e1	Eef1e1-l1	gene-Eef1e1-l1	paralog_l	chr18	67719821	67720651	+	831	l	1.0
Eef1g	Eef1g	gene-Eef1g	parent	chr4	48004280	48017112	+	12833		
Eef1g	Eef1g-dl1	gene-Eef1g-dl1	paralog_dl	chrX	35167342	35168563	+	1222	dl	1.0
Eef2	Eef2	gene-Eef2	parent	chr3	121256620	121267012	+	10393		
Eef2	Eef2-dl5	gene-Eef2-dl5	paralog_dl	chrX	12758046	12760517	+	2472	dl	5.0
Eef2	Eef2-dl2	gene-Eef2-dl2	paralog_dl	chr6	69742658	69745234	+	2577	dl	2.0
Eef2	Eef2-dl3	gene-Eef2-dl3	paralog_dl	chr6	72429151	72432266	-	3116	dl	3.0
Eef2	Eef2-dl4	gene-Eef2-dl4	paralog_dl	chr9	85423787	85426363	-	2577	dl	4.0
Eef2	Eef2-dl1	gene-Eef2-dl1	paralog_dl	chr14	107282826	107285857	+	3032	dl	1.0
Eef2	Eef2-l1	gene-Eef2-l1	paralog_l	chr19	61773971	61776913	+	2943	l	1.0
Eef2kmt	Eef2kmt	gene-Eef2kmt	parent	chr20	39669183	39678923	-	9741		
Eef2kmt	Eef2kmt-l1	gene-Eef2kmt-l1	paralog_l	chr1	144768490	144769571	-	1082	l	1.0
Eid1	Eid1	gene-Eid1	parent	chr4	87326551	87329498	-	2948		
Eid1	Eid1-dl1	gene-Eid1-dl1	paralog_dl	chr8	5652396	5654223	-	1828	dl	1.0
Eif1	Eif1	gene-Eif1	parent	chr7	2887532	2890149	-	2618		
Eif1	Eif1-dl1	gene-Eif1-dl1	paralog_dl	chr1	140102075	140102416	-	342	dl	1.0
Eif1	Eif1-dl5	gene-Eif1-dl5	paralog_dl	chr3	148850810	148852368	+	1559	dl	5.0
Eif1	Eif1-dl6	gene-Eif1-dl6	paralog_dl	chr6	41484356	41486865	+	2510	dl	6.0
Eif1	Eif1-dl7	gene-Eif1-dl7	paralog_dl	chr6	63965908	63966520	+	613	dl	7.0
Eif1	Eif1-dl8	gene-Eif1-dl8	paralog_dl	chr8	28684930	28685268	-	339	dl	8.0
Eif1	Eif1-dl9	gene-Eif1-dl9	paralog_dl	chr9	30977564	30977854	-	291	dl	9.0
Eif1	Eif1-dl2	gene-Eif1-dl2	paralog_dl	chr15	18778422	18778763	+	342	dl	2.0
Eif1	Eif1-dl3	gene-Eif1-dl3	paralog_dl	chr19	21737089	21737409	+	321	dl	3.0
Eif1	Eif1-dl4	gene-Eif1-dl4	paralog_dl	chr19	64690736	64691074	-	339	dl	4.0
Eif1ax	Eif1ax	gene-Eif1ax	parent	chrX	175559272	175585224	+	25953		
Eif1ax	Eif1ax-dl1	gene-Eif1ax-dl1	paralog_dl	chr10	87625674	87628576	+	2903	dl	1.0
Eif1ax	Eif1ax-dl2	gene-Eif1ax-dl2	paralog_dl	chr16	42068181	42070773	+	2593	dl	2.0
Eif1ax	Eif1ax-dl3	gene-Eif1ax-dl3	paralog_dl	chr23	18298933	18300735	-	1803	dl	3.0
Eif2b1	Eif2b1	gene-Eif2b1	parent	chr20	5789847	5799578	+	9732		
Eif2b1	Eif2b1-dl1	gene-Eif2b1-dl1	paralog_dl	chr12	99719996	99720913	-	918	dl	1.0
Eif2b4	Eif2b4	gene-Eif2b4	parent	chr12	89436323	89441534	+	5212		
Eif2b4	Eif2b4-l1	gene-Eif2b4-l1	paralog_l	chrX	59038972	59040319	-	1348	l	1.0
Eif3a	Eif3a	gene-Eif3a	parent	chr28	24889461	24941971	+	52511		
Eif3a	Eif3a-dl1	gene-Eif3a-dl1	paralog_dl	chr1	35953263	35958307	+	5045	dl	1.0
Eif3e	Eif3e	gene-Eif3e	parent	chr11	7641815	7683988	+	42174		
Eif3e	Eif3e-dl1	gene-Eif3e-dl1	paralog_dl	chr13	13292011	13293276	-	1266	dl	1.0
Eif3e	Eif3e-dl2	gene-Eif3e-dl2	paralog_dl	chr14	74024316	74027434	-	3119	dl	2.0
Eif3e	Eif3e-dl3	gene-Eif3e-dl3	paralog_dl	chr19	45198629	45200295	+	1667	dl	3.0
Eif3e	Eif3e-dl4	gene-Eif3e-dl4	paralog_dl	chr20	48365993	48368636	-	2644	dl	4.0
Eif3k	Eif3k	gene-Eif3k	parent	chr2	22014885	22025023	+	10139		
Eif3k	Eif3k-l1	gene-Eif3k-l1	paralog_l	chr16	20745922	20746615	+	694	l	1.0
Eif4b	Eif4b	gene-Eif4b	parent	chr16	47501302	47540785	-	39484		
Eif4b	Eif4b-dl1	gene-Eif4b-dl1	paralog_dl	chr16	101604021	101605415	-	1395	dl	1.0
Eif4b	Eif4b-dl2	gene-Eif4b-dl2	paralog_dl	chr21	57358319	57361648	+	3330	dl	2.0
Eif4ebp2	Eif4ebp2	gene-Eif4ebp2	parent	chr1	24279175	24311134	-	31960		
Eif4ebp2	Eif4ebp2-dl1	gene-Eif4ebp2-dl1	paralog_dl	chr2	3118472	3118825	+	354	dl	1.0
Eif4ebp2	Eif4ebp2-dl2	gene-Eif4ebp2-dl2	paralog_dl	chr2	4259610	4259936	+	327	dl	2.0
Eif4ebp2	Eif4ebp2-dl3	gene-Eif4ebp2-dl3	paralog_dl	chr2	78141613	78141966	+	354	dl	3.0
Eif4g2	Eif4g2	gene-Eif4g2	parent	chr24	34380262	34396951	-	16690		
Eif4g2	Eif4g2-l1	gene-Eif4g2-l1	paralog_l	chr5	106401850	106406419	+	4570	l	1.0
Eif5a	Eif5a	gene-Eif5a	parent	chr7	38393467	38398970	+	5504		
Eif5a	Eif5a-l1	gene-Eif5a-l1	paralog_l	chr1	116864410	116865587	+	1178	l	1.0
Eif5a2	Eif5a2	gene-Eif5a2	parent	chr16	82864821	82873142	-	8322		
Eif5a2	Eif5a2-dl1	gene-Eif5a2-dl1	paralog_dl	chr1	15564361	15565616	+	1256	dl	1.0
Ell2	Ell2	gene-Ell2	parent	chr3	61505231	61581198	+	75968		
Ell2	Ell2-l1	gene-Ell2-l1	paralog_l	chrX	12026973	12056056	-	29084	l	1.0
Elob	Elob	gene-Elob	parent	chr20	37331066	37334534	+	3469		
Elob	Elob-dl4	gene-Elob-dl4	paralog_dl	chrX	45079978	45080334	+	357	dl	4.0
Elob	Elob-dl1	gene-Elob-dl1	paralog_dl	chr11	30933156	30933942	-	787	dl	1.0
Elob	Elob-dl2	gene-Elob-dl2	paralog_dl	chr14	102096376	102096823	+	448	dl	2.0
Elob	Elob-dl3	gene-Elob-dl3	paralog_dl	chr15	92925553	92925903	+	351	dl	3.0
Emb	Emb	gene-Emb	parent	chr10	90285128	90312998	-	27871		
Emb	Emb-dl2	gene-Emb-dl2	paralog_dl	chr3	112955184	112956573	+	1390	dl	2.0
Emb	Emb-dl1	gene-Emb-dl1	paralog_dl	chr16	21074314	21075097	-	784	dl	1.0
Eno1	Eno1	gene-Eno1	parent	chr19	35920767	35933675	+	12909		
Eno1	Eno1-l1	gene-Eno1-l1	paralog_l	chr20	48383970	48385561	-	1592	l	1.0
Ensa	Ensa	gene-Ensa	parent	chr22	51488668	51496859	-	8192		
Ensa	Ensa-dl1	gene-Ensa-dl1	paralog_dl	chr5	69560212	69562990	+	2779	dl	1.0
Ep300	Ep300	gene-Ep300	parent	chr4	38903450	38994269	+	90820		
Ep300	Ep300-l1	gene-Ep300-l1	paralog_l	chr4	39063937	39069868	+	5932	l	1.0
Ep300	Ep300-l2	gene-Ep300-l2	paralog_l	chr4	39082665	39093641	+	10977	l	2.0
Ercc6l	Ercc6l	gene-Ercc6l	parent	chrX	108076813	108080479	+	3667		
Ercc6l	Ercc6l-dl1	gene-Ercc6l-dl1	paralog_dl	chr8	107724811	107728494	+	3684	dl	1.0
Erh	Erh	gene-Erh	parent	chr27	21026080	21039848	-	13769		
Erh	Erh-l1	gene-Erh-l1	paralog_l	chr15	100180591	100181366	-	776	l	1.0
Eri3	Eri3	gene-Eri3	parent	chr19	47038469	47172503	-	134035		
Eri3	Eri3-l1	gene-Eri3-l1	paralog_l	chr4	84807453	84808559	+	1107	l	1.0
Esd	Esd	gene-Esd	parent	chr5	75081418	75107779	-	26362		
Esd	Esd-l1	gene-Esd-l1	paralog_l	chr28	27360022	27360966	-	945	l	1.0
Exoc5	Exoc5	gene-Exoc5	parent	chr27	8719592	8795768	+	76177		
Exoc5	Exoc5-l1	gene-Exoc5-l1	paralog_l	chr20	22482826	22484984	-	2159	l	1.0
Exosc2	Exosc2	gene-Exosc2	parent	chr14	109410740	109421618	+	10879		
Exosc2	Exosc2-l1	gene-Exosc2-l1	paralog_l	chr8	68703494	68704589	+	1096	l	1.0
Exosc5	Exosc5	gene-Exosc5	parent	chr2	26742119	26744209	-	2091		
Exosc5	Exosc5-dl1	gene-Exosc5-dl1	paralog_dl	chr9	128199537	128200331	-	795	dl	1.0
Exosc8	Exosc8	gene-Exosc8	parent	chr5	132647958	132656315	+	8358		
Exosc8	Exosc8-l1	gene-Exosc8-l1	paralog_l	chr9	64242410	64244213	+	1804	l	1.0
Fabp1	Fabp1	gene-Fabp1	parent	chr22	13849979	13854176	+	4198		
Fabp1	Fabp1-l1	gene-Fabp1-l1	paralog_l	chr22	13878877	13883683	+	4807	l	1.0
Fabp1	Fabp1-l2	gene-Fabp1-l2	paralog_l	chr22	13912658	13916956	-	4299	l	2.0
Fabp3	Fabp3	gene-Fabp3	parent	chr19	23116395	23125112	-	8718		
Fabp3	Fabp3-dl2	gene-Fabp3-dl2	paralog_dl	chr3	87071230	87071637	-	408	dl	2.0
Fabp3	Fabp3-dl1	gene-Fabp3-dl1	paralog_dl	chr24	43827465	43828143	-	679	dl	1.0
Fabp6	Fabp6	gene-Fabp6	parent	chr11	103411944	103415586	-	3643		
Fabp6	Fabp6-l1	gene-Fabp6-l1	paralog_l	chr16	49717825	49718704	+	880	l	1.0
Fads2	Fads2	gene-Fads2	parent	chr4	48753357	48770281	+	16925		
Fads2	Fads2-dl1	gene-Fads2-dl1	paralog_dl	chr4	47369578	47386422	-	16845	dl	1.0
Fam162a	Fam162a	gene-Fam162a	parent	chr6	103292529	103330153	-	37625		
Fam162a	Fam162a-dl1	gene-Fam162a-dl1	paralog_dl	chr4	82246796	82247263	-	468	dl	1.0
Fam170a	Fam170a	gene-Fam170a	parent	chr11	73134938	73150377	-	15440		
Fam170a	Fam170a-l1	gene-Fam170a-l1	paralog_l	chr6	13497067	13511893	+	14827	l	1.0
Fam216a	Fam216a	gene-Fam216a	parent	chrX	58059942	58060633	+	692		
Fam216a	Fam216a-dl1	gene-Fam216a-dl1	paralog_dl	chr20	7973267	7987957	+	14691	dl	1.0
Fam32a	Fam32a	gene-Fam32a	parent	chr3	104072883	104077910	-	5028		
Fam32a	Fam32a-l2	gene-Fam32a-l2	paralog_l	chr2	27025545	27032888	+	7344	l	2.0
Fam32a	Fam32a-dl1	gene-Fam32a-dl1	paralog_dl	chr17	3441390	3443129	-	1740	dl	1.0
Fam32a	Fam32a-l1	gene-Fam32a-l1	paralog_l	chr17	58968633	58969975	-	1343	l	1.0
Fam72a	Fam72a	gene-Fam72a	parent	chr8	71726164	71740410	+	14247		
Fam72a	Fam72a-l1	gene-Fam72a-l1	paralog_l	chr5	53397289	53397729	-	441	l	1.0
Fbf1	Fbf1	gene-Fbf1	parent	chr18	19391673	19420260	-	28588		
Fbf1	Fbf1-l1	gene-Fbf1-l1	paralog_l	chr18	18994690	18999137	-	4448	l	1.0
Fbxo27	Fbxo27	gene-Fbxo27	parent	chr2	22418205	22423047	-	4843		
Fbxo27	Fbxo27-l1	gene-Fbxo27-l1	paralog_l	chr2	22457185	22486886	-	29702	l	1.0
Fcf1	Fcf1	gene-Fcf1	parent	chr27	969403	992112	-	22710		
Fcf1	Fcf1-dl7	gene-Fcf1-dl7	paralog_dl	chrX	57513944	57514602	-	659	dl	7.0
Fcf1	Fcf1-dl8	gene-Fcf1-dl8	paralog_dl	chrX	136095600	136096254	+	655	dl	8.0
Fcf1	Fcf1-l2	gene-Fcf1-l2	paralog_l	chr4	51790473	51791148	+	676	l	2.0
Fcf1	Fcf1-dl3	gene-Fcf1-dl3	paralog_dl	chr6	2294514	2295074	-	561	dl	3.0
Fcf1	Fcf1-dl4	gene-Fcf1-dl4	paralog_dl	chr8	123212051	123212647	-	597	dl	4.0
Fcf1	Fcf1-dl5	gene-Fcf1-dl5	paralog_dl	chr9	33143618	33144471	+	854	dl	5.0
Fcf1	Fcf1-dl6	gene-Fcf1-dl6	paralog_dl	chr9	64875459	64876127	+	669	dl	6.0
Fcf1	Fcf1-dl1	gene-Fcf1-dl1	paralog_dl	chr21	49540144	49540740	+	597	dl	1.0
Fcf1	Fcf1-l1	gene-Fcf1-l1	paralog_l	chr27	319831	320511	-	681	l	1.0
Fcf1	Fcf1-dl2	gene-Fcf1-dl2	paralog_dl	chr28	34209186	34209782	+	597	dl	2.0
Fhit	Fhit	gene-Fhit	parent	chr19	91046734	91452922	-	406189		
Fhit	Fhit-l1	gene-Fhit-l1	paralog_l	chr19	31897929	31900915	-	2987	l	1.0
Fkbp1a	Fkbp1a	gene-Fkbp1a	parent	chr20	55322471	55346440	+	23970		
Fkbp1a	Fkbp1a-l1	gene-Fkbp1a-l1	paralog_l	chr16	82542280	82599764	-	57485	l	1.0
Fkbp3	Fkbp3	gene-Fkbp3	parent	chr8	18968141	18980435	+	12295		
Fkbp3	Fkbp3-dl6	gene-Fkbp3-dl6	paralog_dl	chrX	25813338	25818126	-	4789	dl	6.0
Fkbp3	Fkbp3-dl5	gene-Fkbp3-dl5	paralog_dl	chr8	107492964	107493638	+	675	dl	5.0
Fkbp3	Fkbp3-dl1	gene-Fkbp3-dl1	paralog_dl	chr13	36749300	36750247	-	948	dl	1.0
Fkbp3	Fkbp3-dl2	gene-Fkbp3-dl2	paralog_dl	chr19	35784383	35788537	-	4155	dl	2.0
Fkbp3	Fkbp3-dl3	gene-Fkbp3-dl3	paralog_dl	chr22	30662114	30663091	-	978	dl	3.0
Fkbp3	Fkbp3-dl4	gene-Fkbp3-dl4	paralog_dl	chr27	15861298	15862717	+	1420	dl	4.0
Fkbp4	Fkbp4	gene-Fkbp4	parent	chr9	82728005	82739961	+	11957		
Fkbp4	Fkbp4-dl1	gene-Fkbp4-dl1	paralog_dl	chrX	73712327	73713703	+	1377	dl	1.0
Fmo5	Fmo5	gene-Fmo5	parent	chr21	2032597	2056084	+	23488		
Fmo5	Fmo5-l1	gene-Fmo5-l1	paralog_l	chr2	59858879	59879549	-	20671	l	1.0
Fndc11	Fndc11	gene-Fndc11	parent	chr20	91298383	91300891	+	2509		
Fndc11	Fndc11-l1	gene-Fndc11-l1	paralog_l	chrX	141461130	141462186	-	1057	l	1.0
Fnta	Fnta	gene-Fnta	parent	chr1	92312905	92370108	+	57204		
Fnta	Fnta-dl1	gene-Fnta-dl1	paralog_dl	chr18	18783094	18784203	-	1110	dl	1.0
Fpr2	Fpr2	gene-Fpr2	parent	chr2	36501960	36510228	+	8269		
Fpr2	Fpr2-l1	gene-Fpr2-l1	paralog_l	chr2	36609939	36610997	-	1059	l	1.0
Fpr2	Fpr2-l2	gene-Fpr2-l2	paralog_l	chr2	36693093	36700703	-	7611	l	2.0
Fpr2	Fpr2-l3	gene-Fpr2-l3	paralog_l	chr2	36741586	36742872	-	1287	l	3.0
Fpr2	Fpr2-l4	gene-Fpr2-l4	paralog_l	chr2	36780876	36797534	+	16659	l	4.0
Fsbp	Fsbp	gene-Fsbp	parent	chr24	25208101	25209184	+	1084		
Fsbp	Fsbp-dl1	gene-Fsbp-dl1	paralog_dl	chr11	30948917	30955612	+	6696	dl	1.0
Fsip2	Fsip2	gene-Fsip2	parent	chr9	43373943	43448173	+	74231		
Fsip2	Fsip2-l1	gene-Fsip2-l1	paralog_l	chr26	53081893	53104227	-	22335	l	1.0
Fth1	Fth1	gene-Fth1	parent	chr4	48840672	48843259	-	2588		
Fth1	Fth1-dl6	gene-Fth1-dl6	paralog_dl	chrX	23387183	23387731	-	549	dl	6.0
Fth1	Fth1-dl7	gene-Fth1-dl7	paralog_dl	chrX	146724818	146725159	+	342	dl	7.0
Fth1	Fth1-dl8	gene-Fth1-dl8	paralog_dl	chrX	160444925	160445608	+	684	dl	8.0
Fth1	Fth1-dl4	gene-Fth1-dl4	paralog_dl	chr4	101308387	101308998	-	612	dl	4.0
Fth1	Fth1-dl5	gene-Fth1-dl5	paralog_dl	chr8	14652779	14653477	+	699	dl	5.0
Fth1	Fth1-dl1	gene-Fth1-dl1	paralog_dl	chr12	101582109	101582923	+	815	dl	1.0
Fth1	Fth1-dl2	gene-Fth1-dl2	paralog_dl	chr13	39513253	39514058	+	806	dl	2.0
Fth1	Fth1-dl3	gene-Fth1-dl3	paralog_dl	chr22	31743914	31744459	-	546	dl	3.0
Fundc2	Fundc2	gene-Fundc2	parent	chrX	941450	963886	-	22437		
Fundc2	Fundc2-dl1	gene-Fundc2-dl1	paralog_dl	chr24	42624686	42625141	-	456	dl	1.0
Fxyd5	Fxyd5	gene-Fxyd5	parent	chr2	17960327	17970481	-	10155		
Fxyd5	Fxyd5-l1	gene-Fxyd5-l1	paralog_l	chr1	140059189	140059901	+	713	l	1.0
Fzd10	Fzd10	gene-Fzd10	parent	chr4	64296943	64299587	+	2645		
Fzd10	Fzd10-l1	gene-Fzd10-l1	paralog_l	chr20	1721662	1723456	-	1795	l	1.0
Gabarap	Gabarap	gene-Gabarap	parent	chr7	38307142	38309385	-	2244		
Gabarap	Gabarap-dl1	gene-Gabarap-dl1	paralog_dl	chr10	23205298	23205651	-	354	dl	1.0
Gabarapl1	Gabarapl1	gene-Gabarapl1	parent	chr4	16054883	16062900	-	8018		
Gabarapl1	Gabarapl1-dl1	gene-Gabarapl1-dl1	paralog_dl	chr11	114885585	114887180	-	1596	dl	1.0
Gabarapl2	Gabarapl2	gene-Gabarapl2	parent	chr1	164467789	164483314	+	15526		
Gabarapl2	Gabarapl2-dl2	gene-Gabarapl2-dl2	paralog_dl	chr4	62911676	62912286	-	611	dl	2.0
Gabarapl2	Gabarapl2-dl1	gene-Gabarapl2-dl1	paralog_dl	chr18	68888947	68889300	+	354	dl	1.0
Gapdh	Gapdh	gene-Gapdh	parent	chr4	100488252	100492227	-	3976		
Gapdh	Gapdh-l1	gene-Gapdh-l1	paralog_l	chr11	116492656	116494426	-	1771	l	1.0
Gapdh	Gapdh-l2	gene-Gapdh-l2	paralog_l	chr20	14232565	14233809	+	1245	l	2.0
Gbp5	Gbp5	gene-Gbp5	parent	chr21	52022660	52037100	+	14441		
Gbp5	Gbp5-dl1	gene-Gbp5-dl1	paralog_dl	chr21	51760170	51769135	-	8966	dl	1.0
Gbp5	Gbp5-dl2	gene-Gbp5-dl2	paralog_dl	chr21	52458690	52463944	+	5255	dl	2.0
Gbp5	Gbp5-dl3	gene-Gbp5-dl3	paralog_dl	chr21	52463884	52468014	+	4131	dl	3.0
Gbp5	Gbp5-l1	gene-Gbp5-l1	paralog_l	chr21	52489084	52503958	+	14875	l	1.0
Gbp6	Gbp6	gene-Gbp6	parent	chr21	52260734	52287323	+	26590		
Gbp6	Gbp6-l1	gene-Gbp6-l1	paralog_l	chr21	51841750	51842883	-	1134	l	1.0
Gbp6	Gbp6-l2	gene-Gbp6-l2	paralog_l	chr21	51950529	51973764	-	23236	l	2.0
Gbp6	Gbp6-l3	gene-Gbp6-l3	paralog_l	chr21	52545438	52558767	+	13330	l	3.0
Gdi2	Gdi2	gene-Gdi2	parent	chr13	70653475	70691846	-	38372		
Gdi2	Gdi2-dl1	gene-Gdi2-dl1	paralog_dl	chr12	12319686	12321625	-	1940	dl	1.0
Gdi2	Gdi2-dl2	gene-Gdi2-dl2	paralog_dl	chr19	81613378	81616063	-	2686	dl	2.0
Gfm1	Gfm1	gene-Gfm1	parent	chr16	69969235	70021384	+	52150		
Gfm1	Gfm1-dl1	gene-Gfm1-dl1	paralog_dl	chr4	94105135	94107986	+	2852	dl	1.0
Ggta1	Ggta1	gene-Ggta1	parent	chr14	97408677	97426720	-	18044		
Ggta1	Ggta1-l1	gene-Ggta1-l1	paralog_l	chr14	97434560	97528618	-	94059	l	1.0
Gins3	Gins3	gene-Gins3	parent	chr1	146050212	146060322	+	10111		
Gins3	Gins3-dl1	gene-Gins3-dl1	paralog_dl	chr6	61899597	61900759	+	1163	dl	1.0
Gja1	Gja1	gene-Gja1	parent	chr18	78522375	78530364	-	7990		
Gja1	Gja1-l1	gene-Gja1-l1	paralog_l	chrX	45364153	45366754	+	2602	l	1.0
Glrx3	Glrx3	gene-Glrx3	parent	chr28	12691582	12726981	-	35400		
Glrx3	Glrx3-dl1	gene-Glrx3-dl1	paralog_dl	chr19	48384588	48385592	+	1005	dl	1.0
Gltp	Gltp	gene-Gltp	parent	chr20	20477431	20498762	-	21332		
Gltp	Gltp-dl1	gene-Gltp-dl1	paralog_dl	chr23	63740642	63742592	+	1951	dl	1.0
Glud1	Glud1	gene-Glud1	parent	chr6	4498204	4540767	+	42564		
Glud1	Glud1-dl1	gene-Glud1-dl1	paralog_dl	chr28	3209310	3210368	-	1059	dl	1.0
Glul	Glul	gene-Glul	parent	chr8	96820887	96827680	+	6794		
Glul	Glul-dl2	gene-Glul-dl2	paralog_dl	chr5	91490422	91492733	+	2312	dl	2.0
Glul	Glul-dl1	gene-Glul-dl1	paralog_dl	chr25	23766116	23768506	+	2391	dl	1.0
Glyatl3	Glyatl3	gene-Glyatl3	parent	chr11	51784196	51785501	+	1306		
Glyatl3	Glyatl3-l1	gene-Glyatl3-l1	paralog_l	chr17	63603744	63616219	+	12476	l	1.0
Gnai2	Gnai2	gene-Gnai2	parent	chr6	62562584	62565143	-	2560		
Gnai2	Gnai2-l1	gene-Gnai2-l1	paralog_l	chr1	52018856	52020473	-	1618	l	1.0
Gnai2	Gnai2-l2	gene-Gnai2-l2	paralog_l	chr6	62565144	62566511	-	1368	l	2.0
Gnai3	Gnai3	gene-Gnai3	parent	chr21	14360477	14410247	-	49771		
Gnai3	Gnai3-dl2	gene-Gnai3-dl2	paralog_dl	chr2	65050434	65052565	+	2132	dl	2.0
Gnai3	Gnai3-dl1	gene-Gnai3-dl1	paralog_dl	chr18	67123509	67125782	+	2274	dl	1.0
Gnaq	Gnaq	gene-Gnaq	parent	chr9	95935556	96241971	+	306416		
Gnaq	Gnaq-dl1	gene-Gnaq-dl1	paralog_dl	chr4	60764433	60768170	+	3738	dl	1.0
Gnas	Gnas	gene-Gnas	parent	chr15	17668652	17685855	+	17204		
Gnas	Gnas-l1	gene-Gnas-l1	paralog_l	chr16	52490700	52491821	+	1122	l	1.0
Gnas	Gnas-l2	gene-Gnas-l2	paralog_l	chr16	52536056	52537195	-	1140	l	2.0
Gnas	Gnas-l3	gene-Gnas-l3	paralog_l	chr16	52695299	52696444	-	1146	l	3.0
Gnas	Gnas-l4	gene-Gnas-l4	paralog_l	chr16	52816005	52843906	-	27902	l	4.0
Gnas	Gnas-l5	gene-Gnas-l5	paralog_l	chr16	52961665	52963438	-	1774	l	5.0
Gnas	Gnas-l6	gene-Gnas-l6	paralog_l	chr20	86050819	86110800	+	59982	l	6.0
Gng10	Gng10	gene-Gng10	parent	chr14	86572630	86580134	+	7505		
Gng10	Gng10-dl1	gene-Gng10-dl1	paralog_dl	chr7	31136377	31137526	+	1150	dl	1.0
Gng5	Gng5	gene-Gng5	parent	chr21	46625653	46632792	-	7140		
Gng5	Gng5-dl1	gene-Gng5-dl1	paralog_dl	chr8	36156028	36156470	+	443	dl	1.0
Gng5	Gng5-dl2	gene-Gng5-dl2	paralog_dl	chr9	44697079	44697363	-	285	dl	2.0
Gng5	Gng5-dl3	gene-Gng5-dl3	paralog_dl	chr9	56927616	56928274	+	659	dl	3.0
Gnl3	Gnl3	gene-Gnl3	parent	chr19	88643633	88652633	-	9001		
Gnl3	Gnl3-dl1	gene-Gnl3-dl1	paralog_dl	chr1	116337858	116339045	-	1188	dl	1.0
Got1	Got1	gene-Got1	parent	chr28	6888061	6913334	-	25274		
Got1	Got1-dl1	gene-Got1-dl1	paralog_dl	chr10	69534009	69535994	+	1986	dl	1.0
Gpkow	Gpkow	gene-Gpkow	parent	chrX	133861062	133890393	+	29332		
Gpkow	Gpkow-l2	gene-Gpkow-l2	paralog_l	chr9	53789175	53792958	-	3784	l	2.0
Gpkow	Gpkow-l1	gene-Gpkow-l1	paralog_l	chr20	19174322	19177886	-	3565	l	1.0
Gpx7	Gpx7	gene-Gpx7	parent	chr19	55386964	55401449	+	14486		
Gpx7	Gpx7-l1	gene-Gpx7-l1	paralog_l	chr16	72116362	72119041	-	2680	l	1.0
Grb2	Grb2	gene-Grb2	parent	chr18	18677722	18763947	-	86226		
Grb2	Grb2-l1	gene-Grb2-l1	paralog_l	chr1	515031	515674	+	644	l	1.0
Gsdmc	Gsdmc	gene-Gsdmc	parent	chr26	10658955	10678053	+	19099		
Gsdmc	Gsdmc-l1	gene-Gsdmc-l1	paralog_l	chr26	10718493	10741950	-	23458	l	1.0
Gsta4	Gsta4	gene-Gsta4	parent	chr15	3333919	3351060	+	17142		
Gsta4	Gsta4-l1	gene-Gsta4-l1	paralog_l	chr15	3367042	3401396	+	34355	l	1.0
Gsto1	Gsto1	gene-Gsto1	parent	chr28	40729563	40740477	-	10915		
Gsto1	Gsto1-dl1	gene-Gsto1-dl1	paralog_dl	chr10	12684315	12685502	-	1188	dl	1.0
Gstp1	Gstp1	gene-Gstp1	parent	chr4	80794886	80797641	-	2756		
Gstp1	Gstp1-l1	gene-Gstp1-l1	paralog_l	chr3	124855694	124856519	+	826	l	1.0
Gtf3c3	Gtf3c3	gene-Gtf3c3	parent	chr9	53743591	53772381	-	28791		
Gtf3c3	Gtf3c3-l1	gene-Gtf3c3-l1	paralog_l	chr9	53779377	53784557	-	5181	l	1.0
Gvinp1	Gvinp1	gene-Gvinp1	parent	chr24	28593397	28734513	+	141117		
Gvinp1	Gvinp1-l1	gene-Gvinp1-l1	paralog_l	chr24	28130154	28137440	-	7287	l	1.0
Gvinp1	Gvinp1-l2	gene-Gvinp1-l2	paralog_l	chr24	28303419	28308533	-	5115	l	2.0
Gvinp1	Gvinp1-l3	gene-Gvinp1-l3	paralog_l	chr24	28949662	28994598	+	44937	l	3.0
Gzmb	Gzmb	gene-Gzmb	parent	chr8	42142883	42176412	+	33530		
Gzmb	Gzmb-l1	gene-Gzmb-l1	paralog_l	chr8	42227191	42230346	+	3156	l	1.0
Gzmb	Gzmb-l2	gene-Gzmb-l2	paralog_l	chr8	42302075	42305196	+	3122	l	2.0
Gzmb	Gzmb-l3	gene-Gzmb-l3	paralog_l	chr8	42367496	42371251	+	3756	l	3.0
Gzmb	Gzmb-l4	gene-Gzmb-l4	paralog_l	chr8	42452888	42455911	+	3024	l	4.0
Gzmb	Gzmb-l5	gene-Gzmb-l5	paralog_l	chr8	42672682	42675978	+	3297	l	5.0
Gzmb	Gzmb-l6	gene-Gzmb-l6	paralog_l	chr8	42754238	42757375	+	3138	l	6.0
Gzmb	Gzmb-l7	gene-Gzmb-l7	paralog_l	chr8	42894976	42899478	+	4503	l	7.0
Gzmb	Gzmb-l8	gene-Gzmb-l8	paralog_l	chr8	43031018	43034235	+	3218	l	8.0
Gzmb	Gzmb-l9	gene-Gzmb-l9	paralog_l	chr8	43110653	43114261	+	3609	l	9.0
Gzmb	Gzmb-l10	gene-Gzmb-l10	paralog_l	chr8	43230910	43234277	+	3368	l	10.0
Gzmb	Gzmb-l11	gene-Gzmb-l11	paralog_l	chr8	43328542	43331922	+	3381	l	11.0
Gzmb	Gzmb-l12	gene-Gzmb-l12	paralog_l	chr8	43432896	43486877	+	53982	l	12.0
Gzmb	Gzmb-l13	gene-Gzmb-l13	paralog_l	chr8	43519831	43522882	+	3052	l	13.0
Gzmb	Gzmb-l14	gene-Gzmb-l14	paralog_l	chr8	43559651	43562906	+	3256	l	14.0
Gzmb	Gzmb-l15	gene-Gzmb-l15	paralog_l	chr8	43715863	43719495	+	3633	l	15.0
Gzmh	Gzmh	gene-Gzmh	parent	chr8	42240526	42243799	+	3274		
Gzmh	Gzmh-l1	gene-Gzmh-l1	paralog_l	chr8	42524792	42528974	+	4183	l	1.0
H1-0	H1-0	gene-H1-0	parent	chr15	11121437	11122021	+	585		
H1-0	H1-0-l2	gene-H1-0-l2	paralog_l	chr4	36157889	36159979	+	2091	l	2.0
H1-0	H1-0-l1	gene-H1-0-l1	paralog_l	chr23	41284897	41285418	-	522	l	1.0
H1-3	H1-3	gene-H1-3	parent	chr13	91395119	91396677	+	1559		
H1-3	H1-3-l1	gene-H1-3-l1	paralog_l	chr13	91428699	91452677	+	23979	l	1.0
H2ab1	H2ab1	gene-H2ab1	parent	chrX	151475806	151476159	+	354		
H2ab1	H2ab1-l1	gene-H2ab1-l1	paralog_l	chrX	54561259	54561612	-	354	l	1.0
H2ab1	H2ab1-l2	gene-H2ab1-l2	paralog_l	chrX	93303336	93303779	-	444	l	2.0
H2ab1	H2ab1-l3	gene-H2ab1-l3	paralog_l	chrX	149683102	149683455	-	354	l	3.0
H2ab1	H2ab1-l4	gene-H2ab1-l4	paralog_l	chrX	153404265	153404618	-	354	l	4.0
H2ab1	H2ab1-l5	gene-H2ab1-l5	paralog_l	chrX	156947687	156948040	-	354	l	5.0
H2ab1	H2ab1-l6	gene-H2ab1-l6	paralog_l	chrX	174699178	174699554	-	377	l	6.0
H2ac18	H2ac18	gene-H2ac18	parent	chr22	50719463	50720091	+	629		
H2ac18	H2ac18-l1	gene-H2ac18-l1	paralog_l	chr22	50709726	50710346	-	621	l	1.0
H2az1	H2az1	gene-H2az1	parent	chr1	105806721	105808244	+	1524		
H2az1	H2az1-l1	gene-H2az1-l1	paralog_l	chr16	53181481	53182776	+	1296	l	1.0
H2az2	H2az2	gene-H2az2	parent	chr6	42858685	42874823	-	16139		
H2az2	H2az2-l1	gene-H2az2-l1	paralog_l	chr8	10546416	10547138	+	723	l	1.0
H2az2	H2az2-l2	gene-H2az2-l2	paralog_l	chr9	123288122	123308932	+	20811	l	2.0
H2b-i	H2b-i	gene-H2b-i	parent	chr22	50710577	50711115	+	539		
H2b-i	H2b-i-l1	gene-H2b-i-l1	paralog_l	chr22	50717773	50719276	-	1504	l	1.0
H2bc12	H2bc12	gene-H2bc12	parent	chr13	118553494	118556998	-	3505		
H2bc12	H2bc12-l1	gene-H2bc12-l1	paralog_l	chr13	118570398	118570853	-	456	l	1.0
H2bc15	H2bc15	gene-H2bc15	parent	chr13	91264991	91265430	+	440		
H2bc15	H2bc15-l1	gene-H2bc15-l1	paralog_l	chr13	91202351	91203017	-	667	l	1.0
H2bc15	H2bc15-l2	gene-H2bc15-l2	paralog_l	chr13	91271858	91272742	-	885	l	2.0
H2bc15	H2bc15-l3	gene-H2bc15-l3	paralog_l	chr13	91279666	91280668	-	1003	l	3.0
H2bc15	H2bc15-l4	gene-H2bc15-l4	paralog_l	chr13	91343062	91353240	+	10179	l	4.0
H2bc15	H2bc15-dl1	gene-H2bc15-dl1	paralog_dl	chr13	118824175	118824555	-	381	dl	1.0
H2bc15	H2bc15-l5	gene-H2bc15-l5	paralog_l	chr13	118831303	118831735	+	433	l	5.0
H2bc15	H2bc15-dl2	gene-H2bc15-dl2	paralog_dl	chr13	118850527	118850907	+	381	dl	2.0
H2bc15	H2bc15-l6	gene-H2bc15-l6	paralog_l	chr13	118891523	118892884	+	1362	l	6.0
H3c15	H3c15	gene-H3c15	parent	chr13	91418186	91418646	+	461		
H3c15	H3c15-dl1	gene-H3c15-dl1	paralog_dl	chr13	91230029	91230439	+	411	dl	1.0
H3c15	H3c15-l1	gene-H3c15-l1	paralog_l	chr13	91262143	91263401	-	1259	l	1.0
H3c15	H3c15-dl2	gene-H3c15-dl2	paralog_dl	chr13	91405419	91405901	-	483	dl	2.0
H3c15	H3c15-l2	gene-H3c15-l2	paralog_l	chr13	118826491	118827056	+	566	l	2.0
H3c15	H3c15-l3	gene-H3c15-l3	paralog_l	chr13	118887840	118889410	-	1571	l	3.0
H3c15	H3c15-l4	gene-H3c15-l4	paralog_l	chr22	50682444	50683549	-	1106	l	4.0
H3c15	H3c15-dl3	gene-H3c15-dl3	paralog_dl	chr22	50708458	50708868	-	411	dl	3.0
Hacd3	Hacd3	gene-Hacd3	parent	chr17	9566370	9602678	+	36309		
Hacd3	Hacd3-dl1	gene-Hacd3-dl1	paralog_dl	chr15	100654326	100655759	-	1434	dl	1.0
Hat1	Hat1	gene-Hat1	parent	chr9	29372533	29436279	+	63747		
Hat1	Hat1-l1	gene-Hat1-l1	paralog_l	chrX	106853160	106854713	-	1554	l	1.0
Haus4	Haus4	gene-Haus4	parent	chr8	45614432	45619788	+	5357		
Haus4	Haus4-l1	gene-Haus4-l1	paralog_l	chr1	81630	83014	-	1385	l	1.0
Hdac1	Hdac1	gene-Hdac1	parent	chr19	24013631	24058378	+	44748		
Hdac1	Hdac1-dl1	gene-Hdac1-dl1	paralog_dl	chr1	89048367	89050346	+	1980	dl	1.0
Hdac1	Hdac1-dl2	gene-Hdac1-dl2	paralog_dl	chr1	97792942	97794390	+	1449	dl	2.0
Hdac1	Hdac1-l1	gene-Hdac1-l1	paralog_l	chr1	159254917	159256407	-	1491	l	1.0
Hdac1	Hdac1-dl7	gene-Hdac1-dl7	paralog_dl	chr5	79071269	79072138	+	870	dl	7.0
Hdac1	Hdac1-dl8	gene-Hdac1-dl8	paralog_dl	chr8	14104904	14106352	-	1449	dl	8.0
Hdac1	Hdac1-dl3	gene-Hdac1-dl3	paralog_dl	chr10	37486150	37488121	+	1972	dl	3.0
Hdac1	Hdac1-dl4	gene-Hdac1-dl4	paralog_dl	chr13	21450061	21453669	-	3609	dl	4.0
Hdac1	Hdac1-dl5	gene-Hdac1-dl5	paralog_dl	chr20	59991695	59993143	+	1449	dl	5.0
Hdac1	Hdac1-dl6	gene-Hdac1-dl6	paralog_dl	chr24	26089295	26091281	+	1987	dl	6.0
Herc5	Herc5	gene-Herc5	parent	chr1	110794958	110847357	+	52400		
Herc5	Herc5-l1	gene-Herc5-l1	paralog_l	chr1	110662661	110730712	+	68052	l	1.0
Hesx1	Hesx1	gene-Hesx1	parent	chr19	83909465	83911070	+	1606		
Hesx1	Hesx1-l1	gene-Hesx1-l1	paralog_l	chr24	40300468	40301558	+	1091	l	1.0
Hint1	Hint1	gene-Hint1	parent	chr11	116451908	116454168	+	2261		
Hint1	Hint1-dl1	gene-Hint1-dl1	paralog_dl	chr3	3117985	3118542	-	558	dl	1.0
Hint1	Hint1-l1	gene-Hint1-l1	paralog_l	chr15	36592799	36593336	+	538	l	1.0
Hipk2	Hipk2	gene-Hipk2	parent	chr22	65280677	65492008	-	211332		
Hipk2	Hipk2-l1	gene-Hipk2-l1	paralog_l	chr24	17507951	17512923	+	4973	l	1.0
Hla-dpb1	Hla-dpb1	gene-Hla-dpb1	parent	chr1	3309758	3317912	+	8155		
Hla-dpb1	Hla-dpb1-l1	gene-Hla-dpb1-l1	paralog_l	chr1	3389913	3401439	+	11527	l	1.0
Hmgb1	Hmgb1	gene-Hmgb1	parent	chr5	125084661	125086685	-	2025		
Hmgb1	Hmgb1-dl1	gene-Hmgb1-dl1	paralog_dl	chrX	142874758	142875405	-	648	dl	1.0
Hmgb3	Hmgb3	gene-Hmgb3	parent	chrX	4678543	4733854	-	55312		
Hmgb3	Hmgb3-l1	gene-Hmgb3-l1	paralog_l	chr20	61547094	61548526	+	1433	l	1.0
Hmgn2	Hmgn2	gene-Hmgn2	parent	chr13	89864457	89864790	+	334		
Hmgn2	Hmgn2-dl1	gene-Hmgn2-dl1	paralog_dl	chr1	103192662	103194217	-	1556	dl	1.0
Hmgn2	Hmgn2-dl9	gene-Hmgn2-dl9	paralog_dl	chr3	30341188	30343279	+	2092	dl	9.0
Hmgn2	Hmgn2-dl10	gene-Hmgn2-dl10	paralog_dl	chr5	124870007	124870279	+	273	dl	10.0
Hmgn2	Hmgn2-dl2	gene-Hmgn2-dl2	paralog_dl	chr10	113872642	113872932	+	291	dl	2.0
Hmgn2	Hmgn2-dl3	gene-Hmgn2-dl3	paralog_dl	chr15	26842728	26846881	-	4154	dl	3.0
Hmgn2	Hmgn2-dl4	gene-Hmgn2-dl4	paralog_dl	chr19	27203511	27203783	+	273	dl	4.0
Hmgn2	Hmgn2-dl5	gene-Hmgn2-dl5	paralog_dl	chr19	48430498	48430758	+	261	dl	5.0
Hmgn2	Hmgn2-dl6	gene-Hmgn2-dl6	paralog_dl	chr20	58140820	58141092	+	273	dl	6.0
Hmgn2	Hmgn2-dl7	gene-Hmgn2-dl7	paralog_dl	chr23	6834934	6835206	+	273	dl	7.0
Hmgn2	Hmgn2-dl8	gene-Hmgn2-dl8	paralog_dl	chr24	8111623	8111895	-	273	dl	8.0
Hmox1	Hmox1	gene-Hmox1	parent	chr2	157013325	157015990	+	2666		
Hmox1	Hmox1-dl1	gene-Hmox1-dl1	paralog_dl	chr1	28048613	28049866	+	1254	dl	1.0
Hnrnpdl	Hnrnpdl	gene-Hnrnpdl	parent	chr1	135075837	135080975	-	5139		
Hnrnpdl	Hnrnpdl-l1	gene-Hnrnpdl-l1	paralog_l	chrX	85631284	85632273	-	990	l	1.0
Hnrnpf	Hnrnpf	gene-Hnrnpf	parent	chr6	133665910	133680960	-	15051		
Hnrnpf	Hnrnpf-l1	gene-Hnrnpf-l1	paralog_l	chr9	68597547	68598987	+	1441	l	1.0
Hnrnph1	Hnrnph1	gene-Hnrnph1	parent	chr11	118128606	118137277	-	8672		
Hnrnph1	Hnrnph1-l1	gene-Hnrnph1-l1	paralog_l	chr11	10306623	10308772	+	2150	l	1.0
Hnrnpl	Hnrnpl	gene-Hnrnpl	parent	chr2	22199776	22212536	-	12761		
Hnrnpl	Hnrnpl-l1	gene-Hnrnpl-l1	paralog_l	chr1	76907238	76908189	+	952	l	1.0
Hprt1	Hprt1	gene-Hprt1	parent	chrX	30594081	30643656	-	49576		
Hprt1	Hprt1-dl5	gene-Hprt1-dl5	paralog_dl	chrX	59387108	59388403	-	1296	dl	5.0
Hprt1	Hprt1-dl2	gene-Hprt1-dl2	paralog_dl	chr2	148644793	148647265	-	2473	dl	2.0
Hprt1	Hprt1-dl1	gene-Hprt1-dl1	paralog_dl	chr14	43737974	43739111	+	1138	dl	1.0
Hprt1	Hprt1-dl3	gene-Hprt1-dl3	paralog_dl	chr20	58072370	58074453	+	2084	dl	3.0
Hprt1	Hprt1-dl4	gene-Hprt1-dl4	paralog_dl	chr24	12660094	12662056	+	1963	dl	4.0
Hsbp1	Hsbp1	gene-Hsbp1	parent	chr1	172619024	172623506	+	4483		
Hsbp1	Hsbp1-l1	gene-Hsbp1-l1	paralog_l	chr19	41667487	41669303	+	1817	l	1.0
Hsd17b10	Hsd17b10	gene-Hsd17b10	parent	chrX	129183924	129186764	+	2841		
Hsd17b10	Hsd17b10-dl1	gene-Hsd17b10-dl1	paralog_dl	chr16	4627502	4628046	-	545	dl	1.0
Hsd17b6	Hsd17b6	gene-Hsd17b6	parent	chr16	41753417	41775527	-	22111		
Hsd17b6	Hsd17b6-l1	gene-Hsd17b6-l1	paralog_l	chr16	41932410	41942505	-	10096	l	1.0
Hsp90aa1	Hsp90aa1	gene-Hsp90aa1	parent	chr27	50858386	50900540	-	42155		
Hsp90aa1	Hsp90aa1-dl1	gene-Hsp90aa1-dl1	paralog_dl	chr24	1990131	1991866	+	1736	dl	1.0
Hsp90ab1	Hsp90ab1	gene-Hsp90ab1	parent	chr1	12297069	12302591	+	5523		
Hsp90ab1	Hsp90ab1-dl1	gene-Hsp90ab1-dl1	paralog_dl	chr19	45165050	45167485	+	2436	dl	1.0
Hspe1	Hspe1	gene-Hspe1	parent	chr28	12676048	12676616	+	569		
Hspe1	Hspe1-dl6	gene-Hspe1-dl6	paralog_dl	chr2	18464772	18465213	-	442	dl	6.0
Hspe1	Hspe1-dl7	gene-Hspe1-dl7	paralog_dl	chr3	121798077	121798385	+	309	dl	7.0
Hspe1	Hspe1-dl8	gene-Hspe1-dl8	paralog_dl	chr7	52546572	52546880	-	309	dl	8.0
Hspe1	Hspe1-dl1	gene-Hspe1-dl1	paralog_dl	chr11	76797968	76798498	-	531	dl	1.0
Hspe1	Hspe1-dl2	gene-Hspe1-dl2	paralog_dl	chr15	90675052	90675829	-	778	dl	2.0
Hspe1	Hspe1-dl3	gene-Hspe1-dl3	paralog_dl	chr18	27361644	27361946	+	303	dl	3.0
Hspe1	Hspe1-dl4	gene-Hspe1-dl4	paralog_dl	chr18	33807726	33808249	+	524	dl	4.0
Hspe1	Hspe1-dl5	gene-Hspe1-dl5	paralog_dl	chr19	29497663	29498084	+	422	dl	5.0
Hypk	Hypk	gene-Hypk	parent	chr15	87904908	87906813	-	1906		
Hypk	Hypk-dl1	gene-Hypk-dl1	paralog_dl	chr19	30278644	30278943	+	300	dl	1.0
Id4	Id4	gene-Id4	parent	chr13	98358193	98361379	-	3187		
Id4	Id4-l1	gene-Id4-l1	paralog_l	chr16	42178041	42178502	+	462	l	1.0
Idh3a	Idh3a	gene-Idh3a	parent	chr17	19634290	19652636	-	18347		
Idh3a	Idh3a-dl1	gene-Idh3a-dl1	paralog_dl	chr20	46630206	46631920	-	1715	dl	1.0
Idi1	Idi1	gene-Idi1	parent	chr13	80197868	80203657	+	5790		
Idi1	Idi1-dl3	gene-Idi1-dl3	paralog_dl	chr7	73896435	73899199	-	2765	dl	3.0
Idi1	Idi1-dl1	gene-Idi1-dl1	paralog_dl	chr22	53406537	53407220	-	684	dl	1.0
Idi1	Idi1-dl2	gene-Idi1-dl2	paralog_dl	chr23	42397	43080	+	684	dl	2.0
Ifi16	Ifi16	gene-Ifi16	parent	chr2	67952542	67986080	-	33539		
Ifi16	Ifi16-l1	gene-Ifi16-l1	paralog_l	chr2	68324484	68339299	-	14816	l	1.0
Ifi27l2	Ifi27l2	gene-Ifi27l2	parent	chr27	40628466	40647295	-	18830		
Ifi27l2	Ifi27l2-l1	gene-Ifi27l2-l1	paralog_l	chr8	94840434	94840820	+	387	l	1.0
Ifit1	Ifit1	gene-Ifit1	parent	chr1	36994418	37009394	+	14977		
Ifit1	Ifit1-l1	gene-Ifit1-l1	paralog_l	chr1	36708911	36717214	-	8304	l	1.0
Ifit1	Ifit1-l2	gene-Ifit1-l2	paralog_l	chr1	36810603	36812723	-	2121	l	2.0
Ifit1	Ifit1-l3	gene-Ifit1-l3	paralog_l	chr1	37057104	37065406	+	8303	l	3.0
Ifitm3	Ifitm3	gene-Ifitm3	parent	chr24	62980355	62981469	+	1115		
Ifitm3	Ifitm3-dl1	gene-Ifitm3-dl1	paralog_dl	chr15	4142755	4143183	-	429	dl	1.0
Ifitm3	Ifitm3-l1	gene-Ifitm3-l1	paralog_l	chr24	62966018	62967176	-	1159	l	1.0
Ifitm3	Ifitm3-dl2	gene-Ifitm3-dl2	paralog_dl	chr24	62990688	62991827	-	1140	dl	2.0
Ifnb1	Ifnb1	gene-Ifnb1	parent	chr9	128097650	128101977	-	4328		
Ifnb1	Ifnb1-dl1	gene-Ifnb1-dl1	paralog_dl	chr9	128171828	128172391	-	564	dl	1.0
Ifng	Ifng	gene-Ifng	parent	chr16	29422928	29426617	+	3690		
Ifng	Ifng-dl1	gene-Ifng-dl1	paralog_dl	chr16	29485663	29489133	+	3471	dl	1.0
Ifnl3	Ifnl3	gene-Ifnl3	parent	chr2	22743704	22745056	+	1353		
Ifnl3	Ifnl3-l1	gene-Ifnl3-l1	paralog_l	chr2	22706666	22708014	-	1349	l	1.0
Ifnl3	Ifnl3-l2	gene-Ifnl3-l2	paralog_l	chr2	22713875	22715366	-	1492	l	2.0
Ifnw1	Ifnw1	gene-Ifnw1	parent	chr14	71031225	71032404	-	1180		
Ifnw1	Ifnw1-l1	gene-Ifnw1-l1	paralog_l	chr14	71060394	71070161	-	9768	l	1.0
Igbp1	Igbp1	gene-Igbp1	parent	chrX	110575297	110602030	-	26734		
Igbp1	Igbp1-dl3	gene-Igbp1-dl3	paralog_dl	chr9	84646262	84647296	+	1035	dl	3.0
Igbp1	Igbp1-dl1	gene-Igbp1-dl1	paralog_dl	chr13	49852875	49853903	+	1029	dl	1.0
Igbp1	Igbp1-dl2	gene-Igbp1-dl2	paralog_dl	chr13	69617881	69619564	-	1684	dl	2.0
Ighv2-5	Ighv2-5	gene-Ighv2-5	parent	chr17	22792181	22792672	-	492		
Ighv2-5	Ighv2-5-dl1	gene-Ighv2-5-dl1	paralog_dl	chr17	22948774	22949297	-	524	dl	1.0
Ik	Ik	gene-Ik	parent	chr3	41159668	41174385	-	14718		
Ik	Ik-dl1	gene-Ik-dl1	paralog_dl	chr3	135496795	135498462	-	1668	dl	1.0
Il13ra1	Il13ra1	gene-Il13ra1	parent	chrX	52928782	52989982	-	61201		
Il13ra1	Il13ra1-l1	gene-Il13ra1-l1	paralog_l	chr8	67364603	67365651	+	1049	l	1.0
Ilf2	Ilf2	gene-Ilf2	parent	chr22	58652546	58660715	+	8170		
Ilf2	Ilf2-l1	gene-Ilf2-l1	paralog_l	chrX	147381623	147383179	-	1557	l	1.0
Immp1l	Immp1l	gene-Immp1l	parent	chr24	60732952	60794412	-	61461		
Immp1l	Immp1l-dl1	gene-Immp1l-dl1	paralog_dl	chr6	87704680	87705060	-	381	dl	1.0
Ino80c	Ino80c	gene-Ino80c	parent	chr10	26550742	26569097	-	18356		
Ino80c	Ino80c-dl3	gene-Ino80c-dl3	paralog_dl	chr3	86200990	86201403	+	414	dl	3.0
Ino80c	Ino80c-dl1	gene-Ino80c-dl1	paralog_dl	chr10	114426135	114426983	+	849	dl	1.0
Ino80c	Ino80c-dl2	gene-Ino80c-dl2	paralog_dl	chr21	9844820	9845724	-	905	dl	2.0
Ipo5	Ipo5	gene-Ipo5	parent	chr7	119083285	119128552	+	45268		
Ipo5	Ipo5-l1	gene-Ipo5-l1	paralog_l	chr3	100239843	100243198	+	3356	l	1.0
Iqcf5	Iqcf5	gene-Iqcf5	parent	chr6	60985480	60994770	-	9291		
Iqcf5	Iqcf5-l1	gene-Iqcf5-l1	paralog_l	chr6	61003852	61005844	-	1993	l	1.0
Isca1	Isca1	gene-Isca1	parent	chr5	111814702	111828548	-	13847		
Isca1	Isca1-dl1	gene-Isca1-dl1	paralog_dl	chr15	41042545	41042934	+	390	dl	1.0
Ist1	Ist1	gene-Ist1	parent	chr1	161489330	161518632	-	29303		
Ist1	Ist1-l1	gene-Ist1-l1	paralog_l	chr21	51904206	51906516	+	2311	l	1.0
Itfg2	Itfg2	gene-Itfg2	parent	chr9	82752533	82773042	+	20510		
Itfg2	Itfg2-dl1	gene-Itfg2-dl1	paralog_dl	chr1	26440232	26442532	-	2301	dl	1.0
Itm2a	Itm2a	gene-Itm2a	parent	chr12	80110021	80111015	-	995		
Itm2a	Itm2a-l2	gene-Itm2a-l2	paralog_l	chrX	99521025	99530908	+	9884	l	2.0
Itm2a	Itm2a-l1	gene-Itm2a-l1	paralog_l	chr22	25017386	25018177	+	792	l	1.0
Itm2b	Itm2b	gene-Itm2b	parent	chr5	76825010	76846735	+	21726		
Itm2b	Itm2b-dl2	gene-Itm2b-dl2	paralog_dl	chrX	141764966	141767281	-	2316	dl	2.0
Itm2b	Itm2b-dl1	gene-Itm2b-dl1	paralog_dl	chr1	59472797	59474507	-	1711	dl	1.0
Itm2b	Itm2b-l1	gene-Itm2b-l1	paralog_l	chr13	103032326	103033445	+	1120	l	1.0
Jpt1	Jpt1	gene-Jpt1	parent	chr18	18454471	18478580	-	24110		
Jpt1	Jpt1-dl1	gene-Jpt1-dl1	paralog_dl	chr6	62685714	62686440	+	727	dl	1.0
Jpt2	Jpt2	gene-Jpt2	parent	chr20	36185742	36202243	+	16502		
Jpt2	Jpt2-dl1	gene-Jpt2-dl1	paralog_dl	chr10	53262860	53263432	+	573	dl	1.0
Jpt2	Jpt2-dl2	gene-Jpt2-dl2	paralog_dl	chr14	104535519	104536091	-	573	dl	2.0
Jrk	Jrk	gene-Jrk	parent	chr26	35290166	35295154	-	4989		
Jrk	Jrk-l1	gene-Jrk-l1	paralog_l	chr1	37392186	37412285	-	20100	l	1.0
Kansl2	Kansl2	gene-Kansl2	parent	chr16	8331682	8352542	+	20861		
Kansl2	Kansl2-l1	gene-Kansl2-l1	paralog_l	chr3	129247389	129249580	+	2192	l	1.0
Katnbl1	Katnbl1	gene-Katnbl1	parent	chr15	100029031	100085030	-	56000		
Katnbl1	Katnbl1-dl1	gene-Katnbl1-dl1	paralog_dl	chr6	446320	447733	-	1414	dl	1.0
Kcmf1	Kcmf1	gene-Kcmf1	parent	chr22	15573343	15604583	-	31241		
Kcmf1	Kcmf1-l1	gene-Kcmf1-l1	paralog_l	chr6	22816873	22818002	-	1130	l	1.0
Kdm4d	Kdm4d	gene-Kdm4d	parent	chr25	17464859	17489008	+	24150		
Kdm4d	Kdm4d-l1	gene-Kdm4d-l1	paralog_l	chr25	17507911	17509893	+	1983	l	1.0
Khdc1	Khdc1	gene-Khdc1	parent	chr7	13933502	13933990	+	489		
Khdc1	Khdc1-l1	gene-Khdc1-l1	paralog_l	chr7	13905884	13906261	-	378	l	1.0
Kif4a	Kif4a	gene-Kif4a	parent	chrX	110248736	110392966	-	144231		
Kif4a	Kif4a-l1	gene-Kif4a-l1	paralog_l	chr8	22190950	22194654	-	3705	l	1.0
Kifbp	Kifbp	gene-Kifbp	parent	chr2	69737815	69741254	+	3440		
Kifbp	Kifbp-dl1	gene-Kifbp-dl1	paralog_dl	chr2	70636646	70638515	-	1870	dl	1.0
Kifbp	Kifbp-dl2	gene-Kifbp-dl2	paralog_dl	chr2	71676362	71679744	-	3383	dl	2.0
Kifbp	Kifbp-dl3	gene-Kifbp-dl3	paralog_dl	chr2	72767743	72771375	-	3633	dl	3.0
Kifbp	Kifbp-dl4	gene-Kifbp-dl4	paralog_dl	chr2	76859572	76861437	-	1866	dl	4.0
Kifbp	Kifbp-dl5	gene-Kifbp-dl5	paralog_dl	chr9	81630209	81632719	+	2511	dl	5.0
Kin	Kin	gene-Kin	parent	chr13	72707745	72747474	-	39730		
Kin	Kin-l1	gene-Kin-l1	paralog_l	chr21	1315109	1317038	+	1930	l	1.0
Klf17	Klf17	gene-Klf17	parent	chr28	23606337	23607188	-	852		
Klf17	Klf17-dl1	gene-Klf17-dl1	paralog_dl	chr1	35382613	35383566	+	954	dl	1.0
Klf17	Klf17-dl2	gene-Klf17-dl2	paralog_dl	chr19	46216239	46218289	+	2051	dl	2.0
Klf5	Klf5	gene-Klf5	parent	chr7	92557008	92579362	+	22355		
Klf5	Klf5-dl1	gene-Klf5-dl1	paralog_dl	chr2	100211955	100213328	-	1374	dl	1.0
Klk4	Klk4	gene-Klk4	parent	chr2	34755120	34758970	+	3851		
Klk4	Klk4-l1	gene-Klk4-l1	paralog_l	chr2	34501978	34508815	-	6838	l	1.0
Klk4	Klk4-dl1	gene-Klk4-dl1	paralog_dl	chr2	34913616	34916526	+	2911	dl	1.0
Klk4	Klk4-l2	gene-Klk4-l2	paralog_l	chr2	34989443	34997690	+	8248	l	2.0
Klk4	Klk4-l3	gene-Klk4-l3	paralog_l	chr2	34997881	35002202	-	4322	l	3.0
Klk4	Klk4-l4	gene-Klk4-l4	paralog_l	chr2	35343416	35346312	-	2897	l	4.0
Klk4	Klk4-l5	gene-Klk4-l5	paralog_l	chr2	35402045	35403608	-	1564	l	5.0
Klk4	Klk4-dl2	gene-Klk4-dl2	paralog_dl	chr2	35535784	35539574	-	3791	dl	2.0
Klk4	Klk4-l6	gene-Klk4-l6	paralog_l	chr2	35573419	35576164	-	2746	l	6.0
Knop1	Knop1	gene-Knop1	parent	chr20	50318531	50331375	+	12845		
Knop1	Knop1-l1	gene-Knop1-l1	paralog_l	chr1	159868049	159869422	+	1374	l	1.0
Kpna2	Kpna2	gene-Kpna2	parent	chr1	133688108	133689299	+	1192		
Kpna2	Kpna2-dl6	gene-Kpna2-dl6	paralog_dl	chrX	99877796	99879511	+	1716	dl	6.0
Kpna2	Kpna2-dl1	gene-Kpna2-dl1	paralog_dl	chr10	81121270	81123129	+	1860	dl	1.0
Kpna2	Kpna2-dl2	gene-Kpna2-dl2	paralog_dl	chr10	87644965	87646916	+	1952	dl	2.0
Kpna2	Kpna2-dl3	gene-Kpna2-dl3	paralog_dl	chr12	49304365	49305960	-	1596	dl	3.0
Kpna2	Kpna2-dl4	gene-Kpna2-dl4	paralog_dl	chr17	30745748	30747629	+	1882	dl	4.0
Kpna2	Kpna2-l1	gene-Kpna2-l1	paralog_l	chr18	8046144	8074570	-	28427	l	1.0
Kpna2	Kpna2-dl5	gene-Kpna2-dl5	paralog_dl	chr22	38074495	38076423	+	1929	dl	5.0
Krcc1	Krcc1	gene-Krcc1	parent	chr22	13979114	13991531	+	12418		
Krcc1	Krcc1-l1	gene-Krcc1-l1	paralog_l	chr3	121907391	121909388	-	1998	l	1.0
Krr1	Krr1	gene-Krr1	parent	chr2	124271150	124322813	-	51664		
Krr1	Krr1-dl1	gene-Krr1-dl1	paralog_dl	chr2	94674530	94675702	-	1173	dl	1.0
Krr1	Krr1-dl2	gene-Krr1-dl2	paralog_dl	chr2	95081353	95082495	+	1143	dl	2.0
Krr1	Krr1-dl3	gene-Krr1-dl3	paralog_dl	chr20	32453204	32454989	-	1786	dl	3.0
Krt18	Krt18	gene-Krt18	parent	chr16	47650737	47654843	-	4107		
Krt18	Krt18-dl1	gene-Krt18-dl1	paralog_dl	chr15	65353503	65354801	+	1299	dl	1.0
Krt18	Krt18-dl2	gene-Krt18-dl2	paralog_dl	chr17	49856271	49857569	-	1299	dl	2.0
Krt18	Krt18-dl3	gene-Krt18-dl3	paralog_dl	chr19	26403003	26404301	-	1299	dl	3.0
Krt18	Krt18-dl4	gene-Krt18-dl4	paralog_dl	chr21	54354227	54355525	+	1299	dl	4.0
Krt6a	Krt6a	gene-Krt6a	parent	chr16	48075074	48079702	+	4629		
Krt6a	Krt6a-l1	gene-Krt6a-l1	paralog_l	chr16	48104022	48108655	+	4634	l	1.0
Krt8	Krt8	gene-Krt8	parent	chr16	47692080	47699978	+	7899		
Krt8	Krt8-l1	gene-Krt8-l1	paralog_l	chr3	116972867	116974144	+	1278	l	1.0
Krt8	Krt8-dl1	gene-Krt8-dl1	paralog_dl	chr17	98524774	98526198	+	1425	dl	1.0
L3mbtl3	L3mbtl3	gene-L3mbtl3	parent	chr18	70181703	70296152	-	114450		
L3mbtl3	L3mbtl3-l1	gene-L3mbtl3-l1	paralog_l	chr12	120032055	120034315	-	2261	l	1.0
Lage3	Lage3	gene-Lage3	parent	chrX	1716438	1717272	+	835		
Lage3	Lage3-l1	gene-Lage3-l1	paralog_l	chrX	1369954	1374495	+	4542	l	1.0
Lage3	Lage3-dl1	gene-Lage3-dl1	paralog_dl	chrX	30072099	30073232	-	1134	dl	1.0
Lair1	Lair1	gene-Lair1	parent	chr2	41552642	41583577	+	30936		
Lair1	Lair1-l1	gene-Lair1-l1	paralog_l	chr2	41317975	41361871	-	43897	l	1.0
Lamtor1	Lamtor1	gene-Lamtor1	parent	chr18	18570762	18571830	-	1069		
Lamtor1	Lamtor1-dl1	gene-Lamtor1-dl1	paralog_dl	chr24	23908731	23916560	+	7830	dl	1.0
Lamtor2	Lamtor2	gene-Lamtor2	parent	chr22	56395550	56400262	-	4713		
Lamtor2	Lamtor2-dl1	gene-Lamtor2-dl1	paralog_dl	chr17	100441797	100442294	-	498	dl	1.0
Lamtor4	Lamtor4	gene-Lamtor4	parent	chr6	32461065	32462343	+	1279		
Lamtor4	Lamtor4-l1	gene-Lamtor4-l1	paralog_l	chr1	156420313	156422094	-	1782	l	1.0
Lamtor5	Lamtor5	gene-Lamtor5	parent	chr21	13522455	13528134	+	5680		
Lamtor5	Lamtor5-l1	gene-Lamtor5-l1	paralog_l	chr18	29089531	29090201	-	671	l	1.0
Lap3	Lap3	gene-Lap3	parent	chr12	47535960	47558318	-	22359		
Lap3	Lap3-l1	gene-Lap3-l1	paralog_l	chr18	55217750	55219648	+	1899	l	1.0
Larp1b	Larp1b	gene-Larp1b	parent	chr23	36414230	36449097	-	34868		
Larp1b	Larp1b-l1	gene-Larp1b-l1	paralog_l	chr23	36324954	36410145	-	85192	l	1.0
Larp7	Larp7	gene-Larp7	parent	chr1	93499047	93522497	-	23451		
Larp7	Larp7-dl5	gene-Larp7-dl5	paralog_dl	chrX	51504001	51505395	+	1395	dl	5.0
Larp7	Larp7-dl1	gene-Larp7-dl1	paralog_dl	chr1	15814635	15815186	-	552	dl	1.0
Larp7	Larp7-dl4	gene-Larp7-dl4	paralog_dl	chr2	87958356	87959257	-	902	dl	4.0
Larp7	Larp7-dl2	gene-Larp7-dl2	paralog_dl	chr16	41417267	41419525	-	2259	dl	2.0
Larp7	Larp7-dl3	gene-Larp7-dl3	paralog_dl	chr17	62111269	62111820	-	552	dl	3.0
Lbp	Lbp	gene-Lbp	parent	chr20	65697783	65731047	+	33265		
Lbp	Lbp-l1	gene-Lbp-l1	paralog_l	chr20	65783234	65806891	+	23658	l	1.0
Lcn2	Lcn2	gene-Lcn2	parent	chr14	104348651	104369021	+	20371		
Lcn2	Lcn2-dl1	gene-Lcn2-dl1	paralog_dl	chr14	104368276	104371640	-	3365	dl	1.0
Lcn2	Lcn2-l1	gene-Lcn2-l1	paralog_l	chr14	104399842	104402858	-	3017	l	1.0
Lcn2	Lcn2-l2	gene-Lcn2-l2	paralog_l	chr14	104419090	104422637	+	3548	l	2.0
Lcn2	Lcn2-l3	gene-Lcn2-l3	paralog_l	chr14	104464851	104468802	-	3952	l	3.0
Lcn2	Lcn2-l4	gene-Lcn2-l4	paralog_l	chr14	105279302	105284091	-	4790	l	4.0
Lcn2	Lcn2-l5	gene-Lcn2-l5	paralog_l	chr14	105331123	105334031	+	2909	l	5.0
Lcn2	Lcn2-l6	gene-Lcn2-l6	paralog_l	chr14	105377495	105386496	-	9002	l	6.0
Lcn2	Lcn2-l7	gene-Lcn2-l7	paralog_l	chr14	105486406	105490713	-	4308	l	7.0
Lcn2	Lcn2-l8	gene-Lcn2-l8	paralog_l	chr14	105530215	105535462	-	5248	l	8.0
Lcn2	Lcn2-l9	gene-Lcn2-l9	paralog_l	chr14	105764334	105812680	+	48347	l	9.0
Lcn2	Lcn2-l10	gene-Lcn2-l10	paralog_l	chr14	105848145	105851275	+	3131	l	10.0
Lcn2	Lcn2-dl2	gene-Lcn2-dl2	paralog_dl	chr14	105891983	105895069	+	3087	dl	2.0
Lcn2	Lcn2-dl3	gene-Lcn2-dl3	paralog_dl	chr14	107221101	107224483	+	3383	dl	3.0
Ldha	Ldha	gene-Ldha	parent	chr24	42146351	42154280	+	7930		
Ldha	Ldha-l1	gene-Ldha-l1	paralog_l	chr24	38648071	38649576	-	1506	l	1.0
Lgals9	Lgals9	gene-Lgals9	parent	chr7	27420083	27434117	+	14035		
Lgals9	Lgals9-l1	gene-Lgals9-l1	paralog_l	chr7	27175701	27186843	-	11143	l	1.0
Lgals9	Lgals9-l2	gene-Lgals9-l2	paralog_l	chr7	27317389	27323411	-	6023	l	2.0
Lgals9b	Lgals9b	gene-Lgals9b	parent	chr7	27127112	27130068	+	2957		
Lgals9b	Lgals9b-l1	gene-Lgals9b-l1	paralog_l	chr7	27209602	27230912	-	21311	l	1.0
Lilra5	Lilra5	gene-Lilra5	parent	chr2	41147423	41150927	-	3505		
Lilra5	Lilra5-l1	gene-Lilra5-l1	paralog_l	chr2	41177334	41182133	-	4800	l	1.0
Lilra5	Lilra5-l2	gene-Lilra5-l2	paralog_l	chr2	41207023	41209829	-	2807	l	2.0
Lilra6	Lilra6	gene-Lilra6	parent	chr2	40584473	40591051	-	6579		
Lilra6	Lilra6-l1	gene-Lilra6-l1	paralog_l	chr2	41993238	41996882	+	3645	l	1.0
Lilra6	Lilra6-l2	gene-Lilra6-l2	paralog_l	chr2	42165186	42182545	+	17360	l	2.0
Lin28a	Lin28a	gene-Lin28a	parent	chr19	18494641	18512266	+	17626		
Lin28a	Lin28a-l1	gene-Lin28a-l1	paralog_l	chr5	128260196	128260835	+	640	l	1.0
Lin28a	Lin28a-dl1	gene-Lin28a-dl1	paralog_dl	chr8	105938389	105939018	-	630	dl	1.0
Llcfc1	Llcfc1	gene-Llcfc1	parent	chr22	68584627	68585908	+	1282		
Llcfc1	Llcfc1-l1	gene-Llcfc1-l1	paralog_l	chr22	68642562	68643811	+	1250	l	1.0
Loxhd1	Loxhd1	gene-Loxhd1	parent	chr10	38165854	38343471	-	177618		
Loxhd1	Loxhd1-l1	gene-Loxhd1-l1	paralog_l	chr26	49433792	49491189	+	57398	l	1.0
Lrpap1	Lrpap1	gene-Lrpap1	parent	chr12	58985620	58997880	+	12261		
Lrpap1	Lrpap1-dl1	gene-Lrpap1-dl1	paralog_dl	chr5	109201529	109203056	+	1528	dl	1.0
Lsm3	Lsm3	gene-Lsm3	parent	chr9	82253524	82263360	+	9837		
Lsm3	Lsm3-dl1	gene-Lsm3-dl1	paralog_dl	chr1	41670879	41671488	-	610	dl	1.0
Lsm3	Lsm3-dl4	gene-Lsm3-dl4	paralog_dl	chr7	95353633	95354341	-	709	dl	4.0
Lsm3	Lsm3-dl2	gene-Lsm3-dl2	paralog_dl	chr17	14826598	14829564	+	2967	dl	2.0
Lsm3	Lsm3-dl3	gene-Lsm3-dl3	paralog_dl	chr26	34163446	34163688	-	243	dl	3.0
Lsm4	Lsm4	gene-Lsm4	parent	chr7	1373114	1374984	-	1871		
Lsm4	Lsm4-dl1	gene-Lsm4-dl1	paralog_dl	chr3	105415915	105421993	-	6079	dl	1.0
Lsm5	Lsm5	gene-Lsm5	parent	chr6	13133434	13138275	-	4842		
Lsm5	Lsm5-l1	gene-Lsm5-l1	paralog_l	chr14	40746188	40746725	+	538	l	1.0
Lsm8	Lsm8	gene-Lsm8	parent	chr5	82776370	82785098	-	8729		
Lsm8	Lsm8-dl1	gene-Lsm8-dl1	paralog_dl	chr23	25636600	25637960	+	1361	dl	1.0
Ly6e	Ly6e	gene-Ly6e	parent	chr26	35909552	35910402	+	851		
Ly6e	Ly6e-l1	gene-Ly6e-l1	paralog_l	chr26	35502354	35505804	-	3451	l	1.0
Lyrm2	Lyrm2	gene-Lyrm2	parent	chr15	18572407	18600047	-	27641		
Lyrm2	Lyrm2-dl1	gene-Lyrm2-dl1	paralog_dl	chr11	8466626	8468603	+	1978	dl	1.0
Lyrm2	Lyrm2-l1	gene-Lyrm2-l1	paralog_l	chr19	33781370	33782356	-	987	l	1.0
Lyrm2	Lyrm2-dl2	gene-Lyrm2-dl2	paralog_dl	chr24	23860444	23860707	+	264	dl	2.0
Lyz	Lyz	gene-Lyz	parent	chr16	28050370	28055565	-	5196		
Lyz	Lyz-l1	gene-Lyz-l1	paralog_l	chr16	28112524	28116929	+	4406	l	1.0
Lyz	Lyz-l2	gene-Lyz-l2	paralog_l	chr16	28154390	28167286	-	12897	l	2.0
Mad2l2	Mad2l2	gene-Mad2l2	parent	chr19	33844977	33872701	+	27725		
Mad2l2	Mad2l2-l1	gene-Mad2l2-l1	paralog_l	chr17	47329098	47330250	+	1153	l	1.0
Magea10	Magea10	gene-Magea10	parent	chrX	3595062	3595832	+	771		
Magea10	Magea10-l1	gene-Magea10-l1	paralog_l	chrX	3634070	3635155	+	1086	l	1.0
Magea10	Magea10-l2	gene-Magea10-l2	paralog_l	chrX	3843458	3844472	-	1015	l	2.0
Magea10	Magea10-l3	gene-Magea10-l3	paralog_l	chrX	4285742	4286482	+	741	l	3.0
Magea10	Magea10-l4	gene-Magea10-l4	paralog_l	chrX	7034315	7035136	+	822	l	4.0
Magea10	Magea10-l5	gene-Magea10-l5	paralog_l	chrX	7257104	7257862	-	759	l	5.0
Magea10	Magea10-l6	gene-Magea10-l6	paralog_l	chrX	7423360	7424118	+	759	l	6.0
Magea10	Magea10-l7	gene-Magea10-l7	paralog_l	chrX	7900603	7901349	+	747	l	7.0
Magea10	Magea10-dl1	gene-Magea10-dl1	paralog_dl	chrX	8050412	8052067	+	1656	dl	1.0
Magea10	Magea10-l8	gene-Magea10-l8	paralog_l	chrX	8527992	8528756	+	765	l	8.0
Magea10	Magea10-l9	gene-Magea10-l9	paralog_l	chrX	19021103	19024768	+	3666	l	9.0
Magea10	Magea10-l10	gene-Magea10-l10	paralog_l	chrX	20226846	20227901	-	1056	l	10.0
Magea11	Magea11	gene-Magea11	parent	chrX	8186677	8187423	+	747		
Magea11	Magea11-l1	gene-Magea11-l1	paralog_l	chrX	7158654	7159415	-	762	l	1.0
Magea11	Magea11-l2	gene-Magea11-l2	paralog_l	chrX	7567046	7567909	-	864	l	2.0
Magea11	Magea11-l3	gene-Magea11-l3	paralog_l	chrX	8274552	8275571	+	1020	l	3.0
Magea11	Magea11-l4	gene-Magea11-l4	paralog_l	chrX	8554017	8554973	+	957	l	4.0
Magea11	Magea11-l5	gene-Magea11-l5	paralog_l	chrX	8573190	8573933	+	744	l	5.0
Magea4	Magea4	gene-Magea4	parent	chrX	6927810	6928817	+	1008		
Magea4	Magea4-l1	gene-Magea4-l1	paralog_l	chrX	7319876	7320832	-	957	l	1.0
Magea4	Magea4-l2	gene-Magea4-l2	paralog_l	chrX	7477649	7478488	-	840	l	2.0
Magea4	Magea4-l3	gene-Magea4-l3	paralog_l	chrX	7630752	7631615	-	864	l	3.0
Magea4	Magea4-l4	gene-Magea4-l4	paralog_l	chrX	7662456	7663472	-	1017	l	4.0
Mageb16	Mageb16	gene-Mageb16	parent	chrX	7723441	7724202	+	762		
Mageb16	Mageb16-l1	gene-Mageb16-l1	paralog_l	chrX	5867224	5867985	-	762	l	1.0
Mageb3	Mageb3	gene-Mageb3	parent	chrX	161952321	161953592	+	1272		
Mageb3	Mageb3-l1	gene-Mageb3-l1	paralog_l	chrX	161965816	162016528	-	50713	l	1.0
Mageb3	Mageb3-l2	gene-Mageb3-l2	paralog_l	chrX	167349521	167350711	-	1191	l	2.0
Mageb3	Mageb3-l3	gene-Mageb3-l3	paralog_l	chrX	167377987	167379090	-	1104	l	3.0
Mageb3	Mageb3-dl1	gene-Mageb3-dl1	paralog_dl	chrX	167420934	167422028	-	1095	dl	1.0
Mageb3	Mageb3-l4	gene-Mageb3-l4	paralog_l	chrX	167785784	167786875	-	1092	l	4.0
Mageb3	Mageb3-l5	gene-Mageb3-l5	paralog_l	chrX	168039442	168040602	+	1161	l	5.0
Mageb4	Mageb4	gene-Mageb4	parent	chrX	15539893	15540936	+	1044		
Mageb4	Mageb4-l1	gene-Mageb4-l1	paralog_l	chrX	161677116	161678310	-	1195	l	1.0
Mageb4	Mageb4-dl1	gene-Mageb4-dl1	paralog_dl	chrX	161742208	161743296	-	1089	dl	1.0
Mageb4	Mageb4-l2	gene-Mageb4-l2	paralog_l	chrX	161876757	161877845	+	1089	l	2.0
Mageb4	Mageb4-l3	gene-Mageb4-l3	paralog_l	chrX	161913179	161917613	+	4435	l	3.0
Mageb4	Mageb4-l4	gene-Mageb4-l4	paralog_l	chrX	162012692	162013717	-	1026	l	4.0
Mak16	Mak16	gene-Mak16	parent	chr5	59615323	59625331	-	10009		
Mak16	Mak16-dl1	gene-Mak16-dl1	paralog_dl	chr19	67892908	67894916	-	2009	dl	1.0
Maoa	Maoa	gene-Maoa	parent	chrX	141290388	141382111	-	91724		
Maoa	Maoa-dl1	gene-Maoa-dl1	paralog_dl	chr18	47391572	47392765	+	1194	dl	1.0
Maoa	Maoa-dl2	gene-Maoa-dl2	paralog_dl	chr20	60704429	60706009	-	1581	dl	2.0
Mat2a	Mat2a	gene-Mat2a	parent	chr22	15161779	15168714	-	6936		
Mat2a	Mat2a-l1	gene-Mat2a-l1	paralog_l	chr7	77151246	77154056	-	2811	l	1.0
Mboat7	Mboat7	gene-Mboat7	parent	chr2	40394733	40404193	-	9461		
Mboat7	Mboat7-l1	gene-Mboat7-l1	paralog_l	chr2	41391413	41402099	-	10687	l	1.0
Mdp1	Mdp1	gene-Mdp1	parent	chr8	44141575	44145429	+	3855		
Mdp1	Mdp1-l1	gene-Mdp1-l1	paralog_l	chr8	44182573	44184933	+	2361	l	1.0
Med29	Med29	gene-Med29	parent	chr2	22876587	22882378	+	5792		
Med29	Med29-dl1	gene-Med29-dl1	paralog_dl	chr2	3255020	3255708	+	689	dl	1.0
Med4	Med4	gene-Med4	parent	chr5	76657518	76677433	-	19916		
Med4	Med4-dl2	gene-Med4-dl2	paralog_dl	chrX	197701051	197702751	+	1701	dl	2.0
Med4	Med4-dl1	gene-Med4-dl1	paralog_dl	chr20	61646637	61648041	-	1405	dl	1.0
Melk	Melk	gene-Melk	parent	chr14	54601188	54713506	-	112319		
Melk	Melk-l1	gene-Melk-l1	paralog_l	chr9	84299050	84299954	-	905	l	1.0
Mfsd13a	Mfsd13a	gene-Mfsd13a	parent	chr28	42462239	42487614	-	25376		
Mfsd13a	Mfsd13a-l1	gene-Mfsd13a-l1	paralog_l	chr3	8113548	8165927	-	52380	l	1.0
Mgat1	Mgat1	gene-Mgat1	parent	chr12	70377924	70380163	+	2240		
Mgat1	Mgat1-l1	gene-Mgat1-l1	paralog_l	chr9	90080059	90095723	+	15665	l	1.0
Mgat4c	Mgat4c	gene-Mgat4c	parent	chr2	135167781	135436221	-	268441		
Mgat4c	Mgat4c-l1	gene-Mgat4c-l1	paralog_l	chr8	74846105	74854324	+	8220	l	1.0
Mgat4c	Mgat4c-l2	gene-Mgat4c-l2	paralog_l	chr8	74920228	74927371	+	7144	l	2.0
Mia2	Mia2	gene-Mia2	parent	chr8	25436023	25553154	-	117132		
Mia2	Mia2-l1	gene-Mia2-l1	paralog_l	chr1	123033053	123034615	-	1563	l	1.0
Mif	Mif	gene-Mif	parent	chr20	20867433	20868326	+	894		
Mif	Mif-dl1	gene-Mif-dl1	paralog_dl	chr17	93662453	93664632	-	2180	dl	1.0
Mmgt1	Mmgt1	gene-Mmgt1	parent	chrX	26948733	26960258	+	11526		
Mmgt1	Mmgt1-dl1	gene-Mmgt1-dl1	paralog_dl	chr22	12248351	12249311	+	961	dl	1.0
Mphosph10	Mphosph10	gene-Mphosph10	parent	chr15	65585642	65603813	-	18172		
Mphosph10	Mphosph10-l1	gene-Mphosph10-l1	paralog_l	chr10	83549799	83552342	-	2544	l	1.0
Mreg	Mreg	gene-Mreg	parent	chr9	89939485	89940493	+	1009		
Mreg	Mreg-l1	gene-Mreg-l1	paralog_l	chr1	76254665	76274233	+	19569	l	1.0
Mrgprx1	Mrgprx1	gene-Mrgprx1	parent	chr24	43684696	43685830	-	1135		
Mrgprx1	Mrgprx1-l1	gene-Mrgprx1-l1	paralog_l	chr24	43738287	43739333	-	1047	l	1.0
Mrgprx1	Mrgprx1-l2	gene-Mrgprx1-l2	paralog_l	chr24	43833739	43834731	-	993	l	2.0
Mri1	Mri1	gene-Mri1	parent	chr3	126679332	126685822	-	6491		
Mri1	Mri1-dl1	gene-Mri1-dl1	paralog_dl	chr12	99804570	99806907	+	2338	dl	1.0
Mroh7	Mroh7	gene-Mroh7	parent	chr19	57366284	57419233	+	52950		
Mroh7	Mroh7-l1	gene-Mroh7-l1	paralog_l	chr8	76936556	76966312	-	29757	l	1.0
Mrpl11	Mrpl11	gene-Mrpl11	parent	chr4	81944658	81962315	+	17658		
Mrpl11	Mrpl11-l1	gene-Mrpl11-l1	paralog_l	chrX	170369222	170370034	+	813	l	1.0
Mrpl15	Mrpl15	gene-Mrpl15	parent	chr26	48769564	48790062	+	20499		
Mrpl15	Mrpl15-l1	gene-Mrpl15-l1	paralog_l	chr16	50361727	50362801	+	1075	l	1.0
Mrpl17	Mrpl17	gene-Mrpl17	parent	chr24	28103923	28106207	-	2285		
Mrpl17	Mrpl17-dl1	gene-Mrpl17-dl1	paralog_dl	chr16	96048650	96049655	+	1006	dl	1.0
Mrpl3	Mrpl3	gene-Mrpl3	parent	chr6	67549838	67589806	-	39969		
Mrpl3	Mrpl3-l1	gene-Mrpl3-l1	paralog_l	chr21	3142506	3143992	-	1487	l	1.0
Mrpl30	Mrpl30	gene-Mrpl30	parent	chr22	6894757	6902849	-	8093		
Mrpl30	Mrpl30-l1	gene-Mrpl30-l1	paralog_l	chr10	25778045	25778696	+	652	l	1.0
Mrpl36	Mrpl36	gene-Mrpl36	parent	chr6	59373423	59375770	+	2348		
Mrpl36	Mrpl36-dl1	gene-Mrpl36-dl1	paralog_dl	chr17	23969145	23970064	-	920	dl	1.0
Mrpl41	Mrpl41	gene-Mrpl41	parent	chr14	114227417	114230135	+	2719		
Mrpl41	Mrpl41-l2	gene-Mrpl41-l2	paralog_l	chr8	74944572	74945238	-	667	l	2.0
Mrpl41	Mrpl41-l1	gene-Mrpl41-l1	paralog_l	chr14	82517733	82518332	-	600	l	1.0
Mrpl42	Mrpl42	gene-Mrpl42	parent	chr2	142897942	142940878	+	42937		
Mrpl42	Mrpl42-l1	gene-Mrpl42-l1	paralog_l	chr26	33258817	33259421	+	605	l	1.0
Mrpl45	Mrpl45	gene-Mrpl45	parent	chr7	5392932	5400648	-	7717		
Mrpl45	Mrpl45-l1	gene-Mrpl45-l1	paralog_l	chr8	45121731	45123393	-	1663	l	1.0
Mrpl49	Mrpl49	gene-Mrpl49	parent	chr4	83278484	83281805	-	3322		
Mrpl49	Mrpl49-dl2	gene-Mrpl49-dl2	paralog_dl	chrX	100568318	100570056	-	1739	dl	2.0
Mrpl49	Mrpl49-dl1	gene-Mrpl49-dl1	paralog_dl	chr17	23472032	23474038	-	2007	dl	1.0
Mrpl50	Mrpl50	gene-Mrpl50	parent	chr14	75797896	75810439	-	12544		
Mrpl50	Mrpl50-dl2	gene-Mrpl50-dl2	paralog_dl	chr2	20763755	20764048	+	294	dl	2.0
Mrpl50	Mrpl50-dl3	gene-Mrpl50-dl3	paralog_dl	chr8	71186090	71187299	+	1210	dl	3.0
Mrpl50	Mrpl50-dl1	gene-Mrpl50-dl1	paralog_dl	chr19	32564405	32565102	-	698	dl	1.0
Mrpl55	Mrpl55	gene-Mrpl55	parent	chr3	79944217	79946373	-	2157		
Mrpl55	Mrpl55-l1	gene-Mrpl55-l1	paralog_l	chr15	42111282	42111810	+	529	l	1.0
Mrps15	Mrps15	gene-Mrps15	parent	chr19	28487673	28494622	-	6950		
Mrps15	Mrps15-dl1	gene-Mrps15-dl1	paralog_dl	chr24	13386772	13389212	-	2441	dl	1.0
Mrps16	Mrps16	gene-Mrps16	parent	chr1	21694608	21695709	+	1102		
Mrps16	Mrps16-l1	gene-Mrps16-l1	paralog_l	chr25	41160780	41161521	-	742	l	1.0
Mrps18c	Mrps18c	gene-Mrps18c	parent	chr6	89984508	89990292	+	5785		
Mrps18c	Mrps18c-l1	gene-Mrps18c-l1	paralog_l	chr8	42863152	42863811	+	660	l	1.0
Mrps18c	Mrps18c-dl1	gene-Mrps18c-dl1	paralog_dl	chr8	75227703	75228468	-	766	dl	1.0
Mrps21	Mrps21	gene-Mrps21	parent	chr22	51171365	51191324	+	19960		
Mrps21	Mrps21-dl1	gene-Mrps21-dl1	paralog_dl	chr9	84414932	84415327	-	396	dl	1.0
Mrps25	Mrps25	gene-Mrps25	parent	chr9	77068885	77074480	+	5596		
Mrps25	Mrps25-dl2	gene-Mrps25-dl2	paralog_dl	chr3	126074558	126076315	+	1758	dl	2.0
Mrps25	Mrps25-dl1	gene-Mrps25-dl1	paralog_dl	chr14	39692794	39693315	-	522	dl	1.0
Mrps6	Mrps6	gene-Mrps6	parent	chr14	41595759	41667380	+	71622		
Mrps6	Mrps6-dl2	gene-Mrps6-dl2	paralog_dl	chr9	54269815	54270602	+	788	dl	2.0
Mrps6	Mrps6-dl1	gene-Mrps6-dl1	paralog_dl	chr13	10538332	10538706	+	375	dl	1.0
Mrto4	Mrto4	gene-Mrto4	parent	chr19	12000539	12006029	+	5491		
Mrto4	Mrto4-l1	gene-Mrto4-l1	paralog_l	chr19	14769376	14770559	+	1184	l	1.0
Ms4a2	Ms4a2	gene-Ms4a2	parent	chr4	50703545	50710101	-	6557		
Ms4a2	Ms4a2-l1	gene-Ms4a2-l1	paralog_l	chr4	50596654	50602871	+	6218	l	1.0
Ms4a4a	Ms4a4a	gene-Ms4a4a	parent	chr4	49973924	49988492	+	14569		
Ms4a4a	Ms4a4a-dl1	gene-Ms4a4a-dl1	paralog_dl	chr4	49654890	49672371	+	17482	dl	1.0
Ms4a4d	Ms4a4d	gene-Ms4a4d	parent	chr4	49550812	49561185	-	10374		
Ms4a4d	Ms4a4d-dl1	gene-Ms4a4d-dl1	paralog_dl	chr4	49697727	49700607	+	2881	dl	1.0
Msmb	Msmb	gene-Msmb	parent	chr6	1443645	1450862	+	7218		
Msmb	Msmb-l1	gene-Msmb-l1	paralog_l	chr6	1706593	1714748	+	8156	l	1.0
Msn	Msn	gene-Msn	parent	chrX	116272947	116353465	-	80519		
Msn	Msn-dl1	gene-Msn-dl1	paralog_dl	chr8	77246183	77250645	-	4463	dl	1.0
Mtap	Mtap	gene-Mtap	parent	chr14	70589435	70633576	-	44142		
Mtap	Mtap-dl1	gene-Mtap-dl1	paralog_dl	chr1	73253244	73256717	+	3474	dl	1.0
Mtap	Mtap-dl2	gene-Mtap-dl2	paralog_dl	chr15	961023	961673	-	651	dl	2.0
Mtap	Mtap-dl3	gene-Mtap-dl3	paralog_dl	chr19	17337816	17338466	+	651	dl	3.0
Mtrex	Mtrex	gene-Mtrex	parent	chr10	95138454	95243006	+	104553		
Mtrex	Mtrex-dl1	gene-Mtrex-dl1	paralog_dl	chr10	104208040	104211375	-	3336	dl	1.0
Mx2	Mx2	gene-Mx2	parent	chr14	44106592	44129828	+	23237		
Mx2	Mx2-l1	gene-Mx2-l1	paralog_l	chr14	43949647	44012982	-	63336	l	1.0
Mycbp	Mycbp	gene-Mycbp	parent	chr19	30721985	30730302	-	8318		
Mycbp	Mycbp-dl1	gene-Mycbp-dl1	paralog_dl	chr1	157506890	157507243	-	354	dl	1.0
Mycbp	Mycbp-l4	gene-Mycbp-l4	paralog_l	chr2	27684081	27684441	+	361	l	4.0
Mycbp	Mycbp-l5	gene-Mycbp-l5	paralog_l	chr2	27915005	27915316	-	312	l	5.0
Mycbp	Mycbp-dl2	gene-Mycbp-dl2	paralog_dl	chr2	29792970	29794679	-	1710	dl	2.0
Mycbp	Mycbp-l6	gene-Mycbp-l6	paralog_l	chr6	74960548	74960895	+	348	l	6.0
Mycbp	Mycbp-l1	gene-Mycbp-l1	paralog_l	chr11	66648592	66648952	+	361	l	1.0
Mycbp	Mycbp-l2	gene-Mycbp-l2	paralog_l	chr12	99791375	99791898	+	524	l	2.0
Mycbp	Mycbp-l3	gene-Mycbp-l3	paralog_l	chr15	87301242	87301556	+	315	l	3.0
Myh2	Myh2	gene-Myh2	parent	chr7	41561165	41585663	-	24499		
Myh2	Myh2-l1	gene-Myh2-l1	paralog_l	chr7	41588285	41614242	-	25958	l	1.0
Myl12b	Myl12b	gene-Myl12b	parent	chr10	8585673	8599144	-	13472		
Myl12b	Myl12b-l1	gene-Myl12b-l1	paralog_l	chr17	57838780	57840805	+	2026	l	1.0
Myl6	Myl6	gene-Myl6	parent	chr16	42732949	42737761	-	4813		
Myl6	Myl6-l2	gene-Myl6-l2	paralog_l	chr6	79660470	79661087	-	618	l	2.0
Myl6	Myl6-l1	gene-Myl6-l1	paralog_l	chr26	36000525	36000965	-	441	l	1.0
Myl9	Myl9	gene-Myl9	parent	chr20	63952308	63959453	+	7146		
Myl9	Myl9-l1	gene-Myl9-l1	paralog_l	chr10	8602977	8613540	-	10564	l	1.0
Naa11	Naa11	gene-Naa11	parent	chr1	131202573	131210191	-	7619		
Naa11	Naa11-l1	gene-Naa11-l1	paralog_l	chr6	43178431	43191403	-	12973	l	1.0
Nampt	Nampt	gene-Nampt	parent	chr17	90503328	90536058	+	32731		
Nampt	Nampt-dl1	gene-Nampt-dl1	paralog_dl	chr2	69052478	69054597	+	2120	dl	1.0
Nanp	Nanp	gene-Nanp	parent	chr3	127851470	127860147	+	8678		
Nanp	Nanp-l1	gene-Nanp-l1	paralog_l	chr17	72384148	72386188	+	2041	l	1.0
Napsa	Napsa	gene-Napsa	parent	chr2	34091573	34095618	-	4046		
Napsa	Napsa-dl1	gene-Napsa-dl1	paralog_dl	chr2	34120779	34128449	+	7671	dl	1.0
Nasp	Nasp	gene-Nasp	parent	chr19	48537550	48550574	+	13025		
Nasp	Nasp-l1	gene-Nasp-l1	paralog_l	chr10	108162273	108165491	+	3219	l	1.0
Nat8b	Nat8b	gene-Nat8b	parent	chr22	27465104	27506592	+	41489		
Nat8b	Nat8b-l1	gene-Nat8b-l1	paralog_l	chr22	27233321	27289051	-	55731	l	1.0
Ncbp2	Ncbp2	gene-Ncbp2	parent	chr16	97053605	97081060	-	27456		
Ncbp2	Ncbp2-dl1	gene-Ncbp2-dl1	paralog_dl	chr10	116601818	116603527	-	1710	dl	1.0
Ncr3lg1	Ncr3lg1	gene-Ncr3lg1	parent	chr24	41308862	41316976	+	8115		
Ncr3lg1	Ncr3lg1-l1	gene-Ncr3lg1-l1	paralog_l	chr24	41122159	41131980	+	9822	l	1.0
Ncr3lg1	Ncr3lg1-l2	gene-Ncr3lg1-l2	paralog_l	chr24	41211230	41219857	+	8628	l	2.0
Ndufa10	Ndufa10	gene-Ndufa10	parent	chr1	54114792	54155866	+	41075		
Ndufa10	Ndufa10-l1	gene-Ndufa10-l1	paralog_l	chr3	45731054	45732482	-	1429	l	1.0
Ndufa11	Ndufa11	gene-Ndufa11	parent	chr3	119931596	119939567	+	7972		
Ndufa11	Ndufa11-dl1	gene-Ndufa11-dl1	paralog_dl	chr18	26308613	26309038	+	426	dl	1.0
Ndufa12	Ndufa12	gene-Ndufa12	parent	chr2	144441736	144463072	-	21337		
Ndufa12	Ndufa12-dl1	gene-Ndufa12-dl1	paralog_dl	chr12	90966842	90967405	-	564	dl	1.0
Ndufa12	Ndufa12-dl2	gene-Ndufa12-dl2	paralog_dl	chr28	12673388	12673944	+	557	dl	2.0
Ndufa2	Ndufa2	gene-Ndufa2	parent	chr3	41174477	41176872	+	2396		
Ndufa2	Ndufa2-l2	gene-Ndufa2-l2	paralog_l	chr6	60965127	60965433	-	307	l	2.0
Ndufa2	Ndufa2-dl1	gene-Ndufa2-dl1	paralog_dl	chr12	84110579	84111114	+	536	dl	1.0
Ndufa2	Ndufa2-l1	gene-Ndufa2-l1	paralog_l	chr20	14486353	14488594	-	2242	l	1.0
Ndufa3	Ndufa3	gene-Ndufa3	parent	chr2	40353909	40355800	+	1892		
Ndufa3	Ndufa3-l2	gene-Ndufa3-l2	paralog_l	chrX	66503205	66503530	+	326	l	2.0
Ndufa3	Ndufa3-l1	gene-Ndufa3-l1	paralog_l	chr6	78557406	78557735	-	330	l	1.0
Ndufa3	Ndufa3-dl1	gene-Ndufa3-dl1	paralog_dl	chr7	14621123	14621474	-	352	dl	1.0
Ndufa4	Ndufa4	gene-Ndufa4	parent	chr5	90908458	90915052	+	6595		
Ndufa4	Ndufa4-dl1	gene-Ndufa4-dl1	paralog_dl	chr14	102644311	102644715	-	405	dl	1.0
Ndufa4	Ndufa4-dl2	gene-Ndufa4-dl2	paralog_dl	chr17	14216258	14216679	-	422	dl	2.0
Ndufa4	Ndufa4-dl3	gene-Ndufa4-dl3	paralog_dl	chr19	83931844	83932286	+	443	dl	3.0
Ndufa5	Ndufa5	gene-Ndufa5	parent	chr17	51741210	51753629	-	12420		
Ndufa5	Ndufa5-l2	gene-Ndufa5-l2	paralog_l	chr7	49399425	49399833	+	409	l	2.0
Ndufa5	Ndufa5-dl1	gene-Ndufa5-dl1	paralog_dl	chr23	30721998	30722348	+	351	dl	1.0
Ndufa5	Ndufa5-l1	gene-Ndufa5-l1	paralog_l	chr28	29511032	29513112	-	2081	l	1.0
Ndufa6	Ndufa6	gene-Ndufa6	parent	chr4	39831635	39838484	-	6850		
Ndufa6	Ndufa6-dl1	gene-Ndufa6-dl1	paralog_dl	chr28	33794030	33794416	-	387	dl	1.0
Ndufa8	Ndufa8	gene-Ndufa8	parent	chr5	75776288	75776782	+	495		
Ndufa8	Ndufa8-dl1	gene-Ndufa8-dl1	paralog_dl	chr14	98150606	98169731	-	19126	dl	1.0
Ndufab1	Ndufab1	gene-Ndufab1	parent	chr3	6960254	6971963	+	11710		
Ndufab1	Ndufab1-l1	gene-Ndufab1-l1	paralog_l	chr12	22881333	22882036	+	704	l	1.0
Ndufaf2	Ndufaf2	gene-Ndufaf2	parent	chr10	100843808	100908962	+	65155		
Ndufaf2	Ndufaf2-l1	gene-Ndufaf2-l1	paralog_l	chr6	64199490	64200171	-	682	l	1.0
Ndufaf4	Ndufaf4	gene-Ndufaf4	parent	chr15	26269593	26273911	-	4319		
Ndufaf4	Ndufaf4-dl2	gene-Ndufaf4-dl2	paralog_dl	chr6	74381364	74382578	+	1215	dl	2.0
Ndufaf4	Ndufaf4-dl1	gene-Ndufaf4-dl1	paralog_dl	chr27	48104380	48105791	-	1412	dl	1.0
Ndufb10	Ndufb10	gene-Ndufb10	parent	chr1	14393020	14393692	+	673		
Ndufb10	Ndufb10-dl1	gene-Ndufb10-dl1	paralog_dl	chr20	36494103	36496398	+	2296	dl	1.0
Ndufb4	Ndufb4	gene-Ndufb4	parent	chr6	105088323	105092207	-	3885		
Ndufb4	Ndufb4-dl1	gene-Ndufb4-dl1	paralog_dl	chr14	88582784	88583179	-	396	dl	1.0
Ndufb7	Ndufb7	gene-Ndufb7	parent	chr3	126097895	126103681	+	5787		
Ndufb7	Ndufb7-dl1	gene-Ndufb7-dl1	paralog_dl	chr16	9801159	9802110	-	952	dl	1.0
Ndufb7	Ndufb7-dl2	gene-Ndufb7-dl2	paralog_dl	chr24	12710883	12711284	-	402	dl	2.0
Ndufs8	Ndufs8	gene-Ndufs8	parent	chr4	80663311	80667575	-	4265		
Ndufs8	Ndufs8-l1	gene-Ndufs8-l1	paralog_l	chr22	55806658	55807367	-	710	l	1.0
Nedd8	Nedd8	gene-Nedd8	parent	chr8	44170684	44181926	+	11243		
Nedd8	Nedd8-dl5	gene-Nedd8-dl5	paralog_dl	chr2	14188659	14188904	+	246	dl	5.0
Nedd8	Nedd8-dl7	gene-Nedd8-dl7	paralog_dl	chr3	83538301	83540866	+	2566	dl	7.0
Nedd8	Nedd8-dl1	gene-Nedd8-dl1	paralog_dl	chr10	3721822	3722231	-	410	dl	1.0
Nedd8	Nedd8-dl2	gene-Nedd8-dl2	paralog_dl	chr10	69777456	69778055	+	600	dl	2.0
Nedd8	Nedd8-dl3	gene-Nedd8-dl3	paralog_dl	chr12	70642146	70642391	-	246	dl	3.0
Nedd8	Nedd8-dl4	gene-Nedd8-dl4	paralog_dl	chr19	23693817	23694062	+	246	dl	4.0
Nedd8	Nedd8-dl6	gene-Nedd8-dl6	paralog_dl	chr26	36164096	36164281	+	186	dl	6.0
Nifk	Nifk	gene-Nifk	parent	chr13	8685254	8699246	+	13993		
Nifk	Nifk-dl4	gene-Nifk-dl4	paralog_dl	chr4	99403254	99404150	+	897	dl	4.0
Nifk	Nifk-dl1	gene-Nifk-dl1	paralog_dl	chr11	93677804	93678822	-	1019	dl	1.0
Nifk	Nifk-dl2	gene-Nifk-dl2	paralog_dl	chr20	74508924	74511270	+	2347	dl	2.0
Nifk	Nifk-dl3	gene-Nifk-dl3	paralog_dl	chr27	2025522	2026436	-	915	dl	3.0
Nipsnap2	Nipsnap2	gene-Nipsnap2	parent	chr6	41936389	41967980	-	31592		
Nipsnap2	Nipsnap2-dl1	gene-Nipsnap2-dl1	paralog_dl	chr8	19452287	19453012	+	726	dl	1.0
Nlrp1	Nlrp1	gene-Nlrp1	parent	chr7	36223235	36332545	+	109311		
Nlrp1	Nlrp1-l1	gene-Nlrp1-l1	paralog_l	chr7	36411475	36444125	+	32651	l	1.0
Nlrp1	Nlrp1-l2	gene-Nlrp1-l2	paralog_l	chr7	36607164	36653905	+	46742	l	2.0
Nop10	Nop10	gene-Nop10	parent	chr15	100212991	100214029	-	1039		
Nop10	Nop10-dl1	gene-Nop10-dl1	paralog_dl	chr14	109705981	109706398	-	418	dl	1.0
Nop10	Nop10-dl2	gene-Nop10-dl2	paralog_dl	chr15	18373290	18373811	+	522	dl	2.0
Notch2	Notch2	gene-Notch2	parent	chr21	2502258	2658397	+	156140		
Notch2	Notch2-l1	gene-Notch2-l1	paralog_l	chr21	2690070	2691748	-	1679	l	1.0
Npm1	Npm1	gene-Npm1	parent	chr11	91800900	91812384	-	11485		
Npm1	Npm1-l1	gene-Npm1-l1	paralog_l	chr5	77995669	77996397	+	729	l	1.0
Npm1	Npm1-l2	gene-Npm1-l2	paralog_l	chr6	66322583	66325181	-	2599	l	2.0
Nr1h4	Nr1h4	gene-Nr1h4	parent	chr2	149762756	149850959	+	88204		
Nr1h4	Nr1h4-l1	gene-Nr1h4-l1	paralog_l	chr21	8738519	8755997	-	17479	l	1.0
Nr1i3	Nr1i3	gene-Nr1i3	parent	chr2	65398320	65403744	+	5425		
Nr1i3	Nr1i3-l1	gene-Nr1i3-l1	paralog_l	chr8	67450444	67455788	-	5345	l	1.0
Nsa2	Nsa2	gene-Nsa2	parent	chr10	115022941	115023815	+	875		
Nsa2	Nsa2-dl2	gene-Nsa2-dl2	paralog_dl	chr8	113041887	113042546	-	660	dl	2.0
Nsa2	Nsa2-dl1	gene-Nsa2-dl1	paralog_dl	chr10	114060153	114070809	+	10657	dl	1.0
Nsfl1c	Nsfl1c	gene-Nsfl1c	parent	chr20	55077382	55112875	+	35494		
Nsfl1c	Nsfl1c-l1	gene-Nsfl1c-l1	paralog_l	chrX	104889695	104891554	+	1860	l	1.0
Nthl1	Nthl1	gene-Nthl1	parent	chr20	36582701	36589807	-	7107		
Nthl1	Nthl1-l1	gene-Nthl1-l1	paralog_l	chr20	15100875	15101692	-	818	l	1.0
Nucks1	Nucks1	gene-Nucks1	parent	chr8	72160802	72166695	+	5894		
Nucks1	Nucks1-l1	gene-Nucks1-l1	paralog_l	chr2	147660197	147662836	+	2640	l	1.0
Nudcd2	Nudcd2	gene-Nudcd2	parent	chr11	100107955	100112573	+	4619		
Nudcd2	Nudcd2-dl1	gene-Nudcd2-dl1	paralog_dl	chr14	84931817	84933033	-	1217	dl	1.0
Nudt11	Nudt11	gene-Nudt11	parent	chrX	131021215	131021586	+	372		
Nudt11	Nudt11-dl1	gene-Nudt11-dl1	paralog_dl	chrX	131265967	131271819	+	5853	dl	1.0
Nudt16	Nudt16	gene-Nudt16	parent	chr6	67457386	67459796	+	2411		
Nudt16	Nudt16-l1	gene-Nudt16-l1	paralog_l	chr6	67436229	67437788	+	1560	l	1.0
Nup43	Nup43	gene-Nup43	parent	chr18	38015095	38039816	+	24722		
Nup43	Nup43-dl1	gene-Nup43-dl1	paralog_dl	chr21	58150775	58151983	+	1209	dl	1.0
Nupr1	Nupr1	gene-Nupr1	parent	chr12	118559594	118569503	+	9910		
Nupr1	Nupr1-l1	gene-Nupr1-l1	paralog_l	chr3	1916462	1917870	+	1409	l	1.0
Nus1	Nus1	gene-Nus1	parent	chr16	51606986	51610267	-	3282		
Nus1	Nus1-dl1	gene-Nus1-dl1	paralog_dl	chr18	81728232	81750522	-	22291	dl	1.0
Nusap1	Nusap1	gene-Nusap1	parent	chr15	90294635	90325473	-	30839		
Nusap1	Nusap1-l2	gene-Nusap1-l2	paralog_l	chrX	105752197	105753983	+	1787	l	2.0
Nusap1	Nusap1-l1	gene-Nusap1-l1	paralog_l	chr13	7052239	7054116	+	1878	l	1.0
Nutf2	Nutf2	gene-Nutf2	parent	chr1	156674011	156700275	+	26265		
Nutf2	Nutf2-l1	gene-Nutf2-l1	paralog_l	chr3	118279039	118281033	-	1995	l	1.0
Nxpe3	Nxpe3	gene-Nxpe3	parent	chr6	125885042	125935750	-	50709		
Nxpe3	Nxpe3-l1	gene-Nxpe3-l1	paralog_l	chr6	32349199	32381472	-	32274	l	1.0
Nxpe3	Nxpe3-l2	gene-Nxpe3-l2	paralog_l	chr6	32381511	32416670	-	35160	l	2.0
Oat	Oat	gene-Oat	parent	chr28	18888319	18910568	+	22250		
Oat	Oat-dl1	gene-Oat-dl1	paralog_dl	chr24	17828439	17833075	-	4637	dl	1.0
Obp2b	Obp2b	gene-Obp2b	parent	chr14	111338105	111363909	+	25805		
Obp2b	Obp2b-l1	gene-Obp2b-l1	paralog_l	chr14	111402990	111405790	+	2801	l	1.0
Obp2b	Obp2b-l2	gene-Obp2b-l2	paralog_l	chr14	112844500	112847167	+	2668	l	2.0
Olfm4	Olfm4	gene-Olfm4	parent	chr7	67447581	67469504	+	21924		
Olfm4	Olfm4-l1	gene-Olfm4-l1	paralog_l	chr24	26543640	26552005	-	8366	l	1.0
Or10q1	Or10q1	gene-Or10q1	parent	chr4	52622170	52623273	+	1104		
Or10q1	Or10q1-l1	gene-Or10q1-l1	paralog_l	chr4	52581505	52582488	-	984	l	1.0
Or51a7	Or51a7	gene-Or51a7	parent	chr24	25364079	25365040	+	962		
Or51a7	Or51a7-l1	gene-Or51a7-l1	paralog_l	chr24	25429973	25430908	-	936	l	1.0
Or51a7	Or51a7-l2	gene-Or51a7-l2	paralog_l	chr24	25450196	25451134	+	939	l	2.0
Or51a7	Or51a7-l3	gene-Or51a7-l3	paralog_l	chr24	25572466	25573407	+	942	l	3.0
Or51a7	Or51a7-l4	gene-Or51a7-l4	paralog_l	chr24	25597943	25598410	-	468	l	4.0
Or51c1	Or51c1	gene-Or51c1	parent	chr24	25141440	25142384	+	945		
Or51c1	Or51c1-l1	gene-Or51c1-l1	paralog_l	chr24	25121493	25122437	-	945	l	1.0
Or51c1	Or51c1-l2	gene-Or51c1-l2	paralog_l	chr24	25157772	25158722	+	951	l	2.0
Or51f1	Or51f1	gene-Or51f1	parent	chr24	25207034	25207993	-	960		
Or51f1	Or51f1-l1	gene-Or51f1-l1	paralog_l	chr24	25231911	25232786	-	876	l	1.0
Or51g2	Or51g2	gene-Or51g2	parent	chr24	25628575	25629519	+	945		
Or51g2	Or51g2-l1	gene-Or51g2-l1	paralog_l	chr24	25457365	25458315	-	951	l	1.0
Or51g2	Or51g2-l2	gene-Or51g2-l2	paralog_l	chr24	25911111	25912070	+	960	l	2.0
Or51g2	Or51g2-l3	gene-Or51g2-l3	paralog_l	chr24	25948064	25949023	-	960	l	3.0
Or51g2	Or51g2-l4	gene-Or51g2-l4	paralog_l	chr24	25958173	25959120	-	948	l	4.0
Or51g2	Or51g2-l5	gene-Or51g2-l5	paralog_l	chr24	25967260	25968254	-	995	l	5.0
Or51g2	Or51g2-l6	gene-Or51g2-l6	paralog_l	chr24	25973236	25974186	-	951	l	6.0
Or51i1	Or51i1	gene-Or51i1	parent	chr24	26005676	26006620	+	945		
Or51i1	Or51i1-l1	gene-Or51i1-l1	paralog_l	chr24	26378056	26378994	-	939	l	1.0
Or51i1	Or51i1-l2	gene-Or51i1-l2	paralog_l	chr24	26465048	26465992	-	945	l	2.0
Or51i2	Or51i2	gene-Or51i2	parent	chr24	26397893	26398920	+	1028		
Or51i2	Or51i2-l1	gene-Or51i2-l1	paralog_l	chr24	25083786	25084748	-	963	l	1.0
Or51i2	Or51i2-dl1	gene-Or51i2-dl1	paralog_dl	chr24	25090890	25091852	-	963	dl	1.0
Or51i2	Or51i2-l2	gene-Or51i2-l2	paralog_l	chr24	26367353	26368303	-	951	l	2.0
Or51i2	Or51i2-l3	gene-Or51i2-l3	paralog_l	chr24	26409029	26409973	-	945	l	3.0
Or51i2	Or51i2-l4	gene-Or51i2-l4	paralog_l	chr24	26450753	26451697	-	945	l	4.0
Or51i2	Or51i2-l5	gene-Or51i2-l5	paralog_l	chr24	26478797	26479744	-	948	l	5.0
Or51l1	Or51l1	gene-Or51l1	parent	chr24	24852636	24853589	+	954		
Or51l1	Or51l1-l1	gene-Or51l1-l1	paralog_l	chr24	25553142	25554089	-	948	l	1.0
Or51v1	Or51v1	gene-Or51v1	parent	chr24	26044090	26045034	-	945		
Or51v1	Or51v1-l1	gene-Or51v1-l1	paralog_l	chr24	26063226	26064170	-	945	l	1.0
Or52a1	Or52a1	gene-Or52a1	parent	chr24	25841377	25842420	+	1044		
Or52a1	Or52a1-l1	gene-Or52a1-l1	paralog_l	chr24	25798309	25799253	-	945	l	1.0
Or52a1	Or52a1-l2	gene-Or52a1-l2	paralog_l	chr24	25854808	25855326	+	519	l	2.0
Or52a1	Or52a1-l3	gene-Or52a1-l3	paralog_l	chr24	26156535	26157473	-	939	l	3.0
Or52b2	Or52b2	gene-Or52b2	parent	chr24	25918055	25920709	-	2655		
Or52b2	Or52b2-l1	gene-Or52b2-l1	paralog_l	chr24	27555549	27558492	-	2944	l	1.0
Or52b2	Or52b2-l2	gene-Or52b2-l2	paralog_l	chr24	27562264	27564984	-	2721	l	2.0
Or52b4	Or52b4	gene-Or52b4	parent	chr24	24750180	24752603	+	2424		
Or52b4	Or52b4-l1	gene-Or52b4-l1	paralog_l	chr24	24784003	24787155	+	3153	l	1.0
Or52b4	Or52b4-l2	gene-Or52b4-l2	paralog_l	chr24	24816733	24817683	+	951	l	2.0
Or52h1	Or52h1	gene-Or52h1	parent	chr24	26980984	26981925	+	942		
Or52h1	Or52h1-l1	gene-Or52h1-l1	paralog_l	chr24	26574027	26574971	-	945	l	1.0
Or52h1	Or52h1-l2	gene-Or52h1-l2	paralog_l	chr24	26990774	26991736	+	963	l	2.0
Or52i1	Or52i1	gene-Or52i1	parent	chr24	24992042	24993022	+	981		
Or52i1	Or52i1-l1	gene-Or52i1-l1	paralog_l	chr24	25012218	25013174	+	957	l	1.0
Or52j3	Or52j3	gene-Or52j3	parent	chr24	25640245	25641183	+	939		
Or52j3	Or52j3-l1	gene-Or52j3-l1	paralog_l	chr24	25538409	25539347	-	939	l	1.0
Or52j3	Or52j3-l2	gene-Or52j3-l2	paralog_l	chr24	25872226	25873170	-	945	l	2.0
Or52m1	Or52m1	gene-Or52m1	parent	chr24	24952243	24953196	+	954		
Or52m1	Or52m1-l1	gene-Or52m1-l1	paralog_l	chr24	24933444	24935156	-	1713	l	1.0
Or52p1	Or52p1	gene-Or52p1	parent	chr24	27012162	27013767	+	1606		
Or52p1	Or52p1-l1	gene-Or52p1-l1	paralog_l	chr24	26106861	26107811	-	951	l	1.0
Or52p1	Or52p1-l2	gene-Or52p1-l2	paralog_l	chr24	27038299	27039234	-	936	l	2.0
Or52p1	Or52p1-l3	gene-Or52p1-l3	paralog_l	chr24	27069155	27070144	+	990	l	3.0
Or52r1	Or52r1	gene-Or52r1	parent	chr24	25261376	25262320	-	945		
Or52r1	Or52r1-l1	gene-Or52r1-l1	paralog_l	chr24	25331897	25332841	-	945	l	1.0
Or56a4	Or56a4	gene-Or56a4	parent	chr24	27383990	27384934	-	945		
Or56a4	Or56a4-l1	gene-Or56a4-l1	paralog_l	chr24	27421676	27422650	-	975	l	1.0
Or56b1	Or56b1	gene-Or56b1	parent	chr24	27103607	27104464	+	858		
Or56b1	Or56b1-dl1	gene-Or56b1-dl1	paralog_dl	chr24	27113744	27114703	+	960	dl	1.0
Osbpl11	Osbpl11	gene-Osbpl11	parent	chr16	1449278	1514779	+	65502		
Osbpl11	Osbpl11-dl1	gene-Osbpl11-dl1	paralog_dl	chr2	3859014	3862107	+	3094	dl	1.0
Osbpl11	Osbpl11-dl2	gene-Osbpl11-dl2	paralog_dl	chr2	74079926	74083524	-	3599	dl	2.0
Ostf1	Ostf1	gene-Ostf1	parent	chr9	98865125	98915568	-	50444		
Ostf1	Ostf1-dl1	gene-Ostf1-dl1	paralog_dl	chr22	57491231	57491875	+	645	dl	1.0
Otub1	Otub1	gene-Otub1	parent	chr4	84350206	84360030	-	9825		
Otub1	Otub1-dl1	gene-Otub1-dl1	paralog_dl	chr14	74941076	74942187	-	1112	dl	1.0
Otud6b	Otud6b	gene-Otud6b	parent	chr11	34212932	34230598	-	17667		
Otud6b	Otud6b-l1	gene-Otud6b-l1	paralog_l	chrX	133460716	133464075	-	3360	l	1.0
Ovca2	Ovca2	gene-Ovca2	parent	chr15	100085436	100086822	+	1387		
Ovca2	Ovca2-dl1	gene-Ovca2-dl1	paralog_dl	chr7	32095890	32099039	+	3150	dl	1.0
P2ry10	P2ry10	gene-P2ry10	parent	chrX	99967240	99989317	-	22078		
P2ry10	P2ry10-l1	gene-P2ry10-l1	paralog_l	chrX	99866252	99869568	-	3317	l	1.0
Pa2g4	Pa2g4	gene-Pa2g4	parent	chr16	42788440	42797979	-	9540		
Pa2g4	Pa2g4-dl4	gene-Pa2g4-dl4	paralog_dl	chr8	79212193	79214447	-	2255	dl	4.0
Pa2g4	Pa2g4-dl1	gene-Pa2g4-dl1	paralog_dl	chr13	118951780	118952964	-	1185	dl	1.0
Pa2g4	Pa2g4-dl2	gene-Pa2g4-dl2	paralog_dl	chr17	49583458	49584953	-	1496	dl	2.0
Pa2g4	Pa2g4-dl3	gene-Pa2g4-dl3	paralog_dl	chr18	45992804	45994959	-	2156	dl	3.0
Pabpc1l2a	Pabpc1l2a	gene-Pabpc1l2a	parent	chrX	106898036	106900561	+	2526		
Pabpc1l2a	Pabpc1l2a-dl1	gene-Pabpc1l2a-dl1	paralog_dl	chrX	107071777	107074251	-	2475	dl	1.0
Pabpn1	Pabpn1	gene-Pabpn1	parent	chr8	45231668	45238298	-	6631		
Pabpn1	Pabpn1-dl1	gene-Pabpn1-dl1	paralog_dl	chr18	18343719	18344279	-	561	dl	1.0
Pbdc1	Pbdc1	gene-Pbdc1	parent	chr9	28796491	28799805	-	3315		
Pbdc1	Pbdc1-l1	gene-Pbdc1-l1	paralog_l	chrX	102555912	102560278	-	4367	l	1.0
Pbdc1	Pbdc1-l2	gene-Pbdc1-l2	paralog_l	chrX	102731889	102737160	+	5272	l	2.0
Pcbp1	Pcbp1	gene-Pcbp1	parent	chr9	82907634	82910232	-	2599		
Pcbp1	Pcbp1-dl1	gene-Pcbp1-dl1	paralog_dl	chr22	30932776	30934221	-	1446	dl	1.0
Pcbp1	Pcbp1-dl2	gene-Pcbp1-dl2	paralog_dl	chr27	24599469	24603365	-	3897	dl	2.0
Pcbp2	Pcbp2	gene-Pcbp2	parent	chr16	47020391	47047755	-	27365		
Pcbp2	Pcbp2-l1	gene-Pcbp2-l1	paralog_l	chr10	92214294	92237304	+	23011	l	1.0
Pcdhb4	Pcdhb4	gene-Pcdhb4	parent	chr3	40515628	40519579	-	3952		
Pcdhb4	Pcdhb4-l1	gene-Pcdhb4-l1	paralog_l	chr3	40568421	40572039	-	3619	l	1.0
Pced1a	Pced1a	gene-Pced1a	parent	chr3	149076128	149082193	+	6066		
Pced1a	Pced1a-l1	gene-Pced1a-l1	paralog_l	chr1	79764811	79766064	-	1254	l	1.0
Pclaf	Pclaf	gene-Pclaf	parent	chr17	8315510	8324152	-	8643		
Pclaf	Pclaf-dl1	gene-Pclaf-dl1	paralog_dl	chr9	70701136	70701474	-	339	dl	1.0
Pcmt1	Pcmt1	gene-Pcmt1	parent	chr18	37944146	38011470	-	67325		
Pcmt1	Pcmt1-l1	gene-Pcmt1-l1	paralog_l	chr1	77757786	77758838	-	1053	l	1.0
Pcna	Pcna	gene-Pcna	parent	chr3	146715964	146716233	+	270		
Pcna	Pcna-l1	gene-Pcna-l1	paralog_l	chr3	146711046	146714521	+	3476	l	1.0
Pdap1	Pdap1	gene-Pdap1	parent	chr6	30704615	30714453	-	9839		
Pdap1	Pdap1-dl1	gene-Pdap1-dl1	paralog_dl	chr19	84438442	84439963	-	1522	dl	1.0
Pdcl3	Pdcl3	gene-Pdcl3	parent	chr22	5720570	5729361	-	8792		
Pdcl3	Pdcl3-l1	gene-Pdcl3-l1	paralog_l	chr20	63499999	63501031	+	1033	l	1.0
Pdha1	Pdha1	gene-Pdha1	parent	chrX	176373446	176388459	-	15014		
Pdha1	Pdha1-dl1	gene-Pdha1-dl1	paralog_dl	chr24	43720210	43720926	+	717	dl	1.0
Pdia6	Pdia6	gene-Pdia6	parent	chr17	32954502	32966671	-	12170		
Pdia6	Pdia6-dl1	gene-Pdia6-dl1	paralog_dl	chr9	46961306	46963041	+	1736	dl	1.0
Pdk1	Pdk1	gene-Pdk1	parent	chr9	29950012	29997768	+	47757		
Pdk1	Pdk1-l1	gene-Pdk1-l1	paralog_l	chr16	40203438	40204855	+	1418	l	1.0
Pdlim5	Pdlim5	gene-Pdlim5	parent	chr1	117262410	117490932	+	228523		
Pdlim5	Pdlim5-l1	gene-Pdlim5-l1	paralog_l	chr14	96992810	96996700	+	3891	l	1.0
Pebp1	Pebp1	gene-Pebp1	parent	chr20	15443252	15450074	+	6823		
Pebp1	Pebp1-dl2	gene-Pebp1-dl2	paralog_dl	chr9	79845353	79846649	+	1297	dl	2.0
Pebp1	Pebp1-dl1	gene-Pebp1-dl1	paralog_dl	chr10	110628258	110628770	+	513	dl	1.0
Pemt	Pemt	gene-Pemt	parent	chr7	53196586	53279252	-	82667		
Pemt	Pemt-l1	gene-Pemt-l1	paralog_l	chr1	35069225	35069761	-	537	l	1.0
Pes1	Pes1	gene-Pes1	parent	chr20	26086371	26102099	+	15729		
Pes1	Pes1-dl1	gene-Pes1-dl1	paralog_dl	chr10	39790657	39792875	+	2219	dl	1.0
Pex13	Pex13	gene-Pex13	parent	chr22	40180267	40211551	-	31285		
Pex13	Pex13-dl1	gene-Pex13-dl1	paralog_dl	chr4	140956289	140960761	+	4473	dl	1.0
Pfdn1	Pfdn1	gene-Pfdn1	parent	chr3	41486703	41561882	+	75180		
Pfdn1	Pfdn1-dl1	gene-Pfdn1-dl1	paralog_dl	chr16	3793732	3794100	+	369	dl	1.0
Pfdn1	Pfdn1-dl2	gene-Pfdn1-dl2	paralog_dl	chr19	31370935	31371621	+	687	dl	2.0
Pfdn2	Pfdn2	gene-Pfdn2	parent	chr2	65533066	65544440	+	11375		
Pfdn2	Pfdn2-l1	gene-Pfdn2-l1	paralog_l	chr20	68848545	68850276	+	1732	l	1.0
Pfdn5	Pfdn5	gene-Pfdn5	parent	chr16	47244608	47249070	-	4463		
Pfdn5	Pfdn5-dl4	gene-Pfdn5-dl4	paralog_dl	chrX	31022115	31022579	-	465	dl	4.0
Pfdn5	Pfdn5-dl2	gene-Pfdn5-dl2	paralog_dl	chr3	43513240	43513979	-	740	dl	2.0
Pfdn5	Pfdn5-dl3	gene-Pfdn5-dl3	paralog_dl	chr9	25903997	25904718	+	722	dl	3.0
Pfdn5	Pfdn5-dl1	gene-Pfdn5-dl1	paralog_dl	chr24	26239121	26239606	-	486	dl	1.0
Pfn2	Pfn2	gene-Pfn2	parent	chr16	53146940	53154589	-	7650		
Pfn2	Pfn2-l1	gene-Pfn2-l1	paralog_l	chrX	117313396	117313857	-	462	l	1.0
Pgam1	Pgam1	gene-Pgam1	parent	chr28	4858895	4861325	+	2431		
Pgam1	Pgam1-dl1	gene-Pgam1-dl1	paralog_dl	chr1	134759001	134759765	+	765	dl	1.0
Pgam1	Pgam1-dl4	gene-Pgam1-dl4	paralog_dl	chr2	65450787	65452466	+	1680	dl	4.0
Pgam1	Pgam1-dl6	gene-Pgam1-dl6	paralog_dl	chr4	87144817	87146508	+	1692	dl	6.0
Pgam1	Pgam1-dl7	gene-Pgam1-dl7	paralog_dl	chr9	89645478	89646014	+	537	dl	7.0
Pgam1	Pgam1-dl2	gene-Pgam1-dl2	paralog_dl	chr10	52541255	52542164	+	910	dl	2.0
Pgam1	Pgam1-dl3	gene-Pgam1-dl3	paralog_dl	chr12	25881502	25882872	-	1371	dl	3.0
Pgam1	Pgam1-dl5	gene-Pgam1-dl5	paralog_dl	chr25	39427581	39428504	+	924	dl	5.0
Pgk1	Pgk1	gene-Pgk1	parent	chrX	100349907	100371574	-	21668		
Pgk1	Pgk1-dl1	gene-Pgk1-dl1	paralog_dl	chr14	87410882	87411820	+	939	dl	1.0
Pgk1	Pgk1-dl2	gene-Pgk1-dl2	paralog_dl	chr16	27458528	27460209	+	1682	dl	2.0
Pgk1	Pgk1-dl3	gene-Pgk1-dl3	paralog_dl	chr16	83042989	83044770	+	1782	dl	3.0
Pgk1	Pgk1-dl4	gene-Pgk1-dl4	paralog_dl	chr24	49126720	49129292	-	2573	dl	4.0
Phb2	Phb2	gene-Phb2	parent	chr4	100039481	100045414	+	5934		
Phb2	Phb2-dl1	gene-Phb2-dl1	paralog_dl	chr16	42870129	42871447	-	1319	dl	1.0
Phgdh	Phgdh	gene-Phgdh	parent	chr21	2848475	2883483	-	35009		
Phgdh	Phgdh-l1	gene-Phgdh-l1	paralog_l	chr9	87594401	87596214	-	1814	l	1.0
Picalm	Picalm	gene-Picalm	parent	chr24	4056699	4129660	+	72962		
Picalm	Picalm-l1	gene-Picalm-l1	paralog_l	chrX	758424	822722	-	64299	l	1.0
Pin4	Pin4	gene-Pin4	parent	chrX	108089075	108111875	-	22801		
Pin4	Pin4-dl2	gene-Pin4-dl2	paralog_dl	chrX	197079533	197081309	+	1777	dl	2.0
Pin4	Pin4-dl1	gene-Pin4-dl1	paralog_dl	chr24	42638439	42638880	-	442	dl	1.0
Pirb	Pirb	gene-Pirb	parent	chr2	41971830	41979650	+	7821		
Pirb	Pirb-l1	gene-Pirb-l1	paralog_l	chr2	40723230	40728917	-	5688	l	1.0
Pirb	Pirb-l2	gene-Pirb-l2	paralog_l	chr2	40784598	40789911	-	5314	l	2.0
Pirb	Pirb-l3	gene-Pirb-l3	paralog_l	chr2	40810454	40865181	-	54728	l	3.0
Pirb	Pirb-l4	gene-Pirb-l4	paralog_l	chr2	40935265	40942988	-	7724	l	4.0
Pirb	Pirb-rl1	gene-Pirb-rl1	paralog_rl	chr2	42135875	42142050	+	6176	rl	1.0
Pkm	Pkm	gene-Pkm	parent	chr17	14931569	14959582	-	28014		
Pkm	Pkm-l2	gene-Pkm-l2	paralog_l	chr8	46477225	46492787	-	15563	l	2.0
Pkm	Pkm-l1	gene-Pkm-l1	paralog_l	chr18	58362825	58369869	-	7045	l	1.0
Plcg2	Plcg2	gene-Plcg2	parent	chr1	170581744	170711711	+	129968		
Plcg2	Plcg2-l1	gene-Plcg2-l1	paralog_l	chr1	170798345	170827075	+	28731	l	1.0
Pld6	Pld6	gene-Pld6	parent	chr7	52906821	52910824	-	4004		
Pld6	Pld6-l1	gene-Pld6-l1	paralog_l	chr13	101484664	101486033	+	1370	l	1.0
Plekhf1	Plekhf1	gene-Plekhf1	parent	chr2	14121608	14130993	+	9386		
Plekhf1	Plekhf1-l1	gene-Plekhf1-l1	paralog_l	chr4	76124589	76126158	-	1570	l	1.0
Plekhf2	Plekhf2	gene-Plekhf2	parent	chr15	56294616	56295753	-	1138		
Plekhf2	Plekhf2-dl1	gene-Plekhf2-dl1	paralog_dl	chr11	30207916	30212264	-	4349	dl	1.0
Plekhf2	Plekhf2-dl2	gene-Plekhf2-dl2	paralog_dl	chr24	48336614	48339109	-	2496	dl	2.0
Plk1	Plk1	gene-Plk1	parent	chr3	6887163	6897712	-	10550		
Plk1	Plk1-dl1	gene-Plk1-dl1	paralog_dl	chr14	15438999	15440816	+	1818	dl	1.0
Plrg1	Plrg1	gene-Plrg1	parent	chr23	7810280	7823561	+	13282		
Plrg1	Plrg1-dl1	gene-Plrg1-dl1	paralog_dl	chrX	19323546	19325362	-	1817	dl	1.0
Plscr1	Plscr1	gene-Plscr1	parent	chr6	84017766	84054078	-	36313		
Plscr1	Plscr1-l1	gene-Plscr1-l1	paralog_l	chr6	84090982	84105579	-	14598	l	1.0
Plscr1	Plscr1-l2	gene-Plscr1-l2	paralog_l	chr6	84231291	84268656	-	37366	l	2.0
Pnma5	Pnma5	gene-Pnma5	parent	chrX	2792001	2793320	+	1320		
Pnma5	Pnma5-l1	gene-Pnma5-l1	paralog_l	chrX	2858299	2859524	+	1226	l	1.0
Poldip2	Poldip2	gene-Poldip2	parent	chr7	27971146	27981051	-	9906		
Poldip2	Poldip2-dl1	gene-Poldip2-dl1	paralog_dl	chr12	23692368	23694493	+	2126	dl	1.0
Pole3	Pole3	gene-Pole3	parent	chr14	88536875	88537648	-	774		
Pole3	Pole3-l1	gene-Pole3-l1	paralog_l	chr7	118664268	118666484	+	2217	l	1.0
Polr1c	Polr1c	gene-Polr1c	parent	chr1	11736822	11741697	+	4876		
Polr1c	Polr1c-l1	gene-Polr1c-l1	paralog_l	chr7	6628204	6637291	+	9088	l	1.0
Polr1d	Polr1d	gene-Polr1d	parent	chr5	122077490	122079489	+	2000		
Polr1d	Polr1d-l1	gene-Polr1d-l1	paralog_l	chr25	38748173	38750090	-	1918	l	1.0
Polr1has	Polr1has	gene-Polr1has	parent	chr1	279196	285748	-	6553		
Polr1has	Polr1has-l1	gene-Polr1has-l1	paralog_l	chr28	21471419	21476128	-	4710	l	1.0
Polr2g	Polr2g	gene-Polr2g	parent	chr4	47873944	47877190	-	3247		
Polr2g	Polr2g-dl1	gene-Polr2g-dl1	paralog_dl	chr3	8106002	8106635	-	634	dl	1.0
Polr2h	Polr2h	gene-Polr2h	parent	chr16	282169	289154	-	6986		
Polr2h	Polr2h-l1	gene-Polr2h-l1	paralog_l	chr2	42436664	42437388	+	725	l	1.0
Polr2j	Polr2j	gene-Polr2j	parent	chr6	34283875	34289551	-	5677		
Polr2j	Polr2j-dl1	gene-Polr2j-dl1	paralog_dl	chr26	12229658	12230468	-	811	dl	1.0
Polr2k	Polr2k	gene-Polr2k	parent	chr11	25087898	25092382	-	4485		
Polr2k	Polr2k-l1	gene-Polr2k-l1	paralog_l	chr3	124522103	124522618	+	516	l	1.0
Polr2m	Polr2m	gene-Polr2m	parent	chr17	2396859	2404029	+	7171		
Polr2m	Polr2m-l1	gene-Polr2m-l1	paralog_l	chr15	82612337	82613301	-	965	l	1.0
Pomp	Pomp	gene-Pomp	parent	chr5	123203434	123218583	+	15150		
Pomp	Pomp-dl2	gene-Pomp-dl2	paralog_dl	chrX	106645902	106646165	+	264	dl	2.0
Pomp	Pomp-dl1	gene-Pomp-dl1	paralog_dl	chr2	41407443	41407917	-	475	dl	1.0
Pomp	Pomp-l1	gene-Pomp-l1	paralog_l	chr28	18477804	18478339	-	536	l	1.0
Pou2f3	Pou2f3	gene-Pou2f3	parent	chr25	42623046	42708181	+	85136		
Pou2f3	Pou2f3-dl1	gene-Pou2f3-dl1	paralog_dl	chr15	83711564	83712841	-	1278	dl	1.0
Ppa1	Ppa1	gene-Ppa1	parent	chr1	24490260	24511415	+	21156		
Ppa1	Ppa1-dl1	gene-Ppa1-dl1	paralog_dl	chr15	3009772	3010927	+	1156	dl	1.0
Pphln1	Pphln1	gene-Pphln1	parent	chr16	14352633	14629171	-	276539		
Pphln1	Pphln1-l1	gene-Pphln1-l1	paralog_l	chr20	31038847	31040421	+	1575	l	1.0
Ppia	Ppia	gene-Ppia	parent	chr6	42851347	42854916	+	3570		
Ppia	Ppia-dl1	gene-Ppia-dl1	paralog_dl	chr13	101843170	101846283	-	3114	dl	1.0
Ppia	Ppia-dl2	gene-Ppia-dl2	paralog_dl	chr16	50888394	50890039	-	1646	dl	2.0
Ppia	Ppia-dl3	gene-Ppia-dl3	paralog_dl	chr20	34281645	34282139	+	495	dl	3.0
Ppia	Ppia-l1	gene-Ppia-l1	paralog_l	chr24	26886940	26905898	+	18959	l	1.0
Ppil1	Ppil1	gene-Ppil1	parent	chr1	8266764	8281391	+	14628		
Ppil1	Ppil1-dl1	gene-Ppil1-dl1	paralog_dl	chr7	108145189	108146879	+	1691	dl	1.0
Ppp1r14b	Ppp1r14b	gene-Ppp1r14b	parent	chr4	84125283	84127366	+	2084		
Ppp1r14b	Ppp1r14b-dl1	gene-Ppp1r14b-dl1	paralog_dl	chr6	117120777	117121464	+	688	dl	1.0
Ppp1r2	Ppp1r2	gene-Ppp1r2	parent	chr16	97790990	97810852	+	19863		
Ppp1r2	Ppp1r2-l1	gene-Ppp1r2-l1	paralog_l	chr7	38414561	38418225	+	3665	l	1.0
Ppp3cb	Ppp3cb	gene-Ppp3cb	parent	chr1	21510767	21554985	+	44219		
Ppp3cb	Ppp3cb-l1	gene-Ppp3cb-l1	paralog_l	chr4	14894298	14897295	+	2998	l	1.0
Ppp3r1	Ppp3r1	gene-Ppp3r1	parent	chr22	32703434	32849631	+	146198		
Ppp3r1	Ppp3r1-dl1	gene-Ppp3r1-dl1	paralog_dl	chr3	110930866	110933501	-	2636	dl	1.0
Ppp4r1	Ppp4r1	gene-Ppp4r1	parent	chr10	3342386	3400885	+	58500		
Ppp4r1	Ppp4r1-l1	gene-Ppp4r1-l1	paralog_l	chr20	85444291	85530351	-	86061	l	1.0
Ppp4r3b	Ppp4r3b	gene-Ppp4r3b	parent	chr22	49557053	49611956	+	54904		
Ppp4r3b	Ppp4r3b-l1	gene-Ppp4r3b-l1	paralog_l	chrX	165571566	165573884	+	2319	l	1.0
Prdx1	Prdx1	gene-Prdx1	parent	chr19	48401396	48413234	-	11839		
Prdx1	Prdx1-dl5	gene-Prdx1-dl5	paralog_dl	chrX	88790968	88791495	-	528	dl	5.0
Prdx1	Prdx1-dl1	gene-Prdx1-dl1	paralog_dl	chr1	68953401	68953997	+	597	dl	1.0
Prdx1	Prdx1-l1	gene-Prdx1-l1	paralog_l	chr3	7216324	7216791	-	468	l	1.0
Prdx1	Prdx1-dl4	gene-Prdx1-dl4	paralog_dl	chr9	125985467	125986006	+	540	dl	4.0
Prdx1	Prdx1-dl2	gene-Prdx1-dl2	paralog_dl	chr16	7730334	7732387	-	2054	dl	2.0
Prdx1	Prdx1-dl3	gene-Prdx1-dl3	paralog_dl	chr20	36916483	36917336	-	854	dl	3.0
Prdx3	Prdx3	gene-Prdx3	parent	chr28	24810063	24822962	+	12900		
Prdx3	Prdx3-dl1	gene-Prdx3-dl1	paralog_dl	chr1	59311884	59312657	-	774	dl	1.0
Prdx5	Prdx5	gene-Prdx5	parent	chr4	84056299	84059702	-	3404		
Prdx5	Prdx5-l1	gene-Prdx5-l1	paralog_l	chr19	55767912	55768459	-	548	l	1.0
Prelid1	Prelid1	gene-Prelid1	parent	chr11	85425754	85429618	-	3865		
Prelid1	Prelid1-l1	gene-Prelid1-l1	paralog_l	chr3	121061583	121062335	-	753	l	1.0
Prelid1	Prelid1-dl1	gene-Prelid1-dl1	paralog_dl	chr16	74602443	74603388	+	946	dl	1.0
Prelid1	Prelid1-dl2	gene-Prelid1-dl2	paralog_dl	chr19	13378098	13380386	+	2289	dl	2.0
Prelid3b	Prelid3b	gene-Prelid3b	parent	chr20	86250909	86263440	-	12532		
Prelid3b	Prelid3b-dl1	gene-Prelid3b-dl1	paralog_dl	chr9	89607031	89607615	-	585	dl	1.0
Prim1	Prim1	gene-Prim1	parent	chr16	42127742	42146755	+	19014		
Prim1	Prim1-dl1	gene-Prim1-dl1	paralog_dl	chr19	28737977	28739215	-	1239	dl	1.0
Prkci	Prkci	gene-Prkci	parent	chr16	82186513	82273547	+	87035		
Prkci	Prkci-dl1	gene-Prkci-dl1	paralog_dl	chr19	24276107	24278407	-	2301	dl	1.0
Prkrip1	Prkrip1	gene-Prkrip1	parent	chr6	34209543	34243970	+	34428		
Prkrip1	Prkrip1-dl1	gene-Prkrip1-dl1	paralog_dl	chr20	71995970	71998130	+	2161	dl	1.0
Prkrip1	Prkrip1-dl2	gene-Prkrip1-dl2	paralog_dl	chr26	37773854	37774805	-	952	dl	2.0
Prnp	Prnp	gene-Prnp	parent	chr3	147028030	147045918	-	17889		
Prnp	Prnp-l1	gene-Prnp-l1	paralog_l	chr3	108180827	108181650	+	824	l	1.0
Prps1	Prps1	gene-Prps1	parent	chrX	70240964	70242410	-	1447		
Prps1	Prps1-l2	gene-Prps1-l2	paralog_l	chrX	69211060	69236937	-	25878	l	2.0
Prps1	Prps1-l1	gene-Prps1-l1	paralog_l	chr2	60762111	60765689	-	3579	l	1.0
Prps1	Prps1-dl2	gene-Prps1-dl2	paralog_dl	chr3	137012150	137014163	+	2014	dl	2.0
Prps1	Prps1-dl1	gene-Prps1-dl1	paralog_dl	chr12	57801910	57803597	-	1688	dl	1.0
Prss40	Prss40	gene-Prss40	parent	chr2	43007330	43008617	+	1288		
Prss40	Prss40-l1	gene-Prss40-l1	paralog_l	chr2	43180107	43181318	+	1212	l	1.0
Prss44	Prss44	gene-Prss44	parent	chr16	2718816	2724833	+	6018		
Prss44	Prss44-l1	gene-Prss44-l1	paralog_l	chr16	2778283	2780974	+	2692	l	1.0
Prss44	Prss44-l2	gene-Prss44-l2	paralog_l	chr16	2789742	2792711	+	2970	l	2.0
Prss58	Prss58	gene-Prss58	parent	chr22	67804068	67819084	-	15017		
Prss58	Prss58-l1	gene-Prss58-l1	paralog_l	chr22	67823166	67830828	-	7663	l	1.0
Psma2	Psma2	gene-Psma2	parent	chr6	15065064	15076062	+	10999		
Psma2	Psma2-dl3	gene-Psma2-dl3	paralog_dl	chr2	27117752	27118604	+	853	dl	3.0
Psma2	Psma2-dl1	gene-Psma2-dl1	paralog_dl	chr12	83475480	83475944	+	465	dl	1.0
Psma2	Psma2-dl2	gene-Psma2-dl2	paralog_dl	chr14	34864863	34865702	-	840	dl	2.0
Psma2	Psma2-dl4	gene-Psma2-dl4	paralog_dl	chr25	42668646	42669548	-	903	dl	4.0
Psma3	Psma3	gene-Psma3	parent	chr27	7731856	7754877	-	23022		
Psma3	Psma3-l1	gene-Psma3-l1	paralog_l	chr24	12892198	12893058	+	861	l	1.0
Psma5	Psma5	gene-Psma5	parent	chr21	14527856	14547576	+	19721		
Psma5	Psma5-dl1	gene-Psma5-dl1	paralog_dl	chr18	18281844	18284256	+	2413	dl	1.0
Psmb2	Psmb2	gene-Psmb2	parent	chr19	27590220	27641581	-	51362		
Psmb2	Psmb2-l1	gene-Psmb2-l1	paralog_l	chr19	74097840	74098683	+	844	l	1.0
Psmb3	Psmb3	gene-Psmb3	parent	chr7	5090331	5098745	-	8415		
Psmb3	Psmb3-l1	gene-Psmb3-l1	paralog_l	chr19	27751693	27752522	-	830	l	1.0
Psmc1	Psmc1	gene-Psmc1	parent	chr27	38498396	38511563	+	13168		
Psmc1	Psmc1-dl3	gene-Psmc1-dl3	paralog_dl	chrY	39046906	39048228	+	1323	dl	3.0
Psmc1	Psmc1-dl4	gene-Psmc1-dl4	paralog_dl	chrY	46307301	46308158	+	858	dl	4.0
Psmc1	Psmc1-dl1	gene-Psmc1-dl1	paralog_dl	chr5	20818863	20819900	-	1038	dl	1.0
Psmc1	Psmc1-dl2	gene-Psmc1-dl2	paralog_dl	chr6	64360436	64361758	+	1323	dl	2.0
Psmc3	Psmc3	gene-Psmc3	parent	chr4	61399533	61405664	+	6132		
Psmc3	Psmc3-dl1	gene-Psmc3-dl1	paralog_dl	chr4	13176190	13177501	-	1312	dl	1.0
Psmc5	Psmc5	gene-Psmc5	parent	chr18	7163886	7169060	+	5175		
Psmc5	Psmc5-dl1	gene-Psmc5-dl1	paralog_dl	chr27	30626727	30627683	+	957	dl	1.0
Psmd1	Psmd1	gene-Psmd1	parent	chr1	60849917	60955950	-	106034		
Psmd1	Psmd1-dl1	gene-Psmd1-dl1	paralog_dl	chr8	48982220	48984109	+	1890	dl	1.0
Psmd1	Psmd1-dl2	gene-Psmd1-dl2	paralog_dl	chr8	50649618	50651507	+	1890	dl	2.0
Psmd1	Psmd1-dl3	gene-Psmd1-dl3	paralog_dl	chr8	54857092	54858981	+	1890	dl	3.0
Psmd1	Psmd1-dl4	gene-Psmd1-dl4	paralog_dl	chr8	56234357	56236246	+	1890	dl	4.0
Psmd12	Psmd12	gene-Psmd12	parent	chr18	8701372	8725140	+	23769		
Psmd12	Psmd12-l1	gene-Psmd12-l1	paralog_l	chr1	139328962	139330847	+	1886	l	1.0
Psmd12	Psmd12-dl1	gene-Psmd12-dl1	paralog_dl	chr9	84239074	84240770	-	1697	dl	1.0
Psmd14	Psmd14	gene-Psmd14	parent	chr9	18404656	18504596	+	99941		
Psmd14	Psmd14-dl1	gene-Psmd14-dl1	paralog_dl	chr27	18543020	18544544	-	1525	dl	1.0
Psmd3	Psmd3	gene-Psmd3	parent	chr7	4222712	4239080	-	16369		
Psmd3	Psmd3-dl1	gene-Psmd3-dl1	paralog_dl	chr5	101980475	101982322	+	1848	dl	1.0
Pspc1	Pspc1	gene-Pspc1	parent	chr19	18322272	18323810	+	1539		
Pspc1	Pspc1-l1	gene-Pspc1-l1	paralog_l	chr5	114132973	114231696	-	98724	l	1.0
Pten	Pten	gene-Pten	parent	chr1	35095290	35188415	+	93126		
Pten	Pten-dl1	gene-Pten-dl1	paralog_dl	chr19	49933844	49935070	-	1227	dl	1.0
Ptgr2	Ptgr2	gene-Ptgr2	parent	chr27	1748672	1787871	-	39200		
Ptgr2	Ptgr2-l1	gene-Ptgr2-l1	paralog_l	chr21	60803665	60805269	+	1605	l	1.0
Ptms	Ptms	gene-Ptms	parent	chr4	100259381	100261762	-	2382		
Ptms	Ptms-dl1	gene-Ptms-dl1	paralog_dl	chr12	119396050	119396985	-	936	dl	1.0
Ptp4a2	Ptp4a2	gene-Ptp4a2	parent	chr19	23595436	23639633	-	44198		
Ptp4a2	Ptp4a2-l1	gene-Ptp4a2-l1	paralog_l	chr8	110463869	110466783	+	2915	l	1.0
Pudp	Pudp	gene-Pudp	parent	chr4	95295577	95296151	+	575		
Pudp	Pudp-dl2	gene-Pudp-dl2	paralog_dl	chrX	193215054	193281714	+	66661	dl	2.0
Pudp	Pudp-dl1	gene-Pudp-dl1	paralog_dl	chr23	18913815	18977969	-	64155	dl	1.0
Pum3	Pum3	gene-Pum3	parent	chr9	109818430	109857047	-	38618		
Pum3	Pum3-l1	gene-Pum3-l1	paralog_l	chr28	5541529	5544669	-	3141	l	1.0
Pwwp3b	Pwwp3b	gene-Pwwp3b	parent	chrX	70911473	70919362	+	7890		
Pwwp3b	Pwwp3b-l1	gene-Pwwp3b-l1	paralog_l	chrX	71010190	71052890	-	42701	l	1.0
Pycr1	Pycr1	gene-Pycr1	parent	chr18	27513325	27517679	-	4355		
Pycr1	Pycr1-l1	gene-Pycr1-l1	paralog_l	chr17	10454729	10456033	-	1305	l	1.0
Pygo1	Pygo1	gene-Pygo1	parent	chr8	675724	691129	+	15406		
Pygo1	Pygo1-dl1	gene-Pygo1-dl1	paralog_dl	chr4	116351480	116352517	+	1038	dl	1.0
Pygo1	Pygo1-dl2	gene-Pygo1-dl2	paralog_dl	chr4	122486034	122487047	+	1014	dl	2.0
Pygo1	Pygo1-dl3	gene-Pygo1-dl3	paralog_dl	chr4	141283504	141284541	+	1038	dl	3.0
Pygo1	Pygo1-dl4	gene-Pygo1-dl4	paralog_dl	chr4	141661007	141662044	-	1038	dl	4.0
Pygo1	Pygo1-dl5	gene-Pygo1-dl5	paralog_dl	chr4	143673583	143674620	-	1038	dl	5.0
Pygo1	Pygo1-dl6	gene-Pygo1-dl6	paralog_dl	chr4	145648328	145649347	+	1020	dl	6.0
Pyurf	Pyurf	gene-Pyurf	parent	chr1	110857131	110859847	-	2717		
Pyurf	Pyurf-l1	gene-Pyurf-l1	paralog_l	chr1	47021743	47022901	-	1159	l	1.0
Pyurf	Pyurf-l2	gene-Pyurf-l2	paralog_l	chr3	40250729	40251061	+	333	l	2.0
Pyurf	Pyurf-dl1	gene-Pyurf-dl1	paralog_dl	chr20	35959156	35960066	-	911	dl	1.0
Rab13	Rab13	gene-Rab13	parent	chr22	58332310	58354495	+	22186		
Rab13	Rab13-l1	gene-Rab13-l1	paralog_l	chrX	133524437	133525186	+	750	l	1.0
Rab13	Rab13-dl1	gene-Rab13-dl1	paralog_dl	chr26	48631862	48632473	+	612	dl	1.0
Rab14	Rab14	gene-Rab14	parent	chr14	97153995	97179994	-	26000		
Rab14	Rab14-dl1	gene-Rab14-dl1	paralog_dl	chr9	101104811	101105575	-	765	dl	1.0
Rab18	Rab18	gene-Rab18	parent	chr2	48458847	48508155	+	49309		
Rab18	Rab18-l1	gene-Rab18-l1	paralog_l	chr6	95989239	95991669	-	2431	l	1.0
Rab1a	Rab1a	gene-Rab1a	parent	chr22	36215883	36260876	+	44994		
Rab1a	Rab1a-l1	gene-Rab1a-l1	paralog_l	chrX	40984756	40985593	-	838	l	1.0
Rab2a	Rab2a	gene-Rab2a	parent	chr11	67298191	67378240	-	80050		
Rab2a	Rab2a-dl1	gene-Rab2a-dl1	paralog_dl	chr2	5301470	5303295	-	1826	dl	1.0
Rab2a	Rab2a-l1	gene-Rab2a-l1	paralog_l	chr28	8571905	8578607	-	6703	l	1.0
Rab5a	Rab5a	gene-Rab5a	parent	chr19	78098283	78141466	-	43184		
Rab5a	Rab5a-dl1	gene-Rab5a-dl1	paralog_dl	chr16	45601457	45603621	-	2165	dl	1.0
Rab5if	Rab5if	gene-Rab5if	parent	chr6	78160620	78161075	-	456		
Rab5if	Rab5if-dl1	gene-Rab5if-dl1	paralog_dl	chr17	85080602	85083460	-	2859	dl	1.0
Rad23b	Rad23b	gene-Rad23b	parent	chr14	82043069	82088585	+	45517		
Rad23b	Rad23b-dl1	gene-Rad23b-dl1	paralog_dl	chr12	21494304	21495743	-	1440	dl	1.0
Rad51	Rad51	gene-Rad51	parent	chr15	90980945	91004724	-	23780		
Rad51	Rad51-dl1	gene-Rad51-dl1	paralog_dl	chr4	127891097	127892116	-	1020	dl	1.0
Rad51	Rad51-dl2	gene-Rad51-dl2	paralog_dl	seq31	697591	698610	-	1020	dl	2.0
Ralgds	Ralgds	gene-Ralgds	parent	chr14	111219694	111256973	-	37280		
Ralgds	Ralgds-l4	gene-Ralgds-l4	paralog_l	chr4	13029241	13032681	-	3441	l	4.0
Ralgds	Ralgds-l5	gene-Ralgds-l5	paralog_l	chr4	13033692	13047119	-	13428	l	5.0
Ralgds	Ralgds-l1	gene-Ralgds-l1	paralog_l	chr14	47674400	47676615	+	2216	l	1.0
Ralgds	Ralgds-l2	gene-Ralgds-l2	paralog_l	chr22	33769180	33771331	+	2152	l	2.0
Ralgds	Ralgds-l3	gene-Ralgds-l3	paralog_l	chr23	82444350	82446594	-	2245	l	3.0
Ran	Ran	gene-Ran	parent	chr20	1405680	1407112	-	1433		
Ran	Ran-l1	gene-Ran-l1	paralog_l	chrX	135690164	135691199	+	1036	l	1.0
Ranbp1	Ranbp1	gene-Ranbp1	parent	chr20	33513440	33521082	+	7643		
Ranbp1	Ranbp1-dl2	gene-Ranbp1-dl2	paralog_dl	chrX	83613703	83614481	+	779	dl	2.0
Ranbp1	Ranbp1-dl1	gene-Ranbp1-dl1	paralog_dl	chr19	60004348	60007268	+	2921	dl	1.0
Ranbp10	Ranbp10	gene-Ranbp10	parent	chr1	156564834	156640527	-	75694		
Ranbp10	Ranbp10-l1	gene-Ranbp10-l1	paralog_l	chrX	105738249	105740129	+	1881	l	1.0
Rap1b	Rap1b	gene-Rap1b	parent	chr16	28878893	28922709	-	43817		
Rap1b	Rap1b-dl1	gene-Rap1b-dl1	paralog_dl	chr10	23881774	23884749	+	2976	dl	1.0
Rap1b	Rap1b-dl2	gene-Rap1b-dl2	paralog_dl	chr20	68758032	68761265	+	3234	dl	2.0
Rap1b	Rap1b-dl3	gene-Rap1b-dl3	paralog_dl	chr24	43650727	43651721	+	995	dl	3.0
Rbm22	Rbm22	gene-Rbm22	parent	chr3	30216452	30230036	+	13585		
Rbm22	Rbm22-dl1	gene-Rbm22-dl1	paralog_dl	chrX	65183409	65184671	+	1263	dl	1.0
Rbm3	Rbm3	gene-Rbm3	parent	chrX	134356230	134360025	-	3796		
Rbm3	Rbm3-l1	gene-Rbm3-l1	paralog_l	chr7	6857925	6859040	+	1116	l	1.0
Rbm39	Rbm39	gene-Rbm39	parent	chr20	63150379	63194986	-	44608		
Rbm39	Rbm39-l1	gene-Rbm39-l1	paralog_l	chrX	89518089	89520792	+	2704	l	1.0
Rbm4	Rbm4	gene-Rbm4	parent	chr22	32674368	32674799	+	432		
Rbm4	Rbm4-l1	gene-Rbm4-l1	paralog_l	chr4	81738874	81765761	-	26888	l	1.0
Rbm5	Rbm5	gene-Rbm5	parent	chr6	62691739	62721602	-	29864		
Rbm5	Rbm5-l1	gene-Rbm5-l1	paralog_l	chr4	73137104	73140186	-	3083	l	1.0
Rbmx	Rbmx	gene-Rbmx	parent	chrX	25804048	25810577	+	6530		
Rbmx	Rbmx-l1	gene-Rbmx-l1	paralog_l	chr20	32288316	32292378	+	4063	l	1.0
Rdh16	Rdh16	gene-Rdh16	parent	chr16	41381044	41386267	+	5224		
Rdh16	Rdh16-l1	gene-Rdh16-l1	paralog_l	chr16	41462045	41468269	+	6225	l	1.0
Rflnb	Rflnb	gene-Rflnb	parent	chr7	31089415	31097717	+	8303		
Rflnb	Rflnb-dl2	gene-Rflnb-dl2	paralog_dl	chr8	59421765	59422418	-	654	dl	2.0
Rflnb	Rflnb-dl1	gene-Rflnb-dl1	paralog_dl	chr21	13059686	13060568	-	883	dl	1.0
Rgs9bp	Rgs9bp	gene-Rgs9bp	parent	chr2	17014816	17019019	+	4204		
Rgs9bp	Rgs9bp-l1	gene-Rgs9bp-l1	paralog_l	chr20	74216727	74225603	-	8877	l	1.0
Rhoa	Rhoa	gene-Rhoa	parent	chr6	63464110	63481728	+	17619		
Rhoa	Rhoa-l2	gene-Rhoa-l2	paralog_l	chr5	62899926	62901691	-	1766	l	2.0
Rhoa	Rhoa-l1	gene-Rhoa-l1	paralog_l	chr12	112429794	112431459	+	1666	l	1.0
Rhox13	Rhox13	gene-Rhox13	parent	chrX	51564575	51572676	-	8102		
Rhox13	Rhox13-dl1	gene-Rhox13-dl1	paralog_dl	chrX	50827500	50832056	+	4557	dl	1.0
Rida	Rida	gene-Rida	parent	chr11	26980315	26994569	+	14255		
Rida	Rida-l1	gene-Rida-l1	paralog_l	chr12	24806391	24806871	+	481	l	1.0
Rida	Rida-l2	gene-Rida-l2	paralog_l	chr17	9001582	9011541	+	9960	l	2.0
Ripply3	Ripply3	gene-Ripply3	parent	chr14	44913740	44922827	+	9088		
Ripply3	Ripply3-dl1	gene-Ripply3-dl1	paralog_dl	chr3	84584868	84585419	+	552	dl	1.0
Rnase1	Rnase1	gene-Rnase1	parent	chr8	58593344	58595055	+	1712		
Rnase1	Rnase1-l1	gene-Rnase1-l1	paralog_l	chr8	57784048	57784563	-	516	l	1.0
Rnase1	Rnase1-l2	gene-Rnase1-l2	paralog_l	chr8	58477634	58478116	-	483	l	2.0
Rnase6	Rnase6	gene-Rnase6	parent	chr8	58496964	58502016	+	5053		
Rnase6	Rnase6-l1	gene-Rnase6-l1	paralog_l	chr8	57734865	57736387	-	1523	l	1.0
Rnase6	Rnase6-l2	gene-Rnase6-l2	paralog_l	chr8	57898862	57940261	-	41400	l	2.0
Rnase6	Rnase6-l3	gene-Rnase6-l3	paralog_l	chr8	57993605	57994105	-	501	l	3.0
Rnase6	Rnase6-l4	gene-Rnase6-l4	paralog_l	chr8	58286107	58287355	-	1249	l	4.0
Rnase6	Rnase6-l5	gene-Rnase6-l5	paralog_l	chr8	58493348	58493644	-	297	l	5.0
Rnf138	Rnf138	gene-Rnf138	parent	chr10	23054375	23087145	+	32771		
Rnf138	Rnf138-l1	gene-Rnf138-l1	paralog_l	chr21	57540371	57541108	+	738	l	1.0
Rnf185	Rnf185	gene-Rnf185	parent	chr20	25362043	25399654	-	37612		
Rnf185	Rnf185-l1	gene-Rnf185-l1	paralog_l	chr13	80206097	80207215	-	1119	l	1.0
Rnf5	Rnf5	gene-Rnf5	parent	chr1	2312236	2314769	+	2534		
Rnf5	Rnf5-l1	gene-Rnf5-l1	paralog_l	chr21	37352723	37353724	+	1002	l	1.0
Rnf7	Rnf7	gene-Rnf7	parent	chr6	78885503	78893119	+	7617		
Rnf7	Rnf7-l1	gene-Rnf7-l1	paralog_l	chr17	73326276	73328392	-	2117	l	1.0
Rnft1	Rnft1	gene-Rnft1	parent	chr7	17021137	17039940	-	18804		
Rnft1	Rnft1-dl1	gene-Rnft1-dl1	paralog_dl	chr3	99471512	99472711	-	1200	dl	1.0
Rp9	Rp9	gene-Rp9	parent	chr6	13344069	13358555	-	14487		
Rp9	Rp9-l1	gene-Rp9-l1	paralog_l	chr6	13460407	13471383	-	10977	l	1.0
Rpa2	Rpa2	gene-Rpa2	parent	chr19	19990826	20013057	-	22232		
Rpa2	Rpa2-l1	gene-Rpa2-l1	paralog_l	chr17	60623982	60625529	-	1548	l	1.0
Rpa3	Rpa3	gene-Rpa3	parent	chr5	94542955	94547276	+	4322		
Rpa3	Rpa3-dl1	gene-Rpa3-dl1	paralog_dl	chrX	135987496	135989211	-	1716	dl	1.0
Rpf2	Rpf2	gene-Rpf2	parent	chr15	41616460	41658004	+	41545		
Rpf2	Rpf2-dl1	gene-Rpf2-dl1	paralog_dl	chr6	38564660	38565460	+	801	dl	1.0
Rpl10	Rpl10	gene-Rpl10	parent	chrX	1829016	1831987	-	2972		
Rpl10	Rpl10-l2	gene-Rpl10-l2	paralog_l	chr6	13257447	13259471	+	2025	l	2.0
Rpl10	Rpl10-l3	gene-Rpl10-l3	paralog_l	chr8	17483464	17484171	+	708	l	3.0
Rpl10	Rpl10-l4	gene-Rpl10-l4	paralog_l	chr9	28250810	28251526	+	717	l	4.0
Rpl10	Rpl10-dl1	gene-Rpl10-dl1	paralog_dl	chr11	78851148	78851705	-	558	dl	1.0
Rpl10	Rpl10-dl2	gene-Rpl10-dl2	paralog_dl	chr14	88903011	88903728	+	718	dl	2.0
Rpl10	Rpl10-l1	gene-Rpl10-l1	paralog_l	chr14	102424970	102425775	+	806	l	1.0
Rpl10a	Rpl10a	gene-Rpl10a	parent	chr1	5242280	5246097	+	3818		
Rpl10a	Rpl10a-dl10	gene-Rpl10a-dl10	paralog_dl	chrY	4824204	4824857	-	654	dl	10.0
Rpl10a	Rpl10a-dl11	gene-Rpl10a-dl11	paralog_dl	chrY	13382200	13382853	+	654	dl	11.0
Rpl10a	Rpl10a-dl12	gene-Rpl10a-dl12	paralog_dl	chrY	31516698	31517351	-	654	dl	12.0
Rpl10a	Rpl10a-dl13	gene-Rpl10a-dl13	paralog_dl	chrY	37398497	37399150	+	654	dl	13.0
Rpl10a	Rpl10a-dl1	gene-Rpl10a-dl1	paralog_dl	chr4	5951974	5952627	+	654	dl	1.0
Rpl10a	Rpl10a-dl2	gene-Rpl10a-dl2	paralog_dl	chr4	108245946	108246599	-	654	dl	2.0
Rpl10a	Rpl10a-dl3	gene-Rpl10a-dl3	paralog_dl	chr4	112053443	112054096	-	654	dl	3.0
Rpl10a	Rpl10a-dl4	gene-Rpl10a-dl4	paralog_dl	chr4	115782246	115782911	-	666	dl	4.0
Rpl10a	Rpl10a-dl5	gene-Rpl10a-dl5	paralog_dl	chr4	118531083	118531736	-	654	dl	5.0
Rpl10a	Rpl10a-dl6	gene-Rpl10a-dl6	paralog_dl	chr4	120624489	120625142	-	654	dl	6.0
Rpl10a	Rpl10a-dl7	gene-Rpl10a-dl7	paralog_dl	chr4	121831357	121832010	+	654	dl	7.0
Rpl10a	Rpl10a-dl8	gene-Rpl10a-dl8	paralog_dl	chr4	139713293	139713946	-	654	dl	8.0
Rpl10a	Rpl10a-dl9	gene-Rpl10a-dl9	paralog_dl	chr4	146530480	146531133	+	654	dl	9.0
Rpl10a	Rpl10a-l1	gene-Rpl10a-l1	paralog_l	chr23	70630768	70635246	-	4479	l	1.0
Rpl11	Rpl11	gene-Rpl11	parent	chr19	16004550	16008306	+	3757		
Rpl11	Rpl11-l1	gene-Rpl11-l1	paralog_l	chr20	46256016	46261679	+	5664	l	1.0
Rpl13	Rpl13	gene-Rpl13	parent	chr1	175526436	175529420	-	2985		
Rpl13	Rpl13-dl16	gene-Rpl13-dl16	paralog_dl	chrY	68768664	68769784	+	1121	dl	16.0
Rpl13	Rpl13-dl1	gene-Rpl13-dl1	paralog_dl	chr1	520363	520995	+	633	dl	1.0
Rpl13	Rpl13-dl2	gene-Rpl13-dl2	paralog_dl	chr1	19889213	19890407	+	1195	dl	2.0
Rpl13	Rpl13-dl7	gene-Rpl13-dl7	paralog_dl	chr2	21379616	21380251	+	636	dl	7.0
Rpl13	Rpl13-dl10	gene-Rpl13-dl10	paralog_dl	chr3	108123333	108123968	-	636	dl	10.0
Rpl13	Rpl13-dl11	gene-Rpl13-dl11	paralog_dl	chr4	112353727	112354362	-	636	dl	11.0
Rpl13	Rpl13-dl12	gene-Rpl13-dl12	paralog_dl	chr4	120907199	120908002	-	804	dl	12.0
Rpl13	Rpl13-dl13	gene-Rpl13-dl13	paralog_dl	chr5	11370110	11370815	-	706	dl	13.0
Rpl13	Rpl13-dl14	gene-Rpl13-dl14	paralog_dl	chr7	2881741	2883197	-	1457	dl	14.0
Rpl13	Rpl13-dl15	gene-Rpl13-dl15	paralog_dl	chr7	49405175	49405669	+	495	dl	15.0
Rpl13	Rpl13-dl3	gene-Rpl13-dl3	paralog_dl	chr11	30427151	30427576	+	426	dl	3.0
Rpl13	Rpl13-dl4	gene-Rpl13-dl4	paralog_dl	chr13	11678501	11679136	+	636	dl	4.0
Rpl13	Rpl13-dl5	gene-Rpl13-dl5	paralog_dl	chr13	99923240	99923941	+	702	dl	5.0
Rpl13	Rpl13-dl6	gene-Rpl13-dl6	paralog_dl	chr19	56334074	56334700	+	627	dl	6.0
Rpl13	Rpl13-dl8	gene-Rpl13-dl8	paralog_dl	chr22	13631638	13632273	+	636	dl	8.0
Rpl13	Rpl13-dl9	gene-Rpl13-dl9	paralog_dl	chr24	24357397	24359874	-	2478	dl	9.0
Rpl13a	Rpl13a	gene-Rpl13a	parent	chr2	33400482	33404315	+	3834		
Rpl13a	Rpl13a-dl6	gene-Rpl13a-dl6	paralog_dl	chrX	128644002	128644430	+	429	dl	6.0
Rpl13a	Rpl13a-dl3	gene-Rpl13a-dl3	paralog_dl	chr3	48348704	48349462	+	759	dl	3.0
Rpl13a	Rpl13a-dl4	gene-Rpl13a-dl4	paralog_dl	chr4	99957085	99957600	+	516	dl	4.0
Rpl13a	Rpl13a-dl5	gene-Rpl13a-dl5	paralog_dl	chr9	127113490	127113945	+	456	dl	5.0
Rpl13a	Rpl13a-dl1	gene-Rpl13a-dl1	paralog_dl	chr16	47370449	47372403	-	1955	dl	1.0
Rpl13a	Rpl13a-dl2	gene-Rpl13a-dl2	paralog_dl	chr27	20237581	20239054	+	1474	dl	2.0
Rpl18a	Rpl18a	gene-Rpl18a	parent	chr3	105198543	105202280	+	3738		
Rpl18a	Rpl18a-dl5	gene-Rpl18a-dl5	paralog_dl	chr4	86607190	86607570	-	381	dl	5.0
Rpl18a	Rpl18a-dl6	gene-Rpl18a-dl6	paralog_dl	chr7	14764069	14764899	-	831	dl	6.0
Rpl18a	Rpl18a-dl7	gene-Rpl18a-dl7	paralog_dl	chr8	44945476	44946000	+	525	dl	7.0
Rpl18a	Rpl18a-dl1	gene-Rpl18a-dl1	paralog_dl	chr20	8018022	8018405	+	384	dl	1.0
Rpl18a	Rpl18a-dl2	gene-Rpl18a-dl2	paralog_dl	chr20	71685552	71686166	-	615	dl	2.0
Rpl18a	Rpl18a-dl3	gene-Rpl18a-dl3	paralog_dl	chr21	40457479	40458095	-	617	dl	3.0
Rpl18a	Rpl18a-dl4	gene-Rpl18a-dl4	paralog_dl	chr25	35860164	35860691	-	528	dl	4.0
Rpl19	Rpl19	gene-Rpl19	parent	chr7	4870943	4875748	-	4806		
Rpl19	Rpl19-l1	gene-Rpl19-l1	paralog_l	chr13	10528339	10529069	+	731	l	1.0
Rpl22	Rpl22	gene-Rpl22	parent	chr19	38028660	38041440	+	12781		
Rpl22	Rpl22-l1	gene-Rpl22-l1	paralog_l	chr4	5426702	5428547	-	1846	l	1.0
Rpl22l1	Rpl22l1	gene-Rpl22l1	parent	chr16	82847221	82850570	-	3350		
Rpl22l1	Rpl22l1-dl1	gene-Rpl22l1-dl1	paralog_dl	chr27	15605508	15605900	+	393	dl	1.0
Rpl23a	Rpl23a	gene-Rpl23a	parent	chrX	129095890	129096360	+	471		
Rpl23a	Rpl23a-dl6	gene-Rpl23a-dl6	paralog_dl	chr4	47190295	47190765	+	471	dl	6.0
Rpl23a	Rpl23a-dl7	gene-Rpl23a-dl7	paralog_dl	chr6	38843134	38843604	+	471	dl	7.0
Rpl23a	Rpl23a-dl8	gene-Rpl23a-dl8	paralog_dl	chr7	57606343	57607663	+	1321	dl	8.0
Rpl23a	Rpl23a-dl9	gene-Rpl23a-dl9	paralog_dl	chr8	65031737	65032224	+	488	dl	9.0
Rpl23a	Rpl23a-dl1	gene-Rpl23a-dl1	paralog_dl	chr12	68001341	68001841	+	501	dl	1.0
Rpl23a	Rpl23a-dl2	gene-Rpl23a-dl2	paralog_dl	chr21	55904513	55904983	+	471	dl	2.0
Rpl23a	Rpl23a-dl3	gene-Rpl23a-dl3	paralog_dl	chr22	44089846	44090275	+	430	dl	3.0
Rpl23a	Rpl23a-dl4	gene-Rpl23a-dl4	paralog_dl	chr23	82460359	82460829	-	471	dl	4.0
Rpl23a	Rpl23a-dl5	gene-Rpl23a-dl5	paralog_dl	chr24	44905547	44906062	-	516	dl	5.0
Rpl24	Rpl24	gene-Rpl24	parent	chr6	126024740	126029771	+	5032		
Rpl24	Rpl24-dl5	gene-Rpl24-dl5	paralog_dl	chr6	61320041	61320622	-	582	dl	5.0
Rpl24	Rpl24-dl6	gene-Rpl24-dl6	paralog_dl	chr7	19295392	19295889	+	498	dl	6.0
Rpl24	Rpl24-dl7	gene-Rpl24-dl7	paralog_dl	chr8	95755278	95755748	+	471	dl	7.0
Rpl24	Rpl24-l1	gene-Rpl24-l1	paralog_l	chr12	100778420	100779737	+	1318	l	1.0
Rpl24	Rpl24-dl1	gene-Rpl24-dl1	paralog_dl	chr15	49565372	49565827	-	456	dl	1.0
Rpl24	Rpl24-dl2	gene-Rpl24-dl2	paralog_dl	chr16	28573117	28573665	+	549	dl	2.0
Rpl24	Rpl24-dl3	gene-Rpl24-dl3	paralog_dl	chr19	74377805	74378278	+	474	dl	3.0
Rpl24	Rpl24-dl4	gene-Rpl24-dl4	paralog_dl	chr22	44014816	44016580	+	1765	dl	4.0
Rpl26	Rpl26	gene-Rpl26	parent	chr6	60415903	60416364	-	462		
Rpl26	Rpl26-dl3	gene-Rpl26-dl3	paralog_dl	chr7	54025906	54026483	-	578	dl	3.0
Rpl26	Rpl26-dl1	gene-Rpl26-dl1	paralog_dl	chr12	61508914	61509351	-	438	dl	1.0
Rpl26	Rpl26-dl2	gene-Rpl26-dl2	paralog_dl	chr26	11703734	11704171	-	438	dl	2.0
Rpl27	Rpl27	gene-Rpl27	parent	chr7	2058311	2060259	-	1949		
Rpl27	Rpl27-dl7	gene-Rpl27-dl7	paralog_dl	chrX	197736687	197737251	+	565	dl	7.0
Rpl27	Rpl27-dl5	gene-Rpl27-dl5	paralog_dl	chr3	104179563	104182259	+	2697	dl	5.0
Rpl27	Rpl27-dl6	gene-Rpl27-dl6	paralog_dl	chr5	34753753	34754221	-	469	dl	6.0
Rpl27	Rpl27-dl1	gene-Rpl27-dl1	paralog_dl	chr13	35860766	35863050	-	2285	dl	1.0
Rpl27	Rpl27-dl2	gene-Rpl27-dl2	paralog_dl	chr13	74860447	74860707	+	261	dl	2.0
Rpl27	Rpl27-dl3	gene-Rpl27-dl3	paralog_dl	chr16	82293968	82294428	-	461	dl	3.0
Rpl27	Rpl27-dl4	gene-Rpl27-dl4	paralog_dl	chr16	97461971	97462836	-	866	dl	4.0
Rpl27a	Rpl27a	gene-Rpl27a	parent	chr24	32207571	32210958	+	3388		
Rpl27a	Rpl27a-dl1	gene-Rpl27a-dl1	paralog_dl	chr1	41670511	41670825	+	315	dl	1.0
Rpl27a	Rpl27a-dl2	gene-Rpl27a-dl2	paralog_dl	chr1	86182701	86183393	-	693	dl	2.0
Rpl27a	Rpl27a-dl3	gene-Rpl27a-dl3	paralog_dl	chr1	103082313	103083813	-	1501	dl	3.0
Rpl27a	Rpl27a-l3	gene-Rpl27a-l3	paralog_l	chr2	28192563	28193059	-	497	l	3.0
Rpl27a	Rpl27a-dl19	gene-Rpl27a-dl19	paralog_dl	chr5	19390035	19390481	-	447	dl	19.0
Rpl27a	Rpl27a-dl20	gene-Rpl27a-dl20	paralog_dl	chr5	98170252	98170623	-	372	dl	20.0
Rpl27a	Rpl27a-dl21	gene-Rpl27a-dl21	paralog_dl	chr7	22383865	22384378	-	514	dl	21.0
Rpl27a	Rpl27a-dl22	gene-Rpl27a-dl22	paralog_dl	chr9	29822568	29822855	+	288	dl	22.0
Rpl27a	Rpl27a-dl23	gene-Rpl27a-dl23	paralog_dl	chr9	32095184	32095630	-	447	dl	23.0
Rpl27a	Rpl27a-dl4	gene-Rpl27a-dl4	paralog_dl	chr10	71961214	71961660	-	447	dl	4.0
Rpl27a	Rpl27a-dl5	gene-Rpl27a-dl5	paralog_dl	chr10	94600399	94602267	+	1869	dl	5.0
Rpl27a	Rpl27a-dl6	gene-Rpl27a-dl6	paralog_dl	chr10	100603355	100603795	-	441	dl	6.0
Rpl27a	Rpl27a-dl7	gene-Rpl27a-dl7	paralog_dl	chr11	11403966	11404235	+	270	dl	7.0
Rpl27a	Rpl27a-dl8	gene-Rpl27a-dl8	paralog_dl	chr11	24623462	24623908	-	447	dl	8.0
Rpl27a	Rpl27a-dl9	gene-Rpl27a-dl9	paralog_dl	chr12	84198295	84202179	-	3885	dl	9.0
Rpl27a	Rpl27a-dl10	gene-Rpl27a-dl10	paralog_dl	chr13	101925459	101925968	-	510	dl	10.0
Rpl27a	Rpl27a-l1	gene-Rpl27a-l1	paralog_l	chr15	29386424	29388155	-	1732	l	1.0
Rpl27a	Rpl27a-dl11	gene-Rpl27a-dl11	paralog_dl	chr16	48732751	48733197	-	447	dl	11.0
Rpl27a	Rpl27a-dl12	gene-Rpl27a-dl12	paralog_dl	chr19	27819870	27820313	-	444	dl	12.0
Rpl27a	Rpl27a-l2	gene-Rpl27a-l2	paralog_l	chr19	48113014	48113506	+	493	l	2.0
Rpl27a	Rpl27a-dl13	gene-Rpl27a-dl13	paralog_dl	chr19	78052044	78052490	-	447	dl	13.0
Rpl27a	Rpl27a-dl14	gene-Rpl27a-dl14	paralog_dl	chr20	38913683	38914129	+	447	dl	14.0
Rpl27a	Rpl27a-dl15	gene-Rpl27a-dl15	paralog_dl	chr23	68569750	68570196	-	447	dl	15.0
Rpl27a	Rpl27a-dl16	gene-Rpl27a-dl16	paralog_dl	chr24	32445109	32445652	+	544	dl	16.0
Rpl27a	Rpl27a-dl17	gene-Rpl27a-dl17	paralog_dl	chr26	50645983	50646429	-	447	dl	17.0
Rpl27a	Rpl27a-dl18	gene-Rpl27a-dl18	paralog_dl	chr27	19306718	19307164	+	447	dl	18.0
Rpl27a	Rpl27a-l4	gene-Rpl27a-l4	paralog_l	chr27	21308522	21309214	-	693	l	4.0
Rpl28	Rpl28	gene-Rpl28	parent	chr2	42744638	42748088	+	3451		
Rpl28	Rpl28-dl5	gene-Rpl28-dl5	paralog_dl	chrX	129255231	129255678	-	448	dl	5.0
Rpl28	Rpl28-dl3	gene-Rpl28-dl3	paralog_dl	chr3	146937295	146937585	-	291	dl	3.0
Rpl28	Rpl28-dl4	gene-Rpl28-dl4	paralog_dl	chr6	33053860	33054438	-	579	dl	4.0
Rpl28	Rpl28-dl1	gene-Rpl28-dl1	paralog_dl	chr21	54794025	54794475	+	451	dl	1.0
Rpl28	Rpl28-dl2	gene-Rpl28-dl2	paralog_dl	chr22	29859498	29859911	-	414	dl	2.0
Rpl3	Rpl3	gene-Rpl3	parent	chr4	37301267	37308433	-	7167		
Rpl3	Rpl3-dl2	gene-Rpl3-dl2	paralog_dl	chr8	10850540	10851829	+	1290	dl	2.0
Rpl3	Rpl3-dl1	gene-Rpl3-dl1	paralog_dl	chr16	46043863	46045150	+	1288	dl	1.0
Rpl32	Rpl32	gene-Rpl32	parent	chr9	77726204	77730628	+	4425		
Rpl32	Rpl32-dl1	gene-Rpl32-dl1	paralog_dl	chr14	109288289	109288796	+	508	dl	1.0
Rpl32	Rpl32-dl2	gene-Rpl32-dl2	paralog_dl	chr16	66215742	66216199	+	458	dl	2.0
Rpl34	Rpl34	gene-Rpl34	parent	chr1	97454812	97458784	-	3973		
Rpl34	Rpl34-l1	gene-Rpl34-l1	paralog_l	chr15	24594413	24594874	-	462	l	1.0
Rpl35	Rpl35	gene-Rpl35	parent	chr14	101290293	101293836	-	3544		
Rpl35	Rpl35-dl1	gene-Rpl35-dl1	paralog_dl	chr1	59183234	59184758	+	1525	dl	1.0
Rpl35	Rpl35-dl16	gene-Rpl35-dl16	paralog_dl	chr4	71649591	71649967	+	377	dl	16.0
Rpl35	Rpl35-dl17	gene-Rpl35-dl17	paralog_dl	chr6	25327273	25327644	-	372	dl	17.0
Rpl35	Rpl35-dl18	gene-Rpl35-dl18	paralog_dl	chr7	38234580	38234951	+	372	dl	18.0
Rpl35	Rpl35-dl19	gene-Rpl35-dl19	paralog_dl	chr8	47295816	47296187	-	372	dl	19.0
Rpl35	Rpl35-l1	gene-Rpl35-l1	paralog_l	chr8	74191364	74191773	+	410	l	1.0
Rpl35	Rpl35-dl20	gene-Rpl35-dl20	paralog_dl	chr9	75294189	75294569	-	381	dl	20.0
Rpl35	Rpl35-dl2	gene-Rpl35-dl2	paralog_dl	chr16	131733	132104	-	372	dl	2.0
Rpl35	Rpl35-dl3	gene-Rpl35-dl3	paralog_dl	chr18	8425975	8426393	+	419	dl	3.0
Rpl35	Rpl35-dl4	gene-Rpl35-dl4	paralog_dl	chr18	29020138	29020673	-	536	dl	4.0
Rpl35	Rpl35-dl5	gene-Rpl35-dl5	paralog_dl	chr18	69149573	69149977	-	405	dl	5.0
Rpl35	Rpl35-dl6	gene-Rpl35-dl6	paralog_dl	chr18	77663253	77663624	+	372	dl	6.0
Rpl35	Rpl35-dl7	gene-Rpl35-dl7	paralog_dl	chr19	40826467	40828443	+	1977	dl	7.0
Rpl35	Rpl35-dl8	gene-Rpl35-dl8	paralog_dl	chr20	76114807	76115178	-	372	dl	8.0
Rpl35	Rpl35-dl9	gene-Rpl35-dl9	paralog_dl	chr21	6302829	6303188	+	360	dl	9.0
Rpl35	Rpl35-dl10	gene-Rpl35-dl10	paralog_dl	chr21	56250181	56251797	-	1617	dl	10.0
Rpl35	Rpl35-dl11	gene-Rpl35-dl11	paralog_dl	chr22	40610965	40611336	+	372	dl	11.0
Rpl35	Rpl35-dl12	gene-Rpl35-dl12	paralog_dl	chr22	65245768	65246139	-	372	dl	12.0
Rpl35	Rpl35-dl13	gene-Rpl35-dl13	paralog_dl	chr23	22560313	22560717	-	405	dl	13.0
Rpl35	Rpl35-dl14	gene-Rpl35-dl14	paralog_dl	chr26	36384158	36384529	+	372	dl	14.0
Rpl35	Rpl35-dl15	gene-Rpl35-dl15	paralog_dl	chr27	40756696	40757086	+	391	dl	15.0
Rpl36	Rpl36	gene-Rpl36	parent	chr3	120149256	120151863	-	2608		
Rpl36	Rpl36-dl1	gene-Rpl36-dl1	paralog_dl	chr4	94468670	94469110	-	441	dl	1.0
Rpl36a	Rpl36a	gene-Rpl36a	parent	chr19	16177585	16178076	+	492		
Rpl36a	Rpl36a-l1	gene-Rpl36a-l1	paralog_l	chrX	76479362	76481921	-	2560	l	1.0
Rpl37	Rpl37	gene-Rpl37	parent	chr23	54818372	54820510	+	2139		
Rpl37	Rpl37-l1	gene-Rpl37-l1	paralog_l	chr3	41002201	41002549	+	349	l	1.0
Rpl37	Rpl37-dl1	gene-Rpl37-dl1	paralog_dl	chr10	20972995	20973288	+	294	dl	1.0
Rpl37a	Rpl37a	gene-Rpl37a	parent	chr1	75568831	75572714	-	3884		
Rpl37a	Rpl37a-dl4	gene-Rpl37a-dl4	paralog_dl	chr6	23801226	23801504	+	279	dl	4.0
Rpl37a	Rpl37a-dl5	gene-Rpl37a-dl5	paralog_dl	chr6	34836513	34836865	+	353	dl	5.0
Rpl37a	Rpl37a-l7	gene-Rpl37a-l7	paralog_l	chr6	78446758	78447871	+	1114	l	7.0
Rpl37a	Rpl37a-l8	gene-Rpl37a-l8	paralog_l	chr7	119161610	119161960	-	351	l	8.0
Rpl37a	Rpl37a-dl1	gene-Rpl37a-dl1	paralog_dl	chr10	48485940	48486391	+	452	dl	1.0
Rpl37a	Rpl37a-l1	gene-Rpl37a-l1	paralog_l	chr10	110230524	110230865	+	342	l	1.0
Rpl37a	Rpl37a-l2	gene-Rpl37a-l2	paralog_l	chr11	30801762	30802120	-	359	l	2.0
Rpl37a	Rpl37a-l3	gene-Rpl37a-l3	paralog_l	chr14	52167365	52167671	+	307	l	3.0
Rpl37a	Rpl37a-dl2	gene-Rpl37a-dl2	paralog_dl	chr17	72833070	72833375	-	306	dl	2.0
Rpl37a	Rpl37a-dl3	gene-Rpl37a-dl3	paralog_dl	chr17	73438896	73439228	-	333	dl	3.0
Rpl37a	Rpl37a-l4	gene-Rpl37a-l4	paralog_l	chr18	18354899	18355259	+	361	l	4.0
Rpl37a	Rpl37a-l5	gene-Rpl37a-l5	paralog_l	chr20	5194595	5199690	-	5096	l	5.0
Rpl37a	Rpl37a-l6	gene-Rpl37a-l6	paralog_l	chr26	834996	836185	-	1190	l	6.0
Rpl4	Rpl4	gene-Rpl4	parent	chr17	10392667	10397310	-	4644		
Rpl4	Rpl4-dl1	gene-Rpl4-dl1	paralog_dl	chr16	27136667	27138121	+	1455	dl	1.0
Rpl7	Rpl7	gene-Rpl7	parent	chr11	52655545	52658577	+	3033		
Rpl7	Rpl7-dl7	gene-Rpl7-dl7	paralog_dl	chrX	115439415	115440194	+	780	dl	7.0
Rpl7	Rpl7-dl5	gene-Rpl7-dl5	paralog_dl	chr4	39525061	39525931	-	871	dl	5.0
Rpl7	Rpl7-dl6	gene-Rpl7-dl6	paralog_dl	chr4	47453963	47454589	+	627	dl	6.0
Rpl7	Rpl7-dl1	gene-Rpl7-dl1	paralog_dl	chr11	50411495	50412022	+	528	dl	1.0
Rpl7	Rpl7-dl2	gene-Rpl7-dl2	paralog_dl	chr17	72225734	72226480	+	747	dl	2.0
Rpl7	Rpl7-dl3	gene-Rpl7-dl3	paralog_dl	chr22	64020523	64021269	+	747	dl	3.0
Rpl7	Rpl7-dl4	gene-Rpl7-dl4	paralog_dl	chr26	39752290	39753036	+	747	dl	4.0
Rpl7a	Rpl7a	gene-Rpl7a	parent	chr14	112814154	112817360	-	3207		
Rpl7a	Rpl7a-l1	gene-Rpl7a-l1	paralog_l	chr13	58545587	58546276	+	690	l	1.0
Rpl7a	Rpl7a-l2	gene-Rpl7a-l2	paralog_l	chr14	20394960	20395827	+	868	l	2.0
Rpl7l1	Rpl7l1	gene-Rpl7l1	parent	chr1	11258099	11264665	+	6567		
Rpl7l1	Rpl7l1-dl1	gene-Rpl7l1-dl1	paralog_dl	chr10	76451403	76453003	+	1601	dl	1.0
Rpl7l1	Rpl7l1-dl2	gene-Rpl7l1-dl2	paralog_dl	chr12	107904940	107905680	+	741	dl	2.0
Rpl7l1	Rpl7l1-dl3	gene-Rpl7l1-dl3	paralog_dl	chr16	47701964	47702704	+	741	dl	3.0
Rpl7l1	Rpl7l1-dl4	gene-Rpl7l1-dl4	paralog_dl	chr23	49595404	49595850	-	447	dl	4.0
Rpl7l1	Rpl7l1-dl5	gene-Rpl7l1-dl5	paralog_dl	chr28	26455950	26457418	+	1469	dl	5.0
Rpl8	Rpl8	gene-Rpl8	parent	chr19	35016194	35017178	+	985		
Rpl8	Rpl8-dl1	gene-Rpl8-dl1	paralog_dl	chr5	114572541	114573382	+	842	dl	1.0
Rpl8	Rpl8-l1	gene-Rpl8-l1	paralog_l	chr26	37608614	37611014	+	2401	l	1.0
Rpl9	Rpl9	gene-Rpl9	parent	chr4	108564429	108565007	-	579		
Rpl9	Rpl9-dl1	gene-Rpl9-dl1	paralog_dl	chr12	71045840	71046418	-	579	dl	1.0
Rpl9	Rpl9-dl2	gene-Rpl9-dl2	paralog_dl	chr20	34800366	34802099	+	1734	dl	2.0
Rpl9	Rpl9-dl3	gene-Rpl9-dl3	paralog_dl	chr20	63948385	63948963	+	579	dl	3.0
Rplp0	Rplp0	gene-Rplp0	parent	chr20	17520721	17525326	-	4606		
Rplp0	Rplp0-dl10	gene-Rplp0-dl10	paralog_dl	chrX	71797948	71798901	+	954	dl	10.0
Rplp0	Rplp0-dl11	gene-Rplp0-dl11	paralog_dl	chrX	185662140	185665394	+	3255	dl	11.0
Rplp0	Rplp0-dl4	gene-Rplp0-dl4	paralog_dl	chr2	61504772	61505831	-	1060	dl	4.0
Rplp0	Rplp0-l1	gene-Rplp0-l1	paralog_l	chr3	148364657	148367537	+	2881	l	1.0
Rplp0	Rplp0-dl8	gene-Rplp0-dl8	paralog_dl	chr5	49883542	49884114	+	573	dl	8.0
Rplp0	Rplp0-dl9	gene-Rplp0-dl9	paralog_dl	chr7	104504437	104505161	+	725	dl	9.0
Rplp0	Rplp0-dl1	gene-Rplp0-dl1	paralog_dl	chr11	76847119	76847892	+	774	dl	1.0
Rplp0	Rplp0-dl2	gene-Rplp0-dl2	paralog_dl	chr13	50049310	50050403	-	1094	dl	2.0
Rplp0	Rplp0-dl3	gene-Rplp0-dl3	paralog_dl	chr17	70543298	70544563	+	1266	dl	3.0
Rplp0	Rplp0-dl5	gene-Rplp0-dl5	paralog_dl	chr20	77440755	77441754	-	1000	dl	5.0
Rplp0	Rplp0-dl6	gene-Rplp0-dl6	paralog_dl	chr21	39822923	39824524	-	1602	dl	6.0
Rplp0	Rplp0-dl7	gene-Rplp0-dl7	paralog_dl	chr24	21534402	21535355	+	954	dl	7.0
Rplp1	Rplp1	gene-Rplp1	parent	chr17	12682621	12685416	+	2796		
Rplp1	Rplp1-l2	gene-Rplp1-l2	paralog_l	chr2	33978584	33979070	-	487	l	2.0
Rplp1	Rplp1-l1	gene-Rplp1-l1	paralog_l	chr15	28461356	28461676	+	321	l	1.0
Rplp1	Rplp1-dl1	gene-Rplp1-dl1	paralog_dl	chr15	82976563	82976907	-	345	dl	1.0
Rplp1	Rplp1-dl2	gene-Rplp1-dl2	paralog_dl	chr18	28795393	28795848	-	456	dl	2.0
Rplp1	Rplp1-dl3	gene-Rplp1-dl3	paralog_dl	chr20	50743352	50743892	+	541	dl	3.0
Rplp1	Rplp1-dl4	gene-Rplp1-dl4	paralog_dl	chr21	7195286	7195594	-	309	dl	4.0
Rplp1	Rplp1-dl5	gene-Rplp1-dl5	paralog_dl	chr22	57838369	57838748	-	380	dl	5.0
Rplp1	Rplp1-dl6	gene-Rplp1-dl6	paralog_dl	chr25	41135930	41136328	+	399	dl	6.0
Rps11	Rps11	gene-Rps11	parent	chr2	33405903	33407744	+	1842		
Rps11	Rps11-dl3	gene-Rps11-dl3	paralog_dl	chr3	5376721	5377441	-	721	dl	3.0
Rps11	Rps11-l3	gene-Rps11-l3	paralog_l	chr5	72637959	72638435	+	477	l	3.0
Rps11	Rps11-l4	gene-Rps11-l4	paralog_l	chr5	136440622	136441249	+	628	l	4.0
Rps11	Rps11-l1	gene-Rps11-l1	paralog_l	chr12	43767957	43769464	-	1508	l	1.0
Rps11	Rps11-dl1	gene-Rps11-dl1	paralog_dl	chr12	62477140	62477737	-	598	dl	1.0
Rps11	Rps11-dl2	gene-Rps11-dl2	paralog_dl	chr16	57122713	57123183	-	471	dl	2.0
Rps11	Rps11-l2	gene-Rps11-l2	paralog_l	chr20	58625039	58625698	+	660	l	2.0
Rps13	Rps13	gene-Rps13	parent	chr24	40773580	40788682	-	15103		
Rps13	Rps13-l3	gene-Rps13-l3	paralog_l	chr3	59921190	59921668	+	479	l	3.0
Rps13	Rps13-l4	gene-Rps13-l4	paralog_l	chr3	122487807	122488318	+	512	l	4.0
Rps13	Rps13-dl6	gene-Rps13-dl6	paralog_dl	chr6	65352141	65352681	-	541	dl	6.0
Rps13	Rps13-dl1	gene-Rps13-dl1	paralog_dl	chr11	61062592	61063289	-	698	dl	1.0
Rps13	Rps13-dl2	gene-Rps13-dl2	paralog_dl	chr11	85629385	85631888	+	2504	dl	2.0
Rps13	Rps13-dl3	gene-Rps13-dl3	paralog_dl	chr13	113121458	113122857	+	1400	dl	3.0
Rps13	Rps13-l1	gene-Rps13-l1	paralog_l	chr14	91835921	91836290	-	370	l	1.0
Rps13	Rps13-dl4	gene-Rps13-dl4	paralog_dl	chr24	17135696	17136151	-	456	dl	4.0
Rps13	Rps13-dl5	gene-Rps13-dl5	paralog_dl	chr25	17437665	17438294	-	630	dl	5.0
Rps13	Rps13-l2	gene-Rps13-l2	paralog_l	chr25	39323255	39324408	+	1154	l	2.0
Rps14	Rps14	gene-Rps14	parent	chr3	30437519	30443463	+	5945		
Rps14	Rps14-dl1	gene-Rps14-dl1	paralog_dl	chr12	84543941	84544396	-	456	dl	1.0
Rps14	Rps14-dl2	gene-Rps14-dl2	paralog_dl	chr12	92718868	92719387	-	520	dl	2.0
Rps14	Rps14-dl3	gene-Rps14-dl3	paralog_dl	chr13	85595684	85597450	+	1767	dl	3.0
Rps14	Rps14-dl4	gene-Rps14-dl4	paralog_dl	chr17	24085831	24088129	+	2299	dl	4.0
Rps14	Rps14-dl5	gene-Rps14-dl5	paralog_dl	chr17	72622681	72623136	-	456	dl	5.0
Rps14	Rps14-l1	gene-Rps14-l1	paralog_l	chr17	89347231	89347827	-	597	l	1.0
Rps14	Rps14-dl6	gene-Rps14-dl6	paralog_dl	chr19	54915811	54916602	+	792	dl	6.0
Rps14	Rps14-dl7	gene-Rps14-dl7	paralog_dl	chr20	38918230	38918852	-	623	dl	7.0
Rps14	Rps14-dl8	gene-Rps14-dl8	paralog_dl	chr22	15794529	15794984	-	456	dl	8.0
Rps14	Rps14-dl9	gene-Rps14-dl9	paralog_dl	chr23	21148080	21148535	+	456	dl	9.0
Rps15	Rps15	gene-Rps15	parent	chr3	123076509	123079424	-	2916		
Rps15	Rps15-dl1	gene-Rps15-dl1	paralog_dl	chrY	68574923	68576432	-	1510	dl	1.0
Rps15a	Rps15a	gene-Rps15a	parent	chr20	51631918	51637498	+	5581		
Rps15a	Rps15a-dl5	gene-Rps15a-dl5	paralog_dl	chr4	82449230	82449583	+	354	dl	5.0
Rps15a	Rps15a-dl6	gene-Rps15a-dl6	paralog_dl	chr8	14579159	14579512	-	354	dl	6.0
Rps15a	Rps15a-dl7	gene-Rps15a-dl7	paralog_dl	chr9	67898964	67899314	-	351	dl	7.0
Rps15a	Rps15a-dl1	gene-Rps15a-dl1	paralog_dl	chr12	59980047	59980445	+	399	dl	1.0
Rps15a	Rps15a-dl2	gene-Rps15a-dl2	paralog_dl	chr13	43140814	43141206	+	393	dl	2.0
Rps15a	Rps15a-l1	gene-Rps15a-l1	paralog_l	chr15	17918143	17918616	+	474	l	1.0
Rps15a	Rps15a-dl3	gene-Rps15a-dl3	paralog_dl	chr15	90676091	90677470	+	1380	dl	3.0
Rps15a	Rps15a-dl4	gene-Rps15a-dl4	paralog_dl	chr20	58652292	58652639	-	348	dl	4.0
Rps16	Rps16	gene-Rps16	parent	chr2	22913597	22915996	-	2400		
Rps16	Rps16-dl4	gene-Rps16-dl4	paralog_dl	chr7	6012248	6012879	+	632	dl	4.0
Rps16	Rps16-l1	gene-Rps16-l1	paralog_l	chr10	51918858	51919365	+	508	l	1.0
Rps16	Rps16-dl1	gene-Rps16-dl1	paralog_dl	chr16	32995771	32996264	+	494	dl	1.0
Rps16	Rps16-dl2	gene-Rps16-dl2	paralog_dl	chr18	33523161	33524167	+	1007	dl	2.0
Rps16	Rps16-l2	gene-Rps16-l2	paralog_l	chr19	32070062	32070559	+	498	l	2.0
Rps16	Rps16-dl3	gene-Rps16-dl3	paralog_dl	chr21	55181284	55181732	-	449	dl	3.0
Rps17	Rps17	gene-Rps17	parent	chr15	83510125	83513740	-	3616		
Rps17	Rps17-dl1	gene-Rps17-dl1	paralog_dl	chr1	93408967	93409374	+	408	dl	1.0
Rps17	Rps17-dl6	gene-Rps17-dl6	paralog_dl	chr7	57404363	57404770	+	408	dl	6.0
Rps17	Rps17-dl7	gene-Rps17-dl7	paralog_dl	chr9	85798920	85799321	-	402	dl	7.0
Rps17	Rps17-dl8	gene-Rps17-dl8	paralog_dl	chr9	107585025	107585468	+	444	dl	8.0
Rps17	Rps17-dl2	gene-Rps17-dl2	paralog_dl	chr15	41505227	41505675	+	449	dl	2.0
Rps17	Rps17-dl3	gene-Rps17-dl3	paralog_dl	chr17	32489285	32489692	-	408	dl	3.0
Rps17	Rps17-dl4	gene-Rps17-dl4	paralog_dl	chr20	6884785	6885192	+	408	dl	4.0
Rps17	Rps17-dl5	gene-Rps17-dl5	paralog_dl	chr22	58724903	58725388	-	486	dl	5.0
Rps18	Rps18	gene-Rps18	parent	chr1	3529443	3534844	+	5402		
Rps18	Rps18-dl6	gene-Rps18-dl6	paralog_dl	chr5	81031955	81034220	+	2266	dl	6.0
Rps18	Rps18-dl7	gene-Rps18-dl7	paralog_dl	chr7	12624812	12625270	+	459	dl	7.0
Rps18	Rps18-dl1	gene-Rps18-dl1	paralog_dl	chr13	59460970	59461687	+	718	dl	1.0
Rps18	Rps18-dl2	gene-Rps18-dl2	paralog_dl	chr14	57693150	57693650	-	501	dl	2.0
Rps18	Rps18-dl3	gene-Rps18-dl3	paralog_dl	chr19	26878538	26879145	+	608	dl	3.0
Rps18	Rps18-dl4	gene-Rps18-dl4	paralog_dl	chr19	49897527	49897985	-	459	dl	4.0
Rps18	Rps18-dl5	gene-Rps18-dl5	paralog_dl	chr24	42234503	42234961	+	459	dl	5.0
Rps2	Rps2	gene-Rps2	parent	chr20	36496309	36498410	-	2102		
Rps2	Rps2-dl3	gene-Rps2-dl3	paralog_dl	chrX	66275514	66276395	+	882	dl	3.0
Rps2	Rps2-l1	gene-Rps2-l1	paralog_l	chr3	140858805	140859754	+	950	l	1.0
Rps2	Rps2-dl2	gene-Rps2-dl2	paralog_dl	chr7	57054909	57055876	+	968	dl	2.0
Rps2	Rps2-dl1	gene-Rps2-dl1	paralog_dl	chr23	5632747	5633695	+	949	dl	1.0
Rps20	Rps20	gene-Rps20	parent	chr26	50773330	50774325	-	996		
Rps20	Rps20-dl1	gene-Rps20-dl1	paralog_dl	chr1	6145436	6145690	-	255	dl	1.0
Rps23	Rps23	gene-Rps23	parent	chr3	74690526	74692376	+	1851		
Rps23	Rps23-dl7	gene-Rps23-dl7	paralog_dl	chrX	25955514	25958822	+	3309	dl	7.0
Rps23	Rps23-dl1	gene-Rps23-dl1	paralog_dl	chr1	2266625	2267056	+	432	dl	1.0
Rps23	Rps23-dl4	gene-Rps23-dl4	paralog_dl	chr2	20848889	20849469	-	581	dl	4.0
Rps23	Rps23-dl6	gene-Rps23-dl6	paralog_dl	chr3	106270326	106270757	-	432	dl	6.0
Rps23	Rps23-dl2	gene-Rps23-dl2	paralog_dl	chr13	10549984	10550415	+	432	dl	2.0
Rps23	Rps23-dl3	gene-Rps23-dl3	paralog_dl	chr18	39431258	39434137	+	2880	dl	3.0
Rps23	Rps23-dl5	gene-Rps23-dl5	paralog_dl	chr22	49664853	49665324	-	472	dl	5.0
Rps25	Rps25	gene-Rps25	parent	chr4	76703853	76704326	+	474		
Rps25	Rps25-dl14	gene-Rps25-dl14	paralog_dl	chrX	52093007	52093384	-	378	dl	14.0
Rps25	Rps25-dl15	gene-Rps25-dl15	paralog_dl	chrX	90068453	90068922	-	470	dl	15.0
Rps25	Rps25-dl1	gene-Rps25-dl1	paralog_dl	chr1	2229430	2229807	-	378	dl	1.0
Rps25	Rps25-dl2	gene-Rps25-dl2	paralog_dl	chr1	69018654	69019031	+	378	dl	2.0
Rps25	Rps25-dl13	gene-Rps25-dl13	paralog_dl	chr5	88150809	88151186	+	378	dl	13.0
Rps25	Rps25-dl3	gene-Rps25-dl3	paralog_dl	chr12	90841390	90841770	+	381	dl	3.0
Rps25	Rps25-dl4	gene-Rps25-dl4	paralog_dl	chr12	104912100	104912366	+	267	dl	4.0
Rps25	Rps25-dl5	gene-Rps25-dl5	paralog_dl	chr12	106688256	106688633	-	378	dl	5.0
Rps25	Rps25-dl6	gene-Rps25-dl6	paralog_dl	chr19	17365677	17366054	+	378	dl	6.0
Rps25	Rps25-dl7	gene-Rps25-dl7	paralog_dl	chr20	72262482	72263703	-	1222	dl	7.0
Rps25	Rps25-dl8	gene-Rps25-dl8	paralog_dl	chr21	10590635	10591536	+	902	dl	8.0
Rps25	Rps25-dl9	gene-Rps25-dl9	paralog_dl	chr22	58442282	58444850	-	2569	dl	9.0
Rps25	Rps25-dl10	gene-Rps25-dl10	paralog_dl	chr25	41361751	41366808	-	5058	dl	10.0
Rps25	Rps25-dl11	gene-Rps25-dl11	paralog_dl	chr26	43466286	43466750	+	465	dl	11.0
Rps25	Rps25-dl12	gene-Rps25-dl12	paralog_dl	chr28	43061342	43061719	+	378	dl	12.0
Rps27	Rps27	gene-Rps27	parent	chr22	58322393	58325590	-	3198		
Rps27	Rps27-l1	gene-Rps27-l1	paralog_l	chr1	92957779	92958045	+	267	l	1.0
Rps27	Rps27-l4	gene-Rps27-l4	paralog_l	chr3	120707298	120708544	-	1247	l	4.0
Rps27	Rps27-dl6	gene-Rps27-dl6	paralog_dl	chr6	117226100	117226354	+	255	dl	6.0
Rps27	Rps27-dl7	gene-Rps27-dl7	paralog_dl	chr8	54824	55078	+	255	dl	7.0
Rps27	Rps27-dl8	gene-Rps27-dl8	paralog_dl	chr8	13560255	13561163	+	909	dl	8.0
Rps27	Rps27-l5	gene-Rps27-l5	paralog_l	chr8	80387554	80387808	+	255	l	5.0
Rps27	Rps27-dl1	gene-Rps27-dl1	paralog_dl	chr10	22955180	22955434	+	255	dl	1.0
Rps27	Rps27-l2	gene-Rps27-l2	paralog_l	chr10	26673420	26675948	+	2529	l	2.0
Rps27	Rps27-l3	gene-Rps27-l3	paralog_l	chr19	32538909	32539175	+	267	l	3.0
Rps27	Rps27-dl2	gene-Rps27-dl2	paralog_dl	chr19	41752072	41752326	-	255	dl	2.0
Rps27	Rps27-dl3	gene-Rps27-dl3	paralog_dl	chr19	44469372	44470727	-	1356	dl	3.0
Rps27	Rps27-dl4	gene-Rps27-dl4	paralog_dl	chr26	54612	54866	+	255	dl	4.0
Rps27	Rps27-dl5	gene-Rps27-dl5	paralog_dl	chr28	44612369	44612623	-	255	dl	5.0
Rps27a	Rps27a	gene-Rps27a	parent	chr22	49966134	49968360	-	2227		
Rps27a	Rps27a-l1	gene-Rps27a-l1	paralog_l	chr9	12207875	12208339	-	465	l	1.0
Rps27a	Rps27a-dl1	gene-Rps27a-dl1	paralog_dl	chr16	7924614	7925278	+	665	dl	1.0
Rps27l	Rps27l	gene-Rps27l	parent	chr1	85254664	85339882	-	85219		
Rps27l	Rps27l-l1	gene-Rps27l-l1	paralog_l	chr5	4603639	4603894	+	256	l	1.0
Rps29	Rps29	gene-Rps29	parent	chr8	14446242	14449361	+	3120		
Rps29	Rps29-dl3	gene-Rps29-dl3	paralog_dl	chr7	5878392	5878562	-	171	dl	3.0
Rps29	Rps29-l1	gene-Rps29-l1	paralog_l	chr8	19508975	19509253	-	279	l	1.0
Rps29	Rps29-dl4	gene-Rps29-dl4	paralog_dl	chr8	72248547	72248717	-	171	dl	4.0
Rps29	Rps29-dl5	gene-Rps29-dl5	paralog_dl	chr9	125949587	125949854	-	268	dl	5.0
Rps29	Rps29-dl1	gene-Rps29-dl1	paralog_dl	chr20	60784703	60784873	-	171	dl	1.0
Rps29	Rps29-dl2	gene-Rps29-dl2	paralog_dl	chr23	58900678	58900848	+	171	dl	2.0
Rps3	Rps3	gene-Rps3	parent	chr24	14630813	14637894	+	7082		
Rps3	Rps3-dl1	gene-Rps3-dl1	paralog_dl	chr1	41704251	41706569	+	2319	dl	1.0
Rps3	Rps3-dl4	gene-Rps3-dl4	paralog_dl	chr6	34674563	34675294	+	732	dl	4.0
Rps3	Rps3-dl2	gene-Rps3-dl2	paralog_dl	chr27	19495420	19496151	-	732	dl	2.0
Rps3	Rps3-dl3	gene-Rps3-dl3	paralog_dl	chr28	30550956	30551687	+	732	dl	3.0
Rps4	Rps4	gene-Rps4	parent	chr20	58659884	58660390	-	507		
Rps4	Rps4-l1	gene-Rps4-l1	paralog_l	chr7	48899248	48900234	-	987	l	1.0
Rps4	Rps4-l2	gene-Rps4-l2	paralog_l	chr8	99697319	99698182	+	864	l	2.0
Rps6	Rps6	gene-Rps6	parent	chr9	126338372	126341698	-	3327		
Rps6	Rps6-dl3	gene-Rps6-dl3	paralog_dl	chr4	86828347	86829186	+	840	dl	3.0
Rps6	Rps6-dl4	gene-Rps6-dl4	paralog_dl	chr7	52399487	52400724	+	1238	dl	4.0
Rps6	Rps6-dl1	gene-Rps6-dl1	paralog_dl	chr22	55818125	55818973	-	849	dl	1.0
Rps6	Rps6-dl2	gene-Rps6-dl2	paralog_dl	chr27	9838191	9838977	+	787	dl	2.0
Rps7	Rps7	gene-Rps7	parent	chr17	30771993	30776436	-	4444		
Rps7	Rps7-dl1	gene-Rps7-dl1	paralog_dl	chr1	138006815	138007442	-	628	dl	1.0
Rps7	Rps7-dl7	gene-Rps7-dl7	paralog_dl	chr4	106812888	106813472	-	585	dl	7.0
Rps7	Rps7-dl8	gene-Rps7-dl8	paralog_dl	chr4	108405998	108406615	+	618	dl	8.0
Rps7	Rps7-dl2	gene-Rps7-dl2	paralog_dl	chr12	12063419	12067550	-	4132	dl	2.0
Rps7	Rps7-dl3	gene-Rps7-dl3	paralog_dl	chr14	76258396	76258980	-	585	dl	3.0
Rps7	Rps7-dl4	gene-Rps7-dl4	paralog_dl	chr17	36566072	36566714	-	643	dl	4.0
Rps7	Rps7-dl5	gene-Rps7-dl5	paralog_dl	chr23	25255025	25257343	+	2319	dl	5.0
Rps7	Rps7-dl6	gene-Rps7-dl6	paralog_dl	chr26	48915797	48916381	-	585	dl	6.0
Rps8	Rps8	gene-Rps8	parent	chr19	47625832	47628285	+	2454		
Rps8	Rps8-dl1	gene-Rps8-dl1	paralog_dl	chr5	108548357	108549113	+	757	dl	1.0
Rps9	Rps9	gene-Rps9	parent	chr2	40419528	40422589	+	3062		
Rps9	Rps9-l1	gene-Rps9-l1	paralog_l	chr15	30863052	30863274	+	223	l	1.0
Rpsa	Rpsa	gene-Rpsa	parent	chr16	7262446	7266128	-	3683		
Rpsa	Rpsa-dl2	gene-Rpsa-dl2	paralog_dl	chrX	94363251	94365781	+	2531	dl	2.0
Rpsa	Rpsa-dl1	gene-Rpsa-dl1	paralog_dl	chr23	36456300	36457795	-	1496	dl	1.0
Rrm2	Rrm2	gene-Rrm2	parent	chr17	32692286	32801814	+	109529		
Rrm2	Rrm2-l1	gene-Rrm2-l1	paralog_l	chr17	32682455	32683565	+	1111	l	1.0
Rrp15	Rrp15	gene-Rrp15	parent	chr8	120793130	120834473	+	41344		
Rrp15	Rrp15-dl1	gene-Rrp15-dl1	paralog_dl	chr11	31081254	31082045	-	792	dl	1.0
Rrs1	Rrs1	gene-Rrs1	parent	chr11	60086975	60089466	-	2492		
Rrs1	Rrs1-l1	gene-Rrs1-l1	paralog_l	chr17	28633177	28634141	-	965	l	1.0
Rsbn1l	Rsbn1l	gene-Rsbn1l	parent	chr17	94117756	94193205	+	75450		
Rsbn1l	Rsbn1l-l1	gene-Rsbn1l-l1	paralog_l	chrX	63222717	63225638	+	2922	l	1.0
Rsl24d1	Rsl24d1	gene-Rsl24d1	parent	chr8	836952	847515	+	10564		
Rsl24d1	Rsl24d1-dl1	gene-Rsl24d1-dl1	paralog_dl	chr2	43436632	43437568	-	937	dl	1.0
Rtcb	Rtcb	gene-Rtcb	parent	chr2	155277344	155291816	-	14473		
Rtcb	Rtcb-dl1	gene-Rtcb-dl1	paralog_dl	chr12	52194171	52195608	-	1438	dl	1.0
Rtl8c	Rtl8c	gene-Rtl8c	parent	chrX	27607256	27608806	+	1551		
Rtl8c	Rtl8c-dl1	gene-Rtl8c-dl1	paralog_dl	chrX	27624272	27625881	-	1610	dl	1.0
Rtraf	Rtraf	gene-Rtraf	parent	chr8	12191122	12211833	-	20712		
Rtraf	Rtraf-dl1	gene-Rtraf-dl1	paralog_dl	chr2	62359358	62360301	-	944	dl	1.0
Ruvbl1	Ruvbl1	gene-Ruvbl1	parent	chr9	80725266	80762040	+	36775		
Ruvbl1	Ruvbl1-dl2	gene-Ruvbl1-dl2	paralog_dl	chrX	160834238	160835743	-	1506	dl	2.0
Ruvbl1	Ruvbl1-dl1	gene-Ruvbl1-dl1	paralog_dl	chr6	9779166	9782064	-	2899	dl	1.0
Ruvbl2	Ruvbl2	gene-Ruvbl2	parent	chr2	33034961	33051442	+	16482		
Ruvbl2	Ruvbl2-l1	gene-Ruvbl2-l1	paralog_l	chr6	30920130	30921610	-	1481	l	1.0
S100a10	S100a10	gene-S100a10	parent	chr22	53294419	53307385	-	12967		
S100a10	S100a10-l1	gene-S100a10-l1	paralog_l	chr3	42240670	42241306	+	637	l	1.0
S100a10	S100a10-dl1	gene-S100a10-dl1	paralog_dl	chr16	98539241	98539766	-	526	dl	1.0
S100a10	S100a10-dl2	gene-S100a10-dl2	paralog_dl	chr19	31400731	31401033	+	303	dl	2.0
S100a11	S100a11	gene-S100a11	parent	chr22	53365755	53370243	-	4489		
S100a11	S100a11-dl2	gene-S100a11-dl2	paralog_dl	chr2	58040392	58040691	-	300	dl	2.0
S100a11	S100a11-dl1	gene-S100a11-dl1	paralog_dl	chr11	86665814	86666253	-	440	dl	1.0
S100a11	S100a11-dl3	gene-S100a11-dl3	paralog_dl	chr22	8214571	8214870	+	300	dl	3.0
S100a11	S100a11-dl4	gene-S100a11-dl4	paralog_dl	chr22	27895088	27895489	-	402	dl	4.0
S100a15a	S100a15a	gene-S100a15a	parent	chr22	55018811	55019896	+	1086		
S100a15a	S100a15a-l1	gene-S100a15a-l1	paralog_l	chr22	54846331	54847415	-	1085	l	1.0
S100a8	S100a8	gene-S100a8	parent	chr22	54838940	54840003	-	1064		
S100a8	S100a8-l1	gene-S100a8-l1	paralog_l	chr22	55041500	55041939	+	440	l	1.0
Saa3	Saa3	gene-Saa3	parent	chr24	42113329	42118249	-	4921		
Saa3	Saa3-dl1	gene-Saa3-dl1	paralog_dl	chr24	42130709	42133812	-	3104	dl	1.0
Saa3	Saa3-l1	gene-Saa3-l1	paralog_l	chr24	42163469	42168040	-	4572	l	1.0
Sap18	Sap18	gene-Sap18	parent	chr5	115755683	115761772	+	6090		
Sap18	Sap18-dl5	gene-Sap18-dl5	paralog_dl	chrX	108948156	108948617	+	462	dl	5.0
Sap18	Sap18-dl2	gene-Sap18-dl2	paralog_dl	chr2	11670315	11670929	+	615	dl	2.0
Sap18	Sap18-dl3	gene-Sap18-dl3	paralog_dl	chr2	74135118	74135665	+	548	dl	3.0
Sap18	Sap18-dl4	gene-Sap18-dl4	paralog_dl	chr3	123954720	123955435	-	716	dl	4.0
Sap18	Sap18-dl1	gene-Sap18-dl1	paralog_dl	chr17	63788697	63789215	-	519	dl	1.0
Sar1a	Sar1a	gene-Sar1a	parent	chr1	24558952	24584521	+	25570		
Sar1a	Sar1a-l1	gene-Sar1a-l1	paralog_l	chr3	54907994	54910166	+	2173	l	1.0
Sbds	Sbds	gene-Sbds	parent	chr6	41318011	41325161	+	7151		
Sbds	Sbds-dl1	gene-Sbds-dl1	paralog_dl	chr5	11035133	11035885	-	753	dl	1.0
Sbds	Sbds-dl2	gene-Sbds-dl2	paralog_dl	chr8	67590788	67593553	-	2766	dl	2.0
Sbds	Sbds-dl3	gene-Sbds-dl3	paralog_dl	chr8	92177489	92178241	+	753	dl	3.0
Scaf11	Scaf11	gene-Scaf11	parent	chr16	10832320	10886434	+	54115		
Scaf11	Scaf11-l1	gene-Scaf11-l1	paralog_l	chr6	95037228	95038217	-	990	l	1.0
Sco1	Sco1	gene-Sco1	parent	chr7	41792689	41801427	-	8739		
Sco1	Sco1-dl1	gene-Sco1-dl1	paralog_dl	chr6	113380058	113382425	-	2368	dl	1.0
Sdcbp	Sdcbp	gene-Sdcbp	parent	chr26	52937755	52982452	+	44698		
Sdcbp	Sdcbp-l1	gene-Sdcbp-l1	paralog_l	chrX	76637753	76639801	+	2049	l	1.0
Sdhd	Sdhd	gene-Sdhd	parent	chr25	34107391	34117360	+	9970		
Sdhd	Sdhd-dl2	gene-Sdhd-dl2	paralog_dl	chrX	135384244	135386142	-	1899	dl	2.0
Sdhd	Sdhd-l1	gene-Sdhd-l1	paralog_l	chr9	84089728	84091009	-	1282	l	1.0
Sdhd	Sdhd-dl1	gene-Sdhd-dl1	paralog_dl	chr14	7587658	7588137	-	480	dl	1.0
Sdr9c7	Sdr9c7	gene-Sdr9c7	parent	chr16	41491210	41500508	+	9299		
Sdr9c7	Sdr9c7-l1	gene-Sdr9c7-l1	paralog_l	chr16	41530452	41538729	+	8278	l	1.0
Sec13	Sec13	gene-Sec13	parent	chr6	65859267	65880167	-	20901		
Sec13	Sec13-dl1	gene-Sec13-dl1	paralog_dl	chrX	162843327	162844295	+	969	dl	1.0
Sec22b	Sec22b	gene-Sec22b	parent	chr21	2399768	2423197	+	23430		
Sec22b	Sec22b-dl1	gene-Sec22b-dl1	paralog_dl	chr4	89724181	89724813	-	633	dl	1.0
Sec61b	Sec61b	gene-Sec61b	parent	chr14	73326162	73336553	+	10392		
Sec61b	Sec61b-dl1	gene-Sec61b-dl1	paralog_dl	chr18	16408471	16408791	-	321	dl	1.0
Sectm1	Sectm1	gene-Sectm1	parent	chr18	27902449	27930244	+	27796		
Sectm1	Sectm1-l1	gene-Sectm1-l1	paralog_l	chr18	27934258	27940836	-	6579	l	1.0
Selenok	Selenok	gene-Selenok	parent	chr19	87416148	87423811	+	7664		
Selenok	Selenok-dl1	gene-Selenok-dl1	paralog_dl	chr8	95625586	95627347	+	1762	dl	1.0
Selenoo	Selenoo	gene-Selenoo	parent	chr4	46628852	46642326	+	13475		
Selenoo	Selenoo-l1	gene-Selenoo-l1	paralog_l	chr9	62399667	62451892	+	52226	l	1.0
Selenot	Selenot	gene-Selenot	parent	chr16	53904107	53909514	+	5408		
Selenot	Selenot-dl1	gene-Selenot-dl1	paralog_dl	chr5	34368086	34369212	+	1127	dl	1.0
Sem1	Sem1	gene-Sem1	parent	chr5	96756371	96773361	+	16991		
Sem1	Sem1-dl1	gene-Sem1-dl1	paralog_dl	chr1	40122716	40124953	+	2238	dl	1.0
Sem1	Sem1-l1	gene-Sem1-l1	paralog_l	chr17	91329088	91329404	+	317	l	1.0
Sem1	Sem1-dl2	gene-Sem1-dl2	paralog_dl	chr20	6273553	6273933	+	381	dl	2.0
Sephs1	Sephs1	gene-Sephs1	parent	chr9	85667770	85707752	+	39983		
Sephs1	Sephs1-l1	gene-Sephs1-l1	paralog_l	chr13	25979070	25981968	-	2899	l	1.0
Serpina2	Serpina2	gene-Serpina2	parent	chr27	40187635	40195904	+	8270		
Serpina2	Serpina2-l1	gene-Serpina2-l1	paralog_l	chr27	40320162	40326313	+	6152	l	1.0
Serpina2	Serpina2-l2	gene-Serpina2-l2	paralog_l	chr27	44323685	44330084	+	6400	l	2.0
Serpinb3	Serpinb3	gene-Serpinb3	parent	chr10	57723612	57731345	-	7734		
Serpinb3	Serpinb3-l1	gene-Serpinb3-l1	paralog_l	chr10	57632206	57639360	-	7155	l	1.0
Serpinb9	Serpinb9	gene-Serpinb9	parent	chr13	114921624	114934627	+	13004		
Serpinb9	Serpinb9-l1	gene-Serpinb9-l1	paralog_l	chr13	114975820	114992033	-	16214	l	1.0
Serpinb9	Serpinb9-l2	gene-Serpinb9-l2	paralog_l	chr13	115089555	115457643	-	368089	l	2.0
Serpinb9	Serpinb9-l3	gene-Serpinb9-l3	paralog_l	chr13	115245656	115253740	-	8085	l	3.0
Serpinb9	Serpinb9-l4	gene-Serpinb9-l4	paralog_l	chr13	115378802	115392038	+	13237	l	4.0
Serpinb9	Serpinb9-l5	gene-Serpinb9-l5	paralog_l	chr13	115446974	115457632	-	10659	l	5.0
Sertm1	Sertm1	gene-Sertm1	parent	chr5	132296278	132315018	+	18741		
Sertm1	Sertm1-l1	gene-Sertm1-l1	paralog_l	chr15	30966044	30966367	-	324	l	1.0
Sf3a2	Sf3a2	gene-Sf3a2	parent	chr3	122422982	122430004	-	7023		
Sf3a2	Sf3a2-dl1	gene-Sf3a2-dl1	paralog_dl	chr21	82130933	82132282	-	1350	dl	1.0
Sf3b4	Sf3b4	gene-Sf3b4	parent	chr22	50787132	50792533	-	5402		
Sf3b4	Sf3b4-dl3	gene-Sf3b4-dl3	paralog_dl	chr5	86191088	86192586	+	1499	dl	3.0
Sf3b4	Sf3b4-l1	gene-Sf3b4-l1	paralog_l	chr8	57121856	57123390	-	1535	l	1.0
Sf3b4	Sf3b4-dl1	gene-Sf3b4-dl1	paralog_dl	chr17	74866986	74868511	+	1526	dl	1.0
Sf3b4	Sf3b4-dl2	gene-Sf3b4-dl2	paralog_dl	chr19	31712551	31714068	-	1518	dl	2.0
Sfn	Sfn	gene-Sfn	parent	chr19	18987593	18991513	+	3921		
Sfn	Sfn-dl1	gene-Sfn-dl1	paralog_dl	chr9	66558179	66558925	+	747	dl	1.0
Sftpd	Sftpd	gene-Sftpd	parent	chr6	11372537	11386618	-	14082		
Sftpd	Sftpd-l1	gene-Sftpd-l1	paralog_l	chr6	11457811	11479293	-	21483	l	1.0
Sh3bgrl	Sh3bgrl	gene-Sh3bgrl	parent	chrX	98151492	98242745	-	91254		
Sh3bgrl	Sh3bgrl-dl2	gene-Sh3bgrl-dl2	paralog_dl	chr2	36617534	36619192	-	1659	dl	2.0
Sh3bgrl	Sh3bgrl-dl3	gene-Sh3bgrl-dl3	paralog_dl	chr4	15213731	15214075	-	345	dl	3.0
Sh3bgrl	Sh3bgrl-dl4	gene-Sh3bgrl-dl4	paralog_dl	chr8	127141377	127143448	-	2072	dl	4.0
Sh3bgrl	Sh3bgrl-dl1	gene-Sh3bgrl-dl1	paralog_dl	chr16	7594290	7598178	-	3889	dl	1.0
Shcbp1	Shcbp1	gene-Shcbp1	parent	chr16	51326678	51407273	-	80596		
Shcbp1	Shcbp1-dl1	gene-Shcbp1-dl1	paralog_dl	chr4	99622933	99624951	-	2019	dl	1.0
Shmt2	Shmt2	gene-Shmt2	parent	chr16	41129840	41135140	-	5301		
Shmt2	Shmt2-l1	gene-Shmt2-l1	paralog_l	chr26	243158	245568	-	2411	l	1.0
Siglec10	Siglec10	gene-Siglec10	parent	chr2	36244508	36253801	-	9294		
Siglec10	Siglec10-l1	gene-Siglec10-l1	paralog_l	chr2	33812798	33842109	-	29312	l	1.0
Siglec5	Siglec5	gene-Siglec5	parent	chr2	36339318	36355019	-	15702		
Siglec5	Siglec5-l1	gene-Siglec5-l1	paralog_l	chr2	36110202	36114801	+	4600	l	1.0
Sirpa	Sirpa	gene-Sirpa	parent	chr3	149915428	149955018	-	39591		
Sirpa	Sirpa-l1	gene-Sirpa-l1	paralog_l	chr20	55186897	55247731	+	60835	l	1.0
Siva1	Siva1	gene-Siva1	parent	chr27	52696818	52703562	+	6745		
Siva1	Siva1-dl1	gene-Siva1-dl1	paralog_dl	chr2	100454708	100455235	+	528	dl	1.0
Siva1	Siva1-dl2	gene-Siva1-dl2	paralog_dl	chr2	103939112	103939639	-	528	dl	2.0
Ska2	Ska2	gene-Ska2	parent	chr7	16285352	16317063	-	31712		
Ska2	Ska2-dl12	gene-Ska2-dl12	paralog_dl	chrX	71689151	71689932	-	782	dl	12.0
Ska2	Ska2-dl13	gene-Ska2-dl13	paralog_dl	chrX	147900597	147901022	+	426	dl	13.0
Ska2	Ska2-dl6	gene-Ska2-dl6	paralog_dl	chr2	52663140	52663505	-	366	dl	6.0
Ska2	Ska2-dl9	gene-Ska2-dl9	paralog_dl	chr4	74335708	74336133	-	426	dl	9.0
Ska2	Ska2-dl10	gene-Ska2-dl10	paralog_dl	chr5	64334146	64334511	-	366	dl	10.0
Ska2	Ska2-dl11	gene-Ska2-dl11	paralog_dl	chr5	82897216	82897581	-	366	dl	11.0
Ska2	Ska2-dl1	gene-Ska2-dl1	paralog_dl	chr10	110178649	110180300	-	1652	dl	1.0
Ska2	Ska2-dl2	gene-Ska2-dl2	paralog_dl	chr13	70180755	70181606	-	852	dl	2.0
Ska2	Ska2-dl3	gene-Ska2-dl3	paralog_dl	chr13	85076513	85076878	+	366	dl	3.0
Ska2	Ska2-dl4	gene-Ska2-dl4	paralog_dl	chr13	110636660	110637085	-	426	dl	4.0
Ska2	Ska2-dl5	gene-Ska2-dl5	paralog_dl	chr14	44011963	44013971	+	2009	dl	5.0
Ska2	Ska2-dl7	gene-Ska2-dl7	paralog_dl	chr22	76477135	76477500	-	366	dl	7.0
Ska2	Ska2-dl8	gene-Ska2-dl8	paralog_dl	chr24	34646017	34646382	-	366	dl	8.0
Skp1	Skp1	gene-Skp1	parent	chr11	113505583	113527314	+	21732		
Skp1	Skp1-l3	gene-Skp1-l3	paralog_l	chr4	29063750	29064256	-	507	l	3.0
Skp1	Skp1-l4	gene-Skp1-l4	paralog_l	chr7	102793865	102795270	-	1406	l	4.0
Skp1	Skp1-l1	gene-Skp1-l1	paralog_l	chr13	70063470	70064757	-	1288	l	1.0
Skp1	Skp1-l2	gene-Skp1-l2	paralog_l	chr18	21291289	21310615	+	19327	l	2.0
Slamf8	Slamf8	gene-Slamf8	parent	chr2	66944079	66954405	-	10327		
Slamf8	Slamf8-dl1	gene-Slamf8-dl1	paralog_dl	chr22	54908357	54922736	+	14380	dl	1.0
Slamf8	Slamf8-l1	gene-Slamf8-l1	paralog_l	chr22	55239677	55242063	-	2387	l	1.0
Slc22a13	Slc22a13	gene-Slc22a13	parent	chr13	64008580	64021727	+	13148		
Slc22a13	Slc22a13-l1	gene-Slc22a13-l1	paralog_l	chr6	98351490	98356578	+	5089	l	1.0
Slc22a13	Slc22a13-l2	gene-Slc22a13-l2	paralog_l	chr6	98433269	98437356	+	4088	l	2.0
Slc22a13	Slc22a13-l3	gene-Slc22a13-l3	paralog_l	chr6	98556209	98558672	-	2464	l	3.0
Slc23a2	Slc23a2	gene-Slc23a2	parent	chr3	146781207	146911066	+	129860		
Slc23a2	Slc23a2-l1	gene-Slc23a2-l1	paralog_l	chr22	60628054	60680569	-	52516	l	1.0
Slc25a24	Slc25a24	gene-Slc25a24	parent	chr21	15437929	15510496	+	72568		
Slc25a24	Slc25a24-l1	gene-Slc25a24-l1	paralog_l	chr21	15540626	15576032	+	35407	l	1.0
Slc25a24	Slc25a24-dl1	gene-Slc25a24-dl1	paralog_dl	chr22	81477569	81478915	-	1347	dl	1.0
Slc25a44	Slc25a44	gene-Slc25a44	parent	chr22	56259590	56273632	-	14043		
Slc25a44	Slc25a44-l1	gene-Slc25a44-l1	paralog_l	chr1	126076045	126079138	-	3094	l	1.0
Slc25a5	Slc25a5	gene-Slc25a5	parent	chrX	52111141	52114259	-	3119		
Slc25a5	Slc25a5-dl2	gene-Slc25a5-dl2	paralog_dl	chr2	34532228	34533389	-	1162	dl	2.0
Slc25a5	Slc25a5-dl4	gene-Slc25a5-dl4	paralog_dl	chr6	83637074	83638235	+	1162	dl	4.0
Slc25a5	Slc25a5-dl5	gene-Slc25a5-dl5	paralog_dl	chr6	100822082	100822921	-	840	dl	5.0
Slc25a5	Slc25a5-dl1	gene-Slc25a5-dl1	paralog_dl	chr14	107365749	107366922	+	1174	dl	1.0
Slc25a5	Slc25a5-dl3	gene-Slc25a5-dl3	paralog_dl	chr20	16278158	16279304	+	1147	dl	3.0
Slc25a51	Slc25a51	gene-Slc25a51	parent	chr14	53310562	53325609	+	15048		
Slc25a51	Slc25a51-l2	gene-Slc25a51-l2	paralog_l	chr3	149614702	149615617	-	916	l	2.0
Slc25a51	Slc25a51-l1	gene-Slc25a51-l1	paralog_l	chr13	90422729	90423412	+	684	l	1.0
Slc35a4	Slc35a4	gene-Slc35a4	parent	chr3	41230023	41232267	-	2245		
Slc35a4	Slc35a4-l1	gene-Slc35a4-l1	paralog_l	chr3	41232280	41234893	-	2614	l	1.0
Slc35a4	Slc35a4-l2	gene-Slc35a4-l2	paralog_l	chr7	37081513	37082213	+	701	l	2.0
Slc39a2	Slc39a2	gene-Slc39a2	parent	chr8	57701501	57703932	-	2432		
Slc39a2	Slc39a2-l1	gene-Slc39a2-l1	paralog_l	chr15	100273840	100275854	-	2015	l	1.0
Slc5a1	Slc5a1	gene-Slc5a1	parent	chr20	24387926	24469568	-	81643		
Slc5a1	Slc5a1-l1	gene-Slc5a1-l1	paralog_l	chr20	21887813	21960860	-	73048	l	1.0
Slc5a4	Slc5a4	gene-Slc5a4	parent	chr20	23879068	23991461	+	112394		
Slc5a4	Slc5a4-l1	gene-Slc5a4-l1	paralog_l	chr20	24280530	24345695	+	65166	l	1.0
Slc6a16	Slc6a16	gene-Slc6a16	parent	chr2	33233007	33253021	-	20015		
Slc6a16	Slc6a16-l1	gene-Slc6a16-l1	paralog_l	chr2	33211690	33226020	-	14331	l	1.0
Slc7a12	Slc7a12	gene-Slc7a12	parent	chr11	40274310	40319437	-	45128		
Slc7a12	Slc7a12-l1	gene-Slc7a12-l1	paralog_l	chr11	40353856	40375244	-	21389	l	1.0
Slc7a9	Slc7a9	gene-Slc7a9	parent	chr12	96999423	97008648	-	9226		
Slc7a9	Slc7a9-l1	gene-Slc7a9-l1	paralog_l	chr2	17202073	17228903	-	26831	l	1.0
Slfn13	Slfn13	gene-Slfn13	parent	chr7	21827104	21831162	+	4059		
Slfn13	Slfn13-l1	gene-Slfn13-l1	paralog_l	chr7	21868529	21873002	+	4474	l	1.0
Slfn13	Slfn13-l2	gene-Slfn13-l2	paralog_l	chr7	22075839	22080986	+	5148	l	2.0
Slirp	Slirp	gene-Slirp	parent	chr27	24334650	24340563	+	5914		
Slirp	Slirp-dl1	gene-Slirp-dl1	paralog_dl	chr7	7416620	7416955	+	336	dl	1.0
Smim10l1	Smim10l1	gene-Smim10l1	parent	chr4	17477675	17479584	+	1910		
Smim10l1	Smim10l1-l1	gene-Smim10l1-l1	paralog_l	chr3	83864569	83866063	+	1495	l	1.0
Smim15	Smim15	gene-Smim15	parent	chr11	34849740	34849964	-	225		
Smim15	Smim15-l2	gene-Smim15-l2	paralog_l	chrX	139637580	139637756	-	177	l	2.0
Smim15	Smim15-dl1	gene-Smim15-dl1	paralog_dl	chr7	110945060	110946845	+	1786	dl	1.0
Smim15	Smim15-dl2	gene-Smim15-dl2	paralog_dl	chr8	37685070	37685294	+	225	dl	2.0
Smim15	Smim15-l1	gene-Smim15-l1	paralog_l	chr23	82377017	82378869	-	1853	l	1.0
Sms	Sms	gene-Sms	parent	chrX	173431161	173484646	-	53486		
Sms	Sms-dl1	gene-Sms-dl1	paralog_dl	chr28	8670226	8671903	+	1678	dl	1.0
Smu1	Smu1	gene-Smu1	parent	chr14	58069131	58099304	+	30174		
Smu1	Smu1-dl1	gene-Smu1-dl1	paralog_dl	chrX	141855194	141857273	-	2080	dl	1.0
Snap23	Snap23	gene-Snap23	parent	chr15	89124462	89175660	-	51199		
Snap23	Snap23-l1	gene-Snap23-l1	paralog_l	chr16	93954719	93957076	+	2358	l	1.0
Snap23	Snap23-l2	gene-Snap23-l2	paralog_l	chr22	27903671	27906040	-	2370	l	2.0
Snrnp27	Snrnp27	gene-Snrnp27	parent	chr22	31156191	31169380	-	13190		
Snrnp27	Snrnp27-dl2	gene-Snrnp27-dl2	paralog_dl	chr8	10208964	10209857	-	894	dl	2.0
Snrnp27	Snrnp27-dl1	gene-Snrnp27-dl1	paralog_dl	chr11	77272554	77273597	-	1044	dl	1.0
Snrpa	Snrpa	gene-Snrpa	parent	chr2	24797985	24813421	+	15437		
Snrpa	Snrpa-l1	gene-Snrpa-l1	paralog_l	chr4	16650501	16651417	-	917	l	1.0
Snrpb2	Snrpb2	gene-Snrpb2	parent	chr3	134527069	134539164	-	12096		
Snrpb2	Snrpb2-l1	gene-Snrpb2-l1	paralog_l	chr10	56448966	56449729	+	764	l	1.0
Snrpc	Snrpc	gene-Snrpc	parent	chr1	4600951	4618512	+	17562		
Snrpc	Snrpc-l1	gene-Snrpc-l1	paralog_l	chr4	67878946	67884359	-	5414	l	1.0
Snrpc	Snrpc-l2	gene-Snrpc-l2	paralog_l	chr6	112892098	112892822	-	725	l	2.0
Snrpd1	Snrpd1	gene-Snrpd1	parent	chr10	12376466	12393918	+	17453		
Snrpd1	Snrpd1-dl1	gene-Snrpd1-dl1	paralog_dl	chr1	163221670	163222726	+	1057	dl	1.0
Snrpd1	Snrpd1-dl3	gene-Snrpd1-dl3	paralog_dl	chr2	49794340	49795390	-	1051	dl	3.0
Snrpd1	Snrpd1-l1	gene-Snrpd1-l1	paralog_l	chr10	109479189	109480141	+	953	l	1.0
Snrpd1	Snrpd1-dl2	gene-Snrpd1-dl2	paralog_dl	chr16	4432044	4432403	-	360	dl	2.0
Snrpd1	Snrpd1-l2	gene-Snrpd1-l2	paralog_l	chr22	60049911	60051253	+	1343	l	2.0
Snrpd1	Snrpd1-dl4	gene-Snrpd1-dl4	paralog_dl	chr27	14999136	14999946	-	811	dl	4.0
Snrpd1	Snrpd1-l3	gene-Snrpd1-l3	paralog_l	chr27	40247205	40247564	-	360	l	3.0
Snrpd2	Snrpd2	gene-Snrpd2	parent	chr2	29497607	29503931	-	6325		
Snrpd2	Snrpd2-l1	gene-Snrpd2-l1	paralog_l	chr13	93743046	93743537	-	492	l	1.0
Snrpd2	Snrpd2-dl1	gene-Snrpd2-dl1	paralog_dl	chr13	106198275	106204382	-	6108	dl	1.0
Snrpd2	Snrpd2-l2	gene-Snrpd2-l2	paralog_l	chr16	57014556	57014855	-	300	l	2.0
Snrpd3	Snrpd3	gene-Snrpd3	parent	chr20	21250690	21272656	-	21967		
Snrpd3	Snrpd3-dl1	gene-Snrpd3-dl1	paralog_dl	chr15	53630369	53630897	+	529	dl	1.0
Snrpd3	Snrpd3-l1	gene-Snrpd3-l1	paralog_l	chr19	54296247	54296909	+	663	l	1.0
Snrpd3	Snrpd3-dl2	gene-Snrpd3-dl2	paralog_dl	chr22	57794225	57795179	-	955	dl	2.0
Snrpe	Snrpe	gene-Snrpe	parent	chr8	74014713	74022872	-	8160		
Snrpe	Snrpe-dl1	gene-Snrpe-dl1	paralog_dl	chr1	11584238	11585556	-	1319	dl	1.0
Snrpe	Snrpe-dl2	gene-Snrpe-dl2	paralog_dl	chr1	75647781	75648020	+	240	dl	2.0
Snrpe	Snrpe-dl6	gene-Snrpe-dl6	paralog_dl	chr4	34877044	34877322	+	279	dl	6.0
Snrpe	Snrpe-dl7	gene-Snrpe-dl7	paralog_dl	chr6	32733245	32733523	-	279	dl	7.0
Snrpe	Snrpe-dl8	gene-Snrpe-dl8	paralog_dl	chr6	60928360	60928638	-	279	dl	8.0
Snrpe	Snrpe-dl9	gene-Snrpe-dl9	paralog_dl	chr6	62119247	62120383	+	1137	dl	9.0
Snrpe	Snrpe-dl3	gene-Snrpe-dl3	paralog_dl	chr20	60238339	60238578	-	240	dl	3.0
Snrpe	Snrpe-dl4	gene-Snrpe-dl4	paralog_dl	chr20	86264334	86264612	-	279	dl	4.0
Snrpe	Snrpe-dl5	gene-Snrpe-dl5	paralog_dl	chr22	75916186	75916464	-	279	dl	5.0
Snrpg	Snrpg	gene-Snrpg	parent	chr22	30741530	30748278	+	6749		
Snrpg	Snrpg-dl1	gene-Snrpg-dl1	paralog_dl	chr1	25263813	25264139	+	327	dl	1.0
Snrpg	Snrpg-l2	gene-Snrpg-l2	paralog_l	chr3	97012309	97012722	+	414	l	2.0
Snrpg	Snrpg-dl2	gene-Snrpg-dl2	paralog_dl	chr13	343071	343292	+	222	dl	2.0
Snrpg	Snrpg-dl3	gene-Snrpg-dl3	paralog_dl	chr14	80996068	80996292	+	225	dl	3.0
Snrpg	Snrpg-dl4	gene-Snrpg-dl4	paralog_dl	chr19	10142040	10144337	-	2298	dl	4.0
Snrpg	Snrpg-dl5	gene-Snrpg-dl5	paralog_dl	chr20	54464806	54464994	-	189	dl	5.0
Snrpg	Snrpg-l1	gene-Snrpg-l1	paralog_l	chr22	76662442	76663217	+	776	l	1.0
Snrpg	Snrpg-dl6	gene-Snrpg-dl6	paralog_dl	chr23	3743715	3743945	+	231	dl	6.0
Snrpn	Snrpn	gene-Snrpn	parent	chr15	63200008	63205688	-	5681		
Snrpn	Snrpn-l1	gene-Snrpn-l1	paralog_l	chr9	28426371	28427227	+	857	l	1.0
Snurf	Snurf	gene-Snurf	parent	chr15	63205658	63222912	-	17255		
Snurf	Snurf-l1	gene-Snurf-l1	paralog_l	chr9	28425583	28426291	+	709	l	1.0
Snurf	Snurf-dl1	gene-Snurf-dl1	paralog_dl	chr17	73000718	73002035	-	1318	dl	1.0
Snw1	Snw1	gene-Snw1	parent	chr27	24339618	24393111	-	53494		
Snw1	Snw1-dl1	gene-Snw1-dl1	paralog_dl	chr1	90995607	90998817	+	3211	dl	1.0
Snw1	Snw1-dl2	gene-Snw1-dl2	paralog_dl	chr1	123430313	123431920	+	1608	dl	2.0
Snw1	Snw1-dl6	gene-Snw1-dl6	paralog_dl	chr7	22431123	22433118	-	1996	dl	6.0
Snw1	Snw1-dl7	gene-Snw1-dl7	paralog_dl	chr8	78542231	78543838	-	1608	dl	7.0
Snw1	Snw1-dl3	gene-Snw1-dl3	paralog_dl	chr15	13877128	13878977	-	1850	dl	3.0
Snw1	Snw1-dl4	gene-Snw1-dl4	paralog_dl	chr18	50689919	50691154	+	1236	dl	4.0
Snw1	Snw1-dl5	gene-Snw1-dl5	paralog_dl	chr22	27417515	27419131	+	1617	dl	5.0
Snx17	Snx17	gene-Snx17	parent	chr12	89427947	89436254	-	8308		
Snx17	Snx17-l1	gene-Snx17-l1	paralog_l	chr16	16449776	16451379	+	1604	l	1.0
Snx3	Snx3	gene-Snx3	parent	chr15	38978392	39015880	-	37489		
Snx3	Snx3-dl1	gene-Snx3-dl1	paralog_dl	chr1	123127173	123128385	-	1213	dl	1.0
Snx3	Snx3-dl2	gene-Snx3-dl2	paralog_dl	chr3	37894464	37894799	+	336	dl	2.0
Snx3	Snx3-dl3	gene-Snx3-dl3	paralog_dl	chr4	95291673	95293028	+	1356	dl	3.0
Snx3	Snx3-dl4	gene-Snx3-dl4	paralog_dl	chr7	38145089	38146180	-	1092	dl	4.0
Sod1	Sod1	gene-Sod1	parent	chr14	39189996	39198655	+	8660		
Sod1	Sod1-dl1	gene-Sod1-dl1	paralog_dl	chr1	39133208	39133642	-	435	dl	1.0
Sod1	Sod1-dl2	gene-Sod1-dl2	paralog_dl	chr14	56639218	56639709	+	492	dl	2.0
Sod1	Sod1-dl3	gene-Sod1-dl3	paralog_dl	chr19	3180914	3181342	-	429	dl	3.0
Sod1	Sod1-dl4	gene-Sod1-dl4	paralog_dl	chr19	3645018	3645446	+	429	dl	4.0
Sod1	Sod1-dl5	gene-Sod1-dl5	paralog_dl	chr25	33925111	33925623	+	513	dl	5.0
Sod1	Sod1-dl6	gene-Sod1-dl6	paralog_dl	chr28	8632603	8633196	+	594	dl	6.0
Sod2	Sod2	gene-Sod2	parent	chr18	28830410	28845969	-	15560		
Sod2	Sod2-dl4	gene-Sod2-dl4	paralog_dl	chr5	116056812	116058615	-	1804	dl	4.0
Sod2	Sod2-dl1	gene-Sod2-dl1	paralog_dl	chr17	7244754	7247686	-	2933	dl	1.0
Sod2	Sod2-dl2	gene-Sod2-dl2	paralog_dl	chr19	17990982	17994327	+	3346	dl	2.0
Sod2	Sod2-dl3	gene-Sod2-dl3	paralog_dl	chr21	499134	499754	+	621	dl	3.0
Sp100	Sp100	gene-Sp100	parent	chr1	61348506	61439214	-	90709		
Sp100	Sp100-l1	gene-Sp100-l1	paralog_l	chr1	61304181	61329500	+	25320	l	1.0
Sp100	Sp100-l2	gene-Sp100-l2	paralog_l	chr19	91784870	91785695	+	826	l	2.0
Spag6	Spag6	gene-Spag6	parent	chr9	67012121	67087795	-	75675		
Spag6	Spag6-l1	gene-Spag6-l1	paralog_l	chr9	58842336	58944180	-	101845	l	1.0
Spart	Spart	gene-Spart	parent	chr5	131863734	131888696	-	24963		
Spart	Spart-l1	gene-Spart-l1	paralog_l	chr23	70071114	70074254	-	3141	l	1.0
Spata31d1	Spata31d1	gene-Spata31d1	parent	chr5	108125886	108130901	-	5016		
Spata31d1	Spata31d1-l1	gene-Spata31d1-l1	paralog_l	chr9	91553957	91561573	-	7617	l	1.0
Spdl1	Spdl1	gene-Spdl1	parent	chr11	93577236	93615686	-	38451		
Spdl1	Spdl1-l1	gene-Spdl1-l1	paralog_l	chr22	24678720	24680352	+	1633	l	1.0
Spef1	Spef1	gene-Spef1	parent	chr3	148084320	148091735	+	7416		
Spef1	Spef1-l1	gene-Spef1-l1	paralog_l	chr28	8837097	8842002	+	4906	l	1.0
Sppl2b	Sppl2b	gene-Sppl2b	parent	chr3	122342952	122355644	-	12693		
Sppl2b	Sppl2b-l1	gene-Sppl2b-l1	paralog_l	chr3	127720050	127721678	+	1629	l	1.0
Spta1	Spta1	gene-Spta1	parent	chr2	68583499	68668686	+	85188		
Spta1	Spta1-rl1	gene-Spta1-rl1	paralog_rl	chr2	68877815	68943272	-	65458	rl	1.0
Spta1	Spta1-rl2	gene-Spta1-rl2	paralog_rl	chr2	68955857	68999891	-	44035	rl	2.0
Srm	Srm	gene-Srm	parent	chr19	34326481	34332558	+	6078		
Srm	Srm-dl1	gene-Srm-dl1	paralog_dl	chr13	71596868	71597749	+	882	dl	1.0
Srp14	Srp14	gene-Srp14	parent	chr15	91675810	91681146	+	5337		
Srp14	Srp14-l6	gene-Srp14-l6	paralog_l	chrX	134287081	134287701	+	621	l	6.0
Srp14	Srp14-dl2	gene-Srp14-dl2	paralog_dl	chr2	28351149	28352085	+	937	dl	2.0
Srp14	Srp14-l2	gene-Srp14-l2	paralog_l	chr2	125541662	125541994	+	333	l	2.0
Srp14	Srp14-l3	gene-Srp14-l3	paralog_l	chr2	129064283	129064746	-	464	l	3.0
Srp14	Srp14-dl3	gene-Srp14-dl3	paralog_dl	chr7	88218761	88219473	-	713	dl	3.0
Srp14	Srp14-dl1	gene-Srp14-dl1	paralog_dl	chr11	51855680	51856003	+	324	dl	1.0
Srp14	Srp14-l1	gene-Srp14-l1	paralog_l	chr11	97470615	97472272	-	1658	l	1.0
Srp14	Srp14-l4	gene-Srp14-l4	paralog_l	chr27	5650373	5651081	-	709	l	4.0
Srp14	Srp14-l5	gene-Srp14-l5	paralog_l	chr28	6140994	6141477	-	484	l	5.0
Srp19	Srp19	gene-Srp19	parent	chr3	44096190	44103206	-	7017		
Srp19	Srp19-l1	gene-Srp19-l1	paralog_l	chr16	107225409	107226220	+	812	l	1.0
Srp9	Srp9	gene-Srp9	parent	chr8	125771749	125776236	+	4488		
Srp9	Srp9-dl1	gene-Srp9-dl1	paralog_dl	chr10	90264575	90265345	+	771	dl	1.0
Srpk1	Srpk1	gene-Srpk1	parent	chr1	5548748	5571092	-	22345		
Srpk1	Srpk1-l1	gene-Srpk1-l1	paralog_l	chr17	83466916	83469204	+	2289	l	1.0
Srpra	Srpra	gene-Srpra	parent	chr25	6905405	6913333	-	7929		
Srpra	Srpra-dl1	gene-Srpra-dl1	paralog_dl	chr1	164946165	164947241	-	1077	dl	1.0
Srrm1	Srrm1	gene-Srrm1	parent	chr19	16876466	16911196	+	34731		
Srrm1	Srrm1-l1	gene-Srrm1-l1	paralog_l	chrX	129629748	129633502	-	3755	l	1.0
Srsf6	Srsf6	gene-Srsf6	parent	chr20	71307572	71311206	+	3635		
Srsf6	Srsf6-dl1	gene-Srsf6-dl1	paralog_dl	chr8	77697194	77700297	+	3104	dl	1.0
Ssmem1	Ssmem1	gene-Ssmem1	parent	chr17	58946295	58957763	+	11469		
Ssmem1	Ssmem1-l1	gene-Ssmem1-l1	paralog_l	chr8	93384847	93385447	-	601	l	1.0
Ssrp1	Ssrp1	gene-Ssrp1	parent	chr4	53303177	53306241	+	3065		
Ssrp1	Ssrp1-l1	gene-Ssrp1-l1	paralog_l	chrX	57064119	57073831	+	9713	l	1.0
Ssu72	Ssu72	gene-Ssu72	parent	chr19	41113580	41145102	+	31523		
Ssu72	Ssu72-dl1	gene-Ssu72-dl1	paralog_dl	chrX	56810320	56811535	+	1216	dl	1.0
Stip1	Stip1	gene-Stip1	parent	chr4	84166692	84185238	-	18547		
Stip1	Stip1-dl3	gene-Stip1-dl3	paralog_dl	chr5	72931881	72933104	-	1224	dl	3.0
Stip1	Stip1-dl4	gene-Stip1-dl4	paralog_dl	chr9	35614937	35616595	-	1659	dl	4.0
Stip1	Stip1-dl1	gene-Stip1-dl1	paralog_dl	chr10	9957033	9958208	-	1176	dl	1.0
Stip1	Stip1-dl2	gene-Stip1-dl2	paralog_dl	chr15	14512286	14513335	+	1050	dl	2.0
Stk35	Stk35	gene-Stk35	parent	chr3	149629584	149674942	-	45359		
Stk35	Stk35-l1	gene-Stk35-l1	paralog_l	chr9	107677300	107702420	+	25121	l	1.0
Stk38l	Stk38l	gene-Stk38l	parent	chr2	157223974	157291922	+	67949		
Stk38l	Stk38l-l1	gene-Stk38l-l1	paralog_l	chr12	112902891	112904770	+	1880	l	1.0
Stmn1	Stmn1	gene-Stmn1	parent	chr19	17970716	17989130	-	18415		
Stmn1	Stmn1-dl1	gene-Stmn1-dl1	paralog_dl	chr1	86662505	86663062	+	558	dl	1.0
Stmn1	Stmn1-dl2	gene-Stmn1-dl2	paralog_dl	chr1	108629864	108630884	-	1021	dl	2.0
Stmn1	Stmn1-dl5	gene-Stmn1-dl5	paralog_dl	chr6	4545664	4546107	+	444	dl	5.0
Stmn1	Stmn1-dl6	gene-Stmn1-dl6	paralog_dl	chr6	53998910	54001411	-	2502	dl	6.0
Stmn1	Stmn1-dl3	gene-Stmn1-dl3	paralog_dl	chr21	19706285	19706734	+	450	dl	3.0
Stmn1	Stmn1-dl4	gene-Stmn1-dl4	paralog_dl	chr27	11168838	11169284	+	447	dl	4.0
Stmp1	Stmp1	gene-Stmp1	parent	chr22	11275293	11275759	+	467		
Stmp1	Stmp1-l2	gene-Stmp1-l2	paralog_l	chr9	77975863	77976155	-	293	l	2.0
Stmp1	Stmp1-l1	gene-Stmp1-l1	paralog_l	chr27	2247384	2247578	-	195	l	1.0
Stub1	Stub1	gene-Stub1	parent	chr20	35118085	35120552	+	2468		
Stub1	Stub1-dl1	gene-Stub1-dl1	paralog_dl	chr6	118866455	118867405	+	951	dl	1.0
Stx12	Stx12	gene-Stx12	parent	chr19	19868554	19907932	+	39379		
Stx12	Stx12-dl1	gene-Stx12-dl1	paralog_dl	chr11	118611271	118613299	+	2029	dl	1.0
Styx	Styx	gene-Styx	parent	chr8	11506247	11533660	-	27414		
Styx	Styx-dl1	gene-Styx-dl1	paralog_dl	chr8	43485510	43486602	-	1093	dl	1.0
Sub1	Sub1	gene-Sub1	parent	chr23	63316723	63335339	-	18617		
Sub1	Sub1-l1	gene-Sub1-l1	paralog_l	chr3	39423688	39424294	+	607	l	1.0
Sugt1	Sugt1	gene-Sugt1	parent	chr7	60336055	60385248	+	49194		
Sugt1	Sugt1-dl1	gene-Sugt1-dl1	paralog_dl	chr14	56294081	56298073	-	3993	dl	1.0
Sult1a1	Sult1a1	gene-Sult1a1	parent	chr3	1862145	1871066	+	8922		
Sult1a1	Sult1a1-l1	gene-Sult1a1-l1	paralog_l	chr3	1877555	1880678	+	3124	l	1.0
Sult6b1	Sult6b1	gene-Sult6b1	parent	chr12	78998715	79022045	+	23331		
Sult6b1	Sult6b1-l1	gene-Sult6b1-l1	paralog_l	chr4	28553002	28588425	-	35424	l	1.0
Sumo1	Sumo1	gene-Sumo1	parent	chr1	91485612	91520920	+	35309		
Sumo1	Sumo1-dl1	gene-Sumo1-dl1	paralog_dl	chrX	75317292	75318360	-	1069	dl	1.0
Sumo1	Sumo1-l1	gene-Sumo1-l1	paralog_l	chr5	45360424	45361121	-	698	l	1.0
Sumo2	Sumo2	gene-Sumo2	parent	chr18	18504012	18518365	-	14354		
Sumo2	Sumo2-l1	gene-Sumo2-l1	paralog_l	chr7	14972278	14973300	-	1023	l	1.0
Sumo2	Sumo2-dl1	gene-Sumo2-dl1	paralog_dl	chr16	27907169	27908019	+	851	dl	1.0
Surf6	Surf6	gene-Surf6	parent	chr14	112826144	112829978	+	3835		
Surf6	Surf6-dl1	gene-Surf6-dl1	paralog_dl	chr19	94893130	94896816	+	3687	dl	1.0
Syap1	Syap1	gene-Syap1	parent	chrX	179595659	179622617	-	26959		
Syap1	Syap1-dl2	gene-Syap1-dl2	paralog_dl	chr5	22592061	22593077	+	1017	dl	2.0
Syap1	Syap1-dl1	gene-Syap1-dl1	paralog_dl	chr13	92644416	92646230	-	1815	dl	1.0
Syf2	Syf2	gene-Syf2	parent	chr19	17391675	17400477	-	8803		
Syf2	Syf2-l1	gene-Syf2-l1	paralog_l	chr28	26935499	26936288	-	790	l	1.0
Taar4	Taar4	gene-Taar4	parent	chr18	67539727	67540773	+	1047		
Taar4	Taar4-l1	gene-Taar4-l1	paralog_l	chr18	67555624	67556667	+	1044	l	1.0
Taar7a	Taar7a	gene-Taar7a	parent	chr18	67645671	67646729	+	1059		
Taar7a	Taar7a-l1	gene-Taar7a-l1	paralog_l	chr18	67593794	67727804	-	134011	l	1.0
Taar7a	Taar7a-l2	gene-Taar7a-l2	paralog_l	chr18	67660054	67661085	+	1032	l	2.0
Taar7a	Taar7a-l3	gene-Taar7a-l3	paralog_l	chr18	67745878	67746933	+	1056	l	3.0
Taf13	Taf13	gene-Taf13	parent	chr21	14908779	14916822	+	8044		
Taf13	Taf13-dl3	gene-Taf13-dl3	paralog_dl	chr7	4954493	4955516	+	1024	dl	3.0
Taf13	Taf13-dl1	gene-Taf13-dl1	paralog_dl	chr20	24680449	24680817	-	369	dl	1.0
Taf13	Taf13-dl2	gene-Taf13-dl2	paralog_dl	chr22	74266479	74268047	+	1569	dl	2.0
Taf1a	Taf1a	gene-Taf1a	parent	chr8	123915642	123942594	-	26953		
Taf1a	Taf1a-l1	gene-Taf1a-l1	paralog_l	chr14	96132921	96135337	-	2417	l	1.0
Taf7l	Taf7l	gene-Taf7l	parent	chrX	76558975	76576184	+	17210		
Taf7l	Taf7l-l1	gene-Taf7l-l1	paralog_l	chr10	87422109	87444626	-	22518	l	1.0
Taldo1	Taldo1	gene-Taldo1	parent	chr24	62606221	62615262	-	9042		
Taldo1	Taldo1-dl1	gene-Taldo1-dl1	paralog_dl	chr7	38346531	38347750	+	1220	dl	1.0
Tank	Tank	gene-Tank	parent	chr9	18233125	18318644	+	85520		
Tank	Tank-l2	gene-Tank-l2	paralog_l	chr5	9071529	9073719	-	2191	l	2.0
Tank	Tank-l1	gene-Tank-l1	paralog_l	chr11	87228698	87229674	-	977	l	1.0
Tas2r143	Tas2r143	gene-Tas2r143	parent	chr22	69296369	69297271	+	903		
Tas2r143	Tas2r143-dl1	gene-Tas2r143-dl1	paralog_dl	chr22	69304296	69305210	+	915	dl	1.0
Tas2r39	Tas2r39	gene-Tas2r39	parent	chr22	68961081	68962025	+	945		
Tas2r39	Tas2r39-l1	gene-Tas2r39-l1	paralog_l	chr22	68999847	69000791	+	945	l	1.0
Tbca	Tbca	gene-Tbca	parent	chr10	84094895	84159124	+	64230		
Tbca	Tbca-l2	gene-Tbca-l2	paralog_l	chr8	79791388	79791971	-	584	l	2.0
Tbca	Tbca-l1	gene-Tbca-l1	paralog_l	chr20	61299978	61300580	-	603	l	1.0
Tbcc	Tbcc	gene-Tbcc	parent	chr1	11148153	11152474	-	4322		
Tbcc	Tbcc-dl1	gene-Tbcc-dl1	paralog_dl	chr20	82996738	82998221	-	1484	dl	1.0
Tbpl1	Tbpl1	gene-Tbpl1	parent	chr18	53430730	53468473	+	37744		
Tbpl1	Tbpl1-l1	gene-Tbpl1-l1	paralog_l	chr1	123424440	123424997	+	558	l	1.0
Tcaf2	Tcaf2	gene-Tcaf2	parent	chr22	69614119	69627301	-	13183		
Tcaf2	Tcaf2-l1	gene-Tcaf2-l1	paralog_l	chr22	69647949	69669153	-	21205	l	1.0
Tcea3	Tcea3	gene-Tcea3	parent	chr19	15753301	15790423	-	37123		
Tcea3	Tcea3-l1	gene-Tcea3-l1	paralog_l	chr5	125925139	125927436	-	2298	l	1.0
Tceal5	Tceal5	gene-Tceal5	parent	chrX	75243524	75244363	+	840		
Tceal5	Tceal5-l1	gene-Tceal5-l1	paralog_l	chr14	41685577	41686337	-	761	l	1.0
Tceal5	Tceal5-l2	gene-Tceal5-l2	paralog_l	chr15	53472891	53473805	+	915	l	2.0
Tcp1	Tcp1	gene-Tcp1	parent	chr18	28986649	29018807	-	32159		
Tcp1	Tcp1-l1	gene-Tcp1-l1	paralog_l	chr6	127541314	127543174	-	1861	l	1.0
Tdrkh	Tdrkh	gene-Tdrkh	parent	chr22	53092125	53100061	-	7937		
Tdrkh	Tdrkh-l2	gene-Tdrkh-l2	paralog_l	chr3	79649355	79651946	-	2592	l	2.0
Tdrkh	Tdrkh-l1	gene-Tdrkh-l1	paralog_l	chr13	37654156	37655467	+	1312	l	1.0
Teddm1	Teddm1	gene-Teddm1	parent	chr8	96811830	96812735	+	906		
Teddm1	Teddm1-l2	gene-Teddm1-l2	paralog_l	chr8	96761364	96762146	-	783	l	2.0
Teddm1	Teddm1-l1	gene-Teddm1-l1	paralog_l	chr16	159951	160899	-	949	l	1.0
Tep1	Tep1	gene-Tep1	parent	chr8	59119544	59166086	+	46543		
Tep1	Tep1-l1	gene-Tep1-l1	paralog_l	chr8	59261304	59291949	+	30646	l	1.0
Tep1	Tep1-l2	gene-Tep1-l2	paralog_l	chr8	59541287	59592526	-	51240	l	2.0
Terf1	Terf1	gene-Terf1	parent	chr11	52947824	53001368	-	53545		
Terf1	Terf1-l1	gene-Terf1-l1	paralog_l	chrX	77580580	77583258	+	2679	l	1.0
Terf2	Terf2	gene-Terf2	parent	chr1	158384977	158419430	-	34454		
Terf2	Terf2-l1	gene-Terf2-l1	paralog_l	chr19	44134152	44136494	+	2343	l	1.0
Tex47	Tex47	gene-Tex47	parent	chr5	105591275	105601063	+	9789		
Tex47	Tex47-l1	gene-Tex47-l1	paralog_l	chr8	75916126	75917726	+	1601	l	1.0
Tfam	Tfam	gene-Tfam	parent	chr1	52024621	52072258	-	47638		
Tfam	Tfam-l1	gene-Tfam-l1	paralog_l	chr16	42936000	42937600	-	1601	l	1.0
Tfdp1	Tfdp1	gene-Tfdp1	parent	chr7	132572732	132604620	+	31889		
Tfdp1	Tfdp1-l1	gene-Tfdp1-l1	paralog_l	chr19	14902723	14906024	-	3302	l	1.0
Tfe3	Tfe3	gene-Tfe3	parent	chrX	133935126	133960568	+	25443		
Tfe3	Tfe3-l1	gene-Tfe3-l1	paralog_l	chr14	42735361	42738715	-	3355	l	1.0
Tgas113e22.1	Tgas113e22.1	gene-Tgas113e22.1	parent	chr5	79332476	79406599	-	74124		
Tgas113e22.1	Tgas113e22.1-l1	gene-Tgas113e22.1-l1	paralog_l	chr6	33339132	33340686	-	1555	l	1.0
Tgif2lx	Tgif2lx	gene-Tgif2lx	parent	chrX	89993012	89993698	-	687		
Tgif2lx	Tgif2lx-l1	gene-Tgif2lx-l1	paralog_l	chrX	90164933	90165619	-	687	l	1.0
Thap1	Thap1	gene-Thap1	parent	chr1	92057485	92073000	-	15516		
Thap1	Thap1-dl1	gene-Thap1-dl1	paralog_dl	chr16	99807363	99808499	+	1137	dl	1.0
Them5	Them5	gene-Them5	parent	chr22	53177145	53184213	-	7069		
Them5	Them5-dl1	gene-Them5-dl1	paralog_dl	chr6	99915729	99925275	+	9547	dl	1.0
Timm17a	Timm17a	gene-Timm17a	parent	chr8	75977021	75989972	-	12952		
Timm17a	Timm17a-l1	gene-Timm17a-l1	paralog_l	chr6	78925819	78926837	+	1019	l	1.0
Timm23	Timm23	gene-Timm23	parent	chr8	121075717	121076731	+	1015		
Timm23	Timm23-dl1	gene-Timm23-dl1	paralog_dl	chr15	65386465	65387094	+	630	dl	1.0
Tle6	Tle6	gene-Tle6	parent	chr3	121852954	121857660	-	4707		
Tle6	Tle6-l1	gene-Tle6-l1	paralog_l	chr3	23292166	23293872	+	1707	l	1.0
Tma7	Tma7	gene-Tma7	parent	chr14	50595823	50596268	-	446		
Tma7	Tma7-dl1	gene-Tma7-dl1	paralog_dl	chr6	97815975	97821566	+	5592	dl	1.0
Tmem11	Tmem11	gene-Tmem11	parent	chr7	52406797	52421879	+	15083		
Tmem11	Tmem11-l2	gene-Tmem11-l2	paralog_l	chr7	39922144	39923018	-	875	l	2.0
Tmem11	Tmem11-l1	gene-Tmem11-l1	paralog_l	chr10	41173723	41174604	+	882	l	1.0
Tmem126a	Tmem126a	gene-Tmem126a	parent	chr24	4419641	4429356	-	9716		
Tmem126a	Tmem126a-dl1	gene-Tmem126a-dl1	paralog_dl	chr12	101140566	101141248	+	683	dl	1.0
Tmem14c	Tmem14c	gene-Tmem14c	parent	chr13	107266194	107272378	-	6185		
Tmem14c	Tmem14c-l1	gene-Tmem14c-l1	paralog_l	chr3	115905657	115906533	-	877	l	1.0
Tmem17	Tmem17	gene-Tmem17	parent	chr20	43657743	43659310	-	1568		
Tmem17	Tmem17-l1	gene-Tmem17-l1	paralog_l	chr22	38789713	38796909	+	7197	l	1.0
Tmem184c	Tmem184c	gene-Tmem184c	parent	chr23	23586784	23611077	+	24294		
Tmem184c	Tmem184c-dl1	gene-Tmem184c-dl1	paralog_dl	chr23	19498118	19518806	+	20689	dl	1.0
Tmem198	Tmem198	gene-Tmem198	parent	chr1	72371150	72378199	-	7050		
Tmem198	Tmem198-l1	gene-Tmem198-l1	paralog_l	chr16	43100189	43104557	-	4369	l	1.0
Tmem203	Tmem203	gene-Tmem203	parent	chr14	113968807	113970747	-	1941		
Tmem203	Tmem203-dl1	gene-Tmem203-dl1	paralog_dl	chr2	43425066	43426485	+	1420	dl	1.0
Tmem203	Tmem203-l1	gene-Tmem203-l1	paralog_l	chr14	86346	86879	+	534	l	1.0
Tmem209	Tmem209	gene-Tmem209	parent	chr17	58889895	58938910	-	49016		
Tmem209	Tmem209-l1	gene-Tmem209-l1	paralog_l	chr8	43039148	43040873	-	1726	l	1.0
Tmem238	Tmem238	gene-Tmem238	parent	chr2	42742832	42743145	-	314		
Tmem238	Tmem238-l1	gene-Tmem238-l1	paralog_l	chr20	54685070	54693814	-	8745	l	1.0
Tmem242	Tmem242	gene-Tmem242	parent	chr18	50523040	50550444	-	27405		
Tmem242	Tmem242-dl1	gene-Tmem242-dl1	paralog_dl	chr5	11064410	11064850	-	441	dl	1.0
Tmem263	Tmem263	gene-Tmem263	parent	chr2	154778750	154784811	+	6062		
Tmem263	Tmem263-dl1	gene-Tmem263-dl1	paralog_dl	chr6	13730464	13731862	-	1399	dl	1.0
Tmem30a	Tmem30a	gene-Tmem30a	parent	chr10	9478021	9479559	-	1539		
Tmem30a	Tmem30a-l1	gene-Tmem30a-l1	paralog_l	chr3	96755110	96812350	-	57241	l	1.0
Tmem30a	Tmem30a-l2	gene-Tmem30a-l2	paralog_l	chr3	101544539	101577413	+	32875	l	2.0
Tmem38b	Tmem38b	gene-Tmem38b	parent	chr14	80327768	80379955	+	52188		
Tmem38b	Tmem38b-dl1	gene-Tmem38b-dl1	paralog_dl	chr2	43394620	43395210	+	591	dl	1.0
Tmem45a	Tmem45a	gene-Tmem45a	parent	chr6	127344543	127455044	-	110502		
Tmem45a	Tmem45a-l1	gene-Tmem45a-l1	paralog_l	chr6	127601841	127682623	-	80783	l	1.0
Tmem9b	Tmem9b	gene-Tmem9b	parent	chr24	32501276	32520425	-	19150		
Tmem9b	Tmem9b-dl2	gene-Tmem9b-dl2	paralog_dl	chr3	76855947	76856498	-	552	dl	2.0
Tmem9b	Tmem9b-dl1	gene-Tmem9b-dl1	paralog_dl	chr11	52027183	52028011	+	829	dl	1.0
Tmsb10	Tmsb10	gene-Tmsb10	parent	chr22	15719967	15721265	-	1299		
Tmsb10	Tmsb10-l1	gene-Tmsb10-l1	paralog_l	chr16	11278261	11280521	+	2261	l	1.0
Tmsb10	Tmsb10-l2	gene-Tmsb10-l2	paralog_l	chr18	18816326	18830816	+	14491	l	2.0
Tnfaip8	Tnfaip8	gene-Tnfaip8	parent	chr11	73404714	73530715	-	126002		
Tnfaip8	Tnfaip8-l1	gene-Tnfaip8-l1	paralog_l	chr1	84958161	84959787	+	1627	l	1.0
Tnni2	Tnni2	gene-Tnni2	parent	chr4	76330515	76333009	+	2495		
Tnni2	Tnni2-dl1	gene-Tnni2-dl1	paralog_dl	chr16	47173354	47175096	-	1743	dl	1.0
Tnxb	Tnxb	gene-Tnxb	parent	chr1	2175559	2225650	-	50092		
Tnxb	Tnxb-l1	gene-Tnxb-l1	paralog_l	chr1	2225478	2244619	-	19142	l	1.0
Tomm20	Tomm20	gene-Tomm20	parent	chr13	85829875	85847329	+	17455		
Tomm20	Tomm20-dl1	gene-Tomm20-dl1	paralog_dl	chr10	40093908	40097360	-	3453	dl	1.0
Tomm20	Tomm20-dl2	gene-Tomm20-dl2	paralog_dl	chr13	39294742	39296167	+	1426	dl	2.0
Tomm20	Tomm20-dl3	gene-Tomm20-dl3	paralog_dl	chr19	35263736	35264284	-	549	dl	3.0
Tomm22	Tomm22	gene-Tomm22	parent	chr4	36843659	36846885	+	3227		
Tomm22	Tomm22-l1	gene-Tomm22-l1	paralog_l	chr18	54971561	54972646	-	1086	l	1.0
Tomm5	Tomm5	gene-Tomm5	parent	chr14	53700865	53704970	+	4106		
Tomm5	Tomm5-l1	gene-Tomm5-l1	paralog_l	chr14	101802154	101802819	-	666	l	1.0
Tomm6	Tomm6	gene-Tomm6	parent	chr1	10470194	10471546	+	1353		
Tomm6	Tomm6-dl1	gene-Tomm6-dl1	paralog_dl	chr5	78323843	78324166	+	324	dl	1.0
Tomm7	Tomm7	gene-Tomm7	parent	chr7	84259353	84259773	-	421		
Tomm7	Tomm7-dl2	gene-Tomm7-dl2	paralog_dl	chr9	44169180	44169691	+	512	dl	2.0
Tomm7	Tomm7-dl1	gene-Tomm7-dl1	paralog_dl	chr17	73277695	73289981	+	12287	dl	1.0
Topors	Topors	gene-Topors	parent	chr14	58740104	58754177	+	14074		
Topors	Topors-l1	gene-Topors-l1	paralog_l	chr14	78783682	78785778	+	2097	l	1.0
Tox4	Tox4	gene-Tox4	parent	chr8	57172641	57196931	-	24291		
Tox4	Tox4-dl1	gene-Tox4-dl1	paralog_dl	chr21	24021575	24023434	+	1860	dl	1.0
Tpgs1	Tpgs1	gene-Tpgs1	parent	chr3	123835259	123842862	-	7604		
Tpgs1	Tpgs1-dl1	gene-Tpgs1-dl1	paralog_dl	chr22	69029888	69030899	+	1012	dl	1.0
Tpgs2	Tpgs2	gene-Tpgs2	parent	chr10	27840297	27878781	-	38485		
Tpgs2	Tpgs2-l1	gene-Tpgs2-l1	paralog_l	chr26	19092713	19095882	-	3170	l	1.0
Tpm4	Tpm4	gene-Tpm4	parent	chr3	104122947	104140228	-	17282		
Tpm4	Tpm4-dl1	gene-Tpm4-dl1	paralog_dl	chr3	147178195	147180053	-	1859	dl	1.0
Tpmt	Tpmt	gene-Tpmt	parent	chr13	100152556	100170058	+	17503		
Tpmt	Tpmt-l1	gene-Tpmt-l1	paralog_l	chr15	18862247	18863135	+	889	l	1.0
Tpt1	Tpt1	gene-Tpt1	parent	chr7	57555151	57558522	-	3372		
Tpt1	Tpt1-l1	gene-Tpt1-l1	paralog_l	chr12	93120004	93120838	+	835	l	1.0
Tpx2	Tpx2	gene-Tpx2	parent	chr20	59192221	59258620	+	66400		
Tpx2	Tpx2-l2	gene-Tpx2-l2	paralog_l	chrX	20892657	20896693	+	4037	l	2.0
Tpx2	Tpx2-l1	gene-Tpx2-l1	paralog_l	chr9	102796621	102845123	-	48503	l	1.0
Trap1	Trap1	gene-Trap1	parent	chr20	38194793	38237281	-	42489		
Trap1	Trap1-l1	gene-Trap1-l1	paralog_l	chr5	19323986	19326177	+	2192	l	1.0
Trappc1	Trappc1	gene-Trappc1	parent	chr7	39027062	39028989	-	1928		
Trappc1	Trappc1-dl1	gene-Trappc1-dl1	paralog_dl	chrX	20698731	20699060	-	330	dl	1.0
Trappc2	Trappc2	gene-Trappc2	parent	chrX	183806654	183823281	+	16628		
Trappc2	Trappc2-l1	gene-Trappc2-l1	paralog_l	chr1	75973113	75976762	+	3650	l	1.0
Trappc2	Trappc2-l2	gene-Trappc2-l2	paralog_l	chr1	84927261	84933586	+	6326	l	2.0
Trappc2l	Trappc2l	gene-Trappc2l	parent	chr1	175993400	175998679	-	5280		
Trappc2l	Trappc2l-l1	gene-Trappc2l-l1	paralog_l	chr18	43710688	43711107	+	420	l	1.0
Trav12-3	Trav12-3	gene-Trav12-3	parent	chr8	51283096	51283927	-	832		
Trav12-3	Trav12-3-dl1	gene-Trav12-3-dl1	paralog_dl	chr8	51878964	51879549	-	586	dl	1.0
Trav12-3	Trav12-3-dl2	gene-Trav12-3-dl2	paralog_dl	chr8	52972310	52972896	-	587	dl	2.0
Trav12-3	Trav12-3-dl3	gene-Trav12-3-dl3	paralog_dl	chr8	53531136	53531761	-	626	dl	3.0
Trav12-3	Trav12-3-dl4	gene-Trav12-3-dl4	paralog_dl	chr8	55490327	55490913	-	587	dl	4.0
Trav12-3	Trav12-3-dl5	gene-Trav12-3-dl5	paralog_dl	chr8	56516989	56517577	-	589	dl	5.0
Trav12-3	Trav12-3-dl6	gene-Trav12-3-dl6	paralog_dl	chr8	56631076	56631701	-	626	dl	6.0
Trav13-1	Trav13-1	gene-Trav13-1	parent	chr8	47208617	47209374	-	758		
Trav13-1	Trav13-1-dl1	gene-Trav13-1-dl1	paralog_dl	chr8	49248322	49248986	-	665	dl	1.0
Trav13-1	Trav13-1-dl2	gene-Trav13-1-dl2	paralog_dl	chr8	49485075	49485742	-	668	dl	2.0
Trav13-1	Trav13-1-dl3	gene-Trav13-1-dl3	paralog_dl	chr8	51024370	51025037	-	668	dl	3.0
Trav13-1	Trav13-1-dl4	gene-Trav13-1-dl4	paralog_dl	chr8	52283670	52284339	-	670	dl	4.0
Trav13-1	Trav13-1-dl5	gene-Trav13-1-dl5	paralog_dl	chr8	53590086	53590713	-	628	dl	5.0
Trav13-1	Trav13-1-dl6	gene-Trav13-1-dl6	paralog_dl	chr8	55611035	55611702	-	668	dl	6.0
Trav13-1	Trav13-1-dl7	gene-Trav13-1-dl7	paralog_dl	chr8	56689500	56691261	-	1762	dl	7.0
Trav18	Trav18	gene-Trav18	parent	chr8	46997320	46997912	-	593		
Trav18	Trav18-dl1	gene-Trav18-dl1	paralog_dl	chr8	48057737	48058364	-	628	dl	1.0
Trav18	Trav18-dl2	gene-Trav18-dl2	paralog_dl	chr8	51384658	51385175	-	518	dl	2.0
Trav18	Trav18-dl3	gene-Trav18-dl3	paralog_dl	chr8	51833631	51834178	-	548	dl	3.0
Trav18	Trav18-dl4	gene-Trav18-dl4	paralog_dl	chr8	53334649	53335225	-	577	dl	4.0
Trav18	Trav18-dl5	gene-Trav18-dl5	paralog_dl	chr8	53744238	53744798	-	561	dl	5.0
Trav18	Trav18-dl6	gene-Trav18-dl6	paralog_dl	chr8	54127990	54128536	-	547	dl	6.0
Trav18	Trav18-dl7	gene-Trav18-dl7	paralog_dl	chr8	54302906	54303427	-	522	dl	7.0
Trav18	Trav18-dl8	gene-Trav18-dl8	paralog_dl	chr8	54706827	54707412	-	586	dl	8.0
Trav18	Trav18-dl9	gene-Trav18-dl9	paralog_dl	chr8	56135102	56135693	-	592	dl	9.0
Trav9-1	Trav9-1	gene-Trav9-1	parent	chr8	47029249	47029867	-	619		
Trav9-1	Trav9-1-dl1	gene-Trav9-1-dl1	paralog_dl	chr8	53553867	53554387	-	521	dl	1.0
Trav9-1	Trav9-1-dl2	gene-Trav9-1-dl2	paralog_dl	chr8	56654419	56654940	-	522	dl	2.0
Trav9-2	Trav9-2	gene-Trav9-2	parent	chr8	46716325	46716945	-	621		
Trav9-2	Trav9-2-dl1	gene-Trav9-2-dl1	paralog_dl	chr8	46769175	46769681	-	507	dl	1.0
Trav9-2	Trav9-2-dl2	gene-Trav9-2-dl2	paralog_dl	chr8	46891922	46892448	-	527	dl	2.0
Trav9-2	Trav9-2-dl3	gene-Trav9-2-dl3	paralog_dl	chr8	51297423	51297973	-	551	dl	3.0
Trav9-2	Trav9-2-dl4	gene-Trav9-2-dl4	paralog_dl	chr8	53573719	53574320	-	602	dl	4.0
Trdmt1	Trdmt1	gene-Trdmt1	parent	chr9	72361627	72416702	+	55076		
Trdmt1	Trdmt1-l1	gene-Trdmt1-l1	paralog_l	chr24	23149043	23152470	-	3428	l	1.0
Trdv1	Trdv1	gene-Trdv1	parent	chr8	48176443	48177354	-	912		
Trdv1	Trdv1-dl1	gene-Trdv1-dl1	paralog_dl	chr8	48370689	48371566	-	878	dl	1.0
Trdv1	Trdv1-dl2	gene-Trdv1-dl2	paralog_dl	chr8	48695063	48695624	-	562	dl	2.0
Trdv1	Trdv1-dl3	gene-Trdv1-dl3	paralog_dl	chr8	51152558	51153241	-	684	dl	3.0
Trdv1	Trdv1-dl4	gene-Trdv1-dl4	paralog_dl	chr8	52856055	52856822	-	768	dl	4.0
Trdv1	Trdv1-dl5	gene-Trdv1-dl5	paralog_dl	chr8	53002206	53002574	-	369	dl	5.0
Trdv1	Trdv1-dl6	gene-Trdv1-dl6	paralog_dl	chr8	54144084	54144824	-	741	dl	6.0
Trdv1	Trdv1-dl7	gene-Trdv1-dl7	paralog_dl	chr8	54333817	54334488	-	672	dl	7.0
Trdv1	Trdv1-dl8	gene-Trdv1-dl8	paralog_dl	chr8	55146863	55147621	-	759	dl	8.0
Trdv1	Trdv1-dl9	gene-Trdv1-dl9	paralog_dl	chr8	55248258	55249025	-	768	dl	9.0
Trdv1	Trdv1-dl10	gene-Trdv1-dl10	paralog_dl	chr8	55819702	55820460	-	759	dl	10.0
Trgv4	Trgv4	gene-Trgv4	parent	chr6	19805584	19806067	+	484		
Trgv4	Trgv4-dl1	gene-Trgv4-dl1	paralog_dl	chr6	20093636	20094178	+	543	dl	1.0
Trhr	Trhr	gene-Trhr	parent	chr11	23810680	23856157	-	45478		
Trhr	Trhr-l1	gene-Trhr-l1	paralog_l	chr20	74891268	74895369	-	4102	l	1.0
Triap1	Triap1	gene-Triap1	parent	chr20	17770135	17773303	-	3169		
Triap1	Triap1-dl1	gene-Triap1-dl1	paralog_dl	chr11	22477118	22478327	+	1210	dl	1.0
Triap1	Triap1-dl2	gene-Triap1-dl2	paralog_dl	chr19	83950582	83951851	-	1270	dl	2.0
Triap1	Triap1-dl3	gene-Triap1-dl3	paralog_dl	chr24	3317869	3319038	-	1170	dl	3.0
Trim28	Trim28	gene-Trim28	parent	chr2	45956522	45966012	+	9491		
Trim28	Trim28-dl1	gene-Trim28-dl1	paralog_dl	chr19	33824893	33827931	+	3039	dl	1.0
Trim38	Trim38	gene-Trim38	parent	chr13	91705370	91717167	+	11798		
Trim38	Trim38-l1	gene-Trim38-l1	paralog_l	chr13	91453033	91463990	-	10958	l	1.0
Trim38	Trim38-l2	gene-Trim38-l2	paralog_l	chr13	91547657	91579900	-	32244	l	2.0
Trim38	Trim38-l3	gene-Trim38-l3	paralog_l	chr13	91625813	91637895	-	12083	l	3.0
Trim38	Trim38-l4	gene-Trim38-l4	paralog_l	chr13	91662692	91672452	-	9761	l	4.0
Trim38	Trim38-l5	gene-Trim38-l5	paralog_l	chr13	91725842	91737644	+	11803	l	5.0
Trim38	Trim38-l6	gene-Trim38-l6	paralog_l	chr13	91807633	91820596	-	12964	l	6.0
Trim38	Trim38-l7	gene-Trim38-l7	paralog_l	chr13	91829063	91836206	-	7144	l	7.0
Trim44	Trim44	gene-Trim44	parent	chr4	72881381	73021823	-	140443		
Trim44	Trim44-dl1	gene-Trim44-dl1	paralog_dl	chr7	121843200	121844258	+	1059	dl	1.0
Trim5	Trim5	gene-Trim5	parent	chr24	26740429	26761889	+	21461		
Trim5	Trim5-l1	gene-Trim5-l1	paralog_l	chr24	26769682	26927038	+	157357	l	1.0
Trim5	Trim5-l2	gene-Trim5-l2	paralog_l	chr24	26777468	26798036	+	20569	l	2.0
Trim5	Trim5-l3	gene-Trim5-l3	paralog_l	chr24	26871245	26960187	+	88943	l	3.0
Trim60	Trim60	gene-Trim60	parent	chr5	26619301	26628728	+	9428		
Trim60	Trim60-l1	gene-Trim60-l1	paralog_l	chr5	26644617	26646038	+	1422	l	1.0
Trim8	Trim8	gene-Trim8	parent	chr28	42281508	42291943	-	10436		
Trim8	Trim8-dl1	gene-Trim8-dl1	paralog_dl	chr4	136117510	136119165	-	1656	dl	1.0
Try3	Try3	gene-Try3	parent	chr22	67861034	67868341	+	7308		
Try3	Try3-l1	gene-Try3-l1	paralog_l	chr22	67847636	67851957	-	4322	l	1.0
Tsc22d1	Tsc22d1	gene-Tsc22d1	parent	chr7	56677217	56806938	-	129722		
Tsc22d1	Tsc22d1-l1	gene-Tsc22d1-l1	paralog_l	chr21	57439697	57441296	+	1600	l	1.0
Tsen15	Tsen15	gene-Tsen15	parent	chr8	94404137	94435343	-	31207		
Tsen15	Tsen15-dl1	gene-Tsen15-dl1	paralog_dl	chr24	19456489	19456995	-	507	dl	1.0
Tsg101	Tsg101	gene-Tsg101	parent	chr1	103952476	103953399	-	924		
Tsg101	Tsg101-dl1	gene-Tsg101-dl1	paralog_dl	chr24	42471034	42509163	-	38130	dl	1.0
Tsn	Tsn	gene-Tsn	parent	chr13	8657741	8673084	-	15344		
Tsn	Tsn-dl1	gene-Tsn-dl1	paralog_dl	chr23	45642634	45644047	-	1414	dl	1.0
Tsnax	Tsnax	gene-Tsnax	parent	chr13	88681674	88711999	-	30326		
Tsnax	Tsnax-dl1	gene-Tsnax-dl1	paralog_dl	chr14	99011427	99012299	+	873	dl	1.0
Tspan11	Tspan11	gene-Tspan11	parent	chr9	83241022	83330685	-	89664		
Tspan11	Tspan11-l1	gene-Tspan11-l1	paralog_l	chr4	113154750	113166014	+	11265	l	1.0
Tspan13	Tspan13	gene-Tspan13	parent	chr17	79350199	79382670	-	32472		
Tspan13	Tspan13-dl1	gene-Tspan13-dl1	paralog_dl	chr22	14712821	14715713	-	2893	dl	1.0
Tspan3	Tspan3	gene-Tspan3	parent	chr17	18232148	18254619	+	22472		
Tspan3	Tspan3-l1	gene-Tspan3-l1	paralog_l	chr7	55177133	55178734	-	1602	l	1.0
Tspyl1	Tspyl1	gene-Tspyl1	parent	chr15	53483082	53485979	-	2898		
Tspyl1	Tspyl1-dl1	gene-Tspyl1-dl1	paralog_dl	chr7	103312049	103314376	-	2328	dl	1.0
Tspyl5	Tspyl5	gene-Tspyl5	parent	chr11	27770638	27772125	+	1488		
Tspyl5	Tspyl5-l1	gene-Tspyl5-l1	paralog_l	chr4	60721211	60722455	-	1245	l	1.0
Tsr1	Tsr1	gene-Tsr1	parent	chr7	32426936	32441141	-	14206		
Tsr1	Tsr1-dl1	gene-Tsr1-dl1	paralog_dl	chr25	47387991	47391995	+	4005	dl	1.0
Tssk1b	Tssk1b	gene-Tssk1b	parent	chr8	107715278	107716625	-	1348		
Tssk1b	Tssk1b-l1	gene-Tssk1b-l1	paralog_l	chr10	103494145	103495430	+	1286	l	1.0
Tssk4	Tssk4	gene-Tssk4	parent	chr8	44191750	44199420	-	7671		
Tssk4	Tssk4-l1	gene-Tssk4-l1	paralog_l	chr8	44146742	44151196	-	4455	l	1.0
Tstd3	Tstd3	gene-Tstd3	parent	chr15	29252827	29266823	+	13997		
Tstd3	Tstd3-l1	gene-Tstd3-l1	paralog_l	chrX	118998255	118998653	+	399	l	1.0
Tstd3	Tstd3-dl2	gene-Tstd3-dl2	paralog_dl	chr3	21079087	21080315	-	1229	dl	2.0
Tstd3	Tstd3-dl1	gene-Tstd3-dl1	paralog_dl	chr26	11173335	11173997	-	663	dl	1.0
Ttc1	Ttc1	gene-Ttc1	parent	chr11	103519330	103556004	-	36675		
Ttc1	Ttc1-dl2	gene-Ttc1-dl2	paralog_dl	chr5	134876720	134879005	+	2286	dl	2.0
Ttc1	Ttc1-dl3	gene-Ttc1-dl3	paralog_dl	chr9	42051625	42052488	-	864	dl	3.0
Ttc1	Ttc1-dl1	gene-Ttc1-dl1	paralog_dl	chr13	90776403	90777985	-	1583	dl	1.0
Ttc39b	Ttc39b	gene-Ttc39b	parent	chr9	122240779	122293171	-	52393		
Ttc39b	Ttc39b-l1	gene-Ttc39b-l1	paralog_l	chr12	77406162	77429598	-	23437	l	1.0
Tuba1a	Tuba1a	gene-Tuba1a	parent	chr16	7867058	7867751	+	694		
Tuba1a	Tuba1a-l2	gene-Tuba1a-l2	paralog_l	chr9	128025750	128028431	+	2682	l	2.0
Tuba1a	Tuba1a-l1	gene-Tuba1a-l1	paralog_l	chr20	59187429	59189208	-	1780	l	1.0
Tuba1b	Tuba1b	gene-Tuba1b	parent	chr16	7916308	7945507	+	29200		
Tuba1b	Tuba1b-dl1	gene-Tuba1b-dl1	paralog_dl	chr8	942617	944164	-	1548	dl	1.0
Tuba1c	Tuba1c	gene-Tuba1c	parent	chr14	71428148	71434592	-	6445		
Tuba1c	Tuba1c-l1	gene-Tuba1c-l1	paralog_l	chrX	197226997	197231332	-	4336	l	1.0
Tuba3a	Tuba3a	gene-Tuba3a	parent	chr2	21112761	21114869	-	2109		
Tuba3a	Tuba3a-dl2	gene-Tuba3a-dl2	paralog_dl	chr2	147764278	147766042	-	1765	dl	2.0
Tuba3a	Tuba3a-dl1	gene-Tuba3a-dl1	paralog_dl	chr16	96946808	96948325	-	1518	dl	1.0
Tuba3a	Tuba3a-dl3	gene-Tuba3a-dl3	paralog_dl	chr20	32075803	32087538	-	11736	dl	3.0
Tuba3a	Tuba3a-dl4	gene-Tuba3a-dl4	paralog_dl	chr20	32158156	32170199	+	12044	dl	4.0
Tuba3a	Tuba3a-dl5	gene-Tuba3a-dl5	paralog_dl	chr22	25623410	25624759	-	1350	dl	5.0
Tuba3a	Tuba3a-dl6	gene-Tuba3a-dl6	paralog_dl	chr27	21458012	21459481	+	1470	dl	6.0
Tubb4b	Tubb4b	gene-Tubb4b	parent	chr14	114000084	114001740	+	1657		
Tubb4b	Tubb4b-dl2	gene-Tubb4b-dl2	paralog_dl	chrX	107931093	107931989	+	897	dl	2.0
Tubb4b	Tubb4b-dl1	gene-Tubb4b-dl1	paralog_dl	chr11	118170244	118171751	+	1508	dl	1.0
Tubb4b	Tubb4b-l1	gene-Tubb4b-l1	paralog_l	chr24	3989884	3991905	+	2022	l	1.0
Tusc2	Tusc2	gene-Tusc2	parent	chr19	49219104	49220724	+	1621		
Tusc2	Tusc2-dl1	gene-Tusc2-dl1	paralog_dl	chr6	62502981	62505678	+	2698	dl	1.0
Tusc2	Tusc2-dl2	gene-Tusc2-dl2	paralog_dl	chr9	104503672	104505223	+	1552	dl	2.0
Txndc12	Txndc12	gene-Txndc12	parent	chr19	54801937	54825923	-	23987		
Txndc12	Txndc12-dl1	gene-Txndc12-dl1	paralog_dl	chr5	72557715	72558179	-	465	dl	1.0
Ube2c	Ube2c	gene-Ube2c	parent	chr20	74212669	74216707	+	4039		
Ube2c	Ube2c-l1	gene-Ube2c-l1	paralog_l	chr22	9502133	9502889	-	757	l	1.0
Ube2d2	Ube2d2	gene-Ube2d2	parent	chr3	42183259	42259518	-	76260		
Ube2d2	Ube2d2-l1	gene-Ube2d2-l1	paralog_l	chrX	90301956	90302420	+	465	l	1.0
Ube2d2	Ube2d2-l2	gene-Ube2d2-l2	paralog_l	chrX	91076368	91076832	-	465	l	2.0
Ube2d2	Ube2d2-l3	gene-Ube2d2-l3	paralog_l	chrX	91594016	91597601	+	3586	l	3.0
Ube2d2	Ube2d2-l4	gene-Ube2d2-l4	paralog_l	chrX	97940040	97940480	-	441	l	4.0
Ube2e1	Ube2e1	gene-Ube2e1	parent	chr19	73672118	73757405	-	85288		
Ube2e1	Ube2e1-dl1	gene-Ube2e1-dl1	paralog_dl	chr24	7608074	7608544	+	471	dl	1.0
Ube2g1	Ube2g1	gene-Ube2g1	parent	chr7	34508875	34600921	-	92047		
Ube2g1	Ube2g1-dl1	gene-Ube2g1-dl1	paralog_dl	chrY	64474482	64474994	+	513	dl	1.0
Ube2l3	Ube2l3	gene-Ube2l3	parent	chr20	33947912	34025105	+	77194		
Ube2l3	Ube2l3-l2	gene-Ube2l3-l2	paralog_l	chr9	16085174	16085858	-	685	l	2.0
Ube2l3	Ube2l3-l1	gene-Ube2l3-l1	paralog_l	chr14	60124583	60125183	+	601	l	1.0
Ube2n	Ube2n	gene-Ube2n	parent	chr20	48623040	48624897	+	1858		
Ube2n	Ube2n-l1	gene-Ube2n-l1	paralog_l	chrX	127606169	127606687	+	519	l	1.0
Ube2n	Ube2n-dl1	gene-Ube2n-dl1	paralog_dl	chr2	142850300	142897549	-	47250	dl	1.0
Ube2r2	Ube2r2	gene-Ube2r2	parent	chr14	57535888	57642395	-	106508		
Ube2r2	Ube2r2-dl1	gene-Ube2r2-dl1	paralog_dl	chr21	27422310	27423014	-	705	dl	1.0
Ube2v2	Ube2v2	gene-Ube2v2	parent	chr26	42649169	42682854	+	33686		
Ube2v2	Ube2v2-l1	gene-Ube2v2-l1	paralog_l	chr3	141100146	141101867	+	1722	l	1.0
Ublcp1	Ublcp1	gene-Ublcp1	parent	chr11	104360326	104380571	-	20246		
Ublcp1	Ublcp1-dl1	gene-Ublcp1-dl1	paralog_dl	chr4	140439680	140441676	-	1997	dl	1.0
Ubqln1	Ubqln1	gene-Ubqln1	parent	chr5	108639318	108682011	-	42694		
Ubqln1	Ubqln1-dl1	gene-Ubqln1-dl1	paralog_dl	chr22	40201168	40204560	+	3393	dl	1.0
Ubqln1	Ubqln1-l1	gene-Ubqln1-l1	paralog_l	chr24	26520093	26521824	-	1732	l	1.0
Ubtfl1	Ubtfl1	gene-Ubtfl1	parent	chr24	21702881	21704722	+	1842		
Ubtfl1	Ubtfl1-l1	gene-Ubtfl1-l1	paralog_l	chrX	97759585	97760424	-	840	l	1.0
Ubxn4	Ubxn4	gene-Ubxn4	parent	chr13	21432831	21441269	+	8439		
Ubxn4	Ubxn4-l1	gene-Ubxn4-l1	paralog_l	chr9	11779720	11783500	-	3781	l	1.0
Uck1	Uck1	gene-Uck1	parent	chr14	109983602	109987778	-	4177		
Uck1	Uck1-l1	gene-Uck1-l1	paralog_l	chr2	74571699	74572615	+	917	l	1.0
Ufm1	Ufm1	gene-Ufm1	parent	chr5	134217930	134227118	+	9189		
Ufm1	Ufm1-dl2	gene-Ufm1-dl2	paralog_dl	chr5	95699003	95700967	-	1965	dl	2.0
Ufm1	Ufm1-dl1	gene-Ufm1-dl1	paralog_dl	chr18	85281303	85283837	+	2535	dl	1.0
Ugp2	Ugp2	gene-Ugp2	parent	chr22	37369297	37413110	-	43814		
Ugp2	Ugp2-dl1	gene-Ugp2-dl1	paralog_dl	chrX	171091855	171093375	+	1521	dl	1.0
Ugp2	Ugp2-l1	gene-Ugp2-l1	paralog_l	chr1	76449141	76451191	-	2051	l	1.0
Ugt1a2	Ugt1a2	gene-Ugt1a2	parent	chr1	58661516	58667959	-	6444		
Ugt1a2	Ugt1a2-l1	gene-Ugt1a2-l1	paralog_l	chr1	58683702	58684622	-	921	l	1.0
Ugt2a3	Ugt2a3	gene-Ugt2a3	parent	chr12	120036165	120061264	-	25100		
Ugt2a3	Ugt2a3-l1	gene-Ugt2a3-l1	paralog_l	chr12	121554293	121557478	-	3186	l	1.0
Ugt2a3	Ugt2a3-l2	gene-Ugt2a3-l2	paralog_l	chr12	121695536	121705622	-	10087	l	2.0
Ugt2b17	Ugt2b17	gene-Ugt2b17	parent	chr12	119802958	119814409	+	11452		
Ugt2b17	Ugt2b17-l1	gene-Ugt2b17-l1	paralog_l	chr12	119634694	119642919	-	8226	l	1.0
Ugt2b17	Ugt2b17-l2	gene-Ugt2b17-l2	paralog_l	chr12	120680429	120686624	-	6196	l	2.0
Ugt2b31	Ugt2b31	gene-Ugt2b31	parent	chr12	119504054	119679671	-	175618		
Ugt2b31	Ugt2b31-l1	gene-Ugt2b31-l1	paralog_l	chr12	119979807	119995563	-	15757	l	1.0
Uqcc3	Uqcc3	gene-Uqcc3	parent	chr4	47933584	47934411	-	828		
Uqcc3	Uqcc3-dl1	gene-Uqcc3-dl1	paralog_dl	chr20	75938356	75938709	+	354	dl	1.0
Uqcr11	Uqcr11	gene-Uqcr11	parent	chr3	122940982	122946490	+	5509		
Uqcr11	Uqcr11-dl1	gene-Uqcr11-dl1	paralog_dl	chr27	37205081	37205404	+	324	dl	1.0
Uqcrb	Uqcrb	gene-Uqcrb	parent	chrX	141348383	141348718	+	336		
Uqcrb	Uqcrb-dl9	gene-Uqcrb-dl9	paralog_dl	chr4	83176771	83177269	+	499	dl	9.0
Uqcrb	Uqcrb-dl10	gene-Uqcrb-dl10	paralog_dl	chr6	58305226	58305561	+	336	dl	10.0
Uqcrb	Uqcrb-dl11	gene-Uqcrb-dl11	paralog_dl	chr7	47510400	47510872	+	473	dl	11.0
Uqcrb	Uqcrb-dl1	gene-Uqcrb-dl1	paralog_dl	chr11	28866243	28872631	+	6389	dl	1.0
Uqcrb	Uqcrb-dl2	gene-Uqcrb-dl2	paralog_dl	chr12	27167220	27167555	-	336	dl	2.0
Uqcrb	Uqcrb-dl3	gene-Uqcrb-dl3	paralog_dl	chr14	101397186	101397425	-	240	dl	3.0
Uqcrb	Uqcrb-dl4	gene-Uqcrb-dl4	paralog_dl	chr14	114261475	114262039	+	565	dl	4.0
Uqcrb	Uqcrb-dl5	gene-Uqcrb-dl5	paralog_dl	chr15	18525756	18526091	-	336	dl	5.0
Uqcrb	Uqcrb-dl6	gene-Uqcrb-dl6	paralog_dl	chr18	24842340	24842675	-	336	dl	6.0
Uqcrb	Uqcrb-dl7	gene-Uqcrb-dl7	paralog_dl	chr19	54922474	54922824	-	351	dl	7.0
Uqcrb	Uqcrb-dl8	gene-Uqcrb-dl8	paralog_dl	chr28	29037600	29037935	+	336	dl	8.0
Uqcrfs1	Uqcrfs1	gene-Uqcrfs1	parent	chr2	13680324	13685144	-	4821		
Uqcrfs1	Uqcrfs1-dl1	gene-Uqcrfs1-dl1	paralog_dl	chr11	90651050	90652147	+	1098	dl	1.0
Uspl1	Uspl1	gene-Uspl1	parent	chr5	125268560	125314396	+	45837		
Uspl1	Uspl1-l1	gene-Uspl1-l1	paralog_l	chr22	47364969	47368029	-	3061	l	1.0
Utp14a	Utp14a	gene-Utp14a	parent	chrX	36728594	36751690	-	23097		
Utp14a	Utp14a-dl1	gene-Utp14a-dl1	paralog_dl	chr6	133235553	133238622	+	3070	dl	1.0
Utp18	Utp18	gene-Utp18	parent	chr7	8412651	8444346	+	31696		
Utp18	Utp18-dl1	gene-Utp18-dl1	paralog_dl	chr7	49844820	49846568	-	1749	dl	1.0
Utp18	Utp18-dl2	gene-Utp18-dl2	paralog_dl	chr7	50134741	50136471	-	1731	dl	2.0
Utp23	Utp23	gene-Utp23	parent	chr11	16541019	16593377	-	52359		
Utp23	Utp23-dl1	gene-Utp23-dl1	paralog_dl	chr10	80873229	80874165	-	937	dl	1.0
Utp23	Utp23-l1	gene-Utp23-l1	paralog_l	chr19	21035946	21036837	+	892	l	1.0
Utp23	Utp23-dl2	gene-Utp23-dl2	paralog_dl	chr22	40339693	40340445	-	753	dl	2.0
Utp23	Utp23-dl3	gene-Utp23-dl3	paralog_dl	chr28	368063	370739	+	2677	dl	3.0
Vamp3	Vamp3	gene-Vamp3	parent	chr19	36800424	36810571	-	10148		
Vamp3	Vamp3-l1	gene-Vamp3-l1	paralog_l	chr2	58211376	58213340	+	1965	l	1.0
Vamp3	Vamp3-dl1	gene-Vamp3-dl1	paralog_dl	chr2	131629027	131630888	+	1862	dl	1.0
Vamp7	Vamp7	gene-Vamp7	parent	chrX	95261	134513	-	39253		
Vamp7	Vamp7-l1	gene-Vamp7-l1	paralog_l	chr1	134952925	134989811	+	36887	l	1.0
Vapb	Vapb	gene-Vapb	parent	chr20	85622109	85680923	+	58815		
Vapb	Vapb-dl1	gene-Vapb-dl1	paralog_dl	chr12	50884252	50886213	+	1962	dl	1.0
Vash2	Vash2	gene-Vash2	parent	chr8	115947124	115977791	+	30668		
Vash2	Vash2-l1	gene-Vash2-l1	paralog_l	chr17	24256422	24258791	-	2370	l	1.0
Vcl	Vcl	gene-Vcl	parent	chr1	20909416	21040500	-	131085		
Vcl	Vcl-dl1	gene-Vcl-dl1	paralog_dl	chr22	10899929	10925596	-	25668	dl	1.0
Vdac2	Vdac2	gene-Vdac2	parent	chr1	19841449	19861850	-	20402		
Vdac2	Vdac2-dl1	gene-Vdac2-dl1	paralog_dl	chr5	127986809	127987693	+	885	dl	1.0
Vdac2	Vdac2-dl2	gene-Vdac2-dl2	paralog_dl	chr9	76877240	76878393	+	1154	dl	2.0
Vegp1	Vegp1	gene-Vegp1	parent	chr14	112861575	112864703	+	3129		
Vegp1	Vegp1-l1	gene-Vegp1-l1	paralog_l	chr14	111459782	111463041	-	3260	l	1.0
Vmn2r116	Vmn2r116	gene-Vmn2r116	parent	chr2	44989740	45105828	-	116089		
Vmn2r116	Vmn2r116-l1	gene-Vmn2r116-l1	paralog_l	chr3	103206684	103272545	+	65862	l	1.0
Vmn2r116	Vmn2r116-l2	gene-Vmn2r116-l2	paralog_l	chr3	104789203	104804822	-	15620	l	2.0
Vmn2r116	Vmn2r116-l3	gene-Vmn2r116-l3	paralog_l	chr3	104877476	104948255	+	70780	l	3.0
Vmn2r116	Vmn2r116-l4	gene-Vmn2r116-l4	paralog_l	chr3	105010180	105040599	-	30420	l	4.0
Vmn2r116	Vmn2r116-l5	gene-Vmn2r116-l5	paralog_l	chr3	106913686	106923015	+	9330	l	5.0
Vmn2r116	Vmn2r116-l6	gene-Vmn2r116-l6	paralog_l	chr3	114257087	114310402	-	53316	l	6.0
Vmn2r116	Vmn2r116-l7	gene-Vmn2r116-l7	paralog_l	chr3	114677631	114691527	+	13897	l	7.0
Vmn2r116	Vmn2r116-l8	gene-Vmn2r116-l8	paralog_l	chr3	116657014	116680923	-	23910	l	8.0
Vmn2r116	Vmn2r116-l9	gene-Vmn2r116-l9	paralog_l	chr3	116920163	116924137	+	3975	l	9.0
Vn1r1	Vn1r1	gene-Vn1r1	parent	chr13	118101402	118102331	+	930		
Vn1r1	Vn1r1-l1	gene-Vn1r1-l1	paralog_l	chr2	44100220	44101211	-	992	l	1.0
Vn1r1	Vn1r1-l2	gene-Vn1r1-l2	paralog_l	chr2	44309870	44317566	+	7697	l	2.0
Vn1r1	Vn1r1-l3	gene-Vn1r1-l3	paralog_l	chr2	44445828	44446751	-	924	l	3.0
Vn1r4	Vn1r4	gene-Vn1r4	parent	chr13	117936641	117937570	+	930		
Vn1r4	Vn1r4-l3	gene-Vn1r4-l3	paralog_l	chr2	37041309	37044412	+	3104	l	3.0
Vn1r4	Vn1r4-l4	gene-Vn1r4-l4	paralog_l	chr2	38556786	38557736	-	951	l	4.0
Vn1r4	Vn1r4-l5	gene-Vn1r4-l5	paralog_l	chr2	39445471	39446241	+	771	l	5.0
Vn1r4	Vn1r4-l1	gene-Vn1r4-l1	paralog_l	chr13	118136115	118137053	+	939	l	1.0
Vn1r4	Vn1r4-l2	gene-Vn1r4-l2	paralog_l	chr13	118157731	118158669	+	939	l	2.0
Vps28	Vps28	gene-Vps28	parent	chr26	37251152	37255876	-	4725		
Vps28	Vps28-dl1	gene-Vps28-dl1	paralog_dl	chr20	81196867	81197575	-	709	dl	1.0
Vps29	Vps29	gene-Vps29	parent	chr20	7987149	7997962	-	10814		
Vps29	Vps29-l1	gene-Vps29-l1	paralog_l	chr2	63682633	63683250	-	618	l	1.0
Vps37a	Vps37a	gene-Vps37a	parent	chr5	71119508	71148396	+	28889		
Vps37a	Vps37a-dl1	gene-Vps37a-dl1	paralog_dl	chr10	122946686	122948873	+	2188	dl	1.0
Vps37b	Vps37b	gene-Vps37b	parent	chr20	6316449	6343613	+	27165		
Vps37b	Vps37b-dl1	gene-Vps37b-dl1	paralog_dl	chrX	65472728	65475322	-	2595	dl	1.0
Vps45	Vps45	gene-Vps45	parent	chr22	50945954	51028893	+	82940		
Vps45	Vps45-dl1	gene-Vps45-dl1	paralog_dl	chr15	26806842	26810942	-	4101	dl	1.0
Vps72	Vps72	gene-Vps72	parent	chr22	52150522	52167157	-	16636		
Vps72	Vps72-l1	gene-Vps72-l1	paralog_l	chr8	57415056	57416356	+	1301	l	1.0
Vtcn1	Vtcn1	gene-Vtcn1	parent	chr21	6203658	6284534	+	80877		
Vtcn1	Vtcn1-l1	gene-Vtcn1-l1	paralog_l	chr6	105303970	105325466	-	21497	l	1.0
Wbp11	Wbp11	gene-Wbp11	parent	chr4	21109370	21129429	-	20060		
Wbp11	Wbp11-l1	gene-Wbp11-l1	paralog_l	chr10	27966681	27968532	-	1852	l	1.0
Wbp4	Wbp4	gene-Wbp4	parent	chr7	60205324	60227996	-	22673		
Wbp4	Wbp4-dl1	gene-Wbp4-dl1	paralog_dl	chr4	139778675	139780080	+	1406	dl	1.0
Wdhd1	Wdhd1	gene-Wdhd1	parent	chr8	9431789	9489059	+	57271		
Wdhd1	Wdhd1-l1	gene-Wdhd1-l1	paralog_l	chr12	17533543	17537787	+	4245	l	1.0
Wdr87	Wdr87	gene-Wdr87	parent	chr2	21358636	21369499	-	10864		
Wdr87	Wdr87-l1	gene-Wdr87-l1	paralog_l	chr2	20538746	20554077	+	15332	l	1.0
Wtap	Wtap	gene-Wtap	parent	chr18	28885057	28923319	+	38263		
Wtap	Wtap-l1	gene-Wtap-l1	paralog_l	chr23	21033581	21034737	-	1157	l	1.0
Xrcc4	Xrcc4	gene-Xrcc4	parent	chr3	73674742	73936081	-	261340		
Xrcc4	Xrcc4-l1	gene-Xrcc4-l1	paralog_l	chrX	118026980	118028182	-	1203	l	1.0
Yeats4	Yeats4	gene-Yeats4	parent	chr16	27978426	28004392	-	25967		
Yeats4	Yeats4-dl1	gene-Yeats4-dl1	paralog_dl	chr27	14466801	14467310	+	510	dl	1.0
Yipf5	Yipf5	gene-Yipf5	parent	chr3	37165287	37179770	+	14484		
Yipf5	Yipf5-dl1	gene-Yipf5-dl1	paralog_dl	chr18	37800464	37803445	+	2982	dl	1.0
Ythdf1	Ythdf1	gene-Ythdf1	parent	chr20	91010719	91028553	-	17835		
Ythdf1	Ythdf1-dl1	gene-Ythdf1-dl1	paralog_dl	chrX	99971762	99972955	-	1194	dl	1.0
Ywhah	Ywhah	gene-Ywhah	parent	chr20	24585858	24599096	-	13239		
Ywhah	Ywhah-dl2	gene-Ywhah-dl2	paralog_dl	chrX	188912355	188914458	+	2104	dl	2.0
Ywhah	Ywhah-dl3	gene-Ywhah-dl3	paralog_dl	chrX	188928212	188930316	-	2105	dl	3.0
Ywhah	Ywhah-dl1	gene-Ywhah-dl1	paralog_dl	chr1	11764869	11765399	-	531	dl	1.0
Ywhaq	Ywhaq	gene-Ywhaq	parent	chr17	32377954	32423215	-	45262		
Ywhaq	Ywhaq-dl1	gene-Ywhaq-dl1	paralog_dl	chr12	122197095	122198526	+	1432	dl	1.0
Zbtb44	Zbtb44	gene-Zbtb44	parent	chr25	11447715	11501794	-	54080		
Zbtb44	Zbtb44-l1	gene-Zbtb44-l1	paralog_l	chr28	10391993	10393855	-	1863	l	1.0
Zc3h11a	Zc3h11a	gene-Zc3h11a	parent	chr8	74031941	74081464	-	49524		
Zc3h11a	Zc3h11a-l1	gene-Zc3h11a-l1	paralog_l	chr10	47047124	47049049	+	1926	l	1.0
Zcchc8	Zcchc8	gene-Zcchc8	parent	chr20	6651238	6653652	+	2415		
Zcchc8	Zcchc8-l1	gene-Zcchc8-l1	paralog_l	chr20	6630628	6644353	+	13726	l	1.0
Zcrb1	Zcrb1	gene-Zcrb1	parent	chr16	14630314	14646448	+	16135		
Zcrb1	Zcrb1-dl1	gene-Zcrb1-dl1	paralog_dl	chr5	22218696	22220643	+	1948	dl	1.0
Zfp36l2	Zfp36l2	gene-Zfp36l2	parent	chr6	31556419	31557284	-	866		
Zfp36l2	Zfp36l2-dl1	gene-Zfp36l2-dl1	paralog_dl	chr12	72711040	72714720	+	3681	dl	1.0
Zkscan4	Zkscan4	gene-Zkscan4	parent	chr13	119135299	119140555	-	5257		
Zkscan4	Zkscan4-l1	gene-Zkscan4-l1	paralog_l	chr13	119221152	119229668	+	8517	l	1.0
Znf14	Znf14	gene-Znf14	parent	chr13	70182359	70225897	+	43539		
Znf14	Znf14-l1	gene-Znf14-l1	paralog_l	chr3	126019598	126032049	-	12452	l	1.0
Znf2	Znf2	gene-Znf2	parent	chr22	9068141	9082444	-	14304		
Znf2	Znf2-l1	gene-Znf2-l1	paralog_l	chr16	41490236	41490538	-	303	l	1.0
Znf410	Znf410	gene-Znf410	parent	chr27	1701054	1737446	-	36393		
Znf410	Znf410-l1	gene-Znf410-l1	paralog_l	chr19	11774196	11775935	+	1740	l	1.0
Znf426	Znf426	gene-Znf426	parent	chr3	117290704	117307630	+	16927		
Znf426	Znf426-l1	gene-Znf426-l1	paralog_l	chr3	116953771	117012081	-	58311	l	1.0
Znf426	Znf426-l2	gene-Znf426-l2	paralog_l	chr3	117225765	117271624	-	45860	l	2.0
Znf655	Znf655	gene-Znf655	parent	chr6	30882441	30900433	+	17993		
Znf655	Znf655-l1	gene-Znf655-l1	paralog_l	chr8	29279265	29282325	-	3061	l	1.0
Znf691	Znf691	gene-Znf691	parent	chr19	44609300	44618371	+	9072		
Znf691	Znf691-l1	gene-Znf691-l1	paralog_l	chr21	10326246	10327766	+	1521	l	1.0
Znf699	Znf699	gene-Znf699	parent	chr3	115876309	115889257	+	12949		
Znf699	Znf699-l1	gene-Znf699-l1	paralog_l	chr3	115876480	116778101	+	901622	l	1.0
Znf709	Znf709	gene-Znf709	parent	chr17	23502493	23509198	-	6706		
Znf709	Znf709-l13	gene-Znf709-l13	paralog_l	chrX	197573837	197598569	-	24733	l	13.0
Znf709	Znf709-l8	gene-Znf709-l8	paralog_l	chr3	102325247	102339009	-	13763	l	8.0
Znf709	Znf709-l9	gene-Znf709-l9	paralog_l	chr3	107015977	107047452	+	31476	l	9.0
Znf709	Znf709-l10	gene-Znf709-l10	paralog_l	chr3	118750864	118765547	+	14684	l	10.0
Znf709	Znf709-l11	gene-Znf709-l11	paralog_l	chr5	107931872	107971976	-	40105	l	11.0
Znf709	Znf709-l12	gene-Znf709-l12	paralog_l	chr5	108104485	108116985	+	12501	l	12.0
Znf709	Znf709-l1	gene-Znf709-l1	paralog_l	chr10	87263552	87305596	+	42045	l	1.0
Znf709	Znf709-l2	gene-Znf709-l2	paralog_l	chr11	6870635	6910429	+	39795	l	2.0
Znf709	Znf709-l3	gene-Znf709-l3	paralog_l	chr17	23901420	23962026	+	60607	l	3.0
Znf709	Znf709-l4	gene-Znf709-l4	paralog_l	chr17	25115156	25148363	-	33208	l	4.0
Znf709	Znf709-l5	gene-Znf709-l5	paralog_l	chr17	102911344	102944880	-	33537	l	5.0
Znf709	Znf709-l6	gene-Znf709-l6	paralog_l	chr24	139354	189729	+	50376	l	6.0
Znf709	Znf709-l7	gene-Znf709-l7	paralog_l	chr26	53228332	53277508	+	49177	l	7.0
Znf717	Znf717	gene-Znf717	parent	chr6	42079640	42094601	-	14962		
Znf717	Znf717-l1	gene-Znf717-l1	paralog_l	chr6	42110608	42122730	-	12123	l	1.0
Znf717	Znf717-l2	gene-Znf717-l2	paralog_l	chr6	42140986	42146787	-	5802	l	2.0
Znf724	Znf724	gene-Znf724	parent	chr26	41742214	41773943	+	31730		
Znf724	Znf724-l2	gene-Znf724-l2	paralog_l	chr5	107769739	107784311	+	14573	l	2.0
Znf724	Znf724-l1	gene-Znf724-l1	paralog_l	chr26	41859238	41889297	-	30060	l	1.0
Znf792	Znf792	gene-Znf792	parent	chr2	18155595	18205215	+	49621		
Znf792	Znf792-l1	gene-Znf792-l1	paralog_l	chr2	18145900	18153920	-	8021	l	1.0
Znf792	Znf792-l2	gene-Znf792-l2	paralog_l	chr2	18176532	18183224	+	6693	l	2.0
Znf805	Znf805	gene-Znf805	parent	chr2	44026563	44035366	+	8804		
Znf805	Znf805-l1	gene-Znf805-l1	paralog_l	chr2	44055324	44062177	+	6854	l	1.0
Znf805	Znf805-l2	gene-Znf805-l2	paralog_l	chr2	44066337	44079353	+	13017	l	2.0
Zscan2	Zscan2	gene-Zscan2	parent	chr15	82979864	83015026	+	35163		
Zscan2	Zscan2-l1	gene-Zscan2-l1	paralog_l	chr22	75211171	75218057	+	6887	l	1.0
Zscan4	Zscan4	gene-Zscan4	parent	chr2	44628698	44631530	+	2833		
Zscan4	Zscan4-l1	gene-Zscan4-l1	paralog_l	chr2	44874726	44877768	+	3043	l	1.0
Zxdb	Zxdb	gene-Zxdb	parent	chrX	118330783	118375234	-	44452		
Zxdb	Zxdb-dl1	gene-Zxdb-dl1	paralog_dl	chrX	118243036	118246064	+	3029	dl	1.0
Syncrip	Syncrip	gene-Syncrip	singlecopy	chr15	14303053	14342384	-	39332		
Gbp1	Gbp1	gene-Gbp1	singlecopy	chr21	52601480	53023304	+	421825		
Casp1	Casp1	gene-Casp1	singlecopy	chr25	26726155	26739140	-	12986		
