Geneid	Chr	Start	End	Strand	Length	SRR17216293_Aligned.sortedByCoord.out.bam	SRR17216294_Aligned.sortedByCoord.out.bam	SRR17216295_Aligned.sortedByCoord.out.bam	SRR17216296_Aligned.sortedByCoord.out.bam	SRR17216297_Aligned.sortedByCoord.out.bam	SRR17216298_Aligned.sortedByCoord.out.bam	SRR17216299_Aligned.sortedByCoord.out.bam	SRR17216300_Aligned.sortedByCoord.out.bam	SRR17216301_Aligned.sortedByCoord.out.bam	SRR17216302_Aligned.sortedByCoord.out.bam	SRR17216303_Aligned.sortedByCoord.out.bam	SRR17216304_Aligned.sortedByCoord.out.bam	SRR17216305_Aligned.sortedByCoord.out.bam	SRR17216306_Aligned.sortedByCoord.out.bam	SRR17216307_Aligned.sortedByCoord.out.bam	SRR17216308_Aligned.sortedByCoord.out.bam	SRR17216309_Aligned.sortedByCoord.out.bam	SRR17216310_Aligned.sortedByCoord.out.bam	SRR17216311_Aligned.sortedByCoord.out.bam	SRR17216312_Aligned.sortedByCoord.out.bam	SRR17216313_Aligned.sortedByCoord.out.bam	SRR17216314_Aligned.sortedByCoord.out.bam	SRR17216315_Aligned.sortedByCoord.out.bam	SRR17216316_Aligned.sortedByCoord.out.bam	SRR17216317_Aligned.sortedByCoord.out.bam	SRR17216318_Aligned.sortedByCoord.out.bam	SRR17216319_Aligned.sortedByCoord.out.bam	SRR17216320_Aligned.sortedByCoord.out.bam	SRR17216321_Aligned.sortedByCoord.out.bam
gene-Aadac	chr16	55051470	55072413	+	20944	14	1	203	14344	17902	9	22	4	0	9338	23588	10	6	6	5	23617	9118	124	6	2	7968	15947	105	16	12	11555	13138	4	32
gene-Aadac-l1	chr16	55116436	55134952	-	18517	1053	2	80	392	5309	20	707	6	12	279	1813	20	250	8	26	663	5510	466	10	14	234	5662	347	236	8	391	2149	2	135
gene-Aadac-l2	chr16	55211359	55224941	+	13583	854	0	4	15	4	0	839	0	0	6	2	2	182	0	0	1	3	4	0	0	1	12	6	174	0	0	1	0	1
gene-Aadac-l3	chr16	55288931	55301871	+	12941	104	27	215	168	2309	77	195	46	221	117	1838	120	22	42	157	183	2794	840	62	240	88	5029	871	32	178	76	1847	40	151
gene-Aadacl4	chr19	32592787	32616855	-	24069	190	0	0	0	0	0	301	0	0	0	0	0	50	1	0	0	0	0	0	0	1	0	2	20	0	0	0	1	0
gene-Aadacl4-l1	chr19	32807869	32819437	-	11569	584	3	0	0	0	0	439	2	0	0	0	0	201	0	0	2	0	0	4	0	2	0	0	124	0	0	0	0	0
gene-Aadacl4-l2	chr19	32871325	32888795	-	17471	187	0	0	2	0	0	238	0	0	2	0	0	80	8	0	0	0	2	8	0	0	0	0	58	0	2	0	1	0
gene-Aadacl4-l3	chr19	32990025	33011467	-	21443	236	213	10	49	26	10	331	207	18	44	12	2	98	113	6	2	4	42	84	13	14	4	20	92	30	18	12	350	4
gene-Aasdhppt	chr25	27843913	27873881	+	29969	3368	7785	1874	3887	1848	446	3433	10531	1472	3840	1378	340	260	8518	1572	3070	1949	4121	7651	1574	1008	1896	3627	238	1928	2614	1336	8290	753
gene-Aasdhppt-l1	chr15	97313318	97315913	-	2596	538	1753	356	854	396	68	530	2520	268	766	340	58	28	1888	366	624	396	580	1818	326	210	528	668	60	406	574	334	2150	144
gene-Abca3	chr20	36807592	36867975	-	60384	352	4788	231	10115	381	5050	405	6600	135	8937	426	4439	50	4877	99	8348	255	54339	4239	50	2174	378	41563	27	112	6451	405	5383	14492
gene-Abca3-l1	chr3	8535821	8671068	-	135248	2203	1722	139	544	260	122	1954	2623	239	736	150	122	155	1624	135	766	343	1886	1516	102	144	173	1405	180	365	528	244	1990	252
gene-Abcb1	chr5	107262792	107592233	+	329442	1885	5236	2844	11708	7004	790	2061	6738	2180	9367	6699	627	160	6123	2045	7201	6403	7814	5594	1870	2195	8629	7784	179	2470	5587	4633	5952	2205
gene-Abcb1-l1	chr22	59701179	59799622	+	98444	649	648	2314	647	276	858	1163	742	1978	678	226	620	94	664	1676	927	158	4084	717	1670	266	271	3827	138	2403	792	232	658	1318
gene-Abcg2	chr1	110232197	110391010	-	158814	865	2123	2242	2088	14272	461	1932	2652	1890	2021	12464	404	295	2502	1557	1704	12026	4137	2245	1629	399	12775	3206	219	1956	1318	10377	2458	917
gene-Abcg2-l1	chr1	122816438	122902514	-	86077	554	390	958	598	1232	473	1185	883	871	736	1238	458	170	588	818	470	1126	4249	669	776	188	1474	5240	184	981	400	1090	579	788
gene-Abcg2-l2	chr1	123329387	123389052	+	59666	1460	340	894	2368	4249	364	2160	717	706	1961	3855	320	178	508	541	1773	3927	3576	898	1176	945	6702	5290	361	707	1357	4035	405	673
gene-Abraxas2	chr28	18447070	18470755	-	23686	779	558	638	426	316	118	731	744	424	405	286	103	126	621	456	428	351	1123	658	572	114	303	1005	84	580	343	303	547	192
gene-Abraxas2-dl1	chr23	18730423	18735329	+	4907	288	426	478	518	304	58	260	577	396	454	280	70	22	434	502	392	318	588	401	470	114	324	616	30	548	284	244	482	162
gene-Acad9	chr17	8856217	8879475	+	23259	2764	2106	1628	2314	2312	254	2062	3006	1156	2210	2054	154	308	2524	1446	2039	2278	1993	2564	1156	496	2184	1877	245	1184	1570	1802	2216	428
gene-Acad9-l1	chr9	78002991	78026112	+	23122	2163	2601	2306	4077	7500	266	1799	3530	1799	3641	7785	304	188	2936	2026	3335	7643	2736	2914	1704	880	10181	2950	182	1742	2916	6876	2881	577
gene-Acbd5	chr9	62147290	62176074	-	28785	1137	1366	1356	1795	4439	214	1565	1693	1056	1810	3452	194	152	1635	970	1442	3375	2028	1424	907	471	3195	2125	206	1115	1261	2545	1337	514
gene-Acbd5-l1	chrX	49670284	49673572	+	3289	323	567	626	1168	2290	84	444	708	506	1105	1965	102	50	668	560	832	2337	839	639	512	245	1834	943	60	516	640	1765	526	229
gene-Accsl	chr4	64281771	64291293	-	9523	0	2	4	0	0	0	0	7	0	0	0	0	0	2	0	0	0	0	0	0	0	0	0	0	0	0	0	1	0
gene-Accsl-l1	chr4	64307815	64320720	-	12906	0	0	0	0	0	0	0	0	0	2	0	0	0	0	0	0	0	0	2	0	0	0	0	0	0	0	0	0	0
gene-Accsl-l2	chr4	64332505	64344138	-	11634	4	0	0	0	6	4	0	8	4	1	0	0	0	5	0	0	0	4	11	5	2	0	0	0	0	0	0	9	0
gene-Aco1	chr14	58822870	58857704	-	34835	1651	1137	3814	9506	14555	785	3500	1261	3094	8294	13771	680	248	1397	3695	7958	17976	5965	1198	3221	2155	20837	8914	388	3777	6810	13422	1117	1797
gene-Aco1-l1	chr21	3714328	3717648	+	3321	1276	952	3492	10182	14146	732	2450	1120	2697	8574	13906	538	152	1228	3314	8472	18226	4871	1070	2805	2404	21352	7362	308	3388	6822	13270	862	1420
gene-Acot13	chr10	33146256	33146875	+	620	14	64	280	486	219	6	14	58	303	568	207	2	2	56	358	350	278	26	32	348	118	228	78	0	282	338	145	60	8
gene-Acot13-dl1	chr13	93252897	93270842	-	17946	546	694	2087	4421	2532	82	332	798	1743	4751	1407	80	48	789	1893	3360	2307	886	707	1867	914	1990	714	64	1830	3439	1479	750	168
gene-Acot13-dl2	chr18	78050490	78050879	+	390	2	0	53	86	26	2	0	14	56	110	38	0	0	8	76	86	50	4	14	54	24	28	8	0	77	72	20	4	2
gene-Acot13-dl3	chr4	18452152	18453285	+	1134	122	310	2295	5432	1911	32	86	344	2442	5383	1466	34	6	414	2348	3575	2630	235	348	2588	1270	2174	296	8	2190	3458	1366	356	74
gene-Acot2	chr27	2132298	2139192	-	6895	841	874	1699	4795	6066	91	483	1279	1249	2913	7143	70	57	1178	862	3676	3738	973	1171	871	1067	5215	763	51	877	2710	3228	924	236
gene-Acot2-dl1	chr27	2178640	2184668	-	6029	665	1240	4607	5355	3218	186	1133	2340	5722	6377	6089	268	132	1599	3458	3853	2127	1444	1502	3351	1089	2716	1626	143	3174	2905	1727	1129	428
gene-Acp1	chr17	26341802	26357161	+	15360	1919	3335	1895	2379	2099	243	1354	3556	1498	2140	2014	208	136	3265	1617	1841	1994	1574	2916	1630	603	1956	1886	198	1740	1531	1825	3086	434
gene-Acp1-l1	chr14	66279254	66281260	-	2007	16	42	18	34	20	8	12	96	16	12	10	4	0	38	12	20	10	17	52	4	2	18	16	0	16	10	6	32	4
gene-Acsbg2	chr3	119738315	119766496	-	28182	10	86	2	27	8	0	6	111	5	16	1	4	2	98	18	26	4	34	100	10	2	0	31	12	4	20	61	92	8
gene-Acsbg2-l1	chr3	119719597	119732711	-	13115	72	30	7	110	0	0	48	40	6	124	0	0	2	36	6	141	0	16	47	8	12	0	37	3	2	117	12	45	4
gene-Actb	chr6	25798714	25802140	+	3427	60199	43701	21396	51097	26928	13755	78342	54574	24354	44020	27932	14206	3622	50017	21870	36984	30602	120770	42694	20258	12758	29312	139656	4690	27931	29419	22884	45200	32250
gene-Actb-dl1	chr12	90497666	90500476	-	2811	6992	4996	2840	5452	3309	1500	9368	6186	2659	4830	3540	1550	410	5478	2642	4165	3854	16824	4799	2694	1386	3450	18290	568	3612	3364	2836	5219	3984
gene-Actb-l1	chr6	62932333	62936020	+	3688	0	0	4	0	0	0	0	0	0	0	0	0	0	0	0	0	0	2	0	0	0	0	0	6	0	0	28	0	0
gene-Adam1a	chr20	9103081	9106994	+	3914	54	86	50	58	23	6	68	104	51	128	22	7	10	109	75	59	54	166	128	51	6	19	107	9	59	41	41	106	33
gene-Adam1a-l1	chr20	9144172	9145497	+	1326	2	2	1	4	1	4	7	5	5	8	2	0	0	5	1	5	2	29	4	1	0	1	16	1	3	2	3	6	1
gene-Adam20	chr27	5207533	5209808	+	2276	0	0	0	0	0	0	0	0	0	0	0	0	0	2	0	0	0	0	2	0	0	0	0	0	0	0	26	0	0
gene-Adam20-l1	chr27	5279073	5283205	-	4133	2	8	0	0	4	0	1	10	6	16	0	0	0	8	0	10	0	14	4	0	6	0	2	0	0	10	30	2	2
gene-Adam20-l2	chr27	18960550	18964234	-	3685	2	12	0	0	0	0	12	26	2	0	0	0	4	6	0	0	0	3	10	0	0	0	0	0	0	0	0	6	0
gene-Adam20-l3	chr5	36569728	36574034	+	4307	0	0	0	0	0	0	0	2	0	0	0	0	0	0	0	0	0	0	0	0	0	0	8	0	0	0	2	4	0
gene-Adh5	chr1	122510170	122527123	-	16954	1803	1271	2961	10882	5821	416	2623	2094	2449	10211	5526	390	200	1671	2709	9026	5499	3564	1557	2329	2594	4518	3841	266	2766	8028	4381	1460	713
gene-Adh5-l1	chr13	80484224	80485667	+	1444	1497	1430	4352	19433	8850	492	2415	2178	3552	18083	9088	491	146	1962	4270	15947	8969	3527	1613	3816	5182	7816	4656	264	4026	13915	7382	1513	1128
gene-Adh7	chr1	106243371	106259779	+	16409	20	10	825	11	451	2	114	4	741	4	362	4	19	10	738	4	567	36	12	647	4	741	40	10	1059	0	407	18	6
gene-Adh7-l1	chr1	106560351	106587047	-	26697	12	0	12	16	72	0	8	0	14	10	39	0	0	2	4	10	30	0	2	10	2	62	2	0	22	6	26	4	6
gene-Adrm1	chr20	90230279	90235786	+	5508	1062	630	638	789	600	156	901	791	499	719	440	149	92	719	669	776	532	1702	671	525	200	466	1630	114	653	563	480	596	329
gene-Adrm1-dl1	chr4	26343268	26344630	-	1363	1074	940	982	1116	1390	104	956	1236	708	1112	1020	100	114	1186	834	964	1218	964	930	846	300	1102	1252	154	842	650	960	946	282
gene-Aff1	chr6	94248723	94257331	+	8609	1194	467	935	1415	375	294	1901	579	803	1509	242	285	224	601	838	1284	384	4221	521	902	358	471	2808	262	1069	1034	328	535	845
gene-Aff1-l1	chr10	80738899	80795903	+	57005	36	20	52	130	20	28	123	24	48	144	12	30	8	20	48	112	24	200	18	48	16	40	156	24	62	96	32	36	48
gene-Ahsa1	chr27	24101331	24111393	+	10063	2141	3220	2729	3345	3194	468	1789	3601	1826	2936	2617	368	120	4000	2386	2848	2908	3161	3042	2334	804	3157	3460	200	2574	2611	2668	3072	900
gene-Ahsa1-dl1	chr3	118975929	118976945	-	1017	206	286	350	332	422	44	150	414	232	338	334	18	4	374	291	328	450	336	302	264	90	426	344	18	296	304	388	348	116
gene-Aif1l	chr14	109707009	109726628	+	19620	652	209	221	4716	340	2	722	133	214	4291	382	2	159	332	223	3971	341	47	232	261	1169	175	21	166	334	3649	201	154	2
gene-Aif1l-dl1	chr18	3799287	3799739	-	453	356	119	191	3765	14	6	493	120	283	3882	6	8	67	193	152	2687	3	21	167	202	922	6	18	101	228	2401	4	100	0
gene-Ak6	chr10	109980195	109998965	-	18771	638	698	580	483	340	54	594	1044	495	541	247	66	54	713	473	460	324	663	774	436	134	244	704	56	548	305	213	721	126
gene-Ak6-l1	chrX	52774696	52775465	+	770	84	142	232	156	154	14	84	164	280	136	122	34	8	130	250	140	156	208	136	274	60	150	306	22	266	76	86	140	56
gene-Akirin1	chr19	30810508	30828275	+	17768	1464	2131	1465	2084	867	428	1450	2999	1259	2066	688	448	114	2613	1548	1721	863	4846	2423	1294	424	970	4729	152	1515	1312	700	2336	949
gene-Akirin1-dl1	chr22	55302561	55304847	-	2287	24	42	40	54	26	8	30	58	26	62	18	14	2	74	44	40	14	101	52	20	18	22	92	2	58	36	6	70	38
gene-Akr1a1	chr19	48469875	48488766	+	18892	661	566	767	9491	4753	131	653	582	466	8468	4614	144	64	799	614	6644	4385	859	507	611	2223	4207	1119	90	693	6113	4030	574	235
gene-Akr1a1-dl1	chrX	161272225	161273202	-	978	942	800	1216	16753	8157	184	890	846	992	14660	8232	168	70	964	1050	11690	7846	1358	772	906	3864	7492	1734	86	1122	10229	7353	739	372
gene-Akr1b1	chr17	63454971	63471293	-	16323	194	521	628	432	34	64	305	383	358	663	25	28	16	454	457	132	29	245	548	683	378	42	446	38	352	200	17	374	72
gene-Akr1b1-dl1	chr17	30571902	30573211	+	1310	70	466	580	454	30	50	176	438	394	868	22	24	14	486	490	188	28	224	470	552	285	30	374	26	358	230	18	394	46
gene-Akr1b1-dl2	chr20	63946037	63947356	+	1320	68	262	316	218	17	26	119	398	392	714	30	22	4	328	436	126	26	116	260	236	148	10	196	32	352	166	14	284	38
gene-Akr1b1-dl3	chr27	28975775	28977083	+	1309	18	70	84	70	8	10	42	74	72	126	2	6	4	82	102	26	2	38	62	60	62	2	50	4	72	30	6	56	18
gene-Akr1b8	chr22	59846682	59861918	-	15237	462	47	131	385	49	30	531	32	169	155	24	22	47	66	156	113	40	317	54	189	116	42	418	59	196	108	30	32	104
gene-Akr1b8-dl1	chr10	11117247	11118197	-	951	117	8	36	143	8	14	168	18	90	64	22	14	8	15	42	44	28	72	22	68	39	12	71	8	77	19	26	22	36
gene-Akr1b8-dl2	chr18	37880659	37881609	+	951	26	5	2	28	2	4	34	0	9	14	6	2	4	2	8	6	0	49	6	8	14	0	27	0	14	6	2	8	4
gene-Akr1b8-dl3	chrX	161332268	161333218	-	951	4	0	0	2	0	2	18	0	0	4	0	2	2	2	4	0	0	10	0	0	4	0	19	0	2	2	0	0	2
gene-Akr1b8-rl1	chr22	59937738	59990225	+	52488	88	29	150	3941	12550	57	83	75	56	10387	18695	58	2	75	59	4586	12361	650	72	88	1175	15386	546	19	84	3987	10281	35	120
gene-Aldh1a1	chr9	101161217	101414472	+	253256	2571	360	22505	102824	304105	8183	8596	763	16923	86366	276467	6913	1090	642	18200	90923	284262	50824	642	19322	26510	383576	70570	1821	18864	79105	239637	491	17053
gene-Aldh1a1-l1	chr9	101468452	101504679	-	36228	2874	1046	9203	4529	14978	2305	5454	1430	7931	3775	13228	1826	540	1100	8284	3659	13075	14607	1064	8616	1230	17691	21755	970	9247	2993	11341	1118	5126
gene-Alox12e	chr7	37697761	37702859	+	5099	75	44	0	7	0	0	66	18	4	8	0	0	8	21	0	0	0	0	48	0	0	0	0	4	0	0	0	70	0
gene-Alox12e-l1	chr7	37790175	37897619	+	107445	568	27	29	17	4	5	535	38	8	7	15	2	28	34	5	10	10	27	23	7	4	6	8	14	16	10	1	40	13
gene-Alpi	chr1	59955844	59966287	+	10444	6	4	4	10	0	0	4	6	2	10	2	0	0	5	6	8	4	4	4	0	2	2	0	0	32	6	0	2	2
gene-Alpi-l1	chr1	59972871	59983292	-	10422	210	284	156	182	62	24	164	382	104	134	82	8	12	330	136	118	64	234	352	84	36	64	226	14	124	104	78	316	66
gene-Alyref	chr18	27467544	27471127	-	3584	411	122	166	172	148	52	202	210	176	214	96	40	18	208	118	112	88	251	193	151	60	214	374	22	196	142	130	162	64
gene-Alyref-dl1	chr16	41106196	41109293	-	3098	1254	1264	1159	1033	545	128	983	1464	805	898	360	101	53	1297	1029	785	460	1119	1004	861	234	394	1085	83	1025	667	365	1095	285
gene-Alyref-dl2	chr19	73449016	73450129	+	1114	114	40	46	62	24	8	63	42	38	28	12	4	6	28	24	44	37	48	36	30	6	36	72	8	34	26	24	32	8
gene-Amd1	chr15	41527955	41546838	+	18884	1955	2540	2939	2562	1150	514	2020	3025	2556	2416	930	609	268	3093	2639	2210	1042	5075	2759	2387	670	1232	5111	270	2535	1809	908	2451	970
gene-Amd1-dl1	chr16	55093116	55093847	+	732	39	69	91	59	31	15	41	79	60	67	19	15	10	84	72	51	40	63	68	66	23	26	108	7	52	40	19	55	24
gene-Amd1-dl2	chr18	85934253	85935956	+	1704	0	0	0	1	0	1	0	1	2	0	0	0	0	0	0	0	1	0	0	0	0	0	1	0	0	0	2	0	0
gene-Amd1-dl3	chr18	88164275	88167301	+	3027	0	4	0	0	0	1	0	0	0	2	0	0	0	2	8	0	0	0	0	2	2	0	0	0	0	2	0	0	0
gene-Amd1-dl4	chr28	130236	132909	+	2674	0	0	0	0	0	0	0	0	0	0	0	0	0	0	0	0	0	0	0	0	0	0	0	0	0	0	0	0	0
gene-Amy1	chr21	19926138	19933637	+	7500	0	2	38	4	458	2	0	4	22	0	532	4	6	8	18	2	452	40	4	10	0	624	24	0	32	8	544	2	6
gene-Amy1-l1	chr21	20016204	20039437	-	23234	42	81	1748	276	34038	209	122	328	1232	74	24602	247	38	173	1496	91	25905	1677	189	1190	58	40422	2700	141	2175	55	36181	143	777
gene-Anapc10	chr23	20854336	20935795	-	81460	1499	661	659	584	380	134	1511	842	594	535	237	102	171	844	537	504	398	1495	686	518	125	359	1032	120	607	377	338	774	255
gene-Anapc10-l1	chr16	614724	615536	-	813	124	116	156	156	60	14	90	140	180	116	80	24	12	146	204	120	98	230	132	188	38	70	264	14	248	118	80	162	62
gene-Anapc16	chr1	22693368	22711924	-	18557	1028	925	2498	2009	928	204	1247	1231	2390	1904	810	164	136	1115	2487	1322	917	1428	1007	2728	508	1197	2107	225	2417	1084	692	979	464
gene-Anapc16-dl1	chr5	111681985	111684113	+	2129	44	35	59	22	32	14	82	24	51	38	14	4	2	30	49	48	31	84	36	42	10	22	48	6	56	53	26	26	14
gene-Angpt4	chr20	55747335	55783572	+	36238	67	16	58	26	282	5	15	20	134	12	106	6	2	30	115	10	195	58	40	104	6	130	56	0	147	4	233	16	6
gene-Angpt4-l1	chr20	55962299	55980673	-	18375	0	0	0	0	0	0	0	4	0	0	0	0	0	2	0	0	0	0	0	0	0	0	0	0	0	0	0	0	0
gene-Angpt4-l2	chr20	57967230	57995439	-	28210	57	131	84	62	32	18	66	135	80	63	16	2	2	116	90	59	45	60	139	103	18	20	73	4	125	53	17	154	30
gene-Anp32b	chr14	72178790	72205705	+	26916	2501	1162	1376	1184	614	302	2223	1603	1044	1054	514	242	248	1328	974	751	452	2575	1182	1002	278	606	2367	248	1622	858	598	1167	592
gene-Anp32b-l1	chr17	37715899	37717334	-	1436	780	338	708	690	406	104	436	704	768	706	392	108	28	564	892	588	450	916	544	936	202	490	1334	70	746	398	324	340	320
gene-Antxrl	chr6	4096107	4120100	-	23994	2	0	0	12	0	0	2	0	0	17	0	0	0	2	2	0	0	0	0	0	4	0	0	2	0	4	2	0	0
gene-Antxrl-l1	chr6	4130635	4168179	+	37545	4	3	4	12	0	2	12	2	6	51	0	4	2	2	2	8	2	30	2	6	10	4	6	4	28	10	2	0	2
gene-Anxa1	chr12	122497537	122498924	-	1388	3624	48	840	428	162	426	1767	116	838	290	140	274	144	114	868	314	134	2658	66	754	124	150	3942	198	1210	270	88	70	964
gene-Anxa1-l1	chr9	100927563	100944439	-	16877	24002	393	6555	2974	1181	2814	11894	645	5756	2103	926	2150	1152	788	6082	2415	1019	18837	716	5617	1075	1088	26260	1544	8608	1862	751	374	6818
gene-Ap1ar	chr1	93871417	93909079	-	37663	1564	2330	952	3128	862	264	1528	2542	748	2910	858	182	130	2576	872	2730	1004	2220	2176	724	858	982	1832	142	878	2242	982	2690	408
gene-Ap1ar-l1	chrX	39806928	39808171	+	1244	16	114	16	78	20	8	22	112	20	102	28	4	4	102	24	94	22	38	92	38	30	26	88	2	30	100	34	80	6
gene-Ap2b1	chr7	20968665	21093761	-	125097	2737	4103	1871	2154	1198	482	4707	5505	1566	2329	937	368	396	4454	1636	1826	918	5598	3890	1426	541	906	4242	442	1892	1482	887	4625	1047
gene-Ap2b1-l1	chrX	55849808	55850950	-	1143	132	612	152	273	120	22	250	822	144	244	108	34	18	676	108	202	96	400	550	134	62	114	354	30	238	170	58	666	76
gene-Ap3s1	chr11	77844006	77924679	-	80674	2413	1732	959	774	776	304	2779	2402	1013	907	595	245	292	1947	730	585	612	2658	1936	682	188	872	2571	310	1208	662	678	2081	563
gene-Ap3s1-l1	chr21	6915621	6916778	-	1158	14	10	2	0	4	0	10	8	2	5	2	0	0	4	8	5	0	24	10	4	2	2	6	0	2	2	6	12	4
gene-Ap3s1-l2	chr22	39539607	39540697	-	1091	92	112	20	54	80	4	86	132	60	42	140	14	8	106	30	32	86	114	88	40	18	96	110	16	73	44	71	138	46
gene-Apol3	chr4	34500404	34508474	+	8071	8	4	2	0	0	0	8	2	2	4	4	0	2	14	4	0	0	10	20	0	0	0	12	2	12	0	4	4	0
gene-Apol3-l1	chr4	34265089	34277150	-	12062	272	172	1903	571	539	779	1267	158	1016	444	340	491	120	166	1216	383	306	4211	214	1100	135	392	5170	143	1089	372	272	149	967
gene-Apol3-l2	chr4	34280892	34294483	-	13592	48	0	0	0	10	2	14	8	0	0	2	0	0	14	2	0	0	24	21	0	0	21	6	0	10	0	2	14	2
gene-Apol3-l3	chr4	34567849	34588295	+	20447	88	14	519	101	664	113	250	53	367	70	700	112	26	14	272	40	435	817	40	400	26	678	893	36	316	44	278	27	181
gene-Apol3-l4	chr4	34605072	34618824	+	13753	138	2	94	81	129	149	438	16	118	46	93	150	50	42	148	48	151	1482	8	93	7	109	1542	58	124	61	109	3	211
gene-Apol3-l5	chr4	34630686	34642132	-	11447	6	6	1	6	0	0	1	0	6	4	4	0	0	4	2	0	6	6	6	0	0	6	0	0	28	0	1	0	4
gene-Apol3-l6	chr4	34756366	34758668	-	2303	64	0	44	20	30	16	191	0	33	2	412	30	29	0	16	8	89	153	0	45	4	20	327	47	64	4	40	0	84
gene-Apol6	chr4	33691908	33721679	+	29772	27	3	4	39	0	0	55	9	5	46	0	4	2	14	4	68	2	22	7	10	2	3	50	8	11	31	0	4	12
gene-Apol6-l1	chr4	33741805	33754155	+	12351	242	46	1336	481	267	1160	553	75	800	460	159	1027	57	111	1018	354	237	15250	70	868	98	139	6713	62	604	296	165	14	1803
gene-Apool	chrX	94410830	94510703	-	99874	1346	422	2086	666	800	120	1932	566	1814	752	676	146	206	583	1798	590	751	2296	512	1920	166	889	1767	208	1910	545	744	431	376
gene-Apool-l1	chr6	91305309	91320338	+	15030	38	6	126	28	32	2	20	20	132	26	46	8	0	6	118	44	50	52	20	108	16	34	36	2	86	38	20	8	10
gene-Arf4	chr19	83467171	83479987	+	12817	1272	553	919	1283	911	201	1610	800	792	995	900	186	127	742	782	911	887	2110	630	690	300	823	1791	128	946	852	754	648	401
gene-Arf4-l1	chr19	83496187	83503093	+	6907	1008	570	571	926	506	144	1078	680	578	768	561	119	87	642	519	654	549	1379	571	540	206	619	1179	71	614	593	386	510	264
gene-Arhgdia	chr18	27446663	27450130	-	3468	2587	2450	1950	4030	2016	780	3052	3298	1730	3212	1556	714	236	3079	1759	3126	1632	4504	2891	1760	918	1726	6710	352	1978	2544	1476	2520	1410
gene-Arhgdia-l1	chr18	54728065	54730653	+	2589	1668	1827	1619	2453	1520	528	2097	2243	1422	2260	1562	474	170	1986	1520	2100	1338	3872	1986	1557	639	1478	5484	154	1759	1558	1246	1748	1152
gene-Arl1	chr2	150582165	150590190	-	8026	2082	2346	2592	3056	1786	380	2226	2782	2220	2851	1698	406	138	2750	2654	2438	1590	2958	2226	2135	634	1412	3062	192	2444	2110	1358	2278	860
gene-Arl1-l1	chr9	47077948	47079409	+	1462	358	506	612	668	320	82	404	630	548	478	380	78	36	602	620	526	420	632	442	579	130	340	890	50	556	410	292	402	164
gene-Arl2	chr4	83387210	83392710	-	5501	1029	2216	1164	1925	586	254	1004	2914	889	1586	456	201	56	2480	1084	1239	552	1515	2364	966	349	532	2016	138	1117	1156	344	2174	450
gene-Arl2-l1	chr1	37333284	37334100	+	817	53	110	98	95	48	4	78	132	68	115	33	22	6	112	68	62	40	92	72	74	14	35	124	6	92	48	26	110	26
gene-Arl2bp	chr1	145044154	145051887	+	7734	1361	4338	1398	2136	501	155	1540	4712	1246	1988	540	134	40	4791	1547	1906	605	1505	4315	1509	548	576	1572	110	1539	1358	484	4285	354
gene-Arl2bp-l1	chr16	34814419	34814963	-	545	134	380	130	164	50	10	166	422	114	212	36	2	8	460	174	153	62	158	378	152	52	80	138	14	178	108	48	348	24
gene-Armc3	chr9	66359006	66451815	-	92810	75	261	818	456	10	84	229	269	442	301	6	59	8	408	520	263	30	852	269	449	58	25	462	10	488	121	35	221	94
gene-Armc3-l1	chr9	76715110	76811260	-	96151	246	791	1282	1856	256	148	745	1092	1218	1722	136	131	64	1228	1207	1392	236	1921	948	1165	456	236	1423	111	1290	1143	204	779	381
gene-Arpc1a	chr6	30650057	30683301	+	33245	2522	3581	1147	1926	1234	361	2135	4039	939	1749	1046	340	182	3994	1072	1422	938	2927	3414	983	454	948	3056	226	1043	1276	1040	3744	654
gene-Arpc1a-dl1	chr27	5198571	5200012	-	1442	573	1219	335	578	390	92	430	1303	251	560	338	92	46	1401	322	453	387	633	1195	270	150	369	801	48	363	422	378	1279	200
gene-Arpc1a-dl2	chr3	27189630	27190739	-	1110	500	1059	279	552	384	86	506	1170	258	506	387	38	30	1123	360	396	322	616	935	258	118	338	795	56	286	372	335	1051	188
gene-Arpc1b	chr6	30689078	30703429	+	14352	4347	976	3356	2211	2001	2048	7978	1137	3792	1727	2147	2036	662	1365	3512	1800	2210	14051	1036	4135	734	2502	23002	772	5417	1476	3308	998	5116
gene-Arpc1b-dl1	chr2	26723248	26725002	-	1755	4	6	6	4	2	2	4	0	4	4	0	8	0	13	2	0	2	8	4	2	2	2	8	6	4	0	0	2	0
gene-Arpc3	chr20	7936392	7952473	-	16082	1372	1257	1143	1647	1137	270	1536	1588	955	1511	1097	275	118	1361	1055	1092	1196	2062	1140	992	392	1111	2821	138	1211	1000	926	1199	570
gene-Arpc3-dl1	chr5	118185733	118186269	-	537	3063	3128	2795	4346	3066	623	2891	4042	2652	4168	3014	651	171	3745	2639	3074	3143	4563	3430	3084	1244	3339	7843	289	3169	2711	2500	3188	1702
gene-Arpc5	chr8	94861987	94872421	+	10435	3494	2119	2037	2392	1319	655	3619	3152	2095	2412	1464	722	295	2633	1858	1896	1303	5011	2386	2026	674	1598	7520	340	2518	1920	1336	2568	2016
gene-Arpc5-dl1	chr15	44857765	44858220	-	456	0	0	0	0	0	0	0	0	0	0	0	0	0	2	0	0	0	2	0	0	0	0	0	0	0	0	0	0	0
gene-Arpc5-dl2	chr15	46997279	46997731	-	453	0	0	0	1	0	0	0	0	0	0	0	0	0	0	0	0	0	0	0	0	0	0	0	0	0	0	0	0	0
gene-Arpc5-dl3	chr15	106584261	106584710	-	450	0	0	0	0	0	0	0	0	0	0	0	0	0	0	0	0	0	0	0	0	0	0	0	0	0	0	0	0	0
gene-Arpc5-dl4	chr3	112820584	112822194	-	1611	111	86	47	104	49	13	159	85	46	72	42	14	6	111	52	71	45	137	79	73	17	34	220	14	79	53	34	68	61
gene-Arpc5-dl5	chr6	105477178	105477477	+	300	279	190	148	228	128	64	454	312	146	202	168	48	26	226	132	206	116	440	175	152	44	142	778	34	212	144	112	224	138
gene-Arpp19	chr8	2604149	2645084	+	40936	2694	13467	5969	5666	2014	458	2721	14833	4822	4735	1340	297	244	9657	4873	3660	1560	3565	10006	4697	1191	1813	3304	345	4387	3095	1307	9354	688
gene-Arpp19-l1	chr12	94288722	94291316	+	2595	216	956	552	530	188	26	220	1667	610	678	186	20	24	1150	710	600	294	374	1304	712	150	302	532	42	620	524	240	1238	128
gene-Asns	chr5	95314227	95323404	-	9178	2213	1199	640	1460	961	88	1058	1808	526	1198	803	100	40	1564	532	1042	777	1136	1379	639	346	1133	1432	70	633	809	643	2146	285
gene-Asns-l1	chr5	95358953	95370368	+	11416	4903	1933	1955	5098	3634	419	2564	2355	1451	4141	2721	431	167	2318	1872	3664	3080	3526	2134	1724	1228	3587	4515	272	2024	3062	2677	2131	977
gene-Asrgl1	chr4	48174297	48184671	+	10375	4615	64	3200	165	2533	758	15140	78	5619	108	1971	646	1518	108	4152	178	1970	7104	126	4545	104	1903	16081	2378	12856	137	2447	106	4348
gene-Asrgl1-l1	chr4	48253550	48267626	-	14077	967	1669	711	574	711	102	1511	2020	861	607	725	142	160	1880	747	639	634	1284	1846	688	156	693	1332	170	959	500	567	1582	329
gene-Ass1	chr14	109195100	109234320	+	39221	493	89	508	2165	5296	274	334	116	158	1288	2706	78	40	100	251	1020	2038	1371	82	166	185	3190	1377	38	308	2421	7032	60	499
gene-Ass1-dl1	chr16	18569374	18570841	-	1468	1330	228	684	16712	27143	98	410	368	418	15702	31580	106	34	218	228	7608	15914	546	186	204	2176	16073	606	18	224	6965	22388	134	216
gene-Ass1-dl2	chr16	82165238	82166476	-	1239	42	17	32	455	848	4	10	16	28	380	984	6	4	18	22	282	761	43	16	42	60	674	20	0	16	220	1102	8	6
gene-Ass1-dl3	chr20	43712986	43714482	-	1497	77	10	42	684	1333	2	91	28	14	629	1472	4	0	8	8	418	1142	36	6	12	152	1164	56	4	16	436	1734	9	8
gene-Atf1	chr16	49817500	49855682	-	38183	1072	413	1085	1445	915	161	1432	539	982	1329	718	159	115	510	1039	1157	967	1811	473	1102	372	829	1955	199	1245	910	752	468	340
gene-Atf1-l1	chr9	64216467	64218673	+	2207	296	160	538	558	326	42	281	174	390	578	271	68	34	176	488	484	289	508	172	509	172	352	576	36	495	354	260	177	164
gene-Atg12	chr11	77924279	77929570	+	5292	295	285	305	588	366	52	300	337	233	463	345	49	32	271	210	456	343	445	304	276	112	354	463	44	276	338	351	258	93
gene-Atg12-dl1	chr2	5051080	5053183	+	2104	288	208	220	508	294	26	168	270	204	570	298	26	10	310	300	544	308	359	282	396	232	362	428	20	292	302	208	166	88
gene-Atg12-dl2	chr2	40693440	40694164	-	725	46	48	62	102	58	8	52	68	60	120	80	8	8	68	44	118	74	58	38	36	34	94	106	4	96	54	44	42	28
gene-Atg4d	chr3	117939798	117947454	+	7657	645	787	1098	1905	877	102	468	939	681	1410	631	113	69	938	1110	1683	875	716	836	1038	422	559	924	106	978	1291	705	782	192
gene-Atg4d-l1	chrX	184826321	184828233	-	1913	248	492	680	1364	480	26	150	646	722	1148	444	38	34	382	698	814	440	262	290	592	216	312	298	40	516	634	312	304	50
gene-Atp1b3	chr6	79029265	79050459	+	21195	2660	2110	724	1753	556	373	1735	2184	885	2114	554	304	178	2352	810	1506	460	2830	2068	699	506	643	3427	180	1192	1281	532	1979	772
gene-Atp1b3-l1	chr16	96044811	96046601	+	1791	1823	1156	708	1844	546	316	1102	1514	686	2164	564	240	88	1375	694	1496	578	2439	1314	666	572	676	3014	120	1026	1249	518	1236	702
gene-Atp5f1b	chr16	42238473	42247420	+	8948	4154	7849	29550	27027	9920	406	4044	8373	22480	22734	10104	458	358	8416	30354	18941	9980	3804	7012	28640	6147	9560	4552	666	25343	16637	8439	7034	981
gene-Atp5f1b-dl1	chr14	56526523	56528277	+	1755	4292	8132	29886	29524	9468	414	4355	8844	23032	25368	9880	390	358	8956	30548	20740	9712	3240	7276	28664	6422	9458	4046	574	26411	18520	8252	7440	968
gene-Atp5f1b-l1	chr15	82650348	82664648	-	14301	1213	2249	7320	6653	2340	96	1543	2544	5288	5821	2650	145	68	2552	7348	4817	2596	1352	1963	7354	1474	2445	1762	212	6767	4496	2094	2104	428
gene-Atp5f1c	chr13	72747640	72768967	+	21328	1169	964	6460	1935	989	240	1573	1554	4947	1952	831	162	142	1136	6689	1702	1271	1708	1192	6026	392	745	1704	170	5574	1792	911	1172	400
gene-Atp5f1c-l1	chr3	101316074	101335685	+	19612	181	39	1263	90	28	86	674	84	877	87	23	69	108	62	1023	73	35	1509	35	741	14	18	954	125	978	75	33	58	258
gene-Atp5f1e	chr19	27517091	27517450	+	360	3768	4350	12351	13501	6815	780	3024	5466	11023	12228	6561	582	220	4931	13025	9958	7368	5331	4322	12730	3310	6785	7425	527	11225	8752	5233	4660	1686
gene-Atp5f1e-dl1	chr20	86246498	86250226	-	3729	1106	1357	3594	3209	1784	267	1080	1444	3096	3264	1982	195	54	1494	3968	2519	2101	1673	1253	3857	916	1770	2424	176	3247	2351	1440	1290	492
gene-Atp5mc3	chr9	32541575	32544676	-	3102	4272	6286	43272	23616	10020	470	3297	7317	34811	20783	11025	408	274	7390	40846	14314	11578	3132	5886	49295	5044	10065	4492	448	36997	14091	8411	6089	1048
gene-Atp5mc3-l1	chr24	33190405	33191076	+	672	452	819	5026	2512	1036	68	368	814	3869	2487	1242	34	28	875	4915	1753	1361	398	630	5758	612	1218	492	64	4570	1904	890	664	112
gene-Atp5me	chr12	61071434	61074862	+	3429	678	1045	4826	2197	808	118	650	1071	3547	2084	742	74	52	988	4362	1621	857	432	965	5312	542	903	742	134	3397	1552	736	801	162
gene-Atp5me-dl1	chr16	1846095	1848787	-	2693	63	98	240	86	41	18	70	88	142	84	22	2	18	90	218	87	56	62	93	200	34	52	60	14	138	76	32	73	16
gene-Atp5me-dl2	chr18	18199723	18201528	+	1806	1638	1762	10368	4756	1824	208	1238	2386	8552	4120	1910	190	102	1827	9840	3392	2080	1097	1806	10961	1176	1824	1830	200	8146	3068	1426	1708	428
gene-Atp5mf	chr6	30764492	30773230	-	8739	1506	908	2125	1765	1280	140	1000	1318	1750	1713	1201	132	118	1171	1867	1386	1442	1435	1107	1962	452	1446	1235	121	1630	1291	1309	988	278
gene-Atp5mf-dl1	chr17	91005986	91006219	+	234	1	0	0	0	0	0	0	0	0	4	0	0	0	0	0	0	0	1	0	0	0	0	2	0	0	4	0	0	0
gene-Atp5mf-dl2	chr20	34860770	34862552	-	1783	1772	2350	9762	6616	3440	296	1292	2810	8575	6276	3308	252	100	2674	9720	4808	3654	1495	2212	10156	1666	3424	2542	284	9006	4624	2822	2310	578
gene-Atp5mf-dl3	chr20	48779637	48781394	-	1758	62	48	193	101	68	12	95	68	182	106	73	14	15	65	238	48	113	116	35	232	24	74	71	12	178	63	48	42	22
gene-Atp5mf-dl4	chr6	119743535	119743798	-	264	0	0	0	0	0	0	0	0	0	0	0	0	0	0	0	0	0	0	0	0	0	0	0	0	0	0	0	0	0
gene-Atp5mk	chr16	47591449	47591772	-	324	736	1006	4984	2404	800	100	448	1228	4592	2432	946	100	56	996	5390	1732	1034	722	898	5596	536	820	898	112	4518	1600	726	1010	182
gene-Atp5mk-dl1	chr18	18977804	18977980	+	177	194	252	1202	584	256	34	145	292	991	615	258	20	14	244	1367	388	230	136	222	1408	130	202	246	30	1172	426	216	224	38
gene-Atp5mk-dl2	chr7	29923620	29923796	+	177	322	392	2227	986	370	48	197	541	1897	1155	514	50	22	398	2323	831	418	294	376	2482	264	428	456	48	1833	592	394	370	78
gene-Atp5mk-dl3	chr8	57153093	57153425	+	333	58	116	350	200	50	8	42	139	300	162	74	12	2	66	388	106	84	64	52	422	40	92	115	6	320	138	36	70	18
gene-Atp5mk-l1	chr28	42294922	42295502	-	581	196	250	1558	600	298	24	128	306	1522	648	330	18	12	273	1916	442	338	278	280	1970	154	290	310	30	1690	418	318	280	55
gene-Atp5mpl	chr27	52142587	52147154	-	4568	1753	2997	11868	7418	2218	266	1996	3422	10024	7441	2230	278	146	3279	12366	5570	2470	1994	2701	12684	1734	2362	2488	340	10730	5065	1804	2960	565
gene-Atp5mpl-l1	chr18	6218071	6218400	-	330	12	4	46	30	8	0	4	6	34	24	14	0	0	12	40	22	10	24	8	84	10	18	14	0	36	14	6	20	2
gene-Atp5mpl-l2	chrX	173319517	173319897	+	381	34	76	494	112	82	6	21	66	414	132	86	2	0	74	400	106	88	102	68	467	20	106	112	18	447	70	66	64	22
gene-Atp6v0d1	chr1	156266576	156313943	-	47368	1494	1618	562	1824	848	228	1796	1890	548	1814	600	254	162	1816	528	1579	742	3378	1628	530	428	781	2629	124	598	1342	716	1643	698
gene-Atp6v0d1-dl1	chr21	17549514	17551035	+	1522	1672	5100	994	5164	1968	416	1662	6082	864	4034	1962	418	98	5478	886	3446	1928	3700	4704	910	1098	2038	4712	110	1030	3040	1700	5246	1020
gene-Atp6v1b2	chr5	22260264	22286936	-	26673	3292	13963	1707	4342	1004	450	2602	16693	1320	3598	604	362	242	14172	1536	3524	818	4118	11124	1070	914	568	3398	212	1724	3120	702	13545	988
gene-Atp6v1b2-l1	chr22	68869512	68872231	-	2720	1072	7504	866	2242	458	150	648	9514	662	1950	348	168	62	7758	714	1788	372	1456	7604	796	594	362	1854	98	858	1522	334	7143	396
gene-Atp6v1c1	chr11	11409685	11432148	-	22464	2162	7853	2330	5954	1831	370	2244	8644	2036	5683	1915	318	124	8288	2143	4748	1904	2993	7322	2037	1434	1858	3754	179	2483	4147	1751	7688	882
gene-Atp6v1c1-l1	chr22	11261291	11262800	-	1510	468	2204	730	1898	560	98	448	2628	654	1750	638	100	22	2510	592	1441	574	774	2158	494	422	616	1200	66	794	1216	500	2440	270
gene-Atp6v1g1	chr9	82753891	82754752	-	862	0	0	0	0	0	0	0	0	0	0	0	0	0	0	0	0	0	0	0	0	0	0	0	0	0	0	0	0	0
gene-Atp6v1g1-dl1	chr13	110909577	110910726	-	1150	570	574	1018	3336	892	104	483	1160	1127	4330	1584	114	62	1072	1568	3608	1516	804	856	1489	1126	1818	1209	118	1372	2814	1482	865	244
gene-Atp6v1g1-dl2	chr14	89676376	89685526	+	9151	1610	1551	2008	7725	2102	268	1509	872	820	3566	1243	116	64	972	977	3154	1220	916	782	1037	966	1436	1146	102	956	2547	1144	686	223
gene-Atrn	chr3	148211342	148406779	-	195438	8757	13375	3124	4801	6218	738	8630	17361	2596	4934	4519	558	802	13344	2244	3936	4830	9100	12243	2261	1136	7086	6581	708	3252	3401	4795	12909	1446
gene-Atrn-l1	chr28	28164477	28850713	-	686237	562	12136	1376	1098	587	66	878	10780	930	771	670	48	55	10845	1575	761	770	742	8522	1116	206	720	567	49	1404	643	713	12219	150
gene-Atxn7l3b	chrX	127288574	127288851	+	278	0	0	0	0	0	0	0	0	0	0	0	0	0	0	0	0	0	0	0	0	0	0	0	0	0	0	0	0	0
gene-Atxn7l3b-dl1	chr16	22644866	22647293	-	2428	797	3694	754	2208	1080	267	902	4904	758	2115	1107	266	84	3588	777	1603	960	1878	3143	699	466	1226	2058	84	995	1422	944	3851	575
gene-Atxn7l3b-dl2	chr17	99361828	99365078	+	3251	554	2447	612	1438	866	135	580	2992	508	1234	728	156	48	3190	772	1542	966	1764	2878	694	454	1164	1952	76	674	1056	578	2505	322
gene-Auts2	chr6	39288300	39610938	+	322639	7522	3626	2562	1990	406	422	16693	5236	2320	2881	626	484	1116	3802	1372	2624	776	8411	3196	1595	474	700	4520	814	2884	1719	518	3679	1146
gene-Auts2-l1	chr6	38401406	38988941	+	587536	21320	12693	9194	6562	1556	1598	44705	15306	6134	6794	1060	1274	2350	12969	4945	6518	1468	14536	10965	5127	1574	1730	16545	1803	7959	5708	1228	12640	4381
gene-Bccip	chr28	17338817	17352164	-	13348	2119	2151	3301	3336	2346	344	2064	2859	2746	3166	2177	357	176	2515	3311	2556	2574	3121	2266	3462	937	2630	3739	339	3507	2336	2262	2401	864
gene-Bccip-dl1	chr2	20756873	20757495	+	623	30	88	131	118	74	12	48	82	90	90	102	14	6	40	20	55	40	48	48	76	13	24	54	6	63	36	38	34	14
gene-Bcorl1	chrX	36618139	36682714	-	64576	1024	635	324	318	232	138	2064	650	398	358	158	86	210	532	268	299	146	2072	466	258	78	144	960	192	448	283	178	510	206
gene-Bcorl1-l1	chr16	21176987	21179812	+	2826	22	44	77	32	18	2	58	75	67	72	34	4	4	38	54	42	36	14	65	92	16	30	47	2	56	23	8	36	6
gene-Bdp1	chr10	110322236	110464131	+	141896	6618	3567	3217	2817	1869	668	6710	3966	2649	2820	1485	553	754	3590	2777	2480	1623	8283	3254	2568	779	1873	6626	648	3499	1843	1555	3194	1526
gene-Bdp1-l1	chr17	58875333	58876859	+	1527	80	10	16	22	12	8	90	22	20	14	12	6	13	16	10	22	10	116	8	16	4	22	70	6	19	6	16	22	20
gene-Birc5	chr28	32134478	32135434	-	957	164	94	66	92	44	6	124	78	66	74	32	16	4	110	64	48	50	106	74	66	32	46	94	10	46	60	44	100	32
gene-Birc5-dl1	chr3	130606769	130607886	-	1118	8	8	6	2	0	2	9	10	4	6	2	0	0	14	6	8	4	0	4	0	0	0	4	0	8	2	0	4	4
gene-Bloc1s1	chr16	43249034	43252930	-	3897	786	1522	2595	1870	566	162	718	1466	2600	1561	544	146	100	1762	2567	1491	597	860	1557	2475	434	642	1376	200	2524	1129	500	1247	302
gene-Bloc1s1-dl1	chr19	71599222	71601251	+	2030	60	32	44	36	2	8	18	20	38	15	6	0	2	24	66	18	14	22	20	44	12	4	20	8	34	24	10	36	8
gene-Bloc1s1-dl2	chr26	4903189	4903452	+	264	0	0	0	0	0	0	0	0	0	2	0	0	0	0	2	0	0	0	0	0	0	0	0	0	0	0	0	0	0
gene-Bloc1s2	chr28	7757925	7766537	-	8613	1349	1104	1328	1277	1329	251	917	1551	1222	1163	1497	225	74	1412	1666	1070	1451	2313	1250	1580	352	1513	2913	116	1509	785	948	1260	574
gene-Bloc1s2-l1	chr26	5712806	5725035	-	12230	0	0	0	0	0	0	0	0	0	0	0	0	0	0	0	0	0	0	2	0	0	0	0	0	6	0	0	0	0
gene-Bloc1s5	chr13	110053847	110092543	+	38697	1210	793	1753	2514	1110	118	1483	1119	1438	2773	1074	170	178	1035	1694	2217	1239	1900	730	1501	613	1406	1717	159	1638	2029	972	782	364
gene-Bloc1s5-dl1	chr8	53469299	53469943	+	645	8	18	50	94	40	10	12	6	32	74	26	2	0	12	44	66	18	54	18	52	26	48	60	2	48	42	24	24	8
gene-Bloc1s6	chr8	8767905	8776726	-	8822	566	583	886	817	350	164	682	838	625	704	284	113	73	768	671	729	312	1047	611	630	168	312	1147	66	597	486	196	507	239
gene-Bloc1s6-dl1	chr2	94811162	94811665	-	504	12	14	16	14	6	0	8	22	22	14	12	8	2	14	16	14	4	22	14	12	0	4	50	4	22	12	16	12	4
gene-Bloc1s6-dl2	chr2	94945298	94945801	+	504	10	20	16	20	22	0	8	16	8	12	4	2	0	16	6	14	0	16	12	14	2	2	42	0	8	6	6	18	6
gene-Bmp8b	chr19	31546658	31573182	-	26525	2571	40	8	60	145	4	418	58	14	66	132	8	20	64	10	50	166	110	57	4	14	108	112	30	10	58	84	62	35
gene-Bmp8b-l1	chr19	31293326	31320968	+	27643	172	56	79	44	34	6	184	89	53	40	21	12	10	72	44	58	37	265	95	48	12	24	106	18	87	27	40	92	30
gene-Bmper	chr6	11894422	12136881	-	242460	982	2450	308	56	34	386	7051	1939	394	34	32	267	217	2406	262	37	23	4862	1850	484	9	28	3245	92	670	46	11	1579	694
gene-Bmper-l1	chr6	131636845	131938640	-	301796	482	477	162	8	141	53	5042	664	310	12	104	26	280	496	202	5	62	3133	394	262	0	112	3692	276	464	17	146	414	718
gene-Bnip3	chr28	10256943	10275793	+	18851	346	937	3110	1852	882	112	607	1619	2583	2411	1124	103	120	1087	3149	1454	1062	748	972	2892	487	936	832	114	2685	1281	752	998	260
gene-Bnip3-dl1	chr5	10882973	10884668	+	1696	172	888	3045	1666	862	62	340	872	1754	1573	782	66	63	1028	3282	1347	942	404	797	2841	496	893	526	124	2918	1139	770	731	174
gene-Bod1	chr11	89450819	89459815	+	8997	1486	1311	1427	1388	654	188	1462	1756	1313	1336	444	180	156	1286	1183	1075	483	2038	1424	1184	266	504	1577	138	1507	1075	549	1326	359
gene-Bod1-dl1	chr8	91689017	91690372	-	1356	282	280	566	372	154	42	236	346	470	372	158	28	12	272	410	276	94	278	274	406	82	114	354	32	650	232	164	252	96
gene-Brcc3	chrX	907904	926313	-	18410	618	467	481	403	308	60	449	585	383	417	248	62	54	558	375	451	264	774	532	358	98	256	491	40	449	358	236	572	139
gene-Brcc3-l1	chr4	88034082	88036585	-	2504	165	233	315	275	148	27	134	327	255	247	109	29	12	257	180	237	208	251	231	189	49	151	288	17	290	188	114	244	64
gene-Brk1	chr6	65720236	65728076	+	7841	2157	3506	2448	4509	2540	530	2165	4528	2047	4086	2518	568	142	3973	2195	3268	2044	3018	3552	2391	982	2774	4418	228	2617	2900	1962	3624	1052
gene-Brk1-dl1	chr3	17111015	17111953	+	939	184	274	186	348	212	32	136	346	194	332	206	22	8	328	184	274	258	266	282	232	64	246	418	36	226	250	186	342	86
gene-Brwd1	chr14	47012190	47154704	-	142515	12150	11751	7853	8656	4861	1818	11375	16981	6948	7918	3948	1644	1351	13519	7127	6806	4590	18747	12646	6564	1916	4697	19127	1201	8149	5954	4106	12538	4501
gene-Brwd1-l1	chr21	2337733	2341763	+	4031	82	249	82	66	40	20	40	373	81	106	56	2	8	274	94	72	40	74	232	86	16	78	102	16	80	64	22	293	24
gene-Btf3l4	chr19	54825984	54855665	+	29682	1202	1020	974	817	657	141	1581	1546	740	903	557	119	136	1206	733	762	509	1797	1073	727	244	516	1272	133	958	647	481	1086	293
gene-Btf3l4-l1	chr24	50336577	50337245	+	669	164	310	312	278	204	26	172	454	250	258	210	26	30	302	200	190	158	278	288	220	58	148	338	20	294	154	108	266	72
gene-Btg1	chr1	41901867	41902870	+	1004	514	104	251	280	160	80	430	144	222	258	126	36	50	111	261	198	98	504	114	234	74	138	590	76	272	147	113	84	128
gene-Btg1-dl1	chr2	141665036	141667411	-	2376	4687	850	2192	2402	1567	497	3316	1346	1927	1968	932	434	466	1113	2255	1630	832	3851	1164	1956	506	1158	4254	501	2226	1622	1330	835	920
gene-Btn1a1	chr13	90918924	90926899	-	7976	10	49	3	28	5	1	27	42	10	57	8	2	0	33	5	23	6	8	39	6	14	14	20	0	10	26	4	37	1
gene-Btn1a1-l1	chr13	90937562	90957236	-	19675	592	3267	1342	1653	1433	291	1427	4291	1234	1417	1073	312	72	3817	1329	1177	1486	2966	3134	1108	342	1659	3085	190	1614	997	1142	3325	675
gene-Btnl8	chr9	89972220	89999406	-	27187	6	6	5	0	16	0	5	0	2	0	30	0	2	3	3	0	61	0	2	2	0	19	2	2	2	8	8	2	4
gene-Btnl8-l1	chr9	89886330	89919466	-	33137	50	189	254	146	117	5	69	148	207	178	97	4	4	133	295	173	117	28	124	240	38	155	52	3	214	101	98	134	7
gene-C4bpa	chr8	70768901	70805832	-	36932	59	38	405	132	34144	3333	117	57	184	142	25663	3414	10	54	175	92	30444	22446	40	145	36	30357	34645	20	446	95	37487	54	7652
gene-C4bpa-l1	chr8	70652809	70658592	-	5784	4	0	0	4	454	0	36	0	0	0	260	8	0	0	2	0	406	70	2	0	0	389	214	0	6	0	291	0	12
gene-C4bpa-l2	chr8	70686915	70692324	-	5410	2	0	6	2	869	2	24	0	6	0	782	0	2	2	4	0	920	20	2	0	0	884	14	6	14	0	767	2	2
gene-C5	chr14	96807793	96909697	-	101905	63	82	537	453	48673	2298	135	137	102	864	42487	1966	28	102	68	2128	46149	31291	112	157	511	43942	33604	44	242	799	56943	89	8398
gene-C5-l1	chr14	96939792	96991294	-	51503	12	68	374	136	59605	4	11	94	2	234	59427	2	8	86	4	171	63247	34	124	0	64	59881	28	25	26	102	66200	112	8
gene-C5-l2	chr14	97003673	97055010	-	51338	159	308	755	103	82316	52	315	441	42	115	72104	42	12	469	54	121	82755	463	396	63	26	84246	399	62	141	80	79025	373	112
gene-Calm	chr4	103155264	103156315	+	1052	756	2715	936	1058	327	224	494	3151	911	1393	384	280	34	2978	1148	844	323	1780	2647	1050	272	404	2382	64	932	717	352	2594	598
gene-Calm-l1	chr4	89830916	89831952	-	1037	62	264	112	80	34	28	49	364	80	134	48	20	4	298	80	76	34	227	245	118	30	76	318	4	82	58	28	169	48
gene-Calm-l2	chr5	62841781	62843030	-	1250	166	572	264	282	112	68	136	755	234	359	132	50	10	539	274	216	80	591	553	337	64	93	710	8	268	173	120	384	146
gene-Calr	chr3	127309797	127314138	-	4342	24350	18070	18220	54647	38619	5388	27100	21756	14547	39586	35967	4202	1114	21600	16323	40684	32686	42692	17607	15058	12988	34361	56964	1660	23976	38349	41775	19157	14016
gene-Calr-l1	chr19	54333620	54374649	-	41030	14	2	6190	12	0	6	6	4	5264	4	2	0	2	6	3358	0	3	10	4	12541	2	0	6	0	6378	0	6	3	2
gene-Camp	chr16	2210975	2213686	+	2712	12	66	12	22	8	28	35	80	18	14	10	48	4	86	28	18	2	248	80	44	0	12	300	11	12	6	22	52	103
gene-Camp-l1	chr16	1562151	1563457	+	1307	8	30	2	12	3	8	11	62	6	2	0	14	0	62	10	8	2	34	60	21	0	2	52	4	8	0	0	46	8
gene-Capza1	chr21	10895257	10923740	-	28484	3162	1229	1416	1872	1482	479	2753	1661	1210	1777	1677	429	205	1336	1490	1417	1682	3976	1172	1175	412	1655	4742	256	1366	1148	1475	1211	970
gene-Capza1-l1	chr19	68326478	68328650	-	2173	280	132	188	206	206	62	216	174	150	180	222	58	18	130	190	134	218	370	100	132	83	240	508	18	192	86	190	144	128
gene-Capza1-l2	chr7	15131854	15134158	+	2305	134	32	60	47	86	16	120	28	56	36	54	18	4	38	50	40	62	98	28	48	14	64	182	2	52	22	50	34	40
gene-Casp3	chr5	45660424	45678980	-	18557	1064	1109	722	850	572	122	915	1392	694	814	652	132	66	1092	604	596	722	1528	972	724	270	811	1480	82	802	546	496	1046	344
gene-Casp3-l1	chr17	6239072	6239982	-	911	72	94	62	80	46	6	74	108	82	64	52	20	2	98	46	66	76	110	90	86	22	90	122	4	70	50	54	86	26
gene-Casp6	chr1	96460008	96469736	+	9729	234	34	120	538	462	65	291	84	120	480	359	43	16	52	75	405	412	365	52	194	161	445	631	12	118	358	318	48	110
gene-Casp6-dl1	chr5	48242312	48243109	-	798	118	24	62	290	252	20	176	24	52	242	206	26	2	20	32	200	290	168	16	54	118	256	304	12	46	140	132	12	36
gene-Cbr1	chr14	43859454	43863160	+	3707	278	60	740	29446	286	16	256	58	295	18743	446	8	52	80	411	13664	635	146	56	329	5347	243	147	27	427	17770	218	60	83
gene-Cbr1-l1	chr14	44013084	44016225	+	3142	1817	3115	1158	2160	522	217	1076	2814	967	1656	640	171	58	3295	954	1544	645	1571	3444	1107	473	735	1936	69	1195	1125	644	2727	434
gene-Ccdc115	chr26	813553	819089	+	5537	2858	1691	1370	2990	1561	446	2270	2000	1205	2749	1472	494	150	1962	1282	2572	1454	3795	1839	1083	726	1415	4792	166	1314	1623	844	1981	990
gene-Ccdc115-l1	chr18	28581946	28582535	-	590	108	72	46	162	52	16	104	92	46	132	62	14	4	114	64	108	66	144	112	52	30	52	181	14	62	88	56	84	28
gene-Ccdc167	chr1	7822602	7846583	+	23982	2332	3236	1946	3145	1579	581	3299	5054	1664	2589	1196	605	260	4220	1532	2540	1339	4735	3781	1724	775	1316	6150	320	1940	2026	1085	3543	1290
gene-Ccdc167-l1	chr1	4977768	4983524	+	5757	14	16	12	20	0	0	60	26	6	23	0	0	0	26	0	18	0	33	8	24	0	2	16	2	10	14	2	22	2
gene-Ccdc25	chr5	15091745	15132087	+	40343	1128	1510	1372	1801	1008	122	1127	2116	1107	1510	995	114	98	1728	1281	1356	1346	1062	1645	1265	454	1166	1236	106	1184	1046	866	1542	240
gene-Ccdc25-dl1	chr1	32650025	32650651	-	627	782	954	1107	1219	860	90	512	1034	756	902	938	62	36	945	1022	816	1051	666	963	1043	252	1057	931	76	1009	643	814	812	170
gene-Ccdc28a	chr18	58003991	58040593	+	36603	397	507	312	750	146	90	323	650	372	699	157	78	30	529	286	531	118	796	494	355	171	226	877	50	398	516	130	534	212
gene-Ccdc28a-l1	chr13	91037051	91038242	+	1192	144	292	296	662	120	42	146	496	298	736	104	60	6	408	180	414	92	446	376	298	188	122	608	14	272	428	85	360	144
gene-Ccdc43	chr7	1240605	1253865	+	13261	749	1087	821	941	606	122	872	1459	790	926	377	126	86	1671	1132	991	746	1407	1602	981	296	793	1662	155	813	704	503	1186	337
gene-Ccdc43-l1	chr13	66138480	66140157	+	1678	448	832	618	592	338	76	404	890	482	552	348	70	42	667	528	426	324	466	666	482	96	374	638	86	576	334	340	696	222
gene-Ccdc59	chr2	131381842	131388264	-	6423	426	366	448	360	236	74	409	535	516	452	308	66	52	323	278	217	226	596	396	335	93	244	602	42	280	184	156	344	114
gene-Ccdc59-dl1	chr4	25391223	25394106	-	2884	514	416	544	680	474	54	362	468	470	608	400	62	34	864	1050	900	820	1024	488	752	204	536	958	62	1066	732	630	748	342
gene-Ccdc91	chr2	121471411	121777758	+	306348	6950	2853	2507	1858	1042	424	7589	3369	2115	2213	821	310	670	3486	1759	1741	1085	4783	2830	1850	486	1414	4119	703	2577	1362	913	2995	816
gene-Ccdc91-l1	chr19	46292675	46294077	-	1403	288	722	793	764	242	90	382	835	668	686	212	90	30	832	806	552	270	561	784	758	178	406	848	50	946	400	248	697	168
gene-Ccl2	chr7	23158955	23160607	+	1653	130	0	302	18	0	80	284	12	178	40	10	22	6	14	210	14	2	170	6	291	8	4	498	10	404	6	4	6	48
gene-Ccl2-l1	chr7	23130975	23132762	-	1788	168	56	934	82	40	134	468	22	1910	122	20	96	68	18	1118	54	46	618	40	1468	72	62	1690	46	1730	64	14	20	154
gene-Ccl3	chr7	20426533	20428097	+	1565	8	7	29	27	20	4	10	42	28	26	22	2	0	22	37	13	18	26	18	45	6	18	48	0	23	8	18	11	0
gene-Ccl3-l1	chr7	20573877	20575422	-	1546	5	2	0	0	0	29	54	6	0	1	0	20	0	1	2	1	0	448	0	2	0	3	614	0	0	2	0	4	77
gene-Ccl3-l2	chr7	20652302	20654124	+	1823	134	0	136	2	0	4	392	2	190	2	2	0	42	0	180	2	6	46	2	118	0	0	82	100	408	0	0	0	22
gene-Ccl3l1	chr7	20488118	20489595	+	1478	4	0	2	17	33	40	10	2	12	10	6	73	0	0	0	2	12	44	0	1	2	10	169	2	0	0	23	0	2
gene-Ccl3l1-l1	chr7	20637756	20639875	-	2120	4	0	0	0	22	33	12	2	2	2	16	14	0	0	0	0	4	76	0	0	0	11	195	2	6	0	18	0	44
gene-Ccl4	chr7	20544869	20547290	+	2422	0	0	4	2	6	14	10	4	0	0	2	22	0	0	6	0	10	86	0	8	0	16	112	0	0	0	0	0	4
gene-Ccl4-l1	chr7	20415757	20417678	-	1922	14	6	36	67	73	58	55	10	35	29	37	111	0	13	30	22	13	238	10	36	14	35	441	4	53	15	49	14	39
gene-Ccl4-l2	chr7	20477891	20479526	-	1636	14	0	24	45	117	106	29	2	48	51	41	165	0	1	12	14	35	275	6	8	0	73	553	2	23	11	123	0	55
gene-Ccnb1	chr10	109775543	109785227	+	9685	875	12	6	12	0	4	355	3	14	8	18	2	4	18	10	6	0	54	16	14	0	6	50	2	18	14	12	2	12
gene-Ccnb1-dl1	chr13	71351915	71353183	-	1269	54	2	0	2	0	0	16	2	0	0	0	0	0	0	4	0	0	2	0	0	0	4	4	0	0	0	0	0	0
gene-Ccnb1-dl2	chr14	44023265	44029271	+	6007	28	74	6	4	0	0	12	140	16	6	6	0	4	76	16	16	0	26	90	4	2	4	26	4	10	2	2	114	10
gene-Ccnb1-dl3	chr17	75080939	75082204	-	1266	14	0	4	0	0	0	6	0	6	0	0	0	0	0	2	0	0	2	0	2	2	0	0	0	2	0	0	0	0
gene-Ccnb1-dl4	chr2	19038708	19040484	+	1777	40	12	2	10	0	0	20	15	2	2	2	0	0	22	0	0	0	6	8	4	0	2	2	0	4	0	4	10	0
gene-Ccnb1-dl5	chr27	46779227	46779802	+	576	8	12	6	0	0	0	0	17	4	2	4	2	2	4	9	14	0	4	8	6	6	7	2	0	10	8	2	3	4
gene-Ccnb1-dl6	chr4	117501986	117503254	+	1269	28	2	8	0	0	0	6	4	2	0	0	0	0	2	0	0	0	2	0	0	0	0	2	0	0	2	0	0	0
gene-Ccnb1-dl7	chr8	107673619	107674887	-	1269	494	28	8	10	2	2	118	8	0	14	8	0	2	4	2	10	0	14	4	4	3	8	40	2	2	14	7	14	8
gene-Ccnq	chrX	2389967	2406147	+	16181	460	532	278	302	140	57	435	562	270	336	118	40	32	605	282	290	222	488	468	280	84	148	374	38	264	300	114	482	96
gene-Ccnq-dl1	chr15	58252567	58253873	-	1307	138	158	150	160	80	14	116	160	90	138	68	16	2	170	106	164	78	120	134	106	36	102	164	14	92	104	70	144	36
gene-Ccr1	chr16	3153032	3156901	+	3870	28	20	12	5	13	14	96	5	15	0	9	19	16	7	25	4	14	166	12	18	3	2	383	18	27	11	2	6	82
gene-Ccr1-l1	chr16	3219128	3224612	+	5485	388	137	142	44	92	280	941	150	163	32	93	226	99	114	184	38	106	2187	95	199	24	102	3315	67	202	38	108	101	608
gene-Cct2	chr16	27737095	27751565	-	14471	2935	2396	2505	3540	2849	465	2097	3158	2073	2934	2556	370	146	2701	2274	2574	3056	3414	2253	2231	846	2962	3395	189	2322	2102	2368	2396	859
gene-Cct2-l1	chr7	100568626	100570511	-	1886	276	269	278	386	340	27	196	328	280	329	288	26	6	309	210	256	338	242	230	220	102	254	296	26	225	231	290	236	96
gene-Cct3	chr22	56156234	56180250	+	24017	831	736	777	703	669	118	780	824	561	600	420	54	78	804	697	637	546	930	842	571	154	493	824	71	830	534	407	699	186
gene-Cct3-dl1	chr5	7266507	7268431	+	1925	105	55	131	110	104	7	60	77	85	75	97	6	3	44	154	65	122	90	66	88	25	139	118	8	99	75	83	67	16
gene-Cct3-dl2	chr7	75738244	75740176	+	1933	1729	1245	2124	2195	2067	192	1232	1555	1412	1666	1510	186	62	1456	1702	1746	1652	1542	1292	1630	604	1762	1860	106	1796	1410	1470	1274	530
gene-Cct3-l1	chr2	42443324	42445134	+	1811	182	134	198	176	174	16	108	130	188	166	106	16	12	124	224	122	132	174	114	150	30	172	180	8	194	158	200	146	44
gene-Cct4	chr22	39392292	39414603	+	22312	1579	789	876	1238	626	206	1245	1118	552	898	438	134	84	973	812	886	570	1558	858	686	258	563	1244	116	764	730	410	846	244
gene-Cct4-dl1	chr18	83873284	83875084	+	1801	1108	896	1055	1628	708	158	706	1139	687	1208	558	106	50	1207	774	1088	582	732	1056	738	380	670	1009	99	970	1099	552	940	208
gene-Cct4-dl2	chrY	40377977	40379801	+	1825	828	742	802	1156	693	98	508	919	672	892	498	110	30	799	692	782	540	634	724	675	214	648	922	64	850	748	448	758	162
gene-Cct5	chr6	50827989	50840939	-	12951	5514	3986	5420	9132	6980	726	4448	5407	4320	7296	6680	688	246	4638	4964	7050	6224	6042	4207	4891	2252	6500	7904	372	5370	6108	4954	4232	1820
gene-Cct5-l1	chr24	17630464	17632285	-	1822	596	500	568	1002	740	82	408	560	494	828	686	62	10	484	480	675	604	616	375	566	244	758	768	50	560	668	516	464	196
gene-Cct6a	chr6	41894118	41903806	-	9689	2295	1486	1611	2158	1907	209	1456	1939	1106	1767	1535	116	112	1689	1428	1791	1738	2204	1678	1378	602	2019	2658	153	1694	1511	1437	1803	702
gene-Cct6a-l1	chr27	6149899	6151565	+	1667	1256	806	908	1319	1093	104	707	1172	560	1041	866	91	42	998	731	1093	911	987	879	704	344	1150	1329	68	977	839	754	1014	288
gene-Cct7	chr22	27804214	27826907	-	22694	5433	3845	4727	6730	2477	599	3529	5428	3824	6105	2299	538	300	4846	4468	4929	2583	4813	4278	4451	1601	2825	5790	330	5004	4255	2314	4324	1348
gene-Cct7-dl1	chr13	49716936	49718161	-	1226	138	113	202	174	90	10	80	166	158	190	78	16	4	110	164	132	96	178	108	194	42	96	199	16	206	94	102	120	48
gene-Cct7-dl2	chr18	65319235	65320341	+	1107	14	14	14	39	8	6	10	20	8	16	16	0	0	24	20	18	26	20	16	18	6	14	16	0	18	41	2	22	2
gene-Cct7-dl3	chr3	15271858	15273642	-	1785	17	22	14	28	10	2	0	14	14	18	6	4	5	26	0	24	4	22	22	10	4	14	6	2	6	6	6	14	6
gene-Cct7-dl4	chr3	144006211	144007836	-	1626	38	44	48	38	44	2	37	40	22	64	18	2	2	34	66	52	18	34	38	34	22	24	44	2	26	22	18	52	16
gene-Cct7-dl5	chr9	88499444	88501220	+	1777	60	22	40	46	26	5	34	68	28	58	20	2	2	46	20	40	28	56	28	54	12	34	72	0	51	48	26	36	20
gene-Cct7-l1	chr1	122150133	122151501	+	1369	36	22	52	32	26	10	16	18	38	46	42	0	0	42	48	38	22	44	18	44	6	20	64	0	50	26	20	36	10
gene-Cct7-l2	chr8	95017378	95040244	-	22867	351	180	179	342	132	30	214	242	166	316	80	26	20	269	224	262	125	426	186	197	75	109	276	20	238	206	81	156	64
gene-Cd164	chr2	45940137	45940742	-	606	52	16	30	100	88	4	34	38	46	96	46	6	6	30	28	54	66	28	34	33	22	56	62	10	24	56	74	16	12
gene-Cd164-dl1	chr15	40181472	40197633	-	16162	5991	2827	3284	7150	4580	606	3328	2834	2862	6332	4298	526	232	3978	2989	5128	4402	5786	2751	2162	1234	3626	5043	284	2490	3448	3050	1816	1170
gene-Cd1a	chr2	6283145	6285975	-	2831	169	18	93	6	0	22	358	26	84	4	0	5	54	8	58	16	0	84	20	94	2	0	120	39	60	0	0	36	45
gene-Cd1a-l1	chr2	6465265	6468130	-	2866	195	0	47	1	6	18	193	0	18	0	39	0	37	0	23	2	34	31	3	29	2	12	68	31	12	0	10	0	13
gene-Cd209a	chr3	108838470	108841638	+	3169	488	0	217	16	341	10	1733	0	516	4	326	10	188	0	592	48	342	60	0	395	22	348	12	455	1387	8	489	2	12
gene-Cd209a-l1	chr3	108798055	108802499	-	4445	700	2	120	14	340	38	1500	4	248	6	296	16	124	0	112	10	144	84	0	118	4	174	122	164	266	4	236	0	32
gene-Cd300ld	chr18	17802169	17830383	-	28215	70	1976	91	103	88	10	64	1889	110	86	78	14	15	1822	79	81	74	267	1470	96	14	75	162	16	114	54	82	1829	49
gene-Cd300ld-l1	chr1	10032708	10037443	-	4736	6	0	10	14	20	57	18	0	2	8	21	48	2	2	0	6	23	280	10	2	0	12	378	0	6	0	12	0	100
gene-Cd33	chr2	36002856	36007149	+	4294	0	1	0	2	0	6	4	0	0	0	0	6	0	2	0	0	0	64	0	0	0	0	37	0	0	2	0	0	26
gene-Cd33-l1	chr2	36053387	36059538	+	6152	48	2	2	0	36	67	59	0	4	1	29	71	4	0	8	2	63	1002	4	6	0	52	1336	16	8	0	69	2	336
gene-Cd5l	chr2	12021318	12034418	+	13101	2	4	40	14	2618	22	2	2	44	0	1992	26	0	2	6	10	1859	306	2	6	2	2457	396	0	84	4	2192	0	110
gene-Cd5l-dl1	chr2	74508629	74520499	+	11871	0	0	0	2	20	0	2	0	2	0	18	0	0	0	0	0	17	15	0	0	0	22	20	0	4	0	30	2	2
gene-Cd70	chr3	119381207	119385176	-	3970	93	0	2	31	0	10	430	2	6	18	0	4	33	2	8	3	0	66	0	6	4	0	68	48	11	2	2	0	31
gene-Cd70-l1	chr3	119168031	119176890	+	8860	42	22	6	0	0	0	122	33	28	0	0	4	6	18	6	0	0	12	22	4	0	1	30	10	8	0	0	10	6
gene-Cdc26	chr14	88400620	88412414	-	11795	492	633	392	592	324	96	544	762	358	466	207	101	51	712	320	394	279	777	690	423	158	263	759	55	448	399	207	654	134
gene-Cdc26-dl1	chr1	157743375	157744066	+	692	152	235	202	252	104	26	112	232	238	252	146	46	8	254	212	206	140	232	212	222	46	136	266	22	240	184	106	138	70
gene-Cdhr3	chr17	90731375	90791224	-	59850	16	46	28	2	0	244	20	40	53	8	0	120	2	78	10	7	0	3098	68	18	6	0	1310	0	12	2	2	34	420
gene-Cdhr3-l1	chr19	95382167	95460608	-	78442	346	40	0	0	0	32	72	171	8	0	0	34	0	74	4	0	6	268	65	0	0	0	122	0	0	0	2	35	22
gene-Cdk1	chr1	49615041	49629529	-	14489	707	14	24	18	0	4	310	6	9	30	2	2	16	22	10	10	2	35	12	18	0	10	78	10	26	8	3	6	10
gene-Cdk1-dl1	chr1	1833429	1834509	-	1081	279	4	0	4	0	4	110	0	6	12	0	2	2	0	4	8	2	28	0	10	2	2	14	0	2	6	0	2	0
gene-Cdk1-dl2	chr19	18031302	18032195	-	894	12	0	4	2	1	0	8	4	0	4	0	0	0	2	0	0	0	0	0	0	0	2	6	0	0	2	0	0	0
gene-Cdk2ap1	chr20	6016947	6027879	+	10933	2128	3000	1982	2333	1307	255	2560	2222	1729	2202	1075	237	162	3258	1827	1616	1057	1922	2712	1801	557	1430	2409	211	2413	1327	1040	2311	490
gene-Cdk2ap1-dl1	chr1	61500039	61500302	-	264	106	160	124	108	77	20	133	132	78	138	60	10	10	179	106	93	30	96	144	94	24	65	139	6	150	60	38	125	32
gene-Cdkn2aipnl	chr11	113287594	113295190	+	7597	1287	1587	1326	2379	964	212	998	1986	1184	2437	960	202	110	1675	1238	2116	1014	1338	1521	1215	642	1186	1765	156	1464	1548	784	1616	438
gene-Cdkn2aipnl-dl1	chr10	11669800	11670102	-	303	2	6	4	6	2	0	2	4	4	0	0	0	0	2	0	7	4	6	4	4	4	2	0	4	0	6	2	4	0
gene-Cdkn2aipnl-dl2	chr28	9178431	9179140	+	710	98	78	128	240	98	12	108	144	120	192	142	14	18	144	138	224	136	152	116	164	60	136	220	22	202	138	96	120	40
gene-Cdkn2aipnl-l1	chr19	20501542	20502241	+	700	164	164	169	337	152	21	145	240	143	331	112	18	12	505	470	695	543	384	288	346	165	404	426	40	197	191	125	179	36
gene-Cdkn2b	chr14	70494588	70499112	+	4525	1887	64	70	46	162	510	606	82	70	38	157	545	62	85	67	36	140	5358	58	92	24	284	6366	44	102	32	351	71	1540
gene-Cdkn2b-l1	chr14	70528469	70536060	+	7592	8	25	16	0	2	18	111	32	16	0	1	22	0	14	10	2	1	79	18	16	0	4	106	2	21	2	2	26	26
gene-Ceacam1	chr2	26927810	26948249	+	20440	352	201	1125	2699	8129	234	3197	342	912	2025	7074	251	95	271	735	2152	6474	2320	257	734	724	6436	2181	113	1414	1844	5812	172	625
gene-Ceacam1-l1	chr2	26846727	26858888	+	12162	5	10	28	23	32	64	65	10	51	33	40	140	6	18	92	12	34	1387	15	32	9	35	604	5	13	12	43	9	220
gene-Cebpz	chr12	78958646	78979471	+	20826	902	515	449	631	416	121	795	712	312	539	335	82	70	499	254	445	377	989	610	356	133	354	863	60	402	463	304	455	135
gene-Cebpz-dl1	chr8	65753499	65756860	-	3362	278	140	109	196	68	24	184	158	152	176	122	28	8	206	114	213	198	386	142	128	59	130	314	20	139	172	116	194	90
gene-Cebpz-dl2	chrX	106104070	106108836	+	4767	648	369	367	668	333	74	478	641	312	642	360	70	38	502	446	650	460	684	500	320	187	388	784	28	344	384	282	440	198
gene-Cebpzos	chr12	78974349	79045239	-	70891	573	513	867	786	1119	169	1226	643	707	637	905	188	117	447	753	656	1179	1268	496	855	185	1232	1635	70	771	457	923	497	305
gene-Cebpzos-l1	chr19	27123506	27123761	+	256	6	2	18	12	6	0	1	10	14	12	12	2	0	4	34	4	2	2	0	16	2	19	4	0	18	6	10	6	0
gene-Cel	chr14	111183755	111201628	+	17874	6	0	8	1	6	2	6	17	4	2	1	6	0	2	0	4	4	62	4	0	2	1	44	4	6	11	3	12	10
gene-Cel-l1	chr14	111210989	111213978	+	2990	0	4	0	4	0	2	0	2	0	0	20	2	0	0	0	0	0	8	2	0	0	28	8	0	3	3	33	5	0
gene-Celf3	chr22	53009964	53024196	-	14233	72	4048	50	34	12	5	179	6158	32	42	15	14	36	4258	36	28	22	138	4226	28	7	18	128	10	42	20	10	4038	16
gene-Celf3-l1	chr17	15023763	15027426	-	3664	0	2034	0	0	0	0	0	2534	2	6	0	0	0	2037	0	4	0	0	1913	0	0	0	0	0	10	2	2	1808	0
gene-Cenpi	chrX	76740427	76809385	-	68959	715	125	60	28	74	12	566	75	42	32	74	6	12	124	34	50	44	141	113	30	5	62	126	9	46	34	40	112	21
gene-Cenpi-l1	chr8	93684148	93692536	-	8389	1475	874	787	2132	727	180	805	1223	755	2177	891	156	74	888	620	1241	575	1561	880	589	545	604	1511	58	791	1569	495	1101	376
gene-Ces1	chr1	143271656	143322675	-	51020	234	21	1009	9065	23118	563	571	40	805	7854	16921	485	84	123	560	8181	14708	4529	28	663	2751	15553	5530	139	1260	7387	10858	20	1349
gene-Ces1-l1	chr1	143382129	143407441	-	25313	186	7	286	353	28690	250	215	11	14	630	26093	216	25	15	2	457	17146	2156	13	4	224	34399	2330	75	59	785	15518	5	621
gene-Ces1-rl1	chr1	142883274	143163995	-	280722	477	393	1591	20048	78426	189	1048	573	498	16266	65735	178	180	460	336	17861	57846	1752	385	388	5403	61271	1658	157	959	19919	67669	413	519
gene-Ces1d	chr1	142800660	142828901	-	28242	488	549	470	86	41702	3685	1672	853	417	35	26206	3450	306	706	84	351	38212	30389	646	105	134	41696	44256	414	689	75	29930	619	11131
gene-Ces1d-l1	chr1	143498930	143525816	-	26887	10	33	2023	1	241027	12	8	48	2	12	395154	4	4	148	20	24	107482	26	150	42	44	186981	17	62	71	9	117881	59	2
gene-Cfl1	chr4	82615955	82619393	+	3439	7294	11972	3826	6335	2883	1271	6709	16417	3328	5905	3146	1276	320	13415	4020	4866	3145	9199	11910	3442	1679	3170	13556	420	4176	4205	2435	12630	2992
gene-Cfl1-dl1	chr20	58599035	58599937	+	903	1054	1717	552	873	416	194	926	2309	566	810	418	164	44	2206	576	656	412	1512	1744	513	190	441	2228	64	584	548	428	1841	454
gene-Cfl1-dl2	chr9	107820446	107821452	-	1007	2376	3808	1240	2132	966	402	2062	5197	990	2084	1010	396	106	4522	1208	1612	984	3136	4120	1152	458	964	4300	140	1418	1401	764	4110	896
gene-Chchd1	chr1	21252871	21254695	-	1825	2061	1639	3364	3908	1770	310	1160	2046	2884	3510	2008	236	74	1882	3148	2624	2184	2206	1549	3306	888	2092	2916	142	2760	2418	1898	1651	600
gene-Chchd1-dl1	chr3	62472844	62474613	-	1770	24	38	74	80	24	0	46	40	68	60	30	6	7	36	126	68	54	56	34	58	22	46	70	10	54	54	42	28	20
gene-Chchd1-l1	chr11	71964449	71964852	-	404	0	0	6	0	0	0	0	2	0	0	0	0	0	2	0	0	2	0	0	2	2	2	0	0	2	0	2	0	0
gene-Chchd2	chr6	41860475	41865136	+	4662	2750	4872	8753	6814	5727	404	2694	5314	6704	5602	7191	342	250	5351	8498	4431	5816	2672	4238	10804	1470	7741	4678	464	9862	3946	5078	4178	1064
gene-Chchd2-dl1	chrY	58976481	58977218	+	738	414	720	1546	1040	924	64	404	792	1208	914	1234	48	22	724	1332	590	1068	324	614	1770	202	1210	520	50	1512	600	896	778	120
gene-Chchd2-l1	chr28	25395104	25395823	-	720	608	1328	2772	1870	1644	104	774	1394	1628	1416	1888	84	72	1235	2218	1066	1326	542	1240	3350	456	2388	1226	118	2850	1144	1572	1166	250
gene-Chchd4	chr9	82193727	82203482	-	9756	198	235	254	374	114	16	142	386	190	322	84	25	22	281	298	298	166	196	300	172	82	113	114	8	234	208	104	266	36
gene-Chchd4-dl1	chr14	23213391	23214634	+	1244	0	30	18	28	6	2	2	58	22	42	24	0	0	26	32	26	4	6	12	6	2	4	4	0	30	24	4	22	4
gene-Chchd4-dl2	chr17	85941058	85942410	-	1353	182	582	410	702	242	16	170	816	330	812	256	24	10	676	554	554	358	166	622	302	144	233	292	18	456	442	218	646	58
gene-Chchd4-dl3	chr4	100233830	100234252	+	423	12	38	54	64	24	4	10	30	40	46	14	4	4	28	58	32	34	16	26	20	8	16	20	0	36	48	14	42	16
gene-Chchd4-dl4	chr6	89752061	89753353	+	1293	2	2	0	0	0	6	2	4	2	0	2	0	2	10	6	4	6	4	2	0	2	0	0	0	2	2	0	4	0
gene-Chchd6	chr9	81792615	82055285	-	262671	1982	2219	822	968	804	86	2149	2484	678	924	590	66	147	2556	683	656	609	1017	2274	538	207	656	659	100	764	580	478	2223	181
gene-Chchd6-dl1	chr4	41506640	41507356	+	717	107	262	68	126	86	2	58	230	68	96	96	4	4	340	68	64	78	54	224	64	20	78	44	2	56	66	52	232	8
gene-Chmp4b	chr20	61154603	61204606	+	50004	2550	1616	1304	1270	674	206	2279	2096	1254	1621	512	184	318	1930	1066	1302	562	2706	1690	1146	384	496	2224	328	1350	994	516	1528	464
gene-Chmp4b-dl1	chrX	174772362	174773416	-	1055	350	400	474	406	172	64	312	540	374	400	198	66	32	516	324	346	136	496	446	438	100	194	718	44	468	234	116	388	172
gene-Chmp5	chr14	57857367	57873807	-	16441	887	2532	951	1151	481	162	939	2601	774	1112	579	177	112	2667	839	867	622	1827	2189	649	306	652	1862	102	804	887	470	2360	423
gene-Chmp5-dl1	chr5	111538557	111541157	-	2601	368	446	562	704	296	126	334	570	344	666	334	90	28	552	534	641	450	881	535	470	184	422	1144	30	540	432	286	542	258
gene-Chmp5-dl2	chr6	92041457	92042116	-	660	12	22	46	38	16	16	18	44	26	36	22	2	2	38	18	30	26	64	34	22	10	36	92	0	28	26	20	42	22
gene-Chmp5-l1	chr1	56227057	56228378	+	1322	752	1050	1228	1727	788	220	557	1302	1100	1652	890	192	52	1279	1184	1372	1052	1834	1088	1240	432	1186	2767	66	1242	1068	764	1050	766
gene-Chordc1	chr24	21543644	21563408	+	19765	2958	3480	4226	2848	2012	564	2490	3974	2971	2400	1696	346	164	3292	3056	1768	1490	3799	3080	2922	558	1870	3888	200	3149	1617	1746	2903	780
gene-Chordc1-dl1	chr17	99125105	99125761	-	657	155	242	252	175	148	29	119	259	200	158	132	20	6	248	207	106	115	149	228	185	64	134	230	18	255	160	144	211	46
gene-Chordc1-l1	chr9	89591286	89593076	-	1791	664	1084	1474	878	680	156	469	1314	966	792	660	82	34	1134	1194	544	596	690	993	1178	178	700	1194	74	1308	604	688	1002	268
gene-Chrac1	chr26	33273653	33279275	+	5623	1000	835	1592	1549	714	234	1154	1218	1414	1443	652	176	96	1143	1636	1285	701	1741	902	1500	391	818	1922	162	1552	990	566	683	431
gene-Chrac1-dl1	chr14	33680320	33680709	+	390	14	32	38	38	12	4	36	20	46	24	14	2	2	32	48	26	26	36	14	56	6	8	54	2	50	10	6	20	14
gene-Chtop	chr22	58677223	58686450	-	9228	4128	3572	3808	3634	1798	718	3499	4426	3520	3417	1317	578	352	4209	3706	3092	1576	5443	3859	3673	906	1611	5696	394	3877	2773	1311	3502	1268
gene-Chtop-l1	chr3	100685694	100687212	+	1519	647	631	694	675	304	90	396	780	492	571	256	98	28	737	586	484	247	723	676	670	171	308	905	52	636	392	248	608	218
gene-Churc1	chr27	16147679	16172411	+	24733	1041	1317	5646	2570	874	136	1264	1860	5035	2399	928	146	114	1327	5210	1844	934	1084	1165	5367	556	926	1373	207	4593	1602	733	1107	354
gene-Churc1-dl1	chr19	32313810	32314148	+	339	18	28	304	82	60	4	54	58	190	120	40	6	4	46	258	78	54	26	26	264	14	22	24	4	268	58	40	38	10
gene-Cir1	chr9	31732404	31772909	-	40506	891	778	884	690	622	127	1088	1006	642	700	517	116	140	810	502	627	439	1386	815	573	177	398	1257	132	701	493	480	673	321
gene-Cir1-dl1	chr18	45570944	45572745	+	1802	110	140	160	177	130	40	82	200	196	156	142	28	8	184	162	156	143	246	148	204	52	168	308	16	188	110	122	166	74
gene-Cirbp	chr3	123230198	123237063	-	6866	4023	6704	9341	9014	3559	1214	4302	10700	8499	8502	3353	1210	536	8025	8202	7183	2768	7792	8926	9176	2215	3382	10297	588	8122	5386	2151	6574	2188
gene-Cirbp-l1	chr18	17760200	17761352	-	1153	0	0	0	0	0	0	0	0	0	2	0	0	0	0	0	0	0	2	0	0	0	0	2	0	2	0	0	0	0
gene-Cisd1	chr1	25867944	25888287	-	20344	2586	6078	12759	10812	4160	374	2922	7800	10763	11170	4581	324	299	6654	13611	8773	4904	3403	5827	12903	2821	4505	3838	521	12442	7933	3852	6359	849
gene-Cisd1-dl1	chr23	36359473	36360107	+	635	0	0	0	0	0	0	0	0	0	0	0	0	0	0	0	0	0	0	0	0	0	0	0	0	0	0	0	0	0
gene-Cisd2	chr1	103158171	103178531	-	20361	920	1084	1046	2189	1390	160	987	1372	849	1832	1303	109	78	1252	926	1646	1354	1429	974	805	470	1340	1445	86	960	1246	1129	1092	369
gene-Cisd2-dl1	chr22	13690179	13692204	-	2026	98	143	158	354	248	16	66	162	142	370	282	14	0	206	182	268	302	185	124	146	74	228	211	16	162	200	202	107	50
gene-Ckb	chr27	51829937	51832603	-	2667	128	17321	2561	255	28	52	764	19038	2652	267	54	30	36	19952	3885	225	25	508	16254	2699	52	44	424	40	2917	152	32	13922	108
gene-Ckb-l1	chr2	149901311	149902745	+	1435	104	15734	2736	258	18	50	554	17702	2796	238	24	44	20	17908	3886	176	16	450	15230	2916	38	26	430	32	3114	110	24	12720	106
gene-Cks1b	chr22	57286936	57291621	-	4686	860	124	352	696	1531	86	680	220	328	774	1564	70	40	166	350	630	1624	507	158	408	178	1940	804	58	443	464	1160	116	172
gene-Cks1b-dl1	chr10	11282493	11282732	+	240	71	2	46	49	153	6	58	24	24	70	211	8	0	12	50	44	164	48	4	38	20	182	92	8	46	40	84	10	10
gene-Clca4	chr21	48743875	48771146	+	27272	276	14	0	4	4	0	59	24	2	0	4	0	0	52	12	0	6	108	51	2	0	7	46	2	264	2	0	51	36
gene-Clca4-l1	chr21	48799173	48829472	+	30300	31	0	0	0	0	0	6	2	2	0	0	0	0	0	0	0	4	3	0	0	0	3	2	0	31	0	0	4	7
gene-Clec4a	chr4	14768346	14802879	+	34534	39	18	10	8	37	274	85	24	14	4	36	219	5	17	8	6	24	2182	17	12	4	45	5049	26	24	6	52	4	968
gene-Clec4a-l1	chr4	12934426	12950370	-	15945	64	12	124	42	46	148	160	14	75	40	34	122	6	32	106	26	36	2044	42	141	20	60	2267	14	108	52	58	6	618
gene-Clec4a-rl1	chr4	12965699	12973232	-	7534	108	24	233	37	99	176	375	29	197	40	60	183	46	13	203	34	67	1637	10	241	28	82	2359	45	282	54	107	14	595
gene-Clec4g	chr3	108677166	108680312	-	3147	16	0	30	2	5378	0	30	2	11	0	3780	0	0	0	10	4	3608	4	0	10	2	4948	2	4	18	0	4032	0	4
gene-Clec4g-dl1	chr3	124174502	124183538	-	9037	6	0	2	3	0	6	11	2	0	6	0	15	0	2	7	1	4	197	4	12	0	4	126	2	2	4	6	2	23
gene-Clic1	chr1	1907910	1915860	-	7951	4213	234	2290	3704	492	828	3480	298	2204	3348	400	845	270	395	2748	2759	646	6249	308	2416	954	582	8717	236	3178	2216	345	210	1829
gene-Clic1-l1	chr1	46739975	46746045	-	6071	876	93	490	778	134	177	720	105	477	681	102	188	40	102	542	609	122	1468	45	636	207	122	2148	52	644	485	112	41	383
gene-Clint1	chr11	105833222	105893370	+	60149	4402	2380	2344	6830	2472	562	4580	2799	2348	6786	2068	552	474	2814	2241	5944	2301	5788	2404	2026	1744	2193	6086	460	2818	5315	2130	2564	1514
gene-Clint1-l1	chr20	83505869	83507964	-	2096	4	2	8	5	4	4	20	4	2	8	6	0	0	6	8	6	4	8	4	2	2	0	12	0	0	24	2	4	0
gene-Clns1a	chr24	12616257	12627933	+	11677	668	551	244	276	213	52	630	726	321	285	188	45	64	596	299	283	165	551	514	321	55	192	567	54	428	261	175	556	78
gene-Clns1a-dl1	chr5	124439944	124441435	+	1492	269	346	262	240	106	20	134	404	186	198	126	22	10	430	228	176	154	244	308	236	60	182	308	34	302	142	104	288	66
gene-Clns1a-dl2	chr9	27178171	27178512	+	342	44	28	24	28	10	4	18	50	9	26	18	4	6	44	42	15	4	30	30	26	4	8	52	4	20	22	12	58	2
gene-Cmc1	chr19	68887691	68963125	-	75435	854	445	468	429	376	80	1090	507	440	529	282	87	138	541	329	409	307	1028	423	326	107	338	1019	110	565	323	317	414	187
gene-Cmc1-l1	chr10	9113680	9113873	+	194	69	71	315	248	202	12	75	69	238	276	184	18	4	77	265	172	199	79	57	221	49	191	166	12	205	118	164	50	34
gene-Cmc4	chrX	926710	936307	+	9598	1072	528	2078	2452	1852	270	1173	790	1569	1961	1290	248	120	716	1709	1954	1324	2554	778	1652	484	1266	2696	112	1962	1844	1416	625	614
gene-Cmc4-l1	chr2	59707953	59708194	-	242	26	52	122	53	62	2	44	33	86	60	71	4	2	34	114	74	60	74	38	88	18	46	86	4	193	48	42	28	18
gene-Cmpk1	chr19	50246578	50283249	+	36672	1648	6299	1588	3378	2420	302	2234	6890	1545	3240	2448	318	170	6886	1687	2660	2535	3367	4005	952	574	1642	2421	148	1602	1649	1620	5230	708
gene-Cmpk1-dl1	chr12	74388920	74389285	-	366	40	148	60	125	104	6	48	132	50	92	104	10	0	104	24	54	80	52	126	40	18	134	118	8	52	54	38	90	10
gene-Cmpk1-dl2	chr8	100945579	100946262	-	684	770	2884	1022	2093	1856	220	1050	3014	1021	2132	1806	182	64	3432	1342	1899	2172	1934	3099	1165	639	2755	2488	94	1406	1575	2084	3489	622
gene-Cmtm8	chr19	64371635	64494559	-	122925	3666	498	1517	1996	1659	484	3235	582	1172	2194	1219	386	190	538	1375	1688	1487	5438	472	1324	435	1333	5107	146	1336	1581	1408	465	1255
gene-Cmtm8-dl1	chr15	16876721	16877242	-	522	80	2	38	40	142	24	66	4	50	32	126	46	2	6	32	42	116	383	5	26	16	102	472	4	40	22	122	0	93
gene-Cnn3	chr21	59309161	59314336	-	5176	3269	1260	1721	4935	2672	517	2671	1391	1463	4301	2348	525	112	1862	1497	3787	2786	4115	1368	1280	1105	2947	4537	118	1811	3239	2168	1129	1123
gene-Cnn3-dl1	chr14	111789712	111790728	-	1017	242	90	194	458	278	58	298	132	100	368	252	38	14	148	138	322	302	356	164	186	104	354	448	12	200	296	220	94	108
gene-Cnn3-dl2	chr8	14946017	14947867	-	1851	3616	1383	2291	6281	3415	638	3043	1796	1563	5222	3447	586	129	2169	2168	4856	3747	4329	1958	1782	1354	3889	5385	177	2214	4234	3059	1426	1243
gene-Coa3	chr14	35993230	35993938	+	709	2	26	38	42	12	2	8	22	24	32	12	4	2	18	38	38	16	8	20	42	0	30	20	8	24	28	10	6	4
gene-Coa3-l1	chr7	2248693	2250361	+	1669	1992	2664	6389	7404	3228	260	2172	3094	5209	6032	2886	252	166	2887	5871	5920	3490	2062	2518	6612	1778	3922	2956	320	5500	4584	2591	2666	612
gene-Coa6	chr13	86440396	86444779	-	4384	632	1347	1525	1500	932	160	605	1761	1224	1379	1052	172	46	1453	1378	1226	1283	1110	1383	1449	369	1034	1261	98	1021	720	511	1133	258
gene-Coa6-dl1	chr4	77702212	77702777	-	566	158	158	294	366	260	38	130	246	310	310	258	12	10	226	406	340	276	222	182	400	100	292	308	22	382	300	234	266	62
gene-Cobll1	chr9	21949199	22172530	-	223332	8347	594	2082	9282	3010	522	5968	1003	2068	9387	2060	575	802	1180	1654	7005	2034	7221	862	1722	2084	2627	4462	510	3065	6642	2494	641	1322
gene-Cobll1-l1	chr14	59458032	59461479	-	3448	224	30	116	742	196	22	184	74	106	774	166	20	20	74	160	484	146	566	56	130	200	156	284	28	194	526	160	42	78
gene-Coil	chr7	13976543	13994085	-	17543	856	850	552	443	268	116	732	1204	510	334	252	100	48	972	527	296	248	874	868	588	124	288	1086	74	810	477	326	857	220
gene-Coil-dl1	chr2	91891150	91893691	-	2542	118	182	86	56	50	22	96	274	80	60	40	18	12	238	56	98	64	134	162	64	24	28	158	12	78	52	44	172	18
gene-Copb2	chr6	76246696	76274504	-	27809	1816	2222	1762	1754	1249	301	2305	2916	1393	1551	1180	237	170	2418	1556	1547	1076	3461	2463	1519	386	1301	3072	190	1879	1239	1224	2689	729
gene-Copb2-dl1	chr1	76245120	76248189	+	3070	3590	4578	3273	5386	3900	764	4001	5737	2564	4532	3934	618	222	5840	3014	4234	3946	6036	5018	2692	1482	3972	6819	290	3777	3574	3757	5188	1518
gene-Cops2	chr8	5458257	5487094	+	28838	2020	1297	1525	1310	893	214	1692	1732	1232	1346	833	227	132	1635	1274	1194	1049	2348	1371	1313	314	971	2084	181	1496	1024	777	1405	498
gene-Cops2-l1	chr5	44530456	44532401	+	1946	76	112	118	104	62	8	86	131	76	122	66	18	16	108	104	92	60	92	106	106	22	82	128	6	86	74	80	118	14
gene-Cox15	chr28	7171846	7196884	-	25039	1296	1156	936	1267	644	212	1865	1302	501	714	374	122	138	1336	684	1084	635	1899	1243	688	282	576	1711	150	743	912	503	1436	400
gene-Cox15-dl1	chr4	106616263	106619077	-	2815	506	1004	760	1864	604	132	765	1614	824	2028	816	162	88	1166	686	1576	696	1176	1048	724	354	618	1358	64	820	1324	670	1084	342
gene-Cox19	chr6	24004906	24012444	-	7539	482	1400	2192	2474	2039	174	843	1798	1970	3078	2804	205	80	1500	1813	1776	2019	1326	1285	1765	380	1849	1469	66	1603	943	1057	1224	324
gene-Cox19-l1	chrX	176882183	176882491	-	309	0	0	4	12	2	2	3	6	10	10	4	0	0	2	8	2	10	2	0	0	0	4	2	0	6	10	0	2	0
gene-Cox6a1	chr1	156173022	156173553	+	532	790	1837	638	2965	986	80	548	2126	532	3091	1233	90	34	2115	802	2218	1280	553	1784	628	750	1280	760	58	636	2370	968	1990	210
gene-Cox6a1-dl1	chr22	37200649	37200984	+	336	5	0	0	33	0	0	4	0	0	33	0	0	0	0	0	22	0	0	0	0	3	0	0	0	0	12	0	4	0
gene-Cox6a1-l1	chr20	17763835	17765992	+	2158	3824	9360	3237	16629	5924	433	2688	11460	2828	15805	6564	465	162	9878	3766	10970	5889	2902	8407	3297	3590	6694	5215	220	2968	10996	5136	8652	1192
gene-Cox6b1	chr2	19877790	19882907	+	5118	1626	2559	11267	5254	2010	270	1433	1670	4356	2658	979	133	78	2870	11652	4166	2227	1861	1411	6151	684	959	1113	186	10510	3822	1689	2663	482
gene-Cox6b1-dl1	chr18	26166569	26166805	+	237	4	20	90	28	20	0	6	16	124	54	8	0	0	6	74	24	24	0	24	150	16	22	4	0	94	24	12	12	2
gene-Cox6b1-dl2	chr24	8322315	8322614	-	300	50	31	235	90	38	4	16	58	199	100	36	2	4	64	272	62	42	48	38	194	12	22	46	6	218	58	28	54	6
gene-Cox6b1-l1	chr3	7088542	7089023	-	482	1418	1882	8126	4694	1644	184	1179	2979	9183	5693	2072	230	122	2272	8807	3488	1618	1132	2339	11648	1518	1992	2024	294	7914	3026	1281	2038	346
gene-Cox6c	chr11	25269679	25280940	+	11262	558	988	1972	976	453	66	530	1206	1503	991	467	30	42	1074	1849	722	582	545	946	1842	264	471	463	57	1621	690	366	1159	113
gene-Cox6c-dl1	chr19	54500990	54501217	+	228	194	276	1321	602	262	20	162	351	989	574	274	22	6	354	1217	469	340	212	244	1341	184	412	303	26	1192	464	274	249	92
gene-Cox6c-dl2	chr4	112615804	112616226	-	423	70	167	490	325	126	16	82	156	372	358	130	10	2	198	528	308	118	52	136	515	68	132	66	8	406	329	104	188	20
gene-Cox6c-dl3	chr5	99002569	99002796	-	228	65	114	399	208	130	14	63	128	446	210	102	6	4	146	578	194	132	50	94	550	40	110	68	14	382	162	102	129	20
gene-Cox6c-dl4	chrX	179249156	179249383	-	228	98	188	1366	410	254	18	84	208	1136	377	250	20	10	217	1359	270	364	128	195	1568	128	250	114	36	1216	259	204	204	18
gene-Cox6c-l1	chr16	40286862	40287140	-	279	34	28	172	38	36	4	24	40	148	44	52	2	2	36	184	40	64	24	34	194	18	49	46	2	194	54	36	22	6
gene-Cox7a2	chr3	101589623	101597999	+	8377	2248	1970	8048	6722	2245	338	1712	2414	7004	6910	2786	261	125	2688	9535	5496	3276	2762	2268	9467	1830	2776	3222	252	7596	5054	2360	2358	746
gene-Cox7a2-dl1	chr15	15563785	15564183	+	399	12	2	26	15	8	2	12	10	20	30	16	0	0	6	38	40	22	2	6	44	8	8	12	0	26	32	10	20	2
gene-Cox7a2-dl2	chr17	72179655	72179906	+	252	284	270	1030	974	304	22	148	346	1022	892	330	30	12	352	1542	778	512	292	283	1592	254	424	305	32	1066	762	322	299	114
gene-Cox7a2-dl3	chr19	27811133	27811500	-	368	718	690	3140	2471	736	128	504	866	2315	2597	1032	86	18	950	3357	2174	1100	600	706	3611	700	1114	862	52	3097	1828	772	809	224
gene-Cox7a2-dl4	chr22	52412905	52413156	-	252	36	40	218	136	60	4	32	60	160	157	78	4	2	44	326	149	96	70	46	342	34	82	106	0	282	88	48	68	24
gene-Cox7b	chr21	47213034	47213379	-	346	6	18	89	40	36	0	10	10	104	42	14	4	2	22	200	38	25	6	14	156	7	24	14	0	120	48	26	20	4
gene-Cox7b-dl1	chr10	101059300	101059687	+	388	26	62	348	191	38	8	30	64	378	171	76	4	4	47	476	106	94	18	63	441	44	78	44	6	348	108	92	79	10
gene-Cox7b-dl2	chr12	17678498	17678746	+	249	0	8	0	0	0	1	0	3	0	0	0	0	0	11	0	0	0	0	48	48	0	138	66	0	0	0	12	4	0
gene-Cox7b-dl3	chr13	19723504	19724006	+	503	0	0	12	2	2	0	0	0	12	0	0	0	0	0	8	2	2	0	0	1	0	0	0	0	2	0	0	4	0
gene-Cox7b-dl4	chr21	11124399	11124641	-	243	254	442	3248	1214	544	42	256	476	3026	1212	734	20	24	414	3843	836	806	194	412	3898	314	592	406	76	3968	922	642	486	78
gene-Cox7b-dl5	chr27	39805771	39806013	+	243	38	44	290	114	28	6	20	40	306	127	76	0	8	44	411	106	102	44	32	390	39	60	36	4	332	83	50	54	14
gene-Cox7b-l1	chr4	41072501	41072847	+	347	3	4	18	10	2	0	1	10	26	18	2	0	0	14	9	16	18	11	0	10	2	6	10	1	6	11	2	7	4
gene-Cox7b-l2	chrX	100604592	100614977	-	10386	244	370	960	602	341	38	278	358	976	649	248	50	22	363	965	515	359	258	390	865	174	254	293	32	978	514	250	378	48
gene-Cox7c	chr3	70488484	70489836	-	1353	2646	3879	24512	11869	4779	400	2508	5843	24832	12291	5923	405	230	5632	30890	10360	6659	3049	4663	33990	3485	6437	4744	667	25493	9450	5022	4691	1123
gene-Cox7c-dl1	chr22	52729166	52730743	+	1578	365	400	2315	1028	436	44	273	659	2922	1482	638	54	32	655	3630	1314	837	484	532	3819	491	744	612	68	3004	1124	592	686	116
gene-Cox7c-dl2	chrX	84358411	84358782	+	372	20	40	196	94	46	3	26	36	133	98	34	2	0	36	238	76	26	38	42	264	36	24	32	6	218	116	38	38	4
gene-Cox8a	chr4	84365982	84369645	-	3664	3718	5981	13651	17439	5475	528	2409	6684	11815	16689	5314	554	197	6262	13958	13944	5563	4029	5679	14334	4023	5313	5945	346	12153	12315	4854	5767	1310
gene-Cox8a-dl1	chr19	23721904	23722341	-	438	166	312	774	968	286	32	136	434	760	912	392	20	12	412	936	802	348	378	318	944	226	318	454	18	652	652	332	342	86
gene-Cpm	chr16	28660373	28686954	+	26582	2924	554	519	362	659	57	2501	465	712	246	187	39	337	755	515	306	212	1015	691	483	83	264	505	306	1126	197	455	558	101
gene-Cpm-l1	chr21	65616173	65621959	+	5787	3	0	0	0	1	0	4	0	1	8	0	0	0	8	0	0	0	0	4	3	2	0	0	2	0	2	0	0	0
gene-Cpt2	chr19	56031452	56049817	+	18366	885	224	1803	533	1287	84	897	385	1386	541	1660	80	110	373	1018	370	1135	917	385	1294	116	1196	651	85	1090	388	1189	330	128
gene-Cpt2-dl1	chrX	42303831	42306812	-	2982	280	64	508	170	474	20	280	78	457	192	597	26	8	143	502	154	619	482	58	200	24	248	178	14	352	164	349	87	42
gene-Crcp	chr6	41641249	41689997	-	48749	889	363	298	581	915	83	995	570	307	739	888	102	102	576	280	714	1160	813	388	172	104	490	491	48	228	320	719	332	81
gene-Crcp-dl1	chrX	161661447	161663207	+	1761	152	128	114	166	194	26	170	190	118	196	224	30	18	180	90	186	148	210	213	126	48	178	244	8	126	114	212	160	52
gene-Crip1	chr27	53213985	53215994	+	2010	351	19	432	76	120	129	466	34	434	48	102	180	64	47	348	26	86	1050	52	342	12	80	1128	70	517	50	70	27	262
gene-Crip1-dl1	chr12	90011796	90012134	-	339	0	0	0	0	0	0	0	0	0	0	0	0	0	0	0	0	0	0	0	0	0	0	0	0	0	0	0	0	0
gene-Crip1-dl2	chr16	68381088	68382259	+	1172	1651	83	2218	604	900	754	2911	162	2174	408	1178	706	208	168	2422	449	1020	5037	141	1934	200	1071	6857	345	3811	330	735	113	1794
gene-Cript	chr2	66475593	66477342	+	1750	215	264	208	252	172	38	158	362	224	222	172	24	14	334	242	180	138	270	284	198	70	118	342	18	172	160	138	252	68
gene-Cript-dl1	chr12	69329655	69335259	-	5605	7	1	6	2	4	4	9	10	0	0	4	2	0	14	8	3	4	10	14	7	0	4	7	0	14	1	0	5	2
gene-Cript-dl2	chr26	48731589	48731894	-	306	38	58	40	73	32	4	26	162	89	106	86	16	4	73	47	38	32	88	80	72	14	64	90	2	20	16	10	24	2
gene-Crisp3	chr15	8564342	8584425	+	20084	474	0	0	0	0	0	114	4	0	0	0	0	2	0	0	0	0	2	0	0	0	0	4	2	0	0	0	0	0
gene-Crisp3-l1	chr15	8620909	8634411	+	13503	0	10	0	2	0	1	0	4	0	2	0	16	0	0	0	0	2	39	8	0	0	4	30	0	4	4	0	2	8
gene-Cryz	chr21	36323362	36375345	-	51984	1505	568	1819	14982	11282	250	1814	839	1394	17234	9685	236	178	804	1536	13000	11248	2648	677	1446	5149	8292	2375	208	1676	10469	8563	636	544
gene-Cryz-l1	chr20	50809741	50811561	+	1821	314	75	280	3347	1770	28	210	166	256	4516	2207	34	36	147	320	3588	2433	346	182	477	1880	3260	682	78	250	2961	1730	115	90
gene-Cs	chr16	42555483	42594753	+	39271	15529	11540	83157	24210	4339	1250	10962	15698	65343	22211	4057	1164	1191	12744	81239	18199	5824	10595	11243	75143	5086	6054	11792	1832	71902	15417	3745	12499	2610
gene-Cs-l1	chr13	44444578	44446077	-	1500	2202	1560	13080	3322	608	168	1452	2266	10149	3424	552	158	142	1778	12962	2766	846	1694	1604	11878	784	1004	1710	282	11136	2271	590	1914	412
gene-Cse1l	chr20	76811733	76858936	+	47204	4050	3233	3601	3014	1653	496	3346	4102	2904	2540	1596	434	294	3785	3214	2252	1815	4457	3289	3045	734	1853	4367	314	3417	1766	1402	3356	1060
gene-Cse1l-dl1	chr4	59605779	59608265	+	2487	1346	1345	1624	1278	719	220	998	1836	1326	1069	780	148	74	1525	1485	915	922	1450	1276	1388	342	879	1634	112	1473	746	729	1479	378
gene-Csf2rb	chr4	35375867	35399397	+	23531	670	58	236	140	390	78	1282	92	326	118	350	128	272	72	314	146	202	1298	46	380	64	378	1298	170	366	74	232	40	322
gene-Csf2rb-l1	chr4	35405616	35419642	-	14027	242	40	58	149	66	53	476	61	104	104	36	88	72	84	96	222	112	802	64	154	50	89	984	91	144	189	86	46	190
gene-Cspg4	chr17	17461057	17491621	-	30565	2718	762	858	190	10	174	4366	888	1056	200	14	160	204	1091	816	158	23	1854	801	688	49	10	1126	240	1018	148	12	802	322
gene-Cspg4-l1	chr10	94616061	94678623	-	62563	2270	580	4536	4864	1338	1342	5146	615	2692	4286	742	1318	164	968	2294	3330	950	16340	748	1846	1194	1486	14919	318	3076	2982	778	520	4094
gene-Cst3	chr3	129089508	129092145	+	2638	0	0	0	0	0	0	0	0	0	0	0	0	0	0	0	0	0	6	0	4	0	0	2	0	0	0	0	0	0
gene-Cst3-dl1	chr3	128760078	128762324	-	2247	0	0	0	0	0	0	0	0	0	0	0	0	0	0	0	0	0	0	0	0	0	0	0	0	0	0	0	0	0
gene-Cst3-l1	chr3	128696107	128698739	-	2633	2	0	22	0	0	0	2	0	30	0	0	0	0	0	10	0	0	0	0	28	0	0	0	0	46	0	0	0	0
gene-Cst3-l2	chr3	129132652	129136389	+	3738	0	8	8	0	0	0	0	8	0	0	0	0	0	8	2	0	0	0	4	6	0	0	8	0	4	4	0	4	2
gene-Cst3-l3	chr3	129147556	129150240	+	2685	0	0	12	2	0	0	4	0	4	0	0	0	0	2	8	0	0	2	2	6	0	4	4	1	4	2	0	0	0
gene-Cst3-l4	chr3	129187659	129191233	+	3575	0	4	2	0	0	0	2	0	12	0	0	0	0	6	0	0	0	0	2	25	0	8	0	0	0	0	0	6	2
gene-Cst3-l5	chr3	129231764	129235711	+	3948	12586	29400	27204	24054	25336	5018	23622	33583	36663	19484	23540	4793	2983	32361	25015	19711	24918	36401	30643	31349	6240	23394	53099	4048	34987	15838	20841	23231	12402
gene-Cstf3	chr4	75643240	75735191	+	91952	4740	3310	2170	3413	3490	548	4566	4864	1799	3421	2272	549	422	3703	1609	2693	2888	6356	3538	1622	820	3098	5535	402	1835	2191	2175	3567	1450
gene-Cstf3-dl1	chr2	47861685	47863838	-	2154	0	0	0	0	0	0	0	0	0	0	0	0	0	0	0	0	0	0	0	0	0	0	0	0	0	0	0	0	0
gene-Ctnnbl1	chr20	65071825	65260470	+	188646	3988	2412	1305	1596	994	250	3905	3206	1314	1630	724	208	312	2758	1052	1388	955	3577	2408	1092	386	820	2575	326	1448	1178	818	2490	680
gene-Ctnnbl1-l1	chr13	96051619	96053567	+	1949	408	380	229	232	174	48	344	496	235	286	170	42	26	506	180	200	164	355	396	176	62	164	450	16	306	175	164	366	116
gene-Ctrb1	chr1	164053083	164057726	+	4644	4	4	0	5	104	2	6	20	0	3	207	2	1	5	4	2	443	0	17	0	2	82	1	0	2	0	78	8	0
gene-Ctrb1-dl1	chr1	164078049	164081374	+	3326	0	0	0	1	49	0	0	6	0	1	77	0	1	1	1	0	139	0	1	0	2	51	1	0	2	0	34	0	0
gene-Ctrb1-l1	chr1	163964344	163969177	-	4834	4	22	16	9	18	0	20	13	16	14	70	0	4	4	24	4	16	6	14	6	0	101	18	0	8	23	113	16	0
gene-Ctrb1-l2	chr1	164146544	164151740	-	5197	5	5	5	2	2	4	6	6	10	2	6	2	0	6	6	0	0	14	6	0	0	28	5	0	10	5	42	1	3
gene-Ctsg	chr8	43758958	43761933	+	2976	0	6	2	4	0	6	0	10	0	0	6	38	0	4	4	6	2	150	22	6	0	12	106	0	4	0	0	12	34
gene-Ctsg-l1	chr8	43790451	43793442	+	2992	0	4	0	2	0	6	0	2	0	2	0	2	0	2	2	0	0	20	4	0	0	0	28	0	2	6	0	2	12
gene-Ctu1	chr2	35738295	35746427	-	8133	217	178	138	231	46	30	198	141	71	209	84	40	22	134	82	154	44	290	151	84	54	58	384	24	93	136	44	146	56
gene-Ctu1-l1	chr2	36322366	36329604	+	7239	323	238	132	212	168	64	252	292	130	196	86	36	32	253	158	166	56	512	225	122	42	68	399	26	132	118	58	230	84
gene-Cuta	chr1	3665221	3667527	-	2307	860	1187	1238	1747	1040	259	779	1742	985	1365	873	226	83	1430	1146	1328	790	1526	1358	1348	375	939	2292	103	1263	1174	746	1203	411
gene-Cuta-l1	chr14	96694758	96719583	+	24826	828	812	740	886	1178	192	842	1267	777	1004	1098	158	108	1105	770	832	1542	1729	1053	811	254	1280	1684	97	909	599	1470	1023	322
gene-Cwc27	chr10	104928875	105204963	+	276089	4044	2162	1726	1491	939	387	4672	2520	1393	1709	740	306	450	2401	1256	1414	899	4426	1813	1150	382	869	3401	424	1687	1121	1056	2031	785
gene-Cwc27-l1	chr11	45784646	45786695	-	2050	272	436	302	284	94	42	192	638	366	270	122	72	16	454	318	232	114	524	372	294	68	180	604	12	376	172	130	450	102
gene-Cxcr4	chr13	21794748	21798439	-	3692	414	130	406	442	68	422	538	186	286	336	168	328	12	200	462	338	112	3307	178	478	98	82	3250	56	320	304	86	137	920
gene-Cxcr4-l1	chr7	133434866	133436511	-	1646	20	2	10	20	2	16	31	6	12	24	2	11	0	6	30	6	6	180	6	30	4	2	158	2	14	20	2	6	44
gene-Cyb5b	chr1	158480360	158519106	+	38747	2833	2961	5573	6490	6044	606	2308	4287	4694	6276	6602	488	178	3525	5377	4858	6412	4502	3120	4708	1615	7054	5710	220	5222	4268	5530	3301	1248
gene-Cyb5b-dl1	chr10	38592076	38593614	-	1539	382	508	876	1170	952	86	264	648	712	1026	1046	62	14	518	886	674	1212	628	522	844	276	1232	758	26	932	758	946	460	174
gene-Cycs	chr2	44009962	44010279	-	318	10	12	46	8	2	2	7	8	34	8	14	0	0	10	52	14	4	8	10	48	4	6	4	2	63	6	2	16	2
gene-Cycs-dl1	chr17	70979693	70982130	+	2438	559	1348	5994	2097	681	75	455	1630	5231	2095	628	57	44	1615	6454	1587	1009	562	1490	6275	494	758	534	86	5897	1553	674	1617	154
gene-Cyp11b1	chr26	35575830	35579794	+	3965	0	0	6	883	0	0	4	0	10	0	0	0	0	0	0	0	0	22	0	6	6	0	156	0	18	2	0	0	24
gene-Cyp11b1-l1	chr26	35608040	35616948	+	8909	0	0	0	23595	0	0	0	0	0	10	0	0	0	0	0	42	0	0	4	4	534	4	0	0	2	38	0	10	4
gene-Cyp11b1-l2	chr26	35784483	35785692	-	1210	0	0	2	3466	0	0	4	0	0	0	0	0	0	0	4	0	0	4	0	0	75	0	8	0	0	5	0	2	4
gene-Cyp2b4	chr2	25482273	25517504	-	35232	7	2	30	2	1034	0	11	1	0	2	14744	7	0	3	2	2	5767	16	3	0	1	10675	7	4	5	4	7743	5	12
gene-Cyp2b4-l1	chr2	26128846	26161902	-	33057	7	8	810	255	99768	56	14	10	0	196	88060	30	2	2	0	178	68092	371	1	0	98	59240	281	30	40	216	80539	6	164
gene-Cyp2d16	chr4	40915630	40919852	+	4223	148	18	812	142	107522	6	107	22	18	212	112374	4	42	20	24	181	68005	56	27	22	64	79540	12	62	87	145	84278	36	4
gene-Cyp2d16-l1	chr4	40931766	40935893	-	4128	672	1400	1129	2080	1334	339	1144	1582	687	1192	461	264	111	1910	1062	1526	1048	2547	1265	759	382	802	2091	102	1086	1070	631	1150	513
gene-Cyp2d4	chr4	39870033	39885158	-	15126	759	2122	1102	2683	3178	278	1161	2229	987	2584	3669	316	150	3045	978	2208	2331	1974	2760	925	742	2739	2150	160	1072	1916	2247	2147	507
gene-Cyp2d4-l1	chr4	40990792	40996824	-	6033	52	22	184	11	20196	0	39	19	4	60	12206	2	8	16	2	18	11945	28	12	12	2	10357	46	4	16	33	12014	18	4
gene-Cyp2j2	chr1	92682935	92769185	+	86251	3125	55	312	2420	893	135	1134	125	272	1775	919	98	105	98	283	1523	929	1176	130	697	940	798	2389	177	411	1306	864	65	271
gene-Cyp2j2-l1	chr1	92571884	92625594	-	53711	212	37	94	884	777	48	142	57	102	773	747	49	22	33	88	665	873	428	56	126	243	562	422	35	139	447	710	15	121
gene-Cyp3a4	chr6	31975802	32009994	+	34193	13	6	1160	0	163585	24	14	2	16	10	169050	2	0	0	26	16	149680	20	4	40	86	138553	28	77	66	14	190281	0	7
gene-Cyp3a4-l1	chr6	31843178	31922097	-	78920	40	38	947	12	140940	12	35	36	20	35	129497	4	4	17	11	15	142029	40	15	8	26	98305	49	78	53	31	141395	24	12
gene-Dcaf12l2	chrX	42401299	42403246	+	1948	6	0	0	2	0	0	0	44	0	0	0	0	0	12	0	0	0	6	20	0	0	0	0	0	0	0	0	6	0
gene-Dcaf12l2-l1	chrX	2819933	2821387	-	1455	2	0	0	0	0	0	1	0	0	0	0	0	0	0	0	0	0	0	0	0	0	0	0	0	0	0	4	0	0
gene-Dcp2	chr2	52196279	52201022	-	4744	26	10	16	32	6	0	26	12	18	16	10	0	2	26	6	14	6	26	12	20	4	4	8	8	8	22	10	32	6
gene-Dcp2-dl1	chr11	81432978	81490983	-	58006	4040	1624	1130	2689	909	338	3178	2466	1008	2472	809	326	282	1956	1067	2357	913	3877	1807	1236	690	933	3565	303	1287	2404	823	1753	770
gene-Dctn5	chr3	6911764	6931976	-	20213	2314	3641	2733	3103	1536	341	2185	4389	2369	2811	1392	341	205	3679	2502	1969	1363	2836	3354	2538	569	1492	3016	201	2514	1777	1114	3153	689
gene-Dctn5-dl1	chr6	77702794	77704873	-	2080	328	648	686	708	348	68	324	811	486	607	394	42	18	646	490	541	344	525	627	529	134	324	679	40	556	415	292	614	184
gene-Dda1	chr3	103591703	103598702	-	7000	662	1308	1044	829	310	156	797	1618	881	687	238	168	83	1592	1083	629	279	1141	1348	937	186	304	1430	109	1092	496	256	1323	350
gene-Dda1-l1	chr11	46750987	46751784	-	798	279	856	828	514	284	84	324	1125	754	496	218	76	28	940	934	364	276	736	860	854	104	328	1040	64	806	282	230	882	240
gene-Ddt	chr20	18591873	18595006	+	3134	186	651	1126	3998	4814	70	258	1360	1044	4854	6333	54	26	656	960	2730	3870	296	1114	984	1188	5686	556	52	1168	3226	4310	962	124
gene-Ddt-dl1	chr6	28439603	28439959	-	357	70	70	228	1038	1123	8	34	166	248	1257	1906	16	0	90	162	1023	1320	54	146	322	425	1940	164	8	300	1076	1393	140	50
gene-Ddx4	chr10	95529058	95588915	+	59858	40	4	33	22	8	11	30	14	24	33	8	6	6	10	39	42	16	82	12	25	2	7	93	10	25	32	22	19	44
gene-Ddx4-l1	chr17	21231759	21233991	-	2233	0	0	0	4	0	0	0	4	0	0	0	0	0	4	0	4	0	6	8	0	0	0	8	2	0	0	8	6	0
gene-Defb1	chr5	10026085	10036789	-	10705	1658	40	142	24167	0	234	296	102	0	32630	0	266	66	48	1	16400	2	1041	75	0	4140	2	1838	50	0	18289	4	56	436
gene-Defb1-l1	chr5	10390539	10391458	-	920	284	0	0	0	0	0	32	0	0	0	0	0	10	0	0	0	0	0	0	0	0	0	0	16	0	0	0	0	0
gene-Dek	chr13	100064658	100095021	+	30364	2927	1019	1579	1389	789	413	2727	1317	1316	1277	733	363	259	1434	1396	1365	817	4994	1420	1323	359	798	4762	297	1727	1185	821	1152	1034
gene-Dek-dl1	chr2	44696127	44698645	+	2519	530	272	362	362	210	68	322	238	376	282	162	62	30	318	340	290	222	562	326	350	106	276	798	48	362	218	180	280	176
gene-Depdc1	chr21	30235908	30255904	-	19997	874	47	24	50	8	10	372	82	16	50	10	2	12	50	6	35	13	48	34	8	8	0	60	14	18	12	38	56	6
gene-Depdc1-l1	chr3	82517278	82542761	+	25484	102	0	0	10	4	0	60	4	2	8	0	0	11	0	1	3	2	7	1	2	0	2	5	2	2	6	2	0	2
gene-Dhfr	chr3	75916093	75924759	+	8667	380	268	319	498	331	42	365	455	304	501	281	28	22	280	331	438	349	263	283	325	150	315	264	26	335	360	322	295	57
gene-Dhfr-dl1	chr1	121580552	121582309	-	1758	101	100	122	211	174	4	64	161	106	157	158	8	4	103	110	130	180	68	115	142	58	123	84	6	124	100	86	120	30
gene-Dhfr-dl2	chr12	73933052	73933984	+	933	37	12	20	52	38	4	40	10	19	50	32	2	2	24	16	32	38	2	22	30	12	36	18	2	38	16	18	24	0
gene-Dhfr-dl3	chr13	31068004	31068567	+	564	14	22	32	30	26	0	64	10	24	30	67	2	10	14	30	32	48	18	18	37	10	54	14	9	32	20	45	6	6
gene-Dhfr-dl4	chr20	58026254	58027094	-	841	38	24	38	52	50	2	26	29	26	78	64	0	2	18	38	68	60	30	34	50	18	46	34	0	24	34	78	24	4
gene-Dhfr-dl5	chr27	28517950	28519921	+	1972	14	12	34	34	20	2	16	24	12	24	16	0	4	12	28	32	14	22	18	14	10	20	8	2	12	20	14	24	4
gene-Dhfr-dl6	chr4	7279513	7280076	-	564	78	58	148	154	194	10	72	68	64	142	186	8	2	64	120	124	159	60	78	108	38	166	94	12	130	116	166	40	16
gene-Dhfr-dl7	chr4	7513847	7514410	+	564	12	2	10	16	10	0	0	10	4	12	8	4	0	2	4	14	10	6	2	0	0	14	2	2	8	12	6	2	0
gene-Dhfr-l1	chr1	159859349	159860285	-	937	14	8	28	84	27	0	32	20	12	40	52	4	2	30	12	32	28	16	14	36	14	42	12	2	20	20	42	10	10
gene-Dhfr-l2	chr28	23969182	23976660	+	7479	2	2	0	14	10	0	2	4	0	6	7	0	0	0	0	0	11	2	0	0	0	0	0	2	4	0	6	2	8
gene-Dhrs7	chr27	10690748	10692354	+	1607	0	0	2	0	38	0	0	9	0	0	32	0	0	8	0	0	43	0	9	0	0	36	0	0	0	2	8	6	0
gene-Dhrs7-l1	chr27	10598894	10616520	-	17627	1347	379	860	861	3558	384	1859	574	794	864	4888	363	148	384	745	585	3504	2768	438	843	249	3619	4219	288	1002	551	2839	339	914
gene-Dhrs7-l2	chr27	10782803	10816689	-	33887	109	25	34	23	447	4	115	29	23	22	405	1	18	23	14	10	328	76	33	19	5	368	95	32	21	14	237	18	15
gene-Dhx15	chr12	40493421	40545944	+	52524	9860	5734	5636	7418	3714	1188	7528	7844	4672	6596	3389	1026	563	7112	5206	6027	3552	9874	6404	4341	1828	3598	10154	658	5681	5085	3141	5882	2318
gene-Dhx15-l1	chr23	48645795	48657264	-	11470	3246	2452	2336	3573	1568	508	2242	3168	1866	2716	1562	422	152	3031	2200	2806	1544	3340	2608	1914	816	1532	4066	146	2354	2256	1348	2482	940
gene-Diras2	chr4	96819496	96847977	-	28482	33	12192	398	18	354	6	54	15016	408	30	228	8	18	13306	306	26	314	90	11301	294	2	306	82	18	358	32	358	12447	28
gene-Diras2-l1	chr13	50833323	50834735	-	1413	6	1348	36	0	32	0	6	1522	54	0	30	0	0	1411	30	2	38	4	1220	50	0	30	8	10	18	2	36	1369	2
gene-Dmbt1	chr28	20547034	20706298	-	159265	69	66	70	636	169	18	87	59	35	578	225	16	8	66	23	502	431	432	44	29	136	860	272	17	59	415	354	56	60
gene-Dmbt1-l1	chr28	20755145	20799239	-	44095	23	2	6	44	0	26	22	10	2	17	18	28	2	4	0	32	236	677	12	8	26	156	214	2	942	46	70	2	140
gene-Dnah7	chr9	52904499	53164295	-	259797	1894	1997	372	796	133	224	635	2180	323	947	162	138	60	2978	272	612	185	4407	2231	311	168	216	1834	66	380	460	202	2050	491
gene-Dnah7-rl1	chr19	83546864	83800427	+	253564	1987	8788	4173	4933	1535	707	5448	7425	2769	4224	1326	455	323	4529	2125	2609	1156	5868	5746	2707	939	1079	3768	247	2867	2764	1124	5368	1088
gene-Dnaja2	chr6	87775415	87799530	-	24116	1949	1915	1460	1902	1222	221	1389	2673	1229	1769	1144	236	144	2399	1269	1594	1114	1849	2176	1280	463	1082	1978	135	1541	1306	1150	2085	448
gene-Dnaja2-dl1	chr2	120698956	120701059	-	2104	336	590	534	524	366	60	252	672	338	460	384	32	20	685	432	444	480	346	639	551	156	454	554	22	563	398	398	562	132
gene-Dnajb5	chr14	56386050	56395103	-	9054	439	5464	4417	834	365	118	1660	6232	4284	660	302	86	102	6139	4907	702	294	809	4942	4034	210	282	976	304	4439	630	430	5188	262
gene-Dnajb5-l1	chrX	59468420	59469662	+	1243	0	2	2	0	0	0	4	8	4	0	0	0	0	0	6	0	2	2	2	0	0	0	0	0	6	0	0	2	0
gene-Dnajc17	chr15	90877013	90941248	+	64236	2941	721	573	1753	2929	245	1904	784	471	1572	2782	170	235	899	508	1565	2942	2188	737	442	420	3014	1716	212	582	1314	2437	606	473
gene-Dnajc17-l1	chr28	20209263	20210688	+	1426	414	344	248	454	246	68	252	438	270	386	242	40	12	430	220	394	252	386	284	302	106	208	648	34	258	278	148	310	204
gene-Dnajc24	chr24	60692408	60726866	+	34459	1075	1084	496	513	338	114	1078	1260	375	512	267	72	128	1197	379	385	317	1162	1158	361	136	433	767	74	431	378	316	1200	149
gene-Dnajc24-dl1	chr20	51059754	51060203	+	450	119	184	142	84	50	16	68	238	120	80	84	6	6	218	126	82	76	122	155	98	18	48	128	6	92	66	46	198	36
gene-Dnajc8	chr19	20306268	20310427	-	4160	206	103	88	79	47	9	87	571	633	406	324	44	22	235	350	163	149	386	267	347	82	182	427	31	263	136	145	287	76
gene-Dnajc8-l1	chr1	29319824	29320796	-	973	148	202	342	144	134	42	124	314	290	198	142	34	6	272	332	146	160	258	238	334	60	186	450	28	494	114	104	216	106
gene-Donson	chr14	41106618	41115359	-	8742	1028	848	825	798	975	208	1174	1267	604	667	866	176	130	1012	546	690	878	2054	952	550	209	844	2064	118	870	541	751	992	442
gene-Donson-dl1	chr16	39677661	39680234	-	2574	510	752	604	622	647	142	615	1069	578	479	627	123	42	820	592	482	699	1092	836	593	139	703	1168	48	678	433	646	721	292
gene-Dph1	chr7	32086269	32095889	+	9621	668	429	382	647	527	94	559	755	242	493	343	31	64	642	273	575	405	686	516	281	140	409	633	42	375	527	392	485	131
gene-Dph1-dl1	chr22	76378062	76379378	-	1317	70	44	42	100	64	6	44	62	32	66	68	10	0	48	40	60	88	90	44	62	18	68	60	10	32	54	52	40	14
gene-Dph1-dl2	chrX	73890021	73891337	+	1317	348	350	186	592	398	40	392	376	159	451	440	32	22	396	124	415	372	432	325	188	144	334	400	24	211	359	264	301	68
gene-Dph2	chr19	46050608	46054184	+	3577	576	666	554	968	316	107	636	911	631	824	290	124	44	716	646	752	408	746	680	636	216	356	952	50	748	638	270	638	192
gene-Dph2-dl1	chr5	48569587	48571756	+	2170	56	58	90	101	52	8	58	100	52	68	44	12	14	107	98	84	48	92	94	96	28	46	120	16	102	54	54	54	16
gene-Dpm1	chr20	78483939	78507239	-	23301	2583	1756	1732	1842	953	268	2066	2421	1443	1699	904	239	190	1884	1466	1438	1110	2838	1951	1388	454	945	2924	224	1534	1197	912	1768	674
gene-Dpm1-l1	chr26	48121966	48122828	+	863	42	14	40	50	6	4	22	46	22	34	10	4	6	34	22	34	12	26	20	14	12	16	36	2	30	24	14	36	0
gene-Dpm1-l2	chr5	70953197	70953997	+	801	4	0	5	4	4	2	0	10	6	8	6	2	0	3	4	0	2	2	4	4	0	4	4	0	4	2	4	2	2
gene-Dpy19l2	chr6	19929345	19993615	+	64271	140	0	2	14	4	20	133	0	6	2	4	16	37	0	2	0	6	264	0	6	0	2	124	54	24	6	64	2	12
gene-Dpy19l2-l1	chr6	23132562	23226291	+	93730	8	35	92	0	11	10	44	67	139	4	16	17	8	48	65	9	3	201	50	96	0	12	94	2	161	2	45	32	20
gene-Drg1	chr20	25126160	25150924	-	24765	914	432	568	624	527	104	815	605	463	603	345	71	69	507	552	500	437	1135	469	545	98	417	908	114	552	399	332	472	233
gene-Drg1-l1	chr6	50738405	50741721	-	3317	589	452	558	616	518	95	394	687	458	681	487	60	34	641	564	528	462	572	551	496	162	578	792	42	526	444	325	559	142
gene-Dstn	chr3	133667613	133674607	-	6995	5097	6109	5390	13127	5467	1098	4263	6955	6253	11979	4519	1117	451	7117	5135	9633	4622	7745	6150	5084	3164	5743	9709	666	8101	8470	3954	6025	2206
gene-Dstn-dl1	chr1	163476898	163477942	+	1045	4224	3950	5153	10129	6591	800	2747	4452	5860	9716	5512	616	310	4604	5060	7668	5422	6194	4147	4898	2601	7131	7987	398	7478	6541	4643	4149	1910
gene-Dtx4	chr4	51284008	51294251	+	10244	36	114	32	128	10	34	64	86	10	40	0	6	4	114	36	128	4	254	122	22	30	4	158	8	16	20	0	42	28
gene-Dtx4-l1	chr4	51618069	51630518	-	12450	124	589	120	549	16	121	316	592	74	225	14	88	31	626	128	451	9	873	609	146	99	18	883	36	129	192	14	517	208
gene-Dusp18	chr10	70459478	70460479	-	1002	32	32	12	76	32	8	30	14	14	102	24	4	0	14	18	70	12	52	14	20	20	22	64	2	12	50	18	26	16
gene-Dusp18-l1	chr7	36386377	36386792	+	416	0	0	2	24	0	0	0	2	0	20	4	0	0	2	2	8	2	14	0	0	4	2	12	0	8	14	0	4	4
gene-Dynap	chr10	46953924	46962367	+	8444	0	0	0	0	0	0	0	0	0	0	0	0	0	0	0	0	0	0	0	0	0	0	0	0	0	0	0	0	0
gene-Dynap-dl1	chr10	46999709	47008113	+	8405	0	0	0	0	0	0	0	0	0	0	0	0	0	0	0	0	0	0	0	0	0	0	0	0	0	0	0	0	0
gene-Dynll1	chr20	17826557	17829990	+	3434	6947	8132	6375	4960	1242	902	5273	9651	4839	4126	1316	909	380	10009	7073	4220	1472	7046	8566	6430	1334	1628	9238	582	8381	3006	1284	9551	1990
gene-Dynll1-l1	chr11	113238761	113239288	+	528	1841	1942	1774	1144	306	226	1225	2388	1504	1056	406	172	106	2492	2066	978	454	1817	2069	1742	326	396	2670	197	2274	700	372	2259	598
gene-Dynll1-l2	chr14	65180166	65180435	-	270	0	0	2	3	0	0	0	0	2	4	0	0	0	6	1	2	0	8	0	2	0	0	2	0	0	0	0	0	2
gene-Dynlrb1	chr20	61955478	61983335	+	27858	1723	1021	797	578	508	158	1428	1267	592	700	362	142	114	1215	579	642	350	1557	1022	536	140	318	1274	129	692	504	376	1091	278
gene-Dynlrb1-l1	chr28	42175655	42176309	+	655	1634	7120	4684	4213	2500	586	2018	8150	4366	3840	2186	484	174	7002	4526	2384	1872	3378	6321	4082	740	2246	4480	272	4654	2240	1792	6556	1122
gene-Dynlt1	chr18	51848514	51857809	-	9296	277	139	242	186	188	28	276	206	192	210	166	34	22	151	141	172	114	402	200	176	48	107	470	14	200	208	128	184	96
gene-Dynlt1-l1	chr19	18630387	18633613	-	3227	1075	240	666	1506	866	210	686	350	709	1286	924	130	46	438	744	1198	948	1268	384	680	392	894	1666	46	650	1003	678	226	326
gene-Dynlt3	chrX	149132917	149144945	+	12029	3862	3006	5454	3187	1460	897	2712	4411	4815	3139	2022	798	258	3578	6376	2432	1631	7363	2994	6632	880	2238	10064	406	6121	1893	1366	3373	2397
gene-Dynlt3-dl1	chr18	3795333	3795683	+	351	128	106	192	120	40	26	116	168	138	128	62	32	6	162	178	78	44	271	140	224	36	110	379	10	200	97	54	147	110
gene-Eci1	chr20	36778097	36790823	-	12727	2425	1131	7588	4763	4964	198	1649	1539	7245	4431	5449	244	184	1367	6939	3783	4521	1758	1297	7581	1294	5376	2099	228	5734	3439	4002	1244	456
gene-Eci1-dl1	chr22	43922568	43923737	-	1170	417	230	2410	1632	1474	48	356	356	2262	1603	1890	38	26	288	2208	1230	1451	434	334	2488	445	1808	516	58	2098	1070	1266	278	98
gene-Ect2	chr16	84812498	84914014	+	101517	2205	176	92	64	16	17	1523	145	61	102	20	34	90	165	64	55	6	301	152	76	16	21	261	68	112	37	46	159	70
gene-Ect2-l1	chr11	50784210	50825343	-	41134	695	78	41	18	0	10	334	108	30	43	12	10	16	62	28	20	6	141	85	42	6	26	163	18	50	28	11	77	9
gene-Eef1a1	chrX	66484991	66486379	-	1389	75	16	23	96	74	6	50	26	52	90	44	12	6	30	98	162	124	192	26	70	16	65	159	6	122	126	82	34	62
gene-Eef1a1-dl1	chr10	68386517	68387761	+	1245	19	4	11	33	28	2	14	12	16	28	18	4	2	2	14	16	11	22	10	12	0	20	37	0	20	21	6	4	10
gene-Eef1a1-dl10	chr16	8440808	8442196	-	1389	775	161	534	993	534	107	714	202	531	913	601	98	72	224	543	797	530	882	182	470	226	640	1302	55	650	487	447	151	268
gene-Eef1a1-dl11	chr16	79475012	79477268	-	2257	106	56	49	104	79	11	100	77	61	91	46	7	12	63	59	116	70	156	64	55	37	74	166	12	95	59	40	53	24
gene-Eef1a1-dl12	chr18	29849899	29854112	-	4214	117	26	30	73	29	8	156	39	34	53	30	12	11	18	25	71	39	98	28	38	18	24	52	6	75	94	34	38	16
gene-Eef1a1-dl13	chr18	59769361	59771055	+	1695	34	14	28	56	32	2	38	36	16	32	36	11	2	14	14	26	16	66	26	38	12	26	38	10	30	38	22	24	12
gene-Eef1a1-dl14	chr2	32274559	32275947	+	1389	65	32	50	169	68	16	60	48	104	87	69	14	6	42	76	116	52	126	57	62	30	82	82	6	69	118	61	33	20
gene-Eef1a1-dl15	chr2	62651897	62653285	+	1389	160	40	86	242	100	22	138	74	94	178	155	25	10	76	149	284	212	314	42	80	26	118	242	20	199	200	150	47	92
gene-Eef1a1-dl16	chr2	94217920	94219567	+	1648	26	16	10	68	30	10	26	22	24	55	12	8	8	6	18	29	16	40	12	18	12	40	20	2	34	31	20	10	16
gene-Eef1a1-dl17	chr20	39539304	39540692	-	1389	26	9	2	30	118	3	14	9	15	21	8	4	2	42	7	29	16	20	5	13	9	6	14	0	17	22	21	3	2
gene-Eef1a1-dl18	chr20	57829978	57831366	-	1389	309	86	170	424	260	44	268	89	209	410	225	34	22	186	298	731	422	580	106	255	115	220	444	44	439	493	366	158	210
gene-Eef1a1-dl19	chr20	83203361	83204749	-	1389	17	7	18	22	6	0	15	8	10	20	27	0	0	2	6	18	10	33	6	14	8	26	16	2	4	17	10	10	0
gene-Eef1a1-dl2	chr10	87735070	87738484	-	3415	133	91	96	156	62	22	148	108	89	171	68	22	16	102	85	132	122	189	88	72	35	67	122	15	139	122	86	102	42
gene-Eef1a1-dl20	chr20	90734950	90735876	+	927	212	66	90	233	168	46	205	82	112	243	120	22	20	101	180	440	200	361	61	112	44	146	237	16	226	326	258	106	90
gene-Eef1a1-dl21	chr21	419069	420761	+	1693	30	100	80	76	37	5	40	97	42	65	19	3	2	361	211	334	105	248	416	253	112	107	302	19	172	164	47	220	30
gene-Eef1a1-dl22	chr21	57116173	57117849	-	1677	636	204	354	870	444	106	685	244	342	826	396	88	44	236	362	552	446	568	171	358	186	454	868	50	446	380	274	164	149
gene-Eef1a1-dl23	chr21	74922658	74924346	-	1689	74	183	59	160	18	10	61	207	97	117	6	8	10	351	147	248	32	162	342	165	68	28	155	10	164	163	38	314	40
gene-Eef1a1-dl24	chr21	77361011	77362396	-	1386	0	0	0	0	0	0	0	0	0	0	4	0	0	0	0	0	0	0	0	0	0	0	2	0	0	0	0	0	0
gene-Eef1a1-dl25	chr21	83438277	83439936	+	1660	32	18	51	76	16	2	46	26	22	62	20	10	4	43	62	62	12	32	40	64	22	11	46	5	59	47	10	37	2
gene-Eef1a1-dl26	chr22	29428109	29429497	-	1389	45	18	55	71	46	7	70	18	39	66	62	5	5	18	66	89	89	74	13	40	12	49	70	4	120	66	48	24	16
gene-Eef1a1-dl27	chr22	38995750	38997138	-	1389	20	6	12	30	14	2	12	10	11	21	4	0	0	4	6	18	6	24	2	4	4	10	17	0	8	10	19	5	10
gene-Eef1a1-dl28	chr24	43886932	43888619	-	1688	57	16	34	111	71	11	31	16	35	103	60	20	2	10	14	63	52	36	12	40	42	92	50	4	16	50	46	10	4
gene-Eef1a1-dl29	chr24	44113644	44115032	+	1389	71	26	35	105	64	12	71	30	30	83	55	9	8	36	36	91	43	58	23	53	33	56	83	7	52	49	47	26	17
gene-Eef1a1-dl3	chr10	106357430	106358818	+	1389	60	10	30	69	20	3	45	8	226	43	16	10	24	16	20	43	14	34	12	30	8	19	40	3	25	35	37	16	4
gene-Eef1a1-dl30	chr27	4806873	4808558	-	1686	113	44	90	237	116	24	113	69	108	252	155	16	10	56	138	193	128	188	44	156	72	124	206	8	126	108	90	52	46
gene-Eef1a1-dl31	chr28	21047731	21052481	+	4751	435	134	220	425	190	36	336	134	181	409	226	51	22	111	202	332	215	475	112	196	119	228	557	32	205	211	139	102	110
gene-Eef1a1-dl32	chr3	81127198	81129353	-	2156	1232	312	648	1283	833	191	1029	481	532	1025	770	127	124	437	670	1120	905	1343	405	609	283	696	1442	86	784	1052	724	414	424
gene-Eef1a1-dl33	chr3	121141568	121142956	-	1389	102	34	54	103	54	153	44	22	41	85	48	4	2	34	45	54	39	54	33	50	16	880	175	6	44	58	34	28	25
gene-Eef1a1-dl34	chr3	123671709	123672614	+	906	29	4	8	60	12	1	23	8	43	17	12	4	0	12	9	31	30	52	10	14	8	15	34	4	8	34	10	8	12
gene-Eef1a1-dl35	chr3	125307907	125309295	-	1389	173	28	104	239	103	26	131	62	77	235	103	21	6	144	152	387	200	333	42	73	37	122	207	16	244	289	148	111	70
gene-Eef1a1-dl36	chr4	44884515	44885903	+	1389	274	58	114	362	124	34	175	91	130	334	132	41	22	14	24	30	10	48	68	139	102	168	252	30	11	30	22	4	6
gene-Eef1a1-dl37	chr4	82713287	82714675	+	1389	52	19	52	80	38	6	45	39	42	65	45	17	3	47	55	80	50	46	32	46	20	47	56	6	49	105	64	31	18
gene-Eef1a1-dl38	chr5	65611483	65612871	+	1389	37	15	28	78	19	6	35	16	19	32	22	8	0	10	12	31	22	27	16	15	13	20	72	0	23	16	6	11	8
gene-Eef1a1-dl39	chr5	74459454	74461149	+	1696	265	54	121	362	172	36	228	123	144	312	145	32	6	88	115	691	161	263	66	135	52	179	290	20	173	220	105	70	90
gene-Eef1a1-dl4	chr11	13747060	13748145	-	1086	24	10	10	24	12	2	20	18	18	43	22	2	0	2	17	38	20	52	8	4	9	20	20	2	16	19	18	17	8
gene-Eef1a1-dl40	chr5	121715107	121718851	-	3745	481	157	362	546	312	38	385	201	250	503	357	42	24	144	273	507	293	561	190	302	165	353	756	45	388	331	299	156	183
gene-Eef1a1-dl41	chr5	130273357	130275057	+	1701	28	10	20	72	26	15	30	14	30	70	40	13	6	16	31	56	36	40	28	45	9	21	38	3	28	52	22	10	10
gene-Eef1a1-dl42	chr6	113275666	113277054	-	1389	299	73	211	351	233	38	211	107	160	339	263	23	11	93	178	275	232	438	80	203	90	270	617	14	292	214	200	67	120
gene-Eef1a1-dl43	chr7	49541009	49542397	+	1389	30	10	24	82	32	14	61	12	40	59	45	20	0	24	32	107	70	46	13	30	21	24	38	0	28	75	124	18	34
gene-Eef1a1-dl44	chr7	52053516	52055184	+	1669	36	9	28	69	15	7	40	14	35	37	38	4	4	16	22	42	21	34	13	22	18	49	25	3	28	49	25	21	8
gene-Eef1a1-dl45	chr7	100550355	100551743	+	1389	34	11	8	53	16	6	26	10	23	38	10	6	2	15	10	42	12	17	5	25	9	34	14	16	13	31	12	12	2
gene-Eef1a1-dl46	chr8	78473373	78474761	-	1389	25	8	53	94	55	6	51	20	26	59	68	8	2	10	18	24	28	30	24	44	18	40	43	2	20	33	24	8	14
gene-Eef1a1-dl47	chr8	80756057	80757445	-	1389	4	0	9	11	7	0	12	3	8	20	6	0	0	2	2	29	5	8	0	14	9	3	26	1	0	11	6	0	4
gene-Eef1a1-dl48	chr9	107375389	107376777	-	1389	10592	3001	6909	15932	8597	1646	9066	3966	6672	14337	8447	1488	609	2952	5531	10554	6612	8978	3357	7568	3889	8699	14916	912	7335	8242	5948	2404	2572
gene-Eef1a1-dl49	chrX	71826074	71827760	-	1687	16	62	26	34	22	0	14	76	20	47	22	2	4	55	18	14	16	40	48	20	8	22	68	0	32	40	12	60	18
gene-Eef1a1-dl5	chr12	99911813	99913201	-	1389	50	32	43	91	63	8	36	27	39	42	65	9	2	4	17	27	10	54	28	69	34	65	80	4	27	31	24	11	12
gene-Eef1a1-dl50	chrX	183210766	183212497	+	1732	26	4	2	28	8	4	16	5	7	18	16	5	0	5	4	31	14	26	20	8	2	10	4	0	16	18	12	1	12
gene-Eef1a1-dl6	chr13	4865763	4867151	+	1389	28	8	22	58	32	4	48	16	22	63	28	6	2	8	26	30	28	84	6	32	11	36	54	0	24	26	14	9	6
gene-Eef1a1-dl7	chr13	61663663	61665375	-	1713	231	52	168	354	198	27	192	64	131	291	184	34	14	57	181	270	161	192	74	182	110	204	229	24	155	197	147	34	40
gene-Eef1a1-dl8	chr14	69159297	69160991	+	1695	28	10	18	38	18	2	30	16	18	52	24	0	6	4	12	22	16	40	8	24	10	36	26	6	12	28	25	6	6
gene-Eef1a1-dl9	chr15	41394747	41396135	+	1389	246	26	85	303	122	35	189	70	66	262	94	37	30	25	21	57	19	37	72	67	73	139	223	20	43	40	26	17	10
gene-Eef1b2	chr1	86997152	86999794	-	2643	2704	790	1276	1947	1078	216	1663	1008	1258	1718	1008	176	96	893	1238	1572	1014	1324	765	1236	476	1142	1958	198	1478	1118	880	791	408
gene-Eef1b2-dl1	chr1	43129065	43129804	-	740	291	46	76	168	86	20	118	94	124	126	122	14	12	78	92	134	82	70	96	128	64	103	188	22	116	82	96	78	22
gene-Eef1b2-dl2	chr19	66508043	66508609	+	567	0	0	0	0	0	0	0	0	0	0	0	0	0	0	0	0	0	0	0	0	0	0	0	0	0	0	0	0	0
gene-Eef1b2-dl3	chr5	115522226	115522930	+	705	714	182	296	420	180	44	421	242	296	436	206	58	44	158	276	418	202	290	200	346	135	292	486	68	352	296	200	184	70
gene-Eef1b2-dl4	chr6	78297567	78298428	-	862	3084	1048	1724	2636	1456	242	2126	1322	1788	2192	1402	240	154	1214	1696	2068	1360	1676	1084	1562	638	1424	2330	260	2152	1694	1328	952	580
gene-Eef1d	chr26	36393704	36408386	-	14683	2940	3125	3501	2413	1047	354	3192	3692	2965	1894	712	289	258	3504	3476	1912	933	3070	3581	3021	493	920	3085	376	2992	1611	867	2903	656
gene-Eef1d-l1	chr9	9427007	9427925	+	919	72	28	114	94	44	14	76	34	80	84	62	12	8	32	96	66	38	66	28	144	18	40	134	12	136	52	36	26	30
gene-Eef1e1	chr13	110017634	110031331	+	13698	756	1263	1362	1134	356	138	602	1533	1140	1406	312	134	46	1433	1422	1104	399	1090	1274	1272	321	446	1163	88	1422	868	435	1451	261
gene-Eef1e1-l1	chr18	67719821	67720651	+	831	0	0	0	0	0	0	0	0	0	0	0	0	0	0	0	0	0	0	0	0	0	0	0	0	0	0	0	0	0
gene-Eef1g	chr4	48004280	48017112	+	12833	7297	2680	5748	6824	2786	633	5729	3158	5452	5752	2280	614	504	3090	6022	5440	2583	4896	2801	6437	1464	2725	7119	861	7232	3952	2176	2418	1389
gene-Eef1g-dl1	chrX	35167342	35168563	+	1222	14294	5180	11231	14476	5174	1240	12359	6602	11458	10994	4120	1242	1080	6116	11412	10985	4312	8662	5700	11662	3370	5352	13522	1800	12576	8436	3580	4419	2772
gene-Eef2	chr3	121256620	121267012	+	10393	5572	3734	4272	7814	5198	796	5343	5000	4250	6540	3914	645	416	4564	4065	5945	3944	4736	4367	3973	1688	4038	6944	602	4511	4456	3696	3648	1600
gene-Eef2-dl1	chr14	107282826	107285857	+	3032	1147	1027	901	1820	1133	176	1149	1062	890	1670	992	130	108	1030	1071	1433	972	1184	954	1082	458	1023	1820	168	1282	1085	1009	922	408
gene-Eef2-dl2	chr6	69742658	69745234	+	2577	2729	1964	2042	5403	2679	382	2312	2757	2206	3992	2046	380	172	2572	2194	3706	2050	2256	2200	2168	1040	2210	2952	276	2530	2704	1740	2228	700
gene-Eef2-dl3	chr6	72429151	72432266	-	3116	702	536	604	1036	620	78	640	655	584	908	684	110	68	451	530	765	538	730	535	560	198	542	844	94	567	538	432	482	142
gene-Eef2-dl4	chr9	85423787	85426363	-	2577	2767	1938	2416	4354	2829	347	2318	2472	2336	3488	2188	335	196	2356	2262	3551	2108	2624	2081	2354	974	2270	3562	262	2712	2413	1951	2084	786
gene-Eef2-dl5	chrX	12758046	12760517	+	2472	783	552	544	1284	694	84	644	662	413	966	446	108	70	612	524	874	496	494	608	530	254	516	720	96	554	646	427	560	156
gene-Eef2-l1	chr19	61773971	61776913	+	2943	806	622	698	1245	738	132	794	760	630	1186	600	104	60	752	700	864	538	796	683	622	306	634	874	120	766	840	514	652	160
gene-Eef2kmt	chr20	39669183	39678923	-	9741	373	589	369	769	386	82	335	611	267	792	365	78	36	668	313	617	393	721	542	291	157	368	840	32	404	486	380	572	165
gene-Eef2kmt-l1	chr1	144768490	144769571	-	1082	52	48	56	204	40	8	44	74	52	192	50	16	2	44	30	164	24	68	72	48	28	34	98	8	54	120	20	66	16
gene-Eid1	chr4	87326551	87329498	-	2948	138	376	212	328	148	24	159	296	172	236	100	16	4	338	179	172	90	296	219	144	58	88	344	22	197	128	64	271	92
gene-Eid1-dl1	chr8	5652396	5654223	-	1828	6576	19274	10734	17476	5882	1620	8000	15879	7108	10659	4552	1148	365	16418	7318	9466	4610	10212	8744	5138	1834	3084	9329	430	5880	5150	2122	8778	2188
gene-Eif1	chr7	2887532	2890149	-	2618	1464	1882	2116	1806	1518	218	1526	2195	1714	1278	1414	216	196	2692	2822	1758	1582	2464	1990	2810	520	2129	2830	376	1760	1076	1158	1466	558
gene-Eif1-dl1	chr1	140102075	140102416	-	342	2	0	4	0	6	4	10	2	6	4	2	0	0	2	0	2	6	6	2	6	0	14	24	0	2	4	4	4	4
gene-Eif1-dl2	chr15	18778422	18778763	+	342	24	6	38	18	8	2	14	10	36	18	22	2	2	14	8	34	10	14	14	20	0	10	30	0	26	26	14	12	4
gene-Eif1-dl3	chr19	21737089	21737409	+	321	0	0	0	0	0	0	0	0	0	0	0	0	0	0	0	0	0	0	0	0	0	0	0	0	0	0	0	0	0
gene-Eif1-dl4	chr19	64690736	64691074	-	339	4	4	0	8	0	2	2	0	3	8	2	2	0	2	4	2	2	2	0	4	2	6	4	0	5	0	0	6	0
gene-Eif1-dl5	chr3	148850810	148852368	+	1559	9	16	8	12	5	1	13	6	7	3	3	0	4	12	12	9	5	16	4	10	2	8	13	2	14	5	7	6	1
gene-Eif1-dl6	chr6	41484356	41486865	+	2510	12	3	0	2	8	0	18	5	2	4	2	0	0	4	0	3	0	2	6	4	0	0	2	0	2	4	0	5	2
gene-Eif1-dl7	chr6	63965908	63966520	+	613	458	380	836	592	638	60	450	420	776	542	554	58	50	344	691	454	505	540	295	771	152	612	620	88	749	378	562	325	118
gene-Eif1-dl8	chr8	28684930	28685268	-	339	10	2	0	6	0	2	8	2	4	4	0	0	0	0	0	6	4	7	0	0	0	8	2	0	0	6	0	6	6
gene-Eif1-dl9	chr9	30977564	30977854	-	291	0	0	0	0	0	0	0	0	0	0	0	0	0	0	0	0	0	0	0	0	0	0	0	0	0	0	0	0	0
gene-Eif1ax	chrX	175559272	175585224	+	25953	2959	4569	2805	3975	1953	384	2520	5915	2335	3580	1688	373	232	5306	2676	3074	1940	3286	4775	2634	949	2024	3561	270	2786	2463	1568	5054	878
gene-Eif1ax-dl1	chr10	87625674	87628576	+	2903	48	96	36	60	26	6	30	28	10	6	20	2	0	234	96	74	24	64	100	38	24	82	40	4	40	44	70	32	6
gene-Eif1ax-dl2	chr16	42068181	42070773	+	2593	1552	983	1345	1642	1259	125	864	1401	1129	1321	1388	144	68	1278	1419	1255	1441	1113	1026	1209	439	1409	1536	121	1391	1019	1037	1075	328
gene-Eif1ax-dl3	chr23	18298933	18300735	-	1803	4	8	6	2	6	2	2	0	0	4	4	2	0	34	14	8	2	16	12	4	0	4	2	0	6	0	6	6	0
gene-Eif2b1	chr20	5789847	5799578	+	9732	1501	1299	878	1347	788	154	1014	1851	870	1113	754	136	80	1596	937	886	778	1243	1502	882	348	798	1256	72	950	720	566	1533	277
gene-Eif2b1-dl1	chr12	99719996	99720913	-	918	789	762	717	918	471	54	461	1010	632	816	538	94	26	820	722	634	518	439	763	720	230	529	657	64	710	523	378	802	166
gene-Eif2b4	chr12	89436323	89441534	+	5212	2237	1638	1400	1425	882	186	1176	2013	1178	1106	645	182	90	1829	1258	1039	789	1716	1762	1140	348	700	1992	104	1507	890	561	1588	497
gene-Eif2b4-l1	chrX	59038972	59040319	-	1348	775	618	511	570	351	68	427	665	528	434	289	66	25	642	523	420	377	497	711	486	134	310	645	56	567	317	240	609	128
gene-Eif3a	chr28	24889461	24941971	+	52511	5481	1745	2729	2970	3607	454	4430	2083	1984	2396	2350	381	426	1726	2313	2119	2202	4760	1510	1874	580	2886	4809	392	2532	1886	2478	1554	1096
gene-Eif3a-dl1	chr1	35953263	35958307	+	5045	7893	3114	5044	6208	6102	810	4833	4308	4048	4604	4435	712	328	4185	4670	5171	4464	7765	3754	4366	1328	5746	8586	480	5470	3860	4694	3494	2116
gene-Eif3e	chr11	7641815	7683988	+	42174	2617	1083	1052	1463	697	220	1817	1238	891	1442	589	180	148	1092	678	799	433	2182	1018	584	212	452	1857	148	885	685	384	977	362
gene-Eif3e-dl1	chr13	13292011	13293276	-	1266	210	112	153	252	104	28	100	136	142	200	104	26	2	96	212	183	132	212	121	181	58	116	374	12	224	128	86	144	76
gene-Eif3e-dl2	chr14	74024316	74027434	-	3119	450	276	414	476	298	56	334	257	318	406	245	50	18	294	234	256	204	288	186	296	86	208	398	34	351	224	110	217	100
gene-Eif3e-dl3	chr19	45198629	45200295	+	1667	632	324	446	814	336	82	274	396	441	652	294	66	33	423	508	596	397	564	462	454	189	386	836	37	648	430	343	449	166
gene-Eif3e-dl4	chr20	48365993	48368636	-	2644	1149	512	814	1176	538	58	574	602	708	1108	576	80	62	608	654	762	462	844	494	660	244	470	1108	60	758	563	444	420	270
gene-Eif3k	chr2	22014885	22025023	+	10139	4926	3696	4595	5905	3035	570	3288	4189	3897	5047	2586	511	276	4082	4582	4602	3019	3919	3696	4672	1464	2888	5102	420	4990	3454	2534	3661	1182
gene-Eif3k-l1	chr16	20745922	20746615	+	694	30	46	56	46	56	4	42	18	56	64	54	0	2	42	68	48	44	44	20	64	16	60	52	4	86	52	40	36	8
gene-Eif4b	chr16	47501302	47540785	-	39484	5100	3744	4172	7203	3646	744	4361	4756	3536	5873	2735	724	332	4374	3725	5833	2986	5960	4301	3941	1800	3271	6870	403	4191	4696	2733	3887	1740
gene-Eif4b-dl1	chr16	101604021	101605415	-	1395	2013	1650	2400	3720	1899	352	1626	2013	1820	2899	1590	286	110	2137	2041	2890	1478	2176	1873	1950	804	1828	3296	196	2239	2142	1389	1468	742
gene-Eif4b-dl2	chr21	57358319	57361648	+	3330	1014	920	904	1604	952	152	836	1091	877	1432	666	100	58	1010	984	1320	762	1247	826	962	460	726	1835	108	990	1082	634	909	410
gene-Eif4ebp2	chr1	24279175	24311134	-	31960	871	221	520	757	524	85	1063	256	419	751	393	87	174	275	374	549	511	1147	260	404	189	422	745	131	557	577	488	200	196
gene-Eif4ebp2-dl1	chr2	3118472	3118825	+	354	10	2	2	8	8	0	4	8	0	5	4	0	2	0	4	8	4	2	0	4	4	12	0	0	0	10	6	0	0
gene-Eif4ebp2-dl2	chr2	4259610	4259936	+	327	8	6	8	28	22	6	6	6	24	15	14	4	0	8	4	24	12	24	0	12	10	4	18	8	24	7	10	2	2
gene-Eif4ebp2-dl3	chr2	78141613	78141966	+	354	10	2	8	22	10	0	6	6	4	24	4	2	2	8	16	18	14	14	4	8	10	8	22	0	10	10	12	2	6
gene-Eif4g2	chr24	34380262	34396951	-	16690	20431	14113	18256	23844	10846	3186	21178	16055	15631	21503	8848	2873	1586	15263	18182	17404	10043	31271	12944	17766	5258	11308	28056	2026	19918	14692	9136	13142	6993
gene-Eif4g2-l1	chr5	106401850	106406419	+	4570	4271	3163	3833	5133	2442	648	4889	3637	3447	4964	2218	626	286	3365	3873	3848	1978	6710	2931	3951	1232	2467	5848	475	4533	3183	2152	2997	1368
gene-Eif5a	chr7	38393467	38398970	+	5504	7554	4042	5025	6074	5389	604	4922	5165	4456	5506	4908	529	359	4543	4596	4480	5039	4428	4209	5148	1444	5719	5686	538	4955	4037	4477	3942	1255
gene-Eif5a-l1	chr1	116864410	116865587	+	1178	174	104	98	188	128	18	176	136	118	160	132	10	14	90	108	116	202	78	106	144	48	130	126	8	132	108	164	106	26
gene-Eif5a2	chr16	82864821	82873142	-	8322	310	1211	437	835	101	68	431	1305	487	679	156	50	38	1321	394	557	141	647	1202	361	128	95	614	27	631	413	82	961	147
gene-Eif5a2-dl1	chr1	15564361	15565616	+	1256	92	288	148	242	46	28	102	270	156	190	32	16	6	340	128	180	50	150	330	110	34	34	176	10	174	132	46	300	70
gene-Ell2	chr3	61505231	61581198	+	75968	8554	5405	1437	7288	3933	228	3953	4885	1150	7137	2689	216	493	5543	959	5538	2439	3015	4670	1129	1689	1801	2881	394	1977	5530	2478	5529	723
gene-Ell2-l1	chrX	12026973	12056056	-	29084	4	0	0	4	2	0	8	2	4	0	8	0	0	0	1	4	2	6	0	4	0	0	4	0	0	4	5	1	0
gene-Elob	chr20	37331066	37334534	+	3469	578	410	964	1388	568	52	590	544	904	947	514	88	28	482	894	893	576	518	399	933	268	543	740	86	994	862	516	504	186
gene-Elob-dl1	chr11	30933156	30933942	-	787	1623	1599	3159	4301	1770	198	1764	1992	2655	3951	1647	242	114	1907	2825	3198	1697	1184	1611	3398	1115	1790	1830	216	2744	2982	1409	1511	459
gene-Elob-dl2	chr14	102096376	102096823	+	448	224	294	622	660	298	22	176	296	479	480	320	30	18	289	618	452	290	312	186	564	140	352	418	20	538	422	324	232	96
gene-Elob-dl3	chr15	92925553	92925903	+	351	66	38	104	102	82	8	38	66	74	112	70	4	0	60	112	80	62	48	46	106	24	92	104	4	82	70	80	40	12
gene-Elob-dl4	chrX	45079978	45080334	+	357	54	22	114	94	42	6	30	56	52	76	48	4	8	39	70	42	62	48	32	72	22	34	58	6	78	38	38	30	12
gene-Emb	chr10	90285128	90312998	-	27871	1777	1063	364	1967	40	140	1134	887	250	1312	6	112	304	1138	450	1460	66	1650	879	432	308	46	1940	320	468	1174	52	762	464
gene-Emb-dl1	chr16	21074314	21075097	-	784	118	72	48	176	4	20	86	50	36	90	2	6	24	82	78	113	16	176	69	40	32	10	198	28	76	114	0	60	42
gene-Emb-dl2	chr3	112955184	112956573	+	1390	938	463	286	1368	40	112	574	346	146	768	8	76	102	550	266	748	42	848	366	314	270	48	1242	156	348	720	40	398	302
gene-Eno1	chr19	35920767	35933675	+	12909	864	1005	2103	1964	1026	78	740	1460	1439	1895	962	76	58	1838	2750	2363	1624	706	1511	2636	810	1461	793	84	1610	1236	720	920	138
gene-Eno1-l1	chr20	48383970	48385561	-	1592	128	277	304	398	268	12	100	299	208	460	312	7	6	256	359	353	328	102	261	410	150	330	108	2	415	303	266	248	22
gene-Ensa	chr22	51488668	51496859	-	8192	1904	6645	2037	3600	1442	364	1734	8474	1706	3187	1362	340	212	7608	2246	2867	1652	3546	6938	2298	942	1703	4400	235	2454	2821	1530	7873	902
gene-Ensa-dl1	chr5	69560212	69562990	+	2779	941	2650	1506	2182	1097	286	934	2926	1190	2010	936	202	98	2048	892	1040	622	1090	1714	840	284	778	1560	64	958	844	607	1836	362
gene-Ep300	chr4	38903450	38994269	+	90820	8321	3913	4055	5569	3076	909	8887	4437	3876	5562	2637	788	1007	3896	3252	4425	2614	12379	3476	3467	1257	2939	8019	1062	4688	3983	2881	3153	1763
gene-Ep300-l1	chr4	39063937	39069868	+	5932	738	201	1794	2509	728	394	1012	244	1882	1746	481	315	108	317	1963	2124	674	3180	252	1804	530	511	3061	90	2774	1170	418	211	691
gene-Ep300-l2	chr4	39082665	39093641	+	10977	2834	6375	2918	5026	1154	624	3439	9345	2679	4619	930	538	358	6941	2834	4043	992	5535	6583	2810	1163	952	4982	396	3437	3312	886	6287	1030
gene-Ercc6l	chrX	108076813	108080479	+	3667	943	96	120	91	97	28	581	108	128	84	82	34	28	119	82	74	38	270	96	106	34	73	285	28	134	68	54	102	74
gene-Ercc6l-dl1	chr8	107724811	107728494	+	3684	0	0	0	1	0	0	2	0	1	0	0	2	2	0	1	0	4	7	0	0	0	0	3	4	0	0	14	0	1
gene-Erh	chr27	21026080	21039848	-	13769	1355	1325	1472	1625	1010	230	1422	2036	1180	1486	936	236	109	1364	688	729	579	1427	1398	622	214	504	1508	66	692	646	422	1386	228
gene-Erh-l1	chr15	100180591	100181366	-	776	1997	943	1533	1951	1136	170	958	1304	1469	1797	1281	144	46	1405	1788	1788	1749	1230	1498	1692	572	1545	1892	102	1544	1379	1280	1212	386
gene-Eri3	chr19	47038469	47172503	-	134035	2507	4088	2032	1714	758	268	3484	5158	1503	1632	581	219	361	3807	1418	1365	594	2889	3159	1104	306	525	2036	244	1566	928	447	2908	426
gene-Eri3-l1	chr4	84807453	84808559	+	1107	242	1498	846	626	232	74	322	2130	686	454	234	56	34	2216	940	605	300	464	2342	1072	226	444	728	100	1172	628	228	2378	170
gene-Esd	chr5	75081418	75107779	-	26362	800	392	892	2426	2301	246	983	622	622	2241	1709	216	144	524	524	2306	1949	2346	560	568	504	1703	2239	98	730	1846	1774	416	398
gene-Esd-l1	chr28	27360022	27360966	-	945	0	2	0	4	4	0	2	4	0	6	10	0	0	0	0	2	2	4	0	0	2	4	6	0	0	4	2	0	0
gene-Exoc5	chr27	8719592	8795768	+	76177	7362	6736	5759	7897	2434	996	6937	8898	5002	7313	2532	940	592	7898	4992	5813	2492	9511	6689	5174	1713	2854	10573	618	5410	4891	2356	7331	2154
gene-Exoc5-l1	chr20	22482826	22484984	-	2159	328	422	372	470	140	50	230	664	224	524	168	36	12	498	332	418	142	496	414	366	114	218	614	42	328	292	94	476	112
gene-Exosc2	chr14	109410740	109421618	+	10879	692	840	496	562	366	50	746	915	376	463	266	76	60	901	382	417	334	756	916	440	148	330	722	62	498	436	298	924	182
gene-Exosc2-l1	chr8	68703494	68704589	+	1096	280	388	187	266	208	44	219	421	146	189	100	24	18	399	188	180	188	236	263	168	82	191	239	20	162	174	184	388	62
gene-Exosc5	chr2	26742119	26744209	-	2091	172	138	91	199	156	18	126	252	98	165	160	24	6	195	90	107	138	143	164	73	41	132	191	16	118	108	126	170	49
gene-Exosc5-dl1	chr9	128199537	128200331	-	795	106	152	72	138	166	20	58	134	34	140	118	10	12	118	62	108	142	78	86	54	36	180	120	14	74	118	122	118	24
gene-Exosc8	chr5	132647958	132656315	+	8358	858	428	523	631	328	112	905	577	505	458	349	102	69	511	350	486	377	959	473	416	114	314	1060	68	428	401	290	464	205
gene-Exosc8-l1	chr9	64242410	64244213	+	1804	360	110	248	352	190	42	286	156	270	280	180	34	6	154	212	282	200	338	166	234	74	132	362	38	232	200	128	138	114
gene-Fabp1	chr22	13849979	13854176	+	4198	0	0	7	59	282	0	0	0	0	61	292	0	0	0	0	35	259	0	0	6	10	216	0	0	94	37	170	0	24
gene-Fabp1-l1	chr22	13878877	13883683	+	4807	0	0	1825	37466	262569	12	6	0	2	41474	218639	0	4	0	2	23019	221054	0	2	0	9318	190205	8	90	94	23148	143754	6	0
gene-Fabp1-l2	chr22	13912658	13916956	-	4299	12	0	20	18	81	0	10	0	14	18	32	0	2	0	12	24	36	0	2	10	10	31	0	0	74	22	24	0	8
gene-Fabp3	chr19	23116395	23125112	-	8718	207	2943	31814	5236	94	50	943	3172	25382	2874	90	26	137	3130	26961	4989	78	376	2654	29640	1668	66	349	224	22139	5244	110	3055	73
gene-Fabp3-dl1	chr24	43827465	43828143	-	679	10	1058	16279	2285	8	10	390	1246	13180	1514	2	2	42	1197	15029	2958	10	90	876	16822	890	6	16	164	12892	2924	8	1146	20
gene-Fabp3-dl2	chr3	87071230	87071637	-	408	0	0	0	0	0	0	0	0	2	0	0	0	0	0	0	0	0	0	0	0	0	0	0	0	0	0	0	0	0
gene-Fabp6	chr11	103411944	103415586	-	3643	4	2	8	6	2	2	16	2	2	2	0	0	0	0	8	2	6	12	4	0	0	0	20	0	8	0	0	0	0
gene-Fabp6-l1	chr16	49717825	49718704	+	880	14	2	8	2	7	0	14	10	4	19	4	4	1	2	4	2	0	16	2	0	5	2	28	6	1	10	8	8	2
gene-Fads2	chr4	48753357	48770281	+	16925	162	760	338	3310	1101	42	186	908	318	1487	490	38	12	800	330	1252	624	317	792	324	410	346	336	20	374	764	60	796	60
gene-Fads2-dl1	chr4	47369578	47386422	-	16845	323	1135	542	4801	1963	34	280	1104	498	2166	849	50	18	1457	616	1634	814	394	1242	570	606	668	548	24	453	1135	94	1076	92
gene-Fam162a	chr6	103292529	103330153	-	37625	1960	2971	11882	5428	2336	264	2120	3836	10453	5904	2960	275	223	3332	13259	4453	3287	2628	2931	13764	1441	2933	2656	320	11517	3544	2687	2782	556
gene-Fam162a-dl1	chr4	82246796	82247263	-	468	479	552	3704	1741	944	62	404	745	3384	1687	1189	64	36	703	4353	1349	1333	534	538	4584	400	1152	733	59	3914	1219	1000	538	154
gene-Fam170a	chr11	73134938	73150377	-	15440	0	0	0	0	2	0	2	0	0	0	0	0	0	1	2	0	0	0	0	0	0	0	0	8	0	0	25	2	0
gene-Fam170a-l1	chr6	13497067	13511893	+	14827	0	6	0	2	0	0	0	8	8	2	0	0	2	2	2	4	0	10	6	6	0	0	10	4	5	0	1	12	0
gene-Fam216a	chrX	58059942	58060633	+	692	0	0	0	2	0	0	0	0	0	0	2	0	0	2	0	4	0	0	2	0	0	0	0	0	2	0	0	6	0
gene-Fam216a-dl1	chr20	7973267	7987957	+	14691	642	3207	1306	2297	750	187	917	3840	1033	1783	670	203	56	3426	1073	1396	692	1572	3063	1103	458	820	1876	107	1106	1048	455	2762	356
gene-Fam32a	chr3	104072883	104077910	-	5028	1570	2191	2404	3832	1495	259	1528	2543	1905	2839	1334	299	125	2487	2138	2849	1265	1835	2228	2355	878	1248	2849	207	2094	2360	993	2068	701
gene-Fam32a-dl1	chr17	3441390	3443129	-	1740	20	0	4	0	2	2	46	2	2	0	0	2	6	0	4	2	0	10	4	0	2	0	0	4	4	2	8	0	2
gene-Fam32a-l1	chr17	58968633	58969975	-	1343	722	908	1278	1754	712	176	662	1058	1082	1550	696	100	62	1128	1084	1270	612	924	906	1106	456	738	1462	54	1124	1184	580	978	340
gene-Fam32a-l2	chr2	27025545	27032888	+	7344	0	0	0	0	0	0	2	0	0	0	0	0	0	0	0	0	0	0	0	0	0	0	0	0	0	0	0	0	0
gene-Fam72a	chr8	71726164	71740410	+	14247	189	38	24	9	4	26	140	42	22	8	12	2	2	72	10	8	2	64	61	17	0	6	56	6	34	14	16	64	18
gene-Fam72a-l1	chr5	53397289	53397729	-	441	4	0	0	0	0	0	0	0	0	0	0	0	0	0	0	0	0	0	0	0	0	0	0	0	0	0	0	0	4
gene-Fbf1	chr18	19391673	19420260	-	28588	870	445	405	539	241	118	854	570	279	445	158	92	66	546	324	386	130	869	609	361	113	161	787	58	363	335	135	486	176
gene-Fbf1-l1	chr18	18994690	18999137	-	4448	45	38	35	47	21	4	58	31	38	42	14	10	4	25	12	24	10	72	38	38	2	18	83	2	22	30	18	19	19
gene-Fbxo27	chr2	22418205	22423047	-	4843	102	79	71	42	10	31	212	44	27	14	10	6	10	45	40	53	6	140	36	34	9	15	202	21	44	30	8	36	41
gene-Fbxo27-l1	chr2	22457185	22486886	-	29702	422	66	197	20	254	19	1211	56	49	8	4	12	36	55	73	26	115	192	62	92	7	18	108	69	121	20	50	69	37
gene-Fcf1	chr27	969403	992112	-	22710	603	373	374	331	178	56	706	542	282	226	177	63	44	431	271	255	220	698	442	216	56	214	542	53	328	223	142	393	130
gene-Fcf1-dl1	chr21	49540144	49540740	+	597	4	2	0	0	0	0	0	0	0	0	0	0	2	0	0	2	2	0	0	0	4	0	2	0	0	2	0	2	0
gene-Fcf1-dl2	chr28	34209186	34209782	+	597	0	0	0	0	0	0	0	0	0	0	0	0	0	2	0	0	0	0	0	0	0	0	0	0	0	0	0	0	0
gene-Fcf1-dl3	chr6	2294514	2295074	-	561	2	0	0	2	8	0	0	0	0	0	0	0	0	0	0	0	1	0	0	0	0	0	0	0	2	0	4	0	0
gene-Fcf1-dl4	chr8	123212051	123212647	-	597	24	20	30	24	18	2	24	12	8	14	18	4	0	20	34	14	16	28	30	24	2	24	52	0	36	11	18	34	6
gene-Fcf1-dl5	chr9	33143618	33144471	+	854	2	4	2	6	2	0	2	2	0	0	4	0	0	8	4	4	0	0	7	8	2	2	4	0	10	0	2	8	0
gene-Fcf1-dl6	chr9	64875459	64876127	+	669	2	7	0	2	7	0	3	2	4	0	2	2	0	0	3	4	0	2	5	0	0	0	0	0	0	0	0	9	1
gene-Fcf1-dl7	chrX	57513944	57514602	-	659	18	10	14	20	12	0	10	16	12	16	2	0	2	18	10	24	16	8	10	6	6	14	18	0	24	10	6	12	2
gene-Fcf1-dl8	chrX	136095600	136096254	+	655	5	8	12	6	16	0	3	6	2	13	2	0	0	14	12	6	0	12	12	8	0	10	10	0	4	8	6	8	4
gene-Fcf1-l1	chr27	319831	320511	-	681	8	8	12	2	4	0	4	10	6	14	6	4	0	6	19	8	9	8	7	8	4	4	22	0	2	10	12	4	6
gene-Fcf1-l2	chr4	51790473	51791148	+	676	0	0	0	0	0	0	0	0	0	0	2	0	0	0	0	0	0	2	0	0	0	0	0	0	0	0	0	0	0
gene-Fhit	chr19	91046734	91452922	-	406189	57	101	52	46	35	14	83	254	40	32	18	0	6	123	50	27	20	48	89	30	10	23	44	14	32	24	17	243	14
gene-Fhit-l1	chr19	31897929	31900915	-	2987	230	437	237	245	77	42	215	589	152	208	100	18	16	432	155	167	134	303	425	192	51	87	312	26	157	144	107	451	75
gene-Fkbp1a	chr20	55322471	55346440	+	23970	7315	9939	9737	5705	3568	1080	6357	14060	8604	4753	3180	1016	452	11095	10154	4075	3258	9996	9305	10224	1360	3888	11095	596	9923	3619	2980	10804	2202
gene-Fkbp1a-l1	chr16	82542280	82599764	-	57485	46	65	68	48	16	8	55	117	79	39	24	2	4	78	76	22	28	62	68	84	2	22	73	0	63	25	20	84	13
gene-Fkbp3	chr8	18968141	18980435	+	12295	1153	1640	1353	1103	581	211	1281	1926	1008	891	491	186	159	1672	1253	770	500	1732	1870	1060	267	560	1829	155	1239	747	446	1634	373
gene-Fkbp3-dl1	chr13	36749300	36750247	-	948	2	2	2	4	0	0	0	10	2	2	1	0	0	4	6	0	0	0	0	1	0	8	0	0	2	0	0	0	0
gene-Fkbp3-dl2	chr19	35784383	35788537	-	4155	144	58	112	36	18	4	134	58	76	39	26	4	2	52	104	44	40	51	50	134	10	36	42	12	102	38	16	44	8
gene-Fkbp3-dl3	chr22	30662114	30663091	-	978	0	12	0	9	8	0	2	13	12	2	8	2	2	2	14	6	2	2	4	8	0	8	8	0	12	2	10	8	2
gene-Fkbp3-dl4	chr27	15861298	15862717	+	1420	58	72	112	58	24	0	40	84	66	46	22	0	4	98	88	26	34	36	68	132	10	28	42	0	116	26	12	82	12
gene-Fkbp3-dl5	chr8	107492964	107493638	+	675	18	20	46	45	31	0	8	24	36	85	38	0	2	20	38	46	12	10	2	50	10	28	18	0	22	60	28	29	2
gene-Fkbp3-dl6	chrX	25813338	25818126	-	4789	287	372	349	274	92	122	389	584	335	221	100	80	35	364	340	190	92	927	407	226	89	84	978	24	371	253	122	367	246
gene-Fkbp4	chr9	82728005	82739961	+	11957	3068	2909	2274	5035	4315	1133	2288	3051	1768	4295	3546	934	192	3340	1930	4188	4009	10749	2770	2075	1310	4361	10582	247	2256	3474	3311	2688	2434
gene-Fkbp4-dl1	chrX	73712327	73713703	+	1377	3446	3006	2776	6358	6770	1421	2598	3563	2446	5674	5450	1156	228	3758	2442	5192	5984	12380	3025	2410	1580	6781	13840	314	3110	4403	4854	2910	3340
gene-Fmo5	chr21	2032597	2056084	+	23488	1884	138	1200	5640	37610	590	2788	252	995	4782	31461	442	410	154	914	3319	34133	5012	118	780	1245	33587	5520	320	1130	2653	26943	122	1232
gene-Fmo5-l1	chr2	59858879	59879549	-	20671	0	0	0	0	0	0	0	0	0	0	0	0	0	1	0	0	0	0	2	0	0	0	0	0	0	0	6	0	0
gene-Fndc11	chr20	91298383	91300891	+	2509	12	36	72	52	6	20	22	50	34	44	10	20	8	59	44	70	4	138	70	48	16	6	137	10	34	48	14	37	24
gene-Fndc11-l1	chrX	141461130	141462186	-	1057	4	10	4	6	4	4	8	26	12	6	0	10	2	8	16	18	0	40	6	16	4	10	32	0	8	6	0	8	16
gene-Fnta	chr1	92312905	92370108	+	57204	3724	3085	3629	4824	4119	669	3937	3351	3312	4719	3679	616	426	3461	3339	3934	3708	5587	3337	3207	1305	3780	6645	511	3507	3550	3547	2943	1427
gene-Fnta-dl1	chr18	18783094	18784203	-	1110	314	298	552	584	592	46	226	318	388	636	520	62	30	318	470	458	610	666	356	436	154	558	756	38	596	372	472	306	178
gene-Fpr2	chr2	36501960	36510228	+	8269	2	0	0	0	0	0	2	0	2	0	0	2	0	12	0	0	2	4	10	0	0	0	8	0	2	2	0	0	2
gene-Fpr2-l1	chr2	36609939	36610997	-	1059	0	0	0	0	0	2	2	0	4	0	0	4	0	0	0	0	0	26	0	0	0	0	39	0	0	0	4	0	10
gene-Fpr2-l2	chr2	36693093	36700703	-	7611	3	0	0	0	0	145	4	0	0	0	0	103	0	0	0	0	0	923	0	0	0	0	1758	0	0	0	6	0	539
gene-Fpr2-l3	chr2	36741586	36742872	-	1287	2	0	0	0	0	5	4	0	0	0	0	7	0	0	0	0	0	22	0	0	0	0	45	0	2	0	0	0	25
gene-Fpr2-l4	chr2	36780876	36797534	+	16659	6	0	0	0	0	0	61	0	2	0	0	0	2	0	2	0	0	14	0	0	0	0	4	4	0	0	0	0	0
gene-Fsbp	chr24	25208101	25209184	+	1084	0	0	0	0	6	0	0	0	0	0	2	0	0	0	0	0	0	0	0	2	0	2	0	0	0	0	0	1	0
gene-Fsbp-dl1	chr11	30948917	30955612	+	6696	271	114	116	154	97	15	177	190	198	176	126	22	16	173	104	129	168	208	136	124	42	163	230	18	129	76	82	115	43
gene-Fsip2	chr9	43373943	43448173	+	74231	2	6	2	1	0	0	2	6	0	2	0	2	0	6	2	0	0	14	8	4	2	0	2	10	0	4	88	0	0
gene-Fsip2-l1	chr26	53081893	53104227	-	22335	2380	2130	1689	1772	808	428	2739	2677	1633	1656	689	404	266	2683	1819	1830	761	5893	2396	1775	442	503	5581	280	1773	1246	583	2032	1120
gene-Fth1	chr4	48840672	48843259	-	2588	426	554	820	934	830	174	884	568	711	913	702	100	90	623	778	691	717	2602	544	948	212	1080	2672	108	1065	586	856	402	674
gene-Fth1-dl1	chr12	101582109	101582923	+	815	123	200	266	465	306	70	337	144	226	306	220	38	28	204	284	328	188	530	210	324	99	338	616	64	338	185	276	172	194
gene-Fth1-dl2	chr13	39513253	39514058	+	806	1124	1497	2762	4128	3348	621	2574	1803	2474	3418	2122	412	240	1822	2474	3015	2434	5614	1600	3292	890	3303	6794	360	3141	2106	2638	1438	2012
gene-Fth1-dl3	chr22	31743914	31744459	-	546	22	22	46	56	52	10	44	40	26	58	14	8	8	22	30	34	28	176	20	56	20	56	138	4	28	46	34	24	44
gene-Fth1-dl4	chr4	101308387	101308998	-	612	2	2	8	18	2	2	4	2	14	8	8	0	0	4	2	8	0	16	1	2	0	2	2	0	19	8	0	6	2
gene-Fth1-dl5	chr8	14652779	14653477	+	699	32	30	58	84	54	16	92	18	44	54	56	12	2	54	54	52	40	212	18	106	16	116	188	2	122	46	54	46	40
gene-Fth1-dl6	chrX	23387183	23387731	-	549	88	138	186	248	196	48	220	152	128	264	160	30	16	152	156	148	190	574	64	220	76	304	422	30	218	140	178	106	138
gene-Fth1-dl7	chrX	146724818	146725159	+	342	0	0	2	2	0	0	0	0	2	2	0	4	0	2	0	1	0	8	0	0	0	2	2	0	6	0	0	4	0
gene-Fth1-dl8	chrX	160444925	160445608	+	684	0	0	0	0	0	0	0	0	0	0	0	0	0	0	0	0	0	0	0	0	0	0	0	0	0	0	2	0	0
gene-Fundc2	chrX	941450	963886	-	22437	1216	1421	4413	3617	423	255	1750	1861	3885	3748	264	272	215	1745	4004	2509	297	2018	1520	4058	1025	321	2829	453	3926	2132	253	1542	590
gene-Fundc2-dl1	chr24	42624686	42625141	-	456	355	414	1498	964	76	56	496	480	1394	894	40	56	38	444	1600	666	84	548	346	1296	210	62	762	112	1384	632	60	344	166
gene-Fxyd5	chr2	17960327	17970481	-	10155	433	351	1630	543	76	410	856	545	1498	518	98	467	66	512	1536	494	114	3691	508	1478	124	112	5232	74	1822	334	62	372	1034
gene-Fxyd5-l1	chr1	140059189	140059901	+	713	60	38	132	40	6	40	96	34	136	52	6	36	12	34	146	34	6	340	30	140	16	8	456	8	160	30	6	50	84
gene-Fzd10	chr4	64296943	64299587	+	2645	84	3	0	0	0	0	22	22	0	0	0	0	4	6	2	0	0	0	6	0	0	0	0	2	0	0	0	0	4
gene-Fzd10-l1	chr20	1721662	1723456	-	1795	1236	37	0	6	0	4	241	76	4	1	0	4	28	50	0	2	0	34	10	6	0	0	38	18	0	0	0	40	22
gene-Gabarap	chr7	38307142	38309385	-	2244	3355	2670	5556	7687	3854	742	4265	3452	5340	7186	3718	716	372	3128	5556	5612	3368	5870	2757	5855	1932	4116	7749	456	5768	4704	3332	2604	1836
gene-Gabarap-dl1	chr10	23205298	23205651	-	354	585	379	1113	1419	761	109	768	627	998	1345	763	92	34	590	937	1081	709	1013	513	1170	358	771	1586	69	1172	862	592	478	335
gene-Gabarapl1	chr4	16054883	16062900	-	8018	2287	19446	9540	6939	3458	1088	2876	26128	8699	6780	3748	1098	262	21267	10852	5273	3804	8972	19590	8247	1676	4534	11031	366	11093	4715	3057	19788	2576
gene-Gabarapl1-dl1	chr11	114885585	114887180	-	1596	290	2870	1466	902	542	156	302	4102	1304	970	626	168	16	3110	1582	792	532	1289	2867	1198	256	658	1676	38	1726	616	535	2958	398
gene-Gabarapl2	chr1	164467789	164483314	+	15526	1613	2396	2268	2768	1715	260	957	3474	1900	2928	1880	278	144	2922	1894	2290	2033	2421	2418	2036	648	2140	2816	186	2445	1838	1566	2404	594
gene-Gabarapl2-dl1	chr18	68888947	68889300	+	354	637	1410	1226	1614	933	165	411	1869	958	1693	983	140	66	1673	1315	1225	998	980	1504	1286	443	1206	1539	98	1268	1181	811	1317	337
gene-Gabarapl2-dl2	chr4	62911676	62912286	-	611	2	42	37	2	4	0	8	6	31	2	0	0	4	41	35	2	4	4	14	31	6	2	2	8	73	0	4	17	0
gene-Gapdh	chr4	100488252	100492227	-	3976	356	947	1130	1181	930	74	894	1315	720	873	646	36	110	1137	1100	826	698	470	1196	790	212	642	362	162	1053	841	522	1030	94
gene-Gapdh-l1	chr11	116492656	116494426	-	1771	42	100	60	416	26	0	44	87	66	348	38	4	6	82	38	262	30	14	82	58	71	8	14	14	54	246	28	74	6
gene-Gapdh-l2	chr20	14232565	14233809	+	1245	0	0	0	0	0	0	0	2	2	0	0	0	0	4	0	3	0	0	0	0	0	0	0	0	0	0	0	1	0
gene-Gbp5	chr21	52022660	52037100	+	14441	120	44	833	202	67	173	585	50	382	103	6	75	50	69	373	143	29	652	35	321	49	13	764	31	407	69	41	38	138
gene-Gbp5-dl1	chr21	51760170	51769135	-	8966	160	286	3532	205	47	733	577	381	1588	66	14	208	26	441	3074	155	26	2216	484	3229	58	41	4125	147	2963	111	46	440	838
gene-Gbp5-dl2	chr21	52458690	52463944	+	5255	6	5	254	6	10	41	38	19	79	5	0	6	6	10	166	2	0	96	25	143	2	4	173	6	198	2	0	48	21
gene-Gbp5-dl3	chr21	52463884	52468014	+	4131	9	8	262	16	5	28	39	18	62	17	0	16	6	11	174	12	6	120	17	187	0	8	214	5	169	24	5	25	53
gene-Gbp5-l1	chr21	52489084	52503958	+	14875	164	37	980	366	325	295	375	42	442	204	82	87	51	49	644	333	68	1103	46	573	109	166	1457	83	584	191	71	54	203
gene-Gbp6	chr21	52260734	52287323	+	26590	311	146	2791	649	424	594	785	182	1353	424	142	247	96	166	2129	342	280	3450	215	1711	156	414	3820	101	1403	268	161	150	549
gene-Gbp6-l1	chr21	51841750	51842883	-	1134	42	23	267	83	78	105	105	33	148	29	37	61	4	43	207	50	58	550	29	189	14	51	893	11	188	34	51	22	125
gene-Gbp6-l2	chr21	51950529	51973764	-	23236	142	52	1181	345	433	310	374	102	482	172	88	105	33	71	477	129	109	1011	90	488	76	212	1421	54	478	125	117	58	237
gene-Gbp6-l3	chr21	52545438	52558767	+	13330	6	0	1	20	8	1	2	0	0	14	2	0	0	0	0	31	10	0	1	2	10	2	1	0	0	25	8	2	0
gene-Gdi2	chr13	70653475	70691846	-	38372	3393	1508	1431	1946	1791	295	3393	2115	1239	1728	1846	306	371	1691	1073	1423	1496	3513	1667	1095	480	2115	2947	345	1466	1368	1962	1881	641
gene-Gdi2-dl1	chr12	12319686	12321625	-	1940	2528	2218	1592	4010	3674	358	1680	2650	1591	3098	4006	296	130	2398	1718	2563	3159	2627	2108	1520	930	4092	3310	168	2008	2206	3832	2232	830
gene-Gdi2-dl2	chr19	81613378	81616063	-	2686	1289	1055	847	1982	1979	192	850	1391	809	1661	2118	158	58	1320	951	1332	1557	1375	1049	858	510	2319	1913	88	1082	1096	2050	1188	421
gene-Gfm1	chr16	69969235	70021384	+	52150	3614	2969	4745	5063	2544	548	3667	5772	3692	4639	2400	478	258	3420	4242	3829	2744	4950	3493	3894	1202	2443	5494	278	4270	3335	2126	4127	1133
gene-Gfm1-dl1	chr4	94105135	94107986	+	2852	1258	1730	3408	4301	2450	144	772	2340	2594	3838	2346	142	70	1990	3258	3289	2900	1188	1766	2968	952	2348	1316	114	3070	2640	2096	1948	386
gene-Ggta1	chr14	97408677	97426720	-	18044	12	2	3	0	0	0	20	2	0	0	0	0	0	8	2	0	0	6	4	4	0	0	6	0	7	0	4	1	2
gene-Ggta1-l1	chr14	97434560	97528618	-	94059	874	273	985	3106	82	310	2056	496	900	1702	96	232	201	379	677	2615	59	2921	312	829	583	69	2800	136	1540	1393	58	305	706
gene-Gins3	chr1	146050212	146060322	+	10111	687	188	1193	618	149	88	714	225	1340	648	158	96	76	184	1382	493	173	633	123	1705	144	119	853	84	1364	387	124	147	212
gene-Gins3-dl1	chr6	61899597	61900759	+	1163	96	32	276	124	18	24	106	40	362	140	38	12	10	40	326	138	44	122	35	342	28	28	100	11	268	88	22	30	38
gene-Gja1	chr18	78522375	78530364	-	7990	52905	6315	12516	4842	306	514	11920	7850	12554	1492	226	564	476	7426	12853	1291	114	5898	6886	12794	439	154	5578	524	12106	1164	202	4686	1348
gene-Gja1-l1	chrX	45364153	45366754	+	2602	153	211	158	115	217	34	210	229	86	121	177	26	29	276	77	150	218	294	210	96	43	199	299	22	123	116	163	161	104
gene-Glrx3	chr28	12691582	12726981	-	35400	3104	2010	2849	2343	2342	264	2779	2385	2466	2146	2247	296	216	2199	2854	1834	2522	2749	2031	2786	534	2410	2644	234	3054	1574	2002	1999	593
gene-Glrx3-dl1	chr19	48384588	48385592	+	1005	1674	1383	2241	2067	2011	182	1263	1593	2034	1813	1934	188	90	1577	2455	1352	1978	1287	1238	2398	482	2126	1624	137	2553	1298	1527	1410	392
gene-Gltp	chr20	20477431	20498762	-	21332	2670	946	544	1430	432	224	1452	1074	450	1459	384	192	173	1236	493	1094	408	1719	1492	634	510	496	2706	336	592	882	306	841	510
gene-Gltp-dl1	chr23	63740642	63742592	+	1951	3106	1198	633	1891	532	248	1411	1120	568	1812	480	246	212	1671	560	1444	438	1809	1132	498	346	482	2270	188	710	1069	454	1100	638
gene-Glud1	chr6	4498204	4540767	+	42564	6217	17574	9941	62963	94108	1382	10358	21353	7801	54961	113187	1344	835	17872	8726	43397	98219	12684	17402	7964	12194	119413	13621	1242	10221	29477	72787	16835	3278
gene-Glud1-dl1	chr28	3209310	3210368	-	1059	376	1472	767	5202	8040	106	720	1683	610	4479	10373	110	57	1575	753	3751	8750	1071	1417	661	996	10224	1246	56	920	2537	6244	1379	269
gene-Glul	chr8	96820887	96827680	+	6794	1648	7396	3537	13551	2871	541	2688	7501	2106	15879	1511	318	621	6228	2466	12984	1708	5426	6257	2397	4266	1448	5388	708	4384	12545	1409	6450	2040
gene-Glul-dl1	chr25	23766116	23768506	+	2391	750	7821	1975	18996	2516	206	1226	8456	1682	19363	1824	216	202	6829	1928	13198	1743	1648	6841	1833	4774	1474	2580	414	2658	12736	1490	7004	938
gene-Glul-dl2	chr5	91490422	91492733	+	2312	588	9246	2582	20506	3324	244	1364	9806	2208	21552	2308	268	232	5981	1722	10889	1584	1342	5723	1842	3876	1490	2046	338	2456	11359	1434	5444	756
gene-Glyatl3	chr11	51784196	51785501	+	1306	0	0	0	0	0	0	0	0	0	0	0	0	0	0	0	4	0	0	0	0	0	0	0	0	0	0	0	0	0
gene-Glyatl3-l1	chr17	63603744	63616219	+	12476	0	2	0	3	0	2	1	0	0	0	0	0	0	0	0	0	0	0	0	0	0	0	2	0	0	0	0	0	0
gene-Gnai2	chr6	62562584	62565143	-	2560	2848	2916	2749	3153	1887	1303	4715	3944	2673	2569	1888	1232	318	3182	3041	2460	1854	9330	3315	2802	821	2038	12025	492	3670	1789	1342	2768	2909
gene-Gnai2-l1	chr1	52018856	52020473	-	1618	356	282	262	226	164	151	447	378	230	222	154	98	22	256	282	188	128	1022	254	288	58	238	1188	42	482	138	154	236	302
gene-Gnai2-l2	chr6	62565144	62566511	-	1368	1391	1258	1426	1176	933	609	2343	1737	1328	1120	908	494	143	1296	1388	1134	805	4917	1373	1220	360	1021	5834	212	1925	778	779	1319	1345
gene-Gnai3	chr21	14360477	14410247	-	49771	3956	2079	1711	1826	1697	419	4001	3041	1565	1740	1501	289	430	2226	1469	1477	1534	4810	2309	1280	425	1726	4044	352	1742	1180	1342	2153	904
gene-Gnai3-dl1	chr18	67123509	67125782	+	2274	470	101	192	284	244	84	297	158	160	316	284	54	26	126	170	204	320	364	106	150	66	314	460	22	216	186	286	130	124
gene-Gnai3-dl2	chr2	65050434	65052565	+	2132	302	103	142	236	248	56	232	144	145	200	216	42	12	110	186	218	244	332	100	152	32	288	438	24	172	126	202	98	96
gene-Gnaq	chr9	95935556	96241971	+	306416	11135	7321	5691	3696	3079	1151	22541	8096	5053	4367	2060	959	2132	8528	3645	3844	2374	14756	6991	3801	868	3308	11861	2022	7999	2901	3248	7674	2796
gene-Gnaq-dl1	chr4	60764433	60768170	+	3738	162	655	208	242	130	32	358	815	190	226	100	48	22	903	184	178	177	492	813	204	78	254	530	48	399	238	313	1022	170
gene-Gnas	chr15	17668652	17685855	+	17204	3063	18564	9956	15562	4012	750	6305	23057	8721	13036	3786	864	394	19896	9938	10600	3418	7524	18558	10234	3381	3474	8300	644	9727	9776	3298	17862	1850
gene-Gnas-l1	chr16	52490700	52491821	+	1122	0	0	0	0	0	0	0	0	0	0	0	0	0	0	0	0	0	0	0	0	0	0	0	0	0	0	0	0	0
gene-Gnas-l2	chr16	52536056	52537195	-	1140	0	0	0	0	0	0	0	0	0	0	0	0	0	0	0	0	0	0	0	0	0	0	0	0	0	0	0	0	0
gene-Gnas-l3	chr16	52695299	52696444	-	1146	0	0	0	0	0	0	0	0	0	0	0	0	0	0	0	0	0	0	0	0	0	0	0	0	0	0	0	0	0
gene-Gnas-l4	chr16	52816005	52843906	-	27902	3	3	1	1	2	0	6	4	1	3	1	0	0	4	5	0	0	12	1	2	3	0	5	1	3	2	0	1	1
gene-Gnas-l5	chr16	52961665	52963438	-	1774	123	117	0	7	38	2	22	120	0	4	6	0	0	103	0	0	0	11	73	6	0	0	6	0	0	4	2	88	0
gene-Gnas-l6	chr20	86050819	86110800	+	59982	2976	13879	9235	13173	3658	760	6762	18195	7764	11719	3265	792	550	14986	9103	9524	3020	8788	14103	9027	3140	2851	8066	690	8833	8327	2835	13719	1793
gene-Gng10	chr14	86572630	86580134	+	7505	996	1764	1316	1791	420	356	2056	2998	1574	2074	668	398	82	2444	1482	2056	650	3270	2134	1710	640	856	4364	214	1848	1222	416	2110	1004
gene-Gng10-dl1	chr7	31136377	31137526	+	1150	42	64	34	46	30	4	72	88	44	70	14	12	2	44	48	64	12	108	76	72	26	36	160	2	72	28	22	64	24
gene-Gng5	chr21	46625653	46632792	-	7140	791	349	910	698	711	168	595	455	715	647	616	135	77	314	706	484	525	1511	340	740	145	584	1685	72	561	417	412	323	268
gene-Gng5-dl1	chr8	36156028	36156470	+	443	30	16	76	70	112	14	36	32	54	50	76	10	2	18	78	54	70	98	14	80	20	58	150	4	42	22	26	10	18
gene-Gng5-dl2	chr9	44697079	44697363	-	285	0	2	0	0	0	0	0	0	0	0	0	0	0	0	4	0	0	10	0	0	0	0	2	0	0	0	0	0	2
gene-Gng5-dl3	chr9	56927616	56928274	+	659	60	6	64	75	46	14	28	24	88	54	62	6	2	12	106	36	68	126	4	86	12	72	103	4	80	38	26	10	32
gene-Gnl3	chr19	88634974	88644634	+	9661	2204	1272	1655	1337	830	217	1860	1653	1417	1318	698	176	122	1351	1361	899	688	1784	1367	1381	307	731	1740	158	1432	869	597	1269	378
gene-Gnl3-dl1	chr1	116337858	116339045	-	1188	227	89	282	154	168	14	169	131	278	108	198	12	8	124	340	140	172	130	126	312	24	136	144	26	303	86	156	104	20
gene-Got1	chr28	6888061	6913334	-	25274	1000	7512	8788	6746	15022	208	886	8101	6677	6508	11381	116	136	8558	10118	6198	14105	2030	6965	9812	1758	9020	2082	266	9681	4977	9644	7821	546
gene-Got1-dl1	chr10	69534009	69535994	+	1986	336	4314	4764	3630	7140	80	312	4784	3956	3362	5490	56	62	4738	5606	3164	7056	746	3772	5412	916	4276	896	110	5306	2289	4492	4082	240
gene-Gpkow	chrX	133861062	133890393	+	29332	621	1124	1308	1256	695	199	728	1353	894	995	566	170	69	1432	1167	1023	679	1380	1148	1126	321	659	1537	99	1368	862	439	1328	370
gene-Gpkow-l1	chr20	19174322	19177886	-	3565	865	914	880	1378	726	158	618	1121	742	1211	534	100	60	1127	846	1084	612	914	837	804	338	646	1356	70	904	892	518	926	312
gene-Gpkow-l2	chr9	53789175	53792958	-	3784	45	50	20	17	25	6	28	50	12	15	20	7	3	60	35	18	33	55	42	41	11	32	55	8	40	32	29	49	13
gene-Gpx7	chr19	55386964	55401449	+	14486	1384	676	1682	837	1512	273	3664	1092	1770	534	1494	274	142	1094	1892	654	1674	2298	692	1820	202	1996	2866	218	2322	538	1420	762	810
gene-Gpx7-l1	chr16	72116362	72119041	-	2680	339	132	339	191	324	60	878	200	404	127	350	68	44	210	381	104	370	599	138	414	50	482	680	48	594	113	366	154	123
gene-Grb2	chr18	18677722	18763947	-	86226	3675	6390	3625	5154	2852	790	4865	8941	3028	4830	2349	759	551	7532	3041	4164	2680	7478	6801	3508	1222	2719	7704	514	3528	3330	2390	6990	1687
gene-Grb2-l1	chr1	515031	515674	+	644	19	71	38	36	41	10	38	90	26	24	26	2	8	82	20	24	20	42	44	54	2	30	97	2	32	36	26	64	6
gene-Gsdmc	chr26	10658955	10678053	+	19099	1334	0	0	4	0	0	468	0	0	2	0	0	110	0	0	16	0	0	0	0	2	0	0	102	0	0	0	0	0
gene-Gsdmc-l1	chr26	10718493	10741950	-	23458	348	52	64	10	4	16	662	58	93	4	2	20	82	44	64	16	4	171	52	83	2	6	185	72	129	17	18	62	52
gene-Gsta4	chr15	3333919	3351060	+	17142	1308	5478	1458	1177	3347	195	1831	5706	1203	969	2177	203	160	5311	1262	1030	2438	1853	5005	1100	333	2112	2039	164	1298	770	2081	5238	512
gene-Gsta4-l1	chr15	3367042	3401396	+	34355	1046	496	1875	586	5794	887	2069	562	1830	504	3836	874	186	825	2052	500	4684	7451	629	1684	175	3081	5982	173	2375	331	3172	443	1647
gene-Gsto1	chr28	40729563	40740477	-	10915	2546	1652	2099	14692	27983	766	3048	2096	1547	9555	21879	556	214	2008	1722	9073	20956	6430	1812	1567	2561	28347	8142	304	2206	6908	17767	1554	1942
gene-Gsto1-dl1	chr10	12684315	12685502	-	1188	2249	1596	1736	17389	24841	739	2780	2083	1262	10965	18917	570	150	2016	1405	10282	19084	4576	1739	1268	3260	24284	5968	286	1693	8095	15705	1622	1580
gene-Gstp1	chr4	80794886	80797641	-	2756	3527	9177	17773	6742	36306	3396	8012	10775	14732	7124	23304	3454	600	10590	15978	4208	30051	27264	9769	17939	2908	56014	49182	1226	14771	3966	29203	8204	8496
gene-Gstp1-l1	chr3	124855694	124856519	+	826	1196	3288	6524	2226	12318	1052	2392	3818	5127	2398	8300	1090	156	3518	5470	1452	10225	9638	3228	6184	870	20038	16676	426	5410	1178	9904	2738	3000
gene-Gtf3c3	chr9	53743591	53772381	-	28791	6739	10920	5264	7150	5526	1019	5771	12809	4392	5597	4541	994	564	12001	4512	5365	5580	8645	10606	4719	1660	6074	10070	570	4959	4487	4969	10383	2559
gene-Gtf3c3-l1	chr9	53779377	53784557	-	5181	5	9	1	9	0	4	11	12	5	7	4	0	0	12	5	6	0	14	11	4	1	0	27	4	1	5	2	17	4
gene-Gvinp1	chr24	28593397	28734513	+	141117	83	13	170	121	164	466	589	29	159	87	110	397	20	32	270	69	101	3284	25	236	24	105	2720	16	324	24	88	20	463
gene-Gvinp1-l1	chr24	28130154	28137440	-	7287	0	0	4	2	8	0	2	2	0	4	2	0	0	0	0	0	0	0	0	0	0	2	0	0	68	0	4	0	2
gene-Gvinp1-l2	chr24	28303419	28308533	-	5115	0	0	2	46	0	0	4	0	0	60	12	0	0	0	0	36	2	0	0	0	12	10	0	0	25	28	12	0	4
gene-Gvinp1-l3	chr24	28949662	28994598	+	44937	329	62	1166	563	1608	1773	1232	97	898	253	819	1418	74	109	1422	271	739	13603	100	1387	101	1094	13212	106	1246	168	950	31	2241
gene-Gzmb	chr8	42142883	42176412	+	33530	38	0	67	64	121	201	116	0	18	20	46	134	12	0	93	28	58	963	4	106	8	122	2362	10	56	26	117	0	237
gene-Gzmb-l1	chr8	42227191	42230346	+	3156	4	0	3	2	0	4	2	0	0	0	0	2	2	0	0	0	0	9	0	0	0	0	1	0	0	0	3	0	4
gene-Gzmb-l10	chr8	43230910	43234277	+	3368	0	0	0	0	0	0	0	0	0	0	0	0	0	0	0	0	0	0	0	0	0	0	0	0	0	0	0	0	0
gene-Gzmb-l11	chr8	43328542	43331922	+	3381	0	0	0	0	0	0	0	0	2	0	0	0	0	0	0	0	0	0	0	0	0	1	0	0	0	0	0	0	0
gene-Gzmb-l12	chr8	43432896	43486877	+	53982	13	13	13	19	21	8	14	35	28	16	7	7	4	12	18	7	8	24	19	22	4	1	32	7	15	8	14	9	4
gene-Gzmb-l13	chr8	43519831	43522882	+	3052	0	0	0	0	0	0	0	0	0	0	0	0	0	0	0	0	0	0	0	0	0	0	4	0	0	0	0	0	0
gene-Gzmb-l14	chr8	43559651	43562906	+	3256	0	0	0	0	0	0	0	0	0	0	0	0	0	0	0	0	0	0	0	0	0	0	0	0	0	0	0	0	0
gene-Gzmb-l15	chr8	43715863	43719495	+	3633	0	0	0	0	0	0	0	0	2	0	0	0	0	0	0	0	0	2	0	0	0	0	0	0	0	0	0	0	4
gene-Gzmb-l2	chr8	42302075	42305196	+	3122	0	0	0	0	4	0	0	0	0	0	2	0	0	0	0	0	0	0	0	0	0	18	8	0	0	0	12	0	0
gene-Gzmb-l3	chr8	42367496	42371251	+	3756	0	0	0	0	0	0	0	0	0	0	0	0	0	0	0	0	0	0	0	0	0	0	0	0	0	0	0	0	2
gene-Gzmb-l4	chr8	42452888	42455911	+	3024	0	0	0	0	0	0	0	0	0	0	0	0	0	0	0	0	0	0	0	0	0	0	0	0	0	0	0	0	0
gene-Gzmb-l5	chr8	42672682	42675978	+	3297	0	0	0	0	0	0	0	0	0	0	0	0	0	0	0	0	0	0	0	0	0	0	0	0	0	0	0	0	0
gene-Gzmb-l6	chr8	42754238	42757375	+	3138	0	0	0	0	0	0	0	0	0	0	0	0	0	0	0	0	0	0	0	0	0	0	0	0	0	0	0	0	0
gene-Gzmb-l7	chr8	42894976	42899478	+	4503	0	0	0	0	0	0	0	0	0	0	0	0	0	0	0	0	0	0	0	0	0	0	0	0	0	0	0	0	0
gene-Gzmb-l8	chr8	43031018	43034235	+	3218	0	0	0	0	0	0	0	0	0	0	0	0	0	0	0	0	0	0	0	0	0	0	0	0	0	0	0	0	0
gene-Gzmb-l9	chr8	43110653	43114261	+	3609	0	0	0	0	0	0	0	0	0	0	0	0	0	0	0	0	0	0	0	0	0	0	0	0	0	0	0	0	0
gene-Gzmh	chr8	42240526	42243799	+	3274	22	0	6	32	12	64	104	0	4	18	12	80	10	2	8	8	0	158	0	2	2	10	322	6	10	0	4	0	44
gene-Gzmh-l1	chr8	42524792	42528974	+	4183	0	0	0	0	0	0	0	0	0	0	0	0	0	0	0	0	0	0	0	0	0	0	0	0	0	0	0	0	0
gene-H1-0	chr15	11121437	11122021	+	585	2	0	0	0	4	0	0	0	2	2	12	0	0	0	0	4	2	4	2	0	0	0	0	0	0	1	0	0	0
gene-H1-0-l1	chr23	41284897	41285418	-	522	0	0	2	0	0	0	0	0	0	0	0	0	2	0	0	0	0	2	0	0	0	0	0	0	0	0	0	0	0
gene-H1-0-l2	chr4	36157889	36159979	+	2091	619	352	236	600	962	50	368	340	232	629	640	44	20	360	168	447	640	266	314	176	156	844	410	30	176	282	390	226	54
gene-H1-3	chr13	91395119	91396677	+	1559	17943	2506	3539	3955	1494	1038	11714	2460	4074	7157	2372	1277	965	3284	4068	4711	1982	7146	2521	4635	1696	2790	15839	1340	4758	2877	906	1952	3730
gene-H1-3-l1	chr13	91428699	91452677	+	23979	3536	642	415	582	179	155	1383	763	478	648	368	150	58	840	387	474	272	1902	619	371	163	567	1839	100	375	447	260	648	324
gene-H2ab1	chrX	151475806	151476159	+	354	0	0	0	0	0	0	0	0	0	0	0	0	0	0	0	0	0	0	0	0	0	0	0	0	0	0	0	0	0
gene-H2ab1-l1	chrX	54561259	54561612	-	354	0	0	0	0	0	0	0	0	0	0	0	0	0	0	0	0	0	0	0	0	0	0	0	0	0	0	0	0	0
gene-H2ab1-l2	chrX	93303336	93303779	-	444	0	0	0	0	0	0	0	0	0	0	0	0	0	0	0	0	0	0	0	0	0	0	0	0	0	0	6	0	0
gene-H2ab1-l3	chrX	149683102	149683455	-	354	0	0	0	0	0	0	0	0	0	0	0	0	0	0	0	0	0	0	0	0	0	0	0	0	0	0	14	0	0
gene-H2ab1-l4	chrX	153404265	153404618	-	354	0	0	0	0	0	0	0	0	0	0	0	0	0	0	0	0	0	0	0	0	0	0	0	0	0	0	2	0	0
gene-H2ab1-l5	chrX	156947687	156948040	-	354	0	0	0	0	0	0	0	0	0	0	0	0	0	0	0	0	0	0	0	0	0	0	0	0	0	0	0	0	0
gene-H2ab1-l6	chrX	174699178	174699554	-	377	0	0	0	0	0	0	0	0	0	0	0	0	0	0	0	0	0	0	0	0	0	0	0	2	0	0	0	0	0
gene-H2ac18	chr22	50719463	50720091	+	629	1057	131	94	192	62	25	671	128	117	244	45	26	24	153	108	165	53	192	100	139	68	73	426	50	92	119	78	59	79
gene-H2ac18-l1	chr22	50709726	50710346	-	621	209	24	23	43	4	1	132	45	14	57	3	11	4	23	22	20	21	38	22	55	16	17	78	6	37	20	31	24	9
gene-H2az1	chr1	105806721	105808244	+	1524	1078	487	646	1076	700	166	730	609	542	941	868	128	50	602	776	916	888	795	534	696	336	948	1640	68	694	694	641	461	315
gene-H2az1-l1	chr16	53181481	53182776	+	1296	102	66	26	112	40	22	98	48	36	82	52	12	6	48	62	108	80	60	46	30	44	54	84	2	54	78	44	44	22
gene-H2az2	chr6	42858685	42874823	-	16139	2688	1158	1574	1946	1598	370	1865	1203	1347	1904	1303	302	136	1288	1241	1477	1298	2039	1171	1606	452	1318	3104	148	1678	1490	1145	1128	678
gene-H2az2-l1	chr8	10546416	10547138	+	723	1304	234	694	662	672	104	754	272	654	502	632	94	58	300	506	464	584	700	286	636	186	624	1340	84	656	436	516	152	220
gene-H2az2-l2	chr9	123288122	123308932	+	20811	54	2	10	52	2	6	18	12	2	102	0	2	0	2	0	78	0	26	8	6	6	0	22	2	4	16	0	2	2
gene-H2b-i	chr22	50710577	50711115	+	539	40	14	10	8	6	0	32	12	0	17	10	0	0	16	4	20	4	14	12	6	4	14	16	2	12	16	6	16	6
gene-H2b-i-l1	chr22	50717773	50719276	-	1504	751	224	161	526	141	46	417	282	118	449	154	34	19	258	152	325	178	292	269	190	141	177	478	21	136	273	121	263	107
gene-H2bc12	chr13	118553494	118556998	-	3505	2103	53	41	47	45	10	1008	25	19	24	29	8	32	57	23	30	40	87	53	62	7	10	230	24	43	19	22	36	38
gene-H2bc12-l1	chr13	118570398	118570853	-	456	1338	19	22	10	6	5	461	3	5	2	1	3	20	15	6	8	15	74	20	23	2	1	115	19	18	4	5	7	13
gene-H2bc15	chr13	91264991	91265430	+	440	3352	628	823	828	601	112	1508	741	678	873	581	117	56	629	712	726	567	978	529	923	191	780	2154	86	710	610	503	384	396
gene-H2bc15-dl1	chr13	118824175	118824555	-	381	1976	26	63	18	8	11	865	10	26	7	8	8	32	44	18	9	18	73	26	66	2	14	239	31	25	0	19	9	23
gene-H2bc15-dl2	chr13	118850527	118850907	+	381	1744	34	37	6	12	17	650	9	16	5	4	0	14	10	25	15	4	64	36	40	2	11	183	10	60	8	6	24	38
gene-H2bc15-l1	chr13	91202351	91203017	-	667	7334	820	270	710	254	82	3471	1134	239	710	238	26	74	903	212	587	212	500	874	368	237	244	1312	148	288	460	144	464	196
gene-H2bc15-l2	chr13	91271858	91272742	-	885	6498	708	874	1184	1013	171	3128	974	715	1245	882	125	113	753	733	1015	921	1080	688	1196	349	1292	2406	153	870	826	656	401	447
gene-H2bc15-l3	chr13	91279666	91280668	-	1003	4305	504	686	874	733	153	2296	648	538	879	658	87	71	508	515	681	733	817	544	870	239	933	1765	101	633	518	524	287	275
gene-H2bc15-l4	chr13	91343062	91353240	+	10179	11179	2845	4611	5566	3171	828	5997	3825	4591	5645	3428	779	330	3262	4020	4592	3871	5742	3063	5168	1613	4605	11317	603	4188	3854	3375	2269	2680
gene-H2bc15-l5	chr13	118831303	118831735	+	433	3880	47	70	37	8	30	1936	37	74	21	10	17	53	50	69	24	19	238	69	139	19	18	615	65	140	14	16	23	75
gene-H2bc15-l6	chr13	118891523	118892884	+	1362	306	18	8	6	0	1	186	6	10	1	5	2	5	13	8	2	1	31	19	12	1	4	78	8	13	5	1	1	5
gene-H3c15	chr13	91418186	91418646	+	461	5443	137	89	191	73	31	2309	108	62	158	81	29	77	147	60	119	53	254	104	185	38	113	649	76	121	82	30	67	85
gene-H3c15-dl1	chr13	91230029	91230439	+	411	6248	124	127	367	34	38	2617	91	100	339	27	24	103	103	73	273	30	298	132	145	59	76	752	83	91	375	20	42	93
gene-H3c15-dl2	chr13	91405419	91405901	-	483	3422	65	59	82	49	27	1440	46	48	53	34	19	45	44	53	81	16	194	53	152	16	74	486	39	107	47	19	49	48
gene-H3c15-dl3	chr22	50708458	50708868	-	411	1669	114	131	171	40	24	821	135	93	151	31	19	27	112	117	126	55	182	160	177	56	50	346	27	104	93	43	71	58
gene-H3c15-l1	chr13	91262143	91263401	-	1259	1573	409	88	151	69	26	776	582	122	235	90	21	13	405	124	134	57	171	419	230	77	101	411	37	121	147	91	315	48
gene-H3c15-l2	chr13	118826491	118827056	+	566	3433	88	58	32	22	18	1461	66	38	26	6	12	56	70	50	14	4	86	90	116	2	36	354	34	40	10	6	26	38
gene-H3c15-l3	chr13	118887840	118889410	-	1571	2427	88	75	33	12	9	1114	99	68	46	9	17	39	99	65	30	15	135	94	102	8	36	311	48	92	23	20	58	39
gene-H3c15-l4	chr22	50682444	50683549	-	1106	2552	372	337	464	112	64	1355	381	279	453	109	35	39	338	303	442	139	395	371	429	182	166	919	59	382	327	115	223	184
gene-Hacd3	chr17	9566370	9602678	+	36309	3127	5979	1506	4330	11382	525	2038	10519	1208	4360	12032	489	303	7510	1139	3912	12899	5464	7233	1071	1023	11686	4971	257	1469	2796	7477	6750	1255
gene-Hacd3-dl1	chr15	100654326	100655759	-	1434	788	2680	358	1818	4426	178	518	4162	332	1756	4771	148	60	3280	364	1515	5150	1346	2851	335	420	4460	1679	66	446	1081	3070	2623	430
gene-Hat1	chr9	29372533	29436279	+	63747	2614	1973	1743	2229	860	312	2276	2139	1550	2375	982	298	184	2010	1396	1723	1042	2838	1768	1498	542	772	2870	190	1708	1568	816	1773	626
gene-Hat1-l1	chrX	106853160	106854713	-	1554	762	289	680	814	414	116	514	336	436	770	430	106	34	336	534	596	468	866	266	610	238	372	978	38	678	492	231	258	218
gene-Haus4	chr8	45614432	45619788	+	5357	519	773	1995	2287	2488	116	502	944	1626	2059	2766	98	38	829	2218	1509	1849	863	803	2014	537	2611	1017	65	2181	1405	1746	586	216
gene-Haus4-l1	chr1	81630	83014	-	1385	292	364	984	968	1124	52	242	570	830	1102	1734	62	36	388	1026	680	840	436	394	1176	268	1566	630	32	1244	870	1124	342	128
gene-Hdac1	chr19	24013631	24058378	+	44748	1194	633	658	747	391	194	1265	1015	467	824	369	179	117	792	545	630	449	1707	747	513	202	418	1719	95	576	612	291	703	334
gene-Hdac1-dl1	chr1	89048367	89050346	+	1980	10	0	6	12	0	0	4	6	0	0	2	0	0	0	16	12	6	14	2	2	2	2	18	0	10	12	4	2	0
gene-Hdac1-dl2	chr1	97792942	97794390	+	1449	30	8	14	14	14	2	24	2	6	12	8	0	0	6	14	14	10	28	4	18	2	12	40	0	8	14	0	2	12
gene-Hdac1-dl3	chr10	37486150	37488121	+	1972	30	6	10	26	2	4	14	4	14	20	7	6	0	16	18	12	10	30	12	8	12	2	23	0	4	14	2	6	8
gene-Hdac1-dl4	chr13	21450061	21453669	-	3609	40	16	9	30	6	0	20	16	12	24	14	2	8	12	12	26	14	80	26	18	6	12	51	0	28	16	10	4	2
gene-Hdac1-dl5	chr20	59991695	59993143	+	1449	10	6	10	9	2	2	6	10	4	14	4	0	0	6	2	10	2	14	0	0	2	8	20	0	10	18	0	2	4
gene-Hdac1-dl6	chr24	26089295	26091281	+	1987	14	0	6	13	2	2	8	0	4	20	2	0	0	4	8	6	12	15	8	12	2	6	12	0	10	10	2	8	4
gene-Hdac1-dl7	chr5	79071269	79072138	+	870	2	0	0	0	0	0	0	0	0	0	0	0	0	0	0	0	0	0	0	0	0	0	2	0	0	0	0	0	0
gene-Hdac1-dl8	chr8	14104904	14106352	-	1449	22	7	12	9	6	3	4	20	0	12	4	4	0	2	4	6	11	14	2	5	4	0	18	1	5	18	6	4	8
gene-Hdac1-l1	chr1	159254917	159256407	-	1491	12	0	4	2	3	0	8	4	4	6	0	0	0	8	0	2	0	2	0	10	2	6	2	2	0	4	6	2	0
gene-Herc5	chr1	110794958	110847357	+	52400	16	5	14	16	36	12	33	10	8	5	25	12	2	16	12	10	32	84	5	12	5	75	79	3	25	4	60	13	25
gene-Herc5-l1	chr1	110662661	110730712	+	68052	882	487	2127	1018	3923	1173	2906	574	1556	711	3081	953	287	619	1752	740	3449	8808	623	1647	225	7104	10115	308	1897	658	3667	408	1900
gene-Hesx1	chr19	83909465	83911070	+	1606	6	3	19	13	36	4	0	25	18	20	51	2	2	21	41	18	45	19	15	24	7	55	13	0	34	13	37	6	2
gene-Hesx1-l1	chr24	40300468	40301558	+	1091	6	0	4	0	0	0	16	3	12	0	0	0	0	0	0	4	0	10	0	7	0	0	10	0	10	4	2	6	4
gene-Hint1	chr11	116451908	116454168	+	2261	1847	3361	5620	3921	3550	347	1609	4088	4775	3949	3504	325	95	3994	5699	3045	3954	2732	3312	5634	1065	4502	4222	235	5111	2731	3170	3566	911
gene-Hint1-dl1	chr3	3117985	3118542	-	558	326	548	1116	564	660	56	292	620	834	574	700	58	18	654	1235	504	716	488	508	1068	146	906	742	28	934	488	542	560	176
gene-Hint1-l1	chr15	36592799	36593336	+	538	186	322	570	348	316	26	157	360	490	320	332	32	16	320	634	304	392	337	292	622	94	402	506	34	590	242	354	292	94
gene-Hipk2	chr22	65280677	65492008	-	211332	10106	6694	10564	7986	5529	1378	10615	6535	7429	9925	4525	1206	1012	8479	6959	7507	4906	27507	7067	6685	1928	4497	10513	1024	9061	5628	5088	6242	2932
gene-Hipk2-l1	chr24	17507951	17512923	+	4973	36	20	30	14	16	6	28	10	40	30	36	8	2	18	34	30	6	76	14	34	2	30	44	0	30	22	24	18	14
gene-Hla-dpb1	chr1	3309758	3317912	+	8155	3140	14	1955	1011	398	1081	6605	11	1594	418	152	890	555	33	1155	478	277	7177	21	2478	223	271	13986	615	1967	404	286	12	2535
gene-Hla-dpb1-l1	chr1	3389913	3401439	+	11527	715	4	385	211	75	215	1683	4	334	126	27	169	148	10	195	71	47	1545	3	506	50	73	2805	165	377	99	81	2	547
gene-Hmgb1	chr5	125084661	125086685	-	2025	566	201	390	467	467	98	454	282	335	428	535	87	25	267	299	302	418	667	261	318	117	341	827	46	332	338	304	228	144
gene-Hmgb1-dl1	chrX	142874758	142875405	-	648	0	2	6	6	2	2	0	10	4	4	2	0	0	2	2	2	0	6	0	0	2	0	4	0	9	2	2	2	4
gene-Hmgb3	chrX	4678543	4733854	-	55312	68	11	52	8	6	8	44	32	29	5	0	18	0	10	87	8	6	93	14	32	0	19	63	0	78	4	8	7	16
gene-Hmgb3-l1	chr20	61547094	61548526	+	1433	28	6	18	4	4	2	38	8	12	2	2	0	2	4	22	14	6	18	2	18	0	8	38	0	20	2	4	0	0
gene-Hmgn2	chr13	89864457	89864790	+	334	0	0	0	0	0	0	0	0	0	0	0	0	2	0	0	0	0	0	0	0	0	0	0	0	0	1	0	0	0
gene-Hmgn2-dl1	chr1	103192662	103194217	-	1556	10	32	22	26	12	4	17	21	55	23	6	0	6	29	48	35	9	30	19	49	10	17	13	4	26	13	2	23	0
gene-Hmgn2-dl10	chr5	124870007	124870279	+	273	3	0	2	0	0	0	0	0	2	0	0	0	4	0	0	0	0	1	2	0	0	0	2	0	0	0	0	0	0
gene-Hmgn2-dl2	chr10	113872642	113872932	+	291	3	2	0	2	0	0	2	0	0	0	0	0	0	0	0	0	0	6	0	0	0	0	0	0	0	0	0	0	0
gene-Hmgn2-dl3	chr15	26842728	26846881	-	4154	18	32	16	12	6	0	18	44	26	14	0	4	0	24	10	6	6	28	26	36	6	16	40	2	18	10	8	22	14
gene-Hmgn2-dl4	chr19	27203511	27203783	+	273	2	4	0	0	0	0	2	0	8	0	0	2	0	2	0	0	6	4	0	2	0	4	0	0	0	2	0	0	4
gene-Hmgn2-dl5	chr19	48430498	48430758	+	261	22	2	14	4	2	0	12	8	12	12	6	4	0	4	6	4	8	22	8	8	2	9	28	0	16	6	6	6	4
gene-Hmgn2-dl6	chr20	58140820	58141092	+	273	0	0	0	0	0	0	0	2	2	0	0	0	0	0	0	0	0	0	0	0	0	0	0	0	0	1	0	0	0
gene-Hmgn2-dl7	chr23	6834934	6835206	+	273	6	0	0	0	0	0	2	2	0	6	2	0	0	4	0	0	0	8	0	1	0	0	8	0	4	0	0	3	0
gene-Hmgn2-dl8	chr24	8111623	8111895	-	273	92	34	34	96	50	12	111	92	14	68	36	24	2	37	54	58	24	68	66	46	16	56	128	10	36	52	38	24	48
gene-Hmgn2-dl9	chr3	30341188	30343279	+	2092	66	44	28	58	36	6	74	48	40	34	50	22	2	42	61	60	22	124	42	68	14	22	124	6	64	18	48	29	44
gene-Hmox1	chr2	157013325	157015990	+	2666	295	227	369	8551	485	91	913	282	302	9668	324	74	38	255	274	2592	237	404	229	411	3831	240	674	71	373	351	232	186	206
gene-Hmox1-dl1	chr1	28048613	28049866	+	1254	153	158	146	4456	200	46	450	150	190	4870	154	32	12	130	190	1576	96	216	110	286	2238	150	422	18	208	156	112	118	84
gene-Hnrnpdl	chr1	135075837	135080975	-	5139	2267	1880	2034	1419	1126	535	2313	2769	1459	1298	912	450	226	2427	1650	1172	996	4323	2034	1358	286	823	3973	196	1783	1337	909	2045	908
gene-Hnrnpdl-l1	chrX	85631284	85632273	-	990	0	0	0	0	0	0	0	0	0	0	0	0	0	0	0	0	0	0	0	0	0	0	0	0	0	0	0	0	0
gene-Hnrnpf	chr6	133665910	133680960	-	15051	13482	4938	8892	12744	9114	2132	9729	6685	7301	11878	8671	2016	846	6797	8136	11133	9178	17802	5931	7730	3327	9090	20604	917	9034	9214	7758	5017	4642
gene-Hnrnpf-l1	chr9	68597547	68598987	+	1441	290	90	162	240	204	38	204	116	112	228	216	24	32	136	180	230	238	418	106	188	84	166	504	28	216	172	170	110	122
gene-Hnrnph1	chr11	118128606	118137277	-	8672	12220	4538	7302	7602	8149	2186	11747	7157	4970	6763	4464	1726	941	5866	5352	7325	5752	20644	6050	4920	1762	4946	18133	806	5981	7046	5016	5376	4173
gene-Hnrnph1-l1	chr11	10306623	10308772	+	2150	264	132	190	424	177	33	242	206	122	356	90	34	22	198	182	242	165	456	170	193	75	144	448	16	184	245	132	148	114
gene-Hnrnpl	chr2	22199776	22212536	-	12761	3056	2551	2439	1929	2209	497	3086	3816	1980	2070	1649	434	259	2875	1702	1639	1699	4570	3152	1638	472	1575	4030	296	1751	1610	1584	2615	875
gene-Hnrnpl-l1	chr1	76907238	76908189	+	952	1404	971	732	1145	600	133	1062	1129	576	915	610	88	60	1221	532	1087	538	1169	1035	752	360	684	1268	66	764	801	560	1042	340
gene-Hprt1	chrX	30594081	30643656	-	49576	488	1121	686	950	1038	124	540	1375	500	809	838	104	56	1149	636	661	1074	1256	1043	546	162	1202	916	62	788	594	840	1022	182
gene-Hprt1-dl1	chr14	43737974	43739111	+	1138	66	136	64	149	260	8	46	148	34	130	276	2	0	150	88	132	237	90	138	68	37	338	110	2	84	86	196	144	40
gene-Hprt1-dl2	chr2	148644793	148647265	-	2473	26	47	16	50	68	6	46	51	8	46	74	2	8	44	36	48	56	46	43	23	22	94	24	4	18	28	26	50	4
gene-Hprt1-dl3	chr20	58072370	58074453	+	2084	116	242	174	312	534	28	88	312	119	286	466	12	10	386	166	294	478	248	250	152	88	550	262	4	240	214	414	298	36
gene-Hprt1-dl4	chr24	12660094	12662056	+	1963	64	107	44	72	76	16	80	82	32	64	114	0	2	133	40	46	146	68	92	32	10	102	42	12	24	48	90	86	10
gene-Hprt1-dl5	chrX	59387108	59388403	-	1296	68	300	118	342	398	18	82	397	92	268	528	26	10	311	149	198	492	162	280	98	64	568	250	8	220	194	419	342	58
gene-Hsbp1	chr1	172619024	172623506	+	4483	3870	9286	7252	14354	3036	1110	4440	13239	6056	11378	2932	954	348	11924	7666	16141	3144	7727	11142	7858	4488	3576	9910	612	7030	7581	2376	10435	2206
gene-Hsbp1-l1	chr19	41667487	41669303	+	1817	3023	5534	4852	10372	2344	692	3284	8144	4242	7772	2338	674	264	5586	4606	9648	2218	4222	6224	5010	2739	2500	6870	412	4946	5660	1945	6000	1630
gene-Hsd17b10	chrX	129183924	129186764	+	2841	2303	2035	5849	17107	42522	399	1629	2663	4386	17265	42418	313	118	2199	5436	12522	33989	2157	2228	5761	4731	34618	3040	198	4623	10890	29782	1888	667
gene-Hsd17b10-dl1	chr16	4627502	4628046	-	545	288	191	587	2090	4841	35	149	262	514	2159	4855	36	26	267	620	1510	3963	188	192	672	548	3937	269	28	575	1309	3864	217	46
gene-Hsd17b6	chr16	41753417	41775527	-	22111	5	2	220	4	21719	2	8	0	2	2	25873	0	1	0	8	2	21605	5	0	1	4	25936	10	4	13	2	18165	0	1
gene-Hsd17b6-l1	chr16	41932410	41942505	-	10096	2	0	20	0	1799	0	2	0	0	0	1726	0	0	0	0	0	1455	2	2	0	0	1784	0	0	2	0	1601	1	0
gene-Hsp90aa1	chr27	50858386	50900540	-	42155	21570	36570	13449	16094	16366	3853	13270	45963	10059	13931	12693	2745	692	44831	13609	13363	15651	32575	37385	11891	3762	17791	32602	1154	15938	12833	13798	38536	10076
gene-Hsp90aa1-dl1	chr24	1990131	1991866	+	1736	3567	5754	2318	2663	3074	662	1818	7424	1808	2175	2386	476	96	6822	2416	2300	2858	5976	5609	2126	612	3264	6134	164	2694	2096	2628	6267	1978
gene-Hsp90ab1	chr1	12297069	12302591	+	5523	10567	15904	9685	15727	16394	1955	7148	20631	8537	12439	13855	1754	531	19370	9914	11861	14106	13152	16256	9314	3677	15237	16674	968	11295	9794	11953	16823	4285
gene-Hsp90ab1-dl1	chr19	45165050	45167485	+	2436	4893	7457	4609	7473	7250	923	3251	10401	3806	6560	6605	826	210	8932	4508	5896	6538	6619	7818	4285	1724	7454	8362	496	4857	4744	5592	8398	2238
gene-Hspe1	chr28	12676048	12676616	+	569	18	15	82	96	56	4	6	32	42	67	92	10	0	218	658	1070	898	238	198	742	434	862	284	24	42	40	60	16	2
gene-Hspe1-dl1	chr11	76797968	76798498	-	531	46	32	140	306	140	4	70	58	92	316	160	4	2	34	86	168	106	42	62	122	70	136	52	4	100	134	113	58	18
gene-Hspe1-dl2	chr15	90675052	90675829	-	778	37	40	84	212	77	0	20	42	66	154	82	7	4	39	78	150	86	48	39	87	48	86	38	10	76	90	116	37	4
gene-Hspe1-dl3	chr18	27361644	27361946	+	303	4	6	10	50	38	4	17	22	26	36	36	2	0	8	18	40	36	10	10	34	6	24	8	0	20	42	46	6	0
gene-Hspe1-dl4	chr18	33807726	33808249	+	524	34	36	80	186	96	8	12	44	80	172	88	4	0	28	94	112	122	18	37	86	52	82	40	4	97	146	124	24	8
gene-Hspe1-dl5	chr19	29497663	29498084	+	422	1	12	34	46	18	2	2	2	16	34	44	0	0	10	4	6	30	8	2	0	12	18	10	0	26	30	16	4	2
gene-Hspe1-dl6	chr2	18464772	18465213	-	442	27	12	30	52	27	2	6	32	33	62	28	2	0	32	70	66	66	16	32	53	20	66	25	4	28	55	44	22	17
gene-Hspe1-dl7	chr3	121798077	121798385	+	309	8	14	30	54	26	0	4	20	28	42	38	0	0	16	32	55	36	16	8	24	6	20	10	0	18	26	26	4	4
gene-Hspe1-dl8	chr7	52546572	52546880	-	309	28	34	48	132	68	0	20	32	86	110	104	8	2	34	74	98	92	40	14	72	40	76	28	0	68	78	92	26	26
gene-Hypk	chr15	87904908	87906813	-	1906	944	966	1727	1308	892	160	923	1321	1435	1464	855	116	74	1049	1583	1118	774	1129	933	1518	322	981	1880	96	1875	996	652	912	396
gene-Hypk-dl1	chr19	30278644	30278943	+	300	0	0	0	0	0	0	0	0	0	0	0	0	0	0	0	0	0	0	0	0	0	0	0	0	0	0	0	0	0
gene-Id4	chr13	98358193	98361379	-	3187	3477	3471	426	3278	16	302	1423	5112	662	1647	10	367	132	3992	349	3516	28	3030	3825	364	652	14	3458	172	746	1556	10	2990	770
gene-Id4-l1	chr16	42178041	42178502	+	462	2	0	0	2	2	0	0	0	0	2	0	0	0	2	0	0	0	2	0	0	0	0	1	0	0	0	0	2	2
gene-Idh3a	chr17	19634290	19652636	-	18347	1096	2745	2976	1266	300	158	1368	3010	2501	1142	319	108	124	2998	3702	914	356	1112	2641	2826	272	310	1272	150	2752	896	238	2832	242
gene-Idh3a-dl1	chr20	46630206	46631920	-	1715	1180	2788	3634	1526	440	180	1046	3295	2866	1422	382	134	96	3293	4178	1180	452	1240	2678	3332	326	474	1325	138	3687	1061	386	2782	356
gene-Idi1	chr13	80197868	80203657	+	5790	2669	2418	1121	4018	12722	468	973	2049	1447	3229	11318	401	124	2703	903	1670	13262	4321	1991	974	980	18518	5043	141	960	1846	10258	2669	788
gene-Idi1-dl1	chr22	53406537	53407220	-	684	116	124	54	138	742	36	52	88	82	170	700	30	8	130	54	84	704	238	84	58	42	1110	268	6	64	112	606	138	56
gene-Idi1-dl2	chr23	42397	43080	+	684	40	25	20	10	44	6	23	26	0	16	36	2	0	18	4	6	42	20	13	0	6	80	20	0	12	8	46	20	4
gene-Idi1-dl3	chr7	73896435	73899199	-	2765	778	684	298	1022	4024	132	220	556	512	798	3742	116	46	744	244	398	3890	1320	638	344	216	5992	1650	36	358	486	3372	762	262
gene-Ifi16	chr2	67952542	67986080	-	33539	2069	351	3296	1258	1027	898	7726	465	2854	1151	628	845	768	478	3172	995	849	8549	408	2950	335	924	9700	875	3793	948	738	326	1955
gene-Ifi16-l1	chr2	68324484	68339299	-	14816	1182	86	3532	1274	1674	648	5200	214	3170	684	1020	500	500	184	3624	826	1210	4932	182	3511	316	1328	8374	840	3680	796	1078	76	1672
gene-Ifi27l2	chr27	40628466	40647295	-	18830	956	3135	2044	1076	3050	1519	2805	4702	1847	899	2276	1620	230	3990	1743	778	2248	9169	3302	1852	257	3640	10443	310	2045	626	1883	3816	2093
gene-Ifi27l2-l1	chr8	94840434	94840820	+	387	1104	2274	918	1318	2672	676	1690	2772	876	610	1682	694	122	2060	622	532	1458	2160	2376	994	242	3858	4552	202	918	462	1564	1412	796
gene-Ifit1	chr1	36994418	37009394	+	14977	72	218	767	40	103	212	317	279	650	92	28	75	32	185	539	31	26	445	106	502	20	31	731	30	403	29	29	99	91
gene-Ifit1-l1	chr1	36708911	36717214	-	8304	19	3	107	27	76	59	98	31	64	30	33	22	6	6	110	14	50	318	36	116	13	43	437	24	137	13	40	17	62
gene-Ifit1-l2	chr1	36810603	36812723	-	2121	59	47	303	93	191	44	268	51	188	65	89	59	31	26	272	48	98	518	57	253	12	127	1173	44	314	30	108	16	196
gene-Ifit1-l3	chr1	37057104	37065406	+	8303	197	156	260	136	583	83	845	166	310	103	307	93	36	133	265	99	340	565	137	240	28	388	997	89	257	54	358	99	154
gene-Ifitm3	chr24	62980355	62981469	+	1115	444	2	548	384	74	342	846	6	688	427	62	274	120	14	733	232	66	2686	8	746	144	92	3345	224	892	272	76	6	718
gene-Ifitm3-dl1	chr15	4142755	4143183	-	429	119	13	187	102	372	70	386	27	150	49	292	42	22	10	162	46	298	374	12	120	16	366	452	58	194	52	376	16	119
gene-Ifitm3-dl2	chr24	62990688	62991827	-	1140	1494	134	2156	1633	6932	694	5222	247	2032	1017	5963	478	367	150	2174	976	4345	3067	130	2102	435	6439	4400	606	2621	994	6161	160	888
gene-Ifitm3-l1	chr24	62966018	62967176	-	1159	978	84	1277	773	3095	467	3472	116	1070	502	2624	301	245	114	1247	422	1979	1866	88	1024	213	3212	3100	386	1310	423	2877	61	613
gene-Ifnb1	chr9	128097650	128101977	-	4328	6	25	8	1	6	0	12	77	0	3	3	0	2	51	0	1	3	4	53	4	3	0	8	0	1	7	0	61	5
gene-Ifnb1-dl1	chr9	128171828	128172391	-	564	1	3	0	0	0	0	0	4	2	0	0	0	0	2	0	0	0	3	3	0	1	0	2	0	0	0	0	5	0
gene-Ifng	chr16	29422928	29426617	+	3690	0	0	0	0	0	8	0	0	2	2	0	6	0	0	0	0	0	0	0	0	0	2	17	0	0	0	0	0	0
gene-Ifng-dl1	chr16	29485663	29489133	+	3471	0	0	0	0	0	0	0	0	0	0	0	0	0	0	0	0	0	0	2	0	0	0	1	0	0	0	0	2	0
gene-Ifnl3	chr2	22743704	22745056	+	1353	0	0	0	0	0	0	0	0	0	0	0	0	0	0	0	0	0	0	0	0	0	0	0	0	0	0	0	0	0
gene-Ifnl3-l1	chr2	22706666	22708014	-	1349	0	0	0	0	0	0	0	0	0	0	0	0	0	0	0	0	0	0	0	0	0	0	0	0	0	0	0	0	0
gene-Ifnl3-l2	chr2	22713875	22715366	-	1492	0	0	0	0	0	0	0	0	0	0	0	0	0	0	0	0	0	0	0	0	0	0	0	0	0	0	0	0	0
gene-Ifnw1	chr14	71031225	71032404	-	1180	2	0	0	0	0	0	2	4	4	4	0	0	0	0	2	0	0	0	0	0	0	0	0	0	0	0	0	4	0
gene-Ifnw1-l1	chr14	71060394	71070161	-	9768	0	0	0	0	0	0	0	0	0	0	0	0	0	2	0	0	0	0	2	0	0	0	0	0	0	0	0	4	0
gene-Igbp1	chrX	110575297	110602030	-	26734	2804	1362	2722	3375	1582	332	2734	1693	2441	2963	1616	354	327	1722	2722	2371	1766	3177	1567	2620	772	1775	3217	446	2802	2074	1492	1358	821
gene-Igbp1-dl1	chr13	49852875	49853903	+	1029	34	18	20	48	6	6	20	12	16	34	22	0	0	26	24	40	10	28	20	26	8	30	38	2	28	22	16	26	6
gene-Igbp1-dl2	chr13	69617881	69619564	-	1684	469	443	980	1061	514	76	434	644	853	921	458	88	38	684	1037	932	694	860	524	1191	299	568	1235	94	1134	648	340	454	283
gene-Igbp1-dl3	chr9	84646262	84647296	+	1035	124	84	122	146	74	6	116	82	94	160	60	10	8	92	148	90	108	156	62	145	30	96	134	12	124	122	110	66	38
gene-Ighv2-5	chr17	22792181	22792672	-	492	0	0	0	0	0	0	0	0	0	0	0	0	0	0	0	0	0	2	0	0	0	0	3	0	0	0	0	0	0
gene-Ighv2-5-dl1	chr17	22948774	22949297	-	524	0	0	0	0	0	1	0	0	0	0	0	0	0	0	0	0	0	5	0	0	0	0	30	0	0	0	0	0	0
gene-Ik	chr3	41159668	41174385	-	14718	1184	1485	1576	1523	1126	305	1250	2176	1221	1190	796	240	164	1594	1095	1255	940	2472	1748	1052	334	822	2702	106	1398	984	778	1584	594
gene-Ik-dl1	chr3	135496795	135498462	-	1668	2840	4090	4375	4451	2851	621	2186	5217	3890	4383	2398	610	226	4350	4007	3522	2913	4885	4208	3754	1107	2737	6612	276	4230	2746	2451	4229	1557
gene-Il13ra1	chrX	52928782	52989982	-	61201	4042	318	1648	1980	924	714	4430	885	1603	1500	686	637	626	402	1256	1284	1322	5644	414	1550	408	1574	7737	572	2436	1176	4120	546	1563
gene-Il13ra1-l1	chr8	67364603	67365651	+	1049	480	54	262	258	137	91	623	151	239	200	95	94	86	52	195	236	206	838	95	289	62	211	1143	68	364	149	676	96	268
gene-Ilf2	chr22	58652546	58660715	+	8170	4956	2658	2898	3828	2124	548	3716	3619	2145	3547	1848	486	215	3218	2496	3287	2114	4189	2800	2546	889	1881	4373	252	2797	2750	1765	3126	1115
gene-Ilf2-l1	chrX	147381623	147383179	-	1557	3380	1866	1794	2488	1290	318	2352	2568	1454	2674	1190	216	130	2144	1620	2306	1386	2254	2414	1996	852	1562	3084	180	1484	1578	790	1710	582
gene-Immp1l	chr24	60732952	60794412	-	61461	4368	2564	2085	2173	1235	305	4804	3542	1812	2333	1033	395	580	2715	1587	1743	1150	4308	2500	1632	449	1267	3209	430	1933	1597	1337	2325	733
gene-Immp1l-dl1	chr6	87704680	87705060	-	381	36	48	86	114	46	4	44	46	34	52	64	6	2	54	112	88	63	50	46	104	34	64	72	10	118	82	45	62	28
gene-Ino80c	chr10	26550742	26569097	-	18356	450	438	668	744	130	96	426	738	574	762	160	86	58	683	546	546	164	738	538	678	200	166	860	98	652	422	114	528	198
gene-Ino80c-dl1	chr10	114426135	114426983	+	849	143	233	424	366	84	42	102	232	337	394	62	62	10	230	514	318	102	310	280	414	74	100	450	44	423	248	90	190	108
gene-Ino80c-dl2	chr21	9844820	9845724	-	905	4	26	2	3	2	0	2	14	12	16	0	0	0	34	4	10	0	6	12	4	4	0	2	2	2	8	0	30	2
gene-Ino80c-dl3	chr3	86200990	86201403	+	414	2	4	0	4	0	0	2	2	0	6	0	2	0	2	10	0	0	0	0	0	2	0	0	2	2	4	0	2	0
gene-Ipo5	chr7	119083285	119128552	+	45268	4545	5154	4831	3652	2408	719	5230	6450	3511	3406	1759	644	327	5657	3919	3283	2078	6528	4795	3599	879	2068	6264	498	4423	2639	1997	5284	1671
gene-Ipo5-l1	chr3	100239843	100243198	+	3356	1380	1326	1568	1378	796	228	1266	1872	1030	1164	746	174	76	1630	1324	1056	758	2166	1536	1348	322	1052	2278	142	1570	754	786	1446	548
gene-Iqcf5	chr6	60985480	60994770	-	9291	0	0	0	0	0	0	0	0	0	0	0	0	0	0	0	0	0	6	0	0	0	0	0	0	0	0	20	0	0
gene-Iqcf5-l1	chr6	61003852	61005844	-	1993	0	2	0	0	0	0	0	0	0	0	0	0	0	0	0	0	0	2	0	0	0	0	0	2	0	0	46	0	0
gene-Isca1	chr5	111814702	111828548	-	13847	1868	6221	9834	12613	3614	512	2189	7771	8111	11298	3532	458	214	6616	10545	8839	4082	4353	5701	9914	2800	2912	4884	366	9644	7539	2872	6233	1288
gene-Isca1-dl1	chr15	41042545	41042934	+	390	16	64	109	127	42	12	40	70	123	96	46	0	2	58	158	80	49	59	54	89	30	30	40	4	140	64	42	81	14
gene-Ist1	chr1	161489330	161518632	-	29303	2493	989	1137	1341	743	344	2154	1553	1245	1584	720	297	206	1306	1312	1370	713	4036	1278	1167	408	832	3819	219	1395	1253	657	1216	831
gene-Ist1-l1	chr21	51904206	51906516	+	2311	746	722	854	1246	560	164	604	718	618	1090	404	172	50	730	760	874	508	1512	726	676	254	464	1850	82	846	768	392	648	372
gene-Itfg2	chr9	82752533	82773042	+	20510	677	672	851	1180	805	142	969	752	778	1111	945	134	70	694	896	923	774	1489	667	771	315	966	1385	102	1089	792	786	606	314
gene-Itfg2-dl1	chr1	26440232	26442532	-	2301	300	342	350	810	348	68	248	470	312	656	323	57	18	430	313	602	308	444	396	274	200	376	670	16	384	545	310	304	136
gene-Itm2a	chr12	80110021	80111015	-	995	10	230	76	36	10	0	8	304	64	24	6	0	4	188	32	16	16	2	316	72	16	21	2	0	20	8	2	182	0
gene-Itm2a-l1	chr22	25017386	25018177	+	792	2	4	0	0	0	0	0	4	0	2	4	0	0	0	0	0	0	0	4	0	0	0	0	2	2	0	0	0	0
gene-Itm2a-l2	chrX	99521025	99530908	+	9884	130	2359	742	284	200	0	136	3467	791	260	188	0	48	2015	322	181	172	4	2730	705	90	238	8	34	460	162	62	1957	4
gene-Itm2b	chr5	76825010	76846735	+	21726	4708	5298	4340	15997	2984	824	4517	6340	4048	15350	2836	692	551	6363	3830	12049	2626	6965	5499	4050	3922	2898	7448	656	4900	10304	2498	5439	1729
gene-Itm2b-dl1	chr1	59472797	59474507	-	1711	1397	1607	1442	5737	1236	268	1336	1974	1196	5232	1014	285	128	1921	1308	4031	1020	2196	1654	1350	1317	1062	2806	180	1621	3923	897	1635	670
gene-Itm2b-dl2	chrX	141764966	141767281	-	2316	1788	1886	2004	7471	1730	396	1731	2597	1828	6634	1530	348	173	2530	1746	5262	1598	3406	2130	1935	1760	1602	4180	158	2258	4936	1350	2254	1008
gene-Itm2b-l1	chr13	103032326	103033445	+	1120	2382	2776	2370	10478	2099	598	2079	3389	2164	9937	1915	466	188	3348	2157	7153	1999	3746	2766	2548	2444	1943	4614	279	2865	6913	1670	2800	1132
gene-Jpt1	chr18	18454471	18478580	-	24110	1161	1603	213	313	553	40	1022	1866	192	276	575	38	75	1553	176	255	666	440	1354	171	74	786	530	124	323	204	610	1706	132
gene-Jpt1-dl1	chr6	62685714	62686440	+	727	514	552	144	241	464	38	410	826	142	217	476	22	14	649	120	167	586	272	549	160	46	730	366	48	168	148	422	626	92
gene-Jpt2	chr20	36185742	36202243	+	16502	454	193	190	387	222	79	369	252	110	378	231	54	39	167	140	280	148	610	243	121	125	348	503	26	114	325	227	159	79
gene-Jpt2-dl1	chr10	53262860	53263432	+	573	307	99	128	546	318	51	193	74	161	471	335	57	10	91	158	513	316	338	74	120	144	410	344	16	192	382	367	50	93
gene-Jpt2-dl2	chr14	104535519	104536091	-	573	116	26	52	184	134	10	73	33	38	162	121	10	4	34	54	140	148	196	44	44	54	104	190	7	74	115	155	23	50
gene-Jrk	chr26	35290166	35295154	-	4989	788	1084	692	818	340	166	766	1382	706	1018	472	166	58	1306	601	917	386	1391	1190	778	286	412	1386	106	786	701	298	1067	300
gene-Jrk-l1	chr1	37392186	37412285	-	20100	544	341	449	504	203	46	521	509	408	581	287	69	31	408	334	414	291	607	398	323	114	262	489	61	352	312	248	324	58
gene-Kansl2	chr16	8331682	8352542	+	20861	2080	1196	1533	1906	1150	495	2155	1608	1366	1885	930	415	188	1497	1349	1572	930	3545	1498	1232	444	1122	3712	246	1379	1477	831	1212	745
gene-Kansl2-l1	chr3	129247389	129249580	+	2192	250	134	194	308	208	22	216	162	152	294	156	52	20	151	174	322	164	360	156	172	108	208	568	28	158	220	158	152	112
gene-Katnbl1	chr15	100029031	100085030	-	56000	2642	739	475	648	287	139	1828	915	454	565	203	121	154	722	433	521	212	1334	701	427	133	339	1247	184	469	382	226	743	227
gene-Katnbl1-dl1	chr6	446320	447733	-	1414	726	294	166	412	132	52	272	340	134	338	92	52	36	294	152	218	130	386	328	194	94	146	444	18	188	162	122	268	100
gene-Kcmf1	chr22	15573343	15604583	-	31241	1630	1263	1917	1445	977	239	1987	1569	1566	1334	883	258	208	1356	1803	1207	987	2528	1423	1694	328	783	2573	218	1939	989	846	1439	624
gene-Kcmf1-l1	chr6	22816873	22818002	-	1130	128	184	338	196	176	20	128	202	282	176	188	24	8	170	390	194	184	222	200	430	30	186	281	34	375	126	128	170	74
gene-Kdm4d	chr25	17464859	17489008	+	24150	346	587	212	391	139	60	418	841	199	330	107	54	28	617	192	288	165	641	698	205	46	147	543	40	188	316	247	705	128
gene-Kdm4d-l1	chr25	17507911	17509893	+	1983	2	37	2	7	1	0	10	45	3	8	3	0	0	18	6	10	3	14	24	7	0	3	11	0	5	8	1	23	2
gene-Khdc1	chr7	13933502	13933990	+	489	0	0	0	0	0	0	0	0	0	0	0	0	0	0	0	0	0	0	0	0	0	0	0	0	0	0	0	0	0
gene-Khdc1-l1	chr7	13905884	13906261	-	378	0	0	0	0	0	0	0	0	0	0	0	0	0	0	0	0	0	0	0	0	0	0	0	0	0	0	0	0	0
gene-Kif4a	chrX	110248736	110392966	-	144231	2510	201	868	68	43	16	1653	265	408	67	36	18	82	195	650	41	24	228	243	400	12	40	318	94	773	26	16	183	48
gene-Kif4a-l1	chr8	22190950	22194654	-	3705	0	0	0	0	0	0	0	0	0	0	0	0	0	0	0	0	0	0	4	0	0	0	2	0	0	0	28	0	0
gene-Kifbp	chr2	69737815	69741254	+	3440	0	3	0	4	0	0	0	2	0	0	0	0	0	9	0	2	0	0	8	0	1	0	0	0	0	0	0	12	0
gene-Kifbp-dl1	chr2	70636646	70638515	-	1870	52	238	51	65	8	7	44	261	42	46	4	15	4	221	34	39	9	51	211	37	15	11	78	3	53	32	9	217	15
gene-Kifbp-dl2	chr2	71676362	71679744	-	3383	29	167	20	62	9	6	31	195	25	48	6	5	1	187	23	26	3	43	179	35	17	6	59	4	41	40	3	173	14
gene-Kifbp-dl3	chr2	72767743	72771375	-	3633	0	12	0	0	2	0	0	11	0	2	0	0	0	21	2	3	0	0	13	4	0	0	0	0	0	4	0	9	0
gene-Kifbp-dl4	chr2	76859572	76861437	-	1866	0	34	4	20	0	2	2	46	4	17	6	2	0	47	14	2	18	14	55	6	4	0	6	0	12	4	4	53	4
gene-Kifbp-dl5	chr9	81630209	81632719	+	2511	241	1218	274	339	44	55	220	1542	198	378	42	46	10	1227	259	251	71	366	1761	330	129	85	616	34	283	211	40	1146	78
gene-Kin	chr13	72707745	72747474	-	39730	1284	530	483	666	374	138	1319	659	386	451	354	114	116	585	443	510	411	1351	571	397	119	358	1095	106	480	423	345	512	228
gene-Kin-l1	chr21	1315109	1317038	+	1930	532	330	394	506	222	70	430	516	288	474	278	90	20	396	354	348	364	696	344	290	100	326	770	46	382	326	260	350	220
gene-Klf17	chr28	23606337	23607188	-	852	4	0	0	0	0	0	0	0	0	0	0	0	0	0	0	0	0	0	0	0	0	0	2	0	0	0	0	0	0
gene-Klf17-dl1	chr1	35382613	35383566	+	954	0	0	0	0	0	0	4	0	0	0	2	0	0	1	0	0	0	0	0	0	0	0	6	0	0	0	0	0	0
gene-Klf17-dl2	chr19	46216239	46218289	+	2051	0	0	0	0	0	2	4	1	0	0	0	0	0	2	0	2	0	0	2	0	0	0	2	0	0	0	1	2	2
gene-Klf5	chr7	92557008	92579362	+	22355	2348	274	134	252	50	286	1428	564	88	222	16	284	468	308	50	160	28	5048	334	94	120	20	3192	498	242	156	26	240	512
gene-Klf5-dl1	chr2	100211955	100213328	-	1374	38	2	0	0	0	4	14	8	6	8	0	0	6	0	0	4	0	94	18	0	2	0	62	6	2	6	4	2	10
gene-Klk4	chr2	34755120	34758970	+	3851	0	0	0	0	0	0	0	0	0	0	0	0	0	0	2	0	0	0	0	0	0	0	0	0	0	0	0	0	0
gene-Klk4-dl1	chr2	34913616	34916526	+	2911	0	0	0	0	0	0	0	0	0	0	0	0	0	0	0	0	0	0	0	0	0	0	0	0	0	0	0	0	0
gene-Klk4-dl2	chr2	35535784	35539574	-	3791	0	0	0	0	0	0	0	0	0	0	0	0	0	0	0	0	0	0	0	0	0	0	0	0	0	0	0	0	0
gene-Klk4-l1	chr2	34501978	34508815	-	6838	0	0	2	0	0	2	2	2	2	0	0	4	0	0	0	0	2	4	0	0	0	2	2	0	0	0	0	0	0
gene-Klk4-l2	chr2	34989443	34997690	+	8248	0	0	0	0	0	0	0	0	0	0	0	0	0	0	0	0	0	0	0	0	0	0	0	0	0	0	0	0	0
gene-Klk4-l3	chr2	34997881	35002202	-	4322	0	0	0	0	0	0	0	0	0	0	0	0	0	0	0	0	0	0	0	0	0	0	0	0	0	0	0	0	0
gene-Klk4-l4	chr2	35343416	35346312	-	2897	0	0	0	0	0	0	0	0	0	0	0	0	0	0	0	0	0	0	0	0	0	0	0	0	0	0	0	0	0
gene-Klk4-l5	chr2	35402045	35403608	-	1564	0	0	0	0	0	0	0	0	0	0	0	0	0	0	0	0	0	0	0	0	0	0	0	0	0	0	0	0	0
gene-Klk4-l6	chr2	35573419	35576164	-	2746	0	22	0	0	0	0	0	6	0	0	0	2	0	2	0	0	0	16	4	0	0	0	12	0	0	0	0	0	8
gene-Knop1	chr20	50318531	50331375	+	12845	1009	1288	850	1511	858	142	989	1654	738	1320	777	109	87	1530	826	1119	822	1398	1341	725	378	798	1313	100	783	932	758	1345	243
gene-Knop1-l1	chr1	159868049	159869422	+	1374	36	52	32	16	4	4	22	60	12	10	10	2	2	56	30	14	12	30	40	16	0	0	38	0	24	12	18	42	6
gene-Kpna2	chr1	133688108	133689299	+	1192	132	50	20	34	46	4	54	54	4	62	30	0	4	50	24	46	74	34	30	24	10	54	44	0	26	42	74	28	6
gene-Kpna2-dl1	chr10	81121270	81123129	+	1860	44	8	4	10	16	0	18	15	0	2	2	0	2	6	10	8	10	14	18	0	2	16	10	2	6	10	20	2	2
gene-Kpna2-dl2	chr10	87644965	87646916	+	1952	103	77	13	33	27	0	42	93	16	34	14	4	10	79	12	61	42	39	98	9	6	35	47	0	24	29	51	64	8
gene-Kpna2-dl3	chr12	49304365	49305960	-	1596	168	30	14	38	28	10	42	30	30	38	56	0	0	24	24	44	82	34	38	36	18	64	46	4	26	36	46	26	6
gene-Kpna2-dl4	chr17	30745748	30747629	+	1882	2	26	0	2	10	0	22	6	2	6	8	0	0	6	2	4	4	4	4	8	4	12	0	0	0	0	6	12	2
gene-Kpna2-dl5	chr22	38074495	38076423	+	1929	138	10	20	40	44	4	78	26	10	20	54	0	0	22	32	56	60	24	36	26	14	76	74	10	18	40	34	14	6
gene-Kpna2-dl6	chrX	99877796	99879511	+	1716	319	38	62	90	123	23	148	62	48	72	78	10	10	46	52	106	133	120	72	48	30	201	204	10	50	76	199	48	14
gene-Kpna2-l1	chr18	8046144	8074570	-	28427	1788	180	303	331	389	62	839	242	184	356	298	50	43	238	252	407	451	622	309	247	124	599	687	73	316	429	699	245	138
gene-Krcc1	chr22	13979114	13991531	+	12418	496	380	688	942	464	159	443	534	428	768	408	115	68	509	571	811	417	1240	444	414	184	462	800	68	470	586	376	409	154
gene-Krcc1-l1	chr3	121907391	121909388	-	1998	50	34	58	122	56	12	34	34	64	90	54	4	4	46	94	70	58	74	40	42	24	70	104	4	57	62	46	37	24
gene-Krr1	chr2	124271150	124322813	-	51664	696	628	652	624	359	142	705	743	524	601	285	121	85	612	602	482	381	1256	666	580	128	372	1107	84	659	391	283	516	225
gene-Krr1-dl1	chr2	94674530	94675702	-	1173	104	90	126	138	32	34	92	146	118	106	58	22	12	90	125	92	66	202	86	84	32	60	306	10	166	76	44	108	56
gene-Krr1-dl2	chr2	95081353	95082495	+	1143	38	16	36	32	18	6	22	42	38	28	16	4	2	30	30	22	8	44	22	44	12	4	50	2	52	18	22	26	20
gene-Krr1-dl3	chr20	32453204	32454989	-	1786	28	32	60	42	16	8	16	30	40	32	16	4	2	26	38	16	34	68	38	52	18	14	92	0	66	34	12	42	22
gene-Krt18	chr16	47650737	47654843	-	4107	106	13	20	168	1224	106	324	32	14	88	1228	75	20	35	2	188	1256	785	20	2	84	1160	872	20	10	64	954	8	221
gene-Krt18-dl1	chr15	65353503	65354801	+	1299	8	2	2	22	80	12	40	0	6	14	130	16	0	4	6	2	110	80	0	0	8	112	120	2	0	8	96	0	38
gene-Krt18-dl2	chr17	49856271	49857569	-	1299	10	2	4	14	200	6	38	6	0	10	244	6	6	2	0	32	148	118	6	0	10	132	176	0	4	10	120	0	26
gene-Krt18-dl3	chr19	26403003	26404301	-	1299	46	2	0	78	520	18	112	1	4	34	472	24	2	20	0	74	562	374	10	0	28	515	422	16	8	26	350	1	62
gene-Krt18-dl4	chr21	54354227	54355525	+	1299	172	20	20	224	1756	110	436	22	12	170	1696	98	16	76	0	232	1954	1166	46	0	104	1790	1238	28	10	78	1376	6	304
gene-Krt6a	chr16	48075074	48079702	+	4629	15979	7	0	1	0	0	4006	9	0	0	0	0	70	5	0	6	0	2	2	0	0	0	0	55	0	0	0	2	0
gene-Krt6a-l1	chr16	48104022	48108655	+	4634	1950	1	0	1	0	0	2949	1	0	0	0	0	95	4	0	0	1	0	0	0	0	0	0	79	0	2	0	4	0
gene-Krt8	chr16	47692080	47699978	+	7899	108	6	27	604	669	130	181	20	6	698	630	78	2	50	0	491	573	659	55	6	209	506	799	0	20	490	488	10	153
gene-Krt8-dl1	chr17	98524774	98526198	+	1425	20	2	8	116	204	26	48	2	4	138	162	22	0	4	0	94	136	200	6	0	20	144	202	0	18	80	138	0	68
gene-Krt8-l1	chr3	116972867	116974144	+	1278	0	0	0	0	0	0	0	0	0	0	0	0	0	0	0	0	0	0	0	0	0	0	0	0	0	0	0	0	0
gene-L3mbtl3	chr18	70181703	70296152	-	114450	2072	776	2052	1881	2497	560	3885	1357	1782	1492	1885	428	412	1254	1692	1496	2336	6184	912	1586	400	2322	4546	377	2236	1247	1749	921	1246
gene-L3mbtl3-l1	chr12	120032055	120034315	-	2261	34	46	50	46	572	16	64	56	60	38	523	20	10	28	58	42	642	148	40	60	10	575	130	4	86	42	522	18	46
gene-Lage3	chrX	1716438	1717272	+	835	362	327	185	246	123	34	242	276	138	246	107	21	14	326	108	183	150	203	271	160	54	165	201	12	149	157	74	289	50
gene-Lage3-dl1	chrX	30072099	30073232	-	1134	0	0	0	2	0	0	0	0	1	0	0	0	0	0	0	0	0	4	0	0	0	0	10	0	0	0	0	3	0
gene-Lage3-l1	chrX	1369954	1374495	+	4542	0	0	0	0	0	0	0	0	0	0	0	0	0	0	0	0	0	0	0	0	0	0	0	0	0	0	0	0	0
gene-Lair1	chr2	41552642	41583577	+	30936	219	43	58	4	13	41	333	52	49	7	18	68	70	49	33	14	22	674	33	80	3	28	477	52	38	8	26	37	158
gene-Lair1-l1	chr2	41317975	41361871	-	43897	28	38	37	17	38	46	133	67	62	20	40	36	14	64	44	14	33	268	38	93	2	20	494	16	83	7	32	38	84
gene-Lamtor1	chr18	18570762	18571830	-	1069	360	430	510	1250	246	102	385	658	476	1060	270	70	32	598	624	972	302	592	428	612	288	318	826	56	558	744	214	480	200
gene-Lamtor1-dl1	chr24	23908731	23916560	+	7830	952	1193	1387	2721	604	206	845	1497	1188	2437	572	248	73	1458	1312	2084	638	1382	1250	1424	635	703	2058	110	1336	1601	532	1120	436
gene-Lamtor2	chr22	56395550	56400262	-	4713	1166	1173	2461	2893	1389	235	1268	1533	1766	2884	1154	192	57	1468	2118	2299	1334	1645	1119	1891	732	1340	2284	102	2282	2237	1254	1517	620
gene-Lamtor2-dl1	chr17	100441797	100442294	-	498	322	306	472	964	324	92	402	406	420	834	254	36	26	330	486	646	314	352	254	476	228	350	520	30	432	610	230	318	104
gene-Lamtor4	chr6	32461065	32462343	+	1279	802	827	1388	2000	1187	180	939	923	1264	1922	1316	218	74	846	1407	1640	1289	1422	836	1356	578	1264	2011	150	1443	1440	1049	761	448
gene-Lamtor4-l1	chr1	156420313	156422094	-	1782	180	85	180	218	164	24	185	101	174	200	148	36	8	100	138	172	148	252	82	200	54	166	276	24	170	181	124	101	70
gene-Lamtor5	chr21	13522455	13528134	+	5680	847	1130	1702	3144	520	212	738	1638	1488	3021	472	197	64	1272	1336	2392	484	1344	1032	1532	705	484	1796	94	1584	2257	469	1188	378
gene-Lamtor5-l1	chr18	29089531	29090201	-	671	426	422	722	1248	258	88	274	634	622	1291	202	54	22	687	724	1102	252	510	538	692	402	240	822	38	841	996	176	572	192
gene-Lap3	chr12	47535960	47558318	-	22359	8662	718	1246	2584	2750	260	2462	876	838	1654	1608	180	88	874	883	1848	1846	2384	1128	732	395	1772	2155	118	818	1577	1842	948	523
gene-Lap3-l1	chr18	55217750	55219648	+	1899	14700	996	2648	5748	4686	408	2820	1430	2024	4230	4886	336	108	1476	2050	4004	4330	2268	1472	1886	1102	5540	3974	156	2092	3450	4432	1388	1088
gene-Larp1b	chr23	36414230	36449097	-	34868	1847	683	965	433	782	82	1109	568	791	452	711	52	108	536	862	347	849	702	460	726	114	884	661	90	913	333	667	595	137
gene-Larp1b-l1	chr23	36324954	36410145	-	85192	1702	505	697	425	654	48	1612	496	570	431	295	28	100	450	547	323	554	810	456	387	103	469	517	94	624	331	424	454	105
gene-Larp7	chr1	93499047	93522497	-	23451	1291	1388	2036	2142	838	220	1212	1586	1616	1865	608	158	89	1512	1712	1753	869	1942	1441	1507	456	702	2421	118	1833	1459	541	1314	511
gene-Larp7-dl1	chr1	15814635	15815186	-	552	100	100	130	150	66	18	64	130	64	132	36	6	0	126	118	100	32	78	116	128	48	40	140	16	144	70	22	78	40
gene-Larp7-dl2	chr16	41417267	41419525	-	2259	210	272	359	450	90	38	144	269	278	441	112	30	14	278	376	342	172	276	221	276	104	126	392	6	310	302	80	214	106
gene-Larp7-dl3	chr17	62111269	62111820	-	552	6	22	25	26	12	2	6	8	14	32	4	2	0	36	18	28	14	14	20	12	6	6	22	2	4	8	12	24	2
gene-Larp7-dl4	chr2	87958356	87959257	-	902	0	0	0	0	0	0	0	0	0	0	0	0	0	0	0	0	0	0	0	0	0	0	0	0	0	0	0	0	0
gene-Larp7-dl5	chrX	51504001	51505395	+	1395	56	40	82	112	38	12	68	72	70	92	26	6	4	104	64	94	34	54	62	74	16	32	72	8	78	86	28	70	38
gene-Lbp	chr20	65697783	65731047	+	33265	1495	41	216	300	4882	104	3536	50	472	171	1926	274	748	35	325	273	5740	2517	52	250	136	2286	1632	760	472	303	8842	44	798
gene-Lbp-l1	chr20	65783234	65806891	+	23658	120	29	63	17	14	2	127	34	29	10	3	0	10	25	29	2	0	16	26	10	4	10	32	5	40	11	11	26	18
gene-Lcn2	chr14	104348651	104369021	+	20371	146	24	309	439	609	1386	258	94	348	599	398	1188	22	26	405	197	408	7118	30	563	278	894	20495	22	685	262	15745	33	2516
gene-Lcn2-dl1	chr14	104368276	104371640	-	3365	0	0	0	0	0	0	2	0	0	0	0	0	0	0	0	0	0	6	0	0	0	0	0	0	0	0	0	0	0
gene-Lcn2-dl2	chr14	105891983	105895069	+	3087	0	0	0	0	0	0	0	0	0	0	0	0	0	0	0	0	0	0	0	0	0	0	0	0	0	0	0	0	0
gene-Lcn2-dl3	chr14	107221101	107224483	+	3383	0	0	0	0	0	0	0	0	0	0	0	0	0	0	0	0	0	0	0	0	0	0	2	0	0	0	0	0	0
gene-Lcn2-l1	chr14	104399842	104402858	-	3017	0	0	0	16	0	0	0	2	0	0	0	0	0	0	2	2	0	0	0	0	0	0	0	0	0	0	0	0	0
gene-Lcn2-l10	chr14	105848145	105851275	+	3131	0	0	0	0	0	0	0	0	0	0	0	0	0	0	0	0	0	0	0	0	0	0	0	0	0	0	0	0	0
gene-Lcn2-l2	chr14	104419090	104422637	+	3548	0	0	0	2	7	0	0	0	0	0	2	2	0	0	0	0	0	6	0	2	0	5	8	0	0	0	0	1	0
gene-Lcn2-l3	chr14	104464851	104468802	-	3952	0	0	0	0	0	0	0	0	0	0	2	0	0	0	0	0	0	0	0	0	0	0	0	0	0	0	0	0	0
gene-Lcn2-l4	chr14	105279302	105284091	-	4790	0	2	0	0	0	0	0	0	2	0	0	0	0	0	0	0	0	0	0	0	0	0	0	0	0	0	6	0	0
gene-Lcn2-l5	chr14	105331123	105334031	+	2909	0	0	0	0	0	0	0	0	0	0	0	0	0	0	0	2	0	0	0	0	0	0	0	0	0	0	0	0	0
gene-Lcn2-l6	chr14	105377495	105386496	-	9002	0	0	0	0	0	0	0	0	0	0	0	0	0	0	0	0	0	0	0	0	0	0	0	0	0	0	0	0	0
gene-Lcn2-l7	chr14	105486406	105490713	-	4308	0	0	0	0	0	0	0	0	0	0	0	0	0	0	0	0	0	0	0	0	0	0	0	0	0	0	0	0	0
gene-Lcn2-l8	chr14	105530215	105535462	-	5248	0	0	0	0	0	0	0	0	0	0	0	0	0	0	0	0	0	0	0	0	0	0	0	0	0	0	0	0	0
gene-Lcn2-l9	chr14	105764334	105812680	+	48347	3	2	6	2	0	2	11	2	1	2	2	0	0	5	4	0	0	1	0	4	0	1	5	0	0	0	0	3	0
gene-Ldha	chr24	42146351	42154280	+	7930	299	354	1458	212	324	18	481	397	1093	228	552	33	69	359	1143	117	379	222	303	1760	87	162	322	151	1176	132	281	405	75
gene-Ldha-l1	chr24	38648071	38649576	-	1506	8	26	62	8	26	2	36	8	36	12	18	2	2	18	22	4	6	0	14	66	4	8	16	2	63	6	18	22	4
gene-Lgals9	chr7	27420083	27434117	+	14035	60	26	72	44	10	114	116	30	56	42	30	90	14	8	14	23	4	784	22	54	10	42	1295	16	40	24	24	4	287
gene-Lgals9-l1	chr7	27175701	27186843	-	11143	0	10	12	8	2	0	4	4	6	2	2	6	0	16	2	2	0	19	8	30	0	2	38	0	22	4	4	4	2
gene-Lgals9-l2	chr7	27317389	27323411	-	6023	2	12	6	2	0	19	2	1	17	0	0	18	0	0	0	2	0	161	2	6	0	2	259	0	2	0	0	2	52
gene-Lgals9b	chr7	27127112	27130068	+	2957	2	39	85	37	14	25	4	32	28	21	8	10	0	15	46	11	18	103	49	64	6	17	138	0	208	11	9	25	40
gene-Lgals9b-l1	chr7	27209602	27230912	-	21311	0	2	18	2	8	2	0	4	2	0	0	0	0	2	0	2	0	11	2	8	0	0	16	4	6	0	2	2	4
gene-Lilra5	chr2	41147423	41150927	-	3505	0	0	0	0	4	8	6	0	0	2	10	2	0	0	2	0	0	12	0	0	0	2	12	0	0	0	8	0	2
gene-Lilra5-l1	chr2	41177334	41182133	-	4800	0	12	0	0	1	0	6	0	0	0	0	0	0	4	0	0	0	14	8	0	0	1	2	0	2	2	2	5	0
gene-Lilra5-l2	chr2	41207023	41209829	-	2807	30	4	128	21	16	29	97	10	79	22	4	8	22	32	59	18	0	170	18	148	8	4	116	20	96	14	0	21	14
gene-Lilra6	chr2	40584473	40591051	-	6579	125	3	121	31	27	83	168	26	95	19	50	134	26	7	104	26	39	763	0	153	8	53	809	20	131	23	66	12	194
gene-Lilra6-l1	chr2	41993238	41996882	+	3645	0	0	0	0	30	26	4	0	0	4	10	26	0	4	2	8	6	92	0	6	0	16	171	2	8	2	20	0	10
gene-Lilra6-l2	chr2	42165186	42182545	+	17360	10	0	28	60	107	153	95	6	70	20	80	141	2	2	25	22	42	786	0	37	21	98	949	4	52	10	79	1	153
gene-Lin28a	chr19	18494641	18512266	+	17626	4	12	2	4	0	0	4	14	3	10	5	0	2	10	0	2	4	0	8	4	0	0	2	0	0	7	11	12	2
gene-Lin28a-dl1	chr8	105938389	105939018	-	630	4	4	0	0	0	0	22	0	0	0	0	0	1	0	0	0	0	0	0	0	0	0	0	0	0	0	0	0	2
gene-Lin28a-l1	chr5	128260196	128260835	+	640	0	0	0	0	0	0	2	0	4	0	0	0	0	6	0	0	0	0	0	0	6	0	0	0	0	4	0	0	0
gene-Llcfc1	chr22	68584627	68585908	+	1282	10	0	0	3	0	0	0	0	0	0	0	0	0	0	0	5	0	2	0	0	3	0	0	0	0	1	12	0	0
gene-Llcfc1-l1	chr22	68642562	68643811	+	1250	0	0	0	3	0	0	0	4	0	2	0	0	0	0	0	11	0	2	0	0	7	0	0	0	0	1	0	0	0
gene-Loxhd1	chr10	38165854	38343471	-	177618	5	53	44	4	2	0	10	91	28	6	2	1	1	101	60	2	2	12	55	22	6	3	12	2	46	2	1	68	2
gene-Loxhd1-l1	chr26	49433792	49491189	+	57398	14	565	340	2	1	98	6	482	260	12	0	56	2	494	377	4	6	905	339	440	0	0	377	2	300	10	0	407	112
gene-Lrpap1	chr12	58985620	58997880	+	12261	2119	3288	3386	12636	2454	458	3485	4782	2488	10184	1838	418	236	4190	3340	10416	1914	3082	3411	3124	3247	2102	4660	232	3552	9459	1518	3284	1116
gene-Lrpap1-dl1	chr5	109201529	109203056	+	1528	1344	1896	2318	9130	1770	240	1766	2980	1730	6982	1332	266	90	2580	2532	7366	1352	2002	2168	2154	2300	1522	3202	140	2324	6104	1138	2016	874
gene-Lsm3	chr9	82253524	82263360	+	9837	647	388	360	694	310	66	254	590	283	774	334	54	18	411	249	542	312	466	465	298	198	360	518	20	278	622	256	384	126
gene-Lsm3-dl1	chr1	41670879	41671488	-	610	452	234	764	1040	648	92	356	398	520	1082	714	82	30	292	678	702	648	890	352	528	266	682	1028	40	646	642	464	250	260
gene-Lsm3-dl2	chr17	14826598	14829564	+	2967	30	18	12	16	20	0	37	20	30	16	16	2	8	4	10	22	14	44	8	14	8	12	34	6	2	11	22	14	14
gene-Lsm3-dl3	chr26	34163446	34163688	-	243	0	0	0	0	0	0	0	0	0	0	0	0	0	0	0	0	0	0	0	0	0	0	0	0	0	0	0	0	0
gene-Lsm3-dl4	chr7	95353633	95354341	-	709	2	36	20	22	11	0	16	29	10	15	20	0	4	81	33	30	20	12	37	24	15	22	26	2	30	26	6	70	8
gene-Lsm4	chr7	1373114	1374984	-	1871	621	294	344	412	258	50	455	325	284	254	222	44	36	366	318	316	198	470	294	392	84	302	712	64	432	266	192	270	147
gene-Lsm4-dl1	chr3	105417622	105422077	-	4456	1141	614	490	795	434	132	790	568	408	620	283	102	51	765	506	612	338	549	675	631	224	408	736	92	642	558	312	543	144
gene-Lsm5	chr6	13133434	13138275	-	4842	356	365	292	382	130	66	295	479	218	304	104	88	40	404	216	250	174	666	394	232	67	152	468	20	234	268	176	327	146
gene-Lsm5-l1	chr14	40746188	40746725	+	538	146	100	142	204	60	24	148	130	148	292	70	18	2	110	184	212	112	150	108	154	68	92	202	10	166	158	72	118	52
gene-Lsm8	chr5	82776370	82785098	-	8729	1680	1852	1492	3175	1500	273	1179	2519	1308	2893	1386	214	76	2088	1350	2458	1443	1756	1894	1294	786	1769	2178	138	1270	1998	1248	1792	478
gene-Lsm8-dl1	chr23	25636600	25637960	+	1361	499	364	445	792	444	54	251	588	410	736	438	76	22	494	459	601	405	512	334	418	217	516	761	40	460	442	372	406	106
gene-Ly6e	chr26	35909552	35910402	+	851	0	0	0	0	0	0	1	0	0	0	0	0	0	0	0	0	0	0	0	0	0	0	0	0	0	0	0	0	0
gene-Ly6e-l1	chr26	35502354	35505804	-	3451	1540	6043	850	1484	378	870	1652	6044	820	1066	224	906	74	7686	754	942	318	5540	5816	856	324	330	10640	134	1056	632	262	4868	2052
gene-Lyrm2	chr15	18572407	18600047	-	27641	1842	3010	2611	2621	2209	398	1801	4388	2039	2126	1467	334	174	3445	2570	2097	1851	3425	2950	2741	620	2038	3532	194	2642	1600	1588	3436	812
gene-Lyrm2-dl1	chr11	8466626	8468603	+	1978	26	22	32	32	8	2	8	39	22	36	20	0	0	20	46	32	20	32	28	58	12	26	40	0	44	20	16	25	14
gene-Lyrm2-dl2	chr24	23860444	23860707	+	264	0	0	0	0	2	0	0	0	0	0	0	0	0	2	0	0	0	0	0	0	0	0	0	0	0	0	0	0	0
gene-Lyrm2-l1	chr19	33781370	33782356	-	987	56	64	62	102	52	22	60	66	77	54	50	18	0	68	104	72	70	76	49	119	34	68	90	4	112	39	36	48	30
gene-Lyz	chr16	28050370	28055565	-	5196	0	6	0	0	2	0	0	0	0	0	2	0	0	2	0	0	0	0	0	0	0	2	4	0	0	0	0	0	0
gene-Lyz-l1	chr16	28112524	28116929	+	4406	212	2	0	9	0	0	425	1	0	4	0	0	21	0	0	2	0	0	0	0	0	2	0	21	0	2	0	0	0
gene-Lyz-l2	chr16	28154390	28167286	-	12897	447	74	1302	837	1010	1459	1940	74	1646	636	404	1720	95	100	954	552	372	13783	96	1594	358	516	14889	140	1470	473	460	24	3387
gene-Mad2l2	chr19	33844977	33872701	+	27725	521	707	692	830	442	118	611	878	575	790	342	143	50	814	651	763	400	833	778	803	239	380	1159	77	680	498	260	597	190
gene-Mad2l2-l1	chr17	47329098	47330250	+	1153	112	160	222	204	178	14	132	222	240	180	132	48	2	232	244	168	176	330	166	282	72	148	444	16	268	126	128	168	104
gene-Magea10	chrX	3595062	3595832	+	771	0	0	0	0	0	0	0	0	0	0	0	0	0	0	0	0	0	0	0	0	0	0	0	0	0	0	4	0	0
gene-Magea10-dl1	chrX	8050412	8052067	+	1656	0	0	0	0	0	0	0	0	0	0	0	0	0	0	0	0	0	0	0	0	0	0	0	0	0	0	0	0	0
gene-Magea10-l1	chrX	3634070	3635155	+	1086	0	0	0	0	0	0	0	0	0	0	0	0	0	0	0	0	0	0	0	0	0	0	0	0	0	0	0	0	0
gene-Magea10-l10	chrX	20226846	20227901	-	1056	0	0	0	0	0	0	0	0	0	0	0	0	0	0	0	0	0	0	0	0	0	0	0	0	0	0	0	0	0
gene-Magea10-l2	chrX	3843458	3844472	-	1015	0	0	0	0	0	0	0	0	0	0	0	0	0	2	2	0	0	0	0	2	0	0	0	0	0	0	0	0	0
gene-Magea10-l3	chrX	4285742	4286482	+	741	2	0	0	0	0	0	0	0	0	0	0	0	0	0	0	0	0	0	0	0	0	0	0	0	0	0	0	0	0
gene-Magea10-l4	chrX	7034315	7035136	+	822	0	0	0	0	0	0	0	0	0	0	0	0	0	0	0	0	0	0	0	0	0	0	0	0	0	0	0	0	0
gene-Magea10-l5	chrX	7257104	7257862	-	759	0	0	0	0	0	0	0	0	0	0	0	0	0	0	0	0	0	0	0	0	0	0	0	0	0	0	0	0	0
gene-Magea10-l6	chrX	7423360	7424118	+	759	0	0	0	0	0	0	0	0	0	0	0	0	0	0	0	0	0	0	0	0	0	0	0	0	0	0	0	0	0
gene-Magea10-l7	chrX	7900603	7901349	+	747	0	0	0	0	0	0	0	0	0	0	0	0	0	0	0	0	0	0	0	0	0	0	0	0	0	0	0	0	0
gene-Magea10-l8	chrX	8527992	8528756	+	765	0	0	0	0	0	0	0	0	0	0	0	0	0	0	0	0	0	2	0	0	0	0	0	0	0	0	0	0	0
gene-Magea10-l9	chrX	19021103	19024768	+	3666	0	0	0	0	0	0	0	0	0	0	0	0	0	0	0	0	0	0	0	0	0	0	0	0	0	0	0	0	0
gene-Magea11	chrX	8186677	8187423	+	747	0	0	0	0	0	0	0	0	0	0	0	0	0	0	0	0	0	0	0	0	0	0	0	0	0	0	0	0	0
gene-Magea11-l1	chrX	7158654	7159415	-	762	0	0	0	0	0	0	0	0	0	0	0	0	0	0	0	0	0	0	0	0	0	0	0	0	0	0	0	0	0
gene-Magea11-l2	chrX	7567046	7567909	-	864	0	0	0	0	0	0	0	0	0	0	0	0	0	0	0	0	0	0	0	0	0	0	0	0	0	0	0	0	0
gene-Magea11-l3	chrX	8274552	8275571	+	1020	0	0	0	0	0	0	0	0	0	0	0	0	0	0	0	0	0	0	0	0	0	0	0	0	0	0	0	0	0
gene-Magea11-l4	chrX	8554017	8554973	+	957	0	0	0	0	0	0	0	0	0	0	0	0	0	0	0	0	0	2	0	0	0	0	0	0	0	0	0	0	0
gene-Magea11-l5	chrX	8573190	8573933	+	744	0	0	0	0	0	0	0	0	0	0	0	0	0	0	0	0	0	0	0	0	0	0	0	0	0	0	0	0	0
gene-Magea4	chrX	6927810	6928817	+	1008	0	0	0	0	0	0	0	0	0	0	0	0	0	0	0	0	0	0	0	0	0	0	0	0	0	0	0	0	0
gene-Magea4-l1	chrX	7319876	7320832	-	957	0	0	0	0	0	0	0	0	0	0	0	0	0	0	0	0	0	0	0	0	0	0	0	0	0	0	0	0	0
gene-Magea4-l2	chrX	7477649	7478488	-	840	0	0	0	0	0	0	0	0	0	0	0	0	0	0	0	0	0	0	0	0	0	0	0	0	0	0	0	0	0
gene-Magea4-l3	chrX	7630752	7631615	-	864	0	0	0	0	0	0	0	0	0	0	0	0	0	0	0	0	0	0	0	0	0	0	0	0	0	0	0	0	0
gene-Magea4-l4	chrX	7662456	7663472	-	1017	0	0	0	0	0	0	0	0	0	0	0	0	0	0	0	0	0	0	0	0	0	0	0	0	0	0	0	0	0
gene-Mageb16	chrX	7723441	7724202	+	762	2	0	0	0	0	0	0	0	0	0	0	0	0	0	0	0	0	0	0	0	0	0	0	0	0	0	2	0	0
gene-Mageb16-l1	chrX	5867224	5867985	-	762	0	0	0	0	0	0	0	0	0	0	0	0	0	0	0	0	0	0	0	0	0	0	0	0	0	0	0	0	0
gene-Mageb3	chrX	161952321	161953592	+	1272	2	2	0	0	0	2	36	0	2	0	2	0	0	0	0	0	2	4	0	8	0	1	2	2	10	0	2	0	0
gene-Mageb3-dl1	chrX	167420934	167422028	-	1095	0	0	0	0	0	0	0	4	0	0	0	0	0	0	0	0	0	0	0	0	0	0	0	0	0	0	0	0	0
gene-Mageb3-l1	chrX	161965816	162016528	-	50713	1	0	0	0	0	0	0	4	0	0	0	0	0	2	2	0	1	4	6	0	0	0	0	0	0	0	6	0	0
gene-Mageb3-l2	chrX	167349521	167350711	-	1191	0	0	0	0	0	0	0	0	0	0	0	0	0	0	0	0	0	0	0	0	0	0	0	0	0	0	0	0	0
gene-Mageb3-l3	chrX	167377987	167379090	-	1104	0	0	0	0	0	0	0	0	0	0	0	0	0	0	0	0	0	0	0	0	0	0	0	0	0	0	4	0	0
gene-Mageb3-l4	chrX	167785784	167786875	-	1092	0	0	0	0	0	0	0	0	0	0	0	0	0	0	0	0	0	0	0	0	0	0	0	0	0	0	0	0	0
gene-Mageb3-l5	chrX	168039442	168040602	+	1161	0	0	0	0	0	0	0	0	0	0	0	0	0	0	0	0	0	0	0	0	0	0	0	0	0	0	0	0	0
gene-Mageb4	chrX	15539893	15540936	+	1044	0	0	0	0	0	0	0	17	0	0	0	0	0	0	0	0	0	0	0	0	0	0	0	0	0	0	0	0	0
gene-Mageb4-dl1	chrX	161742208	161743296	-	1089	0	0	0	0	0	0	0	0	0	0	0	0	0	0	0	0	0	0	0	0	0	0	0	0	0	0	0	0	0
gene-Mageb4-l1	chrX	161677116	161678310	-	1195	0	0	0	0	0	0	0	0	0	0	0	0	0	0	0	0	0	0	0	0	0	0	0	0	0	0	0	0	0
gene-Mageb4-l2	chrX	161876757	161877845	+	1089	0	0	0	0	0	0	0	0	0	0	0	0	0	0	0	0	0	0	0	0	0	0	0	0	0	0	0	0	0
gene-Mageb4-l3	chrX	161913179	161917613	+	4435	0	0	0	0	0	0	0	0	0	0	0	0	0	0	0	0	0	0	0	0	0	0	0	0	0	2	0	0	0
gene-Mageb4-l4	chrX	162012692	162013717	-	1026	0	0	0	0	0	0	0	0	0	0	0	0	0	0	0	0	0	0	0	0	0	0	0	0	0	0	0	0	0
gene-Mak16	chr5	59615323	59625331	-	10009	1319	860	1311	965	638	196	1212	1221	1128	927	602	196	74	1028	1238	785	654	1931	1063	1189	240	505	2042	120	1283	715	493	860	447
gene-Mak16-dl1	chr19	67892908	67894916	-	2009	698	444	974	632	336	122	592	604	770	494	348	94	40	484	884	450	474	1026	494	798	130	366	1166	48	928	314	350	461	316
gene-Maoa	chrX	141290388	141382111	-	91724	862	886	1182	3894	2976	283	1148	1087	1458	3300	2478	248	151	885	1181	2744	3340	1777	799	1138	864	2743	2242	188	1618	2366	2322	1201	473
gene-Maoa-dl1	chr18	47391572	47392765	+	1194	250	543	770	2902	2898	136	466	499	935	2661	2166	96	26	452	784	2132	2860	790	368	724	842	2133	1316	60	988	1894	2012	594	238
gene-Maoa-dl2	chr20	60704429	60706009	-	1581	534	933	1770	6928	5983	284	869	996	1875	5661	4583	305	88	876	1662	4761	6261	1529	798	1532	1623	5070	2559	170	1962	4382	4590	1149	588
gene-Mat2a	chr22	15161779	15168714	-	6936	8058	10350	10652	17743	4666	3455	7841	14352	7601	16006	3148	2519	874	11946	8308	15479	3857	28599	13176	7110	4594	3268	29965	1007	8312	11031	3073	10528	6223
gene-Mat2a-l1	chr7	77151246	77154056	-	2811	1080	1446	1598	2778	558	420	1124	1934	1034	2218	424	296	100	1592	1114	2412	516	3596	1736	1040	688	454	3230	156	1204	1626	342	1430	684
gene-Mboat7	chr2	40394733	40404193	-	9461	1440	4253	468	1396	828	124	1464	5656	362	1286	708	128	218	4486	378	1072	692	1268	4101	453	326	838	1416	194	514	1062	703	4426	322
gene-Mboat7-l1	chr2	41391413	41402099	-	10687	70	98	12	60	20	0	48	151	14	32	40	6	32	70	12	26	40	34	64	12	8	18	36	14	8	22	26	70	6
gene-Mdp1	chr8	44141575	44145429	+	3855	805	1430	1021	1521	475	148	553	2093	949	1461	377	123	69	1688	909	1181	475	1036	1632	1103	445	456	1464	73	1080	1106	382	1466	353
gene-Mdp1-l1	chr8	44182573	44184933	+	2361	74	191	141	117	103	18	109	178	155	131	109	9	11	167	129	142	88	152	181	181	36	63	180	11	153	140	55	183	69
gene-Med29	chr2	22876587	22882378	+	5792	890	1431	2191	2672	1386	178	898	1722	1894	2264	1301	180	95	1720	2004	1937	1260	1544	1580	2330	588	1237	1772	140	2032	1785	1138	1371	428
gene-Med29-dl1	chr2	3255020	3255708	+	689	584	1080	2370	2784	1662	118	712	1660	2210	2571	1250	116	44	1506	2216	2092	1386	1046	1360	2510	710	1350	1496	79	2110	1838	1338	1242	312
gene-Med4	chr5	76657518	76677433	-	19916	1921	1895	1141	1342	656	170	1416	2333	932	1330	530	163	108	2282	950	1109	690	1606	2028	985	320	590	1567	125	1036	922	506	2077	312
gene-Med4-dl1	chr20	61646637	61648041	-	1405	888	625	511	626	366	62	504	826	443	575	316	68	28	730	570	450	366	488	616	534	140	346	530	36	474	354	200	628	170
gene-Med4-dl2	chrX	197701051	197702751	+	1701	233	185	164	106	78	18	172	211	62	128	46	8	14	243	102	136	95	182	177	78	14	76	133	22	92	78	53	193	16
gene-Melk	chr14	54601188	54713506	-	112319	1005	52	132	156	272	60	914	81	100	140	287	48	32	56	160	136	265	738	60	92	30	326	521	16	130	78	188	32	78
gene-Melk-l1	chr9	84299050	84299954	-	905	116	0	4	8	6	2	68	2	2	4	2	4	0	2	0	2	12	14	2	2	2	6	20	4	4	6	2	0	8
gene-Mfsd13a	chr28	42462239	42487614	-	25376	7592	14610	8502	8512	4143	1241	6887	18431	6965	7262	3750	992	513	16076	8418	6623	4188	9570	14766	7526	1916	4486	10747	694	8516	5523	3347	14746	2506
gene-Mfsd13a-l1	chr3	8113548	8165927	-	52380	8	80	30	49	0	8	59	64	10	84	0	10	1	78	10	58	4	26	70	2	18	0	15	2	22	26	41	10	2
gene-Mgat1	chr12	70377924	70380163	+	2240	73	50	50	60	101	8	70	41	55	68	103	10	8	41	28	84	89	66	24	54	24	102	104	6	53	89	74	34	33
gene-Mgat1-l1	chr9	90080059	90095723	+	15665	1784	1407	1662	4064	3392	429	2590	1884	1518	3597	2862	344	182	1491	1441	3539	3348	2756	1637	1411	1059	3138	3227	235	1780	3228	2870	1431	641
gene-Mgat4c	chr2	135167781	135436221	-	268441	487	394	255	463	308	75	462	1504	288	388	276	84	29	559	268	291	221	659	748	253	114	409	944	21	365	306	306	846	194
gene-Mgat4c-l1	chr8	74846105	74854324	+	8220	133	139	58	334	162	15	117	143	44	276	156	4	11	185	64	223	142	93	121	44	82	190	98	13	69	185	107	162	20
gene-Mgat4c-l2	chr8	74920228	74927371	+	7144	2	0	0	0	0	0	1	0	0	0	0	0	0	0	0	0	0	0	0	0	0	0	0	2	0	0	0	0	0
gene-Mia2	chr8	25436023	25553154	-	117132	5029	3195	5455	36698	55921	1176	5569	4183	4083	30292	52025	998	665	4054	4064	28092	51031	9767	3412	3590	8128	59093	11498	732	5070	24206	49792	3602	2784
gene-Mia2-l1	chr1	123033053	123034615	-	1563	0	0	0	0	0	0	0	2	0	4	0	0	0	0	0	0	0	3	2	0	0	0	2	0	0	0	2	2	4
gene-Mif	chr20	20867433	20868326	+	894	1579	2113	1761	3982	2010	134	974	2566	1636	4114	1308	88	84	2491	2168	2950	1886	1166	2223	1920	980	2101	1430	74	2042	2716	1899	2359	352
gene-Mif-dl1	chr17	93662453	93664632	-	2180	961	1404	992	2589	1151	76	706	1526	794	2643	782	60	22	1649	1195	1903	907	668	1319	1158	571	1185	906	50	1091	1825	1022	1353	198
gene-Mmgt1	chrX	26948733	26960258	+	11526	734	2573	1674	1692	644	506	832	3510	1368	1546	614	344	70	2842	1554	1260	798	3798	2660	1540	402	843	4172	136	1706	1188	682	2632	1122
gene-Mmgt1-dl1	chr22	12248351	12249311	+	961	262	230	216	778	264	61	259	370	176	667	261	79	18	322	195	654	308	499	322	212	186	299	663	17	198	486	238	268	123
gene-Mphosph10	chr15	65585642	65603813	-	18172	1548	1278	1488	1236	1268	278	1384	2030	1118	1114	1069	178	126	1614	1492	1064	1366	2432	1420	1120	254	982	2416	100	1428	881	1046	1501	528
gene-Mphosph10-l1	chr10	83549799	83552342	-	2544	716	722	934	676	626	100	552	961	780	610	605	88	30	772	796	509	734	1118	794	666	162	644	1386	68	734	380	546	760	292
gene-Mreg	chr9	89939485	89940493	+	1009	30	14	4	21	12	4	8	24	12	14	4	2	2	10	32	12	14	36	32	18	4	12	26	0	8	8	2	6	10
gene-Mreg-l1	chr1	76254665	76274233	+	19569	2118	792	967	1322	431	135	962	1137	767	921	338	107	111	938	952	667	353	964	875	632	197	725	1577	96	765	714	290	683	345
gene-Mrgprx1	chr24	43684696	43685830	-	1135	0	0	0	0	0	0	0	6	0	0	0	0	0	0	0	0	0	0	0	0	0	0	0	0	0	0	0	0	0
gene-Mrgprx1-l1	chr24	43738287	43739333	-	1047	0	0	0	0	0	0	0	0	0	0	0	0	0	0	0	0	0	0	0	0	0	0	0	0	0	0	0	0	0
gene-Mrgprx1-l2	chr24	43833739	43834731	-	993	2	0	0	0	0	0	4	0	0	0	0	0	0	0	0	0	0	4	0	0	0	0	0	2	0	0	0	0	0
gene-Mri1	chr3	126679332	126685822	-	6491	467	489	582	765	522	86	508	639	446	596	442	84	36	504	582	562	512	675	486	566	178	581	781	32	517	498	494	408	159
gene-Mri1-dl1	chr12	99804570	99806907	+	2338	216	164	292	494	396	50	208	214	174	232	242	23	12	332	258	422	490	268	248	372	160	442	402	36	360	356	398	224	104
gene-Mroh7	chr19	57366284	57419233	+	52950	10	46	14	300	0	0	168	66	20	158	0	0	0	15	4	237	2	23	38	11	70	1	3	18	6	174	154	28	4
gene-Mroh7-l1	chr8	76936556	76966312	-	29757	28	5	0	6	2	0	24	4	2	3	0	2	4	2	0	5	0	12	0	0	0	0	2	2	0	0	2	4	1
gene-Mrpl11	chr4	81944658	81962315	+	17658	417	995	1060	986	258	30	300	1160	926	890	237	50	36	1089	908	786	358	430	1011	1050	282	272	464	48	976	636	190	705	82
gene-Mrpl11-l1	chrX	170369222	170370034	+	813	218	404	972	854	206	30	212	454	734	694	190	28	4	414	852	640	268	206	410	970	196	208	362	52	788	610	152	360	84
gene-Mrpl15	chr26	48769564	48790062	+	20499	1823	2132	3218	4815	2368	216	1304	2748	2462	4401	2276	218	114	2009	2485	2605	1657	1419	2199	3044	1138	2290	2034	176	2990	3375	1846	2124	428
gene-Mrpl15-l1	chr16	50361727	50362801	+	1075	414	384	630	1036	432	36	268	404	442	820	436	54	22	328	444	474	264	266	344	482	182	394	322	26	457	512	348	334	60
gene-Mrpl17	chr24	28103923	28106207	-	2285	2350	1590	3281	7336	3172	280	1923	2174	2526	6313	3274	298	124	1985	3406	5646	3610	2470	1676	2996	1683	3198	3256	174	3004	4174	2605	1617	611
gene-Mrpl17-dl1	chr16	96048650	96049655	+	1006	115	27	52	56	36	0	84	44	28	49	47	2	12	63	32	52	48	95	56	36	16	44	70	19	60	32	16	22	12
gene-Mrpl3	chr6	67549838	67589806	-	39969	1794	2640	3668	2488	1228	262	1860	3734	3196	2470	1132	238	164	3098	3714	2030	1386	2608	2880	3596	604	1266	2874	174	3720	1726	1000	2752	558
gene-Mrpl3-l1	chr21	3142506	3143992	-	1487	674	1424	3742	2426	1062	138	642	1732	3130	2158	1028	130	48	1717	3844	1756	1264	962	1416	3770	561	1176	1454	90	3192	1472	856	1444	284
gene-Mrpl30	chr22	6894757	6902849	-	8093	255	229	463	398	220	31	275	306	370	372	213	23	12	332	482	315	261	276	281	488	81	223	228	29	459	275	208	243	44
gene-Mrpl30-l1	chr10	25778045	25778696	+	652	777	742	1741	1713	879	102	505	946	1503	1462	947	100	46	1209	2113	1536	1158	850	1118	2111	458	1216	1125	74	1726	1087	682	772	254
gene-Mrpl36	chr6	59373423	59375770	+	2348	150	195	711	774	280	34	198	196	616	748	269	34	18	246	680	804	284	198	170	679	176	252	312	36	662	556	232	188	80
gene-Mrpl36-dl1	chr17	23969145	23970064	-	920	22	36	192	212	50	6	58	40	132	196	60	10	8	28	208	150	80	50	29	232	54	108	74	0	150	134	56	22	14
gene-Mrpl41	chr14	114227417	114230135	+	2719	719	806	1163	1415	1020	145	653	1189	861	1261	934	95	36	1408	1729	1787	1845	1426	1029	1435	528	1393	1467	111	1464	1270	1202	1014	320
gene-Mrpl41-l1	chr14	82517733	82518332	-	600	68	90	380	376	352	18	120	106	272	318	312	14	8	110	306	284	338	168	136	356	90	428	218	16	314	224	334	114	50
gene-Mrpl41-l2	chr8	74944572	74945238	-	667	130	118	484	488	446	12	116	110	350	464	402	40	12	78	218	136	190	118	84	350	82	388	284	8	330	206	262	104	78
gene-Mrpl42	chr2	142897942	142940878	+	42937	961	821	1580	1379	468	157	880	763	1159	1146	450	140	121	926	1404	919	462	794	819	1490	314	544	890	168	1232	824	357	514	238
gene-Mrpl42-l1	chr26	33258817	33259421	+	605	550	336	1812	752	412	40	250	452	1710	673	498	30	26	438	2142	470	584	300	468	2603	264	657	476	80	1508	404	416	400	96
gene-Mrpl45	chr7	5392932	5400648	-	7717	849	457	1109	1330	625	135	856	682	816	1137	623	130	55	843	1036	1208	518	906	633	1087	303	532	1056	97	995	916	436	718	245
gene-Mrpl45-l1	chr8	45121731	45123393	-	1663	606	369	1440	958	488	108	486	578	1097	910	464	82	48	406	1113	612	352	568	415	1165	236	456	932	72	1040	504	300	366	152
gene-Mrpl49	chr4	83278484	83281805	-	3322	2534	1676	2396	6704	2412	344	1934	2317	2483	5979	2187	330	130	2126	2654	5005	2497	2838	1948	2645	1566	2635	3475	184	2782	3982	1843	1698	704
gene-Mrpl49-dl1	chr17	23472032	23474038	-	2007	488	294	478	1340	528	66	332	465	536	1298	502	76	30	419	553	1006	516	568	420	584	318	623	712	42	626	890	402	432	128
gene-Mrpl49-dl2	chrX	100568318	100570056	-	1739	155	97	124	305	150	17	107	122	124	276	128	14	12	119	140	256	122	180	102	126	72	150	186	18	110	188	106	102	38
gene-Mrpl50	chr14	75797896	75810439	-	12544	614	724	1462	2086	445	112	382	1060	1168	1794	500	88	20	894	1574	1704	716	818	898	1420	530	568	910	40	1202	1216	472	763	216
gene-Mrpl50-dl1	chr19	32564405	32565102	-	698	14	18	58	50	19	8	15	31	38	74	22	8	0	24	59	33	30	24	20	47	14	16	12	0	38	32	10	14	6
gene-Mrpl50-dl2	chr2	20763755	20764048	+	294	8	2	2	0	0	0	4	4	2	4	0	0	2	4	4	2	8	0	0	10	0	0	18	1	2	1	0	0	4
gene-Mrpl50-dl3	chr8	71186090	71187299	+	1210	228	182	491	748	128	28	126	238	452	670	184	32	2	234	558	504	232	240	208	452	116	202	358	20	480	420	124	220	68
gene-Mrpl55	chr3	79944217	79946373	-	2157	1026	523	1022	1056	888	90	664	656	808	965	642	90	32	657	967	760	762	747	604	966	219	994	821	72	904	743	725	508	238
gene-Mrpl55-l1	chr15	42111282	42111810	+	529	174	200	286	350	300	32	146	176	322	398	276	28	14	192	286	276	226	202	154	260	104	256	338	10	302	204	206	162	76
gene-Mrps15	chr19	28487673	28494622	-	6950	1562	2164	6740	3886	1990	334	1521	2992	5355	3787	2014	266	158	2502	7087	3006	2216	2700	2328	6542	870	2081	3516	330	6316	2580	1678	2291	836
gene-Mrps15-dl1	chr24	13386772	13389212	-	2441	538	738	2338	1594	750	92	542	938	2094	1454	772	90	38	796	2716	1226	790	836	756	2662	344	830	1037	120	2360	1082	680	683	262
gene-Mrps16	chr1	21694608	21695709	+	1102	564	450	918	1349	692	117	367	509	761	1199	710	75	39	455	924	922	844	638	493	839	340	663	811	48	945	839	594	412	172
gene-Mrps16-l1	chr25	41160780	41161521	-	742	148	124	392	492	240	22	158	160	302	518	274	36	14	210	250	380	312	220	144	306	124	222	266	12	426	286	256	98	50
gene-Mrps18c	chr6	89984508	89990292	+	5785	255	428	250	307	141	24	155	535	182	296	144	23	20	315	194	220	134	271	294	218	64	162	235	22	151	234	99	315	64
gene-Mrps18c-dl1	chr8	75227703	75228468	-	766	194	152	200	156	62	10	42	155	130	169	100	12	0	385	464	349	224	118	357	608	152	226	180	22	542	311	208	300	48
gene-Mrps18c-l1	chr8	42863152	42863811	+	660	124	240	344	408	156	15	60	296	280	402	128	10	8	180	239	130	112	70	126	264	52	124	66	12	244	168	86	172	44
gene-Mrps21	chr22	51171365	51191324	+	19960	2457	3594	4462	3854	1540	456	2320	5050	3886	3524	1704	472	180	4493	4721	2888	1889	4002	4080	4686	1024	1863	5398	278	4548	2478	1494	3738	1240
gene-Mrps21-dl1	chr9	84414932	84415327	-	396	8	18	22	8	4	0	10	12	12	8	2	2	2	4	20	8	0	20	12	14	8	14	18	0	40	8	2	4	6
gene-Mrps25	chr9	77068885	77074480	+	5596	2220	3298	2719	3736	1477	317	2326	4490	2303	3221	1363	375	176	3729	2437	2782	1342	2520	3417	2455	928	1409	3107	235	2673	2303	1137	3223	749
gene-Mrps25-dl1	chr14	39692794	39693315	-	522	732	862	1140	1624	578	94	736	1297	964	1496	638	112	60	1106	1132	1242	516	688	892	1185	360	614	972	96	1234	907	454	1040	216
gene-Mrps25-dl2	chr3	126074558	126076315	+	1758	14	46	38	2	16	0	12	79	26	20	14	10	6	4	8	2	4	14	8	18	4	8	10	0	16	4	0	8	4
gene-Mrps6	chr14	41595759	41667380	+	71622	11036	7941	2186	17249	1234	782	6202	10145	2240	24372	570	470	578	9920	1080	14897	920	7276	8640	1612	3530	1272	5787	478	2783	15552	1104	7348	1548
gene-Mrps6-dl1	chr13	10538332	10538706	+	375	6	14	6	32	0	0	8	4	2	32	8	2	0	14	6	32	4	0	2	24	8	8	2	0	16	18	4	18	2
gene-Mrps6-dl2	chr9	54269815	54270602	+	788	36	59	58	257	23	2	34	95	125	230	2	8	8	78	74	225	24	52	66	86	41	30	48	0	130	188	36	50	30
gene-Mrto4	chr19	12000539	12006029	+	5491	1181	858	727	984	449	124	856	1039	552	750	482	90	58	1077	679	831	472	961	950	538	204	491	867	68	648	528	435	949	184
gene-Mrto4-l1	chr19	14769376	14770559	+	1184	12	8	10	12	4	4	18	10	8	18	14	2	4	24	8	12	6	10	12	10	0	8	20	0	20	12	2	18	0
gene-Ms4a2	chr4	50703545	50710101	-	6557	140	8	8	299	20	325	263	2	6	199	70	466	42	0	10	166	22	1723	2	10	80	53	3457	70	22	174	66	0	1155
gene-Ms4a2-l1	chr4	50596654	50602871	+	6218	28	2	0	28	0	49	58	18	0	14	6	24	10	30	2	34	2	356	24	10	6	16	344	6	3	16	2	0	60
gene-Ms4a4a	chr4	49973924	49988492	+	14569	284	26	612	58	4	32	1049	58	524	76	20	20	60	22	569	44	6	296	32	597	26	2	446	100	722	68	8	42	86
gene-Ms4a4a-dl1	chr4	49667542	49672321	+	4780	5	6	4	6	39	27	34	2	0	9	25	18	2	0	4	4	73	78	6	4	4	67	151	0	2	4	43	0	14
gene-Ms4a4d	chr4	49550812	49561185	-	10374	2	2	0	0	2	3	13	8	2	2	0	0	0	0	0	4	2	33	0	1	2	6	36	2	0	1	4	0	4
gene-Ms4a4d-dl1	chr4	49697727	49700607	+	2881	16	0	0	0	4	5	38	2	0	2	0	0	2	0	0	0	2	29	0	0	2	2	38	8	4	2	2	0	2
gene-Msmb	chr6	1443645	1450862	+	7218	0	0	0	0	10	0	0	0	0	0	46	0	0	0	0	0	420	0	0	0	2	1547	0	0	0	0	369	0	0
gene-Msmb-l1	chr6	1706593	1714748	+	8156	0	0	1737	212880	0	0	4	4	0	209513	0	2	2	0	0	128321	0	2	0	0	48536	0	0	0	1	148509	0	12	0
gene-Msn	chrX	116272947	116353465	-	80519	3762	424	3761	4420	516	1401	5031	575	3343	4211	323	1076	416	591	3538	3794	412	14266	503	2942	1034	490	13673	412	4351	2838	446	425	3452
gene-Msn-dl1	chr8	77246183	77250645	-	4463	2889	597	4511	6230	724	1774	4179	774	4357	5559	518	1570	225	666	4764	4898	585	14330	682	4230	1504	687	16236	368	5593	4353	562	483	4052
gene-Mtap	chr14	70589435	70633576	-	44142	1254	138	356	254	322	120	1726	196	362	248	232	76	116	188	276	215	293	1576	188	270	62	246	992	88	412	232	222	134	178
gene-Mtap-dl1	chr1	73253244	73256717	+	3474	117	36	140	130	134	12	170	62	98	122	142	22	16	38	138	102	184	266	50	128	42	170	226	12	117	86	112	44	48
gene-Mtap-dl2	chr15	961023	961673	-	651	34	12	22	62	48	13	40	34	28	52	36	6	2	21	22	28	64	36	14	52	4	36	40	8	26	24	26	14	28
gene-Mtap-dl3	chr19	17337816	17338466	+	651	36	0	30	41	39	4	48	16	28	26	38	4	0	12	35	25	50	50	14	19	6	52	82	0	39	17	25	2	19
gene-Mtrex	chr10	95138454	95243006	+	104553	6315	4928	8329	6856	3900	1333	6767	6233	6939	6074	3115	1140	582	5801	7544	5408	4235	11045	5311	8487	1690	3578	12261	729	8965	5243	3348	5406	3138
gene-Mtrex-dl1	chr10	104208040	104211375	-	3336	2024	2568	1958	2220	1024	232	1510	3129	1606	2211	890	270	110	2956	1916	1738	1146	2176	2666	1692	536	952	2886	140	1954	1480	930	2573	620
gene-Mx2	chr14	44106592	44129828	+	23237	584	862	2096	1296	1070	985	2009	1202	1254	873	756	689	123	896	1688	875	740	4226	900	1643	239	1115	6949	175	1752	723	868	889	1285
gene-Mx2-l1	chr14	43949647	44012982	-	63336	1264	2190	2405	2606	1539	642	3525	2731	1783	1964	1033	538	304	2429	1862	1706	1101	4165	2258	1826	509	1428	5776	380	2838	1441	1333	2443	1274
gene-Mycbp	chr19	30721985	30730302	-	8318	1346	376	929	2830	1453	240	967	463	789	2942	1344	196	106	511	855	2344	1465	2248	451	734	621	1187	1738	106	726	1749	1159	383	558
gene-Mycbp-dl1	chr1	157506890	157507243	-	354	8	0	0	10	4	0	4	8	0	14	8	2	0	4	0	2	4	0	0	2	2	2	6	0	0	4	2	4	0
gene-Mycbp-dl2	chr2	29792970	29794679	-	1710	12	32	14	59	15	12	14	46	6	44	25	4	4	16	22	36	9	30	26	16	18	24	36	2	26	12	21	37	12
gene-Mycbp-l1	chr11	66648592	66648952	+	361	356	66	418	997	538	70	272	68	306	1059	490	74	16	96	322	774	488	606	66	306	264	411	698	22	258	576	422	66	178
gene-Mycbp-l2	chr12	99791375	99791898	+	524	4	0	0	2	2	0	0	0	0	4	0	0	0	0	4	8	2	2	0	4	2	4	4	0	0	0	0	0	0
gene-Mycbp-l3	chr15	87301242	87301556	+	315	4	0	0	21	2	1	2	0	4	8	2	0	0	0	6	11	2	14	2	8	4	2	14	0	2	18	8	0	0
gene-Mycbp-l4	chr2	27684081	27684441	+	361	0	0	1	3	0	0	1	1	2	9	0	0	0	0	4	5	5	1	0	1	1	2	4	0	2	7	9	0	0
gene-Mycbp-l5	chr2	27915005	27915316	-	312	116	18	108	254	176	18	82	20	100	269	176	14	2	32	129	208	184	231	14	85	81	174	300	10	114	146	132	12	66
gene-Mycbp-l6	chr6	74960548	74960895	+	348	13	0	14	33	16	6	2	2	10	46	24	4	4	10	12	20	21	10	4	4	10	18	20	2	2	16	16	0	6
gene-Myh2	chr7	41561165	41585663	-	24499	90	6	12	3	0	2	27900	37	40	0	3	0	6404	39	101	6	0	10	14	299	0	2	0	15935	39	0	0	38	0
gene-Myh2-l1	chr7	41588285	41614242	-	25958	63	29	12	0	0	0	26256	182	34	0	7	0	5396	61	80	0	0	4	48	84	2	8	3	8606	27	2	0	67	6
gene-Myl12b	chr10	8585673	8599144	-	13472	9105	4408	7384	8557	4128	2577	8185	5281	6436	7349	4169	2569	590	5683	7724	6815	4581	20379	4618	7657	2253	5131	29766	825	8577	5427	3926	4453	7104
gene-Myl12b-l1	chr17	57838780	57840805	+	2026	1460	768	1712	1265	808	342	1252	950	1418	1212	786	336	82	894	1738	1142	942	2930	726	1670	332	802	3920	132	1800	837	767	738	824
gene-Myl6	chr16	42732949	42737761	-	4813	14032	6034	8192	11852	4413	2853	10807	8014	8440	9770	4197	2765	850	7216	7607	8632	4450	18619	6375	7450	2915	5108	24947	932	11112	7263	3521	5941	6090
gene-Myl6-l1	chr26	36000525	36000965	-	441	27	6	6	20	14	8	13	16	22	28	8	4	2	14	10	18	2	38	18	0	14	14	48	2	20	14	2	14	14
gene-Myl6-l2	chr6	79660470	79661087	-	618	1988	810	1298	2112	1022	413	1600	1045	1314	2082	1182	446	90	898	1280	1543	1230	4344	718	1164	542	1596	5752	102	2212	1300	982	754	1350
gene-Myl9	chr20	63952308	63959453	+	7146	2267	281	31576	5185	590	1984	3199	597	36051	3579	334	1802	373	644	31315	3757	660	16871	554	33085	1416	520	21077	567	41852	3212	414	372	4964
gene-Myl9-l1	chr10	8602977	8613540	-	10564	10972	1193	35594	6716	2764	2699	6252	1597	27329	5870	2709	2594	547	1498	31854	4930	2929	17275	1405	34011	1809	3161	26377	777	31242	3965	2216	1106	5945
gene-Naa11	chr1	131202573	131210191	-	7619	6	0	0	0	0	2	0	4	0	0	0	0	0	2	4	0	0	2	267	325	48	197	520	39	0	0	10	0	0
gene-Naa11-l1	chr6	43178431	43191403	-	12973	4	10	2	5	0	0	0	0	0	2	0	0	0	0	0	0	0	2	20	2	0	0	6	0	0	1	0	0	0
gene-Nampt	chr17	90503328	90536058	+	32731	3096	1976	5155	6225	6432	496	3414	2163	3772	6847	6605	388	757	2121	4396	5295	4329	4017	2025	3790	1813	5660	4210	757	3691	5304	4413	1857	950
gene-Nampt-dl1	chr2	69052478	69054597	+	2120	814	639	1800	2167	2027	128	862	530	1274	2276	2244	110	122	622	1576	1706	1561	942	588	1460	541	1806	1242	152	1336	1576	1534	494	318
gene-Nanp	chr3	127851470	127860147	+	8678	760	564	1067	1236	975	84	733	732	975	1054	1053	85	63	949	1334	1326	1430	1058	900	1167	361	1380	1080	122	1148	1073	1332	803	213
gene-Nanp-l1	chr17	72384148	72386188	+	2041	88	53	62	78	68	18	50	56	45	82	116	4	8	36	40	46	60	59	56	24	8	60	48	4	34	36	62	30	6
gene-Napsa	chr2	34091573	34095618	-	4046	24	144	100	13808	2	1903	30	200	6	10788	0	1654	3	159	6	14451	0	16959	145	4	3648	2	22252	0	0	8821	6	118	4798
gene-Napsa-dl1	chr2	34120779	34128449	+	7671	9	34	37	3313	2	464	23	31	1	1564	0	325	6	48	2	3553	0	4384	42	4	936	1	6128	3	0	2360	2	36	1291
gene-Nasp	chr19	48537550	48550574	+	13025	2775	1104	1022	699	510	203	2222	1426	829	580	518	186	112	1233	802	484	575	1963	1130	705	108	482	1938	62	956	381	444	1124	478
gene-Nasp-l1	chr10	108162273	108165491	+	3219	82	16	18	8	16	4	34	14	16	10	16	2	2	26	24	16	6	24	24	18	8	26	51	0	24	8	4	18	12
gene-Nat8b	chr22	27465104	27506592	+	41489	100	619	121	6804	18	8	121	722	22	3416	4	5	2	517	46	2724	8	216	513	68	865	4	131	1	94	2636	10	705	34
gene-Nat8b-l1	chr22	27233321	27289051	-	55731	42	10	331	26725	14822	10	25	11	44	28627	19952	0	5	17	16	17321	19997	18	19	34	6297	20549	35	6	39	15643	11188	14	2
gene-Ncbp2	chr16	97053605	97081060	-	27456	2698	5499	2239	2647	1006	285	2330	7934	1825	2409	1116	283	160	6437	2003	2037	1062	3036	6005	2101	539	1092	3064	226	2256	1615	1158	5809	716
gene-Ncbp2-dl1	chr10	116601818	116603527	-	1710	160	186	84	218	136	20	107	232	78	159	104	14	8	194	94	138	128	158	178	72	62	98	220	8	134	116	94	202	44
gene-Ncr3lg1	chr24	41308862	41316976	+	8115	276	119	336	314	44	81	390	112	308	319	28	82	39	136	271	231	28	586	117	209	57	23	570	26	285	249	47	111	155
gene-Ncr3lg1-l1	chr24	41122159	41131980	+	9822	426	43	75	117	0	1	875	46	50	53	4	0	18	40	178	60	0	24	27	77	38	2	30	23	142	60	1	12	0
gene-Ncr3lg1-l2	chr24	41211230	41219857	+	8628	361	755	801	1108	401	133	1006	682	660	787	357	92	52	667	802	677	322	927	711	619	202	267	931	52	685	642	291	626	211
gene-Ndufa10	chr1	54114792	54155866	+	41075	3880	3566	19252	10271	4583	414	3338	4525	13562	8888	4134	402	340	4047	21918	8119	4312	4034	3857	20542	2280	4449	4020	426	17315	6835	3322	3706	842
gene-Ndufa10-l1	chr3	45731054	45732482	-	1429	260	242	1212	792	284	10	194	240	890	659	382	12	12	215	1437	570	310	176	190	1464	186	276	190	22	1072	556	210	204	30
gene-Ndufa11	chr3	119931596	119939567	+	7972	858	910	4115	1860	922	72	748	1109	3319	1482	906	80	67	1026	4911	1366	966	886	934	5262	452	1098	1270	142	3916	1354	956	800	244
gene-Ndufa11-dl1	chr18	26308613	26309038	+	426	1537	1716	8470	4498	1644	210	1170	2338	6508	4032	1646	176	123	2416	10240	3520	1858	1356	1972	10604	1210	1952	2036	238	7886	3144	1438	1928	468
gene-Ndufa12	chr2	144441736	144463072	-	21337	1880	3332	18310	9149	4151	294	2050	4007	14193	8253	4320	278	166	3125	14474	6068	4597	2070	2784	13928	1964	3986	2814	346	13954	5724	3717	3136	716
gene-Ndufa12-dl1	chr12	90966842	90967405	-	564	432	672	4054	2033	866	70	412	914	2748	1984	908	86	26	792	3110	1600	1022	424	608	2820	496	854	612	74	2862	1544	740	726	116
gene-Ndufa12-dl2	chr28	12673388	12673944	+	557	128	260	1260	532	252	28	146	270	913	558	326	20	28	254	1114	446	360	180	163	1138	134	272	182	16	980	404	244	194	44
gene-Ndufa2	chr3	41174477	41176872	+	2396	102	205	476	446	202	22	112	302	465	361	156	23	12	296	500	242	187	191	240	375	107	158	142	18	430	331	130	215	52
gene-Ndufa2-dl1	chr12	84110579	84111114	+	536	303	1020	2586	2170	742	54	295	1114	2486	2272	684	54	26	1202	2824	1630	948	434	988	2536	486	690	644	52	2358	1544	688	896	156
gene-Ndufa2-l1	chr20	14486353	14488594	-	2242	154	488	966	938	244	40	244	550	920	1030	244	26	22	466	1024	720	348	214	374	1196	262	364	228	30	856	686	316	430	70
gene-Ndufa2-l2	chr6	60965127	60965433	-	307	6	10	64	62	20	4	12	20	40	36	10	0	0	16	46	30	14	2	28	66	8	18	12	0	48	22	16	26	4
gene-Ndufa3	chr2	40353909	40355800	+	1892	278	539	658	511	276	67	266	556	538	407	208	36	12	563	681	377	308	505	529	657	109	202	507	40	581	321	196	572	122
gene-Ndufa3-dl1	chr7	14621123	14621474	-	352	16	68	208	110	66	8	18	32	94	44	34	2	2	52	176	62	40	46	52	156	34	66	34	2	148	58	52	42	6
gene-Ndufa3-l1	chr6	78557406	78557735	-	330	365	502	1627	996	492	57	250	1097	2097	1496	707	90	44	659	1500	726	418	357	658	1572	210	496	598	50	1188	708	362	524	180
gene-Ndufa3-l2	chrX	66503205	66503530	+	326	90	70	356	209	118	6	64	210	390	247	182	12	6	102	334	143	78	60	102	376	48	78	136	2	248	118	78	112	20
gene-Ndufa4	chr5	90908458	90915052	+	6595	1106	4477	13398	5887	2494	238	1432	4359	9722	4825	2290	158	130	6182	16440	5132	3916	1678	5366	18053	1716	3178	1888	448	15211	4922	2778	5914	412
gene-Ndufa4-dl1	chr14	102644311	102644715	-	405	396	1700	6608	2422	1080	62	505	2038	5638	2658	1416	84	54	1900	6370	1644	1526	518	1618	6812	528	1266	698	150	5844	1486	1020	1818	156
gene-Ndufa4-dl2	chr17	14216258	14216679	-	422	126	451	1682	684	330	34	191	510	1397	633	368	12	18	642	1891	578	396	106	540	2021	172	394	208	66	1978	570	310	680	52
gene-Ndufa4-dl3	chr19	83931844	83932286	+	443	1304	6522	22993	9147	4272	292	1822	7584	20787	9840	4860	278	228	7197	24146	6074	5356	1754	5986	26998	2150	4982	2394	606	20454	5933	4106	6661	548
gene-Ndufa5	chr17	51741210	51753629	-	12420	246	932	1244	702	319	36	325	955	1086	707	427	30	30	925	1406	558	399	356	754	1202	148	279	264	42	1151	494	317	969	65
gene-Ndufa5-dl1	chr23	30721998	30722348	+	351	30	84	348	124	32	0	20	78	222	74	54	4	4	90	410	68	54	28	88	342	36	60	40	4	376	66	46	82	4
gene-Ndufa5-l1	chr28	29511032	29513112	-	2081	320	4018	6070	2616	890	84	516	4409	4928	2424	1058	76	64	4190	6988	1684	1348	580	3621	6256	644	978	875	194	5736	1662	860	4266	190
gene-Ndufa5-l2	chr7	49399425	49399833	+	409	4	72	276	82	28	6	16	92	230	78	64	8	0	76	324	64	56	38	74	286	20	72	54	2	310	70	40	92	14
gene-Ndufa6	chr4	39831635	39838484	-	6850	1461	2444	6910	3240	1754	255	1052	2859	4437	3502	1720	197	124	2429	6534	2809	2028	1944	2435	6510	799	1610	1896	160	5882	2562	1311	2162	406
gene-Ndufa6-dl1	chr28	33794030	33794416	-	387	546	944	4362	1748	984	67	352	1168	2850	1690	1072	92	54	956	4089	1220	948	518	958	3922	430	1020	894	56	3770	1300	846	872	196
gene-Ndufa8	chr5	75776288	75776782	+	495	0	0	0	0	0	0	0	0	0	0	0	0	0	0	0	0	0	0	0	0	0	0	0	0	0	0	0	0	0
gene-Ndufa8-dl1	chr14	98150606	98169731	-	19126	3821	7433	25097	12792	6496	682	3634	8602	20991	11645	7400	648	421	7851	25338	9845	7512	4792	6731	24713	2947	6549	6227	813	22318	8587	6024	6919	1490
gene-Ndufab1	chr3	6960254	6971963	+	11710	778	996	2200	1598	562	130	732	1150	1592	1294	440	114	88	1068	2374	1344	518	1080	926	2112	276	552	972	94	1954	936	380	824	194
gene-Ndufab1-l1	chr12	22881333	22882036	+	704	194	398	2068	1048	394	18	170	427	1874	1138	398	22	34	486	1992	797	427	259	396	2424	232	394	260	66	1723	738	304	445	82
gene-Ndufaf2	chr10	100843808	100908962	+	65155	468	301	359	369	192	48	491	340	214	397	202	37	46	331	299	280	183	665	280	381	74	274	428	50	352	267	218	257	95
gene-Ndufaf2-l1	chr6	64199490	64200171	-	682	172	156	332	336	148	20	99	220	268	312	136	30	8	300	349	210	184	260	193	484	74	218	430	22	428	208	162	178	60
gene-Ndufaf4	chr15	26269593	26273911	-	4319	142	201	312	210	60	4	54	215	174	118	54	6	6	214	316	170	128	84	167	169	66	58	30	4	230	135	82	190	10
gene-Ndufaf4-dl1	chr27	48104380	48105791	-	1412	52	202	398	202	48	8	50	198	238	192	106	6	3	166	422	146	130	50	186	360	80	98	84	10	274	128	70	228	14
gene-Ndufaf4-dl2	chr6	74381364	74382578	+	1215	78	174	290	172	42	14	48	228	178	196	82	2	0	150	310	176	124	32	182	230	50	92	44	6	248	142	74	180	12
gene-Ndufb10	chr1	14393020	14393692	+	673	344	572	2010	985	690	54	314	664	1860	903	630	32	20	634	2194	794	686	432	522	2229	288	610	544	62	1830	755	530	450	102
gene-Ndufb10-dl1	chr20	36494103	36496398	+	2296	1147	2071	6608	3585	2324	137	1024	2296	5733	3441	2129	125	98	2423	6717	2898	2505	1250	1975	7215	957	2368	1758	191	5952	2450	1760	1832	394
gene-Ndufb4	chr6	105088323	105092207	-	3885	2160	2495	11962	6322	4426	346	1884	3422	9257	5853	4466	254	188	3627	10744	4619	4754	2469	2791	11502	1458	4778	3401	362	9831	4066	3690	3146	774
gene-Ndufb4-dl1	chr14	88582784	88583179	-	396	2	4	36	10	8	0	2	10	14	4	4	0	0	6	4	6	10	6	0	12	2	4	0	0	10	6	4	2	2
gene-Ndufb7	chr3	126097895	126103681	+	5787	2740	3412	16132	11206	6728	482	2826	3829	12742	9500	5840	508	347	4374	17871	8706	6642	3716	3711	18039	2652	6733	5360	615	14580	7724	5348	3268	1152
gene-Ndufb7-dl1	chr16	9801159	9802110	-	952	6	0	10	6	0	10	57	0	24	0	0	6	2	4	8	2	2	97	4	8	2	0	49	4	18	2	6	2	2
gene-Ndufb7-dl2	chr24	12710883	12711284	-	402	6	0	0	0	0	0	6	6	0	0	0	0	0	0	0	0	0	0	0	0	0	0	0	0	0	0	0	2	0
gene-Ndufs8	chr4	80663311	80667575	-	4265	690	1307	6736	3908	1980	130	862	1580	5880	3350	1762	124	64	1541	6900	2726	1980	1016	1319	7055	918	1961	1263	144	5875	2554	1506	1186	302
gene-Ndufs8-l1	chr22	55806658	55807367	-	710	938	1683	9781	7402	3042	170	1220	1894	9133	6412	2808	198	80	2038	11403	5344	3288	1222	1840	11293	1589	2994	1957	272	8864	4728	2422	1618	432
gene-Nedd8	chr8	44170684	44181926	+	11243	397	364	377	370	231	45	320	542	361	311	208	49	37	457	367	321	151	428	422	297	101	140	337	37	329	222	179	406	84
gene-Nedd8-dl1	chr10	3721822	3722231	-	410	10	3	10	16	0	0	6	22	2	12	4	0	0	14	20	10	8	6	10	30	10	2	10	2	6	6	4	6	2
gene-Nedd8-dl2	chr10	69777456	69778055	+	600	2	26	4	6	2	0	6	24	4	14	0	2	0	12	2	4	0	2	12	3	4	2	4	0	0	8	6	18	2
gene-Nedd8-dl3	chr12	70642146	70642391	-	246	26	64	58	58	44	6	24	75	36	66	46	2	2	54	85	66	52	56	47	78	17	50	58	2	64	50	60	66	16
gene-Nedd8-dl4	chr19	23693817	23694062	+	246	114	164	216	244	120	22	78	260	230	210	92	12	8	222	222	182	102	107	172	236	66	123	224	16	232	136	89	152	66
gene-Nedd8-dl5	chr2	14188659	14188904	+	246	14	6	22	6	6	2	10	24	8	38	16	2	0	18	16	14	12	20	18	10	2	12	12	2	10	6	2	8	4
gene-Nedd8-dl6	chr26	36164096	36164281	+	186	6	4	5	10	0	4	2	2	6	6	2	0	2	12	6	8	2	0	4	14	0	0	8	2	4	10	4	13	0
gene-Nedd8-dl7	chr3	83538301	83540866	+	2566	4	17	94	24	38	26	62	24	12	2	8	8	4	18	35	2	14	84	16	32	0	14	109	12	26	2	10	27	6
gene-Nifk	chr13	8685254	8699246	+	13993	1646	1167	1112	1372	1168	140	1202	2160	1374	2335	1254	212	158	1433	762	1204	935	1214	1620	1480	631	1414	2322	164	1700	1687	1194	1660	496
gene-Nifk-dl1	chr11	93677804	93678822	-	1019	162	164	206	230	160	24	104	265	126	237	132	22	12	236	141	171	154	182	217	118	62	196	222	8	153	120	104	182	39
gene-Nifk-dl2	chr20	74508924	74511270	+	2347	68	96	74	90	72	10	36	102	40	90	42	4	4	90	36	46	52	22	78	50	16	72	62	4	28	20	46	74	20
gene-Nifk-dl3	chr27	2025522	2026436	-	915	252	260	307	368	244	52	186	392	218	340	236	34	18	296	232	296	268	240	244	158	62	248	300	24	188	241	224	242	30
gene-Nifk-dl4	chr4	99403254	99404150	+	897	24	28	26	54	34	2	26	40	30	58	22	2	0	36	30	14	44	22	19	10	6	10	36	2	18	22	22	36	10
gene-Nipsnap2	chr6	41936389	41967980	-	31592	2557	2100	13699	2211	1015	347	3281	2993	9706	2175	620	317	368	2507	11491	1678	768	3798	2401	13459	441	521	3798	569	12605	1886	795	2211	813
gene-Nipsnap2-dl1	chr8	19452287	19453012	+	726	34	38	294	44	8	10	30	57	296	22	10	1	4	48	300	22	2	34	40	389	12	8	65	8	367	22	0	48	6
gene-Nlrp1	chr7	36223235	36332545	+	109311	119	2	27	40	18	114	399	21	35	28	29	69	24	23	30	11	27	1425	18	17	11	45	886	36	70	20	33	23	122
gene-Nlrp1-l1	chr7	36411475	36444125	+	32651	452	124	1898	286	168	581	994	130	1356	225	98	708	104	142	1880	217	125	6381	135	1458	94	153	5097	123	1588	173	159	95	948
gene-Nlrp1-l2	chr7	36607164	36653905	+	46742	270	292	112	62	52	68	473	439	139	96	30	82	105	348	94	54	28	938	392	144	26	36	860	64	172	48	37	239	200
gene-Nop10	chr15	100212991	100214029	-	1039	1191	984	1619	1564	1328	172	902	1252	1696	1327	1389	176	40	1221	1577	1083	1281	1133	981	1974	410	1311	1770	152	1685	1024	1166	1050	405
gene-Nop10-dl1	chr14	109705981	109706398	-	418	110	82	118	108	80	11	88	87	114	102	94	8	4	76	108	98	110	90	68	106	34	104	120	10	140	84	70	56	8
gene-Nop10-dl2	chr15	18373290	18373811	+	522	194	106	264	162	138	14	130	160	216	182	224	16	2	154	220	124	210	218	92	246	34	226	296	12	258	104	200	124	42
gene-Notch2	chr21	2502258	2658397	+	156140	26782	1918	2916	4568	3572	1008	27193	2262	3775	4835	2696	1044	2675	2811	2330	4578	3350	18764	2184	2649	1302	5385	11041	2574	4284	3668	4123	1857	2464
gene-Notch2-l1	chr21	2690070	2691748	-	1679	56	11	2	14	2	4	50	29	0	8	2	0	2	18	0	14	2	54	7	0	0	15	18	0	8	5	12	8	8
gene-Npm1	chr11	91800900	91812384	-	11485	2780	674	833	1108	480	180	1548	1142	603	963	474	158	90	888	550	1081	455	1554	853	573	224	491	1465	93	621	765	396	778	268
gene-Npm1-l1	chr5	77995669	77996397	+	729	2	0	0	0	0	0	1	0	0	0	0	0	8	0	2	0	0	0	0	0	0	0	0	0	0	0	0	0	0
gene-Npm1-l2	chr6	66322583	66325181	-	2599	4	2	9	0	0	1	0	18	2	4	4	0	0	8	2	4	0	6	4	2	2	2	4	0	6	8	0	10	2
gene-Nr1h4	chr2	149762756	149850959	+	88204	18	35	340	1182	7783	0	20	28	67	1170	5752	2	6	24	138	1016	7362	38	24	78	272	6717	42	4	95	871	6597	28	4
gene-Nr1h4-l1	chr21	8738519	8755997	-	17479	15	8	6	0	84	0	22	10	13	2	96	0	5	15	10	2	70	13	9	8	0	45	8	0	18	4	57	16	2
gene-Nr1i3	chr2	65398320	65403744	+	5425	201	1138	1611	724	4738	43	271	1348	1211	768	5136	47	34	1121	1492	575	3827	270	1194	1463	212	4310	444	74	1414	520	3409	1185	102
gene-Nr1i3-l1	chr8	67450444	67455788	-	5345	2	2	160	4813	14235	4	6	0	0	3783	12108	0	2	0	0	4347	13268	4	0	4	1220	11953	10	0	8	3351	12625	0	0
gene-Nsa2	chr10	115022941	115023815	+	875	31	9	19	14	12	2	23	24	20	23	16	0	0	28	10	29	5	6	15	12	2	15	22	0	14	22	13	14	4
gene-Nsa2-dl1	chr10	114060153	114070809	+	10657	1883	3771	1738	2294	662	208	1144	5195	1311	2011	557	184	94	4247	1692	1721	601	1502	3920	1496	506	579	1480	148	1658	1260	398	4056	362
gene-Nsa2-dl2	chr8	113041887	113042546	-	660	16	12	17	24	18	2	6	16	12	26	10	0	2	8	6	12	24	12	12	26	2	4	14	4	22	22	14	6	10
gene-Nsfl1c	chr20	55077382	55112875	+	35494	2429	2898	3066	2656	2524	368	2338	3740	2427	2354	1729	302	266	3304	2503	1896	1969	3072	3090	2608	596	2350	3440	250	2883	1535	1470	2945	727
gene-Nsfl1c-l1	chrX	104889695	104891554	+	1860	314	428	444	436	456	44	272	578	448	374	362	42	14	544	480	290	380	358	528	460	134	586	594	48	420	248	342	436	124
gene-Nthl1	chr20	36582701	36589807	-	7107	744	343	455	736	427	116	715	473	459	516	312	118	30	354	403	519	388	1032	389	406	216	392	1256	58	444	460	250	328	277
gene-Nthl1-l1	chr20	15100875	15101692	-	818	10	6	18	18	26	0	12	11	16	14	8	0	0	4	8	12	4	28	3	16	4	8	32	0	8	10	6	8	2
gene-Nucks1	chr8	72160802	72166695	+	5894	587	701	402	519	351	108	662	963	301	443	338	71	64	732	402	451	428	758	745	402	139	438	767	80	410	330	269	655	154
gene-Nucks1-l1	chr2	147660197	147662836	+	2640	442	556	304	432	264	60	394	770	266	310	216	48	32	714	346	346	286	548	622	304	98	388	494	34	414	278	282	692	98
gene-Nudcd2	chr11	100107955	100112573	+	4619	581	592	369	710	694	77	451	729	333	762	847	74	38	555	319	651	507	525	511	346	184	684	671	37	455	513	698	488	190
gene-Nudcd2-dl1	chr14	84931817	84933033	-	1217	86	90	46	169	144	12	46	106	30	202	156	8	2	120	74	160	148	88	90	50	34	182	100	4	60	126	162	86	34
gene-Nudt11	chrX	131021215	131021586	+	372	3	67	0	12	0	0	1	107	1	1	0	0	1	70	0	0	6	0	75	0	0	8	0	0	0	0	0	67	0
gene-Nudt11-dl1	chrX	131265967	131271819	+	5853	43	423	0	8	0	0	49	939	1	1	0	0	3	632	0	0	2	2	502	8	0	6	4	4	0	0	1	649	0
gene-Nudt16	chr6	67457386	67459796	+	2411	150	917	242	526	416	67	176	1346	178	430	390	101	16	1081	178	348	402	438	1079	206	150	354	848	20	277	316	242	1064	198
gene-Nudt16-l1	chr6	67436229	67437788	+	1560	0	1	0	2	0	1	0	19	10	0	0	1	0	15	8	2	2	4	13	0	0	0	15	0	7	2	4	10	4
gene-Nup43	chr18	38015095	38039816	+	24722	804	300	498	518	328	112	757	355	385	475	296	122	40	412	402	414	316	891	444	440	148	290	1157	62	455	428	250	296	236
gene-Nup43-dl1	chr21	58150775	58151983	+	1209	178	44	136	136	80	30	128	100	98	140	64	34	6	88	86	127	86	168	82	92	30	96	356	10	152	98	72	54	60
gene-Nupr1	chr12	118559594	118569503	+	9910	6	2	0	4	0	4	6	0	0	14	2	0	0	0	0	4	1	2	6	2	4	2	20	0	6	0	2	4	4
gene-Nupr1-l1	chr3	1916462	1917870	+	1409	1309	93	734	2136	38	413	1651	100	791	2925	86	479	143	116	528	1217	28	2966	79	585	822	78	5608	166	1145	1080	26	90	1350
gene-Nus1	chr16	51606986	51610267	-	3282	454	804	450	8802	674	112	490	1143	380	9547	686	122	20	920	346	7150	684	836	858	368	2350	552	1134	42	568	6346	684	779	252
gene-Nus1-dl1	chr18	81728232	81750522	-	22291	2219	2776	2404	38794	3188	564	3014	4040	1549	42591	2752	486	210	3228	1844	33818	2654	4750	3076	1712	11012	2668	5852	188	2240	28896	2522	2996	1366
gene-Nusap1	chr15	90294635	90325473	-	30839	1310	215	115	167	45	30	926	211	67	88	28	7	34	229	78	120	77	251	218	60	21	39	177	28	81	110	28	171	42
gene-Nusap1-l1	chr13	7052239	7054116	+	1878	209	14	6	4	0	0	106	0	10	10	4	0	2	6	6	0	2	14	16	6	2	2	38	0	12	8	2	2	8
gene-Nusap1-l2	chrX	105752197	105753983	+	1787	30	4	2	0	2	0	22	4	0	4	6	0	0	0	0	0	0	0	12	0	0	4	14	2	0	0	6	6	0
gene-Nutf2	chr1	156674011	156700275	+	26265	1390	1614	1987	1240	608	182	1380	2416	1583	1132	548	122	106	1975	1756	955	748	1412	1933	1900	340	644	1499	180	1895	808	596	1855	364
gene-Nutf2-l1	chr3	118279039	118281033	-	1995	169	118	214	88	52	12	179	123	125	89	74	16	13	132	138	103	70	148	108	204	20	84	177	20	146	72	52	98	34
gene-Nxpe3	chr6	125885042	125935750	-	50709	855	2965	1663	1002	1728	222	2853	3784	1471	1164	2462	290	225	3408	1516	930	1841	2723	3029	1466	313	3822	3305	294	1931	806	2238	3299	831
gene-Nxpe3-l1	chr6	32349199	32381472	-	32274	642	603	587	2029	505	64	1171	960	370	2493	546	66	55	769	362	1983	643	593	684	342	602	652	567	50	393	1524	545	669	138
gene-Nxpe3-l2	chr6	32381511	32416670	-	35160	17	13	15	29	1184	10	24	6	2	68	1193	4	1	7	4	34	941	65	7	7	16	935	27	2	11	44	1058	3	6
gene-Oat	chr28	18888319	18910568	+	22250	1251	1101	2589	2669	1905	272	1614	1497	1927	2764	1482	270	120	986	1891	2086	1701	1824	797	1837	475	890	1973	92	2019	1634	1573	876	354
gene-Oat-dl1	chr24	17828439	17833075	-	4637	3192	3759	11182	11085	7411	769	3446	5180	8640	10518	6240	717	190	4805	11117	10479	10108	6011	3636	11010	2839	5385	7550	359	11664	7877	7712	3999	1902
gene-Obp2b	chr14	111338105	111363909	+	25805	135	160	232	199	780	21	116	176	105	156	981	30	18	99	206	102	725	262	80	214	54	814	206	20	366	115	644	127	51
gene-Obp2b-l1	chr14	111402990	111405790	+	2801	0	0	0	0	0	2	0	0	0	0	0	0	0	0	0	2	0	11	0	6	0	0	2	0	0	8	0	0	0
gene-Obp2b-l2	chr14	112844500	112847167	+	2668	103	347	94	178	12	26	180	473	114	163	59	18	2	506	74	101	14	94	301	80	18	26	114	6	82	76	48	408	26
gene-Olfm4	chr7	67447581	67469504	+	21924	0	8	0	0	0	0	5	22	2	0	0	0	2	12	0	14	0	0	8	6	0	2	6	4	4	2	0	7	2
gene-Olfm4-l1	chr24	26543640	26552005	-	8366	2	0	0	0	12	4	2	0	0	2	0	0	0	0	0	0	4	16	0	0	0	14	26	0	0	0	2	0	1
gene-Or10q1	chr4	52622170	52623273	+	1104	0	2	0	0	0	0	0	2	0	0	0	0	0	4	0	0	0	0	0	0	0	0	0	0	0	0	0	8	0
gene-Or10q1-l1	chr4	52581505	52582488	-	984	0	0	0	0	0	0	0	0	0	0	0	0	0	2	0	0	0	0	0	0	0	0	0	0	0	0	0	0	0
gene-Or51a7	chr24	25364079	25365040	+	962	0	0	0	0	0	0	0	0	0	0	0	0	0	0	0	0	0	0	0	0	0	0	0	0	0	0	0	0	0
gene-Or51a7-l1	chr24	25429973	25430908	-	936	0	0	0	0	0	0	0	0	0	0	0	0	0	0	0	0	0	0	0	0	0	0	0	0	0	0	0	0	0
gene-Or51a7-l2	chr24	25450196	25451134	+	939	0	0	0	0	0	0	0	0	0	0	0	0	0	0	0	0	0	0	0	0	0	0	0	0	0	0	0	0	0
gene-Or51a7-l3	chr24	25572466	25573407	+	942	0	0	0	0	0	0	0	0	0	0	0	0	0	0	0	0	0	0	0	0	0	0	0	0	0	0	0	0	0
gene-Or51a7-l4	chr24	25597943	25598410	-	468	0	0	0	0	0	0	0	0	0	0	0	0	0	0	0	0	0	0	0	0	0	0	0	0	0	0	0	0	0
gene-Or51c1	chr24	25141440	25142384	+	945	0	0	0	0	0	0	2	0	0	0	0	0	0	0	0	0	0	0	0	0	0	0	0	0	0	0	0	0	0
gene-Or51c1-l1	chr24	25121493	25122437	-	945	0	0	0	0	0	0	2	0	0	0	0	0	2	0	0	0	0	6	0	0	0	0	2	2	0	0	2	0	0
gene-Or51c1-l2	chr24	25157772	25158722	+	951	0	0	0	0	0	0	2	2	0	0	0	0	0	0	0	0	0	4	0	0	0	0	0	0	0	0	0	0	0
gene-Or51f1	chr24	25207034	25207993	-	960	30	0	0	2	110	0	20	0	2	4	212	0	0	0	42	2	94	0	0	27	2	327	0	0	7	8	148	0	0
gene-Or51f1-l1	chr24	25231911	25232786	-	876	0	0	0	0	0	0	0	0	0	0	0	0	0	0	0	0	0	0	0	0	0	0	0	0	0	0	0	0	0
gene-Or51g2	chr24	25628575	25629519	+	945	0	0	0	0	0	0	0	0	0	0	0	0	0	0	0	0	0	0	0	0	0	0	0	0	0	0	0	0	0
gene-Or51g2-l1	chr24	25457365	25458315	-	951	0	0	0	0	0	0	0	0	0	0	0	0	0	0	0	0	0	0	0	0	0	0	0	0	0	0	0	0	0
gene-Or51g2-l2	chr24	25911111	25912070	+	960	0	0	0	0	0	0	0	0	0	0	0	0	0	0	0	0	0	0	0	0	0	0	0	0	0	0	0	0	0
gene-Or51g2-l3	chr24	25948064	25949023	-	960	0	0	0	0	0	0	0	0	0	0	0	0	0	0	0	0	0	0	0	0	0	0	0	0	0	0	0	0	0
gene-Or51g2-l4	chr24	25958173	25959120	-	948	0	0	0	0	0	0	0	0	0	0	0	0	0	0	0	0	0	0	0	0	0	0	0	0	0	0	0	0	0
gene-Or51g2-l5	chr24	25967260	25968254	-	995	0	0	0	0	0	0	0	0	0	0	0	0	0	0	0	0	0	0	0	0	0	0	0	0	0	0	0	0	0
gene-Or51g2-l6	chr24	25973236	25974186	-	951	0	0	0	0	0	0	0	0	0	0	0	0	0	0	0	0	0	0	0	0	0	0	0	0	0	0	0	0	0
gene-Or51i1	chr24	26005676	26006620	+	945	0	0	0	0	0	0	0	0	0	0	0	0	0	0	0	0	0	0	0	0	0	0	0	0	0	0	0	0	0
gene-Or51i1-l1	chr24	26378056	26378994	-	939	0	0	0	0	0	0	0	0	0	0	0	0	0	0	0	0	0	0	0	0	0	0	0	0	0	0	0	0	0
gene-Or51i1-l2	chr24	26465048	26465992	-	945	0	0	0	0	0	0	0	0	0	0	0	0	0	0	0	0	0	0	0	0	0	0	0	0	0	0	0	0	0
gene-Or51i2	chr24	26397893	26398920	+	1028	0	0	0	0	0	0	0	0	0	0	0	0	0	0	0	0	0	0	0	0	0	0	0	0	0	0	0	0	0
gene-Or51i2-dl1	chr24	25090890	25091852	-	963	2	0	0	2	0	0	0	0	0	0	0	0	0	0	0	0	0	0	0	0	0	0	0	0	0	0	0	0	0
gene-Or51i2-l1	chr24	25083786	25084748	-	963	2	0	0	0	0	0	0	0	0	0	0	0	0	0	0	0	0	0	0	0	0	0	0	0	0	0	0	0	0
gene-Or51i2-l2	chr24	26367353	26368303	-	951	0	0	0	0	0	0	0	0	0	0	0	0	0	0	0	0	0	0	0	0	0	0	0	0	0	0	0	0	0
gene-Or51i2-l3	chr24	26409029	26409973	-	945	0	0	0	0	0	0	0	0	0	0	0	0	0	1	0	0	0	0	0	0	0	0	0	0	0	0	0	0	0
gene-Or51i2-l4	chr24	26450753	26451697	-	945	0	0	0	0	0	0	0	0	0	0	0	0	0	0	0	0	0	0	0	0	0	0	0	0	0	0	0	0	0
gene-Or51i2-l5	chr24	26478797	26479744	-	948	0	0	0	0	0	0	0	0	0	0	0	0	0	0	0	0	0	0	0	0	0	0	0	0	0	0	0	0	0
gene-Or51l1	chr24	24852636	24853589	+	954	6	0	0	0	0	0	0	0	0	0	0	0	0	2	0	0	0	0	0	0	0	0	2	0	0	0	0	0	0
gene-Or51l1-l1	chr24	25553142	25554089	-	948	0	0	0	0	0	0	0	0	0	0	0	0	0	0	0	0	0	0	0	0	0	0	0	0	0	0	0	0	0
gene-Or51v1	chr24	26044090	26045034	-	945	0	0	0	0	0	0	0	0	0	0	0	0	0	0	0	0	0	0	0	0	0	0	0	0	0	0	0	0	0
gene-Or51v1-l1	chr24	26063226	26064170	-	945	0	0	0	0	0	0	0	0	0	0	0	0	0	0	0	0	0	0	0	0	0	0	0	0	0	0	0	0	0
gene-Or52a1	chr24	25841377	25842420	+	1044	0	0	0	0	0	0	0	0	0	0	0	0	0	0	0	0	0	0	0	0	0	0	0	0	0	0	0	0	0
gene-Or52a1-l1	chr24	25798309	25799253	-	945	0	0	0	0	0	0	0	0	0	0	0	0	0	0	0	0	0	0	0	0	0	0	0	0	0	0	0	0	0
gene-Or52a1-l2	chr24	25854808	25855326	+	519	0	0	0	0	0	0	0	0	0	0	0	0	0	0	0	0	0	0	0	0	0	0	0	0	0	0	0	0	0
gene-Or52a1-l3	chr24	26156535	26157473	-	939	0	0	0	0	0	0	0	0	0	0	0	0	0	0	0	0	0	0	0	0	0	0	0	0	0	0	0	0	0
gene-Or52b2	chr24	25918055	25920709	-	2655	0	0	0	0	0	0	0	0	0	0	0	0	0	0	0	0	0	0	0	0	0	0	0	0	0	0	0	0	0
gene-Or52b2-l1	chr24	27555549	27558492	-	2944	0	0	4	0	0	0	8	4	0	4	0	0	0	8	0	0	0	0	6	8	0	0	0	0	0	0	0	0	0
gene-Or52b2-l2	chr24	27562264	27564984	-	2721	0	4	0	0	0	0	0	2	0	0	0	0	0	8	0	0	0	0	2	0	0	0	2	0	0	0	0	5	2
gene-Or52b4	chr24	24750180	24752603	+	2424	12	2	0	2	0	0	44	10	0	0	0	0	0	6	2	0	0	4	2	0	0	2	0	2	0	0	0	2	0
gene-Or52b4-l1	chr24	24784003	24787155	+	3153	17	2	7	4	0	0	34	0	2	2	0	4	2	3	4	6	4	11	6	8	2	4	14	2	6	8	1	2	8
gene-Or52b4-l2	chr24	24816733	24817683	+	951	8	2	4	0	0	0	4	0	0	2	0	0	0	0	0	0	0	0	0	0	2	0	2	0	2	0	0	0	2
gene-Or52h1	chr24	26980984	26981925	+	942	0	8	0	0	0	0	0	4	0	0	0	0	0	0	0	0	0	0	1	0	0	0	0	0	0	0	0	12	0
gene-Or52h1-l1	chr24	26574027	26574971	-	945	0	0	0	0	0	4	0	0	0	0	0	0	0	0	0	0	0	8	0	0	0	0	6	0	0	0	0	0	0
gene-Or52h1-l2	chr24	26990774	26991736	+	963	0	0	0	0	0	0	0	0	0	0	0	0	0	0	0	0	0	0	0	0	0	0	0	0	0	0	0	6	0
gene-Or52i1	chr24	24992042	24993022	+	981	0	5	2	8	0	0	6	9	3	4	0	0	0	20	6	2	0	2	4	0	0	0	1	0	4	0	0	4	0
gene-Or52i1-l1	chr24	25012218	25013174	+	957	10	7	6	0	0	0	12	4	4	0	0	0	3	6	2	4	0	11	6	4	2	0	4	0	6	2	0	6	2
gene-Or52j3	chr24	25640245	25641183	+	939	0	0	0	0	0	0	0	0	0	0	0	0	0	0	0	0	0	0	0	0	0	0	0	0	0	0	0	0	0
gene-Or52j3-l1	chr24	25538409	25539347	-	939	0	0	0	0	0	0	0	0	0	0	0	0	0	0	0	0	0	0	0	0	0	0	0	0	0	0	0	0	0
gene-Or52j3-l2	chr24	25872226	25873170	-	945	0	0	0	0	0	0	0	0	0	0	0	0	0	0	0	0	0	0	0	0	0	0	0	0	0	0	0	0	0
gene-Or52m1	chr24	24952243	24953196	+	954	0	0	0	0	0	0	0	2	0	0	0	0	0	8	0	0	0	0	0	0	0	0	0	0	0	0	0	2	0
gene-Or52m1-l1	chr24	24933444	24935156	-	1713	0	0	0	0	0	4	6	0	0	0	0	0	0	4	0	0	4	0	0	0	0	0	0	0	0	0	0	2	0
gene-Or52p1	chr24	27012162	27013767	+	1606	0	6	0	0	0	0	0	0	0	0	0	0	0	0	0	0	0	0	0	0	0	0	0	0	0	0	0	1	0
gene-Or52p1-l1	chr24	26106861	26107811	-	951	0	0	0	0	0	0	0	0	0	0	0	0	0	0	0	0	0	0	0	0	0	0	0	0	0	0	0	0	0
gene-Or52p1-l2	chr24	27038299	27039234	-	936	0	0	0	0	0	0	0	0	0	0	0	0	0	0	0	0	0	0	2	0	0	0	0	0	0	0	0	0	0
gene-Or52p1-l3	chr24	27069155	27070144	+	990	0	0	0	0	0	0	0	0	0	0	0	0	0	0	0	0	0	0	0	0	0	0	0	0	0	0	0	0	0
gene-Or52r1	chr24	25261376	25262320	-	945	0	0	0	0	0	0	0	0	0	0	0	0	0	0	0	0	0	0	0	0	0	0	0	0	0	0	0	0	0
gene-Or52r1-l1	chr24	25331897	25332841	-	945	0	0	0	0	0	0	0	0	0	0	0	0	0	0	0	0	0	0	0	0	0	0	0	0	0	0	0	0	0
gene-Or56a4	chr24	27383990	27384934	-	945	0	0	0	0	0	0	0	0	0	2	0	0	0	0	0	0	0	0	0	0	0	0	0	0	0	0	0	0	0
gene-Or56a4-l1	chr24	27421676	27422650	-	975	0	0	0	0	0	0	0	0	0	0	0	0	0	0	0	0	0	0	0	0	0	0	0	0	0	0	0	0	0
gene-Or56b1	chr24	27103607	27104464	+	858	0	0	0	0	0	0	0	0	0	0	0	0	0	0	0	0	0	0	0	0	0	0	0	0	0	0	0	0	0
gene-Or56b1-dl1	chr24	27113744	27114703	+	960	0	0	0	0	0	0	0	0	0	0	0	0	0	0	0	0	0	0	0	0	0	0	0	0	0	0	0	0	0
gene-Osbpl11	chr16	1449278	1514779	+	65502	1326	540	794	577	490	142	1976	628	618	514	371	142	232	575	574	404	388	1761	556	549	120	350	1601	170	696	463	364	532	290
gene-Osbpl11-dl1	chr2	3859014	3862107	+	3094	4	2	6	2	2	1	4	6	0	6	2	0	0	0	10	4	0	6	0	2	0	2	6	2	10	2	0	4	2
gene-Osbpl11-dl2	chr2	74079926	74083524	-	3599	176	130	158	202	108	44	208	206	188	234	160	32	8	118	226	176	152	296	188	244	74	98	300	46	204	140	124	156	72
gene-Ostf1	chr9	98865125	98915568	-	50444	3006	638	2214	3918	1766	643	2949	784	1330	3352	1276	576	317	937	1739	2663	1750	5350	740	1707	863	1757	5904	305	1840	2421	1524	720	1219
gene-Ostf1-dl1	chr22	57491231	57491875	+	645	1468	394	1210	3633	1548	420	1218	476	872	2774	1399	370	88	474	1319	2330	1534	2790	502	1168	746	1558	4270	173	1434	2026	1309	528	842
gene-Otub1	chr4	84350206	84360030	-	9825	1692	3719	1353	2135	962	218	1143	4653	1150	2164	902	226	74	4272	1318	1826	1014	1634	3986	1422	640	1024	2234	96	1559	1614	812	4027	508
gene-Otub1-dl1	chr14	74941076	74942187	-	1112	982	1542	752	1380	592	130	538	2086	597	1254	578	110	34	1780	632	918	550	762	1510	690	392	688	1194	56	716	858	534	1538	268
gene-Otud6b	chr11	34212932	34230598	-	17667	2413	3715	3106	1811	776	296	2299	5197	2711	1645	942	274	183	4370	2468	1418	1030	2417	4093	2628	438	1055	2924	210	2924	1077	736	4363	684
gene-Otud6b-l1	chrX	133460716	133464075	-	3360	488	770	686	366	200	46	404	938	578	320	232	54	24	1046	784	256	242	440	756	671	72	216	452	46	714	198	164	752	134
gene-Ovca2	chr15	100085436	100086822	+	1387	34	16	12	56	16	0	20	56	21	28	24	2	2	20	24	36	8	14	44	24	14	12	43	2	10	30	14	28	2
gene-Ovca2-dl1	chr7	32095890	32099039	+	3150	618	464	442	907	570	84	710	788	454	697	445	78	40	666	340	592	543	584	577	293	189	556	725	65	400	516	366	569	138
gene-P2ry10	chrX	99967240	99989317	-	22078	173	92	165	133	105	115	341	143	128	110	130	109	28	107	166	97	149	1137	65	160	41	78	1200	26	189	59	120	134	199
gene-P2ry10-l1	chrX	99866252	99869568	-	3317	25	0	17	15	2	3	92	7	21	6	6	6	2	13	24	14	1	86	2	40	6	14	106	0	27	15	7	6	5
gene-Pa2g4	chr16	42788440	42797979	-	9540	3191	646	872	1013	688	142	1440	992	636	910	447	134	142	762	760	796	608	1548	848	716	237	572	1525	108	796	744	508	738	350
gene-Pa2g4-dl1	chr13	118951780	118952964	-	1185	595	120	212	246	172	30	266	210	154	222	158	36	10	188	180	202	144	214	174	188	76	152	454	22	214	144	102	133	56
gene-Pa2g4-dl2	chr17	49583458	49584953	-	1496	758	154	310	338	222	36	300	272	236	280	210	50	32	198	280	248	228	486	160	300	80	256	560	26	418	188	210	150	126
gene-Pa2g4-dl3	chr18	45992804	45994959	-	2156	282	71	106	148	120	10	180	102	108	118	60	10	12	90	104	104	74	154	92	154	32	79	222	22	140	62	62	86	26
gene-Pa2g4-dl4	chr8	79212193	79214447	-	2255	1808	448	664	854	516	116	720	588	514	721	370	104	46	432	660	630	522	978	434	598	184	522	1162	48	798	488	369	467	294
gene-Pabpc1l2a	chrX	106898036	106900561	+	2526	0	42	0	0	0	0	4	64	0	0	0	0	0	38	0	0	0	0	22	0	0	0	0	0	0	0	0	20	0
gene-Pabpc1l2a-dl1	chrX	107071777	107074251	-	2475	0	36	0	0	0	0	0	64	0	0	0	0	0	52	0	0	0	0	22	0	0	0	0	0	0	0	0	20	0
gene-Pabpn1	chr8	45231668	45238298	-	6631	4884	4908	3398	5018	3490	780	4263	6945	2346	4130	2222	684	300	6131	2708	4255	3217	6009	5519	2770	1136	2509	7055	332	3060	3533	2152	4948	1658
gene-Pabpn1-dl1	chr18	18343719	18344279	-	561	24	36	14	12	16	2	8	22	10	14	12	0	0	24	30	22	20	38	20	14	8	10	46	0	20	12	2	14	12
gene-Pbdc1	chr9	28796491	28799805	-	3315	344	542	514	448	354	46	276	762	406	394	300	40	22	471	388	284	375	419	588	524	120	414	584	58	404	260	190	428	116
gene-Pbdc1-l1	chrX	102555912	102560278	-	4367	580	756	554	861	723	126	503	1203	506	727	553	100	42	842	486	693	640	716	922	514	203	646	1109	32	567	506	370	925	220
gene-Pbdc1-l2	chrX	102731889	102737160	+	5272	552	706	666	578	289	44	455	981	446	476	382	60	32	711	569	428	392	566	808	519	136	382	666	28	524	308	244	669	124
gene-Pcbp1	chr9	82907634	82910232	-	2599	64	74	14	58	4	8	82	90	18	42	10	4	6	68	14	48	8	70	54	34	10	18	46	16	18	22	18	51	10
gene-Pcbp1-dl1	chr22	30932776	30934221	-	1446	2478	1554	958	1632	760	178	3020	1782	922	1798	632	134	240	1646	775	1241	569	2631	1192	932	415	912	1578	258	1177	998	796	1064	370
gene-Pcbp1-dl2	chr27	24599469	24603365	-	3897	159	118	92	112	64	18	250	126	74	112	52	6	16	118	66	66	48	200	64	80	25	54	100	22	108	74	48	87	22
gene-Pcbp2	chr16	47020391	47047755	-	27365	5466	2622	3682	4793	2166	534	6725	3337	2894	4871	1435	496	567	2792	3038	3713	1464	6927	2467	2952	1176	2474	4332	654	3579	3257	2100	2188	976
gene-Pcbp2-l1	chr10	92214294	92237304	+	23011	0	2	0	12	2	0	0	8	0	4	2	0	0	2	4	6	0	0	4	0	2	0	0	2	2	4	2	0	0
gene-Pcdhb4	chr3	40515628	40519579	-	3952	18	333	27	36	2	2	46	343	27	46	0	4	4	285	19	27	2	44	231	24	14	4	56	6	41	14	4	241	12
gene-Pcdhb4-l1	chr3	40568421	40572039	-	3619	38	352	38	34	2	8	45	389	13	20	12	4	3	344	5	19	4	36	266	19	6	10	78	7	27	17	4	277	3
gene-Pced1a	chr3	149076128	149082193	+	6066	301	561	220	455	209	76	397	828	270	330	171	59	36	686	198	342	179	504	724	213	72	183	676	44	182	254	151	587	151
gene-Pced1a-l1	chr1	79764811	79766064	-	1254	0	0	0	0	0	0	0	0	0	0	0	0	0	0	0	0	0	0	0	0	0	0	0	0	0	0	0	0	0
gene-Pclaf	chr17	8315510	8324152	-	8643	1866	187	49	214	50	20	1166	254	58	216	64	32	30	316	64	182	75	278	197	93	50	115	346	10	77	156	72	159	77
gene-Pclaf-dl1	chr9	70701136	70701474	-	339	144	25	2	10	2	0	54	12	0	16	4	4	2	2	18	12	2	25	18	8	2	2	14	0	8	6	0	20	6
gene-Pcmt1	chr18	37944146	38011470	-	67325	2081	4309	1968	1402	788	264	2357	4547	1817	1255	664	283	212	4722	1707	1134	701	2590	3857	1748	376	688	2493	240	1796	1014	570	4253	564
gene-Pcmt1-l1	chr1	77757786	77758838	-	1053	445	2277	937	629	371	122	428	2552	817	613	421	101	27	2482	926	545	357	640	2166	1010	182	352	979	58	968	457	280	2241	255
gene-Pcna	chr3	146715964	146716233	+	270	98	169	159	144	109	30	102	218	130	194	129	16	5	167	122	132	129	214	150	118	47	140	205	10	129	124	145	157	67
gene-Pcna-l1	chr3	146711046	146714521	+	3476	3767	949	1844	2098	1283	368	3248	1265	1489	2035	1622	301	134	1060	1712	1627	1929	2694	1042	1714	512	1591	3584	158	1774	1419	1432	916	768
gene-Pdap1	chr6	30704615	30714453	-	9839	2728	2320	1927	2694	1440	336	1826	2826	1410	2217	1080	348	140	2652	1714	2247	1060	2355	2504	1612	578	1238	2518	198	1710	1627	942	2406	590
gene-Pdap1-dl1	chr19	84438442	84439963	-	1522	164	147	157	138	108	14	114	190	139	144	138	12	10	152	134	140	130	168	130	176	40	144	300	14	168	122	70	162	76
gene-Pdcl3	chr22	5720570	5729361	-	8792	1050	735	1546	1794	864	204	1024	916	1316	1494	806	180	88	791	1433	1257	946	1397	818	1214	462	721	1706	130	1376	1098	554	696	384
gene-Pdcl3-l1	chr20	63499999	63501031	+	1033	194	156	343	398	188	42	159	159	276	309	198	32	4	188	267	294	170	310	124	249	86	176	315	20	318	221	158	96	90
gene-Pdha1	chrX	176373446	176388459	-	15014	5958	13004	35956	23700	9002	1038	4961	13439	26444	19774	11432	976	424	14018	37298	18851	14966	8979	11419	33071	5756	7524	10336	788	29414	14094	11077	13260	2434
gene-Pdha1-dl1	chr24	43720210	43720926	+	717	446	1216	3598	2108	828	97	439	1135	2885	1822	1085	90	32	1249	3791	1725	1529	918	1084	3412	515	699	1055	58	2772	1392	1050	1212	210
gene-Pdia6	chr17	32954502	32966671	-	12170	6669	4317	4554	14073	9426	1358	9585	5039	3581	9600	8091	975	400	5199	4129	10271	7981	11022	4589	3693	2978	9743	15693	434	5777	9344	10420	4309	3552
gene-Pdia6-dl1	chr9	46961306	46963041	+	1736	1068	668	690	2080	1506	246	1619	1098	796	2146	2026	220	116	849	718	1660	1398	1778	692	682	452	1640	2302	108	974	1452	1746	704	552
gene-Pdk1	chr9	29950012	29997768	+	47757	2169	2298	2923	1875	3087	218	2094	3229	2290	2149	3190	204	296	2758	3474	1745	3323	2032	2362	3058	550	3042	2023	258	3236	1311	3218	2726	403
gene-Pdk1-l1	chr16	40203438	40204855	+	1418	167	358	638	413	558	28	233	528	602	418	740	30	18	456	788	318	724	194	450	713	119	594	228	26	654	262	592	468	78
gene-Pdlim5	chr1	117262410	117490932	+	228523	15180	2392	35394	7953	5356	1331	18566	2774	26629	8068	3959	1196	2935	2885	27899	6436	4871	14656	2653	27442	2169	5034	13224	3277	35759	6116	4330	2564	2927
gene-Pdlim5-l1	chr14	96992810	96996700	+	3891	746	388	11342	958	504	122	1135	335	8828	820	460	116	162	438	11548	804	658	1202	452	11300	292	662	1428	412	11742	704	524	367	304
gene-Pebp1	chr20	15443252	15450074	+	6823	6369	24292	17170	69596	59524	1089	6552	28147	13079	56072	69330	940	492	28638	16424	46050	40952	7410	23991	15062	15646	75407	10292	842	17434	39307	42788	23890	2402
gene-Pebp1-dl1	chr10	110628258	110628770	+	513	116	401	344	1091	1013	10	76	500	206	980	1316	24	2	464	308	740	748	144	405	258	230	1432	216	14	358	686	840	426	34
gene-Pebp1-dl2	chr9	79845353	79846649	+	1297	518	1804	1288	4481	4782	68	586	1965	999	3697	5364	70	42	1892	1352	3187	3182	677	1900	1048	962	5492	752	90	1398	2719	3408	1763	150
gene-Pemt	chr7	53196586	53279252	-	82667	240	137	240	191	6905	40	362	267	138	139	6322	28	38	164	122	90	6442	375	145	140	16	5904	418	42	190	70	5590	180	74
gene-Pemt-l1	chr1	35069225	35069761	-	537	0	0	0	0	0	0	0	0	0	0	0	0	0	0	0	0	0	0	0	0	0	0	0	0	0	0	0	0	0
gene-Pes1	chr20	26086371	26102099	+	15729	1306	951	756	1298	750	174	870	1243	535	984	708	139	106	1161	722	1110	878	1328	1165	596	302	797	1556	76	768	846	720	1205	416
gene-Pes1-dl1	chr10	39790657	39792875	+	2219	112	102	56	132	108	8	80	120	52	100	68	22	4	122	52	98	64	102	132	46	22	94	174	10	44	94	70	110	34
gene-Pex13	chr22	40180267	40211551	-	31285	191	260	281	470	438	40	277	325	202	401	484	48	34	290	179	305	454	428	265	163	62	454	333	32	204	248	402	231	91
gene-Pex13-dl1	chr4	140956289	140960761	+	4473	202	286	396	646	710	58	260	380	260	500	824	38	18	285	326	504	822	452	291	264	164	922	434	26	298	418	580	180	58
gene-Pfdn1	chr3	41486703	41561882	+	75180	2111	1254	7205	2470	893	222	2798	1643	6269	2700	737	207	243	1456	7705	1968	907	2708	1239	7845	630	1039	2590	272	7236	1855	723	1254	556
gene-Pfdn1-dl1	chr16	3793732	3794100	+	369	0	2	16	8	2	0	11	5	25	4	2	0	0	0	24	0	1	2	9	22	0	0	2	0	30	0	2	2	0
gene-Pfdn1-dl2	chr19	31370935	31371621	+	687	382	474	2966	768	330	80	530	698	2844	807	382	86	28	688	3237	574	396	712	536	3510	198	478	890	78	3053	512	268	503	198
gene-Pfdn2	chr2	65533066	65544440	+	11375	1244	1757	2042	1817	753	246	981	2255	1533	1832	705	200	94	1969	1737	1389	842	1314	1865	1833	487	771	2017	119	1860	1213	548	1853	472
gene-Pfdn2-l1	chr20	68848545	68850276	+	1732	182	202	273	192	104	16	241	228	174	162	84	31	12	196	204	123	86	205	176	218	66	60	258	33	247	136	118	186	98
gene-Pfdn5	chr16	47244608	47249070	-	4463	461	472	596	502	252	106	423	891	656	563	218	108	50	499	461	369	232	633	447	447	116	198	693	34	636	410	221	502	168
gene-Pfdn5-dl1	chr24	26239121	26239606	-	486	0	12	20	16	0	0	10	20	28	4	16	2	0	18	22	16	10	14	15	20	4	4	14	0	22	2	0	16	4
gene-Pfdn5-dl2	chr3	43513240	43513979	-	740	432	628	816	1048	300	128	476	1104	694	924	268	128	30	1048	854	770	242	700	774	841	262	312	1084	98	844	632	234	832	226
gene-Pfdn5-dl3	chr9	25903997	25904718	+	722	98	142	170	180	74	22	116	160	170	178	44	12	10	218	190	156	66	210	166	228	64	90	290	14	344	124	80	160	68
gene-Pfdn5-dl4	chrX	31022115	31022579	-	465	112	232	380	332	116	46	130	289	246	257	84	24	12	432	452	368	180	490	375	528	121	154	568	14	367	230	86	275	108
gene-Pfn2	chr16	53146940	53154589	-	7650	2916	35541	1934	6654	144	498	4400	37573	2912	10024	156	525	332	40303	2240	4981	218	3820	33877	2442	1946	216	3777	710	2810	4629	152	35806	1488
gene-Pfn2-l1	chrX	117313396	117313857	-	462	0	0	0	0	0	0	0	0	0	0	0	0	0	0	0	0	0	0	2	4	0	0	0	0	0	0	2	0	0
gene-Pgam1	chr28	4858895	4861325	+	2431	1104	3054	870	3652	974	112	1001	3415	783	3949	1048	104	64	3597	950	2529	934	877	3508	1063	1120	1318	1338	80	920	2132	878	3385	218
gene-Pgam1-dl1	chr1	134759001	134759765	+	765	4	20	4	20	2	2	8	18	2	24	2	0	0	20	8	18	8	0	24	12	2	4	8	0	0	10	2	10	0
gene-Pgam1-dl2	chr10	52541255	52542164	+	910	1093	3362	946	4621	1168	98	1010	4055	1074	4381	1513	138	50	3760	1293	2970	1105	762	3610	1144	1022	1300	1294	58	1142	2773	1110	3292	303
gene-Pgam1-dl3	chr12	25881502	25882872	-	1371	196	590	172	578	166	16	187	656	142	656	246	19	10	512	192	487	150	198	452	180	170	180	226	14	193	372	165	610	42
gene-Pgam1-dl4	chr2	65450787	65452466	+	1680	14	48	22	38	6	4	10	73	10	76	16	2	0	56	14	37	10	14	58	10	20	14	34	2	32	58	6	46	4
gene-Pgam1-dl5	chr25	39427581	39428504	+	924	158	522	96	592	96	22	160	585	70	519	168	26	8	490	166	394	136	108	450	116	144	96	182	12	110	402	126	404	30
gene-Pgam1-dl6	chr4	87144817	87146508	+	1692	412	1405	418	1852	538	42	422	1590	420	1831	638	52	14	1372	514	1196	525	436	838	282	270	334	352	20	466	1083	464	1430	108
gene-Pgam1-dl7	chr9	89645478	89646014	+	537	0	0	0	0	0	0	0	0	0	0	0	0	0	0	0	0	0	0	0	0	0	0	0	0	0	0	0	0	0
gene-Pgk1	chrX	100349907	100371574	-	21668	907	1233	1210	1248	936	80	914	1458	933	1018	898	109	102	1439	1451	925	1152	926	1190	1114	300	967	890	164	1405	776	825	1578	212
gene-Pgk1-dl1	chr14	87410882	87411820	+	939	104	263	307	288	226	18	153	261	250	256	262	16	16	310	339	234	224	102	276	353	72	230	122	22	348	166	210	282	22
gene-Pgk1-dl2	chr16	27458528	27460209	+	1682	446	1077	1594	1195	828	48	614	1330	998	1064	938	64	86	1090	1254	698	828	392	954	1300	260	912	644	162	1195	604	669	1021	110
gene-Pgk1-dl3	chr16	83042989	83044770	+	1782	350	820	1040	894	804	44	455	1034	954	775	809	32	36	928	1016	659	773	388	718	1068	238	823	416	100	1044	568	603	806	100
gene-Pgk1-dl4	chr24	49126720	49129292	-	2573	1056	2306	2286	2752	1716	116	1258	2747	1784	2400	1700	106	150	2746	2246	1742	1520	634	2073	2216	684	1492	874	332	2043	1489	1298	2331	224
gene-Phb2	chr4	100039481	100045414	+	5934	10798	3897	13010	16883	9034	1428	8670	5152	10931	15114	9151	1382	960	4622	12904	13639	9262	7812	4726	12694	4184	9068	11715	1218	12246	12498	8438	3878	2814
gene-Phb2-dl1	chr16	42870129	42871447	-	1319	996	592	1680	2393	1232	74	806	696	1398	2156	1186	64	44	668	1720	1870	1459	652	573	1788	500	1294	764	98	1438	1548	1094	596	202
gene-Phgdh	chr21	2848475	2883483	-	35009	1060	1133	108	4008	1410	50	945	1602	92	3574	726	38	98	1422	76	2796	1330	382	1181	68	792	1214	386	92	174	2094	536	869	64
gene-Phgdh-l1	chr9	87594401	87596214	-	1814	886	1154	114	4458	1368	56	654	1458	90	3486	652	56	34	1350	40	3294	1302	258	1220	58	944	1316	300	46	118	2360	436	984	52
gene-Picalm	chr24	4056699	4129660	+	72962	17800	16532	25421	27013	21627	3764	17938	18773	20043	25980	19729	3825	1792	19327	24444	22778	19912	34157	18104	18359	7106	19667	37207	2029	26123	18532	19046	16884	8926
gene-Picalm-l1	chrX	758424	822722	-	64299	192	763	375	137	111	35	212	1028	344	171	71	38	27	1199	533	304	232	705	787	396	36	91	493	26	853	258	296	1102	200
gene-Pin4	chrX	108089075	108111875	-	22801	488	477	1295	707	723	90	527	740	1010	718	656	70	66	592	1136	576	689	856	611	1202	200	692	872	82	1145	540	541	568	237
gene-Pin4-dl1	chr24	42638439	42638880	-	442	84	116	200	118	118	14	90	102	164	156	126	6	4	106	172	104	72	98	96	182	48	116	152	8	188	112	98	102	24
gene-Pin4-dl2	chrX	197079533	197081309	+	1777	122	151	248	251	142	28	112	189	158	175	98	16	12	155	234	159	94	119	158	249	40	126	155	18	236	138	70	160	36
gene-Pirb	chr2	41971830	41979650	+	7821	0	2	2	10	82	60	8	0	2	6	26	39	0	0	2	2	37	224	0	12	2	49	713	2	2	2	90	0	79
gene-Pirb-l1	chr2	40723230	40728917	-	5688	90	4	199	31	33	58	146	2	92	16	23	79	24	1	98	30	18	554	9	219	16	11	514	21	146	12	15	2	184
gene-Pirb-l2	chr2	40784598	40789911	-	5314	140	39	451	103	147	254	712	2	214	70	91	276	59	77	302	89	127	2372	94	455	34	142	2490	79	379	89	104	63	650
gene-Pirb-l3	chr2	40810454	40865181	-	54728	26	8	62	11	18	31	128	11	35	15	20	81	8	14	54	17	31	943	1	130	14	40	537	7	64	30	27	13	212
gene-Pirb-l4	chr2	40935265	40942988	-	7724	87	20	237	56	146	116	320	8	144	60	63	136	32	22	191	46	144	1236	14	342	26	89	1513	29	268	86	108	4	343
gene-Pirb-rl1	chr2	42135875	42142050	+	6176	2	0	6	14	62	49	22	6	6	12	42	81	2	0	8	8	26	376	0	6	2	62	427	2	6	4	84	0	50
gene-Pkm	chr17	14931569	14959582	-	28014	766	3248	1432	612	26	106	1845	3678	1120	751	38	86	300	3634	1498	497	26	1235	3056	1534	155	56	1299	508	1551	456	56	3174	235
gene-Pkm-l1	chr18	58362825	58369869	-	7045	93	338	146	174	14	28	238	408	126	234	8	34	30	426	182	90	16	164	332	201	28	6	200	36	208	114	6	311	42
gene-Pkm-l2	chr8	46477225	46492787	-	15563	56	226	70	74	6	14	122	248	80	122	2	4	16	245	110	56	3	80	166	124	32	10	72	26	82	36	6	210	4
gene-Plcg2	chr1	170581744	170711711	+	129968	1047	188	323	739	137	162	1429	201	353	719	40	138	261	265	223	650	114	1806	153	289	183	104	1512	253	440	491	83	136	307
gene-Plcg2-l1	chr1	170798345	170827075	+	28731	56	32	24	28	7	0	67	43	39	33	0	7	30	55	14	29	2	76	28	13	9	2	56	18	16	35	16	44	12
gene-Pld6	chr7	52906821	52910824	-	4004	124	69	104	74	59	14	118	86	70	72	30	12	18	73	48	32	34	252	88	65	14	26	163	18	62	42	42	61	65
gene-Pld6-l1	chr13	101484664	101486033	+	1370	10	4	6	2	0	0	28	6	4	10	8	0	6	8	10	0	0	18	8	0	0	3	4	2	10	4	4	8	2
gene-Plekhf1	chr2	14121608	14130993	+	9386	222	42	266	1092	1022	86	738	68	298	902	730	68	54	88	250	730	624	402	76	286	192	579	366	98	253	674	792	78	86
gene-Plekhf1-l1	chr4	76124589	76126158	-	1570	98	12	30	184	146	4	146	14	66	138	98	12	10	2	42	74	98	88	10	48	24	48	42	26	42	114	118	6	16
gene-Plekhf2	chr15	56294616	56295753	-	1138	68	4	28	84	14	8	40	4	30	70	12	22	6	6	40	72	20	74	10	40	28	30	106	2	40	40	28	6	18
gene-Plekhf2-dl1	chr11	30207916	30212264	-	4349	829	158	360	1136	334	196	395	158	335	1155	278	154	38	186	404	1051	213	1201	154	362	290	296	1799	26	376	652	231	159	361
gene-Plekhf2-dl2	chr24	48336614	48339109	-	2496	186	20	52	262	48	58	62	50	74	192	26	34	10	38	66	202	40	206	44	82	76	82	386	18	97	140	38	14	52
gene-Plk1	chr3	6893035	6895386	-	2352	1391	321	1067	859	576	163	1396	455	763	707	485	194	134	519	943	649	411	1778	393	856	199	555	1872	149	964	516	402	303	506
gene-Plk1-dl1	chr14	15438999	15440816	+	1818	516	36	96	74	32	18	320	64	78	58	46	20	14	106	92	80	38	168	106	118	14	50	262	20	148	66	48	88	68
gene-Plrg1	chr23	7810280	7823561	+	13282	1466	1552	1274	1366	981	270	1402	2061	1232	1216	937	212	104	1782	1188	1094	1096	2202	1596	1076	332	977	2380	130	1252	948	785	1535	510
gene-Plrg1-dl1	chrX	19323546	19325362	-	1817	880	1440	1110	1324	854	174	816	1706	916	1070	702	166	38	1481	1110	938	934	1172	1360	1058	274	804	1494	74	1018	665	652	1256	394
gene-Plscr1	chr6	84017766	84054078	-	36313	8	0	2	9	12	10	28	0	4	10	0	5	2	0	0	4	0	44	0	6	0	3	64	0	14	6	16	0	11
gene-Plscr1-l1	chr6	84090982	84105579	-	14598	72	2	126	2419	154	196	600	56	126	1892	180	202	18	2	26	1180	80	1436	4	58	438	84	2160	18	132	1126	66	14	615
gene-Plscr1-l2	chr6	84231291	84268656	-	37366	30	18	50	1890	296	1339	72	30	34	1586	238	1477	4	22	26	1252	192	10630	16	76	328	252	11957	14	75	1160	122	30	2101
gene-Pnma5	chrX	2792001	2793320	+	1320	7	0	0	1	0	0	0	0	0	0	0	1	0	0	0	0	0	1	0	0	0	0	0	0	0	0	1	0	0
gene-Pnma5-l1	chrX	2858299	2859524	+	1226	1	0	0	5	0	0	0	0	0	0	0	1	0	0	0	0	0	0	0	0	0	0	0	0	0	0	1	0	0
gene-Poldip2	chr7	27971146	27981051	-	9906	2918	3774	10459	11346	9108	380	2898	4759	8871	10541	8991	432	364	4992	12014	10056	9065	3458	3845	11184	2966	10340	3831	508	11176	7721	7517	3950	969
gene-Poldip2-dl1	chr12	23692368	23694493	+	2126	48	60	178	198	184	6	34	70	122	149	124	4	0	78	190	139	144	46	38	178	38	150	40	0	204	136	96	71	20
gene-Pole3	chr14	88536875	88537648	-	774	224	179	92	184	96	24	91	190	66	103	112	11	12	251	74	106	93	162	171	141	38	100	173	15	106	85	81	123	32
gene-Pole3-l1	chr7	118664268	118666484	+	2217	375	282	198	452	428	38	238	340	170	229	336	38	14	256	172	258	392	306	223	234	78	254	320	26	254	280	346	250	68
gene-Polr1c	chr1	11736822	11741697	+	4876	727	554	508	944	364	64	600	620	410	744	379	72	32	615	396	720	470	610	581	344	204	326	708	30	417	532	412	600	136
gene-Polr1c-l1	chr7	6628204	6637291	+	9088	206	176	176	302	98	17	172	226	170	219	92	24	2	176	139	238	112	197	180	126	92	132	278	18	138	154	70	130	64
gene-Polr1d	chr5	122077490	122079489	+	2000	892	472	1164	1611	999	166	777	666	1189	1406	1119	106	70	617	1102	1147	1330	1132	568	1102	382	1107	1555	111	1212	1025	839	464	309
gene-Polr1d-l1	chr25	38748173	38750090	-	1918	254	308	392	514	362	56	256	374	358	550	360	66	18	368	404	500	514	530	284	368	182	346	792	60	408	365	312	310	176
gene-Polr1has	chr1	279196	285748	-	6553	196	144	233	162	122	14	103	189	179	137	99	19	15	172	184	116	118	145	151	247	43	120	283	10	212	125	123	103	59
gene-Polr1has-l1	chr28	21471419	21476128	-	4710	6	4	2	0	0	10	10	26	2	0	2	0	0	8	10	0	0	12	18	6	2	4	6	0	0	4	22	4	2
gene-Polr2g	chr4	47873944	47877190	-	3247	3550	2556	3177	4392	2633	519	2907	3649	2794	4080	2142	550	238	3123	2857	3590	2250	4013	2851	2721	1041	2389	5037	281	2957	2816	2014	2895	1165
gene-Polr2g-dl1	chr3	8106002	8106635	-	634	926	817	1006	1508	944	130	728	1070	1010	1408	736	130	60	900	986	994	792	1002	810	926	282	818	1374	82	1140	998	704	818	342
gene-Polr2h	chr16	282169	289154	-	6986	863	957	1057	988	841	176	991	1100	926	818	582	152	108	1183	895	833	691	1251	1081	754	200	466	1425	57	945	766	643	952	263
gene-Polr2h-l1	chr2	42436664	42437388	+	725	292	492	364	134	98	6	200	430	406	204	90	28	10	456	482	128	130	152	342	394	40	86	244	2	452	70	76	386	54
gene-Polr2j	chr6	34283875	34289551	-	5677	555	529	793	696	411	149	499	636	705	782	323	120	32	616	723	569	354	1348	561	722	184	389	1436	54	881	516	270	509	313
gene-Polr2j-dl1	chr26	12229658	12230468	-	811	586	700	1264	1422	498	200	658	918	1116	1298	362	194	70	807	1140	1118	474	1452	798	1238	434	540	1968	98	1388	924	392	698	400
gene-Polr2k	chr11	25087898	25092382	-	4485	568	1668	1016	1281	359	124	480	2216	876	1286	300	154	50	1941	976	948	460	1066	1875	1130	338	454	1531	100	942	860	402	2018	338
gene-Polr2k-l1	chr3	124522103	124522618	+	516	68	48	104	98	48	18	44	100	125	88	52	6	6	94	130	70	72	94	76	138	10	62	138	6	156	50	50	62	44
gene-Polr2m	chr17	2396859	2404029	+	7171	979	1443	2217	1563	722	139	1027	1924	1863	1390	685	166	104	1681	2023	1243	852	1265	1542	2134	352	775	1593	220	2185	951	642	1506	352
gene-Polr2m-l1	chr15	82612337	82613301	-	965	8	0	6	0	0	0	14	0	0	2	0	0	0	0	0	0	0	6	0	0	0	0	0	0	1	0	0	0	0
gene-Pomp	chr5	123203434	123218583	+	15150	2173	2400	5698	4272	3141	390	1905	3228	4470	4208	3421	292	187	2914	5552	3227	3546	3269	2552	5411	1066	4018	3603	333	5423	2771	2867	2781	899
gene-Pomp-dl1	chr2	41407443	41407917	-	475	220	338	900	568	440	26	218	354	686	521	472	18	22	308	941	400	456	362	289	836	136	594	428	26	853	373	380	324	98
gene-Pomp-dl2	chrX	106645902	106646165	+	264	162	170	584	353	290	16	135	267	435	321	304	16	12	265	575	269	353	262	207	467	59	334	310	8	458	249	230	151	77
gene-Pomp-l1	chr28	18477804	18478339	-	536	82	126	322	190	128	14	68	108	248	158	110	8	6	116	324	128	130	78	122	330	42	138	132	6	264	110	136	110	24
gene-Pou2f3	chr25	42623046	42708181	+	85136	1829	9	40	23	72	8	1553	23	26	19	27	12	430	26	37	10	46	87	18	29	0	18	51	293	28	10	49	18	8
gene-Pou2f3-dl1	chr15	83711564	83712841	-	1278	112	0	0	0	6	0	58	0	2	4	0	0	20	2	2	0	0	10	2	2	0	2	4	6	6	2	2	2	2
gene-Ppa1	chr1	24490260	24511415	+	21156	1152	1102	610	444	1770	180	1402	1422	508	439	2168	96	108	1256	568	255	1958	989	1037	676	118	2217	1341	190	832	280	1671	1086	275
gene-Ppa1-dl1	chr15	3009772	3010927	+	1156	285	426	204	152	714	32	396	524	215	208	1034	30	31	488	218	132	862	268	426	256	30	1058	448	94	272	84	740	410	74
gene-Pphln1	chr16	14352633	14629171	-	276539	4544	3233	3500	6204	4123	478	5292	4053	3005	5798	3708	524	460	3615	2756	5266	3621	5835	3203	2928	1546	3964	4557	513	3655	3842	3217	3320	1083
gene-Pphln1-l1	chr20	31038847	31040421	+	1575	146	285	186	387	242	26	175	270	168	313	238	38	8	282	231	273	179	204	278	184	92	300	330	24	174	177	197	243	56
gene-Ppia	chr6	42851347	42854916	+	3570	777	838	504	658	493	92	706	890	385	761	354	58	58	1025	437	551	506	810	852	451	178	581	672	46	426	531	342	801	188
gene-Ppia-dl1	chr13	101843170	101846283	-	3114	178	364	376	543	170	32	160	450	437	672	182	24	18	463	543	450	171	280	384	696	124	224	266	41	546	409	154	394	38
gene-Ppia-dl2	chr16	50888394	50890039	-	1646	675	835	758	886	1186	76	545	1033	586	905	969	78	21	1128	598	688	1223	861	882	728	217	1414	1190	44	783	622	1017	900	210
gene-Ppia-dl3	chr20	34281645	34282139	+	495	15	24	4	10	9	2	0	26	12	20	18	0	0	22	28	18	18	10	24	24	4	28	12	0	8	4	24	22	8
gene-Ppia-l1	chr24	26886940	26905898	+	18959	0	0	0	0	0	0	0	0	0	0	0	0	0	0	0	0	0	0	0	0	0	0	0	0	0	0	0	0	0
gene-Ppil1	chr1	8266764	8281391	+	14628	871	716	662	1032	400	78	714	871	584	1160	368	98	44	698	518	736	402	640	581	560	256	414	678	38	534	664	244	600	165
gene-Ppil1-dl1	chr7	108145189	108146879	+	1691	322	314	360	500	216	58	232	359	342	446	172	34	8	353	314	296	190	238	350	226	108	216	376	28	234	292	148	315	90
gene-Ppp1r14b	chr4	84125283	84127366	+	2084	738	242	746	594	166	60	950	249	533	485	110	80	51	249	779	433	166	632	202	768	132	140	820	74	750	380	168	176	160
gene-Ppp1r14b-dl1	chr6	117120777	117121464	+	688	1188	294	1472	1192	318	138	1500	360	1210	1002	194	158	70	366	1566	904	378	962	396	1574	280	288	1674	132	1402	714	264	284	346
gene-Ppp1r2	chr16	97790990	97810852	+	19863	7196	4649	3399	4443	1477	389	2651	10985	3328	4636	1523	362	204	5244	3444	3348	1559	4051	5017	3371	927	1814	3663	378	3537	2922	1249	4667	806
gene-Ppp1r2-l1	chr7	38414561	38418225	+	3665	12	8	30	8	36	10	7	22	18	16	12	4	2	6	13	18	24	30	26	16	8	30	16	8	30	20	44	9	2
gene-Ppp3cb	chr1	21510767	21554985	+	44219	2658	5789	1578	1398	566	244	3468	7477	1416	1242	468	250	370	6275	1455	1078	526	3138	5085	1394	324	662	2482	431	1685	921	577	5674	564
gene-Ppp3cb-l1	chr4	14894298	14897295	+	2998	516	3904	690	534	220	88	787	4948	718	480	220	56	78	4316	646	384	194	688	3348	728	120	266	666	114	690	362	172	3458	106
gene-Ppp3r1	chr22	32703434	32849631	+	146198	3943	10856	1817	1735	6571	452	6004	13356	1665	2054	6153	452	679	11684	1590	1534	5592	5629	10529	1595	494	6309	4464	680	2133	1327	4450	10784	851
gene-Ppp3r1-dl1	chr3	110930866	110933501	-	2636	18	116	4	4	10	2	8	190	14	22	12	2	2	95	8	20	16	42	148	8	6	12	18	6	2	6	6	24	0
gene-Ppp4r1	chr10	3342386	3400885	+	58500	6876	1912	2960	3104	1290	814	8099	2468	2388	2652	853	645	857	2323	2439	2484	1030	8514	2017	2065	674	1018	7394	674	2769	2177	1080	1902	1652
gene-Ppp4r1-l1	chr20	85444291	85530351	-	86061	2402	821	1582	2418	942	562	3312	1272	1191	2198	662	494	312	1063	1578	2073	756	5454	980	1442	676	1034	5446	328	1744	1766	651	958	1232
gene-Ppp4r3b	chr22	49557053	49611956	+	54904	14227	8890	10600	23456	14100	2768	11598	11833	9476	21441	13980	2502	1162	10593	10918	18983	14012	23160	9837	9789	5932	14776	27245	1292	11134	15162	12199	9297	6134
gene-Ppp4r3b-l1	chrX	165571566	165573884	+	2319	0	0	0	0	0	0	0	0	0	0	0	0	0	0	0	0	0	0	0	0	0	0	0	2	0	0	0	0	0
gene-Prdx1	chr19	48401396	48413234	-	11839	2206	1607	4377	14243	18937	785	3522	1624	3574	14215	18684	628	234	2415	4603	11958	21868	5710	2272	4762	4255	26601	8275	408	4914	10353	18646	1687	1584
gene-Prdx1-dl1	chr1	68953401	68953997	+	597	118	144	264	1137	1445	30	201	154	239	1023	1355	28	17	177	267	877	1653	370	142	378	265	1888	520	25	354	710	1452	106	110
gene-Prdx1-dl2	chr16	7730334	7732387	-	2054	1096	1035	2955	8988	14212	396	1909	1043	2789	8582	14733	366	114	1459	3150	7202	15724	3901	1334	3510	2518	20388	6396	204	3562	6109	14292	982	1226
gene-Prdx1-dl3	chr20	36916483	36917336	-	854	128	116	336	1096	1372	26	246	118	250	954	1648	32	14	142	398	872	1706	472	146	416	300	2059	658	16	388	758	1461	120	128
gene-Prdx1-dl4	chr9	125985467	125986006	+	540	108	82	202	800	1038	36	216	116	194	794	1242	26	12	100	288	676	1348	324	134	296	212	1496	416	22	302	645	1097	106	72
gene-Prdx1-dl5	chrX	88790968	88791495	-	528	0	0	0	0	0	0	0	0	0	0	0	0	0	0	0	0	0	0	4	0	0	0	0	0	0	0	0	0	0
gene-Prdx1-l1	chr3	7216324	7216791	-	468	0	0	0	4	0	0	2	0	0	6	0	9	0	0	0	6	0	48	0	0	0	0	19	0	0	4	0	0	6
gene-Prdx3	chr28	24810063	24822962	+	12900	2002	3664	18216	15393	9738	436	2534	4035	13123	12450	10690	370	192	4584	18951	11564	11574	3664	3804	18682	3572	14476	4306	358	16913	9644	9122	3640	986
gene-Prdx3-dl1	chr1	59311884	59312657	-	774	8	18	102	78	66	2	0	34	78	56	50	4	0	24	90	58	48	36	18	48	16	66	22	0	70	56	46	8	3
gene-Prdx5	chr4	84056299	84059702	-	3404	1374	4628	5194	6272	4347	1030	1550	5446	3885	5642	4742	1012	152	5472	5014	4708	4694	7410	4810	5044	1589	5752	10926	250	4174	4104	3890	4592	2582
gene-Prdx5-l1	chr19	55767912	55768459	-	548	96	304	392	460	278	62	132	340	234	384	286	58	4	350	320	318	274	568	288	330	100	390	784	16	272	276	268	254	136
gene-Prelid1	chr11	85425754	85429618	-	3865	2881	2174	2686	6358	3086	470	2551	2616	2444	6041	3216	440	190	2609	2760	4570	3630	3370	2270	2612	1606	3682	4570	274	2620	4138	2997	2257	1048
gene-Prelid1-dl1	chr16	74602443	74603388	+	946	172	112	182	356	144	24	168	126	92	296	198	30	10	150	160	246	208	216	146	142	76	198	280	12	166	214	182	118	41
gene-Prelid1-dl2	chr19	13378098	13380386	+	2289	104	84	106	204	104	6	84	118	102	170	108	10	6	112	88	182	152	134	88	122	52	122	170	18	170	154	100	88	66
gene-Prelid1-l1	chr3	121061583	121062335	-	753	208	120	190	378	264	26	171	164	146	316	186	22	10	146	185	262	252	256	96	172	98	216	286	18	156	205	144	108	54
gene-Prelid3b	chr20	86250909	86263440	-	12532	2238	1806	2754	1616	964	220	1472	2478	2376	1584	930	194	126	2346	3370	1364	1367	2146	2168	2658	396	1161	2580	152	2988	1078	1090	1896	594
gene-Prelid3b-dl1	chr9	89607031	89607615	-	585	100	106	158	90	36	10	72	94	122	54	86	6	2	88	206	66	70	130	96	150	20	44	118	10	138	60	70	74	20
gene-Prim1	chr16	42127742	42146755	+	19014	248	114	96	124	52	26	238	158	75	110	60	20	10	137	56	106	102	236	91	64	34	83	250	12	137	98	70	132	30
gene-Prim1-dl1	chr19	28737977	28739215	-	1239	198	62	146	152	103	10	120	74	148	100	84	14	16	66	102	70	114	164	68	138	34	98	196	18	116	72	64	62	38
gene-Prkci	chr16	82186513	82273547	+	87035	7305	6579	1340	4207	1164	556	3972	8287	1154	3674	919	554	467	6538	1214	3124	1015	6360	6039	981	960	1228	5176	320	1231	2616	822	6578	1285
gene-Prkci-dl1	chr19	24276107	24278407	-	2301	4	6	0	0	0	0	4	0	0	0	0	0	0	3	0	2	0	2	2	0	0	0	0	0	0	0	0	4	0
gene-Prkrip1	chr6	34209543	34243970	+	34428	789	453	412	486	256	111	715	720	328	482	283	68	76	613	307	522	232	924	545	318	114	297	890	59	371	370	194	521	186
gene-Prkrip1-dl1	chr20	71995970	71998130	+	2161	450	371	2753	803	613	71	719	429	2000	798	689	56	68	392	1619	594	479	492	375	1493	161	546	544	80	1569	418	398	305	123
gene-Prkrip1-dl2	chr26	37773854	37774805	-	952	34	40	52	50	62	10	40	80	38	46	38	4	6	74	40	36	53	72	30	54	18	56	76	2	52	30	42	38	28
gene-Prnp	chr3	147028030	147045918	-	17889	6910	30645	11644	2470	100	434	4524	41710	10542	2320	60	320	774	36854	12423	1834	132	3064	33378	11758	574	64	3609	788	14497	1430	80	31634	916
gene-Prnp-l1	chr3	108180827	108181650	+	824	22	136	50	26	0	2	22	174	30	14	0	0	4	183	54	10	0	18	172	32	2	0	24	0	74	4	0	150	4
gene-Prps1	chrX	70240964	70242410	-	1447	4	0	0	16	0	0	2	0	2	12	0	0	0	0	0	14	0	2	0	0	6	0	0	0	2	4	0	0	0
gene-Prps1-dl1	chr12	57801910	57803597	-	1688	54	128	88	73	50	10	33	114	64	100	32	2	6	94	65	56	40	84	113	90	24	46	96	4	82	50	32	136	28
gene-Prps1-dl2	chr3	137012150	137014163	+	2014	388	776	408	488	256	60	252	901	394	444	218	46	16	819	426	404	256	422	686	496	108	302	512	44	488	370	224	754	84
gene-Prps1-l1	chr2	60762111	60765689	-	3579	957	832	1383	2293	1307	234	1002	966	1043	1929	1033	236	85	950	1219	1691	1435	1818	749	831	437	1149	2199	95	1316	1482	874	800	479
gene-Prps1-l2	chrX	69211060	69236937	-	25878	904	1269	734	772	430	81	562	1470	526	647	402	110	44	1334	708	702	456	938	1241	594	198	463	900	70	810	526	360	1220	175
gene-Prss40	chr2	43007330	43008617	+	1288	0	0	0	0	0	0	0	0	0	0	0	0	0	0	2	0	0	5	0	0	0	0	1	2	0	0	57	0	1
gene-Prss40-l1	chr2	43180107	43181318	+	1212	0	0	0	0	0	0	0	0	0	0	0	0	0	0	0	0	0	4	0	0	0	0	0	0	0	0	30	0	0
gene-Prss44	chr16	2718816	2724833	+	6018	6	0	0	0	0	0	2	0	0	0	0	0	0	0	0	0	0	0	0	0	0	0	1	0	0	0	2	0	0
gene-Prss44-l1	chr16	2778283	2780974	+	2692	0	0	0	0	0	0	0	2	0	0	0	0	0	0	0	0	0	0	0	0	0	0	0	0	0	0	2	0	0
gene-Prss44-l2	chr16	2789742	2792711	+	2970	0	0	0	0	0	0	0	2	0	0	0	0	0	6	0	0	2	0	0	0	0	0	12	0	0	0	4	0	2
gene-Prss58	chr22	67804068	67819084	-	15017	15	3	7	6	2	0	11	4	5	0	0	0	6	4	0	3	0	5	2	10	2	2	1	11	9	0	10	0	0
gene-Prss58-l1	chr22	67823166	67830828	-	7663	0	2	2	6	0	0	2	0	6	6	0	0	0	0	12	10	0	4	2	8	2	0	0	0	2	2	24	0	0
gene-Psma2	chr6	15065064	15076062	+	10999	1134	637	1456	1215	1082	146	1063	852	1311	1182	1174	174	76	774	1358	1011	1279	1434	755	1526	340	1282	1656	104	1408	927	972	657	356
gene-Psma2-dl1	chr12	83475480	83475944	+	465	12	2	8	4	0	0	16	4	7	3	2	0	0	0	0	4	0	2	0	12	0	8	0	0	6	2	2	0	0
gene-Psma2-dl2	chr14	34864863	34865702	-	840	542	358	1170	912	822	78	480	448	998	780	962	92	34	434	1261	624	937	690	402	1284	246	1172	1022	78	1288	610	822	334	222
gene-Psma2-dl3	chr2	27117752	27118604	+	853	58	46	86	104	74	14	64	68	110	102	74	6	10	44	76	82	104	74	40	122	22	76	86	16	128	78	46	34	26
gene-Psma2-dl4	chr25	42668646	42669548	-	903	0	0	0	0	0	0	0	0	0	0	0	0	0	0	0	0	0	0	0	0	0	0	0	0	0	0	0	0	0
gene-Psma3	chr27	7731856	7754877	-	23022	2154	1392	1587	1391	1060	347	2398	2053	1269	1470	749	349	260	1625	1164	1313	874	3908	1752	1032	312	820	3424	258	1386	1079	815	1398	652
gene-Psma3-l1	chr24	12892198	12893058	+	861	48	24	70	32	44	8	22	44	36	40	66	4	2	20	38	34	70	62	30	40	22	50	104	8	46	34	42	12	10
gene-Psma5	chr21	14527856	14547576	+	19721	1403	1625	1804	1702	1427	260	1138	1945	1201	1582	1174	208	148	1979	1214	1274	1202	1974	1661	1428	434	1333	2052	146	1564	1135	1044	1682	490
gene-Psma5-dl1	chr18	18281844	18284256	+	2413	1468	1592	2210	2008	1876	260	1275	1966	1708	1774	1674	190	72	1952	1888	1430	1778	1588	1682	2146	496	2036	2312	198	1896	1320	1434	1647	520
gene-Psmb2	chr19	27590220	27641581	-	51362	1844	918	1433	1190	1172	216	1747	1186	1330	1222	940	222	216	1076	1458	941	1072	2212	978	1385	290	1028	1975	218	1387	945	930	974	380
gene-Psmb2-l1	chr19	74097840	74098683	+	844	2016	1068	3007	2616	1926	264	1442	1547	2705	2314	2121	283	86	1305	2677	1736	2404	2112	1253	3081	686	2167	3200	176	2631	1612	1620	1158	718
gene-Psmb3	chr7	5090331	5098745	-	8415	1024	752	878	1014	628	146	813	757	765	886	752	126	48	773	944	895	890	972	756	908	320	962	1194	94	654	698	584	584	239
gene-Psmb3-l1	chr19	27751693	27752522	-	830	1480	1024	1887	1830	1482	204	1314	1324	1474	1586	1566	256	98	1274	1662	1408	1468	1416	1173	1760	598	1986	2180	92	1496	1228	1246	1022	514
gene-Psmc1	chr27	38498396	38511563	+	13168	1856	1864	2045	2102	1518	348	1506	2490	1692	1805	1335	255	152	2251	2127	1670	1477	3024	1935	1862	458	1412	2845	191	1979	1387	1198	1943	673
gene-Psmc1-dl1	chr5	20818863	20819900	-	1038	59	96	96	80	66	20	40	108	136	109	120	16	2	84	152	73	114	84	84	114	26	92	102	26	166	62	88	72	28
gene-Psmc1-dl2	chr6	64360436	64361758	+	1323	248	298	354	332	244	34	134	332	336	316	204	32	10	332	380	242	272	268	292	346	70	272	352	40	408	172	192	274	82
gene-Psmc1-dl3	chrY	39046906	39048228	+	1323	8	8	4	6	12	2	2	8	4	8	6	6	0	14	10	8	14	12	2	4	0	2	4	2	2	0	2	8	2
gene-Psmc1-dl4	chrY	46307301	46308158	+	858	254	174	306	196	238	38	150	242	222	204	190	24	4	230	278	180	226	178	240	228	42	206	256	40	298	166	148	234	60
gene-Psmc3	chr4	61399533	61405664	+	6132	5019	8428	6461	7889	4706	610	4190	9843	5483	6512	4266	583	368	9598	6279	5626	4184	4141	8057	6531	1866	3882	6313	560	6513	4988	3160	7897	1381
gene-Psmc3-dl1	chr4	13176190	13177501	-	1312	2038	3478	3206	3550	2056	268	1708	3782	2974	3100	1890	282	146	3842	3212	2564	1986	2072	3234	3432	852	1890	3014	282	3332	2174	1562	3186	702
gene-Psmc5	chr18	7163886	7169060	+	5175	4799	5021	5236	6064	7766	564	3714	5521	4757	5918	6650	408	312	5134	4671	4552	6214	4210	5184	4935	1452	6023	4713	570	4922	4050	5928	4352	1114
gene-Psmc5-dl1	chr27	30626727	30627683	+	957	0	0	0	0	0	0	0	0	0	0	0	0	0	0	0	0	0	0	0	0	0	0	0	0	0	0	0	0	0
gene-Psmd1	chr1	60849917	60955950	-	106034	7063	5871	6920	4822	5673	709	6240	7642	5242	4493	4509	530	635	7094	6147	3696	4726	6681	6496	5814	1204	5261	7038	760	5868	2992	4042	6506	1586
gene-Psmd1-dl1	chr8	48982220	48984109	+	1890	130	150	198	150	224	18	104	252	162	124	162	18	6	202	216	94	168	180	182	216	26	202	174	4	240	78	128	180	62
gene-Psmd1-dl2	chr8	50649618	50651507	+	1890	0	0	0	0	0	0	0	0	0	0	0	0	0	0	0	0	0	0	0	0	0	0	0	0	0	0	0	0	0
gene-Psmd1-dl3	chr8	54857092	54858981	+	1890	0	0	0	0	0	0	0	0	0	0	0	0	0	0	0	0	0	0	1	0	0	0	0	0	0	0	0	0	0
gene-Psmd1-dl4	chr8	56234357	56236246	+	1890	6	4	6	6	4	2	8	6	2	2	8	0	0	8	4	0	0	4	3	2	4	0	8	0	0	0	6	8	0
gene-Psmd12	chr18	8701372	8725140	+	23769	1642	4314	2103	1373	1428	163	1829	4750	1741	1469	1177	230	215	4424	2024	1182	1387	3341	3763	1848	329	1720	2294	274	2011	920	1390	3754	564
gene-Psmd12-dl1	chr9	84239074	84240770	-	1697	182	336	186	116	148	18	114	342	166	156	118	18	12	324	208	100	162	314	308	150	42	202	228	22	238	82	132	306	74
gene-Psmd12-l1	chr1	139328962	139330847	+	1886	182	478	296	202	246	28	234	470	276	190	166	30	14	434	300	138	238	336	412	264	44	316	316	18	322	138	270	394	68
gene-Psmd14	chr9	18404656	18504596	+	99941	5113	2728	2679	2270	1499	360	4688	3353	2321	2459	1351	303	438	3249	2826	1773	1754	3819	2759	2549	633	1812	3564	433	2833	1663	1417	2950	742
gene-Psmd14-dl1	chr27	18543020	18544544	-	1525	2173	2210	3051	2665	1576	221	1314	2746	2554	2516	1748	207	108	2675	3269	1917	1880	1736	2224	3158	681	1946	2372	178	3283	1568	1466	2343	506
gene-Psmd3	chr7	4222712	4239080	-	16369	3794	3613	3580	3786	3988	536	3116	3796	2712	3524	3530	395	364	4128	2880	3010	3180	3563	3621	3470	838	3798	4318	458	3312	2576	2968	3306	998
gene-Psmd3-dl1	chr5	101980475	101982322	+	1848	1032	1252	1204	1414	1654	118	918	1319	1084	1338	1494	98	96	1402	1154	1022	1294	1055	1234	1284	420	1704	1302	136	1180	936	1390	1156	306
gene-Pspc1	chr19	18322272	18323810	+	1539	150	198	76	106	40	16	132	240	68	96	34	10	18	230	60	90	78	168	212	77	16	56	190	8	60	76	36	188	36
gene-Pspc1-l1	chr5	114132973	114231696	-	98724	6728	5700	3224	3274	1656	750	7093	7136	2608	3575	1584	629	790	6626	2499	2958	1800	7238	5585	2140	848	1580	7319	648	3009	2252	1433	5643	1603
gene-Pten	chr1	35095290	35188415	+	93126	10739	9647	5762	7183	8850	1411	9757	12396	5041	7301	8041	1196	979	10738	4961	6121	8142	12640	9866	5254	1976	10670	12816	1223	6241	5063	6141	10598	2979
gene-Pten-dl1	chr19	49933844	49935070	-	1227	2109	2964	1896	2667	3980	305	1916	3715	1896	2305	3368	292	149	3171	1755	1963	3280	3111	3142	1892	705	4426	3532	247	2239	1696	2778	3127	957
gene-Ptgr2	chr27	1748672	1787871	-	39200	1321	1897	5286	3447	2969	326	1389	2594	3759	3157	2695	333	158	2340	4619	2752	2613	3318	2159	4092	707	2826	3698	193	3931	2202	2234	2036	903
gene-Ptgr2-l1	chr21	60803665	60805269	+	1605	432	740	3418	3552	2388	206	550	1060	2670	2772	2190	216	36	952	3164	2398	2090	1922	862	3150	732	2744	2312	94	2700	1782	2086	862	576
gene-Ptms	chr4	100259381	100261762	-	2382	3871	6137	4282	15695	17735	706	6245	8952	4231	13250	12266	643	359	7502	3929	12714	13314	4820	7194	4485	3674	14372	7852	474	4594	10386	10991	6644	1556
gene-Ptms-dl1	chr12	119396050	119396985	-	936	1180	1840	1216	4300	4610	184	1900	2598	1156	3628	3464	202	58	2092	1024	3296	3610	1420	2098	1176	994	3718	1988	136	1424	2686	2948	1993	436
gene-Ptp4a2	chr19	23595436	23639633	-	44198	2112	1117	3649	2769	1126	310	4185	1620	3344	2960	1073	241	367	1462	4461	2188	1086	3125	1379	3534	811	1103	2787	367	4158	1875	1118	1219	730
gene-Ptp4a2-l1	chr8	110463869	110466783	+	2915	198	193	526	395	148	56	349	259	498	407	192	38	26	188	576	302	171	460	175	512	98	154	423	14	618	207	174	174	100
gene-Pudp	chr4	95295577	95296151	+	575	0	0	0	0	0	0	0	0	0	0	0	0	0	0	0	0	0	0	0	0	0	0	0	0	0	0	0	0	0
gene-Pudp-dl1	chr23	18913815	18977969	-	64155	1731	948	2435	530	281	144	2260	1169	1851	710	188	142	264	1813	2441	607	245	2569	1248	2007	138	316	1125	234	2499	467	262	1319	322
gene-Pudp-dl2	chrX	193215054	193281714	+	66661	1213	793	2184	706	302	160	1664	983	2208	787	216	104	216	910	1837	719	272	2013	873	2055	170	319	1051	162	2440	429	223	798	208
gene-Pum3	chr9	109818430	109857047	-	38618	3004	1897	1110	1909	1070	284	2434	2660	1074	2061	850	244	200	2049	1062	1535	1138	3275	1889	936	436	1046	2774	221	1188	1274	872	1897	491
gene-Pum3-l1	chr28	5541529	5544669	-	3141	457	306	248	358	222	36	382	477	160	338	178	42	28	327	202	318	262	539	332	124	90	196	500	22	286	230	192	356	116
gene-Pwwp3b	chrX	70911473	70919362	+	7890	0	686	4	12	0	0	0	1341	2	22	0	4	2	597	0	26	0	16	712	0	6	0	0	4	0	18	0	644	4
gene-Pwwp3b-l1	chrX	71010190	71052890	-	42701	49	158	20	395	12	12	198	474	35	262	3	4	32	138	4	364	4	138	204	12	95	4	30	38	35	227	3	214	16
gene-Pycr1	chr18	27513325	27517679	-	4355	1708	875	286	172	20	38	1158	985	292	78	16	50	20	984	472	83	14	308	599	294	14	24	261	14	352	66	6	578	58
gene-Pycr1-l1	chr17	10454729	10456033	-	1305	60	36	22	6	2	0	28	46	14	6	0	4	0	42	14	0	0	22	32	14	2	0	2	0	24	6	0	22	4
gene-Pygo1	chr8	675724	691129	+	15406	2597	4905	2855	2304	2098	308	3216	7304	2728	1709	1562	262	278	5451	2614	2021	1725	3232	5312	2642	495	2156	2497	321	3050	1503	1407	5185	763
gene-Pygo1-dl1	chr4	116351480	116352517	+	1038	8	16	20	0	6	0	6	6	6	4	2	2	0	12	10	6	8	4	10	8	0	10	6	4	2	2	2	10	0
gene-Pygo1-dl2	chr4	122486034	122487047	+	1014	0	8	2	4	18	0	10	24	8	0	12	0	0	20	2	4	6	4	4	10	2	4	8	2	10	2	2	10	2
gene-Pygo1-dl3	chr4	141283504	141284541	+	1038	2	18	8	0	4	0	6	10	2	4	4	0	0	18	4	4	0	4	6	2	0	6	2	0	2	0	4	16	2
gene-Pygo1-dl4	chr4	141661007	141662044	-	1038	2	6	4	6	2	0	2	2	2	10	0	0	2	2	6	10	12	2	2	6	0	0	0	0	6	0	0	14	2
gene-Pygo1-dl5	chr4	143673583	143674620	-	1038	0	0	0	0	2	0	0	0	0	0	0	0	0	0	0	0	0	0	2	0	0	0	0	0	0	0	0	2	0
gene-Pygo1-dl6	chr4	145648328	145649347	+	1020	0	0	0	0	2	0	0	0	0	0	0	0	0	0	0	2	0	4	0	0	0	0	2	2	0	0	0	0	0
gene-Pyurf	chr1	110857131	110859847	-	2717	242	322	945	945	468	67	288	333	807	910	406	43	29	315	1185	692	533	411	311	833	174	464	575	31	968	534	337	292	139
gene-Pyurf-dl1	chr20	35959156	35960066	-	911	58	78	252	200	132	24	62	110	218	168	138	14	2	92	328	136	152	138	74	260	46	140	186	22	296	111	128	110	52
gene-Pyurf-l1	chr1	47021743	47022901	-	1159	45	24	44	56	20	4	46	18	34	36	44	0	6	26	56	42	30	30	30	70	6	36	46	10	74	26	16	26	8
gene-Pyurf-l2	chr3	40250729	40251061	+	333	2	0	0	8	0	0	6	2	0	0	0	0	0	0	6	0	4	6	0	8	4	0	8	0	10	0	2	4	0
gene-Rab13	chr22	58332310	58354495	+	22186	300	245	148	370	205	34	379	243	107	435	210	41	16	444	87	304	205	461	434	128	126	276	751	48	146	223	120	268	82
gene-Rab13-dl1	chr26	48631862	48632473	+	612	478	240	192	838	566	96	686	232	226	959	436	98	26	330	204	585	434	552	304	184	218	560	1198	40	210	546	302	250	208
gene-Rab13-l1	chrX	133524437	133525186	+	750	14	2	4	10	22	4	18	12	8	16	18	8	0	30	12	22	16	30	12	0	2	24	22	0	12	20	4	4	0
gene-Rab14	chr14	97153995	97179994	-	26000	6973	8646	5214	8029	6320	1082	6433	10154	4294	8123	5287	1228	712	9139	4791	6154	5502	14283	7814	4418	1797	7301	11561	597	5098	5504	4998	7950	2492
gene-Rab14-dl1	chr9	101104811	101105575	-	765	242	429	246	388	358	56	176	482	248	416	372	56	10	536	260	286	446	536	414	242	104	450	720	18	274	302	336	402	138
gene-Rab18	chr2	48458847	48508155	+	49309	4014	4246	4394	4263	4240	922	3780	5573	3980	4105	4424	690	364	4655	4525	3099	4178	7898	4463	4011	1076	5154	8712	371	4720	2626	4367	4206	2413
gene-Rab18-l1	chr6	95989239	95991669	-	2431	1368	2420	3210	2468	3012	424	1140	3054	2572	2194	2926	363	92	2496	3084	1602	3198	4172	2142	2686	626	3118	5272	148	3170	1386	2846	2232	1400
gene-Rab1a	chr22	36215883	36260876	+	44994	5247	6288	5554	9839	3864	912	5151	7686	4686	10037	4182	906	503	6625	5260	8089	4222	7755	5753	4998	2714	4345	8593	600	5842	6824	3873	6567	2010
gene-Rab1a-l1	chrX	40984756	40985593	-	838	1188	1768	1861	3536	1322	300	1091	2346	1581	3449	1563	262	77	2002	1981	2572	1415	2153	1746	1690	866	1403	2870	106	2048	2346	1310	1971	642
gene-Rab2a	chr11	67298191	67378240	-	80050	3455	1426	1642	1226	902	326	4599	1697	1276	1345	646	343	426	1450	1116	1228	744	5068	1448	1082	272	918	3479	452	1589	954	943	1208	715
gene-Rab2a-dl1	chr2	5301470	5303295	-	1826	35	40	88	78	52	8	40	90	78	52	36	2	2	92	78	40	46	56	74	82	12	70	94	2	80	32	58	80	20
gene-Rab2a-l1	chr28	8571905	8578607	-	6703	26	14	34	10	6	6	24	34	20	28	18	8	4	14	16	20	38	48	16	26	4	6	46	4	30	4	11	18	8
gene-Rab5a	chr19	78098283	78141466	-	43184	2982	2161	1909	1939	1249	473	3178	2789	1457	2076	1241	395	427	2493	1810	1765	1366	4119	2147	1514	427	1488	4129	340	1719	1317	1204	2047	1030
gene-Rab5a-dl1	chr16	45601457	45603621	-	2165	211	375	331	256	186	80	191	453	243	332	261	87	24	392	371	293	194	570	335	284	88	289	693	26	334	221	186	398	170
gene-Rab5if	chr6	78160620	78161075	-	456	6	2	10	11	6	2	5	12	8	9	4	4	0	7	2	2	16	22	11	2	0	12	8	0	17	4	10	4	0
gene-Rab5if-dl1	chr17	85080602	85083460	-	2859	230	182	255	378	486	36	228	256	211	314	454	6	15	156	224	248	500	281	178	202	80	428	317	34	258	270	396	210	77
gene-Rad23b	chr14	82043069	82088585	+	45517	8983	6262	7168	7674	9510	776	7502	8435	6274	6591	7884	749	672	7170	7647	5985	9354	7600	6476	7006	1864	10014	8362	972	7708	5026	8086	7483	1944
gene-Rad23b-dl1	chr12	21494304	21495743	-	1440	329	352	362	434	478	32	320	466	299	336	432	48	28	308	452	346	440	320	278	319	78	568	452	56	582	290	442	448	112
gene-Rad51	chr15	90980945	91004724	-	23780	288	164	49	107	108	40	289	207	73	134	91	16	18	183	115	111	122	241	173	95	24	116	248	16	127	127	150	170	53
gene-Rad51-dl1	chr4	127891097	127892116	-	1020	0	0	0	0	0	0	0	0	0	0	0	0	0	0	0	0	0	0	0	0	0	0	0	0	0	0	0	0	0
gene-Rad51-dl2	seq31	697591	698610	-	1020	47	5	0	10	0	2	12	1	5	4	2	0	0	4	4	0	0	4	3	0	0	1	9	0	1	0	0	2	1
gene-Ralgds	chr14	111219694	111256973	-	37280	2394	2042	1162	783	472	549	3506	3276	1262	692	396	552	588	2298	1152	748	328	4740	2306	1212	172	332	5286	478	1346	514	286	1966	960
gene-Ralgds-l1	chr14	47674400	47676615	+	2216	0	2	0	0	0	8	0	2	0	28	0	2	0	6	0	16	0	30	2	0	4	0	24	0	0	4	2	4	4
gene-Ralgds-l2	chr22	33769180	33771331	+	2152	0	0	0	0	0	0	0	0	0	0	0	0	0	0	0	0	0	0	0	0	0	0	0	0	0	0	4	0	0
gene-Ralgds-l3	chr23	82444350	82446594	-	2245	0	2	0	0	0	0	0	0	0	0	0	0	0	2	0	0	0	0	6	0	2	0	2	0	2	0	0	10	0
gene-Ralgds-l4	chr4	13029241	13032681	-	3441	0	0	0	0	0	0	0	0	0	0	0	0	0	0	0	0	0	0	0	0	0	0	0	0	0	0	8	0	0
gene-Ralgds-l5	chr4	13033692	13047119	-	13428	0	0	0	0	0	0	0	0	0	0	0	0	0	0	2	0	0	4	0	0	0	0	0	0	0	0	2	0	0
gene-Ran	chr20	1405680	1407112	-	1433	1474	1072	959	1290	729	131	974	1463	812	1025	629	148	52	1315	942	873	641	992	1183	810	328	732	1311	62	1052	810	523	1191	323
gene-Ran-l1	chrX	135690164	135691199	+	1036	384	306	346	402	250	56	330	438	284	332	238	38	34	420	328	270	236	428	356	292	110	262	416	20	308	276	204	332	118
gene-Ranbp1	chr20	33513440	33521082	+	7643	2707	1996	1430	1776	932	280	2160	2362	1152	1638	936	234	84	2135	1418	1340	1124	1970	1747	1366	460	896	2851	104	1562	1144	906	1891	644
gene-Ranbp1-dl1	chr19	60004348	60007268	+	2921	2	6	2	0	6	0	4	18	0	0	0	0	0	4	2	6	0	4	12	0	0	0	4	0	0	4	2	10	0
gene-Ranbp1-dl2	chrX	83613703	83614481	+	779	576	462	414	462	342	60	480	604	352	424	244	66	12	498	436	358	378	594	402	428	140	312	800	38	442	270	310	414	176
gene-Ranbp10	chr1	156564834	156640527	-	75694	2569	820	818	869	1319	231	2075	1062	709	827	838	157	229	884	738	743	740	2544	772	680	221	668	1975	202	870	596	934	772	485
gene-Ranbp10-l1	chrX	105738249	105740129	+	1881	344	156	182	206	236	26	244	218	130	194	208	36	16	150	182	146	206	438	174	194	44	204	374	34	180	156	200	156	90
gene-Rap1b	chr16	28878893	28922709	-	43817	3380	966	2276	2381	1134	794	5313	1414	2135	2224	924	757	516	1317	1794	1782	984	7570	1103	1650	545	999	6798	524	2375	1528	884	1077	1648
gene-Rap1b-dl1	chr10	23881774	23884749	+	2976	92	62	86	212	46	54	184	104	78	170	64	42	10	71	88	134	82	264	76	102	56	74	366	10	96	110	84	58	72
gene-Rap1b-dl2	chr20	68758032	68761265	+	3234	1057	628	1254	1971	921	406	1687	831	1260	1701	786	511	84	769	1406	1316	1155	3590	661	1176	570	960	4838	168	1443	1192	759	636	1022
gene-Rap1b-dl3	chr24	43650727	43651721	+	995	82	52	100	176	70	44	154	78	96	129	80	40	12	80	112	122	84	316	54	84	43	48	434	22	148	99	88	52	84
gene-Rbm22	chr3	30216452	30230036	+	13585	692	579	496	608	260	90	621	762	344	496	245	82	64	615	382	444	260	923	644	363	100	226	820	80	407	406	260	552	168
gene-Rbm22-dl1	chrX	65183409	65184671	+	1263	180	144	152	200	60	30	144	178	120	210	116	36	8	194	134	148	94	226	184	114	56	106	270	10	108	138	108	150	54
gene-Rbm3	chrX	134356230	134360025	-	3796	2775	963	1100	1133	882	316	1924	1481	890	1148	632	268	162	1117	935	1098	701	2133	1138	819	315	651	2647	163	1010	998	664	917	555
gene-Rbm3-l1	chr7	6857925	6859040	+	1116	1013	166	232	154	114	66	610	291	300	240	156	44	32	188	240	188	140	520	204	256	72	136	736	30	226	128	108	178	154
gene-Rbm39	chr20	63150379	63194986	-	44608	12702	7610	11705	15147	8858	2716	14004	11674	9909	13992	7647	2202	1367	9239	9336	12548	7874	20648	8486	9639	3800	7502	23123	1464	11133	11123	6440	8409	5297
gene-Rbm39-l1	chrX	89518089	89520792	+	2704	5672	4738	5874	8000	4656	1444	5078	6386	4462	6212	3902	1072	386	5194	4962	5778	4440	9182	5122	4642	1838	3898	13070	474	5764	5114	3836	4860	2980
gene-Rbm4	chr22	32674368	32674799	+	432	1	11	0	0	0	0	0	6	0	0	0	0	0	14	0	0	0	2	2	0	0	0	0	0	0	0	0	4	0
gene-Rbm4-l1	chr4	81738874	81765761	-	26888	7800	5798	5215	8683	4596	1130	7365	7384	3782	6806	3294	929	538	6752	4002	6528	3988	9982	6500	3714	1918	3838	8748	570	4663	5771	3606	5417	1654
gene-Rbm5	chr6	62691739	62721602	-	29864	1598	939	896	1091	706	280	1715	1431	735	936	427	200	141	1150	709	872	425	2361	1204	715	264	540	2335	167	869	790	449	1058	479
gene-Rbm5-l1	chr4	73137104	73140186	-	3083	3080	3095	2906	2988	1656	640	2932	4497	2472	2906	1350	540	292	3493	2290	2430	1282	4646	3654	2474	844	1480	5876	272	2676	1806	1262	3294	1298
gene-Rbmx	chrX	25804048	25810577	+	6530	1934	752	1580	1552	540	391	1807	1304	1270	1056	401	389	124	980	1178	996	508	3773	1009	1005	270	450	3353	130	1087	907	422	757	566
gene-Rbmx-l1	chr20	32288316	32292378	+	4063	950	3245	1338	2618	904	210	1149	4175	1414	2283	735	162	62	3696	1386	1944	796	1586	3467	1073	598	900	2146	114	1800	1520	626	3273	454
gene-Rdh16	chr16	41381044	41386267	+	5224	4	2	2	4	419	0	8	6	0	0	288	0	3	2	0	5	322	6	8	4	0	257	6	0	3	1	251	2	2
gene-Rdh16-l1	chr16	41462045	41468269	+	6225	1098	6	627	106	85327	4	949	0	40	48	72124	0	193	12	144	99	70097	100	8	92	50	72234	68	200	277	95	52687	6	26
gene-Rflnb	chr7	31089415	31097717	+	8303	1054	1942	1476	1970	306	222	1734	2139	980	2306	176	164	162	2648	1043	1364	310	1656	2036	1046	644	230	2170	168	950	1159	130	1826	504
gene-Rflnb-dl1	chr21	13059686	13060568	-	883	56	78	64	82	20	14	76	88	34	88	16	4	10	122	66	64	8	64	88	48	14	22	126	6	24	52	8	70	24
gene-Rflnb-dl2	chr8	59421765	59422418	-	654	0	6	4	4	0	0	2	2	0	0	0	0	0	0	0	2	2	4	4	4	0	4	0	0	0	2	0	6	2
gene-Rgs9bp	chr2	17014816	17019019	+	4204	66	36	178	58	2	16	16	94	96	60	6	2	16	44	235	140	18	32	56	218	31	10	34	2	116	40	6	66	6
gene-Rgs9bp-l1	chr20	74216727	74225603	-	8877	177	2	2	0	0	2	944	20	8	6	0	0	204	11	12	4	2	12	2	8	0	0	6	574	6	2	0	3	2
gene-Rhoa	chr6	63464110	63481728	+	17619	2879	1175	2138	3386	2039	629	3181	1411	1876	3244	1919	584	240	1295	2093	2683	2050	5431	1172	2116	828	2230	5493	344	2532	2418	1932	1097	1319
gene-Rhoa-l1	chr12	112429794	112431459	+	1666	114	48	180	185	132	32	154	60	146	214	188	34	6	44	156	148	182	342	82	148	62	184	392	6	202	156	150	54	78
gene-Rhoa-l2	chr5	62899926	62901691	-	1766	62	26	42	91	30	10	290	26	40	80	59	16	8	20	44	70	34	128	18	66	33	50	146	8	52	64	58	16	20
gene-Rhox13	chrX	51564575	51572676	-	8102	0	0	0	0	0	0	0	4	0	0	0	0	0	0	0	0	0	2	2	0	0	0	0	0	0	0	0	0	2
gene-Rhox13-dl1	chrX	50827500	50832056	+	4557	0	0	0	0	0	0	0	0	0	0	0	0	0	0	0	0	0	0	0	0	0	0	0	0	0	0	0	0	0
gene-Rida	chr11	26980315	26994569	+	14255	864	1652	1683	15702	80386	242	817	2268	860	14363	85685	230	60	2053	942	12198	80784	2150	1925	946	4210	87153	2580	140	1097	10801	64600	1760	498
gene-Rida-l1	chr12	24806391	24806871	+	481	18	16	18	237	999	2	19	14	8	224	1084	0	0	28	8	153	1032	42	19	8	62	1036	38	0	10	168	816	18	12
gene-Rida-l2	chr17	9001582	9011541	+	9960	261	332	300	3182	15023	82	351	353	186	2885	16344	72	27	398	200	2498	16288	588	410	206	842	17282	702	38	256	2378	13785	373	155
gene-Ripply3	chr14	44913740	44922827	+	9088	39	64	40	32	6	44	106	68	44	18	0	34	4	74	22	10	0	204	75	12	2	2	270	6	42	4	6	48	62
gene-Ripply3-dl1	chr3	84584868	84585419	+	552	0	2	0	0	0	0	2	0	0	2	0	0	2	0	0	0	0	2	0	0	0	0	0	0	0	0	0	0	0
gene-Rnase1	chr8	58593344	58595055	+	1712	14	1304	4	2	0	0	6	983	0	4	2	0	2	2494	0	6	0	0	1212	0	8	16	0	0	6	0	10	1076	0
gene-Rnase1-l1	chr8	57784048	57784563	-	516	4	6	8	0	7	2	28	5	32	9	9	0	7	2	0	2	0	14	3	16	4	1	26	11	14	4	0	0	4
gene-Rnase1-l2	chr8	58477634	58478116	-	483	0	0	0	0	0	0	1	0	0	0	0	0	0	0	0	0	0	0	0	0	0	0	0	0	2	0	0	0	0
gene-Rnase6	chr8	58496964	58502016	+	5053	0	0	6	0	0	0	0	0	0	0	0	0	0	0	7	0	0	0	0	2	0	0	0	0	2	0	0	0	0
gene-Rnase6-l1	chr8	57734865	57736387	-	1523	45	0	0	0	28	2	16	0	0	0	0	0	0	0	0	0	18	32	0	0	0	0	49	2	2	4	16	0	5
gene-Rnase6-l2	chr8	57898862	57940261	-	41400	18	7	527	420	283	839	20	8	709	82	43	652	6	7	557	15	63	3982	10	739	110	67	4198	1	4186	255	163	8	1893
gene-Rnase6-l3	chr8	57993605	57994105	-	501	0	0	0	0	0	0	0	0	0	0	0	2	0	0	0	0	0	0	0	0	0	0	0	0	0	0	0	0	0
gene-Rnase6-l4	chr8	58286107	58287355	-	1249	6	0	4	7	0	46	4	0	0	6	4	28	0	0	10	2	8	375	4	10	0	6	649	0	6	5	6	4	159
gene-Rnase6-l5	chr8	58493348	58493644	-	297	0	0	0	0	0	0	0	0	0	0	0	0	0	0	0	0	0	0	0	0	0	0	0	2	0	0	0	0	0
gene-Rnf138	chr10	23054375	23087145	+	32771	1422	1189	1087	1805	1806	331	1538	1516	998	1538	1610	276	112	1449	1028	1315	1544	2904	1113	919	366	1894	3032	142	1176	1126	1470	1073	770
gene-Rnf138-l1	chr21	57540371	57541108	+	738	0	0	0	0	0	0	0	2	0	0	0	0	0	0	0	0	2	0	0	0	0	2	0	0	0	0	0	0	10
gene-Rnf185	chr20	25362043	25399654	-	37612	1751	721	573	1044	1112	116	1806	886	601	1293	803	117	219	800	618	942	735	1566	712	496	233	980	1303	126	562	798	894	667	244
gene-Rnf185-l1	chr13	80206097	80207215	-	1119	50	52	30	65	191	12	17	65	20	80	108	11	12	47	29	83	203	118	40	33	14	121	74	6	44	39	121	40	14
gene-Rnf5	chr1	2312236	2314769	+	2534	328	622	446	995	510	101	282	708	419	893	428	111	44	606	528	743	486	685	616	504	238	474	850	20	372	641	366	510	199
gene-Rnf5-l1	chr21	37352723	37353724	+	1002	386	824	570	1372	784	94	363	1096	522	1230	644	108	36	886	608	1096	676	654	818	646	382	700	838	26	500	926	468	792	234
gene-Rnf7	chr6	78885503	78893119	+	7617	1190	1482	2172	2950	2070	188	1036	1481	1694	2766	1854	170	86	1740	2076	2346	2040	1644	1310	1965	714	1892	1894	212	2006	1874	1692	1312	460
gene-Rnf7-l1	chr17	73326276	73328392	-	2117	206	278	386	518	435	42	175	285	351	510	336	28	28	268	476	462	383	309	258	472	146	380	389	50	410	366	334	258	82
gene-Rnft1	chr7	17021137	17039940	-	18804	4631	2256	3606	3549	3229	384	3083	2961	2918	3105	3486	393	158	2622	3391	2831	3171	3622	2396	3111	828	3392	4375	244	3182	2353	2797	2400	978
gene-Rnft1-dl1	chr3	99471512	99472711	-	1200	630	56	468	513	552	42	374	102	330	469	566	30	21	92	486	361	524	376	111	463	119	533	458	24	394	300	428	82	112
gene-Rp9	chr6	13344069	13358555	-	14487	1405	1302	1212	1224	597	229	1530	1417	1004	1129	498	265	164	1529	1057	926	494	1953	1295	743	342	390	2088	133	878	857	363	1126	463
gene-Rp9-l1	chr6	13460407	13471383	-	10977	233	267	396	838	225	73	232	443	298	761	260	97	32	299	231	536	216	554	228	233	82	150	453	23	249	316	134	170	125
gene-Rpa2	chr19	19990826	20013057	-	22232	1086	230	570	706	308	122	830	352	580	677	288	138	80	318	560	548	356	1018	268	510	176	272	1608	76	578	503	232	198	310
gene-Rpa2-l1	chr17	60623982	60625529	-	1548	572	170	466	514	210	68	422	284	404	524	162	100	34	273	404	530	282	642	166	472	148	220	1168	40	444	400	216	126	258
gene-Rpa3	chr5	94542955	94547276	+	4322	882	878	1451	817	843	188	799	1011	1278	821	750	150	24	1080	1445	796	1024	1230	908	1476	242	1068	1698	70	1390	511	900	880	304
gene-Rpa3-dl1	chrX	135987496	135989211	-	1716	54	26	72	52	46	8	54	40	66	50	44	2	2	38	76	30	58	53	34	114	8	66	62	2	76	38	44	30	24
gene-Rpf2	chr15	41616460	41658004	+	41545	1114	641	402	1151	320	84	960	924	251	1185	278	113	94	700	361	939	324	942	651	232	226	360	687	46	412	798	311	616	140
gene-Rpf2-dl1	chr6	38564660	38565460	+	801	0	0	0	0	0	0	0	0	0	0	0	0	0	0	0	0	0	0	0	0	0	0	0	0	0	0	0	0	0
gene-Rpl10	chrX	1829016	1831987	-	2972	20313	3662	9845	20781	10749	2324	18673	5144	11346	17244	10393	2238	1708	5271	10008	15893	9334	12560	4362	10060	5263	10245	20722	2558	13399	12796	9570	3895	4560
gene-Rpl10-dl1	chr11	78851148	78851705	-	558	0	0	0	10	0	0	4	0	0	2	0	0	0	2	2	0	0	4	2	0	1	0	4	0	8	2	0	0	0
gene-Rpl10-dl2	chr14	88903011	88903728	+	718	7724	1438	3602	7898	3724	828	7046	1880	3918	6276	3714	872	534	1932	3664	6060	3566	5312	1596	3860	2050	4022	7616	990	5175	4674	3530	1528	1772
gene-Rpl10-l1	chr14	102424970	102425775	+	806	2	2	0	0	0	0	0	0	0	0	0	0	0	0	0	0	0	0	2	0	0	0	0	0	0	0	0	2	0
gene-Rpl10-l2	chr6	13257447	13259471	+	2025	91	26	33	38	22	1	94	47	36	20	11	2	6	26	24	23	10	73	30	14	4	24	72	14	34	24	15	19	12
gene-Rpl10-l3	chr8	17483464	17484171	+	708	0	0	0	0	0	0	0	0	0	0	0	0	0	0	0	0	0	0	0	0	0	0	0	4	0	0	4	0	0
gene-Rpl10-l4	chr9	28250810	28251526	+	717	38	25	10	30	10	2	58	14	16	25	8	6	0	23	4	21	14	14	14	16	8	16	22	3	40	24	20	18	8
gene-Rpl10a	chr1	5242280	5246097	+	3818	24824	6165	11494	19299	10402	2210	18337	7069	11283	17239	9948	2018	1412	6986	11210	15506	9778	11375	5875	11492	4924	10108	17206	2175	12165	11190	8540	5309	3752
gene-Rpl10a-dl1	chr4	5951974	5952627	+	654	5	0	3	6	0	0	1	0	1	1	0	0	0	2	0	2	1	2	0	1	1	0	0	1	1	0	1	1	0
gene-Rpl10a-dl10	chrY	4824204	4824857	-	654	190	50	100	140	112	14	136	34	104	122	84	8	6	50	64	90	42	102	50	122	40	100	108	22	122	66	74	38	22
gene-Rpl10a-dl11	chrY	13382200	13382853	+	654	0	0	0	0	0	0	0	0	0	0	0	0	0	0	0	0	0	0	0	0	0	0	0	0	0	0	0	0	0
gene-Rpl10a-dl12	chrY	31516698	31517351	-	654	167	44	132	104	104	20	120	54	82	140	92	14	14	56	134	120	112	144	44	130	34	78	202	14	164	96	68	43	40
gene-Rpl10a-dl13	chrY	37398497	37399150	+	654	0	0	0	0	0	0	0	0	0	0	0	0	0	0	0	0	0	0	0	0	0	0	0	0	0	0	0	0	0
gene-Rpl10a-dl2	chr4	108245946	108246599	-	654	0	0	2	0	0	0	0	0	0	0	0	0	0	0	0	0	0	2	0	0	0	0	0	0	0	0	0	0	0
gene-Rpl10a-dl3	chr4	112053443	112054096	-	654	78	20	16	42	22	2	62	12	37	54	34	10	6	24	26	48	26	32	20	44	20	30	52	6	36	50	20	22	10
gene-Rpl10a-dl4	chr4	115782246	115782911	-	666	318	64	160	274	134	32	224	80	162	250	128	36	14	84	156	156	130	186	68	156	66	104	230	44	174	142	116	78	52
gene-Rpl10a-dl5	chr4	118531083	118531736	-	654	96	26	48	62	86	8	74	24	46	80	64	10	4	36	70	72	56	46	18	46	20	80	80	12	74	50	26	14	28
gene-Rpl10a-dl6	chr4	120624489	120625142	-	654	0	0	0	0	0	0	0	0	0	0	6	0	0	0	0	0	0	3	0	0	0	2	0	0	0	0	0	0	0
gene-Rpl10a-dl7	chr4	121831357	121832010	+	654	2	2	0	0	0	0	0	0	0	2	0	0	0	0	0	0	2	4	0	0	0	0	0	0	0	0	0	0	2
gene-Rpl10a-dl8	chr4	139713293	139713946	-	654	6	0	10	2	2	0	16	8	4	20	10	0	0	0	5	4	8	8	0	2	2	4	8	0	8	8	22	10	0
gene-Rpl10a-dl9	chr4	146530480	146531133	+	654	336	94	190	236	106	30	208	44	160	178	126	24	16	96	152	178	168	224	68	150	60	166	359	24	184	120	84	56	60
gene-Rpl10a-l1	chr23	70630768	70635246	-	4479	0	0	0	0	0	0	0	0	0	0	0	0	0	0	0	0	0	0	0	0	0	0	0	0	0	0	0	0	0
gene-Rpl11	chr19	16004550	16008306	+	3757	2711	702	1556	1652	1028	216	1802	916	1284	1456	804	198	136	780	1548	1286	968	1896	798	1492	382	932	2316	168	1710	1164	800	685	538
gene-Rpl11-l1	chr20	46256016	46261679	+	5664	96	12	2	6	2	2	68	18	1	2	4	0	0	38	2	12	1	10	10	0	2	4	22	2	6	10	1	24	2
gene-Rpl13	chr1	175526436	175529420	-	2985	3608	786	1725	3074	1090	364	2781	1129	1754	2534	913	357	231	945	1571	2324	996	2038	912	1710	752	1388	3410	328	2173	1956	850	755	712
gene-Rpl13-dl1	chr1	520363	520995	+	633	35	12	28	40	2	0	24	16	16	36	2	2	8	6	22	36	5	14	20	16	18	14	30	2	24	26	4	6	2
gene-Rpl13-dl10	chr3	108123333	108123968	-	636	18	0	4	6	2	2	2	0	8	4	6	2	0	0	6	6	10	12	8	2	0	8	2	0	8	6	2	6	0
gene-Rpl13-dl11	chr4	112353727	112354362	-	636	42	4	12	24	6	4	16	4	16	20	2	0	0	4	16	22	4	4	8	4	4	4	28	6	10	8	0	6	6
gene-Rpl13-dl12	chr4	120907199	120908002	-	804	12	4	11	22	1	0	6	2	2	10	0	2	2	2	8	28	8	14	2	10	0	6	36	1	6	4	0	4	2
gene-Rpl13-dl13	chr5	11370110	11370815	-	706	49	14	22	16	14	6	32	10	41	36	6	4	2	4	32	24	16	29	22	28	12	4	42	8	30	26	14	20	8
gene-Rpl13-dl14	chr7	2881741	2883197	-	1457	108	22	66	100	30	10	40	23	58	90	16	12	14	20	62	72	28	72	32	50	30	72	148	14	80	48	38	22	16
gene-Rpl13-dl15	chr7	49405175	49405669	+	495	0	0	0	0	0	0	2	0	0	0	0	0	0	0	0	0	0	0	0	0	0	0	0	0	0	0	0	0	0
gene-Rpl13-dl16	chrY	68768664	68769784	+	1121	0	0	0	0	0	0	0	27	2	10	2	0	2	9	0	4	0	4	34	0	2	0	8	0	0	0	2	12	0
gene-Rpl13-dl2	chr1	19889213	19890407	+	1195	26	8	35	26	14	4	38	2	12	12	8	2	0	5	12	18	8	18	8	10	8	6	28	0	24	20	4	3	6
gene-Rpl13-dl3	chr11	30427151	30427576	+	426	1	0	0	0	6	0	0	0	0	0	0	0	0	2	0	0	12	6	0	3	0	4	0	0	0	0	1	6	0
gene-Rpl13-dl4	chr13	11678501	11679136	+	636	0	0	2	2	0	0	2	0	4	0	0	0	0	0	0	0	2	0	0	2	0	0	0	0	0	0	4	0	0
gene-Rpl13-dl5	chr13	99923240	99923941	+	702	175	34	116	185	70	22	119	27	176	132	46	24	12	32	119	148	63	147	36	113	44	77	258	14	111	105	61	56	60
gene-Rpl13-dl6	chr19	56334074	56334700	+	627	8	2	4	8	2	2	10	4	2	2	0	0	2	18	0	7	0	8	7	6	0	4	6	0	8	1	12	2	0
gene-Rpl13-dl7	chr2	21379616	21380251	+	636	62	4	36	64	44	8	42	24	42	56	38	8	8	12	66	34	26	86	20	66	10	44	90	14	52	24	40	6	28
gene-Rpl13-dl8	chr22	13631638	13632273	+	636	12	1	6	9	0	0	10	4	1	2	2	2	0	2	0	0	0	2	0	6	0	0	8	0	0	0	2	0	6
gene-Rpl13-dl9	chr24	24357397	24359874	-	2478	220	52	118	254	90	24	163	75	112	213	60	18	12	48	114	206	94	157	60	110	44	109	186	16	113	115	50	38	34
gene-Rpl13a	chr2	33400482	33404315	+	3834	13000	3200	8340	14251	3676	1719	11315	4014	8302	12366	3427	1658	911	3906	8306	11508	3468	8706	3782	9319	3642	3846	14700	1434	9988	9374	2886	3034	2802
gene-Rpl13a-dl1	chr16	47370449	47372403	-	1955	2791	738	3414	3182	1470	430	2737	878	2453	2667	1202	454	222	829	2912	2182	1269	3394	785	2809	606	1294	4875	352	3468	1774	1082	571	1186
gene-Rpl13a-dl2	chr27	20237581	20239054	+	1474	12326	3501	12482	15446	5622	1996	11129	4416	13299	12840	5144	1920	940	4448	12486	11840	5768	12787	4086	13010	3970	6372	21352	1618	13116	9178	4952	3211	4614
gene-Rpl13a-dl3	chr3	48348704	48349462	+	759	6178	1697	5136	7281	2359	991	5370	2183	5025	6246	1980	1022	496	2171	4869	5999	2232	4594	2040	5604	2081	2522	8228	862	5490	4523	1814	1502	1662
gene-Rpl13a-dl4	chr4	99957085	99957600	+	516	214	64	210	213	84	32	196	136	334	304	162	40	24	110	396	270	206	412	100	570	94	360	890	40	506	207	142	56	142
gene-Rpl13a-dl5	chr9	127113490	127113945	+	456	8	0	0	0	0	0	0	0	0	0	0	0	0	0	0	0	0	0	0	0	0	0	0	0	0	0	0	0	0
gene-Rpl13a-dl6	chrX	128644002	128644430	+	429	16	2	16	24	4	0	12	2	8	6	2	2	2	6	6	6	4	22	2	8	0	2	16	0	8	10	0	2	2
gene-Rpl18a	chr3	105198543	105202280	+	3738	9018	2256	6178	7423	2414	742	6904	2724	6400	5860	2274	782	622	3206	7512	6677	2816	4783	2650	7954	2070	2900	7496	1084	8238	5263	2530	2225	1629
gene-Rpl18a-dl1	chr20	8018022	8018405	+	384	2	0	4	4	2	0	8	6	8	8	2	0	0	4	2	6	4	2	2	6	2	0	2	0	8	0	4	2	0
gene-Rpl18a-dl2	chr20	71685552	71686166	-	615	518	120	336	352	132	54	438	130	300	330	110	40	36	116	378	233	148	156	98	366	86	128	314	56	370	276	134	96	42
gene-Rpl18a-dl3	chr21	40457479	40458095	-	617	6202	1468	4218	4854	1542	502	4906	1704	3928	4144	1540	466	370	1262	3006	2496	1080	1826	862	3048	816	1124	3104	402	3184	2016	888	846	576
gene-Rpl18a-dl4	chr25	35860164	35860691	-	528	4	0	2	0	0	0	4	0	0	2	0	0	0	0	0	0	0	2	0	0	0	0	2	0	0	0	0	0	0
gene-Rpl18a-dl5	chr4	86607190	86607570	-	381	0	0	0	0	0	0	0	0	0	0	0	0	0	0	0	0	0	0	0	0	0	0	6	0	0	0	0	0	0
gene-Rpl18a-dl6	chr7	14764069	14764899	-	831	34	22	20	32	14	4	34	8	24	16	10	6	4	8	12	28	2	10	2	14	8	6	22	2	14	4	8	8	10
gene-Rpl18a-dl7	chr8	44945476	44946000	+	525	0	0	0	0	0	0	0	0	0	0	0	0	0	0	0	0	0	0	0	0	0	0	0	0	0	0	0	0	0
gene-Rpl19	chr7	4870943	4875748	-	4806	3582	1169	2380	3290	1609	408	2593	1453	2490	3058	1604	328	164	1732	2709	3577	1998	3308	1361	2548	881	1964	4626	260	2908	2636	1764	1452	1142
gene-Rpl19-l1	chr13	10528339	10529069	+	731	5020	1406	2236	4884	1562	536	3471	1830	1924	4387	1584	498	262	1786	2173	3707	1698	2204	1489	2138	1340	1606	3660	496	2378	3146	1080	1374	828
gene-Rpl22	chr19	38028660	38041440	+	12781	1753	531	843	1350	638	190	1202	714	738	1095	600	186	131	693	720	1084	606	1356	546	667	296	644	1478	135	758	912	429	494	347
gene-Rpl22-l1	chr4	5426702	5428547	-	1846	376	106	336	280	242	40	216	115	256	214	326	40	18	188	368	306	294	472	126	322	96	303	774	34	374	166	272	76	160
gene-Rpl22l1	chr16	82847221	82850570	-	3350	1198	459	830	698	252	126	774	586	682	606	206	114	49	533	646	558	286	820	466	664	164	222	694	84	718	448	216	438	161
gene-Rpl22l1-dl1	chr27	15605508	15605900	+	393	4	2	0	2	11	0	0	0	4	7	10	0	0	7	4	2	9	10	0	3	1	18	0	0	0	6	14	0	0
gene-Rpl23a	chrX	129095890	129096360	+	471	16	2	6	4	2	0	4	0	4	3	2	0	0	7	4	10	2	0	0	12	0	4	0	0	8	8	0	8	4
gene-Rpl23a-dl1	chr12	68001341	68001841	+	501	1	4	0	2	4	0	0	2	2	2	0	0	0	2	0	0	0	4	2	0	0	0	0	2	2	0	0	2	0
gene-Rpl23a-dl2	chr21	55904513	55904983	+	471	5	0	2	10	2	1	10	0	0	2	2	0	0	0	4	4	2	8	4	0	0	0	0	0	2	2	2	0	0
gene-Rpl23a-dl3	chr22	44089846	44090275	+	430	12	2	12	8	16	0	8	0	26	8	1	2	0	4	14	8	2	10	0	8	4	10	6	4	2	12	2	4	2
gene-Rpl23a-dl4	chr23	82460359	82460829	-	471	70	24	72	72	26	18	64	20	54	62	38	6	4	24	32	60	22	64	22	42	18	28	82	6	56	46	19	18	10
gene-Rpl23a-dl5	chr24	44905547	44906062	-	516	129	60	158	140	90	22	104	72	132	154	74	16	2	72	134	102	56	88	44	156	30	100	176	16	168	94	84	38	36
gene-Rpl23a-dl6	chr4	47190295	47190765	+	471	2	2	4	12	0	0	2	2	12	10	2	0	0	7	10	8	2	2	4	15	2	10	4	2	11	10	5	2	0
gene-Rpl23a-dl7	chr6	38843134	38843604	+	471	0	0	0	0	0	0	0	0	0	0	0	0	0	0	0	0	0	0	0	0	0	0	0	0	0	0	0	0	0
gene-Rpl23a-dl8	chr7	57606343	57607663	+	1321	10	2	10	20	6	0	22	8	10	20	6	2	2	0	0	6	8	12	4	5	0	6	9	0	6	6	0	2	0
gene-Rpl23a-dl9	chr8	65031737	65032224	+	488	2	0	0	4	0	0	1	0	0	0	0	0	0	0	4	0	0	0	0	3	0	0	0	2	3	4	0	2	0
gene-Rpl24	chr6	126024740	126029771	+	5032	996	437	592	515	348	104	630	547	522	420	242	71	56	419	485	356	361	623	489	380	113	234	800	65	517	318	216	455	191
gene-Rpl24-dl1	chr15	49565372	49565827	-	456	484	136	402	410	186	54	358	136	314	376	228	40	24	212	298	326	152	338	146	360	114	216	502	48	430	228	196	193	106
gene-Rpl24-dl2	chr16	28573117	28573665	+	549	2	10	16	18	4	0	8	18	2	9	2	0	2	2	2	12	2	2	3	4	0	2	10	2	4	4	4	4	2
gene-Rpl24-dl3	chr19	74377805	74378278	+	474	0	0	2	0	0	0	0	0	3	4	0	0	0	0	0	0	0	2	0	0	0	2	0	0	0	2	2	6	0
gene-Rpl24-dl4	chr22	44014816	44016580	+	1765	306	174	260	290	106	32	184	216	256	252	132	20	32	160	202	202	156	176	170	282	74	110	368	26	254	203	92	216	58
gene-Rpl24-dl5	chr6	61320041	61320622	-	582	592	204	572	494	312	62	440	260	578	478	388	48	24	264	576	412	350	582	234	610	126	292	804	60	810	360	294	220	228
gene-Rpl24-dl6	chr7	19295392	19295889	+	498	32	8	22	16	105	6	14	10	20	40	74	8	4	22	8	45	117	10	12	20	16	51	10	4	22	29	152	9	6
gene-Rpl24-dl7	chr8	95755278	95755748	+	471	133	46	136	108	66	13	76	48	100	86	56	12	6	38	118	74	92	70	28	130	14	61	102	10	95	84	40	35	36
gene-Rpl24-l1	chr12	100778420	100779737	+	1318	22	66	48	70	25	8	50	65	50	37	13	1	2	76	20	41	18	27	57	30	6	13	17	1	40	22	18	57	9
gene-Rpl26	chr6	60415903	60416364	-	462	63	82	156	127	46	10	144	34	104	120	42	19	6	4	40	21	6	46	58	118	70	60	121	22	46	52	40	46	12
gene-Rpl26-dl1	chr12	61508914	61509351	-	438	2	0	0	4	4	1	4	2	0	6	0	2	0	0	1	4	0	2	1	4	2	2	4	0	4	0	0	0	0
gene-Rpl26-dl2	chr26	11703734	11704171	-	438	508	136	290	382	148	58	276	120	326	351	174	44	38	236	452	570	232	374	114	284	98	160	364	40	360	328	178	184	80
gene-Rpl26-dl3	chr7	54025906	54026483	-	578	113	31	109	113	52	7	56	34	97	80	40	8	2	71	98	67	54	144	34	105	20	34	120	8	75	72	46	22	18
gene-Rpl27	chr7	2058311	2060259	-	1949	1635	708	1551	1580	894	142	1216	858	1419	1452	817	150	88	822	1685	1335	743	1096	728	1705	392	988	1764	142	1544	918	724	578	446
gene-Rpl27-dl1	chr13	35860766	35863050	-	2285	738	248	1074	778	426	55	638	266	976	642	492	58	66	282	1042	606	478	540	278	1086	198	542	1312	90	1182	424	376	228	266
gene-Rpl27-dl2	chr13	74860447	74860707	+	261	0	0	0	0	0	0	0	0	0	0	0	0	0	0	0	0	0	0	0	0	0	0	0	0	0	0	0	0	0
gene-Rpl27-dl3	chr16	82293968	82294428	-	461	1726	634	1644	1674	828	146	1216	792	1506	1617	866	174	114	718	1780	1403	828	1036	699	1946	475	938	1966	186	1826	1281	816	539	416
gene-Rpl27-dl4	chr16	97460529	97462836	-	2308	52	575	6	2	3	0	24	437	25	3	0	6	12	675	9	0	6	15	615	7	0	0	14	12	14	2	4	553	2
gene-Rpl27-dl5	chr3	104179563	104182259	+	2697	0	2	0	0	0	2	4	6	0	0	0	5	0	12	0	0	0	15	0	0	0	0	6	0	0	0	0	12	0
gene-Rpl27-dl6	chr5	34753753	34754221	-	469	0	0	0	0	0	0	0	0	0	0	0	0	0	0	0	0	0	0	0	0	0	0	0	0	0	0	0	0	0
gene-Rpl27-dl7	chrX	197736687	197737251	+	565	5007	1918	5556	6574	2934	592	4028	2512	5518	5170	2678	612	296	2519	5736	4590	2628	3218	2120	6094	1722	3516	6258	468	5431	3708	2280	1614	1476
gene-Rpl27a	chr24	32207571	32210958	+	3388	3723	1132	1509	2631	848	448	2640	1496	1406	2293	816	441	204	1421	1497	1821	999	2244	1251	1432	691	976	3112	337	1828	1494	822	969	632
gene-Rpl27a-dl1	chr1	41670511	41670825	+	315	1	0	2	2	0	0	0	0	0	2	0	2	0	4	0	0	0	0	0	0	2	0	2	0	2	11	2	0	0
gene-Rpl27a-dl10	chr13	101925459	101925968	-	510	159	46	149	150	104	15	94	72	126	107	108	22	16	74	143	85	114	286	30	169	20	128	380	16	212	90	77	48	78
gene-Rpl27a-dl11	chr16	48732751	48733197	-	447	12	12	8	14	0	2	8	16	6	8	4	4	6	4	21	10	6	16	10	8	0	8	6	0	6	8	2	0	4
gene-Rpl27a-dl12	chr19	27819870	27820313	-	444	1	0	0	0	0	0	0	0	0	0	0	0	0	0	0	0	0	0	0	0	0	0	0	0	0	0	0	0	0
gene-Rpl27a-dl13	chr19	78052044	78052490	-	447	0	0	0	1	0	0	2	0	0	2	0	0	0	0	0	3	0	0	0	0	0	0	0	2	2	0	0	0	0
gene-Rpl27a-dl14	chr20	38913683	38914129	+	447	108	44	40	90	34	6	89	28	54	80	26	16	0	46	24	48	20	100	18	58	24	52	114	8	54	46	36	26	26
gene-Rpl27a-dl15	chr23	68569750	68570196	-	447	8	2	12	4	6	2	16	4	12	16	6	2	0	4	20	16	0	2	2	12	2	10	14	4	4	10	8	6	0
gene-Rpl27a-dl16	chr24	32445109	32445652	+	544	1366	432	837	1051	466	172	890	499	928	1035	493	155	84	420	944	803	609	1196	445	1048	247	658	1715	149	1192	732	473	377	368
gene-Rpl27a-dl17	chr26	50645983	50646429	-	447	7	0	0	0	6	0	6	0	2	0	0	0	4	9	4	2	2	8	1	2	2	2	4	2	12	3	0	1	0
gene-Rpl27a-dl18	chr27	19306718	19307164	+	447	76	31	30	32	40	6	62	13	48	47	24	4	2	24	30	57	10	46	22	34	18	36	110	10	36	24	20	10	22
gene-Rpl27a-dl19	chr5	19390035	19390481	-	447	1	4	0	4	2	0	0	0	4	3	2	0	0	0	0	0	0	4	1	6	2	0	6	0	4	4	4	0	0
gene-Rpl27a-dl2	chr1	86182701	86183393	-	693	14	10	30	61	8	1	16	4	12	20	22	2	2	18	6	30	5	47	21	13	10	14	38	2	23	24	8	16	14
gene-Rpl27a-dl20	chr5	98170252	98170623	-	372	11	0	0	0	0	0	14	0	0	0	0	4	0	0	0	0	2	2	0	0	0	0	4	0	0	0	0	0	3
gene-Rpl27a-dl21	chr7	22383865	22384378	-	514	40	38	38	29	28	0	44	35	15	22	40	4	0	30	30	29	29	50	30	21	8	37	58	2	24	12	34	14	18
gene-Rpl27a-dl22	chr9	29822568	29822855	+	288	2	0	4	12	2	0	14	0	1	12	0	0	0	5	8	6	2	0	0	0	2	0	4	0	2	2	2	0	4
gene-Rpl27a-dl23	chr9	32095184	32095630	-	447	216	22	197	158	98	20	130	86	182	140	102	20	20	58	188	142	118	282	68	209	52	132	528	26	248	70	78	66	108
gene-Rpl27a-dl3	chr1	103082313	103083813	-	1501	644	212	808	574	486	74	476	282	868	513	520	80	54	254	912	371	462	876	230	907	118	632	1628	72	880	354	467	168	374
gene-Rpl27a-dl4	chr10	71961214	71961660	-	447	0	0	1	0	0	0	2	0	0	0	0	0	0	0	0	0	0	2	0	2	0	10	4	0	0	2	4	0	0
gene-Rpl27a-dl5	chr10	94600399	94602267	+	1869	0	0	1	0	0	0	8	12	0	2	0	2	4	15	0	0	0	15	10	2	0	2	0	6	4	4	4	16	0
gene-Rpl27a-dl6	chr10	100603355	100603795	-	441	4	2	0	2	5	0	4	0	2	0	0	0	2	2	2	2	0	2	0	2	0	6	2	0	0	0	0	2	0
gene-Rpl27a-dl7	chr11	11403966	11404235	+	270	10	0	4	4	0	0	5	12	5	0	0	0	8	8	0	5	12	16	1	2	0	0	6	2	7	0	6	0	0
gene-Rpl27a-dl8	chr11	24623462	24623908	-	447	8	2	4	4	0	0	0	6	12	7	6	0	0	8	2	6	12	12	0	6	0	0	18	0	2	6	0	4	0
gene-Rpl27a-dl9	chr12	84198295	84202179	-	3885	2	6	2	0	0	0	6	19	0	4	0	0	0	21	6	4	0	4	12	4	0	0	6	2	6	0	0	13	0
gene-Rpl27a-l1	chr15	29386424	29388155	-	1732	89	92	34	62	10	6	46	126	62	50	2	8	8	98	42	50	16	80	90	22	8	14	94	6	54	48	12	112	22
gene-Rpl27a-l2	chr19	48113014	48113506	+	493	425	154	394	356	252	60	406	141	362	286	232	60	60	145	353	216	236	468	148	384	112	226	614	56	420	250	204	97	114
gene-Rpl27a-l3	chr2	28192563	28193059	-	497	55	29	48	65	34	6	58	32	37	51	42	8	2	24	90	48	33	92	14	82	8	62	102	10	58	30	28	14	30
gene-Rpl27a-l4	chr27	21308522	21309214	-	693	6	6	2	8	8	4	19	4	13	5	6	2	0	8	12	2	16	24	3	6	0	12	36	5	18	6	8	2	6
gene-Rpl28	chr2	42744638	42748088	+	3451	4157	1244	2829	3358	2064	514	3354	1558	2597	2713	1752	504	308	1499	2320	2522	1713	3196	1386	2828	886	1978	4873	460	2794	2121	1749	1042	945
gene-Rpl28-dl1	chr21	54794025	54794475	+	451	688	190	680	640	446	89	672	269	680	524	450	76	46	204	696	408	504	692	212	730	156	476	1230	68	676	396	492	186	228
gene-Rpl28-dl2	chr22	29859498	29859911	-	414	0	2	2	4	0	0	8	0	2	0	2	3	0	0	0	2	0	0	0	0	0	0	2	0	0	0	2	2	2
gene-Rpl28-dl3	chr3	146937295	146937585	-	291	2	0	2	0	0	0	2	0	0	0	0	0	2	4	2	0	0	3	0	2	0	10	6	2	0	0	0	0	0
gene-Rpl28-dl4	chr6	33053860	33054438	-	579	30	18	42	16	26	4	12	10	18	16	23	0	0	12	10	24	18	24	14	18	6	30	54	0	16	22	36	4	14
gene-Rpl28-dl5	chrX	129255231	129255678	-	448	1718	572	1258	1740	784	302	1434	660	1296	1386	768	200	122	634	1210	1314	886	1327	554	1320	454	944	2060	242	1346	1044	785	536	428
gene-Rpl3	chr4	37301267	37308433	-	7167	34115	8139	9080	24635	8992	3508	23774	10759	10228	21274	7414	3304	1798	9238	8662	19399	8127	21083	8883	8605	6324	8379	31955	2270	13700	14676	7226	7052	6704
gene-Rpl3-dl1	chr16	46043863	46045150	+	1288	5000	1120	1278	3686	1262	541	3684	1510	1386	3128	1042	444	266	1468	1324	2869	1152	3316	1304	1198	992	1326	4656	358	2066	2164	996	1040	912
gene-Rpl3-dl2	chr8	10850540	10851829	+	1290	10436	2455	2643	8036	2722	1069	7126	3092	2834	6831	2202	1050	479	2824	2547	6462	2461	6414	2732	2441	1871	2608	9682	679	3977	4380	2240	2133	2055
gene-Rpl32	chr9	77726204	77730628	+	4425	2355	1037	1652	1920	904	260	1573	1311	1570	1539	832	214	128	1175	1663	1322	866	1535	1097	1799	444	1122	2229	202	1712	1288	716	906	489
gene-Rpl32-dl1	chr14	109288289	109288796	+	508	911	452	780	994	412	108	666	529	766	750	455	130	58	536	685	606	413	650	410	808	198	500	1120	113	814	478	342	400	242
gene-Rpl32-dl2	chr16	66215742	66216199	+	458	36	18	36	36	28	6	26	21	16	14	8	10	2	8	33	37	11	76	17	16	4	22	69	4	40	10	22	20	16
gene-Rpl34	chr1	97454812	97458784	-	3973	4025	1737	2354	3504	1402	461	2802	2109	2164	3193	1414	427	238	2046	2180	2682	1396	2356	1907	2449	970	1654	3844	410	2410	2166	1316	1825	788
gene-Rpl34-l1	chr15	24594413	24594874	-	462	4742	1880	2670	4851	1952	622	3400	2226	2972	4092	1944	516	252	2114	2930	3446	2002	3070	2048	3210	1218	2424	5470	476	3234	2850	1778	1708	1040
gene-Rpl35	chr14	101290293	101293836	-	3544	1176	413	457	684	212	134	751	653	465	626	210	110	72	636	475	621	218	751	499	369	168	244	892	84	416	468	180	406	170
gene-Rpl35-dl1	chr1	59183234	59184758	+	1525	118	40	92	146	22	14	116	106	70	140	26	6	18	62	78	114	42	72	54	96	28	38	142	4	101	100	26	48	26
gene-Rpl35-dl10	chr21	56250181	56251797	-	1617	23	8	20	24	6	4	13	6	6	22	2	6	4	8	6	10	5	2	5	16	6	10	37	2	16	14	14	12	6
gene-Rpl35-dl11	chr22	40610965	40611336	+	372	0	0	0	0	0	0	0	6	0	0	0	0	0	2	0	0	0	0	14	0	0	0	0	0	0	0	0	6	0
gene-Rpl35-dl12	chr22	65245768	65246139	-	372	56	22	40	82	22	10	49	34	57	70	16	14	8	14	82	36	16	34	24	48	30	18	94	16	58	44	32	10	18
gene-Rpl35-dl13	chr23	22560313	22560717	-	405	102	36	86	115	16	18	96	48	60	112	36	20	4	68	98	104	18	79	52	62	14	14	114	8	98	44	22	26	24
gene-Rpl35-dl14	chr26	36384158	36384529	+	372	25	16	36	32	22	0	25	22	25	20	12	0	2	14	20	14	10	34	12	36	4	6	32	8	32	18	8	2	2
gene-Rpl35-dl15	chr27	40756696	40757086	+	391	248	108	154	212	72	16	200	70	268	215	78	34	16	76	228	188	72	120	76	234	96	78	226	16	150	184	92	64	42
gene-Rpl35-dl16	chr4	71649591	71649967	+	377	3	0	0	4	2	0	0	2	0	2	6	0	0	10	2	2	0	2	2	2	0	2	0	1	4	2	0	0	0
gene-Rpl35-dl17	chr6	25327273	25327644	-	372	0	1	0	2	0	0	2	0	2	2	0	2	0	0	2	0	2	0	2	2	0	0	0	1	0	0	0	0	0
gene-Rpl35-dl18	chr7	38234580	38234951	+	372	1	2	0	0	2	0	2	0	0	0	0	0	0	0	0	0	2	0	0	0	0	0	0	0	0	0	2	0	0
gene-Rpl35-dl19	chr8	47295816	47296187	-	372	7	6	13	13	2	2	2	4	4	8	0	0	0	3	20	15	2	14	6	17	2	0	8	0	9	2	0	0	2
gene-Rpl35-dl2	chr16	131733	132104	-	372	152	54	169	171	84	18	112	64	166	137	60	18	2	56	205	122	70	212	60	204	38	72	326	12	213	70	86	28	84
gene-Rpl35-dl20	chr9	75294189	75294569	-	381	0	0	0	0	0	0	0	4	0	0	0	0	0	0	0	0	0	0	2	0	0	0	0	0	0	0	0	0	0
gene-Rpl35-dl3	chr18	8425975	8426393	+	419	154	46	78	187	48	36	106	78	100	230	18	0	14	102	108	158	34	46	40	74	44	38	118	26	116	134	54	52	22
gene-Rpl35-dl4	chr18	29020138	29020673	-	536	444	157	332	342	116	55	297	209	353	324	135	46	18	172	355	300	119	314	143	369	110	128	582	48	401	247	120	113	133
gene-Rpl35-dl5	chr18	69149573	69149977	-	405	1397	462	1343	1585	480	194	965	594	1727	1226	466	138	100	652	1458	1106	500	1046	516	1675	418	777	2162	147	1271	798	502	401	528
gene-Rpl35-dl6	chr18	77663253	77663624	+	372	34	22	30	34	6	12	12	16	38	34	4	8	4	18	18	20	10	14	18	56	16	4	38	4	28	12	6	10	4
gene-Rpl35-dl7	chr19	40826467	40828443	+	1977	19	24	30	14	9	5	38	25	14	10	14	2	0	16	19	3	13	33	16	18	1	14	24	0	14	13	12	6	8
gene-Rpl35-dl8	chr20	76114807	76115178	-	372	2	2	0	0	0	0	4	2	0	0	0	0	0	0	2	0	0	0	0	6	0	0	0	0	0	0	0	0	0
gene-Rpl35-dl9	chr21	6302829	6303188	+	360	2	0	1	0	2	0	2	0	0	0	0	0	0	0	4	4	0	2	0	0	0	3	0	0	0	0	2	2	1
gene-Rpl35-l1	chr8	74191364	74191773	+	410	30	12	25	12	20	10	27	0	19	6	8	0	0	18	22	12	10	71	4	30	8	14	40	0	12	16	4	4	7
gene-Rpl36	chr3	120149256	120151863	-	2608	441	186	227	234	102	24	274	228	138	196	94	18	30	216	226	213	106	206	196	128	38	112	252	28	138	209	118	210	44
gene-Rpl36-dl1	chr4	94468670	94469110	-	441	10	0	0	4	20	2	20	9	0	0	0	1	0	5	0	2	2	8	4	0	2	13	14	0	4	0	14	0	2
gene-Rpl36a	chr19	16177585	16178076	+	492	598	276	338	538	314	90	444	286	272	661	394	64	34	274	368	502	312	454	210	386	166	338	684	44	318	440	348	222	128
gene-Rpl36a-l1	chrX	76479362	76481921	-	2560	831	344	363	514	170	82	492	490	468	440	198	60	58	251	205	288	148	548	388	414	136	196	764	48	319	221	110	251	108
gene-Rpl37	chr23	54818372	54820510	+	2139	1349	442	483	701	266	109	820	553	456	601	255	80	50	415	392	405	258	574	385	375	108	222	678	34	400	416	234	465	124
gene-Rpl37-dl1	chr10	20972995	20973288	+	294	50	8	42	33	20	10	28	6	34	37	18	2	0	10	22	20	34	30	4	42	6	30	44	2	62	20	10	6	9
gene-Rpl37-l1	chr3	41002201	41002549	+	349	690	141	454	504	226	72	396	234	354	406	330	42	34	208	438	450	236	596	126	400	132	336	976	54	474	330	230	122	204
gene-Rpl37a	chr1	75568831	75572714	-	3884	504	130	306	308	132	50	237	313	178	272	142	48	22	478	892	653	332	598	218	290	60	128	284	34	918	548	244	394	160
gene-Rpl37a-dl1	chr10	48485940	48486391	+	452	54	34	60	76	32	2	63	28	84	70	26	8	0	28	114	30	30	18	32	84	16	26	32	12	68	66	32	50	4
gene-Rpl37a-dl2	chr17	72833070	72833375	-	306	2	0	0	0	0	0	2	0	0	0	0	0	0	0	0	0	0	0	0	0	0	4	0	0	0	0	0	0	0
gene-Rpl37a-dl3	chr17	73438896	73439228	-	333	0	0	0	0	0	0	0	0	0	0	0	0	0	0	0	0	0	0	0	0	0	0	0	0	0	0	0	0	0
gene-Rpl37a-dl4	chr6	23801226	23801504	+	279	136	48	241	242	88	12	128	79	224	196	103	15	12	106	206	130	74	138	70	278	38	46	204	20	222	88	50	64	26
gene-Rpl37a-dl5	chr6	34836513	34836865	+	353	1	2	4	0	0	0	10	4	4	6	2	0	0	0	3	5	0	0	0	2	4	0	2	4	4	2	2	0	0
gene-Rpl37a-l1	chr10	110230524	110230865	+	342	1186	595	1678	1438	734	114	812	798	1514	1360	562	172	86	630	1470	1079	496	576	599	1653	454	618	1338	164	1478	892	476	452	235
gene-Rpl37a-l2	chr11	30801762	30802120	-	359	2	0	10	0	0	0	0	0	0	0	0	0	0	0	4	2	4	0	0	0	0	0	2	0	0	0	0	0	0
gene-Rpl37a-l3	chr14	52167365	52167671	+	307	4	8	10	6	2	0	9	2	20	20	8	0	0	6	6	2	16	6	0	4	1	6	10	0	12	22	2	2	4
gene-Rpl37a-l4	chr18	18354899	18355259	+	361	17	10	16	26	2	2	16	0	6	21	6	4	0	2	6	10	2	10	6	8	4	6	6	0	14	8	0	4	2
gene-Rpl37a-l5	chr20	5194595	5199690	-	5096	150	154	146	245	232	13	121	410	92	26	203	18	28	209	145	33	212	112	291	88	14	200	100	22	132	21	133	233	51
gene-Rpl37a-l6	chr26	834996	836185	-	1190	766	376	1444	906	462	84	492	452	1124	902	480	79	38	460	1132	709	394	612	368	1362	248	640	1188	94	1164	562	320	312	200
gene-Rpl37a-l7	chr6	78446758	78447871	+	1114	233	100	205	234	70	24	144	160	168	217	72	22	18	80	224	188	82	84	115	214	50	62	146	38	206	127	48	74	28
gene-Rpl37a-l8	chr7	119161610	119161960	-	351	144	70	224	176	80	6	110	94	146	170	96	22	2	184	318	250	128	238	54	244	32	98	124	14	414	186	108	95	44
gene-Rpl4	chr17	10392667	10397310	-	4644	8743	3060	5545	8095	2936	1048	6542	3588	4893	7000	2442	775	483	3830	5266	6196	2959	5212	3441	5666	2114	3272	7691	922	6082	4762	2523	2878	1805
gene-Rpl4-dl1	chr16	27136667	27138121	+	1455	3277	1246	2056	3342	1176	348	2422	1586	2258	2879	1088	348	184	1604	2482	2778	1308	2418	1264	2482	808	1311	3174	326	2548	1932	938	1106	762
gene-Rpl7	chr11	52655545	52658577	+	3033	762	171	232	296	352	52	380	266	204	228	255	38	30	200	254	310	403	521	178	300	125	359	480	39	226	233	232	174	69
gene-Rpl7-dl1	chr11	50411495	50412022	+	528	5	4	8	6	2	0	7	0	3	8	8	4	0	2	7	6	9	2	1	7	1	11	4	0	7	12	2	3	0
gene-Rpl7-dl2	chr17	72225734	72226480	+	747	191	68	96	193	104	30	147	49	121	188	94	17	5	72	130	184	139	122	71	159	63	119	203	15	154	133	64	61	35
gene-Rpl7-dl3	chr22	64020523	64021269	+	747	1	2	2	21	8	0	23	14	14	24	14	0	0	6	8	4	18	20	6	15	8	23	2	6	14	14	11	2	10
gene-Rpl7-dl4	chr26	39752290	39753036	+	747	238	48	228	281	216	34	172	96	186	212	194	22	14	52	182	158	244	160	68	191	78	158	192	16	276	154	178	52	30
gene-Rpl7-dl5	chr4	39525061	39525931	-	871	906	329	758	1035	588	129	740	341	833	942	666	100	55	299	854	821	751	739	285	958	250	721	1069	118	1001	744	543	286	236
gene-Rpl7-dl6	chr4	47453963	47454589	+	627	20	7	17	21	8	8	19	4	22	33	12	4	4	7	2	23	14	2	4	26	4	4	14	2	2	23	8	6	6
gene-Rpl7-dl7	chrX	115439415	115440194	+	780	6	0	2	4	4	0	0	0	8	3	3	0	0	3	2	10	3	2	0	0	2	5	6	0	0	8	4	7	0
gene-Rpl7a	chr14	112814154	112817360	-	3207	1147	447	504	752	302	98	1028	496	394	624	291	86	98	490	466	563	334	918	462	464	206	365	836	86	580	557	310	416	242
gene-Rpl7a-l1	chr13	58545587	58546276	+	690	10	0	0	2	0	0	0	0	6	0	0	0	0	2	2	0	0	2	6	0	0	2	4	0	0	2	2	0	0
gene-Rpl7a-l2	chr14	20394960	20395827	+	868	224	80	94	378	72	30	155	101	96	178	98	10	2	98	82	180	49	28	98	58	58	130	82	28	106	114	56	68	48
gene-Rpl7l1	chr1	11258099	11264665	+	6567	349	171	188	244	225	31	172	185	134	237	194	27	22	177	159	227	200	266	127	161	42	198	222	22	112	173	143	177	33
gene-Rpl7l1-dl1	chr10	76451403	76453003	+	1601	52	36	26	60	64	0	24	30	24	58	42	7	4	24	48	60	50	28	36	20	10	30	62	0	30	50	32	19	2
gene-Rpl7l1-dl2	chr12	107904940	107905680	+	741	6	6	2	9	2	0	2	6	16	10	16	6	0	6	18	2	16	4	2	10	0	4	8	2	16	4	2	0	2
gene-Rpl7l1-dl3	chr16	47701964	47702704	+	741	1	0	0	0	0	0	0	4	4	0	0	0	0	0	0	0	0	0	0	0	0	0	0	0	0	0	0	0	0
gene-Rpl7l1-dl4	chr23	49595404	49595850	-	447	0	0	0	0	0	0	0	0	0	0	0	0	0	0	0	0	0	0	0	0	0	0	0	0	0	0	0	0	0
gene-Rpl7l1-dl5	chr28	26455950	26457418	+	1469	464	252	364	728	542	94	290	358	358	652	488	62	16	338	368	514	443	334	256	346	136	598	436	30	389	464	380	260	122
gene-Rpl8	chr19	35016194	35017178	+	985	4307	1260	3733	5376	2642	532	3127	1549	3958	4572	2338	556	308	1619	3748	4278	2280	3644	1467	3974	1306	3072	6430	478	4530	3428	2476	1194	1402
gene-Rpl8-dl1	chr5	114572541	114573382	+	842	2338	702	2010	2728	1252	261	1982	828	1889	2242	1200	284	144	892	1966	2158	1230	2140	720	1984	806	1568	3732	224	2372	1724	1132	694	756
gene-Rpl8-l1	chr26	37608614	37611014	+	2401	9730	2705	6352	11019	4137	1015	7006	3293	6319	8948	3896	1126	587	3430	6411	8403	4252	6061	3163	6492	3015	5081	10744	861	7410	6764	3961	2424	2296
gene-Rpl9	chr4	108564429	108565007	-	579	4	4	20	8	0	2	3	2	14	4	0	2	0	4	4	8	2	6	0	10	0	2	8	0	4	8	0	2	0
gene-Rpl9-dl1	chr12	71045840	71046418	-	579	28	2	12	16	6	6	24	8	9	22	8	8	4	16	16	8	10	8	4	18	4	12	26	4	20	6	2	10	4
gene-Rpl9-dl2	chr20	34800366	34802099	+	1734	106	47	150	250	56	27	87	100	103	263	44	33	10	67	123	247	54	179	73	199	66	64	346	17	193	148	52	49	63
gene-Rpl9-dl3	chr20	63948385	63948963	+	579	7	4	6	4	0	0	6	0	0	4	0	2	0	2	0	0	0	2	2	1	2	2	0	0	2	6	6	0	4
gene-Rplp0	chr20	17520721	17525326	-	4606	2013	317	594	847	446	103	1170	451	557	708	507	90	82	410	649	780	505	855	357	628	200	600	877	86	660	451	407	348	214
gene-Rplp0-dl1	chr11	76847119	76847892	+	774	516	72	229	372	214	46	288	96	257	324	232	26	34	90	264	268	182	206	58	292	82	276	320	46	346	196	116	49	66
gene-Rplp0-dl10	chrX	71797948	71798901	+	954	1701	266	906	1036	614	106	1323	294	722	894	676	84	72	316	842	980	644	652	246	906	322	814	966	125	952	690	522	250	186
gene-Rplp0-dl11	chrX	185662140	185665394	+	3255	4	100	6	14	2	2	10	78	12	16	0	0	0	101	10	4	12	6	50	14	2	4	2	0	6	11	8	92	2
gene-Rplp0-dl2	chr13	50049310	50050403	-	1094	4	0	2	2	2	1	1	0	0	8	2	0	0	0	3	0	2	0	0	0	0	0	0	0	0	2	0	2	0
gene-Rplp0-dl3	chr17	70543298	70544563	+	1266	630	97	268	482	256	32	487	118	300	344	216	30	22	108	320	368	232	208	102	348	122	336	384	62	444	226	210	118	86
gene-Rplp0-dl4	chr2	61504772	61505831	-	1060	1	0	0	1	0	0	2	0	2	1	0	0	0	0	0	0	0	0	0	0	0	0	0	0	0	4	0	0	0
gene-Rplp0-dl5	chr20	77440755	77441754	-	1000	592	78	240	346	200	34	417	78	271	317	248	24	36	84	274	298	206	238	84	332	108	235	304	82	338	190	176	86	52
gene-Rplp0-dl6	chr21	39822923	39824524	-	1602	494	64	174	314	144	26	281	98	184	269	142	20	30	106	224	256	160	174	86	234	70	190	176	34	238	178	130	96	46
gene-Rplp0-dl7	chr24	21534402	21535355	+	954	1254	190	762	874	516	80	985	238	610	712	576	68	50	206	778	776	496	632	212	855	296	680	902	130	842	526	441	226	152
gene-Rplp0-dl8	chr5	49883542	49884114	+	573	323	64	160	279	134	22	194	50	184	346	104	22	22	56	172	259	146	98	64	208	86	178	222	28	226	230	122	50	34
gene-Rplp0-dl9	chr7	104504437	104505161	+	725	0	4	0	0	0	0	0	12	0	0	0	0	0	2	0	0	0	0	2	0	0	0	0	0	0	0	0	0	0
gene-Rplp0-l1	chr3	148364657	148367537	+	2881	0	0	0	0	0	0	0	0	0	0	0	0	0	0	0	0	0	0	0	0	0	0	0	0	0	0	0	0	0
gene-Rplp1	chr17	12682621	12685416	+	2796	1220	394	666	1115	370	92	972	438	598	1090	290	110	88	473	598	848	366	654	373	662	266	421	992	112	767	688	334	346	204
gene-Rplp1-dl1	chr15	82976563	82976907	-	345	824	193	464	826	272	60	728	217	484	684	292	74	58	242	588	576	288	678	253	580	180	366	910	146	649	463	292	200	210
gene-Rplp1-dl2	chr18	28795393	28795848	-	456	291	82	152	339	61	28	232	91	156	298	92	10	28	108	186	247	89	232	80	192	58	140	338	25	226	183	92	92	68
gene-Rplp1-dl3	chr20	50743352	50743892	+	541	320	88	162	397	110	34	284	112	186	289	96	20	34	102	208	322	84	256	78	226	71	156	316	48	280	188	72	34	52
gene-Rplp1-dl4	chr21	7195286	7195594	-	309	0	0	0	0	0	0	0	2	0	0	0	0	0	0	0	0	0	0	0	0	0	0	0	0	0	0	0	0	0
gene-Rplp1-dl5	chr22	57838369	57838748	-	380	10	10	8	22	0	4	16	6	14	23	0	0	5	2	7	11	10	4	2	4	6	4	14	6	21	15	8	10	0
gene-Rplp1-dl6	chr25	41135930	41136328	+	399	264	64	126	282	64	12	228	66	130	240	98	22	26	104	138	200	62	98	80	180	49	112	218	46	150	236	62	56	32
gene-Rplp1-l1	chr15	28461356	28461676	+	321	0	0	0	0	0	0	0	0	0	0	0	0	0	3	0	0	0	0	2	0	0	0	0	0	0	0	0	0	0
gene-Rplp1-l2	chr2	33978584	33979070	-	487	4992	1360	3062	6254	1438	420	4736	1995	3258	4554	1636	446	404	1786	3054	4538	1514	3627	1420	3204	1378	2360	6009	722	4270	3255	1506	1346	1400
gene-Rps11	chr2	33405903	33407744	+	1842	2316	782	1754	2105	726	242	1673	949	1751	1875	654	233	114	880	1814	1630	760	1568	756	1637	522	736	2194	248	1726	1428	616	674	470
gene-Rps11-dl1	chr12	62477140	62477737	-	598	21374	5992	17418	22420	7230	2361	14428	7745	17094	19363	6858	2216	1198	7534	17498	17187	6891	12800	6150	17074	5570	7353	20410	1951	20104	13241	6340	5828	4427
gene-Rps11-dl2	chr16	57122713	57123183	-	471	0	2	0	0	0	0	0	4	0	0	0	0	0	2	0	0	0	0	0	0	0	0	0	0	0	0	0	1	0
gene-Rps11-dl3	chr3	5376721	5377441	-	721	0	96	0	6	0	0	6	190	0	2	4	0	0	103	4	2	2	0	119	6	1	2	4	0	8	4	0	85	0
gene-Rps11-l1	chr12	43767957	43769464	-	1508	0	77	0	6	0	0	0	65	0	8	0	0	0	74	0	0	0	12	64	0	0	0	2	0	0	4	0	64	0
gene-Rps11-l2	chr20	58625039	58625698	+	660	378	120	424	417	174	52	272	103	426	316	178	50	8	124	460	334	190	468	137	464	90	232	678	46	606	205	144	129	108
gene-Rps11-l3	chr5	72637959	72638435	+	477	0	0	0	0	0	0	0	2	0	0	0	0	0	4	0	0	0	0	0	0	0	0	0	0	0	0	0	0	0
gene-Rps11-l4	chr5	136440622	136441249	+	628	4	0	0	0	0	0	4	0	0	0	0	0	0	0	0	0	0	0	0	0	0	0	0	0	2	0	0	0	0
gene-Rps13	chr24	40773580	40788682	-	15103	985	395	643	605	358	84	746	557	463	577	276	92	68	490	468	562	309	709	426	424	133	317	625	75	480	443	232	356	110
gene-Rps13-dl1	chr11	61062592	61063289	-	698	401	132	292	404	166	24	352	131	291	328	162	44	20	140	314	274	168	223	123	338	132	248	340	44	328	262	128	76	70
gene-Rps13-dl2	chr11	85629385	85631888	+	2504	246	104	242	294	116	22	276	140	188	278	106	40	22	110	229	210	128	150	95	188	72	134	242	48	236	210	80	89	38
gene-Rps13-dl3	chr13	113121458	113122857	+	1400	142	42	46	98	20	12	80	34	66	122	64	6	8	30	70	74	42	63	34	114	14	80	120	18	116	85	22	15	28
gene-Rps13-dl4	chr24	17135696	17136151	-	456	32	4	24	65	14	2	25	10	24	40	20	6	4	2	26	36	20	24	12	26	8	24	22	8	8	20	6	10	2
gene-Rps13-dl5	chr25	17437665	17438294	-	630	555	191	458	557	214	72	448	199	446	492	224	46	24	188	464	498	230	368	131	462	161	336	524	44	458	344	180	134	110
gene-Rps13-dl6	chr6	65352141	65352681	-	541	282	56	192	222	64	28	180	74	183	206	128	26	16	92	210	212	92	166	62	171	56	138	250	36	252	162	78	64	48
gene-Rps13-l1	chr14	91835921	91836290	-	370	22	8	20	16	2	0	8	8	14	6	4	4	8	8	8	26	18	22	8	22	2	18	24	8	22	10	16	4	4
gene-Rps13-l2	chr25	39323255	39324408	+	1154	574	169	612	644	376	48	542	222	527	537	315	45	34	175	564	516	270	498	165	718	184	389	658	88	754	370	324	180	146
gene-Rps13-l3	chr3	59921190	59921668	+	479	0	0	0	0	0	0	0	0	0	0	0	0	0	0	0	0	0	0	0	0	0	0	0	0	0	0	0	0	0
gene-Rps13-l4	chr3	122487807	122488318	+	512	33	17	34	48	28	2	35	6	57	32	22	2	4	21	44	32	20	13	11	52	18	14	29	2	37	28	10	14	10
gene-Rps14	chr3	30437519	30443463	+	5945	4151	2502	2938	4813	1544	470	3350	2945	2474	4404	1319	418	294	3151	2800	3326	1433	2392	2609	3203	1184	1696	3405	436	3246	3022	1356	2474	710
gene-Rps14-dl1	chr12	84543941	84544396	-	456	279	142	192	336	102	30	238	170	176	258	62	28	16	193	215	240	98	168	150	192	90	114	188	38	252	180	58	132	52
gene-Rps14-dl2	chr12	92718868	92719387	-	520	43	11	10	3	0	5	34	2	16	1	2	2	4	8	1	4	6	30	6	0	2	0	33	4	4	2	4	13	4
gene-Rps14-dl3	chr13	85595684	85597450	+	1767	102	66	98	106	32	20	85	64	50	106	50	12	11	54	82	77	42	73	54	70	20	53	157	14	140	60	46	30	18
gene-Rps14-dl4	chr17	24085831	24088129	+	2299	145	188	62	193	32	15	146	324	97	139	42	20	27	242	52	137	41	199	257	77	46	69	190	20	148	122	43	234	52
gene-Rps14-dl5	chr17	72622681	72623136	-	456	105	58	108	142	32	14	118	48	90	109	36	8	14	68	96	70	38	72	56	72	38	50	88	10	76	78	80	66	32
gene-Rps14-dl6	chr19	54915811	54916602	+	792	467	230	322	522	138	52	431	220	290	479	122	53	24	239	366	439	160	202	204	458	114	136	405	54	466	308	114	247	66
gene-Rps14-dl7	chr20	38918230	38918852	-	623	12	10	6	2	4	0	6	9	12	10	0	0	0	0	16	7	2	4	7	9	5	4	8	0	16	4	2	6	8
gene-Rps14-dl8	chr22	15794529	15794984	-	456	148	76	140	284	62	12	158	94	195	244	52	16	8	132	172	208	82	94	121	171	63	96	202	32	192	184	46	98	34
gene-Rps14-dl9	chr23	21148080	21148535	+	456	333	152	364	376	166	46	242	240	316	361	166	44	18	202	328	324	126	284	168	384	110	196	416	42	338	184	106	182	94
gene-Rps14-l1	chr17	89347231	89347827	-	597	206	112	190	357	142	26	238	184	274	318	84	40	13	158	235	262	102	104	146	228	72	132	210	22	280	180	122	106	54
gene-Rps15	chr3	123076509	123079424	-	2916	15862	3496	10236	13511	7164	1626	12835	4322	9867	10970	6254	1512	1088	4047	10760	11036	6896	9590	3975	10822	3602	7795	15704	1832	10960	8470	6028	3118	3304
gene-Rps15-dl1	chrY	68574923	68576432	-	1510	46	155	27	54	55	28	92	5615	4871	4300	4877	760	1127	5100	3956	3375	3640	8845	4461	4174	967	4607	7703	1011	5388	2781	5020	4684	1691
gene-Rps15a	chr20	51631918	51637498	+	5581	9011	1905	7058	6233	3711	893	6319	2466	6418	5774	3613	768	514	2101	6562	4882	3913	8811	2063	6994	1623	4440	11978	888	7943	4000	3479	1642	2617
gene-Rps15a-dl1	chr12	59980047	59980445	+	399	0	2	0	0	0	0	2	0	0	0	0	0	0	0	0	0	0	0	0	0	0	4	0	0	0	0	4	0	0
gene-Rps15a-dl2	chr13	43140814	43141206	+	393	110	34	69	86	42	10	64	32	76	50	34	10	2	12	64	62	44	94	16	54	16	48	152	4	68	44	14	9	34
gene-Rps15a-dl3	chr15	90676091	90677470	+	1380	1504	272	898	1107	504	174	994	356	932	980	486	136	86	334	848	960	468	1128	332	848	306	574	1500	132	986	692	458	224	342
gene-Rps15a-dl4	chr20	58652292	58652639	-	348	0	0	0	0	0	0	0	0	0	0	0	0	0	0	0	0	0	0	0	0	0	0	0	0	0	0	0	0	0
gene-Rps15a-dl5	chr4	82449230	82449583	+	354	1	0	2	1	0	0	0	0	0	0	0	2	2	0	0	0	0	0	0	6	0	0	0	0	0	0	0	0	0
gene-Rps15a-dl6	chr8	14579159	14579512	-	354	754	190	470	631	301	82	582	170	556	564	279	72	54	193	484	429	277	576	133	572	161	306	747	97	605	339	233	150	162
gene-Rps15a-dl7	chr9	67898964	67899314	-	351	102	22	80	72	48	10	48	32	86	66	56	10	4	18	76	54	52	86	14	72	16	46	140	6	126	58	38	22	32
gene-Rps15a-l1	chr15	17918143	17918616	+	474	9928	1772	7548	7714	4248	1117	7334	2397	7922	6839	4162	876	636	2100	7560	6063	4220	8068	1866	7852	1920	5134	11812	1090	9120	4382	3963	1716	2606
gene-Rps16	chr2	22913597	22915996	-	2400	1464	297	751	1375	476	124	1054	472	858	1299	532	122	76	320	766	1062	620	1058	410	902	396	598	1498	134	957	894	460	272	290
gene-Rps16-dl1	chr16	32995771	32996264	+	494	82	30	54	80	32	8	78	26	55	54	18	12	4	35	44	52	26	68	17	46	12	48	98	6	62	70	28	8	12
gene-Rps16-dl2	chr18	33523161	33524167	+	1007	236	55	125	335	100	14	148	72	239	363	106	45	12	65	184	233	110	116	64	148	76	131	256	12	130	218	110	66	50
gene-Rps16-dl3	chr21	55181284	55181732	-	449	2046	320	1004	2222	686	190	1500	530	1170	1994	848	244	146	450	920	1730	654	1028	474	1250	616	744	2016	222	1246	1502	658	328	408
gene-Rps16-dl4	chr7	6012248	6012879	+	632	868	134	284	930	228	76	560	178	552	898	274	97	48	232	352	792	220	436	172	518	299	306	660	66	437	638	202	135	122
gene-Rps16-l1	chr10	51918858	51919365	+	508	473	100	218	458	134	62	358	120	278	446	160	70	21	126	245	352	138	246	121	319	124	190	458	38	274	334	110	66	82
gene-Rps16-l2	chr19	32070062	32070559	+	498	92	34	62	84	20	6	74	30	64	84	38	20	8	22	58	62	28	40	18	50	36	40	84	8	86	46	32	24	30
gene-Rps17	chr15	83510125	83513740	-	3616	1601	460	524	669	368	126	833	541	435	567	371	108	70	528	487	534	444	743	507	529	104	385	932	86	528	487	381	460	200
gene-Rps17-dl1	chr1	93408967	93409374	+	408	21	4	12	7	6	2	6	1	24	8	16	0	0	0	7	7	4	6	4	18	6	16	10	0	12	9	2	6	0
gene-Rps17-dl2	chr15	41505227	41505675	+	449	6	0	0	2	0	4	28	8	6	4	12	0	0	8	5	0	4	4	4	4	0	0	12	0	6	2	0	0	2
gene-Rps17-dl3	chr17	32489285	32489692	-	408	348	68	202	262	128	52	310	97	214	220	126	20	16	78	208	197	167	178	98	314	58	186	404	34	209	148	130	84	56
gene-Rps17-dl4	chr20	6884785	6885192	+	408	30	8	22	20	14	2	18	8	30	14	14	10	0	2	20	18	8	24	5	16	6	20	54	0	16	6	20	6	4
gene-Rps17-dl5	chr22	58724903	58725388	-	486	10	2	2	4	2	0	1	6	4	8	8	2	0	4	6	0	0	0	0	6	0	2	8	0	2	0	11	0	0
gene-Rps17-dl6	chr7	57404363	57404770	+	408	12	4	16	8	12	2	6	4	4	6	6	0	0	6	8	6	10	2	0	12	4	2	2	0	6	2	4	3	0
gene-Rps17-dl7	chr9	85798920	85799321	-	402	0	0	0	0	2	2	0	0	2	0	0	0	0	2	0	0	0	0	0	2	0	4	0	0	2	0	0	2	0
gene-Rps17-dl8	chr9	107585025	107585468	+	444	6	0	6	4	2	2	2	0	6	4	0	0	0	0	4	2	2	4	0	0	2	2	0	0	0	2	2	0	0
gene-Rps18	chr1	3529443	3534844	+	5402	2671	748	1106	2249	856	204	2002	984	1013	2021	810	226	148	797	1190	1921	788	1614	805	1026	544	760	1975	180	1086	1586	616	711	402
gene-Rps18-dl1	chr13	59460970	59461687	+	718	17	2	3	6	3	1	13	10	0	7	0	2	0	4	0	4	4	12	6	2	1	5	6	0	0	4	4	2	0
gene-Rps18-dl2	chr14	57693150	57693650	-	501	372	76	360	400	224	50	308	76	348	448	202	38	26	96	312	377	202	318	100	399	116	230	550	36	470	298	242	56	100
gene-Rps18-dl3	chr19	26878538	26879145	+	608	49	11	26	44	18	4	14	10	25	39	18	2	0	16	29	26	16	20	12	14	8	4	42	0	22	21	7	13	6
gene-Rps18-dl4	chr19	49897527	49897985	-	459	506	92	310	445	176	38	444	114	318	436	232	20	24	135	292	379	172	308	86	368	94	232	442	44	323	286	176	120	76
gene-Rps18-dl5	chr24	42234503	42234961	+	459	280	82	222	298	158	20	221	72	170	270	154	16	24	84	234	286	110	170	88	260	86	177	290	46	274	184	182	66	78
gene-Rps18-dl6	chr5	81031955	81034220	+	2266	1104	190	537	872	332	79	828	200	496	896	380	96	72	282	482	846	334	420	234	608	234	346	806	94	690	608	388	188	142
gene-Rps18-dl7	chr7	12624812	12625270	+	459	4942	960	2522	5362	1912	404	3184	1266	2856	4150	1810	496	200	1274	2474	3972	1810	1858	1128	2544	1256	1974	3816	340	2770	3000	1526	962	788
gene-Rps2	chr20	36496309	36498410	-	2102	551	106	311	330	158	28	380	181	258	316	104	40	44	106	393	210	109	200	149	375	47	78	277	30	353	259	56	60	39
gene-Rps2-dl1	chr23	5632747	5633695	+	949	554	58	396	584	146	42	321	157	394	463	169	47	15	121	449	437	184	260	405	2422	710	1178	1748	201	585	371	208	78	96
gene-Rps2-dl2	chr7	57054909	57055876	+	968	135	32	83	162	50	6	88	24	119	152	18	16	4	28	108	134	38	30	23	66	45	20	48	6	88	102	32	20	8
gene-Rps2-dl3	chrX	66275514	66276395	+	882	18	2	14	4	6	2	2	0	14	17	0	2	2	0	4	3	2	6	2	12	4	8	0	2	6	2	0	2	0
gene-Rps2-l1	chr3	140858805	140859754	+	950	152	30	176	218	50	12	154	36	160	162	96	14	14	40	200	143	88	74	22	126	54	72	96	12	240	120	52	28	50
gene-Rps20	chr26	50773330	50774325	-	996	18163	5304	11315	14901	5616	1330	14790	6041	11149	11369	5717	1402	1158	5526	9003	10415	5167	7137	4443	10478	3150	6559	12840	1714	11906	8130	5224	4217	2888
gene-Rps20-dl1	chr1	6145436	6145690	-	255	0	0	0	2	0	0	0	0	0	0	0	0	0	0	0	0	0	0	0	0	0	0	0	0	0	0	0	0	0
gene-Rps23	chr3	74690526	74692376	+	1851	3996	954	1692	3022	1528	344	3003	1284	1712	2941	1554	338	214	1128	1490	2790	1569	1972	998	1722	855	1657	3214	378	2145	2078	1398	895	752
gene-Rps23-dl1	chr1	2266625	2267056	+	432	318	86	130	244	102	40	248	96	132	262	154	34	22	85	138	239	132	194	88	162	68	172	272	22	188	190	84	64	50
gene-Rps23-dl2	chr13	10549984	10550415	+	432	192	52	112	157	80	22	150	68	72	136	58	30	10	46	74	166	50	94	52	72	38	64	226	22	114	66	78	52	34
gene-Rps23-dl3	chr18	39431258	39434137	+	2880	1408	398	612	1168	497	142	979	420	756	924	616	110	92	340	654	943	580	644	318	646	296	554	1260	132	604	714	518	280	316
gene-Rps23-dl4	chr2	20848889	20849469	-	581	794	187	280	637	220	96	554	244	278	612	252	92	32	205	274	510	252	332	159	253	132	276	470	84	351	392	240	196	142
gene-Rps23-dl5	chr22	49664853	49665324	-	472	6918	1574	2820	5703	2424	616	4896	2019	2728	4592	2768	648	382	1846	2582	4806	2644	3236	1566	3070	1404	2904	5680	602	3316	3608	2384	1338	1342
gene-Rps23-dl6	chr3	106270326	106270757	-	432	257	42	128	154	72	20	164	58	78	175	94	22	14	89	112	124	119	106	54	74	60	74	164	18	136	100	80	42	38
gene-Rps23-dl7	chrX	25955514	25958822	+	3309	0	5	2	6	0	4	8	28	4	0	0	0	0	11	2	4	0	10	18	0	0	0	14	4	10	11	0	24	2
gene-Rps25	chr4	76703853	76704326	+	474	2	2	0	0	2	0	2	0	2	2	0	0	0	0	2	0	0	0	0	0	0	0	0	0	0	0	0	0	0
gene-Rps25-dl1	chr1	2229430	2229807	-	378	0	0	0	0	0	0	0	0	0	0	0	0	0	0	0	0	0	0	0	0	0	0	0	0	0	0	0	0	0
gene-Rps25-dl10	chr25	41361751	41366808	-	5058	601	287	543	413	288	70	394	445	405	345	246	60	40	362	483	374	274	586	335	428	93	303	532	54	411	331	168	232	121
gene-Rps25-dl11	chr26	43466286	43466750	+	465	924	154	398	701	243	67	511	221	353	609	194	86	59	220	498	562	190	429	203	509	111	254	748	87	422	432	234	121	168
gene-Rps25-dl12	chr28	43061342	43061719	+	378	17	1	6	3	2	4	20	2	4	2	4	0	1	4	5	4	2	9	0	4	0	0	6	0	4	9	2	6	0
gene-Rps25-dl13	chr5	88150809	88151186	+	378	0	0	0	0	0	2	0	0	0	0	0	0	0	0	0	1	0	0	0	0	0	0	0	0	0	0	0	0	0
gene-Rps25-dl14	chrX	52093007	52093384	-	378	0	2	0	2	0	0	4	4	0	2	0	0	0	2	2	0	0	0	0	0	0	0	2	0	0	0	2	4	0
gene-Rps25-dl15	chrX	90068453	90068922	-	470	0	0	16	6	0	2	8	0	4	4	2	0	0	0	2	2	0	5	0	2	0	0	8	2	2	4	0	0	0
gene-Rps25-dl2	chr1	69018654	69019031	+	378	2	4	2	4	0	2	4	4	8	0	0	0	0	0	1	8	0	4	0	0	2	0	2	2	6	3	4	2	0
gene-Rps25-dl3	chr12	90841390	90841770	+	381	0	0	0	0	0	0	0	0	0	0	0	0	0	0	0	0	0	0	0	0	0	0	0	0	0	0	0	0	0
gene-Rps25-dl4	chr12	104912100	104912366	+	267	0	0	0	0	0	0	0	2	0	0	2	0	0	0	0	0	0	1	0	0	0	0	0	0	6	0	0	0	0
gene-Rps25-dl5	chr12	106688256	106688633	-	378	2	0	0	0	0	0	1	0	1	0	0	0	0	0	0	1	0	1	0	0	0	0	0	0	2	1	0	0	0
gene-Rps25-dl6	chr19	17365677	17366054	+	378	532	106	438	424	212	48	294	194	426	444	222	44	38	164	422	350	194	450	142	498	128	328	826	44	482	253	198	76	188
gene-Rps25-dl7	chr20	72262482	72263703	-	1222	18	5	8	10	6	2	20	8	6	14	0	0	4	12	6	14	0	36	8	3	8	0	8	0	2	6	6	8	6
gene-Rps25-dl8	chr21	10590635	10591536	+	902	14	4	22	19	14	0	15	4	16	6	12	0	2	12	34	13	9	16	14	38	2	12	8	4	24	10	6	8	2
gene-Rps25-dl9	chr22	58442282	58444850	-	2569	1245	306	776	1000	372	138	872	416	739	986	370	128	92	312	773	829	413	836	285	831	279	446	1154	112	852	629	384	263	234
gene-Rps27	chr22	58322393	58325590	-	3198	753	353	435	434	319	71	552	418	282	486	276	112	66	373	303	386	244	851	334	341	123	265	1136	43	480	420	239	280	256
gene-Rps27-dl1	chr10	22955180	22955434	+	255	50	12	16	32	16	2	30	6	26	24	8	6	4	10	22	34	24	60	12	14	6	20	68	6	29	22	12	2	18
gene-Rps27-dl2	chr19	41752072	41752326	-	255	30	4	0	14	1	4	8	7	2	17	1	2	6	11	7	7	12	2	4	6	3	2	6	7	12	7	9	4	0
gene-Rps27-dl3	chr19	44469372	44470727	-	1356	184	56	98	97	62	22	133	66	114	101	66	25	10	80	116	117	91	245	95	90	35	110	227	34	121	94	99	75	44
gene-Rps27-dl4	chr26	54612	54866	+	255	0	0	4	0	4	0	4	4	0	0	2	0	0	0	0	2	0	2	0	0	0	0	0	0	0	0	4	0	2
gene-Rps27-dl5	chr28	44612369	44612623	-	255	6	0	2	0	0	0	0	2	2	0	0	0	0	0	0	0	4	8	0	0	0	0	2	0	0	2	2	0	0
gene-Rps27-dl6	chr6	117226100	117226354	+	255	2	0	0	2	0	0	0	0	0	0	0	0	0	0	0	0	2	4	0	2	0	2	2	0	2	0	2	0	0
gene-Rps27-dl7	chr8	54824	55078	+	255	40	10	10	22	8	6	54	10	20	28	6	6	2	8	22	34	18	14	8	8	8	24	36	4	14	16	12	6	0
gene-Rps27-dl8	chr8	13560255	13561163	+	909	4	2	4	0	0	2	0	8	0	2	0	0	2	4	4	3	2	2	6	0	2	0	4	0	0	0	0	2	0
gene-Rps27-l1	chr1	92957779	92958045	+	267	231	50	165	200	136	30	172	70	176	130	128	38	19	60	151	152	135	245	66	156	60	144	373	25	209	137	122	71	82
gene-Rps27-l2	chr10	26673420	26675948	+	2529	73	14	16	4	12	2	63	8	11	12	0	2	12	24	6	5	0	74	10	0	2	6	30	12	18	12	14	6	0
gene-Rps27-l3	chr19	32538909	32539175	+	267	3	0	1	1	0	3	2	0	3	0	0	0	0	0	1	9	1	0	1	2	1	0	0	0	0	2	1	0	0
gene-Rps27-l4	chr3	120707298	120708544	-	1247	502	179	312	358	224	52	314	194	296	308	208	62	34	165	294	326	202	448	202	262	84	308	724	52	278	244	242	178	160
gene-Rps27-l5	chr8	80387554	80387808	+	255	28	0	0	0	0	0	0	0	0	0	0	0	0	0	0	0	0	0	2	0	0	0	0	0	0	0	0	0	0
gene-Rps27a	chr22	49966134	49968360	-	2227	982	413	858	817	336	108	669	592	802	702	314	70	64	528	737	683	344	714	446	718	195	300	1015	76	828	494	238	382	232
gene-Rps27a-dl1	chr16	7924614	7925278	+	665	0	0	0	0	0	0	0	0	0	0	0	0	0	0	0	0	0	0	0	0	0	0	0	0	0	0	0	0	0
gene-Rps27a-l1	chr9	12207875	12208339	-	465	0	0	0	0	0	0	0	0	0	0	0	0	0	0	0	0	0	0	0	0	0	0	0	0	0	0	0	0	0
gene-Rps27l	chr1	85254664	85339882	-	85219	1189	963	969	1310	466	106	1755	1126	767	1303	334	128	168	1090	679	1191	544	1772	992	646	304	466	1282	179	849	906	444	1005	299
gene-Rps27l-l1	chr5	4603639	4603894	+	256	0	0	0	0	0	0	0	0	0	1	0	0	0	0	0	0	0	0	0	0	0	0	0	0	0	2	0	0	0
gene-Rps29	chr8	14446242	14449361	+	3120	698	339	909	567	331	74	453	482	657	604	380	62	34	429	825	502	464	464	436	775	192	400	563	58	736	457	282	388	130
gene-Rps29-dl1	chr20	60784703	60784873	-	171	16	2	32	26	10	2	18	8	32	12	14	0	0	8	26	32	10	20	8	24	0	10	20	6	22	6	10	0	0
gene-Rps29-dl2	chr23	58900678	58900848	+	171	96	42	98	108	28	10	84	30	54	114	58	12	6	42	100	80	28	106	42	120	29	72	132	22	69	86	52	30	18
gene-Rps29-dl3	chr7	5878392	5878562	-	171	0	4	6	12	4	2	12	6	22	14	16	0	0	0	8	8	6	10	4	17	4	4	18	2	2	6	4	0	2
gene-Rps29-dl4	chr8	72248547	72248717	-	171	42	12	66	32	34	10	22	42	124	108	58	8	10	24	66	40	14	42	32	288	60	124	284	28	216	112	122	64	64
gene-Rps29-dl5	chr9	125949587	125949854	-	268	31	8	31	23	17	0	4	20	40	36	10	1	2	6	22	14	16	18	5	79	14	19	2	2	60	8	15	10	4
gene-Rps29-l1	chr8	19508975	19509253	-	279	1044	324	1300	1124	574	116	796	372	1154	1172	614	86	62	424	1275	1014	670	832	344	1292	262	710	1432	160	1450	828	500	302	316
gene-Rps3	chr24	14630813	14637894	+	7082	1675	286	684	911	421	99	883	448	550	834	360	107	88	453	631	803	406	990	400	706	216	452	1024	68	830	613	311	348	186
gene-Rps3-dl1	chr1	41704251	41706569	+	2319	66	4	40	28	8	2	26	8	24	27	10	0	0	28	34	26	18	26	18	42	22	38	26	6	52	29	10	22	12
gene-Rps3-dl2	chr27	19495420	19496151	-	732	1661	496	1250	1438	614	129	1111	600	1172	1342	536	122	80	496	1462	1185	550	1074	462	1456	340	662	1390	108	1623	947	489	504	312
gene-Rps3-dl3	chr28	30550956	30551687	+	732	262	139	228	378	126	50	272	128	258	262	111	30	16	68	138	148	80	120	58	138	34	68	173	22	123	122	70	52	22
gene-Rps3-dl4	chr6	34674563	34675294	+	732	138	1120	3026	3824	1464	362	2350	1318	3316	3364	1216	340	194	112	146	90	72	108	60	146	32	56	110	6	164	82	36	44	36
gene-Rps4	chr20	58659884	58660390	-	507	162	66	48	110	84	12	90	72	67	68	106	8	0	96	66	110	138	64	65	68	38	126	106	6	76	44	44	52	16
gene-Rps4-l1	chr7	48899248	48900234	-	987	12114	2484	5668	9000	2706	1130	7751	3174	5832	7626	2364	990	574	2928	5674	6788	2644	5982	2949	5710	2308	3164	8802	1024	6682	5118	2190	2380	1930
gene-Rps4-l2	chr8	99697319	99698182	+	864	253	83	126	138	146	34	142	56	79	126	166	24	10	68	100	126	194	124	70	114	52	173	218	12	112	96	146	88	28
gene-Rps6	chr9	126338372	126341698	-	3327	10379	3214	7250	9858	4357	1291	9268	3984	6643	8631	3957	1220	753	1866	2994	3160	1681	3765	1403	3198	1001	2068	4880	407	3653	2291	1455	1385	1153
gene-Rps6-dl1	chr22	55818125	55818973	-	849	5574	922	1966	2718	1210	320	2812	1032	1878	2377	1002	270	149	1902	3396	4096	1846	3621	1847	3598	1353	2170	5212	662	4076	3216	1684	1744	1280
gene-Rps6-dl2	chr27	9838191	9838977	+	787	813	172	360	462	260	42	392	148	292	370	196	28	22	278	552	608	274	652	238	536	146	372	846	74	676	424	234	214	160
gene-Rps6-dl3	chr4	86828347	86829186	+	840	5135	1165	2926	3342	1894	416	2950	1318	2798	2866	1536	412	238	1601	3225	3138	1950	3598	1392	3382	1054	2228	5434	438	4297	2225	1607	1170	1196
gene-Rps6-dl4	chr7	52399487	52400724	+	1238	4175	966	2382	2881	1473	398	2927	1154	2318	2781	1216	392	248	1086	2290	2119	1194	2284	1004	2440	702	1506	3124	308	3094	1654	972	878	710
gene-Rps7	chr17	30771993	30776436	-	4444	1424	369	874	965	481	130	970	513	711	908	572	110	86	468	920	800	468	1130	438	974	233	500	1505	120	842	614	368	396	258
gene-Rps7-dl1	chr1	138006815	138007442	-	628	6960	2024	4514	6334	2494	753	5184	2128	4720	5172	2058	752	428	2294	4788	5096	2480	4246	1926	4876	1586	2974	7792	610	4788	3868	2358	1692	1780
gene-Rps7-dl2	chr12	12063419	12067550	-	4132	419	70	190	289	94	38	319	108	190	269	96	32	43	98	170	264	126	216	98	192	80	72	404	36	214	204	82	96	110
gene-Rps7-dl3	chr14	76258396	76258980	-	585	192	70	152	142	104	22	118	60	130	126	80	18	6	62	178	84	132	196	60	144	38	84	232	14	182	94	66	64	56
gene-Rps7-dl4	chr17	36566072	36566714	-	643	52	22	48	57	20	8	56	16	36	74	36	18	0	12	60	40	16	42	10	62	20	4	52	2	48	52	28	4	16
gene-Rps7-dl5	chr23	25255025	25257343	+	2319	14	32	0	4	2	2	0	74	4	0	2	0	0	98	4	2	2	2	61	4	0	0	6	1	6	4	8	32	4
gene-Rps7-dl6	chr26	48915797	48916381	-	585	849	262	710	712	396	96	564	272	772	667	446	84	44	264	916	527	404	866	254	772	174	497	1484	54	917	411	386	209	258
gene-Rps7-dl7	chr4	106812888	106813472	-	585	3791	1036	2644	3724	1574	428	2608	1020	2820	2824	1390	408	222	1210	2490	2661	1268	1982	1051	2482	898	1760	4302	298	2420	2102	1280	798	1052
gene-Rps7-dl8	chr4	108405998	108406615	+	618	2546	660	1748	2008	960	282	1708	742	1660	1600	838	214	154	784	1650	1624	930	1746	648	1742	476	1000	2968	252	1842	1232	760	596	634
gene-Rps8	chr19	47625832	47628285	+	2454	1039	458	462	602	208	116	699	577	439	420	200	100	58	1331	2116	2154	1124	2427	424	473	108	240	768	79	2548	1692	1068	1074	598
gene-Rps8-dl1	chr5	108548357	108549113	+	757	42	14	24	40	16	4	20	35	31	31	18	0	2	16	16	22	4	10	22	36	6	10	30	2	28	26	6	2	2
gene-Rps9	chr2	40419528	40422589	+	3062	7883	3077	6333	8785	3318	807	7538	3211	4305	6178	2892	816	540	3816	5993	6778	3044	5668	3035	6186	2280	3688	9942	978	6906	5188	2662	2838	2174
gene-Rps9-l1	chr15	30863052	30863274	+	223	0	4	2	2	4	2	0	5	3	2	8	0	0	14	2	9	6	0	2	0	0	0	1	0	2	2	5	0	0
gene-Rpsa	chr16	7262446	7266128	-	3683	2024	950	1160	2872	843	316	2444	892	755	1332	537	154	108	974	1077	2314	840	1826	958	1300	710	1054	2801	252	1541	1699	856	893	641
gene-Rpsa-dl1	chr23	36456300	36457795	-	1496	396	136	173	338	111	44	312	158	174	328	102	26	16	144	160	314	110	176	134	180	136	145	284	30	210	182	94	94	70
gene-Rpsa-dl2	chrX	94363251	94365781	+	2531	201	36	28	111	16	20	80	110	110	183	30	22	14	30	31	88	34	48	62	48	20	39	74	8	62	77	24	48	8
gene-Rrm2	chr17	32692286	32801814	+	109529	380	111	280	675	165	128	539	461	316	804	81	91	55	161	230	521	123	1359	175	267	109	134	883	66	260	477	146	126	165
gene-Rrm2-l1	chr17	32682455	32683565	+	1111	1053	5	36	106	2	5	579	10	28	169	3	4	6	4	16	96	4	105	4	35	26	12	222	8	28	64	3	6	32
gene-Rrp15	chr8	120793130	120834473	+	41344	2258	2827	2267	1395	878	218	1816	3419	1680	1258	707	160	148	3029	1818	1091	820	1758	2609	1806	371	824	1769	198	2073	879	698	2531	376
gene-Rrp15-dl1	chr11	31081254	31082045	-	792	476	826	788	342	340	62	368	1121	642	392	212	54	26	960	752	262	286	496	874	614	102	286	739	48	734	272	282	840	128
gene-Rrs1	chr11	60086975	60089466	-	2492	446	298	149	234	180	44	222	385	116	190	134	24	14	338	174	278	298	289	355	120	80	288	456	8	148	156	178	304	76
gene-Rrs1-l1	chr17	28633177	28634141	-	965	12	2	2	8	2	4	6	20	12	8	10	2	2	18	8	2	10	14	8	14	0	12	14	2	8	4	14	2	0
gene-Rsbn1l	chr17	94117756	94193205	+	75450	2749	1534	1341	1470	668	333	2698	2061	1215	1499	544	323	343	1740	977	1319	628	3618	1686	1184	319	621	2894	276	1212	887	566	1471	638
gene-Rsbn1l-l1	chrX	63222717	63225638	+	2922	278	380	280	380	148	52	238	502	324	350	140	54	18	390	294	294	178	578	352	294	102	156	538	24	270	276	114	338	130
gene-Rsl24d1	chr8	836952	847515	+	10564	644	508	486	576	224	84	586	590	394	578	200	80	88	486	432	492	194	624	462	388	126	192	662	50	492	525	158	396	170
gene-Rsl24d1-dl1	chr2	43436632	43437568	-	937	1412	1146	1594	1656	966	194	1206	1148	1510	1712	834	156	80	1220	1728	1436	1034	1326	986	1772	450	876	1936	154	1820	1146	748	917	416
gene-Rtcb	chr2	155277344	155291816	-	14473	4235	5094	4296	5583	3625	517	3767	6528	3536	5319	3391	444	240	5340	4061	4830	3405	4404	5427	3864	1512	3309	4890	309	3928	3762	2879	4889	1083
gene-Rtcb-dl1	chr12	52194171	52195608	-	1438	983	1218	1043	1533	927	112	827	1556	717	1381	843	124	41	1308	997	1304	778	877	1248	876	428	835	1195	68	916	1049	756	1175	249
gene-Rtl8c	chrX	27607256	27608806	+	1551	193	2026	517	1385	24	44	621	2336	504	1000	27	59	25	2054	690	993	24	618	1749	748	336	27	660	44	634	836	7	1527	139
gene-Rtl8c-dl1	chrX	27624272	27625881	-	1610	82	760	193	502	12	15	263	906	178	399	6	42	14	790	270	313	8	226	595	251	110	14	322	13	241	243	2	555	66
gene-Rtraf	chr8	12191122	12211833	-	20712	2030	907	1611	1439	699	158	3163	1030	1319	1470	569	158	156	1079	1433	1105	745	1546	763	1313	341	752	1611	187	1596	910	670	876	393
gene-Rtraf-dl1	chr2	62359358	62360301	-	944	2065	1280	2820	2162	1766	194	1406	1596	2450	2222	1646	186	106	1386	2780	1694	1682	1580	1232	2522	540	1888	2298	242	2872	1296	1434	1350	552
gene-Ruvbl1	chr9	80725266	80762040	+	36775	673	407	365	633	181	74	798	583	229	718	128	54	66	501	275	606	136	835	436	232	144	122	608	42	290	494	107	350	144
gene-Ruvbl1-dl1	chr6	9779166	9782064	-	2899	556	599	512	994	254	96	482	824	394	1030	220	94	38	706	324	834	278	580	684	324	206	262	794	48	468	656	145	522	220
gene-Ruvbl1-dl2	chrX	160834238	160835743	-	1506	122	134	74	238	56	18	124	148	100	190	46	16	2	132	84	186	40	146	136	96	46	54	160	18	92	156	46	136	56
gene-Ruvbl2	chr2	33034961	33051442	+	16482	466	584	352	342	140	106	550	334	162	260	56	46	26	428	164	294	94	486	329	146	52	56	434	40	210	232	66	365	92
gene-Ruvbl2-l1	chr6	30920130	30921610	-	1481	388	300	272	352	178	32	260	374	226	244	142	48	18	362	192	254	126	408	280	234	86	140	508	24	260	212	122	300	100
gene-S100a10	chr22	53294419	53307385	-	12967	2280	366	654	2565	2424	226	3296	372	484	2313	1799	206	204	434	626	2214	2500	2188	350	594	631	2549	1928	260	694	2116	1919	422	458
gene-S100a10-dl1	chr16	98539241	98539766	-	526	258	44	70	314	108	22	306	66	140	276	56	30	22	60	156	249	80	344	62	98	100	40	331	34	150	166	30	92	64
gene-S100a10-dl2	chr19	31400731	31401033	+	303	0	0	0	0	0	0	0	0	0	0	0	0	0	0	0	0	0	0	0	0	0	0	0	0	0	0	0	0	0
gene-S100a10-l1	chr3	42240670	42241306	+	637	0	0	0	0	0	0	0	0	0	0	0	0	0	0	0	0	0	0	0	0	0	0	0	0	0	0	0	0	0
gene-S100a11	chr22	53365755	53370243	-	4489	482	2	226	224	70	90	604	32	234	214	82	122	64	28	176	114	76	746	29	202	70	82	922	60	184	152	50	14	226
gene-S100a11-dl1	chr11	86665814	86666253	-	440	754	30	340	420	120	244	834	34	442	377	174	220	48	22	404	300	212	1512	30	318	160	252	2354	74	510	306	294	12	446
gene-S100a11-dl2	chr2	58040392	58040691	-	300	0	8	0	0	0	0	0	4	0	0	0	0	0	0	0	0	0	0	0	0	0	0	0	0	0	0	0	1	0
gene-S100a11-dl3	chr22	8214571	8214870	+	300	44	8	14	10	8	8	48	4	10	4	2	2	4	8	29	2	12	54	2	12	8	8	84	2	20	2	4	6	20
gene-S100a11-dl4	chr22	27895088	27895489	-	402	278	4	82	84	32	70	289	14	84	108	28	68	14	4	80	82	30	308	14	118	44	50	486	28	102	66	84	4	106
gene-S100a15a	chr22	55018811	55019896	+	1086	287	0	0	0	0	0	80	0	0	0	0	0	0	0	0	0	0	0	0	0	0	0	0	0	0	0	0	0	0
gene-S100a15a-l1	chr22	54846331	54847415	-	1085	336	0	0	0	0	0	52	0	0	0	0	0	0	0	0	0	0	0	0	0	0	0	0	0	0	0	0	0	0
gene-S100a8	chr22	54838940	54840003	-	1064	186	52	64	66	58	386	184	72	94	114	164	624	0	94	352	156	176	6126	118	214	38	164	4722	8	130	108	168	62	1812
gene-S100a8-l1	chr22	55041500	55041939	+	440	179	0	0	0	0	0	38	0	0	0	0	0	20	0	0	0	0	0	0	0	0	0	0	10	0	0	0	0	0
gene-Saa3	chr24	42113329	42118249	-	4921	566	4	8	0	898	80	923	12	0	2	2678	93	33	4	0	4	1021	642	2	0	0	3412	1285	16	0	2	38571	4	131
gene-Saa3-dl1	chr24	42130709	42133812	-	3104	7	0	4	0	188	0	4	0	0	0	284	0	0	2	0	0	184	2	0	0	0	317	8	0	0	0	1604	0	2
gene-Saa3-l1	chr24	42163469	42168040	-	4572	19	0	12	0	640	2	20	0	0	0	742	1	1	0	0	0	539	17	0	0	0	2122	32	0	0	2	17272	0	3
gene-Sap18	chr5	115755683	115761772	+	6090	238	428	243	304	184	36	240	553	180	276	252	50	18	408	223	204	191	317	399	123	75	118	181	18	169	218	121	408	43
gene-Sap18-dl1	chr17	63788697	63789215	-	519	4	4	8	18	4	0	6	8	2	6	6	2	0	12	4	0	8	10	8	8	0	6	2	0	20	10	20	4	0
gene-Sap18-dl2	chr2	11670315	11670929	+	615	30	34	42	27	32	6	18	14	24	28	38	4	0	20	54	6	31	58	22	26	6	40	41	2	41	12	33	24	15
gene-Sap18-dl3	chr2	74135118	74135665	+	548	48	70	201	172	123	33	87	121	171	158	165	23	6	94	127	120	147	155	84	234	22	152	203	8	163	82	161	78	45
gene-Sap18-dl4	chr3	123954720	123955435	-	716	20	37	47	38	48	0	21	18	20	48	50	1	2	30	54	33	42	56	27	51	4	58	48	4	90	20	54	22	18
gene-Sap18-dl5	chrX	108948156	108948617	+	462	102	96	162	155	152	4	108	128	144	138	220	22	14	100	170	96	170	116	116	206	38	228	146	14	190	112	110	90	32
gene-Sar1a	chr1	24558952	24584521	+	25570	1617	1986	2195	2230	2403	366	2968	1892	1554	1705	2082	304	156	1887	1875	1631	2036	2702	2208	1907	628	2686	3430	278	2200	1441	2215	1629	666
gene-Sar1a-l1	chr3	54907994	54910166	+	2173	1090	892	1644	1616	2070	242	1378	1332	1514	1324	2178	216	78	1128	1492	1194	2246	1660	1122	1384	414	2198	2128	160	1659	1012	1916	942	624
gene-Sbds	chr6	41318011	41325161	+	7151	1148	1277	1956	1996	1616	305	1143	1334	1589	1901	1280	228	138	1368	1742	1457	1412	2399	1455	1870	528	1922	3223	181	2168	1470	1434	1281	652
gene-Sbds-dl1	chr5	11035133	11035885	-	753	165	178	374	400	284	46	153	231	316	453	319	70	21	292	414	376	349	506	160	312	78	251	415	32	306	194	216	148	132
gene-Sbds-dl2	chr8	67590788	67593553	-	2766	70	38	86	80	47	8	61	64	92	58	50	12	4	59	98	40	54	92	76	64	14	66	128	6	126	20	44	65	18
gene-Sbds-dl3	chr8	92177489	92178241	+	753	100	82	140	210	156	28	106	112	112	178	114	34	10	124	150	102	104	136	114	170	50	192	224	25	166	168	108	128	35
gene-Scaf11	chr16	10832320	10886434	+	54115	6501	4776	5772	6103	4774	1214	7152	6023	4884	6245	3591	1160	742	5276	5837	5522	4542	13735	4803	4789	1698	4061	12921	790	5725	4597	3803	4675	2820
gene-Scaf11-l1	chr6	95037228	95038217	-	990	258	232	320	350	222	50	218	317	294	338	136	48	22	294	300	275	224	544	296	248	86	178	724	20	328	190	172	218	170
gene-Sco1	chr7	41792689	41801427	-	8739	286	140	225	209	102	36	298	245	188	178	77	41	24	156	160	135	81	341	136	183	36	95	274	30	203	132	74	166	74
gene-Sco1-dl1	chr6	113380058	113382425	-	2368	208	246	306	603	264	26	138	313	210	470	296	28	18	367	348	540	320	356	232	258	120	274	409	24	290	388	196	290	102
gene-Sdcbp	chr26	52937755	52982452	+	44698	2239	939	1926	3121	2179	597	4068	1119	1425	3390	1361	457	451	1089	1428	2570	1791	6718	902	1195	748	2024	5948	453	2002	2641	1585	888	1366
gene-Sdcbp-l1	chrX	76637753	76639801	+	2049	96	90	182	510	244	43	138	96	158	514	204	36	10	114	208	402	218	314	111	167	120	320	490	12	174	371	194	98	102
gene-Sdhd	chr25	34107391	34117360	+	9970	1887	2149	13137	13933	6325	440	2370	2589	11402	12282	8164	366	210	2591	12608	10143	7622	2870	2046	12796	3217	7380	3602	450	11570	8661	5556	2093	748
gene-Sdhd-dl1	chr14	7587658	7588137	-	480	136	170	1134	1240	566	40	228	236	960	980	646	10	20	153	851	606	424	162	112	874	256	492	256	24	690	536	366	128	54
gene-Sdhd-dl2	chrX	135384244	135386142	-	1899	20	40	218	218	126	8	86	30	200	200	132	4	4	24	148	115	80	22	35	178	18	64	28	0	178	75	108	22	8
gene-Sdhd-l1	chr9	84089728	84091009	-	1282	231	382	2414	2638	1200	78	489	574	2061	2404	1336	81	34	300	1710	1150	850	463	228	1638	396	879	649	52	1450	1028	748	316	132
gene-Sdr9c7	chr16	41491210	41500508	+	9299	452	6	2	14	27	0	226	0	2	14	8	0	36	0	0	10	1	8	0	0	4	0	0	44	3	4	12	6	0
gene-Sdr9c7-l1	chr16	41530452	41538729	+	8278	619	2	2	16	3	0	256	0	0	9	3	0	47	0	0	2	0	0	0	0	0	0	10	23	5	8	0	0	0
gene-Sec13	chr6	65859267	65880167	-	20901	2073	1090	1696	1800	3141	248	2411	1400	1442	1584	3892	274	156	1315	1405	1520	3164	2205	1204	1480	489	3103	2699	220	1715	1265	2879	1131	618
gene-Sec13-dl1	chrX	162843327	162844295	+	969	1303	436	1021	1361	2637	168	1162	719	960	1214	3154	150	75	682	757	1010	2304	1128	598	779	359	2393	1549	116	939	762	2196	589	305
gene-Sec22b	chr21	2399768	2423197	+	23430	4072	5661	3804	6197	4282	652	4656	7216	3613	5226	3911	506	296	6420	3972	5093	4338	6046	5713	3535	1615	4188	6274	394	4398	3796	3590	6040	1353
gene-Sec22b-dl1	chr4	89724181	89724813	-	633	176	244	145	361	269	32	194	295	118	266	216	32	6	256	205	238	230	295	228	156	76	146	260	6	200	154	155	248	76
gene-Sec61b	chr14	73326162	73336553	+	10392	2481	1444	1260	3282	2048	390	2225	2073	1188	2735	1775	294	122	1831	1203	2430	1926	2738	1612	1194	800	2060	3232	168	1352	1924	1882	1748	780
gene-Sec61b-dl1	chr18	16408471	16408791	-	321	0	0	0	0	0	0	0	0	0	0	0	0	0	0	0	0	0	0	0	0	0	0	0	0	0	0	0	0	0
gene-Sectm1	chr18	27902449	27930244	+	27796	243	2	20	20	12	38	307	4	12	41	4	24	12	6	16	19	7	436	2	20	18	10	516	14	24	16	15	2	170
gene-Sectm1-l1	chr18	27934258	27940836	-	6579	76	2	0	0	0	0	213	0	2	0	0	2	38	0	0	0	2	14	6	0	0	0	22	15	2	0	0	0	12
gene-Selenok	chr19	87416148	87423811	+	7664	840	1098	1772	1428	1060	218	1058	1617	1740	1322	1390	250	74	1460	1824	992	1253	1940	1264	1732	394	996	2546	150	2064	882	1544	1254	622
gene-Selenok-dl1	chr8	95625586	95627347	+	1762	180	194	316	342	286	48	224	270	314	240	300	44	6	236	316	214	226	254	214	292	74	248	544	22	336	174	310	274	114
gene-Selenoo	chr4	46628852	46642326	+	13475	2243	2157	1562	3478	3360	367	2183	2536	1118	3424	3368	356	204	2174	1080	3080	2825	2627	2251	1119	883	3026	3226	180	1192	2396	2699	2103	717
gene-Selenoo-l1	chr9	62399667	62451892	+	52226	448	909	626	558	518	66	777	1171	450	647	548	80	62	986	463	611	733	778	942	478	186	848	979	72	693	461	456	956	150
gene-Selenot	chr16	53904107	53909514	+	5408	232	449	351	436	234	61	262	514	252	486	231	29	26	451	261	422	277	418	407	299	120	287	499	44	275	305	247	359	115
gene-Selenot-dl1	chr5	34368086	34369212	+	1127	91	196	179	228	102	20	76	253	118	292	102	18	6	214	142	176	88	174	260	123	55	97	238	9	144	152	80	170	54
gene-Sem1	chr5	96756371	96773786	+	17416	2020	1380	4695	1946	1635	232	1645	1729	4081	2085	1625	226	173	1246	4145	1524	1573	1590	1149	4422	554	1755	2220	256	3874	1203	1295	1051	478
gene-Sem1-dl1	chr1	40122716	40124953	+	2238	82	78	156	116	74	4	71	114	142	80	96	14	6	74	90	54	66	111	79	180	20	87	80	5	170	62	52	72	22
gene-Sem1-dl2	chr20	6273553	6273933	+	381	20	5	0	4	8	0	0	6	0	10	4	2	0	4	0	2	4	9	2	2	0	8	6	0	0	4	4	2	4
gene-Sem1-l1	chr17	91329088	91329404	+	317	2375	1240	6501	2666	1902	214	1460	1636	5456	2393	1950	186	98	1372	6004	1910	2052	1716	1275	6312	684	2132	2535	270	5781	1528	1498	1089	548
gene-Sephs1	chr9	85667770	85707752	+	39983	2239	1706	1858	3927	1856	400	2718	2178	1530	3666	1508	320	198	1926	1404	3440	1618	3397	1964	1484	926	1591	3296	218	1560	3082	1324	1688	725
gene-Sephs1-l1	chr13	25979070	25981968	-	2899	214	182	254	538	221	40	232	228	174	486	254	28	8	194	158	446	272	392	202	192	138	270	426	18	236	360	236	198	78
gene-Serpina2	chr27	40187635	40195904	+	8270	0	0	0	0	0	0	0	0	0	0	0	0	0	0	0	0	0	0	0	0	0	0	0	0	0	0	0	0	0
gene-Serpina2-l1	chr27	40320162	40326313	+	6152	0	0	0	0	0	0	0	0	0	2	0	0	0	0	0	0	2	0	0	0	0	0	0	0	0	0	0	0	0
gene-Serpina2-l2	chr27	44323685	44330084	+	6400	6	0	0	0	0	0	0	0	0	0	0	0	0	0	0	0	0	6	0	0	0	0	0	0	0	0	0	4	0
gene-Serpinb3	chr10	57723612	57731345	-	7734	56	0	0	0	0	0	328	0	0	0	0	0	6	0	0	0	0	2	0	0	0	0	0	6	0	0	0	0	0
gene-Serpinb3-l1	chr10	57632206	57639360	-	7155	18	0	0	0	0	0	42	0	0	0	0	0	2	0	0	0	0	0	0	0	0	0	0	0	0	0	0	0	0
gene-Serpinb9	chr13	114921624	114934627	+	13004	112	13	394	5890	206	204	417	23	100	4085	50	80	18	29	105	2885	38	523	26	199	1208	156	1392	43	176	3763	62	44	221
gene-Serpinb9-l1	chr13	114975820	114992033	-	16214	1	0	1	0	0	3	0	2	1	0	1	1	1	2	2	2	1	7	0	3	1	1	16	3	5	0	0	2	0
gene-Serpinb9-l2	chr13	115089555	115457643	-	368089	680	1006	1668	968	3105	796	1388	1246	1340	668	2082	614	154	912	1427	673	1889	5845	977	1404	237	2051	6421	189	1514	533	2064	854	1458
gene-Serpinb9-l3	chr13	115245656	115253740	-	8085	0	0	0	0	0	0	0	0	0	0	0	0	0	0	0	0	0	0	0	0	0	0	0	0	0	0	0	0	0
gene-Serpinb9-l4	chr13	115378802	115392038	+	13237	0	0	0	0	0	0	0	0	0	0	0	0	0	0	0	0	0	0	0	0	0	0	0	0	0	0	0	0	0
gene-Serpinb9-l5	chr13	115446974	115457632	-	10659	0	0	0	0	0	0	0	0	0	0	0	0	0	0	0	0	0	0	0	0	0	0	0	0	0	0	0	0	0
gene-Sertm1	chr5	132296278	132315018	+	18741	74	2237	6	40	4	0	64	4116	14	120	0	4	0	3942	10	82	0	14	2888	12	58	10	32	0	12	90	0	3464	5
gene-Sertm1-l1	chr15	30966044	30966367	-	324	0	4	0	0	0	0	0	6	0	0	0	0	0	2	0	0	0	0	11	0	4	0	0	0	0	0	0	14	0
gene-Sf3a2	chr3	122422982	122430004	-	7023	819	468	353	575	304	88	748	440	304	512	268	68	76	526	284	508	250	830	474	340	142	240	782	88	356	428	272	376	130
gene-Sf3a2-dl1	chr21	82130933	82132282	-	1350	4	7	4	8	3	0	10	6	4	6	6	4	1	5	6	5	4	10	2	5	0	2	8	0	9	4	3	3	4
gene-Sf3b4	chr22	50787132	50792533	-	5402	241	149	71	113	86	20	223	210	61	111	72	21	14	177	97	119	59	214	155	73	48	96	166	20	83	105	73	185	52
gene-Sf3b4-dl1	chr17	74866986	74868511	+	1526	50	56	36	38	40	0	48	36	24	46	36	10	4	48	18	42	26	82	30	28	16	34	78	2	64	48	22	28	14
gene-Sf3b4-dl2	chr19	31712551	31714068	-	1518	38	16	16	40	4	0	24	18	8	26	8	6	0	32	16	10	10	18	32	12	4	14	30	0	8	24	16	8	10
gene-Sf3b4-dl3	chr5	86191088	86192586	+	1499	58	42	30	30	26	8	62	32	34	40	24	4	4	48	20	48	36	58	30	50	4	24	60	4	26	18	28	18	28
gene-Sf3b4-l1	chr8	57121856	57123390	-	1535	6	6	2	5	0	4	4	13	8	4	1	2	0	8	2	4	8	18	6	10	0	6	10	2	10	2	4	6	7
gene-Sfn	chr19	18987593	18991513	+	3921	18121	20	20	100	12	34	3260	40	24	114	18	24	388	36	20	81	2	254	25	14	22	4	342	312	26	86	8	28	86
gene-Sfn-dl1	chr9	66558179	66558925	+	747	306	2	0	0	0	0	42	1	0	6	0	6	9	2	0	0	0	18	0	3	0	3	14	8	2	0	0	2	2
gene-Sftpd	chr6	11372537	11386618	-	14082	2	0	3	0	4	11880	4	2	2	0	18	10619	0	0	4	0	36	107717	0	18	0	28	161936	0	2	0	14	2	32991
gene-Sftpd-l1	chr6	11457811	11479293	-	21483	6	6	0	1	4	1195	5	4	1	0	0	1077	0	7	0	0	9	13887	4	0	0	21	19708	0	0	0	9	8	3990
gene-Sh3bgrl	chrX	98151492	98242745	-	91254	1078	431	507	365	79	133	2485	823	535	526	142	120	236	596	392	438	118	1534	440	411	95	171	1374	172	534	312	108	438	271
gene-Sh3bgrl-dl1	chr16	7594290	7598178	-	3889	145	38	58	160	37	24	152	78	72	122	24	10	20	50	51	78	38	206	36	68	24	48	180	14	66	64	18	42	44
gene-Sh3bgrl-dl2	chr2	36617534	36619192	-	1659	42	30	44	138	30	14	90	50	58	100	22	30	4	32	56	86	34	150	32	34	54	60	244	6	100	80	20	30	44
gene-Sh3bgrl-dl3	chr4	15213731	15214075	-	345	6	6	0	18	0	2	18	8	2	34	10	8	4	12	8	12	0	18	2	4	14	10	24	0	8	8	2	2	2
gene-Sh3bgrl-dl4	chr8	127141377	127143448	-	2072	26	24	30	108	12	18	48	60	32	88	22	8	2	36	34	88	14	138	20	34	22	32	134	2	76	58	28	12	22
gene-Shcbp1	chr16	51326678	51407273	-	80596	716	87	146	181	90	25	513	96	128	143	60	19	23	70	140	118	76	172	52	141	46	96	289	26	155	118	70	75	60
gene-Shcbp1-dl1	chr4	99622933	99624951	-	2019	190	0	14	8	6	2	176	4	0	2	6	4	2	2	4	2	2	52	4	6	4	12	34	2	6	0	4	8	16
gene-Shmt2	chr16	41129840	41135140	-	5301	2305	744	1342	17333	13120	197	2042	813	1019	15508	14076	202	96	880	1002	13599	12662	1128	754	1126	4157	9019	1976	118	1220	10939	10505	684	400
gene-Shmt2-l1	chr26	243158	245568	-	2411	1134	318	676	9021	6214	98	1020	290	485	8075	6407	110	68	414	589	7228	6049	634	320	534	2110	4476	866	65	702	5570	5290	354	142
gene-Siglec10	chr2	36244508	36253801	-	9294	20	196	14	38	32	16	70	336	32	4	30	12	6	210	18	23	44	173	146	36	6	60	152	4	58	12	53	150	22
gene-Siglec10-l1	chr2	33812798	33842109	-	29312	64	105	14	61	470	4	90	76	15	38	434	9	16	186	30	57	641	86	71	5	6	685	70	4	25	42	418	108	18
gene-Siglec5	chr2	36339318	36355019	-	15702	504	194	387	237	182	45	748	268	514	209	211	74	72	204	410	186	175	496	180	434	60	218	627	84	475	136	104	138	128
gene-Siglec5-l1	chr2	36110202	36114801	+	4600	20	32	4	2	48	160	58	62	10	10	29	174	14	62	8	2	41	953	51	12	0	22	2010	2	12	3	22	29	428
gene-Sirpa	chr3	149915428	149955018	-	39591	5979	15048	6223	2194	920	378	5291	17312	4372	1564	726	372	610	15623	5712	1736	892	4416	14521	5338	402	586	4328	584	5231	1339	762	14930	1064
gene-Sirpa-l1	chr20	55186897	55247731	+	60835	102	10	54	42	20	54	282	44	55	38	12	44	30	45	34	6	4	547	21	38	4	10	635	31	51	12	9	11	119
gene-Siva1	chr27	52696818	52703562	+	6745	980	925	1023	1168	771	140	809	1130	821	876	622	106	62	1111	1056	1007	692	980	918	881	242	588	1096	68	878	863	544	816	245
gene-Siva1-dl1	chr2	100454708	100455235	+	528	52	38	54	60	50	2	26	44	30	46	46	6	4	52	54	48	62	56	42	60	34	44	54	2	32	54	32	44	18
gene-Siva1-dl2	chr2	103939112	103939639	-	528	38	48	94	68	82	6	44	60	58	42	32	10	6	42	80	84	50	52	42	80	8	54	64	0	58	48	50	48	22
gene-Ska2	chr7	16285352	16317063	-	31712	936	135	333	141	116	58	828	144	301	213	77	81	72	125	278	183	82	828	174	315	57	108	790	52	304	190	74	107	143
gene-Ska2-dl1	chr10	110176534	110180300	-	3767	61	232	116	229	80	9	134	169	97	211	94	13	9	191	68	208	114	123	140	80	63	102	109	14	81	161	82	176	26
gene-Ska2-dl10	chr5	64334146	64334511	-	366	0	0	0	0	0	0	0	0	0	0	4	0	0	0	2	0	0	0	0	0	2	0	2	0	0	0	0	0	0
gene-Ska2-dl11	chr5	82897216	82897581	-	366	4	2	4	0	0	0	4	4	4	4	0	0	0	2	4	2	0	0	4	2	0	2	4	0	4	0	0	0	0
gene-Ska2-dl12	chrX	71689151	71689932	-	782	4	2	0	0	0	0	2	4	0	0	0	0	0	0	2	2	0	0	0	2	0	2	0	0	4	0	0	0	0
gene-Ska2-dl13	chrX	147900597	147901022	+	426	0	0	0	0	0	0	0	0	0	0	0	0	0	0	0	0	0	0	0	0	0	0	0	0	2	0	0	0	0
gene-Ska2-dl2	chr13	70180755	70181606	-	852	37	65	53	68	50	12	75	148	51	108	34	10	8	98	56	68	18	156	134	83	15	36	192	13	73	60	26	103	32
gene-Ska2-dl3	chr13	85076513	85076878	+	366	0	0	2	0	0	0	0	0	0	0	0	0	0	0	5	2	0	0	0	6	0	0	0	0	2	1	0	0	0
gene-Ska2-dl4	chr13	110636660	110637085	-	426	15	4	4	0	0	0	10	0	2	2	0	6	6	0	10	0	0	6	0	0	0	6	8	0	4	0	6	0	0
gene-Ska2-dl5	chr14	44011963	44013971	+	2009	0	0	0	0	0	0	0	0	0	0	0	0	0	0	0	0	0	0	0	0	0	0	0	0	0	0	0	0	0
gene-Ska2-dl6	chr2	52663140	52663505	-	366	0	0	0	0	0	0	4	0	10	0	0	0	0	2	4	4	0	0	0	10	0	2	8	0	4	0	0	2	4
gene-Ska2-dl7	chr22	76477135	76477500	-	366	2	4	2	0	0	0	2	2	0	1	1	0	0	0	0	2	0	6	4	2	4	2	6	0	0	0	0	0	0
gene-Ska2-dl8	chr24	34646017	34646382	-	366	0	0	0	0	0	0	2	0	4	0	2	0	0	0	0	0	0	0	0	0	0	2	0	0	0	0	0	0	0
gene-Ska2-dl9	chr4	74335708	74336133	-	426	0	0	0	0	0	0	0	0	0	0	0	0	0	0	0	2	0	0	2	0	2	0	0	0	2	0	0	0	0
gene-Skp1	chr11	113505583	113527314	+	21732	1067	1096	1132	1715	924	124	1012	1617	944	1561	703	125	142	1434	857	1051	784	1280	1262	918	309	659	1346	92	1093	999	634	1239	252
gene-Skp1-l1	chr13	70063470	70064757	-	1288	51	150	144	175	104	2	39	180	90	160	120	14	2	162	166	79	106	70	147	128	52	112	152	6	178	155	60	172	16
gene-Skp1-l2	chr18	21291289	21310615	+	19327	753	415	633	334	192	88	1005	747	374	336	107	66	115	566	387	263	139	1285	579	304	54	142	513	130	478	249	131	388	140
gene-Skp1-l3	chr4	29063750	29064256	-	507	0	0	0	0	0	0	0	0	0	4	0	0	0	0	0	2	0	0	0	0	0	0	0	0	0	2	1	0	0
gene-Skp1-l4	chr7	102793865	102795270	-	1406	94	242	118	323	84	16	56	270	92	309	100	18	8	322	112	194	74	140	248	109	62	156	138	8	112	156	66	273	36
gene-Slamf8	chr2	66944079	66954405	-	10327	90	12	36	12	14	8	174	12	56	8	2	10	14	10	48	6	4	84	6	32	0	4	82	18	52	2	12	12	16
gene-Slamf8-dl1	chr22	54908357	54922736	+	14380	126	0	251	43	112	84	646	4	312	56	78	92	30	2	304	46	64	1031	4	281	6	54	1482	28	344	24	64	6	324
gene-Slamf8-l1	chr22	55239677	55242063	-	2387	2468	185	2811	1068	1244	1087	4885	226	2676	776	1035	894	554	180	2857	876	1155	9034	184	2609	250	1163	11111	642	4045	645	897	183	3019
gene-Slc22a13	chr13	64008580	64021727	+	13148	12	0	130	6112	0	0	2	0	0	7865	0	0	0	0	0	4258	0	0	0	0	1401	0	1	0	0	6223	0	12	0
gene-Slc22a13-l1	chr6	98351490	98356578	+	5089	1	2	60	133	6378	0	0	0	0	90	5941	0	0	0	4	32	5247	0	4	0	41	3346	0	2	0	100	3992	0	0
gene-Slc22a13-l2	chr6	98433269	98437356	+	4088	206	0	2	1	43	0	175	2	39	0	26	0	85	0	0	0	31	0	0	0	0	16	0	28	134	3	22	0	0
gene-Slc22a13-l3	chr6	98556209	98558672	-	2464	12	7	4	2	0	4	10	13	0	4	7	0	2	6	2	4	0	10	8	5	0	0	16	0	7	2	0	14	2
gene-Slc23a2	chr3	146781207	146911066	+	129860	3828	7051	1775	3266	4034	656	4761	9407	1479	1846	2486	538	382	8192	1442	1564	2983	10372	6852	1412	531	4377	6565	365	1672	1309	3771	6789	1639
gene-Slc23a2-l1	chr22	60628054	60680569	-	52516	1451	7	1178	1070	3825	493	2152	16	1228	1095	3345	394	456	45	918	770	3317	6073	41	977	333	3146	4452	359	1859	826	3036	26	1130
gene-Slc25a24	chr21	15437929	15510496	+	72568	274	309	482	598	324	96	442	304	353	558	346	130	38	358	290	474	312	956	309	381	117	392	1528	44	431	430	299	283	296
gene-Slc25a24-dl1	chr22	81477569	81478915	-	1347	128	82	138	270	35	26	166	120	115	271	36	46	18	92	104	168	40	394	82	114	64	51	474	18	116	152	12	88	112
gene-Slc25a24-l1	chr21	15540626	15576032	+	35407	1779	682	1327	2137	171	538	2505	643	1298	2149	172	450	272	803	1354	1840	160	3978	636	1116	675	132	4313	268	1578	1367	150	674	996
gene-Slc25a44	chr22	56259590	56273632	-	14043	1072	3586	1052	2189	1258	148	1219	4534	1008	2166	1077	114	97	3980	979	1787	1364	1718	3603	920	514	1344	1301	140	1045	1339	1100	3709	388
gene-Slc25a44-l1	chr1	126076045	126079138	-	3094	78	306	48	234	125	8	98	372	48	190	86	22	22	334	82	160	88	124	240	66	42	78	78	10	112	136	106	378	26
gene-Slc25a5	chrX	52111141	52114259	-	3119	618	1188	758	4446	448	136	574	1514	452	4141	406	196	44	1296	1118	3321	614	1251	1210	516	838	360	1562	50	610	3002	472	1081	352
gene-Slc25a5-dl1	chr14	107365749	107366922	+	1174	44	68	40	255	28	8	28	98	52	297	32	10	6	88	84	198	58	78	72	38	62	32	142	4	50	218	52	55	26
gene-Slc25a5-dl2	chr2	34532228	34533389	-	1162	130	258	136	764	54	32	88	236	84	844	50	22	4	246	208	626	110	230	252	98	142	66	266	2	126	488	116	182	42
gene-Slc25a5-dl3	chr20	16278158	16279304	+	1147	52	76	94	390	50	10	22	147	54	346	38	10	0	92	110	284	64	148	108	26	70	22	194	4	85	234	74	82	30
gene-Slc25a5-dl4	chr6	83637074	83638235	+	1162	66	97	56	434	38	14	60	110	38	430	50	20	2	184	121	340	60	118	108	28	88	34	148	4	66	316	46	82	46
gene-Slc25a5-dl5	chr6	100822082	100822921	-	840	110	149	104	450	42	34	61	182	77	562	68	18	2	176	156	422	100	152	140	54	96	67	240	6	94	353	80	174	54
gene-Slc25a51	chr14	53310562	53325609	+	15048	1738	4601	3428	12677	3739	572	2520	6586	2992	10139	1422	502	204	5359	3688	8887	2286	4212	5063	3124	2964	1490	4722	232	3603	8405	2728	4764	1118
gene-Slc25a51-l1	chr13	90422729	90423412	+	684	42	80	76	280	56	14	40	92	82	178	40	12	2	108	94	196	48	100	86	72	54	22	106	4	86	167	44	66	14
gene-Slc25a51-l2	chr3	149614702	149615617	-	916	50	200	124	620	94	26	59	290	142	400	48	18	2	240	146	342	80	114	213	154	115	72	161	4	180	377	138	260	20
gene-Slc35a4	chr3	41230023	41232267	-	2245	609	521	659	1359	405	74	642	537	642	997	335	91	50	539	709	945	353	780	525	738	314	354	706	50	584	845	360	462	142
gene-Slc35a4-l1	chr3	41232280	41234893	-	2614	399	201	373	622	239	41	281	210	341	525	226	43	23	232	263	405	195	449	221	371	125	274	321	52	333	417	208	234	124
gene-Slc35a4-l2	chr7	37081513	37082213	+	701	44	34	30	98	12	4	30	36	38	62	12	8	4	30	44	54	28	70	30	18	14	28	34	6	48	68	12	38	6
gene-Slc39a2	chr8	57701501	57703932	-	2432	150	51	18	0	0	0	108	73	9	0	0	0	28	72	4	2	1	16	68	8	0	0	8	22	14	0	0	88	4
gene-Slc39a2-l1	chr15	100273840	100275854	-	2015	2	0	2	88	0	0	0	0	0	79	0	0	0	0	0	80	0	0	0	0	32	0	0	0	0	59	0	0	0
gene-Slc5a1	chr20	24387926	24469568	-	81643	185	1	56	3716	159	0	163	7	2	3273	70	0	52	5	0	3331	96	5	2	1	807	75	6	48	90	2075	70	17	26
gene-Slc5a1-l1	chr20	21887813	21960860	-	73048	5	45	2	50	2	4	10	64	0	79	0	0	2	59	33	41	0	21	54	6	10	1	10	2	18	21	24	29	4
gene-Slc5a4	chr20	23879068	23991461	+	112394	11	7	4	4	4	0	24	19	5	3	2	0	0	8	0	2	0	11	7	0	0	4	5	0	2	2	1	8	3
gene-Slc5a4-l1	chr20	24280530	24345695	+	65166	8	5	1	1	0	1	8	9	1	2	0	2	0	4	2	0	4	10	10	5	4	4	6	0	10	3	13	10	3
gene-Slc6a16	chr2	33233007	33253021	-	20015	54	6	20	1	0	10	41	6	8	0	5	2	2	16	9	0	3	81	5	4	0	1	18	0	6	0	10	11	11
gene-Slc6a16-l1	chr2	33211690	33226020	-	14331	77	12	18	0	0	0	168	21	34	4	0	0	10	19	18	8	0	19	10	10	0	0	38	10	16	3	0	10	4
gene-Slc7a12	chr11	40274310	40319437	-	45128	42	137	106	3531	328	10	96	170	109	4134	377	16	9	92	41	3348	411	159	81	45	892	840	127	2	58	2494	432	108	41
gene-Slc7a12-l1	chr11	40353856	40375244	-	21389	32	20	87	7809	9	4	16	36	13	7765	7	4	5	41	8	5491	9	64	43	8	1448	11	44	2	12	4260	12	22	7
gene-Slc7a9	chr12	96999423	97008648	-	9226	6	9	12	236	37	0	8	0	0	231	30	0	0	0	0	232	80	0	2	0	424	30	0	0	0	1308	28	2	0
gene-Slc7a9-l1	chr2	17202073	17228903	-	26831	2	24	123	13201	2	1	13	58	2	10161	0	3	0	33	0	11270	2	28	23	5	3588	0	12	2	8	9560	10	54	0
gene-Slfn13	chr7	21827104	21831162	+	4059	0	0	2	0	0	0	1	0	0	0	0	0	0	0	0	0	1	6	0	0	0	1	4	0	0	0	2	0	2
gene-Slfn13-l1	chr7	21868529	21873002	+	4474	108	2	8	0	2	1	147	0	12	0	3	4	6	1	6	0	1	18	0	5	0	0	21	7	8	2	4	0	6
gene-Slfn13-l2	chr7	22075839	22080986	+	5148	73	8	4	0	3	3	207	6	7	0	15	2	24	9	1	0	8	40	4	15	0	1	14	38	12	0	11	5	4
gene-Slirp	chr27	24334650	24340563	+	5914	598	461	1187	785	597	45	342	623	1131	718	564	39	29	523	1174	587	667	476	439	1358	220	700	547	46	1302	477	586	479	121
gene-Slirp-dl1	chr7	7416620	7416955	+	336	74	52	116	122	94	4	64	68	150	88	78	10	2	60	156	62	72	42	54	162	26	70	68	8	130	84	76	58	16
gene-Smim10l1	chr4	17477675	17479584	+	1910	636	2016	3029	3927	2454	272	802	3101	2615	3642	2909	246	76	2144	3090	2851	2652	2367	2196	3085	1090	3154	3325	180	3202	2348	2244	2258	715
gene-Smim10l1-l1	chr3	83864569	83866063	+	1495	28	112	110	128	104	6	40	132	76	142	154	14	0	85	108	138	84	82	74	94	37	104	106	8	112	94	88	92	18
gene-Smim15	chr11	34849740	34849964	-	225	3	0	2	5	0	6	8	0	0	5	10	2	0	2	2	6	0	2	8	5	2	8	6	0	6	4	2	2	4
gene-Smim15-dl1	chr7	110945060	110946845	+	1786	74	42	42	81	40	22	56	60	17	84	48	6	4	52	38	76	34	124	26	33	20	32	177	0	60	40	34	32	34
gene-Smim15-dl2	chr8	37685070	37685294	+	225	0	0	4	2	2	4	4	0	0	4	4	0	0	0	0	2	8	6	2	0	2	2	12	0	0	4	8	4	0
gene-Smim15-l1	chr23	82377017	82378869	-	1853	16	51	6	12	8	2	12	46	6	26	14	6	0	34	10	28	6	44	35	2	6	10	58	0	20	4	20	41	16
gene-Smim15-l2	chrX	139637580	139637756	-	177	2	2	0	0	2	0	0	0	2	0	0	0	4	2	2	0	0	2	0	6	0	0	0	0	0	0	2	0	0
gene-Sms	chrX	173431161	173484646	-	53486	783	578	626	1170	286	94	769	834	581	1016	312	112	82	704	528	793	300	1190	611	468	202	354	844	80	544	780	366	615	210
gene-Sms-dl1	chr28	8670226	8671967	+	1742	459	762	341	637	392	101	367	1079	224	542	447	77	21	970	315	535	526	778	757	317	195	446	905	40	389	370	467	755	169
gene-Smu1	chr14	58069131	58099304	+	30174	1901	1496	1538	2003	1109	316	1914	2355	1323	1866	1108	278	192	1902	1348	1491	1150	3178	1726	1287	462	1294	2794	170	1509	1327	1022	1735	643
gene-Smu1-dl1	chrX	141855194	141857273	-	2080	864	790	874	1132	648	198	600	978	662	965	692	146	54	856	766	909	704	1444	806	770	268	972	1654	50	844	732	620	733	322
gene-Snap23	chr15	89124462	89175660	-	51199	2831	856	3973	12378	2560	734	3799	1022	3625	10086	2249	666	266	967	3751	9091	2305	5779	899	3496	2846	2343	7915	370	4297	6605	1900	869	1738
gene-Snap23-l1	chr16	93954719	93957076	+	2358	4	12	22	28	4	2	20	19	12	30	2	4	0	22	12	20	8	10	16	12	6	6	48	2	10	18	12	12	14
gene-Snap23-l2	chr22	27903671	27906040	-	2370	1156	302	2430	4472	1542	426	1266	286	1973	3518	1126	392	88	390	2190	3194	1464	3140	310	2058	1010	1358	5092	100	2564	2530	1154	238	1188
gene-Snrnp27	chr22	31156191	31169380	-	13190	172	143	200	122	44	22	163	131	94	123	28	8	22	113	124	113	66	156	116	86	32	38	138	18	126	72	22	104	26
gene-Snrnp27-dl1	chr11	77272554	77273597	-	1044	146	132	226	190	76	34	100	174	184	188	88	14	10	154	214	148	98	110	142	262	46	92	242	16	210	104	64	134	44
gene-Snrnp27-dl2	chr8	10208964	10209857	-	894	296	264	554	356	138	26	210	278	412	310	126	40	12	236	468	210	140	330	232	446	92	182	387	32	538	204	115	223	88
gene-Snrpa	chr2	24797985	24813421	+	15437	1598	1013	815	889	801	104	1072	1244	586	766	553	86	59	1103	578	662	668	909	1094	692	204	638	996	96	683	559	540	908	287
gene-Snrpa-l1	chr4	16650501	16651417	-	917	10	2	2	0	2	0	2	2	12	4	0	0	2	10	4	0	2	6	12	16	0	4	0	0	4	0	0	2	0
gene-Snrpb2	chr3	134527069	134539164	-	12096	1542	1073	1491	1584	572	170	1282	1598	1265	1428	600	220	94	1284	1196	1346	624	1804	1232	1305	388	606	1850	100	1202	956	460	1172	378
gene-Snrpb2-l1	chr10	56448966	56449729	+	764	0	0	0	0	0	0	5	0	0	0	0	0	0	0	0	0	0	2	0	0	0	0	0	0	0	0	0	2	0
gene-Snrpc	chr1	4600951	4618512	+	17562	462	543	558	337	352	72	464	752	440	432	266	58	38	675	490	300	340	640	603	476	76	280	534	50	420	319	317	689	128
gene-Snrpc-l1	chr4	67878946	67884359	-	5414	52	84	26	52	32	10	38	81	26	38	26	14	2	74	46	34	26	24	80	26	14	52	32	8	36	32	24	56	8
gene-Snrpc-l2	chr6	112892098	112892822	-	725	28	42	40	68	28	2	26	28	36	54	30	6	2	46	38	30	26	14	32	32	10	32	12	0	28	35	4	42	5
gene-Snrpd1	chr10	12376466	12393918	+	17453	882	391	318	428	212	82	722	475	302	386	142	84	30	438	322	316	232	580	401	248	106	190	610	48	320	271	158	356	128
gene-Snrpd1-dl1	chr1	163221670	163222726	+	1057	14	8	6	6	6	0	26	12	8	6	4	0	6	26	22	16	6	10	18	12	6	10	18	0	4	4	2	8	2
gene-Snrpd1-dl2	chr16	4432044	4432403	-	360	48	10	28	16	6	2	30	22	16	28	12	2	0	18	18	6	12	32	28	28	4	14	64	2	22	28	14	30	14
gene-Snrpd1-dl3	chr2	49794340	49795390	-	1051	16	14	8	6	0	4	8	10	0	8	0	0	0	10	12	6	4	11	10	4	0	2	22	0	8	2	2	2	4
gene-Snrpd1-dl4	chr27	14999136	14999946	-	811	84	24	60	60	22	8	50	48	30	36	20	8	2	24	45	37	28	46	42	52	6	34	80	4	14	30	14	40	18
gene-Snrpd1-l1	chr10	109479189	109480141	+	953	216	102	80	106	44	20	154	160	102	120	60	8	4	100	80	88	66	144	130	118	38	54	190	8	60	88	50	88	38
gene-Snrpd1-l2	chr22	60049911	60051253	+	1343	74	26	24	42	20	12	40	18	22	16	4	8	2	26	36	32	14	54	53	48	4	16	58	2	26	12	18	46	7
gene-Snrpd1-l3	chr27	40247205	40247564	-	360	4	2	0	4	0	0	0	4	2	4	0	0	0	0	4	0	0	8	2	0	2	2	6	4	6	0	2	0	0
gene-Snrpd2	chr2	29497607	29503931	-	6325	1165	751	1184	1393	732	154	950	898	1136	1357	612	183	92	949	840	762	506	818	670	880	290	484	1003	76	875	704	443	613	226
gene-Snrpd2-dl1	chr13	106198275	106204382	-	6108	6	6	4	74	281	4	0	10	6	88	524	2	0	2	2	106	622	41	12	4	16	695	45	4	4	59	506	14	10
gene-Snrpd2-l1	chr13	93743046	93743537	-	492	288	144	294	366	156	52	218	246	250	334	134	40	8	278	304	322	144	176	232	382	101	216	396	36	278	224	142	186	80
gene-Snrpd2-l2	chr16	57014556	57014855	-	300	0	0	0	0	0	0	0	0	0	0	0	0	0	0	0	0	0	0	0	0	0	0	0	0	0	0	0	0	0
gene-Snrpd3	chr20	21250690	21272656	-	21967	840	452	687	544	375	96	722	543	513	542	258	90	59	457	490	488	299	832	474	425	120	386	810	58	602	337	333	435	180
gene-Snrpd3-dl1	chr15	53630369	53630897	+	529	1445	692	1494	1208	762	188	791	1208	984	1044	712	164	38	915	1248	936	921	1334	730	1226	304	848	2148	48	1531	832	710	714	496
gene-Snrpd3-dl2	chr22	57794225	57795179	-	955	174	174	222	143	84	24	142	222	194	182	104	18	14	165	258	141	144	206	168	206	42	126	266	12	266	114	74	194	58
gene-Snrpd3-l1	chr19	54296247	54296909	+	663	14	8	32	10	16	2	14	6	2	8	14	0	0	20	10	10	12	4	10	6	4	10	24	0	16	2	2	8	4
gene-Snrpe	chr8	74014713	74022872	-	8160	1270	880	1374	944	434	124	938	1232	1047	885	484	128	95	726	1242	730	592	927	690	1322	208	536	1082	78	1410	608	396	780	230
gene-Snrpe-dl1	chr1	11584238	11585556	-	1319	1	20	12	0	2	2	0	4	0	3	6	0	0	11	12	8	2	6	12	0	4	2	2	0	8	2	4	6	4
gene-Snrpe-dl2	chr1	75647781	75648020	+	240	0	0	4	2	0	2	0	0	0	0	0	0	0	0	0	0	0	0	0	0	0	0	0	0	0	0	0	2	0
gene-Snrpe-dl3	chr20	60238339	60238578	-	240	14	4	24	14	30	2	12	20	28	20	10	0	2	14	45	10	18	18	8	34	2	14	16	0	12	6	4	0	10
gene-Snrpe-dl4	chr20	86264334	86264612	-	279	2	2	0	2	0	0	6	2	0	13	0	0	0	0	14	0	7	4	3	3	0	4	6	0	2	6	8	5	0
gene-Snrpe-dl5	chr22	75916186	75916464	-	279	34	20	70	22	20	2	12	16	68	26	20	6	0	20	60	12	22	28	16	66	10	38	62	2	56	12	18	12	10
gene-Snrpe-dl6	chr4	34877044	34877322	+	279	64	26	68	44	20	8	60	54	62	34	28	2	2	32	62	26	18	34	26	86	20	44	44	4	50	34	18	32	10
gene-Snrpe-dl7	chr6	32733245	32733523	-	279	10	8	82	20	20	0	20	22	32	30	14	0	0	16	84	14	28	48	8	90	10	32	76	4	92	14	4	8	18
gene-Snrpe-dl8	chr6	60928360	60928638	-	279	20	12	22	20	6	2	24	12	26	16	8	0	0	12	14	12	12	26	14	20	0	8	22	0	32	4	14	14	2
gene-Snrpe-dl9	chr6	62119247	62120383	+	1137	634	396	782	542	274	78	406	522	714	450	260	68	18	393	760	422	384	482	380	752	128	296	648	28	786	308	258	298	146
gene-Snrpg	chr22	30741530	30748278	+	6749	485	348	596	441	400	102	412	448	484	402	306	76	41	344	554	368	357	629	342	470	138	449	651	36	595	333	336	262	153
gene-Snrpg-dl1	chr1	25263813	25264139	+	327	0	0	0	0	0	0	0	0	0	0	0	0	0	0	0	0	0	0	0	0	0	0	0	0	0	0	0	0	0
gene-Snrpg-dl2	chr13	343071	343292	+	222	8	2	6	0	0	0	10	4	4	2	0	0	0	0	6	0	2	0	2	6	0	4	0	0	4	2	0	0	2
gene-Snrpg-dl3	chr14	80996068	80996292	+	225	146	48	230	114	108	6	86	54	224	88	92	4	4	42	218	80	118	148	16	236	36	104	214	2	242	64	70	34	42
gene-Snrpg-dl4	chr19	10142040	10144337	-	2298	23	116	391	249	89	11	50	155	338	173	62	14	3	129	390	224	95	71	126	484	75	64	72	14	91	52	4	28	4
gene-Snrpg-dl5	chr20	54464806	54464994	-	189	62	14	62	34	42	4	28	24	38	36	41	8	2	24	58	26	38	70	10	88	6	34	62	4	72	42	22	26	12
gene-Snrpg-dl6	chr23	3743715	3743945	+	231	10	0	4	0	0	0	0	0	2	2	0	0	0	0	0	2	2	0	0	2	0	0	2	0	4	0	0	2	0
gene-Snrpg-l1	chr22	76662442	76663217	+	776	820	195	802	566	322	80	574	379	636	534	381	74	28	267	656	424	386	567	221	748	140	440	764	58	732	346	276	234	182
gene-Snrpg-l2	chr3	97012309	97012722	+	414	230	42	242	180	124	10	202	62	268	138	110	20	10	44	272	150	172	192	64	292	40	146	236	4	240	124	180	50	66
gene-Snrpn	chr15	63200008	63205688	-	5681	14	1673	8	20	4	100	31	1963	36	2	6	18	2	1521	14	10	8	696	1404	61	0	64	819	2	34	12	26	1571	144
gene-Snrpn-l1	chr9	28426371	28427227	+	857	2	345	0	2	0	14	6	400	6	0	6	2	0	390	14	0	0	56	294	8	0	32	105	0	8	0	2	309	12
gene-Snurf	chr15	63205658	63222912	-	17255	28	2741	83	74	22	537	98	3676	83	28	14	118	4	3207	113	34	66	2915	3029	241	6	369	4459	10	262	12	106	3173	755
gene-Snurf-dl1	chr17	73000718	73002035	-	1318	0	818	12	12	2	38	6	1274	30	14	4	16	0	1285	36	6	4	184	938	62	2	74	422	2	26	6	8	922	88
gene-Snurf-l1	chr9	28425583	28426291	+	709	2	356	34	8	4	22	2	338	30	0	2	2	0	672	48	4	2	224	490	76	4	128	417	0	46	0	6	535	116
gene-Snw1	chr27	24339618	24393111	-	53494	1143	679	621	623	454	171	1193	869	577	749	329	130	138	745	510	686	467	1864	663	484	151	315	1537	130	637	575	360	632	323
gene-Snw1-dl1	chr1	90957407	91064256	-	106850	4415	4317	1935	2473	1806	497	6174	6741	2049	2684	1690	569	524	5396	1491	2084	1375	5863	4772	1790	624	1534	5289	525	2455	1884	1795	4797	1296
gene-Snw1-dl2	chr1	123430313	123431920	+	1608	10	16	18	10	14	4	8	12	14	10	0	0	0	12	10	6	2	4	10	14	4	8	24	2	8	8	8	6	4
gene-Snw1-dl3	chr15	13877128	13878977	-	1850	54	34	32	54	42	2	20	22	22	30	14	6	4	22	26	36	28	46	26	40	18	24	46	2	32	22	12	16	10
gene-Snw1-dl4	chr18	50689919	50691154	+	1236	79	80	102	93	72	16	72	98	50	120	42	14	4	86	78	80	51	96	73	81	32	82	161	10	105	84	63	59	43
gene-Snw1-dl5	chr22	27417515	27419131	+	1617	64	40	126	80	32	18	52	86	80	76	26	4	4	68	50	82	42	116	46	80	16	52	126	4	96	58	48	56	26
gene-Snw1-dl6	chr7	22431123	22433118	-	1996	6	8	24	37	8	7	24	42	10	29	11	7	2	15	10	36	12	24	12	20	11	32	26	0	14	29	12	14	5
gene-Snw1-dl7	chr8	78542231	78543838	-	1608	52	30	78	74	16	10	49	48	18	52	18	6	2	46	76	40	28	86	42	78	12	36	100	4	60	40	16	34	10
gene-Snx17	chr12	89427947	89436254	-	8308	2971	3188	2706	6500	2945	714	3408	4228	2526	5584	2325	698	240	3772	2868	4947	2330	4944	3811	2730	1588	2724	5781	285	2918	4215	2018	3183	1254
gene-Snx17-l1	chr16	16449776	16451379	+	1604	38	40	68	136	54	18	86	90	52	166	40	6	2	54	68	116	72	88	68	68	50	40	130	6	66	106	42	78	34
gene-Snx3	chr15	38978392	39015880	-	37489	4044	3960	6382	6261	3289	904	4420	4722	5658	6331	2610	761	372	4307	6541	4913	3363	6252	3955	6337	1702	3209	7396	601	6695	4229	2878	3833	1730
gene-Snx3-dl1	chr1	123127173	123128385	-	1213	122	215	357	315	138	60	120	306	352	314	120	46	2	260	384	194	200	413	283	400	78	208	424	28	425	204	134	194	114
gene-Snx3-dl2	chr3	37894464	37894799	+	336	4	10	18	22	24	4	4	22	8	16	2	4	0	16	28	20	6	14	12	14	8	10	6	2	18	16	0	16	2
gene-Snx3-dl3	chr4	95291673	95293028	+	1356	586	594	1230	990	498	116	600	716	876	930	468	124	26	712	1030	733	597	834	544	1068	272	534	1010	48	1396	696	396	588	240
gene-Snx3-dl4	chr7	38145089	38146180	-	1092	390	468	652	800	338	112	438	596	596	776	306	64	22	536	800	628	402	498	468	808	170	398	688	86	736	586	306	472	176
gene-Sod1	chr14	39189996	39198655	+	8660	3008	7074	8578	20557	45503	1048	3516	10480	7381	15585	44283	1023	334	8964	8697	14027	43256	9451	7901	8349	4753	43392	12299	584	7958	12182	36599	7512	2688
gene-Sod1-dl1	chr1	39133208	39133642	-	435	0	0	0	0	0	0	0	0	0	0	0	0	0	0	0	0	0	0	0	0	0	0	0	0	0	0	0	0	0
gene-Sod1-dl2	chr14	56639218	56639709	+	492	2	6	0	0	0	4	24	0	0	0	0	2	0	1	0	0	0	9	0	0	0	0	13	2	2	0	0	5	2
gene-Sod1-dl3	chr19	3180914	3181342	-	429	76	308	444	732	2020	35	137	384	354	598	2124	30	8	292	432	478	2074	370	290	422	148	1928	558	24	400	472	1928	262	128
gene-Sod1-dl4	chr19	3645018	3645446	+	429	98	184	204	546	984	36	86	206	138	464	1040	20	8	208	216	346	1044	200	170	200	112	888	244	8	174	365	884	143	64
gene-Sod1-dl5	chr25	33925111	33925623	+	513	466	1086	1328	3392	6928	138	432	1411	1146	2184	6740	128	40	1272	1402	2450	6258	1340	980	1392	696	7322	2180	84	1356	1814	5530	1052	580
gene-Sod1-dl6	chr28	8632603	8633196	+	594	82	257	300	752	1563	22	114	388	210	569	1466	34	0	338	320	500	1460	296	232	360	158	1626	456	12	224	446	1368	260	66
gene-Sod2	chr18	28830410	28845969	-	15560	242	500	2623	1452	881	32	330	744	2097	1636	1120	56	28	628	2276	1072	806	519	734	2935	472	1088	966	60	2654	1237	836	609	190
gene-Sod2-dl1	chr17	7244754	7247686	-	2933	108	188	850	546	292	12	120	239	694	486	302	28	22	198	804	421	234	191	198	812	142	288	258	14	778	406	286	179	74
gene-Sod2-dl2	chr19	17990982	17994327	+	3346	382	1329	7178	4818	2722	150	632	1522	4724	3634	2226	134	68	1563	6376	3336	2272	1262	1215	5036	1006	1976	1494	96	5358	2902	1836	1256	354
gene-Sod2-dl3	chr21	499134	499754	+	621	28	52	228	170	66	6	28	60	174	157	130	10	2	78	244	144	68	32	30	278	44	110	60	0	272	158	74	46	10
gene-Sod2-dl4	chr5	116056812	116058615	-	1804	32	54	358	166	148	6	22	98	328	190	178	8	8	102	374	126	150	78	84	364	26	138	164	8	336	146	142	56	22
gene-Sp100	chr1	61348506	61439214	-	90709	3463	2398	5123	5310	5222	1271	8883	2740	4097	4989	4423	1231	762	3009	4539	4626	4698	12333	2545	4137	1235	5526	12960	825	5605	4010	4331	2665	2998
gene-Sp100-l1	chr1	61304181	61329500	+	25320	97	165	145	186	66	16	319	198	100	130	62	20	26	230	140	111	74	358	206	114	41	88	276	29	152	73	52	168	42
gene-Sp100-l2	chr19	91784870	91785695	+	826	112	100	334	262	290	70	266	130	250	272	350	44	22	120	247	256	272	538	124	282	88	378	650	32	290	250	321	134	160
gene-Spag6	chr9	67012121	67087795	-	75675	55	351	152	67	51	38	63	215	98	60	13	44	26	302	126	50	77	250	296	122	12	33	267	16	98	49	29	284	66
gene-Spag6-l1	chr9	58842336	58944180	-	101845	395	1693	1564	3002	2097	268	711	2137	1117	2925	1490	160	56	2455	1250	2659	1324	2796	1897	1018	704	1407	2137	77	1342	2121	1153	1944	475
gene-Spart	chr5	131863734	131888696	-	24963	3164	3781	3757	6385	2530	1022	4795	3561	3405	5675	2234	887	460	4857	3225	4858	2191	8208	4486	3416	1690	2558	10036	651	3988	4486	2059	3711	2232
gene-Spart-l1	chr23	70071114	70074254	-	3141	750	1018	1028	1724	656	232	1060	817	894	1404	736	194	94	1244	922	1328	638	1762	1076	1012	488	766	2356	134	1190	1058	598	856	554
gene-Spata31d1	chr5	108125886	108130901	-	5016	8	32	4	8	2	2	14	56	10	12	2	2	2	64	6	2	0	16	22	2	0	4	8	8	6	2	6	16	0
gene-Spata31d1-l1	chr9	91553957	91561573	-	7617	4	2	2	4	0	0	2	2	4	2	0	0	0	4	0	0	0	10	2	0	0	0	0	10	0	0	64	0	0
gene-Spdl1	chr11	93577236	93615686	-	38451	808	140	102	94	30	52	704	190	70	132	20	34	16	168	130	74	18	366	150	138	34	56	428	10	140	112	10	142	80
gene-Spdl1-l1	chr22	24678720	24680352	+	1633	50	8	6	26	2	0	16	4	14	12	0	4	0	8	10	6	0	22	6	0	0	0	14	0	4	8	0	8	2
gene-Spef1	chr3	148084320	148091735	+	7416	1010	615	400	374	146	248	1026	796	291	363	67	188	96	1153	256	328	125	2447	902	295	94	88	1680	50	369	280	104	799	450
gene-Spef1-l1	chr28	8837097	8842002	+	4906	4	34	8	52	4	48	20	34	8	32	2	26	2	56	14	52	0	296	56	3	10	0	248	2	8	38	12	12	62
gene-Sppl2b	chr3	122342952	122355644	-	12693	1524	1783	1004	2376	956	234	1895	2114	884	2122	1012	258	172	1994	776	1689	642	1992	2062	754	430	718	2016	156	964	1452	656	1564	434
gene-Sppl2b-l1	chr3	127720050	127721678	+	1629	40	34	22	38	24	6	35	52	32	56	40	0	4	44	18	46	23	64	31	30	16	18	50	0	30	28	10	34	4
gene-Spta1	chr2	68583499	68668686	+	85188	14	102	1577	9	10	0	18	30	1885	10	6	0	2	64	1737	2	5	68	211	1481	6	8	42	4	1880	9	10	33	21
gene-Spta1-rl1	chr2	68877815	68943272	-	65458	4	6	16	0	46	0	4	0	12	0	29	3	0	4	12	0	76	2	0	16	0	16	10	0	25	0	210	8	4
gene-Spta1-rl2	chr2	68955857	68999891	-	44035	0	3	4	0	130	0	4	2	0	0	68	0	0	2	6	0	108	0	4	2	0	30	0	0	4	0	522	0	0
gene-Srm	chr19	34326481	34332558	+	6078	800	1985	702	602	958	58	1748	2312	650	406	756	96	74	1824	730	434	838	666	1766	582	156	826	688	106	768	364	882	1786	160
gene-Srm-dl1	chr13	71596868	71597749	+	882	12	18	6	16	6	4	12	30	10	2	4	2	4	12	10	4	30	18	24	24	0	20	20	4	14	4	6	6	0
gene-Srp14	chr15	91675810	91681146	+	5337	785	1413	1722	1623	873	177	1025	2820	2205	2008	1356	218	120	1494	1274	1123	736	1282	2016	2504	562	1506	2186	203	2414	1497	1027	2313	530
gene-Srp14-dl1	chr11	51855680	51856003	+	324	0	0	0	0	2	2	0	0	2	0	2	0	0	2	2	0	0	2	0	2	0	0	4	0	6	4	0	2	0
gene-Srp14-dl2	chr2	28351149	28352085	+	937	638	1094	1708	1659	962	140	718	1989	1724	1496	1048	124	54	1638	1742	1240	1092	1066	1356	1788	432	1293	1646	142	1925	1054	836	1438	398
gene-Srp14-dl3	chr7	88218761	88219473	-	713	214	460	598	579	324	49	325	607	532	531	344	46	28	648	724	469	434	571	514	604	148	418	580	50	670	358	254	499	121
gene-Srp14-l1	chr11	97470615	97472272	-	1658	0	0	0	4	0	0	0	2	0	6	0	0	0	2	0	0	0	0	2	0	0	0	0	0	0	0	0	8	0
gene-Srp14-l2	chr2	125541662	125541994	+	333	0	0	4	0	0	0	0	0	0	0	0	0	0	0	0	0	0	0	0	0	0	0	0	0	0	0	0	0	0
gene-Srp14-l3	chr2	129064283	129064746	-	464	0	0	0	0	0	6	0	0	0	0	0	2	0	0	0	2	0	2	0	0	0	0	2	0	8	0	0	0	4
gene-Srp14-l4	chr27	5650373	5651081	-	709	9	2	2	4	0	0	10	0	2	7	2	2	4	0	2	6	4	4	2	4	0	0	4	3	4	7	0	2	4
gene-Srp14-l5	chr28	6140994	6141477	-	484	4	0	0	4	0	0	0	0	2	0	0	0	0	0	0	0	0	0	0	0	0	6	0	0	0	0	0	0	0
gene-Srp14-l6	chrX	134287081	134287701	+	621	448	838	1708	1118	868	104	442	1477	1626	1076	1058	94	34	1206	1660	949	1082	1092	1012	1986	310	1150	1710	120	1984	738	826	1130	390
gene-Srp19	chr3	44096190	44103206	-	7017	256	348	276	258	236	60	278	517	224	249	138	46	22	368	211	179	170	498	364	210	50	183	428	28	252	161	168	387	68
gene-Srp19-l1	chr16	107225409	107226220	+	812	40	80	44	46	24	4	40	94	72	52	22	8	2	86	68	46	38	46	66	34	20	32	38	2	58	30	18	64	4
gene-Srp9	chr8	125771749	125776236	+	4488	1927	1992	3129	4344	1762	366	1744	2736	2851	4068	2068	290	84	2471	2973	3184	1931	2410	2243	3162	1108	1988	2895	212	3038	2492	1647	2127	686
gene-Srp9-dl1	chr10	90264575	90265345	+	771	248	336	424	610	196	53	178	248	356	540	267	22	18	326	376	386	312	252	268	442	153	268	352	28	410	354	190	332	58
gene-Srpk1	chr1	5548748	5571092	-	22345	3472	2375	1634	2923	2807	330	2891	2726	1501	2789	2144	256	369	2651	1741	2215	2865	3215	2357	1492	668	3742	3374	310	1866	1973	2201	2493	723
gene-Srpk1-l1	chr17	83466916	83469204	+	2289	702	480	392	626	672	76	508	572	372	530	498	86	56	510	432	469	710	642	460	388	140	928	770	60	486	420	482	602	162
gene-Srpra	chr25	6905405	6913333	-	7929	3971	2963	4748	9800	11652	877	4870	3859	3676	8516	10874	694	391	3443	3684	6722	9198	6501	2969	3929	2208	10513	7228	510	4442	6106	9999	3048	1858
gene-Srpra-dl1	chr1	164946165	164947241	-	1077	328	260	366	820	1148	44	436	289	305	705	1112	62	27	268	324	524	921	723	258	344	224	1090	704	40	439	528	1055	263	150
gene-Srrm1	chr19	16876466	16911196	+	34731	1544	631	757	748	364	168	1684	949	598	720	312	118	152	739	584	622	318	2366	723	494	122	364	1188	136	710	600	364	662	272
gene-Srrm1-l1	chrX	129629748	129633502	-	3755	38	10	19	14	4	4	62	15	17	15	2	6	4	8	10	14	4	31	18	10	6	4	24	2	12	0	0	10	8
gene-Srsf6	chr20	71307572	71311206	+	3635	7924	3284	5836	9529	5601	1211	8057	5009	4073	7681	4374	1064	430	4568	5036	8489	5153	9372	4050	4208	2197	4582	10414	459	4853	7001	4628	3717	2469
gene-Srsf6-dl1	chr8	77697194	77700297	+	3104	1640	845	1018	2032	1211	224	1591	1081	829	1730	883	187	79	987	996	1895	1179	2058	856	882	419	1063	2075	101	996	1466	964	942	553
gene-Ssmem1	chr17	58946295	58957763	+	11469	4	0	0	0	0	0	3	0	0	0	0	0	0	4	0	0	0	2	0	0	0	0	2	0	0	0	10	0	0
gene-Ssmem1-l1	chr8	93384847	93385447	-	601	0	0	0	0	0	0	0	0	0	0	0	0	0	0	1	0	0	0	0	0	0	0	0	0	0	0	0	0	0
gene-Ssrp1	chr4	53303177	53306241	+	3065	659	373	334	319	267	64	622	487	217	263	248	64	28	420	326	255	246	608	424	265	72	176	679	45	234	250	158	367	122
gene-Ssrp1-l1	chrX	57064119	57073831	+	9713	2282	1244	814	1243	984	192	1847	1632	852	904	740	146	136	1423	750	936	868	1452	1340	744	326	664	1748	150	666	768	686	1286	394
gene-Ssu72	chr19	41113580	41145102	+	31523	4979	6017	6806	8935	5274	1087	4678	7451	5944	7732	5088	932	496	6808	6463	6811	4644	6978	5876	6060	2176	5332	8915	568	6611	6231	4446	5950	2096
gene-Ssu72-dl1	chrX	56810320	56811535	+	1216	12	137	16	12	0	10	29	256	8	16	12	6	0	162	40	8	2	59	161	12	2	2	58	4	14	10	4	174	8
gene-Stip1	chr4	84166692	84185238	-	18547	2896	3511	3030	4598	3721	494	1854	4316	1908	3975	2649	360	158	3917	2718	3545	3260	4024	3621	2316	940	3662	4170	242	2726	3229	2708	3787	1126
gene-Stip1-dl1	chr10	9957033	9958208	-	1176	156	204	148	222	194	46	106	204	108	220	174	22	10	182	130	173	174	158	196	156	50	192	258	16	152	164	186	188	34
gene-Stip1-dl2	chr15	14512286	14513335	+	1050	70	114	78	155	152	20	61	176	73	148	112	6	2	145	104	162	126	148	111	80	48	167	134	4	131	157	102	106	32
gene-Stip1-dl3	chr5	72931881	72933104	-	1224	333	536	395	681	564	64	222	586	309	570	526	36	14	562	404	528	554	448	524	374	152	578	682	20	466	516	490	528	172
gene-Stip1-dl4	chr9	35614937	35616595	-	1659	298	338	279	354	390	54	150	414	176	382	262	26	4	378	262	324	358	370	320	294	126	294	482	12	332	320	294	376	130
gene-Stk35	chr3	149629584	149674942	-	45359	1366	900	650	1143	406	116	1750	1270	702	1556	633	216	228	996	626	1076	585	2790	988	646	354	562	1451	184	760	1044	694	821	334
gene-Stk35-l1	chr9	107677300	107702420	+	25121	12	8	9	8	4	4	4	22	8	12	0	0	2	0	6	26	8	20	14	4	6	0	14	2	20	10	12	11	2
gene-Stk38l	chr2	157223974	157291922	+	67949	4052	1288	2031	1493	780	192	3335	1634	1773	1400	748	201	302	1683	1518	1216	780	3191	1420	1499	342	915	2425	281	1969	1109	993	1241	556
gene-Stk38l-l1	chr12	112902891	112904770	+	1880	58	30	71	50	20	9	51	43	62	51	32	5	5	39	74	24	33	64	60	57	17	49	96	2	68	21	42	40	7
gene-Stmn1	chr19	17970716	17989130	-	18415	1412	2452	107	77	12	10	593	2603	67	108	5	13	31	2035	66	61	5	105	1863	51	20	12	118	13	58	37	16	1776	14
gene-Stmn1-dl1	chr1	86662505	86663062	+	558	10	2	0	0	0	0	6	14	0	0	0	0	0	2	0	2	2	0	0	0	0	0	0	0	0	0	0	2	0
gene-Stmn1-dl2	chr1	108629864	108630884	-	1021	159	376	2	12	2	2	56	324	2	26	0	0	0	3545	74	80	8	88	3292	121	48	4	169	18	56	66	14	3521	24
gene-Stmn1-dl3	chr21	19706285	19706734	+	450	34	74	0	0	0	0	14	48	0	4	0	0	0	74	4	0	0	2	82	2	0	0	0	0	0	0	0	78	0
gene-Stmn1-dl4	chr27	11168838	11169284	+	447	6	2	0	0	0	0	0	22	0	2	0	0	0	22	0	0	0	4	10	2	0	0	0	0	0	0	0	16	0
gene-Stmn1-dl5	chr6	4545664	4546107	+	444	25	9	0	0	0	0	12	24	2	2	0	0	0	30	0	2	0	2	17	0	0	0	0	4	0	0	4	5	0
gene-Stmn1-dl6	chr6	53998910	54001411	-	2502	38	51	12	13	0	6	22	56	0	4	0	0	4	58	0	2	0	30	26	8	2	0	22	4	12	6	2	46	2
gene-Stmp1	chr22	11275293	11275759	+	467	428	146	652	180	704	26	164	184	500	218	744	34	8	196	558	254	600	330	176	624	56	748	530	38	530	156	458	134	86
gene-Stmp1-l1	chr27	2247384	2247578	-	195	8	4	14	10	22	2	8	0	28	10	20	0	0	4	4	6	30	10	4	18	0	28	4	0	8	2	10	0	0
gene-Stmp1-l2	chr9	77975863	77976155	-	293	436	120	329	218	362	18	202	174	278	206	518	26	10	138	288	166	466	229	146	314	90	420	304	20	296	156	318	170	52
gene-Stub1	chr20	35118085	35120552	+	2468	2916	3961	4802	6384	3350	579	3182	4942	3778	5140	2694	544	264	4753	4474	4977	3253	4317	3868	4572	1348	3159	5633	371	4505	4197	2795	3775	1267
gene-Stub1-dl1	chr6	118866455	118867405	+	951	676	1980	2116	2366	1350	154	1036	2691	2482	2608	1464	222	98	2158	2304	2041	1158	1246	2320	2485	686	1694	2108	198	2136	1778	1216	2013	398
gene-Stx12	chr19	19868554	19907932	+	39379	2310	3273	1913	2254	1117	406	2473	4766	1836	2234	908	424	294	3484	1670	1734	936	4015	3238	1616	494	876	4534	218	1924	1456	950	3138	1032
gene-Stx12-dl1	chr11	118611271	118613299	+	2029	1124	2575	1264	1891	706	286	982	3484	1150	1502	724	230	82	3577	1638	1742	704	2354	3102	1446	534	890	3606	126	1873	1271	628	3290	806
gene-Styx	chr8	11506247	11533660	-	27414	821	239	589	479	315	83	802	278	478	428	212	44	68	313	497	402	272	623	201	428	88	161	413	54	605	317	270	200	102
gene-Styx-dl1	chr8	43485510	43486602	-	1093	0	0	0	0	0	0	0	0	0	0	0	0	0	0	0	0	0	0	0	0	0	0	0	0	0	0	0	0	0
gene-Sub1	chr23	63316723	63335339	-	18617	1093	716	578	446	382	104	1415	988	416	424	396	76	110	1043	390	362	317	1236	851	428	110	328	1076	114	572	355	287	800	202
gene-Sub1-l1	chr3	39423688	39424294	+	607	10	34	8	24	12	8	16	20	14	14	8	6	0	22	6	8	12	18	26	2	4	0	4	2	6	18	4	28	10
gene-Sugt1	chr7	60336055	60385248	+	49194	2627	1349	1865	1411	1182	340	3056	1550	1250	1283	748	245	292	1414	1354	1091	1014	3873	1380	1324	296	1285	3229	310	1436	870	848	1243	541
gene-Sugt1-dl1	chr14	56294081	56298073	-	3993	1066	882	1872	1466	1146	198	758	1129	1738	1316	1119	180	58	1155	2065	1032	1272	1700	986	1754	320	1269	1976	84	2164	1122	1208	1032	518
gene-Sult1a1	chr3	1862145	1871066	+	8922	410	454	1499	709	642	241	327	710	1289	488	701	194	44	528	271	355	718	1488	570	1386	148	661	2394	65	345	310	458	496	298
gene-Sult1a1-l1	chr3	1877555	1880678	+	3124	40	18	75	34	3733	4	52	10	39	9	5045	0	8	8	14	29	4308	76	16	41	18	4553	54	7	17	18	3636	10	10
gene-Sult6b1	chr12	78998715	79022045	+	23331	0	0	0	0	0	0	0	0	0	0	0	0	0	0	0	0	0	0	0	0	0	0	0	0	0	0	0	0	0
gene-Sult6b1-l1	chr4	28553002	28588425	-	35424	2	13	2	9	110	110	6	18	12	3	131	76	0	9	1	5	223	683	5	0	0	167	2364	0	53	10	159	14	400
gene-Sumo1	chr1	91485612	91520920	+	35309	1733	1491	1276	1456	900	296	1851	2255	1076	1469	872	267	202	1673	1049	1385	821	2371	1750	981	270	783	2466	210	1209	1165	658	1812	586
gene-Sumo1-dl1	chrX	75317292	75318360	-	1069	52	21	60	64	55	8	35	66	62	62	46	6	4	70	60	52	38	56	54	76	16	74	80	8	72	52	42	59	32
gene-Sumo1-l1	chr5	45360424	45361121	-	698	356	397	530	604	314	85	260	406	464	514	318	46	18	462	377	374	362	380	346	463	124	410	580	24	470	330	252	352	136
gene-Sumo2	chr18	18504012	18518365	-	14354	403	216	198	201	97	54	484	273	190	266	75	31	58	261	192	209	120	469	220	186	32	102	399	62	235	198	68	197	63
gene-Sumo2-dl1	chr16	27907169	27908019	+	851	184	150	134	136	70	28	126	208	118	142	76	34	10	168	128	108	80	220	160	106	42	62	204	26	138	64	26	140	60
gene-Sumo2-l1	chr7	14972278	14973300	-	1023	310	296	280	270	110	36	196	338	236	304	104	76	8	306	258	192	192	316	290	348	76	120	524	26	276	214	102	320	92
gene-Surf6	chr14	112826144	112829978	+	3835	768	448	398	465	306	84	564	546	260	418	233	50	41	336	252	327	266	356	398	302	100	323	584	58	386	306	236	388	115
gene-Surf6-dl1	chr19	94893130	94896816	+	3687	245	132	140	134	142	16	158	168	78	120	102	20	10	176	168	150	130	170	168	146	30	156	218	16	148	130	112	90	56
gene-Syap1	chrX	179595659	179622617	-	26959	1373	1016	2028	3216	1666	385	1812	1160	1460	2973	1348	400	181	1042	1908	2454	1519	3375	986	1798	713	1250	3954	228	1900	2106	1349	888	970
gene-Syap1-dl1	chr13	92644416	92646230	-	1815	970	678	1834	2912	1624	356	1238	677	1636	2900	1614	306	108	726	1787	2192	1566	2566	644	1860	808	1471	3238	152	1908	1818	1348	602	884
gene-Syap1-dl2	chr5	22592061	22593077	+	1017	2	0	18	6	16	0	6	4	13	2	14	6	0	0	14	2	8	12	2	6	0	4	6	2	10	0	4	2	2
gene-Syf2	chr19	17391675	17400477	-	8803	804	534	876	1024	572	178	586	762	758	922	548	176	74	532	642	602	452	1181	512	668	190	460	1345	83	803	494	403	472	322
gene-Syf2-l1	chr28	26935499	26936288	-	790	340	214	444	526	286	68	294	268	298	368	236	58	18	332	540	362	344	818	308	448	136	426	1082	28	632	370	332	254	252
gene-Taar4	chr18	67539727	67540773	+	1047	0	0	0	0	0	0	0	1	0	0	0	0	0	0	0	0	0	0	0	0	0	0	0	0	0	1	0	0	0
gene-Taar4-l1	chr18	67555624	67556667	+	1044	4	0	0	0	0	0	0	1	0	0	0	0	0	0	0	1	0	0	0	0	0	0	0	0	0	1	0	0	0
gene-Taar7a	chr18	67645671	67646729	+	1059	0	0	0	0	0	0	0	0	0	0	0	0	0	0	0	0	0	0	0	0	0	0	0	0	0	0	0	0	0
gene-Taar7a-l1	chr18	67593794	67727804	-	134011	93	63	55	83	44	13	113	55	71	100	38	6	6	64	53	96	34	112	48	66	30	57	151	10	101	59	33	49	44
gene-Taar7a-l2	chr18	67660054	67661085	+	1032	0	0	0	0	0	0	0	0	0	0	0	0	0	0	0	0	0	0	0	0	0	0	0	0	0	0	0	0	0
gene-Taar7a-l3	chr18	67745878	67746933	+	1056	0	0	0	0	0	0	0	0	0	0	0	0	0	0	0	0	0	0	0	0	0	0	0	0	0	0	0	0	0
gene-Taf13	chr21	14908779	14916822	+	8044	386	342	320	425	287	77	333	441	264	438	234	71	50	456	307	345	281	595	400	209	88	177	666	37	261	436	214	337	160
gene-Taf13-dl1	chr20	24680449	24680817	-	369	50	44	20	20	17	8	32	31	22	48	28	0	2	36	27	37	21	55	47	48	6	21	81	2	53	46	26	52	18
gene-Taf13-dl2	chr22	74266479	74268047	+	1569	450	632	470	562	358	104	332	752	478	612	384	58	24	764	490	494	360	686	662	460	154	396	796	30	448	428	264	654	232
gene-Taf13-dl3	chr7	4954493	4955516	+	1024	56	34	44	44	36	14	46	56	20	86	56	6	6	62	42	47	24	72	80	38	12	28	107	12	24	32	28	52	30
gene-Taf1a	chr8	123915642	123942594	-	26953	797	744	474	632	251	144	908	852	307	756	274	98	68	830	324	826	317	1185	712	356	291	398	1106	61	469	659	242	726	236
gene-Taf1a-l1	chr14	96132921	96135337	-	2417	286	300	188	284	72	42	242	554	212	264	82	30	14	418	198	252	102	426	458	194	66	90	530	14	230	202	76	362	118
gene-Taf7l	chrX	76558975	76576184	+	17210	0	16	2	10	0	4	0	6	0	0	0	0	2	13	8	0	0	0	8	0	0	0	4	0	0	0	6	12	0
gene-Taf7l-l1	chr10	87422109	87444626	-	22518	28	28	20	54	20	8	56	35	8	34	8	0	8	24	10	31	14	54	28	12	8	32	42	2	18	21	22	26	10
gene-Taldo1	chr24	62606221	62615262	-	9042	6522	4167	7708	11243	5137	1240	5659	5350	5961	10500	5168	1134	316	4973	7010	8606	5194	8273	4545	7235	2966	5738	11437	470	6490	7584	4188	4131	2581
gene-Taldo1-dl1	chr7	38346531	38347750	+	1220	2376	1576	3004	4432	1980	448	1738	1908	2323	4208	2286	390	120	1702	2958	3239	2198	3064	1742	3062	1164	2380	4646	204	2668	2804	1716	1442	930
gene-Tank	chr9	18233125	18318644	+	85520	3014	730	2886	1354	876	288	3289	1205	2255	1364	772	292	410	1011	1790	1223	796	3978	812	2076	346	923	3636	326	2236	856	764	754	753
gene-Tank-l1	chr11	87228698	87229674	-	977	64	38	154	138	59	20	64	62	222	110	74	12	10	42	156	108	59	140	28	183	30	46	234	10	150	74	38	18	60
gene-Tank-l2	chr5	9071529	9073719	-	2191	108	44	186	142	52	20	92	66	220	140	46	18	8	58	156	128	60	150	56	202	52	44	250	8	221	64	46	46	44
gene-Tas2r143	chr22	69296369	69297271	+	903	0	0	0	0	0	0	8	0	0	0	0	0	2	0	0	0	0	0	0	0	0	0	0	0	2	0	0	0	0
gene-Tas2r143-dl1	chr22	69304296	69305210	+	915	0	0	0	4	0	0	9	0	8	0	0	0	4	0	0	0	0	2	0	0	0	0	0	0	0	0	0	0	0
gene-Tas2r39	chr22	68961081	68962025	+	945	0	0	0	0	0	0	0	0	0	0	0	0	0	0	0	0	0	0	1	0	0	0	0	0	0	0	0	0	0
gene-Tas2r39-l1	chr22	68999847	69000791	+	945	0	2	0	0	0	0	0	0	0	0	0	0	0	0	0	0	0	0	3	0	0	0	0	0	0	0	0	0	0
gene-Tbca	chr10	84094895	84159124	+	64230	3004	1276	2084	2290	1434	258	3537	1564	1746	2676	1444	268	336	1410	1854	2124	1460	2906	1197	1732	656	1418	2748	288	1889	1668	1264	1229	632
gene-Tbca-l1	chr20	61299978	61300580	-	603	384	294	676	934	538	72	372	310	520	983	498	72	18	304	644	736	634	502	245	702	244	584	794	28	628	614	448	252	134
gene-Tbca-l2	chr8	79791388	79791971	-	584	46	28	60	92	42	14	32	34	34	88	38	8	4	16	74	82	46	44	18	48	22	34	46	8	52	32	42	44	12
gene-Tbcc	chr1	11148153	11152474	-	4322	257	320	188	264	216	76	225	336	198	322	248	58	16	392	228	370	218	350	348	238	78	236	386	22	228	196	144	321	65
gene-Tbcc-dl1	chr20	82996738	82998221	-	1484	86	116	92	114	122	8	94	198	54	134	180	12	6	154	100	138	126	212	162	68	28	74	188	8	130	108	66	132	36
gene-Tbpl1	chr18	53430730	53468473	+	37744	1189	2115	1401	1575	599	301	1676	2868	1294	1629	484	264	187	2563	1236	1273	578	2522	2285	1189	463	534	2519	155	1434	1378	522	2291	661
gene-Tbpl1-l1	chr1	123424440	123424997	+	558	26	142	98	122	46	8	36	164	80	78	32	16	4	138	94	80	36	162	120	82	20	40	188	4	62	80	26	160	54
gene-Tcaf2	chr22	69614119	69627301	-	13183	11	7	0	6	0	6	6	2	1	6	0	0	2	12	6	0	7	26	2	1	1	0	19	2	2	11	0	4	9
gene-Tcaf2-l1	chr22	69647949	69669153	-	21205	816	123	328	702	124	144	1046	192	331	624	74	159	142	190	330	608	77	1686	190	275	231	112	1490	102	474	453	72	175	323
gene-Tcea3	chr19	15753301	15790423	-	37123	127	33	4099	776	15	37	544	67	3411	763	9	24	99	44	3292	724	5	308	56	3879	200	12	317	334	3422	440	8	33	65
gene-Tcea3-l1	chr5	125925139	125927436	-	2298	252	166	714	1808	2423	298	567	176	458	1421	1994	207	62	460	512	1354	2687	2079	249	494	388	2149	2963	80	728	841	1764	132	657
gene-Tceal5	chrX	75243524	75244363	+	840	0	1413	2	6	2	0	4	2119	13	6	6	0	0	1834	6	0	0	10	1492	16	0	8	14	0	0	2	0	1617	0
gene-Tceal5-l1	chr14	41685577	41686337	-	761	0	281	2	0	0	0	2	378	2	0	0	0	0	187	0	0	0	4	243	0	0	0	4	0	0	0	0	154	2
gene-Tceal5-l2	chr15	53472891	53473805	+	915	2	384	4	0	0	0	10	534	4	1	6	0	0	305	10	0	0	10	457	10	0	0	4	0	2	4	2	280	2
gene-Tcp1	chr18	28986649	29018807	-	32159	3663	3078	4871	6172	3725	431	2806	4087	3725	5621	3048	368	202	3754	4824	4837	3773	3635	3514	4121	1386	3445	4076	272	4363	4258	3038	3406	940
gene-Tcp1-l1	chr6	127541314	127543174	-	1861	510	372	482	640	495	54	278	584	328	600	388	32	12	456	538	540	470	526	522	420	184	470	742	32	530	457	398	446	158
gene-Tdrkh	chr22	53092125	53100061	-	7937	122	1178	120	194	12	40	150	1845	44	184	4	54	22	1508	94	70	11	334	1521	94	42	10	446	26	102	130	14	1465	86
gene-Tdrkh-l1	chr13	37654156	37655467	+	1312	30	206	10	58	6	16	14	324	10	54	4	2	8	308	12	18	8	88	202	16	8	10	98	4	36	18	0	230	16
gene-Tdrkh-l2	chr3	79649355	79651946	-	2592	36	348	32	84	9	22	46	598	44	52	10	16	10	458	40	32	10	112	448	46	20	0	168	6	56	38	10	467	44
gene-Teddm1	chr8	96811830	96812735	+	906	0	0	0	0	0	0	2	2	0	0	0	0	0	0	0	0	0	2	1	6	0	0	0	4	1	0	0	0	0
gene-Teddm1-l1	chr16	159951	160899	-	949	32	1	0	0	0	0	44	2	2	0	0	0	6	2	0	0	0	0	0	0	0	0	0	2	0	0	0	0	0
gene-Teddm1-l2	chr8	96761364	96762146	-	783	0	0	0	0	6	0	0	0	0	0	0	0	0	0	0	0	0	0	0	0	0	0	0	0	0	0	0	0	0
gene-Tep1	chr8	59119544	59166086	+	46543	1230	324	793	2297	162	297	2236	408	712	2152	163	360	326	354	438	1718	161	3148	416	483	479	161	2476	310	774	1514	171	311	559
gene-Tep1-l1	chr8	59261304	59291949	+	30646	240	29	60	117	28	39	1377	63	71	103	23	14	14	42	27	68	24	239	40	52	31	20	155	16	97	69	13	54	39
gene-Tep1-l2	chr8	59541287	59592526	-	51240	140	13	125	154	26	123	247	35	181	117	15	129	16	27	63	144	16	1145	19	114	41	5	1091	39	235	98	17	13	232
gene-Terf1	chr11	52947824	53001368	-	53545	875	504	353	138	126	98	784	719	438	166	103	65	67	718	346	128	116	841	637	160	44	60	574	67	1010	171	197	558	396
gene-Terf1-l1	chrX	77580580	77583258	+	2679	140	176	136	52	20	38	180	172	144	36	38	32	8	162	136	48	64	238	128	24	2	2	108	10	420	70	84	136	138
gene-Terf2	chr1	158384977	158419430	-	34454	1482	2066	1056	1703	1154	197	1609	2739	884	1651	1152	180	135	2232	854	1378	1332	2117	2098	854	406	1449	2070	160	1134	1188	966	2087	461
gene-Terf2-l1	chr19	44134152	44136494	+	2343	236	428	172	276	212	46	205	519	158	282	252	28	18	456	166	262	310	338	428	182	92	254	396	8	210	206	176	440	72
gene-Tex47	chr5	105591275	105601063	+	9789	6	84	6	2	0	0	10	109	14	2	0	0	2	70	2	0	0	34	63	8	0	0	6	0	14	0	6	141	0
gene-Tex47-l1	chr8	75916126	75917726	+	1601	0	0	0	0	0	0	0	0	0	0	0	4	0	0	0	0	0	2	0	0	0	0	0	4	0	0	24	0	0
gene-Tfam	chr1	52024621	52072258	-	47638	2817	1673	2566	3278	1928	202	1812	2079	2048	2812	1527	227	138	1837	2457	2652	1852	2146	1634	2360	778	1884	1994	192	2431	1920	1468	1660	498
gene-Tfam-l1	chr16	42936000	42937600	-	1601	506	324	804	822	658	50	359	488	684	768	650	86	22	346	786	616	644	434	342	740	192	586	522	26	784	408	446	294	128
gene-Tfdp1	chr7	132572732	132604620	+	31889	2913	1555	2118	1246	666	226	2750	2062	1857	1174	422	208	172	1870	1847	1081	490	1676	1823	1862	340	242	1954	170	1864	767	428	1518	417
gene-Tfdp1-l1	chr19	14902723	14906024	-	3302	195	59	133	68	36	14	189	86	82	50	28	18	15	98	112	78	51	176	66	100	14	28	135	18	103	62	32	62	23
gene-Tfe3	chrX	133935126	133960568	+	25443	1122	1249	1006	1412	716	156	1454	1469	838	1207	546	174	94	1401	953	1189	710	1875	1295	973	345	579	1899	130	1156	942	520	1115	457
gene-Tfe3-l1	chr14	42735361	42738715	-	3355	350	370	360	480	222	52	430	497	248	420	204	22	48	431	320	424	234	516	460	358	126	152	560	30	280	324	136	374	118
gene-Tgas113e22.1	chr5	79332476	79406599	-	74124	1308	659	758	762	419	210	913	1045	679	871	378	216	80	835	680	679	449	1700	792	700	210	534	2468	66	785	605	320	621	562
gene-Tgas113e22.1-l1	chr6	33339132	33340686	-	1555	1359	551	520	837	389	300	936	802	584	764	356	242	54	687	465	685	420	1276	684	493	239	458	2073	76	501	558	272	486	449
gene-Tgif2lx	chrX	89993012	89993698	-	687	0	0	0	0	0	0	0	0	0	0	0	0	0	0	0	0	0	0	0	0	0	0	0	0	4	0	0	0	0
gene-Tgif2lx-l1	chrX	90164933	90165619	-	687	0	0	0	0	1	0	0	0	0	0	0	0	0	0	0	0	0	0	0	0	0	0	0	0	0	0	0	0	0
gene-Thap1	chr1	92057485	92073000	-	15516	383	439	392	477	297	69	281	568	311	499	306	73	30	564	453	483	354	546	490	345	129	321	601	48	464	378	254	468	101
gene-Thap1-dl1	chr16	99807363	99808499	+	1137	98	86	78	114	74	14	41	106	78	118	42	10	4	84	72	119	70	100	71	112	32	56	160	6	68	64	51	70	26
gene-Them5	chr22	53177145	53184213	-	7069	38	0	0	2	0	0	94	4	0	0	0	0	2	0	0	0	0	12	2	0	0	0	2	2	2	2	0	0	2
gene-Them5-dl1	chr6	99915729	99925275	+	9547	4	0	2	0	0	0	0	10	0	0	0	0	0	10	2	2	0	0	10	0	0	2	8	0	0	2	0	10	0
gene-Timm17a	chr8	75977021	75989972	-	12952	810	1537	1995	1609	502	74	752	2000	1301	1652	432	100	50	1688	1940	1851	506	924	1635	1376	416	491	763	50	1683	1214	406	1744	166
gene-Timm17a-l1	chr6	78925819	78926837	+	1019	332	768	1500	1232	326	50	310	864	1000	1022	426	40	12	794	1534	1136	484	338	664	1122	246	394	424	32	1218	739	288	707	90
gene-Timm23	chr8	121075717	121076731	+	1015	170	350	892	414	282	30	146	396	759	424	292	22	24	338	804	328	326	214	346	898	134	340	320	30	764	342	300	336	54
gene-Timm23-dl1	chr15	65386465	65387094	+	630	66	96	222	118	40	4	50	60	158	108	98	4	4	96	212	110	74	36	70	200	20	90	68	8	168	58	84	76	22
gene-Tle6	chr3	121852954	121857660	-	4707	36	51	59	18	22	9	45	87	37	59	5	5	10	80	33	30	6	133	37	33	7	21	75	9	38	44	12	50	20
gene-Tle6-l1	chr3	23292166	23293872	+	1707	0	0	0	0	6	0	2	0	0	0	2	0	0	0	0	0	0	6	0	0	0	10	0	0	0	0	0	6	0
gene-Tma7	chr14	50595823	50596268	-	446	790	532	926	1134	512	94	476	744	866	1028	396	74	34	672	984	748	554	472	536	1044	268	512	678	52	818	662	350	640	136
gene-Tma7-dl1	chr6	97815975	97821566	+	5592	368	702	1380	1202	735	106	534	1001	1155	1115	648	80	42	763	1352	840	720	1016	674	1447	279	608	1292	94	1346	693	475	742	272
gene-Tmem11	chr7	52406797	52421879	+	15083	671	690	1020	599	366	100	1048	825	851	611	275	86	114	766	1108	516	336	930	758	955	144	316	718	108	839	363	260	614	131
gene-Tmem11-l1	chr10	41173723	41174604	+	882	2	2	8	0	0	2	8	2	12	12	0	0	0	8	8	8	4	6	16	8	0	2	6	2	22	8	0	6	2
gene-Tmem11-l2	chr7	39922144	39923018	-	875	4	12	6	4	0	0	0	0	0	4	2	0	0	0	8	2	4	4	0	2	2	0	8	0	14	2	0	8	4
gene-Tmem126a	chr24	4419641	4429356	-	9716	1030	1379	3488	2067	927	146	925	1664	3320	1770	830	186	104	1484	3636	1584	1133	1331	1378	3182	460	844	1448	162	3454	1451	746	1393	411
gene-Tmem126a-dl1	chr12	101140566	101141248	+	683	74	68	130	144	80	20	52	82	120	131	58	6	14	88	167	110	54	39	60	182	34	74	74	12	175	100	70	76	16
gene-Tmem14c	chr13	107266194	107272378	-	6185	829	448	1552	1682	1106	154	932	530	1320	1496	1034	118	52	506	1508	1178	1116	1036	528	1460	404	1094	1324	96	1218	1042	920	430	236
gene-Tmem14c-l1	chr3	115905657	115906533	-	877	0	0	0	0	0	0	0	0	0	0	0	0	0	0	0	0	0	0	0	0	0	0	0	0	0	0	0	0	0
gene-Tmem17	chr20	43657743	43659310	-	1568	32	438	52	156	14	20	34	567	56	129	20	12	4	516	66	96	22	69	382	81	36	20	104	6	99	80	10	367	28
gene-Tmem17-l1	chr22	38789713	38796909	+	7197	462	5478	1144	2240	278	172	551	7245	946	1954	248	138	54	6608	932	1736	336	1101	5696	990	540	284	1569	70	1284	1578	184	5677	308
gene-Tmem184c	chr23	23586784	23611077	+	24294	4333	7718	5472	8383	3779	954	4458	9862	4859	7767	3863	897	479	8767	5105	6378	4034	8542	8073	4827	2046	4016	9097	552	5428	5196	3247	7880	2181
gene-Tmem184c-dl1	chr23	19498118	19518806	+	20689	4	58	22	0	0	0	4	34	16	1	0	0	0	39	0	1	0	9	32	4	0	0	1	0	8	0	8	18	0
gene-Tmem198	chr1	72371150	72378199	-	7050	64	1496	150	107	243	36	113	1646	136	96	224	30	10	1809	92	102	261	160	1387	136	26	105	233	8	126	79	159	1225	72
gene-Tmem198-l1	chr16	43100189	43104557	-	4369	301	658	714	157	100	128	826	796	543	122	76	92	40	632	616	136	76	932	644	622	44	42	890	60	678	88	58	671	128
gene-Tmem203	chr14	113968807	113970747	-	1941	643	1222	1269	1361	609	98	544	1474	1124	1145	476	118	78	1281	1279	1073	576	970	1271	1275	322	643	1286	124	1236	828	569	1122	278
gene-Tmem203-dl1	chr2	43425066	43426485	+	1420	156	166	204	233	90	20	136	244	182	220	64	30	12	216	268	182	112	212	172	276	55	106	248	22	216	171	90	192	44
gene-Tmem203-l1	chr14	86346	86879	+	534	0	4	2	4	0	0	0	4	0	2	0	0	0	2	4	2	0	0	8	0	2	0	2	0	6	0	6	2	0
gene-Tmem209	chr17	58889895	58938910	-	49016	2637	1114	1406	2205	1523	296	1861	1460	1112	2004	1053	210	156	1233	1381	1640	1112	2492	1190	1232	536	1293	2632	190	1333	1284	1024	1065	554
gene-Tmem209-l1	chr8	43039148	43040873	-	1726	282	110	176	302	238	22	186	166	174	240	144	30	14	126	138	200	164	274	102	156	64	156	280	18	154	180	148	100	52
gene-Tmem238	chr2	42742832	42743145	-	314	10	10	0	36	32	8	14	6	0	40	52	0	0	14	2	46	14	52	2	4	18	44	92	2	2	28	28	4	20
gene-Tmem238-l1	chr20	54685070	54693814	-	8745	310	567	628	989	167	192	594	840	574	816	98	174	68	768	628	760	132	1597	794	578	186	140	1662	54	744	651	106	596	420
gene-Tmem242	chr18	50523040	50550444	-	27405	1146	1828	1693	2297	887	240	1252	2948	1554	1990	817	236	93	2201	1639	1843	960	1978	1843	1596	502	867	2123	181	1807	1360	734	2071	452
gene-Tmem242-dl1	chr5	11064410	11064850	-	441	32	55	59	76	49	4	16	66	84	72	25	8	8	54	88	24	53	62	32	87	14	67	100	2	82	52	26	45	19
gene-Tmem263	chr2	154778750	154784811	+	6062	2384	3855	3528	4801	2086	516	5060	6492	3431	3929	1861	456	227	4780	3288	4477	1865	3514	4324	3128	1159	1691	4017	318	3874	3141	1380	3829	884
gene-Tmem263-dl1	chr6	13730464	13731862	-	1399	228	313	306	286	186	42	373	422	210	322	188	44	22	382	288	306	126	276	344	204	98	140	344	24	352	222	92	286	96
gene-Tmem30a	chr10	9478021	9479559	-	1539	0	0	0	0	0	0	0	0	0	0	0	0	0	0	0	0	0	0	0	0	0	0	0	0	0	0	2	0	0
gene-Tmem30a-l1	chr3	96755110	96812350	-	57241	4304	13301	7816	9630	5554	1452	6102	17110	6872	8304	4632	1292	496	14867	7824	6699	4818	10700	13331	6935	2342	5298	12634	648	8516	5657	4128	12802	2916
gene-Tmem30a-l2	chr3	101544539	101577413	+	32875	4081	9477	5569	13563	5293	1418	5184	12102	4438	12564	4665	1263	380	10667	5230	9570	4728	11220	9657	4734	3135	5562	13977	637	5980	8512	4291	9468	3379
gene-Tmem38b	chr14	80327768	80379955	+	52188	1577	1154	2585	4252	2928	160	1630	1462	1820	5502	4276	152	244	1589	2228	3792	3448	1546	1288	1980	1308	4388	1594	486	2325	2903	2902	1128	362
gene-Tmem38b-dl1	chr2	43394620	43395210	+	591	17	4	22	20	28	0	4	12	14	32	46	1	2	20	32	22	34	12	10	14	2	24	10	2	20	12	36	8	2
gene-Tmem45a	chr6	127344543	127455044	-	110502	6762	70	200	141	21	153	5470	117	272	90	9	149	1223	115	226	47	18	1109	87	235	39	14	1270	906	417	60	2	73	215
gene-Tmem45a-l1	chr6	127601841	127682623	-	80783	157	9	19	19	2	2	111	11	6	8	4	3	36	16	23	7	2	10	4	2	4	10	5	41	12	5	0	11	2
gene-Tmem9b	chr24	32501276	32520425	-	19150	2148	2438	2507	3800	1594	424	2040	3040	2228	3185	1568	368	209	2825	2526	2456	1642	2902	2506	2279	778	1783	3178	280	2584	2132	1430	2430	810
gene-Tmem9b-dl1	chr11	52027183	52028011	+	829	242	318	410	536	256	50	220	398	336	457	276	66	14	438	350	356	290	450	358	308	128	304	586	26	414	306	198	354	130
gene-Tmem9b-dl2	chr3	76855947	76856498	-	552	6	10	10	16	8	0	12	18	2	8	8	0	2	12	14	18	14	2	8	4	8	12	16	0	14	6	10	12	0
gene-Tmsb10	chr22	15719967	15721265	-	1299	347	162	124	58	24	70	515	186	100	44	30	26	28	150	118	56	24	236	144	126	20	34	378	26	142	22	30	205	84
gene-Tmsb10-l1	chr16	11278261	11280521	+	2261	6	0	0	0	0	0	4	2	0	0	2	0	0	1	0	0	0	0	0	0	0	1	0	0	2	0	0	0	0
gene-Tmsb10-l2	chr18	18816326	18830816	+	14491	132	47	86	116	70	27	205	71	53	81	59	18	29	76	52	112	63	253	47	71	14	43	144	19	50	54	27	64	8
gene-Tnfaip8	chr11	73404714	73530715	-	126002	6857	326	773	7552	214	330	4362	307	628	6090	187	244	694	539	576	7253	136	4456	380	558	2511	193	2591	410	612	6954	215	335	572
gene-Tnfaip8-l1	chr1	84958161	84959787	+	1627	255	30	88	1650	14	24	189	50	120	1362	12	48	24	40	76	654	14	162	31	74	388	6	198	4	113	1710	6	38	66
gene-Tnni2	chr4	76330515	76333009	+	2495	78	0	30	121	472	22	23063	0	54	38	178	4	4884	0	90	95	354	64	4	134	43	66	82	12311	86	113	120	4	16
gene-Tnni2-dl1	chr16	47173354	47175096	-	1743	0	5	6	0	18	6	361	7	10	4	2	0	76	14	10	6	12	10	9	7	4	23	0	180	0	9	8	8	0
gene-Tnxb	chr1	2175559	2225650	-	50092	16716	201	3320	4516	393	188	71089	393	7227	1274	355	250	6098	482	3742	838	437	2945	311	4513	442	446	1567	8192	8668	697	535	253	470
gene-Tnxb-l1	chr1	2225478	2244619	-	19142	1065	14	178	58	10	20	4254	18	365	57	8	14	405	36	272	69	38	234	32	266	18	24	111	528	474	52	20	28	24
gene-Tomm20	chr13	85829875	85847329	+	17455	2759	4114	2302	3592	1625	363	2116	5781	2027	3360	1491	332	202	4926	2159	2755	1687	2946	4421	1989	826	1858	3325	244	1920	2114	1107	4225	746
gene-Tomm20-dl1	chr10	40093908	40097360	-	3453	209	230	94	172	74	24	128	302	88	218	64	16	24	225	124	158	104	170	200	82	36	80	164	20	102	122	74	268	50
gene-Tomm20-dl2	chr13	39294742	39296167	+	1426	1034	2324	1314	2268	788	186	776	3012	1098	1906	906	200	50	2774	1144	1616	1040	1236	2452	1166	510	1064	1654	118	1098	1156	734	2261	382
gene-Tomm20-dl3	chr19	35263736	35264284	-	549	8	0	4	0	0	0	8	0	0	2	0	1	0	0	8	0	2	12	10	4	0	0	2	0	0	2	0	1	0
gene-Tomm22	chr4	36843659	36846885	+	3227	2240	1887	4083	4157	1321	336	1760	2333	3399	3676	1234	328	120	2234	3889	3090	1762	2657	1985	3921	1036	1523	3818	233	3621	2717	1188	2018	808
gene-Tomm22-l1	chr18	54971561	54972646	-	1086	700	558	1372	1332	460	74	524	640	1054	1060	410	88	40	670	1348	972	594	826	470	1258	242	492	1220	68	976	742	376	522	284
gene-Tomm5	chr14	53700865	53704970	+	4106	229	169	329	262	106	10	145	225	337	230	90	22	12	234	364	261	104	184	187	373	73	80	202	19	304	166	90	199	44
gene-Tomm5-l1	chr14	101802154	101802819	-	666	110	128	462	288	94	6	102	116	372	280	98	10	2	80	468	230	156	98	82	442	66	168	132	20	424	206	78	102	44
gene-Tomm6	chr1	10470194	10471546	+	1353	1883	1572	3022	4772	1721	238	1304	1828	2565	4635	1692	210	112	1695	2907	3685	1934	1601	1531	2951	1276	1810	2158	190	2688	3260	1288	1379	448
gene-Tomm6-dl1	chr5	78323843	78324166	+	324	0	0	0	0	2	0	0	0	0	0	0	0	0	0	0	0	4	0	0	0	0	2	0	0	0	4	0	0	0
gene-Tomm7	chr7	84259353	84259773	-	421	266	244	1122	470	248	36	202	312	946	442	200	32	10	364	1254	438	270	308	242	1196	102	246	396	26	1386	380	224	300	122
gene-Tomm7-dl1	chr17	73277695	73289981	+	12287	388	358	791	434	164	50	286	524	560	468	200	40	32	353	662	360	198	388	402	792	112	194	404	51	546	356	166	290	62
gene-Tomm7-dl2	chr9	44169180	44169691	+	512	916	1027	4237	1879	790	136	640	1340	3864	1797	835	128	54	1091	3651	1413	874	814	1131	4266	490	756	1238	162	3222	1289	598	914	262
gene-Topors	chr14	58738802	58740318	-	1517	2436	2529	3308	4067	2630	529	2550	3658	2845	4030	2428	452	213	3142	3284	3296	2618	4977	2925	3206	1118	2429	5253	266	3172	2830	1935	2511	1144
gene-Topors-l1	chr14	78783682	78785778	+	2097	0	0	0	0	0	0	0	0	0	0	0	0	0	0	0	0	0	0	2	0	0	0	0	0	0	0	6	2	0
gene-Tox4	chr8	57172641	57196931	-	24291	3757	3414	2493	2866	1719	624	2739	4455	2221	2863	1212	570	317	3703	2469	2439	1564	5660	3456	2206	656	1414	5687	348	2657	1885	1364	3395	1434
gene-Tox4-dl1	chr21	24021575	24023434	+	1860	954	891	564	788	522	202	638	1153	612	751	413	147	50	1059	545	609	369	1237	969	501	184	323	1419	80	688	547	354	933	364
gene-Tpgs1	chr3	123835259	123842862	-	7604	975	1322	773	886	580	132	945	1476	723	676	470	128	108	1527	823	963	564	1092	1444	849	231	532	1270	112	764	720	412	1258	194
gene-Tpgs1-dl1	chr22	69029888	69030899	+	1012	38	86	38	68	24	6	56	94	38	42	26	8	10	148	92	70	40	54	82	90	26	58	72	4	80	46	18	120	20
gene-Tpgs2	chr10	27840297	27878781	-	38485	1013	885	426	663	179	144	803	1017	320	664	168	130	84	1014	413	570	159	1619	1360	573	234	266	2236	84	489	501	102	876	278
gene-Tpgs2-l1	chr26	19092713	19095882	-	3170	408	1262	452	892	274	144	404	1474	496	958	170	200	24	1278	518	724	284	1398	542	218	86	104	782	32	642	572	142	1084	432
gene-Tpm4	chr3	104122947	104140228	-	17282	19471	3780	12412	13867	6276	7712	32574	4912	11987	13373	5354	7150	1596	5062	13697	11522	6270	64052	4296	12157	4800	6508	80230	1836	15641	9208	5308	3756	19516
gene-Tpm4-dl1	chr3	147178195	147180053	-	1859	4148	798	2802	2939	1418	1546	6877	1122	2626	2821	1420	1603	298	1040	3128	2449	1560	14239	1014	2630	944	1492	18649	402	3565	1904	1222	805	4601
gene-Tpmt	chr13	100152556	100170058	+	17503	100	274	54	385	96	4	36	376	70	314	99	2	10	256	112	222	274	90	200	122	62	108	106	10	116	200	162	252	22
gene-Tpmt-l1	chr15	18862247	18863135	+	889	30	138	28	252	60	2	14	182	66	228	67	2	4	168	58	148	140	24	90	76	30	90	14	2	64	74	72	98	6
gene-Tpt1	chr7	57555151	57558522	-	3372	859	277	563	541	1300	93	572	395	384	339	730	69	57	392	373	340	616	1017	384	466	123	661	1372	56	674	423	352	326	410
gene-Tpt1-l1	chr12	93120004	93120838	+	835	185	0	2	6	2	7	18	6	11	4	3	3	0	46	96	210	84	98	50	102	64	118	150	12	1	3	1	4	0
gene-Tpx2	chr20	59192221	59258620	+	66400	3123	118	453	146	61	46	2271	162	700	100	45	32	123	130	900	94	76	366	119	790	29	80	494	189	1048	112	70	90	103
gene-Tpx2-l1	chr9	102796621	102845123	-	48503	22	74	10	55	7	2	28	121	12	88	20	2	2	84	2	22	2	10	109	6	10	4	22	2	16	30	12	106	3
gene-Tpx2-l2	chrX	20892657	20896693	+	4037	652	11	86	12	18	4	228	22	166	19	4	4	4	4	258	6	6	63	11	184	6	14	100	16	174	4	12	16	14
gene-Trap1	chr20	38194793	38237281	-	42489	2505	3640	6756	14133	8112	340	2191	4848	4618	12060	7390	274	188	4144	6359	10826	8331	2840	3627	6142	3351	7144	3285	280	5584	9478	7270	3665	740
gene-Trap1-l1	chr5	19323986	19326177	+	2192	910	1554	3092	5904	3646	160	742	1974	2148	4764	3465	92	40	1704	2909	4256	3832	1027	1488	2864	1248	3192	1279	112	2460	3458	3364	1554	248
gene-Trappc1	chr7	39027062	39028989	-	1928	784	1042	1282	2106	1650	206	728	1266	974	1978	1698	150	84	1268	1149	1533	1560	1532	1196	1190	526	1816	2155	106	1292	1242	1242	1064	424
gene-Trappc1-dl1	chrX	20698731	20699060	-	330	0	0	0	0	0	0	0	0	0	0	0	0	0	0	0	0	0	0	2	0	0	0	0	0	0	0	0	2	0
gene-Trappc2	chrX	183806654	183823281	+	16628	417	319	474	249	190	65	470	419	439	296	200	69	59	394	407	235	236	661	382	432	57	226	603	52	436	175	227	465	112
gene-Trappc2-l1	chr1	75973113	75976762	+	3650	44	431	40	141	34	4	34	486	38	92	24	6	6	353	54	68	12	20	398	52	18	18	50	2	42	28	16	383	2
gene-Trappc2-l2	chr1	84927261	84933586	+	6326	699	1326	1289	1056	327	112	363	1402	1167	823	332	90	38	1552	1244	632	404	1015	1080	1273	171	376	975	75	1274	546	327	1323	260
gene-Trappc2l	chr1	175993400	175998679	-	5280	1608	1923	3954	4476	2323	366	1501	2351	3293	3960	2048	326	166	2007	3005	3731	2177	2441	1701	3192	1281	2359	3601	236	3437	2804	1685	1955	816
gene-Trappc2l-l1	chr18	43710688	43711107	+	420	0	0	0	0	0	0	0	0	0	0	0	0	0	0	0	4	0	0	0	0	0	0	0	0	0	0	0	0	0
gene-Trav12-3	chr8	51283096	51283927	-	832	3	0	0	4	2	0	10	0	4	0	0	0	0	0	0	10	0	6	0	2	0	0	12	0	16	2	0	5	1
gene-Trav12-3-dl1	chr8	51878964	51879549	-	586	0	0	0	0	0	0	0	0	0	0	0	1	0	0	0	0	0	0	0	0	0	0	0	0	0	0	0	0	0
gene-Trav12-3-dl2	chr8	52972310	52972896	-	587	0	0	0	0	0	0	0	0	0	0	0	0	0	0	0	0	0	0	0	0	0	0	0	0	0	0	0	0	0
gene-Trav12-3-dl3	chr8	53531136	53531761	-	626	0	0	0	0	0	0	0	0	1	0	0	0	0	0	0	0	0	0	0	0	0	0	0	0	0	0	0	0	0
gene-Trav12-3-dl4	chr8	55490327	55490913	-	587	0	0	0	0	0	0	0	0	0	0	0	0	0	0	0	0	0	3	1	0	0	0	0	0	0	0	0	1	0
gene-Trav12-3-dl5	chr8	56516989	56517577	-	589	0	0	0	0	0	2	0	0	0	0	0	0	0	0	0	0	0	0	0	0	0	0	2	0	0	0	0	0	0
gene-Trav12-3-dl6	chr8	56631076	56631701	-	626	0	0	0	0	0	0	0	0	0	0	0	0	0	2	0	0	0	0	0	0	0	0	0	0	0	0	0	0	0
gene-Trav13-1	chr8	47208617	47209374	-	758	0	0	0	0	0	0	0	0	0	0	0	0	0	0	11	0	0	2	0	0	0	0	4	0	0	0	0	0	0
gene-Trav13-1-dl1	chr8	49248322	49248986	-	665	0	0	0	0	10	0	0	0	0	0	0	2	0	0	0	0	0	0	0	0	0	0	0	0	0	0	0	1	2
gene-Trav13-1-dl2	chr8	49485075	49485742	-	668	0	1	2	0	0	0	0	0	0	0	0	0	0	2	2	0	2	0	0	2	0	4	0	0	0	0	2	5	0
gene-Trav13-1-dl3	chr8	51024370	51025037	-	668	0	0	0	0	0	0	0	0	0	0	0	0	0	0	2	0	10	0	0	0	0	4	0	0	0	0	2	0	0
gene-Trav13-1-dl4	chr8	52283670	52284339	-	670	0	0	0	0	0	0	0	0	0	0	0	0	0	4	2	0	0	0	0	0	0	2	0	0	0	0	0	4	0
gene-Trav13-1-dl5	chr8	53590086	53590713	-	628	0	0	0	0	0	0	0	0	0	0	0	0	0	0	0	0	8	0	0	0	0	4	0	0	6	0	1	2	0
gene-Trav13-1-dl6	chr8	55611035	55611702	-	668	0	0	0	0	0	0	0	0	0	0	0	0	0	0	0	0	10	0	0	0	0	6	0	0	0	0	4	0	0
gene-Trav13-1-dl7	chr8	56689500	56691261	-	1762	0	4	0	0	12	0	0	4	0	0	0	0	0	5	0	0	14	2	16	0	0	28	6	0	6	0	6	0	0
gene-Trav18	chr8	46997320	46997912	-	593	0	0	0	0	0	0	0	0	0	0	0	0	0	0	0	0	0	0	0	0	0	0	4	0	0	0	2	0	0
gene-Trav18-dl1	chr8	48057737	48058364	-	628	0	0	0	0	0	0	0	0	0	0	0	0	0	0	0	0	0	2	0	0	0	0	0	0	0	0	0	0	0
gene-Trav18-dl2	chr8	51384658	51385175	-	518	0	0	0	0	0	0	0	0	0	6	0	0	0	0	0	0	0	0	0	0	0	0	0	0	0	0	0	0	0
gene-Trav18-dl3	chr8	51833631	51834178	-	548	2	0	0	0	0	0	1	0	0	0	0	0	0	1	0	0	0	2	0	0	0	0	0	2	0	0	0	0	0
gene-Trav18-dl4	chr8	53334649	53335225	-	577	0	0	0	0	0	0	0	0	0	0	0	0	0	0	0	0	0	0	0	0	0	0	0	0	0	2	0	0	0
gene-Trav18-dl5	chr8	53744238	53744798	-	561	0	0	0	0	0	0	2	0	0	0	0	0	0	0	0	0	0	0	0	0	0	0	0	0	0	0	0	0	0
gene-Trav18-dl6	chr8	54127990	54128536	-	547	0	0	0	0	0	0	0	0	0	0	0	0	0	0	0	0	0	0	0	0	0	0	0	0	0	0	0	0	0
gene-Trav18-dl7	chr8	54302906	54303427	-	522	0	0	0	0	0	0	0	0	0	0	0	0	0	0	0	0	0	0	0	0	0	0	0	0	0	0	0	0	0
gene-Trav18-dl8	chr8	54706827	54707412	-	586	0	0	0	0	0	0	0	0	0	0	0	0	0	0	0	0	0	0	0	0	0	0	0	0	0	0	0	0	0
gene-Trav18-dl9	chr8	56135102	56135693	-	592	0	0	0	0	0	0	0	0	0	0	0	0	0	0	0	0	0	0	0	0	0	0	0	0	0	0	0	0	0
gene-Trav9-1	chr8	47029249	47029867	-	619	0	0	2	0	0	2	0	0	0	12	0	2	0	0	8	2	0	23	0	0	4	0	8	0	4	6	0	0	2
gene-Trav9-1-dl1	chr8	53553867	53554387	-	521	0	19	2	0	0	0	0	14	0	0	0	0	0	34	0	0	0	4	17	0	0	4	2	0	0	0	0	21	0
gene-Trav9-1-dl2	chr8	56654419	56654940	-	522	0	2	0	0	0	0	0	5	0	0	0	0	0	4	0	0	0	12	2	0	0	0	2	0	1	0	0	2	0
gene-Trav9-2	chr8	46716325	46716945	-	621	0	0	0	0	0	2	6	0	2	0	0	0	0	0	0	0	0	4	0	0	0	0	9	0	0	0	0	0	0
gene-Trav9-2-dl1	chr8	46769175	46769681	-	507	8	0	0	0	0	2	2	0	0	0	0	2	0	0	0	0	0	6	0	0	0	0	22	0	0	0	0	0	0
gene-Trav9-2-dl2	chr8	46891922	46892412	-	491	0	6	0	0	0	0	4	12	0	0	6	0	0	8	0	0	0	2	19	0	0	0	8	0	0	0	2	24	2
gene-Trav9-2-dl3	chr8	51297423	51297973	-	551	3	2	0	0	0	0	0	33	0	4	0	2	0	0	0	0	0	4	7	0	0	0	0	0	0	0	0	18	4
gene-Trav9-2-dl4	chr8	53573719	53574320	-	602	0	0	6	0	252	4	4	0	0	0	4	0	0	0	6	0	684	0	0	0	0	422	2	0	2	0	234	0	0
gene-Trdmt1	chr9	72361627	72416702	+	55076	1634	1653	1239	1506	268	346	2387	2042	1040	1592	186	252	284	1868	983	1403	226	3488	1725	1023	373	251	2519	204	1240	1017	216	1705	554
gene-Trdmt1-l1	chr24	23149043	23152470	-	3428	188	340	358	392	88	46	336	497	301	408	70	60	14	396	269	284	138	492	372	324	82	104	523	34	294	282	100	356	132
gene-Trdv1	chr8	48176443	48177354	-	912	0	0	0	0	0	0	0	0	0	0	0	0	0	0	0	0	0	0	0	0	0	0	0	0	0	0	0	0	0
gene-Trdv1-dl1	chr8	48370689	48371566	-	878	0	0	0	0	0	0	0	0	0	0	0	1	0	0	0	0	0	2	0	0	0	0	0	0	0	0	0	0	1
gene-Trdv1-dl10	chr8	55819702	55820460	-	759	0	0	0	0	0	0	0	0	0	0	0	0	0	0	0	0	0	0	1	0	0	0	0	0	0	0	0	0	0
gene-Trdv1-dl2	chr8	48695063	48695624	-	562	0	0	0	0	0	0	0	0	0	0	0	0	0	0	0	0	0	0	0	0	0	0	0	0	0	0	0	0	0
gene-Trdv1-dl3	chr8	51152558	51153241	-	684	0	0	0	0	0	0	0	0	0	0	0	0	0	0	0	0	0	2	0	0	0	0	2	0	0	0	0	0	0
gene-Trdv1-dl4	chr8	52856055	52856822	-	768	2	0	0	0	0	0	7	0	0	0	0	10	0	0	0	0	10	16	2	0	0	0	48	0	0	0	0	2	7
gene-Trdv1-dl5	chr8	53002206	53002574	-	369	0	0	0	0	0	0	0	0	0	0	0	0	0	0	0	0	0	0	0	0	0	0	1	0	0	0	0	0	0
gene-Trdv1-dl6	chr8	54144084	54144824	-	741	0	0	0	0	0	0	6	0	0	0	0	0	0	0	0	0	0	0	0	0	0	0	0	0	0	0	0	0	0
gene-Trdv1-dl7	chr8	54333817	54334488	-	672	0	0	0	0	0	0	0	0	0	0	0	0	0	0	0	0	0	0	0	0	0	0	0	0	0	0	0	0	0
gene-Trdv1-dl8	chr8	55146863	55147621	-	759	0	0	0	0	0	0	0	0	0	0	0	0	0	0	0	0	0	0	1	0	0	0	0	0	0	0	0	0	0
gene-Trdv1-dl9	chr8	55248258	55249025	-	768	4	0	0	0	0	2	6	0	0	0	0	2	0	0	0	2	0	10	0	0	0	0	4	2	0	0	0	0	0
gene-Trgv4	chr6	19805584	19807053	+	1470	4	18	4	0	0	2	2	10	4	6	1	4	0	16	10	0	0	22	18	3	2	0	22	6	2	1	0	18	2
gene-Trgv4-dl1	chr6	20093636	20094178	+	543	5	0	0	2	0	2	5	0	0	0	0	0	2	0	0	0	4	4	0	0	0	2	23	0	2	0	2	0	4
gene-Trhr	chr11	23810680	23856157	-	45478	5	35	31	4	3	2	6	234	63	15	2	2	5	60	5	0	2	26	66	29	2	6	5	3	20	9	0	43	0
gene-Trhr-l1	chr20	74891268	74895369	-	4102	0	26	4	0	0	0	0	9	0	0	0	0	0	6	0	0	0	0	2	0	0	0	0	0	0	0	0	14	0
gene-Triap1	chr20	17770135	17773303	-	3169	85	40	112	161	168	26	73	67	90	156	186	12	8	48	94	124	158	117	61	106	57	210	169	12	111	70	179	65	29
gene-Triap1-dl1	chr11	22477118	22478327	+	1210	60	22	46	80	88	10	24	26	54	92	82	2	8	24	30	62	78	44	14	44	18	98	50	12	56	68	90	14	20
gene-Triap1-dl2	chr19	83950582	83951851	-	1270	46	20	58	90	74	7	35	18	52	68	84	4	2	19	52	109	94	78	18	44	22	134	92	6	56	76	118	11	12
gene-Triap1-dl3	chr24	3317869	3319038	-	1170	40	20	60	72	88	10	30	22	40	78	50	10	4	18	72	72	90	44	20	50	16	76	70	0	60	60	66	8	20
gene-Trim28	chr2	45956522	45966012	+	9491	5761	4540	2669	5144	2398	525	4888	6405	2106	4413	1788	464	276	5412	2356	3888	1936	5469	4948	2366	1238	2071	4974	342	2576	3132	1856	4958	1074
gene-Trim28-dl1	chr19	33824893	33827931	+	3039	1078	1284	702	1343	392	126	1518	1580	800	1102	436	130	100	1550	752	1190	328	1168	1383	1026	316	384	1084	180	762	784	326	1209	222
gene-Trim38	chr13	91705370	91717167	+	11798	596	158	815	652	507	345	1176	252	682	625	526	280	102	172	678	577	585	3046	177	618	230	649	3332	94	909	432	458	126	677
gene-Trim38-l1	chr13	91453033	91463990	-	10958	198	87	573	954	259	294	460	95	584	1092	657	243	51	125	507	766	331	2396	142	464	279	792	2551	67	584	702	207	69	504
gene-Trim38-l2	chr13	91547657	91579900	-	32244	5	4	21	372	12	55	15	10	8	431	20	66	0	0	8	289	4	648	3	14	121	34	716	0	27	166	5	1	163
gene-Trim38-l3	chr13	91625813	91637895	-	12083	494	47	171	141	156	57	656	50	173	166	217	52	55	63	149	218	150	630	29	193	55	215	658	60	235	157	149	46	125
gene-Trim38-l4	chr13	91662692	91672452	-	9761	120	17	85	50	109	22	178	17	71	50	100	19	11	15	54	60	86	210	13	70	13	98	201	20	88	34	64	10	33
gene-Trim38-l5	chr13	91725842	91737644	+	11803	24	18	50	16	7	10	86	26	29	38	12	17	4	20	34	7	14	167	38	69	3	12	205	0	64	16	16	12	51
gene-Trim38-l6	chr13	91807633	91820596	-	12964	50	64	448	308	664	117	123	65	214	282	508	165	10	74	342	286	837	730	71	283	99	724	1133	10	195	163	616	36	197
gene-Trim38-l7	chr13	91829063	91836206	-	7144	168	66	359	165	1566	168	839	72	303	143	1170	204	37	62	341	158	711	1244	64	315	54	739	1941	54	442	114	794	44	301
gene-Trim44	chr4	72881381	73021823	-	140443	3340	7711	3005	5007	1686	606	4447	9197	2598	4325	1550	542	434	8517	2575	3821	1402	6703	7927	2412	1232	1935	5709	442	3127	3265	1219	7726	1225
gene-Trim44-dl1	chr7	121843200	121844258	+	1059	218	1094	468	678	226	68	353	1330	398	488	268	58	24	1256	436	562	222	646	1340	354	208	292	804	32	552	462	124	1133	188
gene-Trim5	chr24	26740429	26761889	+	21461	1136	263	2697	801	1210	1681	3535	394	2093	591	716	1577	296	346	2348	514	1128	15506	357	2217	202	1152	20080	434	2410	443	848	247	4838
gene-Trim5-l1	chr24	26769682	26927038	+	157357	189	53	580	248	438	258	1155	123	365	221	194	200	132	69	284	119	324	1950	77	280	42	259	1738	114	267	91	236	46	325
gene-Trim5-l2	chr24	26777468	26798036	+	20569	0	0	0	0	0	0	0	0	0	0	0	0	0	0	0	0	0	0	0	0	0	0	0	0	0	0	0	0	0
gene-Trim5-l3	chr24	26871245	26960187	+	88943	291	126	549	266	622	234	924	155	329	252	425	190	82	133	460	250	504	1669	123	401	78	531	1975	81	492	149	356	123	371
gene-Trim60	chr5	26619301	26628728	+	9428	66	8	24	12	82	2	12	8	0	2	0	0	0	24	12	14	58	18	24	50	10	18	59	8	16	12	42	12	14
gene-Trim60-l1	chr5	26644617	26646038	+	1422	0	3	0	0	0	0	0	2	2	0	0	0	0	0	0	0	0	9	2	0	0	4	0	0	0	0	2	0	0
gene-Trim8	chr28	42281508	42291943	-	10436	1340	2548	2186	5017	1092	824	2054	3477	1693	3802	969	765	172	3072	2257	4040	1115	6387	3031	2205	1006	983	7222	224	2150	3130	730	2489	1615
gene-Trim8-dl1	chr4	136117510	136119165	-	1656	12	12	24	26	10	14	24	22	2	38	12	0	0	12	24	38	10	50	24	10	6	10	86	0	30	34	2	18	24
gene-Try3	chr22	67861034	67868341	+	7308	2	0	0	4	0	1	0	0	0	0	0	0	0	1	2	0	0	6	0	0	0	0	0	0	0	0	0	0	0
gene-Try3-l1	chr22	67847636	67851957	-	4322	0	0	0	0	0	0	0	0	0	0	0	0	0	0	0	0	0	0	0	0	0	0	0	0	0	0	0	0	0
gene-Tsc22d1	chr7	56677217	56806938	-	129722	8129	9615	5628	14204	3836	813	9440	14491	4617	12500	4175	644	702	11275	4328	11403	7922	6521	9635	5283	4175	4236	7171	695	6219	11166	2282	10262	1787
gene-Tsc22d1-l1	chr21	57439697	57441296	+	1600	620	2600	2159	6481	1808	226	1156	4318	1628	4731	1856	258	70	3467	1758	5014	3926	1580	3018	2065	2069	1890	2442	104	2496	5051	964	3358	657
gene-Tsen15	chr8	94404137	94435343	-	31207	1379	1470	2018	1474	514	180	1122	1995	1518	1078	468	166	72	1758	2550	1240	810	1768	1468	1894	448	758	1921	106	1876	786	537	1664	360
gene-Tsen15-dl1	chr24	19456489	19456995	-	507	133	127	202	176	71	13	109	129	134	134	40	22	8	150	267	146	100	118	104	212	55	62	185	9	185	71	60	119	22
gene-Tsg101	chr1	103952476	103953399	-	924	770	676	887	1311	826	148	558	787	900	1237	734	112	60	756	972	866	760	1131	713	982	274	944	1184	108	924	748	582	659	302
gene-Tsg101-dl1	chr24	42498311	42509268	-	10958	2108	1555	2178	2366	1560	323	1996	2159	1936	2284	1400	304	214	1816	1949	1929	1714	3020	1747	2126	564	1636	2945	274	2284	1483	1419	1481	731
gene-Tsn	chr13	8657741	8673084	-	15344	1572	914	1116	1488	752	154	978	933	764	1195	664	128	62	696	582	704	539	1034	901	756	343	725	1256	70	687	702	438	586	248
gene-Tsn-dl1	chr23	45642634	45644047	-	1414	462	284	558	612	370	66	312	748	602	832	550	72	34	864	878	904	748	894	580	784	200	608	946	60	1094	650	648	600	316
gene-Tsnax	chr13	88681674	88711999	-	30326	3582	3511	3539	3259	1747	671	3418	4556	2944	2989	1564	633	297	3828	3420	2631	1586	5285	3679	3030	755	1813	5639	340	3206	2121	1335	3764	1432
gene-Tsnax-dl1	chr14	99011427	99012299	+	873	640	968	1106	955	414	158	572	1307	997	760	474	140	36	1182	1073	750	495	1192	1093	984	227	607	1524	84	1076	512	336	1113	350
gene-Tspan11	chr9	83241022	83330685	-	89664	1593	1025	599	6462	10	264	5394	986	763	5794	2	154	320	1076	570	4308	18	2851	959	694	1236	4	1846	368	824	3506	4	944	451
gene-Tspan11-l1	chr4	113154750	113166014	+	11265	0	0	0	0	0	0	0	0	0	0	0	0	0	0	0	0	0	0	0	0	0	0	0	0	0	0	0	0	0
gene-Tspan13	chr17	79350199	79382670	-	32472	948	3238	2406	743	7068	810	1714	4404	1474	662	4716	652	156	3784	2240	588	6828	6212	3100	1697	226	6882	6654	160	1948	426	6256	3452	1428
gene-Tspan13-dl1	chr22	14712821	14715713	-	2893	154	726	382	224	1606	174	225	860	238	104	1078	108	12	802	362	82	1572	1056	698	320	60	1614	1244	20	340	106	1444	684	274
gene-Tspan3	chr17	18232148	18254619	+	22472	4650	11235	10676	13735	6440	1337	8319	14898	10478	12793	5314	1328	572	14251	10440	9971	5563	10159	12001	10084	3327	6184	12867	1071	11572	8606	4954	11944	2966
gene-Tspan3-l1	chr7	55177133	55178734	-	1602	1436	4182	4084	5006	2460	482	2516	4987	3992	4252	2244	394	192	5358	4512	3692	2266	3946	4600	4196	1234	2664	5108	350	4654	3287	1966	4168	1240
gene-Tspyl1	chr15	53483082	53485979	-	2898	1735	7544	4025	4920	2843	715	1640	11014	3239	4503	2592	576	117	9589	4255	3700	2396	4390	8656	3941	1281	3010	7201	162	4513	2874	2049	7673	1480
gene-Tspyl1-dl1	chr7	103312049	103314376	-	2328	52	202	153	111	84	16	40	337	130	114	94	16	8	260	124	78	94	125	254	133	26	106	214	14	138	82	58	210	38
gene-Tspyl5	chr11	27770638	27772125	+	1488	0	0	0	0	0	0	0	0	0	0	0	0	0	0	0	0	6	0	0	0	0	2	0	0	0	0	0	0	0
gene-Tspyl5-l1	chr4	60721211	60722455	-	1245	0	0	0	0	0	0	0	0	0	0	0	0	0	0	0	0	0	0	0	0	0	0	0	0	0	0	0	0	0
gene-Tsr1	chr7	32426936	32441141	-	14206	2289	3005	1335	2379	1329	184	1609	4124	1052	2175	1157	153	67	3077	1163	1787	1233	1468	2876	1218	529	1312	1884	138	1255	1398	843	2985	356
gene-Tsr1-dl1	chr25	47387991	47391995	+	4005	1328	770	762	874	458	76	712	1090	508	758	364	56	52	996	872	780	612	866	892	516	240	480	814	52	702	610	312	886	196
gene-Tssk1b	chr8	107715278	107716625	-	1348	0	0	0	0	0	0	0	0	0	0	0	0	0	0	0	4	0	2	0	0	2	0	0	4	0	4	48	0	0
gene-Tssk1b-l1	chr10	103494145	103495430	+	1286	0	0	0	0	0	0	0	0	0	0	0	0	0	0	0	0	0	0	0	0	0	0	0	0	0	0	6	0	0
gene-Tssk4	chr8	44191750	44199420	-	7671	1373	1553	1793	1814	1229	250	1306	2077	1332	1475	1039	141	135	1756	1697	1435	1099	2497	1640	1562	281	1166	2013	133	1568	1033	938	1620	407
gene-Tssk4-l1	chr8	44146742	44151196	-	4455	121	269	157	125	93	27	146	351	174	128	100	19	10	267	138	100	73	189	310	125	28	92	154	7	183	85	68	266	16
gene-Tstd3	chr15	29252827	29266823	+	13997	355	394	471	727	278	85	412	671	456	639	267	60	68	437	417	647	336	769	410	517	215	240	693	38	490	568	279	375	144
gene-Tstd3-dl1	chr26	11173335	11173997	-	663	6	4	6	30	14	0	4	14	2	28	18	2	0	10	8	38	20	6	4	3	18	20	26	0	5	26	16	8	0
gene-Tstd3-dl2	chr3	21079087	21080315	-	1229	62	104	248	382	116	18	104	258	344	321	146	24	10	124	252	292	136	186	182	310	134	284	318	18	210	210	118	104	48
gene-Tstd3-l1	chrX	118998255	118998653	+	399	12	10	18	38	20	0	26	28	19	42	18	8	0	8	28	40	38	36	22	44	16	24	38	2	28	48	24	20	12
gene-Ttc1	chr11	103519330	103556004	-	36675	1278	1565	1543	1084	1418	250	1623	2655	1360	1061	1258	240	194	1797	1402	779	1160	2251	1944	1226	224	927	2425	184	1556	891	1328	2084	530
gene-Ttc1-dl1	chr13	90776403	90777985	-	1583	364	826	1120	618	788	80	385	1214	992	470	842	78	44	882	1112	400	706	636	816	1132	142	627	940	62	1144	386	740	1020	210
gene-Ttc1-dl2	chr5	134876720	134879005	+	2286	123	101	85	175	84	24	186	138	76	202	82	12	22	100	76	219	94	158	108	144	37	92	124	14	112	152	101	104	42
gene-Ttc1-dl3	chr9	42051625	42052488	-	864	42	72	102	49	54	10	34	70	82	26	62	6	0	68	82	42	72	40	82	66	8	48	86	2	102	30	36	66	16
gene-Ttc39b	chr9	122240779	122293171	-	52393	2665	6817	3627	6934	8147	494	2889	8035	2173	6777	7136	414	318	6624	3218	5054	5053	3520	6722	2726	1503	4655	3785	250	3004	4137	4843	5805	904
gene-Ttc39b-l1	chr12	77406162	77429598	-	23437	36	48	21	62	4	6	21	105	20	74	16	10	3	84	8	42	10	104	89	26	20	12	155	12	28	40	38	80	22
gene-Tuba1a	chr16	7867058	7867751	+	694	1650	3150	784	333	181	228	1688	3706	740	314	215	211	54	2959	822	265	228	1584	2606	839	80	310	1777	65	957	233	209	3122	348
gene-Tuba1a-l1	chr20	59187429	59189208	-	1780	420	1602	206	52	22	32	722	1985	194	50	12	56	14	1573	202	62	24	422	1364	206	16	40	506	10	232	38	18	1491	82
gene-Tuba1a-l2	chr9	128025750	128028431	+	2682	23	49	10	4	0	0	36	36	8	2	2	1	4	44	12	2	4	12	28	8	0	0	6	2	2	0	2	38	0
gene-Tuba1b	chr16	7916308	7945507	+	29200	14817	18191	9215	3973	2461	2241	11436	22484	8699	3622	2392	2301	521	18022	9043	3010	3118	16423	16174	9213	1213	3813	19666	663	9928	2424	2680	18587	4020
gene-Tuba1b-dl1	chr8	942617	944164	-	1548	4643	6215	3302	1284	898	730	4015	7599	3551	998	972	670	164	6711	3365	918	972	5148	5685	3301	348	1402	7720	262	3481	780	986	5859	1730
gene-Tuba1c	chr14	71428148	71434592	-	6445	0	0	0	0	0	0	0	2	0	0	0	0	0	2	0	0	0	0	0	0	0	0	0	0	0	0	0	2	0
gene-Tuba1c-l1	chrX	197226997	197231332	-	4336	6545	212	501	1537	1362	116	2700	325	916	1516	1751	142	114	107	495	1193	1546	1262	178	733	280	1437	1684	139	826	742	2173	257	343
gene-Tuba3a	chr2	21112761	21114869	-	2109	4	22	2	0	6	0	4	60	6	2	8	0	0	55	0	12	2	22	46	8	0	2	0	4	8	0	42	24	2
gene-Tuba3a-dl1	chr16	96946808	96948325	-	1518	44	10	8	6	6	9	76	7	11	4	2	0	3	24	2	6	8	30	14	4	0	14	12	9	4	8	6	2	4
gene-Tuba3a-dl2	chr2	147764278	147766042	-	1765	0	4	2	2	26	2	0	4	0	0	14	2	0	4	0	3	4	0	12	0	0	2	0	0	0	0	4	0	0
gene-Tuba3a-dl3	chr20	32075803	32087538	-	11736	2	10	8	0	8	2	0	53	2	2	0	2	0	44	2	4	4	16	4	0	1	2	0	0	12	0	18	18	4
gene-Tuba3a-dl4	chr20	32158156	32170199	+	12044	7	20	30	6	32	4	16	60	20	1	28	6	0	128	41	14	24	86	60	20	8	17	26	12	14	4	34	42	12
gene-Tuba3a-dl5	chr22	25623410	25624759	-	1350	0	0	2	0	48	0	2	14	0	2	24	0	0	20	0	2	0	6	16	0	0	0	0	0	0	0	6	2	0
gene-Tuba3a-dl6	chr27	21458012	21459481	+	1470	9	16	8	10	287	2	6	19	2	2	285	6	0	36	2	18	320	12	22	5	2	543	8	1	14	6	309	50	2
gene-Tubb4b	chr14	114000084	114001740	+	1657	2846	2468	1549	3985	495	277	1256	2390	1220	3647	364	248	113	2899	1639	3016	501	1766	2086	1400	1241	464	1727	147	1787	2180	445	2165	439
gene-Tubb4b-dl1	chr11	118170244	118171751	+	1508	1112	978	604	1498	213	92	524	972	482	1318	144	66	52	1059	677	1066	216	692	809	664	468	224	841	50	744	750	167	827	178
gene-Tubb4b-dl2	chrX	107931093	107931989	+	897	364	296	192	436	56	52	190	402	220	490	76	34	14	350	318	362	100	340	276	258	124	106	339	22	270	304	94	306	74
gene-Tubb4b-l1	chr24	3989884	3991905	+	2022	33	22	116	138	96	20	86	42	75	136	91	6	6	59	62	122	94	119	32	63	40	76	73	10	65	77	64	18	16
gene-Tusc2	chr19	49219104	49220724	+	1621	56	192	122	164	48	12	86	224	84	150	72	10	2	156	96	188	74	76	132	112	44	92	176	26	142	106	60	150	40
gene-Tusc2-dl1	chr6	62502981	62505678	+	2698	330	296	274	406	140	66	171	856	474	758	318	62	18	318	240	282	170	326	346	217	94	187	374	28	279	240	120	329	84
gene-Tusc2-dl2	chr9	104503672	104505223	+	1552	25	62	69	103	18	6	44	115	57	90	40	4	2	74	111	54	73	94	76	100	28	38	74	15	86	47	26	105	22
gene-Txndc12	chr19	54801937	54825923	-	23987	2268	1828	2454	3318	3084	630	3460	2524	2126	2978	2900	556	228	2224	1967	2441	2841	4368	1852	2192	818	2226	5738	208	2186	2014	2278	1791	1256
gene-Txndc12-dl1	chr5	72557715	72558179	-	465	12	16	28	32	24	4	22	12	14	20	16	4	0	22	6	30	28	20	14	16	2	16	38	2	2	14	20	10	4
gene-Ube2c	chr20	74212669	74216707	+	4039	749	32	28	42	12	4	513	30	6	36	4	4	13	26	18	18	20	60	43	44	2	4	114	17	53	44	10	12	26
gene-Ube2c-l1	chr22	9502133	9502889	-	757	676	2	14	16	8	12	320	10	20	20	12	2	12	2	16	12	4	78	12	32	8	22	110	6	12	18	20	16	18
gene-Ube2d2	chr3	42183259	42259518	-	76260	3825	4302	2685	2774	2107	378	3926	5419	2245	2773	1783	322	380	4409	2908	2356	2274	3775	4033	2469	650	2023	3755	412	2753	1817	1786	4178	830
gene-Ube2d2-l1	chrX	90301956	90302420	+	465	0	0	0	0	0	0	0	0	0	0	0	0	0	0	0	0	0	0	0	0	0	0	0	0	0	0	0	0	0
gene-Ube2d2-l2	chrX	91076368	91076832	-	465	0	0	0	0	0	0	0	0	0	0	0	0	0	0	0	0	0	0	0	0	0	0	0	0	0	0	2	0	0
gene-Ube2d2-l3	chrX	91594016	91597601	+	3586	0	0	0	0	0	0	0	0	0	0	0	0	0	0	0	0	0	0	0	0	0	0	0	0	0	0	0	0	0
gene-Ube2d2-l4	chrX	97940040	97940480	-	441	0	0	0	0	0	0	0	0	0	0	0	0	0	0	0	0	0	0	0	0	0	0	0	0	0	0	0	0	0
gene-Ube2e1	chr19	73672118	73757405	-	85288	3904	1299	1565	1145	935	392	4585	1407	1390	1205	684	232	504	1400	1137	1011	749	3256	1138	1167	255	780	2603	459	1852	947	743	1133	758
gene-Ube2e1-dl1	chr24	7608074	7608544	+	471	2	12	8	6	0	2	8	4	10	4	0	0	2	8	4	8	0	4	4	2	0	2	6	2	2	2	4	0	2
gene-Ube2g1	chr7	34508875	34600921	-	92047	2426	754	926	820	649	115	2746	925	1090	871	652	129	402	867	891	858	633	1368	641	797	240	672	1101	331	988	732	822	631	266
gene-Ube2g1-dl1	chrY	64474482	64474994	+	513	36	84	90	118	66	12	70	72	84	88	102	12	2	82	88	82	62	98	68	82	26	74	116	6	130	80	76	70	28
gene-Ube2l3	chr20	33947912	34025105	+	77194	3141	2937	2887	3862	1737	353	3462	4123	2407	3493	1371	334	344	3575	2680	3230	1692	3875	3220	2712	870	1782	3501	396	2851	2602	1320	3084	790
gene-Ube2l3-l1	chr14	60124583	60125183	+	601	4	0	2	8	0	0	2	0	8	12	0	0	2	6	4	6	4	0	0	0	0	4	0	0	8	2	2	2	0
gene-Ube2l3-l2	chr9	16085174	16085858	-	685	22	4	0	7	4	2	8	0	2	8	2	0	0	6	2	12	6	8	4	10	3	18	8	2	5	1	0	6	0
gene-Ube2n	chr20	48623040	48624897	+	1858	12	8	4	10	4	2	10	17	0	14	4	0	2	25	10	4	9	40	22	6	0	6	23	2	0	8	2	11	6
gene-Ube2n-dl1	chr2	142850300	142897549	-	47250	1579	479	454	409	232	73	1554	477	349	451	174	66	134	567	291	358	197	1104	404	282	118	150	616	98	372	326	171	424	139
gene-Ube2n-l1	chrX	127606169	127606687	+	519	12	20	17	25	7	1	6	27	12	20	13	2	1	25	25	13	17	18	32	19	11	17	27	1	21	10	11	17	11
gene-Ube2r2	chr14	57535888	57642395	-	106508	7695	3910	5723	6944	6746	581	7333	4956	4579	6570	5492	592	768	4424	5288	5387	6113	7279	3955	5100	1462	5732	6443	744	5300	4290	5644	3787	1416
gene-Ube2r2-dl1	chr21	27422310	27423014	-	705	173	151	298	323	423	20	156	172	291	273	296	15	18	166	299	219	320	242	140	343	80	350	272	14	259	182	292	138	45
gene-Ube2v2	chr26	42649169	42682854	+	33686	1276	370	338	296	228	50	1294	473	342	367	108	64	138	422	250	226	125	969	377	232	64	198	666	112	336	246	148	400	164
gene-Ube2v2-l1	chr3	141100146	141101867	+	1722	144	216	82	112	76	28	94	270	76	140	76	12	8	218	100	84	72	84	172	68	32	62	160	14	99	106	60	196	53
gene-Ublcp1	chr11	104360326	104380571	-	20246	2270	1726	1771	3370	1374	536	2068	2403	1514	3527	1111	511	116	2075	1559	3493	1626	4977	2053	1548	912	1219	5953	180	1783	2988	1359	1972	1223
gene-Ublcp1-dl1	chr4	140439680	140441676	-	1997	51	44	68	38	8	8	20	46	22	72	20	10	0	58	50	42	48	60	38	20	12	18	72	2	20	42	30	52	12
gene-Ubqln1	chr5	108639318	108682011	-	42694	7746	8087	4325	11457	10945	1132	6044	10166	3477	10642	9390	930	684	9693	3836	9211	9573	10669	8331	3588	2798	10797	9846	639	4690	7592	8202	8670	2294
gene-Ubqln1-dl1	chr22	40201168	40204560	+	3393	0	0	0	0	0	0	0	0	0	0	0	0	0	0	0	0	0	0	0	0	0	0	0	0	0	0	0	0	0
gene-Ubqln1-l1	chr24	26520093	26521824	-	1732	0	0	0	0	0	0	0	0	0	0	0	0	0	0	0	0	0	0	0	0	0	0	2	4	0	0	38	0	0
gene-Ubtfl1	chr24	21702881	21704722	+	1842	0	0	0	2	0	0	4	0	0	1	0	0	0	0	0	0	0	0	0	0	0	0	4	0	0	2	0	1	0
gene-Ubtfl1-l1	chrX	97759585	97760424	-	840	0	0	0	0	0	0	0	0	0	0	0	0	0	0	0	0	0	0	0	0	0	0	0	0	0	0	0	0	0
gene-Ubxn4	chr13	21432831	21441269	+	8439	393	314	360	466	537	60	305	415	263	429	497	86	34	364	306	362	616	592	370	380	155	586	827	34	359	367	501	304	193
gene-Ubxn4-l1	chr9	11779720	11783500	-	3781	2128	2570	3020	3620	4092	456	1823	3016	2606	3222	3790	386	174	3252	3049	3136	4718	4652	2846	2892	1082	5730	6058	284	3482	2840	4442	2992	1562
gene-Uck1	chr14	109983602	109987778	-	4177	1790	2925	4145	8194	3313	510	2708	3851	3770	7264	3486	555	231	3351	3735	6241	2609	3281	2943	3648	1926	2935	5072	288	3808	4964	2195	2810	1172
gene-Uck1-l1	chr2	74571699	74572615	+	917	4	14	2	64	8	2	4	11	20	26	22	8	0	18	30	28	6	8	14	14	9	14	13	0	18	26	14	4	0
gene-Ufm1	chr5	134217930	134227118	+	9189	950	630	635	886	334	162	1029	892	549	1039	406	156	95	666	555	826	366	1448	765	489	256	411	1350	109	644	739	414	610	311
gene-Ufm1-dl1	chr18	85281303	85283837	+	2535	388	268	436	1358	456	100	388	366	452	1154	458	84	16	365	516	886	478	678	296	518	238	484	898	36	536	792	484	340	212
gene-Ufm1-dl2	chr5	95699003	95700967	-	1965	192	180	266	565	238	50	210	184	182	464	240	65	14	236	256	454	238	419	160	246	110	231	556	20	286	372	158	250	132
gene-Ugp2	chr22	37369297	37413110	-	43814	2060	2781	3429	1826	6625	520	6035	2702	2724	1374	6658	383	390	3028	3032	1188	7312	5410	2550	2921	422	5477	5306	614	3691	930	4677	3077	1411
gene-Ugp2-dl1	chrX	171091855	171093375	+	1521	458	1233	1857	792	3505	173	1568	1220	1672	689	3885	196	94	1401	1754	634	4264	1726	1276	1687	194	3196	2344	240	2175	492	2939	1366	635
gene-Ugp2-l1	chr1	76449141	76451191	-	2051	66	222	382	128	456	18	274	214	246	158	582	44	24	260	266	102	662	296	222	286	40	540	364	34	352	74	410	302	78
gene-Ugt1a2	chr1	58615279	58814379	-	199101	2813	546	1762	45385	88558	968	2661	1279	916	38789	65578	1298	934	796	418	27837	68915	8826	752	678	8047	70018	10365	706	1792	22046	53155	733	1995
gene-Ugt1a2-l1	chr1	58683702	58684622	-	921	0	0	0	0	0	0	0	0	0	0	0	0	0	0	0	0	0	0	0	0	0	0	0	0	0	0	0	0	0
gene-Ugt2a3	chr12	120036165	120061264	-	25100	482	474	312	864	1391	121	430	532	220	598	1490	86	50	596	286	582	1526	376	436	340	180	1641	415	80	180	616	1690	180	100
gene-Ugt2a3-l1	chr12	121554293	121557478	-	3186	0	12	6	44	1380	0	0	79	0	40	1036	0	0	30	0	46	1239	2	28	0	15	1266	0	0	0	58	904	84	0
gene-Ugt2a3-l2	chr12	121695536	121705622	-	10087	0	1	0	13	186	0	0	11	0	20	322	0	0	20	4	9	331	0	13	2	0	318	0	0	0	6	214	10	0
gene-Ugt2b17	chr12	119802958	119814409	+	11452	0	0	1486	78	220636	14	14	2	0	138	264956	2	4	3	0	28	222651	0	6	0	82	250073	0	50	72	50	165867	0	0
gene-Ugt2b17-l1	chr12	119634694	119642919	-	8226	0	0	0	0	0	0	0	0	0	0	0	0	0	0	0	0	0	0	0	0	0	0	0	0	0	0	0	0	0
gene-Ugt2b17-l2	chr12	120680429	120686624	-	6196	0	0	11	0	2214	0	0	0	0	0	3716	0	1	0	0	1	2316	0	0	0	1	4659	0	0	0	0	1496	0	0
gene-Ugt2b31	chr12	119504054	119679671	-	175618	3	15	1226	14	141289	14	10	6	14	28	164481	6	3	11	13	16	135897	14	7	8	26	154487	11	38	41	14	106923	15	0
gene-Ugt2b31-l1	chr12	119979807	119995563	-	15757	0	0	25	16	3498	0	4	0	0	15	2420	0	0	0	0	10	2800	0	0	0	5	2463	0	2	2	10	1820	0	0
gene-Uqcc3	chr4	47933584	47934411	-	828	658	1398	1436	2303	1064	106	785	1510	1278	2098	1011	119	64	1471	1421	1797	1012	798	1226	1480	610	1171	1370	80	1384	1359	803	1072	270
gene-Uqcc3-dl1	chr20	75938356	75938709	+	354	0	0	0	0	0	0	0	0	0	0	0	0	0	0	0	2	0	0	0	0	0	0	0	0	0	2	2	0	0
gene-Uqcr11	chr3	122940982	122946490	+	5509	2388	2640	20024	11144	5278	430	2280	3532	16112	10686	5698	398	152	3114	19420	8236	5899	2636	2521	21450	2718	5630	3860	364	15750	7829	4362	2742	854
gene-Uqcr11-dl1	chr27	37205081	37205404	+	324	0	0	0	0	0	0	0	0	0	0	0	0	0	2	0	0	0	0	0	0	0	0	0	0	0	0	0	0	0
gene-Uqcrb	chrX	141348383	141348718	+	336	0	0	0	0	0	0	0	0	0	0	0	0	0	0	0	0	0	0	0	0	0	0	0	0	0	0	0	0	0
gene-Uqcrb-dl1	chr11	28866243	28872631	+	6389	769	3884	7319	2187	440	202	1112	5987	5154	2048	444	174	118	4588	7428	1674	576	1717	4030	6628	479	395	1819	230	5485	1231	344	4154	389
gene-Uqcrb-dl10	chr6	58305226	58305561	+	336	58	88	900	292	150	12	66	120	574	290	160	16	6	108	1024	214	196	102	74	1012	64	160	256	24	888	172	162	60	46
gene-Uqcrb-dl11	chr7	47510400	47510872	+	473	0	0	8	4	0	0	0	4	12	10	0	0	0	0	4	8	4	0	2	12	0	0	0	2	10	6	0	0	0
gene-Uqcrb-dl2	chr12	27167220	27167555	-	336	122	62	1080	328	168	16	82	114	894	322	224	10	4	96	1220	287	286	152	90	1168	88	206	206	28	886	220	196	84	58
gene-Uqcrb-dl3	chr14	101397186	101397425	-	240	62	28	212	126	34	6	40	38	194	109	46	4	8	32	274	87	32	24	28	273	31	30	32	8	208	105	64	66	8
gene-Uqcrb-dl4	chr14	114261475	114262039	+	565	14	24	218	47	26	4	30	22	160	80	54	2	4	16	238	56	38	22	32	284	20	22	36	2	212	71	22	30	6
gene-Uqcrb-dl5	chr15	18525756	18526091	-	336	82	82	648	206	116	6	56	64	522	188	146	6	6	58	672	210	138	108	72	720	34	148	140	20	510	154	120	70	28
gene-Uqcrb-dl6	chr18	24842340	24842675	-	336	34	84	310	159	74	6	44	72	362	110	92	4	8	52	372	112	56	20	60	340	38	78	78	14	318	98	86	38	6
gene-Uqcrb-dl7	chr19	54922474	54922824	-	351	137	102	1188	331	168	22	91	141	980	324	244	18	10	102	1260	298	194	118	108	1260	94	172	143	32	1130	258	178	111	42
gene-Uqcrb-dl8	chr28	29037600	29037935	+	336	23	41	260	84	28	8	23	52	173	97	58	2	0	50	231	64	46	28	52	234	28	52	47	0	189	34	26	35	6
gene-Uqcrb-dl9	chr4	83176771	83177269	+	499	17	4	152	35	30	0	18	20	92	20	14	2	0	14	164	20	30	30	12	143	22	16	18	4	122	28	28	16	6
gene-Uqcrfs1	chr2	13680324	13685144	-	4821	3387	6080	52028	49585	10897	502	3478	7690	39772	43930	11908	392	342	7375	50504	36660	11979	3298	5991	49743	12071	11835	4452	684	41628	32650	9965	6269	1108
gene-Uqcrfs1-dl1	chr11	90651050	90652147	+	1098	204	474	3844	3238	704	30	192	488	2570	2912	852	12	28	434	3434	2497	866	290	366	3372	764	862	306	38	3236	2156	664	468	94
gene-Uspl1	chr5	125268560	125314396	+	45837	2913	2780	1840	3126	1769	482	2810	3197	1520	2852	1280	416	210	2878	1676	2697	1642	4257	2768	1673	976	1632	4041	275	1782	2170	1118	2924	805
gene-Uspl1-l1	chr22	47364969	47368029	-	3061	118	168	102	206	64	16	90	160	80	158	40	12	14	98	74	138	100	180	144	76	64	68	244	12	112	90	72	133	32
gene-Utp14a	chrX	36728594	36751690	-	23097	2731	1375	1691	1880	1140	316	2408	1872	1429	1420	1024	242	194	1849	1746	1542	1204	2920	1540	1370	430	1119	3210	247	1820	1144	1062	1601	736
gene-Utp14a-dl1	chr6	133235553	133238622	+	3070	2	30	6	0	0	0	10	16	0	0	0	0	0	18	22	4	6	8	30	26	0	0	0	0	0	0	10	30	0
gene-Utp18	chr7	8412651	8444346	+	31696	1606	1411	629	894	649	122	1606	1473	593	798	479	126	169	1677	607	869	595	1635	1298	462	198	405	1176	132	558	573	476	1058	279
gene-Utp18-dl1	chr7	49844820	49846568	-	1749	339	362	237	317	205	27	282	410	219	281	187	20	26	394	150	255	210	356	268	231	78	175	466	23	256	189	195	330	94
gene-Utp18-dl2	chr7	50134741	50136471	-	1731	328	429	266	431	267	33	326	450	210	302	177	48	28	421	169	259	213	328	393	189	94	200	357	23	239	201	168	385	69
gene-Utp23	chr11	16541019	16593377	-	52359	957	1106	1230	1683	732	266	1706	1717	1484	1272	694	218	113	1418	1472	1091	550	2325	1120	1334	421	510	2860	136	1990	1044	793	1350	844
gene-Utp23-dl1	chr10	80873229	80874165	-	937	64	38	100	33	42	20	38	34	38	38	26	0	6	70	84	46	14	72	50	60	18	38	126	18	70	50	20	38	16
gene-Utp23-dl2	chr22	40339693	40340445	-	753	62	44	80	50	10	12	56	34	48	32	34	4	6	48	48	38	26	64	32	102	4	28	116	12	54	20	18	34	20
gene-Utp23-dl3	chr28	109327	621282	-	511956	955	3856	241	503	252	1083	707	4413	288	533	458	740	26	6294	250	484	335	12760	4460	264	141	452	5982	35	256	298	210	3585	1646
gene-Utp23-l1	chr19	21035946	21036837	+	892	46	4	14	22	14	0	30	5	6	18	4	0	4	4	12	4	8	20	24	10	0	4	22	10	18	20	12	4	2
gene-Vamp3	chr19	36800424	36810571	-	10148	1210	764	1866	1489	450	370	1473	770	1882	1320	504	382	120	873	1952	1124	560	3056	819	2073	338	530	3986	170	1940	948	449	678	889
gene-Vamp3-dl1	chr2	131629027	131630888	+	1862	432	262	814	548	172	184	578	286	730	538	202	120	36	298	910	470	216	1344	348	974	154	256	1902	84	844	354	172	256	418
gene-Vamp3-l1	chr2	58211376	58213340	+	1965	66	38	68	72	28	10	68	48	64	52	32	30	10	44	74	56	10	202	46	102	10	28	192	14	120	50	12	44	48
gene-Vamp7	chrX	95261	134513	-	39253	726	915	879	1413	763	123	763	933	773	1269	830	117	75	1070	638	855	737	974	839	806	371	792	1142	78	767	713	602	947	219
gene-Vamp7-l1	chr1	134952925	134989811	+	36887	29	26	8	48	14	2	10	35	15	44	33	0	0	24	10	29	21	41	20	11	12	34	13	2	19	17	50	17	3
gene-Vapb	chr20	85622109	85680923	+	58815	3323	4313	3126	7674	3386	376	4208	5091	2655	7234	3158	412	446	4702	2862	5842	2794	4596	4288	2630	1868	3492	3682	523	3264	5097	2596	4226	902
gene-Vapb-dl1	chr12	50884252	50886213	+	1962	162	314	288	830	377	22	190	418	218	776	328	26	10	362	314	656	298	222	300	214	180	382	254	32	264	598	268	318	62
gene-Vash2	chr8	115947124	115977791	+	30668	111	88	27	637	4	8	482	158	31	732	4	14	10	128	32	597	6	91	86	15	135	2	57	18	46	407	14	77	18
gene-Vash2-l1	chr17	24256422	24258791	-	2370	12	4	10	40	0	0	20	8	4	74	0	4	0	4	0	28	0	4	2	0	12	0	2	0	8	32	2	10	0
gene-Vcl	chr1	20909416	21040500	-	131085	8434	1854	10302	5017	1503	1088	14592	2620	7476	3482	1123	1042	903	2115	7726	3248	1213	14875	1858	6367	1079	1637	11000	860	8947	2702	955	1624	2281
gene-Vcl-dl1	chr22	10899929	10925596	-	25668	2	112	44	29	6	2	34	98	22	45	4	0	4	125	44	25	2	20	106	44	4	4	21	0	49	11	10	78	6
gene-Vdac2	chr1	19841449	19861850	-	20402	2007	4136	11317	5216	2204	357	2209	4471	8525	4855	2056	309	238	4099	12137	4092	2512	3302	4637	13676	1598	2685	4487	477	10984	3790	1852	4224	923
gene-Vdac2-dl1	chr5	127986809	127987693	+	885	8	18	24	11	4	2	4	3	38	6	0	0	0	10	34	28	6	2	4	30	4	4	10	0	28	12	6	12	0
gene-Vdac2-dl2	chr9	76877240	76878393	+	1154	1294	2647	9424	4584	1818	208	1074	2746	7893	4649	1778	182	116	2848	9601	3745	2124	1496	2082	7035	872	1264	1570	156	8451	3094	1378	2376	478
gene-Vegp1	chr14	112861575	112864703	+	3129	4	2	0	0	0	2	0	2	0	2	0	0	0	0	0	0	0	6	0	0	0	0	0	0	0	1	0	4	0
gene-Vegp1-l1	chr14	111459782	111463041	-	3260	1	0	0	2	0	0	0	0	0	0	0	0	0	1	0	0	0	0	0	0	2	0	0	0	0	0	0	2	0
gene-Vmn2r116	chr2	44989740	45105828	-	116089	8	4	2	2	1	2	18	5	3	0	1	0	0	0	3	2	3	12	6	4	0	1	3	0	1	4	6	6	0
gene-Vmn2r116-l1	chr3	103206684	103272545	+	65862	97	116	113	58	80	12	106	136	56	87	47	11	8	122	45	86	49	162	72	78	10	105	134	4	66	68	45	128	46
gene-Vmn2r116-l2	chr3	104789203	104804822	-	15620	0	2	0	0	0	0	0	2	0	2	0	0	0	2	0	0	0	0	0	0	0	0	0	0	0	0	0	0	0
gene-Vmn2r116-l3	chr3	104877476	104948255	+	70780	349	306	371	583	426	88	756	302	334	612	282	68	55	341	327	404	316	1131	275	484	142	476	882	114	519	336	388	216	270
gene-Vmn2r116-l4	chr3	105010180	105040599	-	30420	4	0	6	12	9	0	5	0	23	12	2	0	0	17	21	14	20	2	0	16	2	7	7	0	10	6	5	2	1
gene-Vmn2r116-l5	chr3	106913686	106923015	+	9330	0	0	0	0	0	0	0	0	0	0	0	0	0	0	0	0	0	0	0	0	0	0	0	0	0	0	0	0	0
gene-Vmn2r116-l6	chr3	114257087	114310402	-	53316	7	0	0	6	1	0	12	2	2	2	0	0	0	2	0	0	2	2	4	2	2	2	0	0	2	0	0	2	2
gene-Vmn2r116-l7	chr3	114677631	114691527	+	13897	0	0	0	0	0	0	0	0	0	0	0	0	0	0	0	0	0	0	0	0	0	0	6	0	0	0	0	0	1
gene-Vmn2r116-l8	chr3	116657014	116680923	-	23910	0	0	0	0	0	0	0	0	0	0	0	0	0	0	0	0	0	0	0	0	0	0	0	0	0	0	0	0	0
gene-Vmn2r116-l9	chr3	116920163	116924137	+	3975	0	0	0	0	0	0	0	0	0	0	0	0	0	0	0	0	0	0	0	0	0	0	0	0	0	0	0	0	0
gene-Vn1r1	chr13	118101402	118102331	+	930	0	0	0	0	0	0	0	0	0	0	0	0	0	0	0	0	0	0	0	0	0	0	0	0	0	0	0	0	0
gene-Vn1r1-l1	chr2	44100220	44101211	-	992	0	0	0	0	2	0	0	0	0	0	0	0	0	0	0	0	0	0	0	0	0	0	0	0	0	2	0	0	0
gene-Vn1r1-l2	chr2	44309870	44317566	+	7697	0	0	0	0	0	0	0	0	0	0	4	0	0	0	0	0	0	0	0	0	0	0	0	0	0	0	0	0	0
gene-Vn1r1-l3	chr2	44445828	44446751	-	924	0	0	0	0	0	0	0	0	0	0	0	0	0	0	0	0	0	0	0	0	0	0	0	0	0	0	0	0	0
gene-Vn1r4	chr13	117936641	117937570	+	930	0	0	0	0	0	0	0	0	0	0	0	0	0	0	0	0	0	0	0	0	0	0	0	0	0	0	0	0	0
gene-Vn1r4-l1	chr13	118136115	118137053	+	939	3	2	0	0	0	0	0	0	0	0	0	0	0	0	0	0	0	0	0	0	0	0	0	0	0	0	0	0	0
gene-Vn1r4-l2	chr13	118157731	118158669	+	939	0	0	0	0	0	0	0	0	0	0	0	0	0	0	0	0	0	0	0	0	0	0	0	0	0	0	0	0	0
gene-Vn1r4-l3	chr2	37041309	37044412	+	3104	0	0	0	0	0	0	0	0	0	0	0	0	0	0	0	0	0	0	0	0	0	0	0	0	0	0	0	0	0
gene-Vn1r4-l4	chr2	38556786	38557736	-	951	0	0	0	0	0	0	0	0	0	0	0	0	0	0	0	0	0	0	0	0	0	0	0	0	0	0	0	0	0
gene-Vn1r4-l5	chr2	39445471	39446241	+	771	0	0	0	0	0	0	0	0	0	0	0	0	0	0	0	0	0	0	0	0	0	0	0	0	0	0	0	0	0
gene-Vps28	chr26	37251152	37255876	-	4725	1156	1940	1238	1726	908	170	1144	2556	1156	1398	855	242	116	2336	1316	1306	1071	1566	2146	1116	402	734	2006	156	1132	1108	733	1981	500
gene-Vps28-dl1	chr20	81196867	81197575	-	709	1118	2577	1499	2027	882	220	1121	3015	1337	1982	981	242	92	3220	1557	1843	1120	1618	2460	1492	516	1058	2214	152	1663	1436	998	2416	518
gene-Vps29	chr20	7987149	7997962	-	10814	1325	1685	2707	2093	1299	357	1419	2224	2541	2340	1491	285	103	1879	2559	1771	1361	2562	1703	2525	649	1504	3193	172	2881	1666	1106	1789	771
gene-Vps29-l1	chr2	63682633	63683250	-	618	22	28	94	88	34	10	26	62	50	68	34	6	2	26	86	50	34	54	25	70	24	42	66	0	112	20	36	38	14
gene-Vps37a	chr5	71119508	71148396	+	28889	799	667	808	755	520	84	604	978	756	773	376	110	66	1005	830	590	570	1192	766	662	160	600	977	70	728	434	516	704	210
gene-Vps37a-dl1	chr10	122946686	122948873	+	2188	300	560	676	698	470	76	274	738	719	692	382	44	32	658	793	562	510	628	605	652	162	523	730	42	777	395	468	540	150
gene-Vps37b	chr20	6316449	6343613	+	27165	366	366	138	270	96	32	243	284	104	162	90	40	42	503	108	186	46	378	430	156	60	92	312	14	146	148	71	324	54
gene-Vps37b-dl1	chrX	65472728	65475322	-	2595	208	437	188	260	74	28	186	382	164	252	52	30	14	474	140	232	50	232	391	124	76	36	274	16	132	182	38	416	62
gene-Vps45	chr22	50945954	51028893	+	82940	1354	1673	1022	1027	647	208	1706	2002	923	936	500	168	106	2014	794	725	542	1815	1751	1000	246	600	1465	184	922	614	502	1767	334
gene-Vps45-dl1	chr15	26806842	26810942	-	4101	120	308	168	136	98	12	110	412	74	110	112	20	12	358	136	74	96	202	268	126	54	148	250	10	182	68	90	320	72
gene-Vps72	chr22	52150522	52167157	-	16636	985	609	761	864	463	138	899	894	510	808	400	122	89	714	646	895	470	1154	719	609	216	456	1300	104	765	728	314	629	286
gene-Vps72-l1	chr8	57415056	57416356	+	1301	174	198	184	296	94	20	164	306	164	208	132	22	10	202	248	296	130	220	192	188	74	132	314	20	200	208	104	168	44
gene-Vtcn1	chr21	6203658	6284534	+	80877	1380	38	54	1656	42	14	738	78	34	2658	24	8	40	50	30	1729	66	194	22	20	488	46	120	38	28	1647	36	32	22
gene-Vtcn1-l1	chr6	105303970	105325466	-	21497	27	25	65	79	99	3	61	40	16	22	196	0	15	50	29	54	48	22	22	54	12	133	13	30	45	32	86	28	4
gene-Wbp11	chr4	21109370	21129429	-	20060	1022	738	852	736	392	92	1126	961	732	736	230	136	98	897	696	628	276	1531	853	616	206	296	1122	117	820	663	288	802	276
gene-Wbp11-l1	chr10	27966681	27968532	-	1852	179	160	232	144	58	16	116	216	175	126	66	22	14	160	254	100	88	264	169	200	32	86	210	16	206	81	56	152	38
gene-Wbp4	chr7	60205324	60227996	-	22673	1280	737	1232	891	770	172	1506	983	916	816	583	137	108	879	957	733	643	1752	807	863	235	707	1722	163	1085	573	553	720	377
gene-Wbp4-dl1	chr4	139778675	139780080	+	1406	446	446	982	596	544	70	512	534	796	561	446	80	30	593	834	532	524	722	546	888	172	518	988	52	934	358	496	536	212
gene-Wdhd1	chr8	9431789	9489059	+	57271	1263	85	118	184	43	46	1024	152	80	135	25	34	43	105	102	113	45	296	133	120	36	54	382	43	139	86	55	131	75
gene-Wdhd1-l1	chr12	17533543	17537787	+	4245	419	26	32	68	4	14	318	50	54	68	20	12	8	44	50	38	14	142	60	58	10	34	182	10	36	42	8	34	24
gene-Wdr87	chr2	21358636	21369499	-	10864	0	2	0	0	0	0	0	2	0	2	0	0	0	2	0	0	0	22	2	0	0	0	0	2	0	0	26	0	0
gene-Wdr87-l1	chr2	20538746	20554077	+	15332	0	0	0	2	0	0	4	2	2	2	1	0	0	1	0	4	0	10	6	2	2	1	0	2	6	0	9	0	0
gene-Wtap	chr18	28885057	28923319	+	38263	4052	2316	2927	3191	2014	613	3428	2871	2218	2797	1563	493	362	2570	2450	2761	1753	6078	2489	2280	670	1703	5640	326	2744	2193	1721	2263	1145
gene-Wtap-l1	chr23	21033581	21034737	-	1157	187	154	156	224	120	44	122	172	100	166	96	38	12	136	140	140	114	290	142	138	48	124	384	8	172	156	124	158	98
gene-Xrcc4	chr3	73674742	73936081	-	261340	1686	263	613	570	496	144	1921	315	640	498	379	97	214	390	540	528	580	1674	288	468	102	495	1196	164	657	391	496	314	314
gene-Xrcc4-l1	chrX	118026980	118028182	-	1203	82	22	83	95	37	8	84	69	100	88	59	13	6	36	77	86	83	97	38	100	29	69	110	5	122	41	93	43	20
gene-Yeats4	chr16	27978426	28004392	-	25967	501	241	259	221	138	34	534	329	174	218	137	28	47	243	184	200	184	480	256	198	50	170	373	44	241	128	163	281	62
gene-Yeats4-dl1	chr27	14466801	14467310	+	510	190	200	161	313	181	20	177	268	162	324	203	14	14	225	174	221	222	203	161	141	75	228	194	8	194	191	161	200	51
gene-Yipf5	chr3	37165287	37179770	+	14484	1622	2036	1230	2200	1823	454	2124	2615	1121	2056	1752	324	136	2309	1238	1564	1638	3571	2024	978	544	1764	3454	138	1120	1373	1514	1975	871
gene-Yipf5-dl1	chr18	37800464	37803445	+	2982	322	406	270	499	374	100	320	552	250	478	480	42	44	482	234	380	364	705	459	220	146	422	714	18	248	354	348	478	216
gene-Ythdf1	chr20	91010719	91028553	-	17835	2170	2408	2275	2287	1542	262	1858	2896	1830	1964	1460	260	168	2658	2368	1841	1432	2900	2400	1936	500	1242	2543	174	2220	1484	1314	2360	540
gene-Ythdf1-dl1	chrX	99971762	99972955	-	1194	0	0	0	0	0	0	0	0	0	0	0	0	0	0	0	0	0	0	0	0	0	0	0	0	0	0	0	0	0
gene-Ywhah	chr20	24585858	24599096	-	13239	3316	20487	5680	1684	628	735	3163	24863	4822	1330	478	620	302	23759	6038	1158	570	5204	19388	5000	334	874	5284	286	6570	870	448	23212	1318
gene-Ywhah-dl1	chr1	11764869	11765399	-	531	519	3636	964	293	100	103	420	4386	885	201	105	104	23	3893	1009	170	114	799	3332	932	48	130	1000	58	1269	186	77	4285	171
gene-Ywhah-dl2	chrX	188912355	188914458	+	2104	2	40	2	2	0	0	10	70	0	0	2	0	0	30	0	0	0	0	28	0	0	0	2	2	4	0	0	42	0
gene-Ywhah-dl3	chrX	188928212	188930316	-	2105	22	67	12	7	0	2	14	106	10	2	2	0	2	60	18	4	4	14	82	2	2	0	8	0	28	4	4	79	6
gene-Ywhaq	chr17	32377954	32423215	-	45262	4875	7344	3214	4033	1966	767	4833	8501	2756	3824	1627	651	442	8503	2995	3092	2128	6177	7735	2656	1000	1854	6918	490	3248	3047	1498	7168	1534
gene-Ywhaq-dl1	chr12	122197095	122198526	+	1432	691	1318	638	652	415	104	536	1588	578	668	294	98	40	1478	634	639	382	1052	1357	580	206	454	1249	62	664	496	320	1337	288
gene-Zbtb44	chr25	11447715	11501794	-	54080	2438	2380	2486	3343	1455	336	4205	2834	2622	3744	1377	332	320	2794	2425	3033	1270	5327	2199	2435	1023	1570	3297	501	3927	2548	1382	2345	942
gene-Zbtb44-l1	chr28	10391993	10393855	-	1863	2	12	2	10	0	0	0	16	2	10	0	0	0	10	4	4	0	0	10	0	4	2	2	0	2	0	22	8	0
gene-Zc3h11a	chr8	74031941	74081464	-	49524	13827	10566	11331	14250	8515	2756	17626	13967	9200	12176	7072	2430	1450	11939	9286	11213	7446	25431	11677	8292	3222	8008	25596	1934	10958	9976	7194	11318	5593
gene-Zc3h11a-l1	chr10	47047124	47049049	+	1926	0	0	0	0	0	0	0	0	0	0	0	0	0	0	0	2	1	4	0	0	0	0	2	0	0	1	0	0	0
gene-Zcchc8	chr20	6651238	6653652	+	2415	525	398	567	769	277	97	555	510	520	463	228	82	49	380	638	475	277	632	335	496	126	211	874	45	517	380	224	317	231
gene-Zcchc8-l1	chr20	6630628	6644353	+	13726	875	673	1155	1281	695	126	1038	933	832	808	536	142	72	760	919	799	543	1452	680	701	199	499	1441	67	944	643	533	805	366
gene-Zcrb1	chr16	14630314	14646448	+	16135	425	308	241	246	142	57	523	350	206	239	119	37	74	279	206	193	144	699	238	142	34	112	467	31	213	206	118	305	85
gene-Zcrb1-dl1	chr5	22218696	22220643	+	1948	142	120	130	130	154	8	101	202	110	164	122	14	6	165	100	118	142	158	170	112	52	168	170	12	128	112	122	128	26
gene-Zfp36l2	chr6	31556419	31557284	-	866	0	0	0	8	44	0	0	0	0	10	31	0	1	0	0	6	6	0	0	0	0	25	0	0	0	0	8	0	0
gene-Zfp36l2-dl1	chr12	72711040	72714720	+	3681	1716	262	1085	1087	688	143	3067	315	1376	1341	763	178	456	281	777	725	375	2241	358	1145	320	747	1851	452	1519	697	691	199	308
gene-Zkscan4	chr13	119135299	119140555	-	5257	241	394	338	131	46	126	459	414	246	158	86	73	28	531	300	178	123	684	465	424	46	74	1204	70	374	66	30	334	233
gene-Zkscan4-l1	chr13	119221152	119229668	+	8517	626	981	647	384	128	119	583	1314	528	339	58	124	61	1033	462	314	68	1020	1180	537	106	148	1167	98	575	230	50	875	242
gene-Znf14	chr13	70182359	70225897	+	43539	1522	1328	1049	1000	482	261	1725	1860	914	1116	637	254	158	1602	1032	938	496	2558	1499	920	282	520	2427	147	1349	870	433	1722	662
gene-Znf14-l1	chr3	126019598	126032049	-	12452	763	1387	1288	1139	486	196	998	1525	1010	887	392	188	68	1353	1526	954	486	1788	1428	1225	276	476	1878	124	1306	780	416	1221	387
gene-Znf2	chr22	9068141	9082444	-	14304	441	587	382	454	124	68	520	912	264	406	96	70	28	665	343	342	128	656	617	351	86	92	717	38	326	270	118	648	128
gene-Znf2-l1	chr16	41490236	41490538	-	303	0	0	0	0	0	0	0	0	0	0	0	0	0	0	0	0	0	0	0	0	0	0	0	0	0	0	0	0	0
gene-Znf410	chr27	1701054	1737446	-	36393	3875	2775	2831	3104	1974	541	3594	3491	2475	2909	1536	427	328	3337	2853	2615	1782	4999	3258	2610	771	1882	5363	391	2629	2405	1375	3046	1220
gene-Znf410-l1	chr19	11774196	11775935	+	1740	459	334	316	443	273	50	309	304	274	380	160	42	30	418	338	323	258	538	338	334	118	238	682	36	374	280	178	347	158
gene-Znf426	chr3	117290704	117307630	+	16927	5536	5073	3356	2550	4031	386	3438	7112	2482	2229	2617	378	293	5743	3100	2153	2998	3922	6298	2892	618	3111	4265	342	2857	2012	2139	5785	988
gene-Znf426-l1	chr3	116953771	117012081	-	58311	1966	2131	1498	1201	698	396	2128	2918	1255	1175	534	307	205	2356	1207	1184	773	3517	2241	1135	265	680	2861	226	1544	822	742	2425	588
gene-Znf426-l2	chr3	117225765	117271624	-	45860	1756	1164	504	282	264	159	1382	1657	439	260	211	111	80	1451	437	217	223	1471	1554	417	40	251	1344	76	472	205	174	1209	266
gene-Znf655	chr6	30882441	30900433	+	17993	2649	3200	2224	3592	1894	433	2219	3849	1966	3666	1691	395	234	3695	2330	3119	1997	4527	3257	2018	926	1561	4905	184	2478	2653	1550	3050	1022
gene-Znf655-l1	chr8	29279265	29282325	-	3061	246	326	212	330	126	34	194	366	207	388	126	52	12	310	262	274	190	426	302	198	94	150	492	18	214	228	146	274	114
gene-Znf691	chr19	44609300	44618371	+	9072	352	432	426	766	288	92	405	630	416	733	302	80	42	507	498	556	262	753	588	520	182	224	980	62	548	449	210	466	198
gene-Znf691-l1	chr21	10326246	10327766	+	1521	18	22	42	36	20	4	22	28	8	44	10	2	2	38	36	22	12	42	20	36	4	18	52	0	22	32	20	44	20
gene-Znf699	chr3	115876309	115889257	+	12949	2	24	5	15	0	3	3	24	1	12	1	2	0	23	5	2	0	13	39	2	2	0	8	0	8	7	1	18	3
gene-Znf699-l1	chr3	115876480	116778101	+	901622	915	3477	2689	1250	552	319	1274	4849	2356	1164	467	326	145	4181	3051	1135	590	3372	4351	2733	280	826	3474	210	2989	756	524	4018	706
gene-Znf709	chr17	23502493	23509198	-	6706	536	481	730	1714	964	98	635	686	767	1533	1499	129	76	633	870	1396	1263	935	621	661	413	1308	1226	92	891	1076	854	587	222
gene-Znf709-l1	chr10	87263552	87305596	+	42045	3420	1625	1570	2026	906	623	2618	2222	1334	2061	805	554	330	1910	1282	1809	967	5874	1591	1232	564	948	5801	264	1720	1336	844	1798	1310
gene-Znf709-l10	chr3	118750864	118765547	+	14684	1055	1652	965	959	146	264	1322	2470	1051	1106	130	224	88	2071	895	818	136	2098	1883	760	303	134	2424	120	858	619	104	1710	463
gene-Znf709-l11	chr5	107931872	107971976	-	40105	1537	2403	1042	930	232	398	1956	3277	1126	1306	220	278	184	2610	919	1000	282	3072	2642	929	316	384	3898	228	1250	834	318	2427	696
gene-Znf709-l12	chr5	108104485	108116985	+	12501	980	1327	1316	1344	348	158	1170	2049	1158	1287	326	161	128	1942	1819	1437	790	1791	1495	1113	324	326	1489	115	1816	1270	418	1880	402
gene-Znf709-l13	chrX	197573837	197598569	-	24733	1306	1174	708	811	316	155	1128	1749	741	742	407	168	134	1672	733	685	396	1549	1512	749	227	391	1897	122	716	560	419	1319	331
gene-Znf709-l2	chr11	6870635	6910429	+	39795	669	895	565	1208	1078	142	937	1168	490	1344	883	116	68	1030	504	1605	1150	1657	799	585	442	901	1460	65	562	1155	679	979	331
gene-Znf709-l3	chr17	23901420	23962026	+	60607	4561	3758	1872	1893	369	454	2992	5055	1545	1712	471	380	212	4298	1468	1338	602	3554	4217	1679	557	659	3946	278	1802	1387	472	4358	829
gene-Znf709-l4	chr17	25115156	25148363	-	33208	2030	1315	917	1017	442	260	2109	1596	769	1066	517	202	190	1534	737	879	568	2481	1370	683	257	608	2266	190	887	700	466	1289	402
gene-Znf709-l5	chr17	102911344	102944880	-	33537	886	1014	567	635	370	126	1393	1394	618	766	432	120	132	1303	582	541	454	1355	1116	524	196	376	1113	105	772	558	431	1212	327
gene-Znf709-l6	chr24	139354	189729	+	50376	3487	2442	1649	1502	937	296	3854	2541	1448	1552	1108	271	380	2701	1407	1124	1202	3104	2357	1351	387	1063	2941	345	1720	906	1139	2202	624
gene-Znf709-l7	chr26	53228332	53277508	+	49177	2014	1425	1286	1673	1069	294	2077	1884	1023	1638	844	252	228	1778	1160	1394	943	2583	1483	1008	363	1105	2519	226	1301	1231	758	1510	604
gene-Znf709-l8	chr3	102325247	102339009	-	13763	2616	2735	2188	1811	682	484	2486	3743	1844	1848	687	427	220	3230	2157	1684	775	4810	2918	2000	495	927	4581	282	2346	1332	635	2734	995
gene-Znf709-l9	chr3	107015977	107047452	+	31476	7044	2451	2294	2021	728	290	3040	3013	1677	1641	652	209	231	2302	1984	1462	635	2438	2237	1421	388	720	2255	191	1926	1273	663	2201	528
gene-Znf717	chr6	42079640	42094601	-	14962	924	1491	1274	1025	542	258	962	1961	1312	1101	618	230	114	1809	1678	1078	720	2537	1543	1121	259	517	2210	110	1325	684	471	1259	487
gene-Znf717-l1	chr6	42110608	42122730	-	12123	914	1627	1209	1198	911	278	783	1799	787	967	1184	252	93	1585	855	978	1216	1982	1889	1017	336	1151	2602	100	1200	1019	1038	1659	565
gene-Znf717-l2	chr6	42140986	42146787	-	5802	230	714	269	348	192	52	265	982	285	328	184	83	32	833	325	299	225	859	980	260	111	248	757	41	479	260	241	922	183
gene-Znf724	chr26	41742214	41773943	+	31730	4218	5593	2970	3078	998	646	2999	7072	2482	2798	1000	622	274	6252	2656	2380	1078	5739	5840	2360	736	1059	6232	334	2879	1840	910	5686	1345
gene-Znf724-l1	chr26	41859238	41889297	-	30060	1081	1248	922	1046	510	282	1089	1652	851	1114	518	240	124	1369	987	875	582	1838	1198	933	344	612	2108	137	1020	787	459	1209	469
gene-Znf724-l2	chr5	107769739	107784311	+	14573	2168	1586	2154	2212	1110	532	2092	2074	2368	2222	1278	516	198	1864	2538	1974	1441	4680	1689	2446	682	1364	5190	254	2579	1562	1092	1548	1068
gene-Znf792	chr2	18155595	18205215	+	49621	5896	3220	1745	3510	2311	489	2664	4053	1507	3149	2744	545	305	3879	1824	3418	3227	4132	3625	1583	718	2936	4604	317	1630	2237	1983	3318	846
gene-Znf792-l1	chr2	18145900	18153920	-	8021	692	781	296	426	162	92	270	978	322	444	274	102	36	852	326	368	188	736	975	342	84	232	686	44	280	272	160	769	138
gene-Znf792-l2	chr2	18176532	18183224	+	6693	0	0	0	0	0	0	0	0	0	0	0	0	0	0	0	0	0	0	0	0	0	0	0	0	0	0	0	0	0
gene-Znf805	chr2	44026563	44035366	+	8804	551	692	345	432	286	82	504	1001	262	409	320	84	28	727	304	380	280	687	735	324	115	371	894	49	269	312	243	640	178
gene-Znf805-l1	chr2	44055324	44062177	+	6854	548	894	761	397	117	222	825	1212	514	340	40	243	90	1123	686	370	42	1878	1110	526	97	58	1989	86	644	300	60	933	368
gene-Znf805-l2	chr2	44066337	44079353	+	13017	536	932	536	464	228	167	644	1328	397	408	140	140	64	1066	401	395	190	1203	1167	416	99	146	1183	54	431	352	140	1048	260
gene-Zscan2	chr15	82979864	83015026	+	35163	660	430	384	558	184	96	1159	573	227	427	142	66	72	570	212	426	142	960	564	284	143	162	940	68	506	440	114	526	222
gene-Zscan2-l1	chr22	75211171	75218057	+	6887	88	5833	130	169	328	10	114	5283	138	146	712	6	8	5725	138	142	560	76	5190	148	36	504	182	12	175	102	183	5502	22
gene-Zscan4	chr2	44628698	44631530	+	2833	0	0	0	0	0	0	0	4	0	0	0	0	0	0	0	0	0	0	0	0	0	0	0	0	0	0	0	0	0
gene-Zscan4-l1	chr2	44874726	44877768	+	3043	0	0	0	0	0	0	0	0	0	0	0	0	0	0	0	0	0	0	0	0	0	0	0	0	0	0	0	0	0
gene-Zxdb	chrX	118330783	118375234	-	44452	183	332	256	243	123	36	219	436	260	224	74	52	18	337	201	178	78	437	259	222	58	132	343	24	202	202	66	281	90
gene-Zxdb-dl1	chrX	118243036	118246064	+	3029	42	94	86	44	18	4	54	114	68	88	36	4	12	88	56	76	32	128	53	78	24	58	92	14	69	56	24	84	22
gene-Syncrip	chr15	14303053	14342384	-	39332	12168	5438	4756	4144	3137	935	9325	6814	4055	4002	2772	801	757	6021	4369	3640	3132	10637	5298	3873	1101	3843	8411	699	4833	2630	2640	4992	1807
gene-Gbp1	chr21	52601480	53023304	+	421825	1275	533	5258	2069	6375	3211	2625	672	2073	1489	5910	974	294	507	2712	1478	7151	8205	492	2550	543	16587	14033	325	2000	1182	6387	694	1889
gene-Casp1	chr25	26726155	26739140	-	12986	485	90	442	255	285	510	1172	166	424	177	162	338	84	141	422	246	147	2583	120	459	72	236	3289	127	576	161	159	140	686
