	Unnamed: 0	Chromosome	source	type	Gene Start	Gene End	score	Strand	phase	attributes	gene	Start	End	overlaps_dup
5	55	chrX	AUGUSTUS	gene	572360	572950	.	-	.	ID=gene-H2ab2;Name=H2ab2;origin=de_novo	H2AB2	572359	572950	True
109	4934	chrX	Liftoff	gene	5867224	5867985	.	-	.	ID=gene-Mageb16-l1;Dbxref=GeneID:101590446;Name=Mageb16-l1;origin=rename;copy_num_ID=gene-LOC101590446_0;coverage=1.0;extra_copy_number=0;gbkey=Gene;gene=LOC101590446;gene_biotype=protein_coding;sequence_ID=0.990;valid_ORFs=1	MAGEB16-L1	5867223	5867985	True
110	4938	chrX	Liftoff	gene	6927810	6928817	.	+	.	ID=gene-Magea4;Dbxref=GeneID:105743873;Name=Magea4;origin=rename;copy_num_ID=gene-LOC105743873_0;coverage=1.0;extra_copy_number=0;gbkey=Gene;gene=LOC105743873;gene_biotype=protein_coding;sequence_ID=0.999;valid_ORFs=1	MAGEA4	6927809	6928817	True
112	4946	chrX	Liftoff	gene	7154240	7155181	.	+	.	ID=gene-LOC101581620;Dbxref=GeneID:101581620;Name=LOC101581620;origin=liftoff;copy_num_ID=gene-LOC101581620_0;coverage=1.0;extra_copy_number=0;gbkey=Gene;gene=LOC101581620;gene_biotype=protein_coding;sequence_ID=0.998;valid_ORFs=1	LOC101581620	7154239	7155181	True
113	4950	chrX	Liftoff	gene	7158654	7159415	.	-	.	ID=gene-Magea11-l1;Dbxref=GeneID:101581237;Name=Magea11-l1;origin=rename;copy_num_ID=gene-LOC101581237_0;coverage=1.0;extra_copy_number=0;gbkey=Gene;gene=LOC101581237;gene_biotype=protein_coding;sequence_ID=1.0;valid_ORFs=1	MAGEA11-L1	7158653	7159415	True
114	4954	chrX	Liftoff	gene	7257104	7257862	.	-	.	ID=gene-Magea10-l5;Dbxref=GeneID:101580834;Name=Magea10-l5;origin=rename;copy_num_ID=gene-LOC101580834_0;coverage=1.0;extra_copy_number=0;gbkey=Gene;gene=LOC101580834;gene_biotype=protein_coding;sequence_ID=1.0;valid_ORFs=1	MAGEA10-L5	7257103	7257862	True
115	4958	chrX	Liftoff	gene	7319876	7320832	.	-	.	ID=gene-Magea4-l1;Dbxref=GeneID:101580439;Name=Magea4-l1;origin=rename;copy_num_ID=gene-LOC101580439_0;coverage=1.0;extra_copy_number=0;gbkey=Gene;gene=LOC101580439;gene_biotype=protein_coding;sequence_ID=0.998;valid_ORFs=1	MAGEA4-L1	7319875	7320832	True
117	4966	chrX	Liftoff	gene	7477649	7478488	.	-	.	ID=gene-Magea4-l2;Dbxref=GeneID:101579652;Name=Magea4-l2;origin=rename;copy_num_ID=gene-LOC101579652_0;coverage=1.0;extra_copy_number=0;gbkey=Gene;gene=LOC101579652;gene_biotype=protein_coding;sequence_ID=0.997;valid_ORFs=1	MAGEA4-L2	7477648	7478488	True
118	4970	chrX	Liftoff	gene	7567046	7567909	.	-	.	ID=gene-Magea11-l2;Dbxref=GeneID:101578861;Name=Magea11-l2;origin=rename;copy_num_ID=gene-LOC101578861_0;coverage=1.0;extra_copy_number=0;gbkey=Gene;gene=LOC101578861;gene_biotype=protein_coding;sequence_ID=0.991;valid_ORFs=1	MAGEA11-L2	7567045	7567909	True
119	4974	chrX	Liftoff	gene	7630752	7631615	.	-	.	ID=gene-Magea4-l3;Dbxref=GeneID:101578465;Name=Magea4-l3;origin=rename;copy_num_ID=gene-LOC101578465_0;coverage=1.0;extra_copy_number=0;gbkey=Gene;gene=LOC101578465;gene_biotype=protein_coding;sequence_ID=0.998;valid_ORFs=1	MAGEA4-L3	7630751	7631615	True
120	4978	chrX	Liftoff	gene	7662456	7663472	.	-	.	ID=gene-Magea4-l4;Dbxref=GeneID:101578071;Name=Magea4-l4;origin=rename;copy_num_ID=gene-LOC101578071_0;coverage=1.0;extra_copy_number=0;gbkey=Gene;gene=LOC101578071;gene_biotype=protein_coding;sequence_ID=0.982;valid_ORFs=1	MAGEA4-L4	7662455	7663472	True
121	4982	chrX	Liftoff	gene	7723441	7724202	.	+	.	ID=gene-Mageb16;Dbxref=GeneID:101577666;Name=Mageb16;origin=rename;copy_num_ID=gene-LOC101577666_0;coverage=1.0;extra_copy_number=0;gbkey=Gene;gene=LOC101577666;gene_biotype=protein_coding;sequence_ID=0.997;valid_ORFs=1	MAGEB16	7723440	7724202	True
122	4986	chrX	Liftoff	gene	7797987	7798700	.	-	.	ID=gene-LOC101576844;Dbxref=GeneID:101576844;Name=LOC101576844;origin=liftoff;copy_num_ID=gene-LOC101576844_0;coverage=1.0;extra_copy_number=0;gbkey=Gene;gene=LOC101576844;gene_biotype=protein_coding;sequence_ID=0.997;valid_ORFs=1	LOC101576844	7797986	7798700	True
124	4994	chrX	AUGUSTUS	gene	8050412	8052067	.	+	.	ID=gene-Magea10-dl1;Name=Magea10-dl1;origin=de_novo	MAGEA10-DL1	8050411	8052067	True
139	5640	chrX	Liftoff	gene	12026973	12056056	.	-	.	ID=gene-Ell2-l1;Dbxref=GeneID:101588738;Name=Ell2-l1;origin=rename;copy_num_ID=gene-LOC101588738_0;coverage=1.0;extra_copy_number=0;gbkey=Gene;gene=LOC101588738;gene_biotype=protein_coding;sequence_ID=0.975;valid_ORFs=1	ELL2-L1	12026972	12056056	True
140	5648	chrX	Liftoff	gene	12138477	12138578	.	+	.	ID=gene-LOC111814175;Dbxref=GeneID:111814175;Name=LOC111814175;origin=liftoff;copy_num_ID=gene-LOC111814175_0;coverage=1.0;extra_copy_number=0;gbkey=Gene;gene=LOC111814175;gene_biotype=snRNA;sequence_ID=1.0	LOC111814175	12138476	12138578	True
193	6958	chrX	Liftoff	gene	27480963	27489661	.	-	.	ID=gene-LOC101559949;Dbxref=GeneID:101559949;Name=LOC101559949;origin=liftoff;copy_num_ID=gene-LOC101559949_0;coverage=1.0;extra_copy_number=0;gbkey=Gene;gene=LOC101559949;gene_biotype=protein_coding;sequence_ID=0.997;valid_ORFs=1	LOC101559949	27480962	27489661	True
194	6970	chrX	Liftoff	gene	27607256	27608806	.	+	.	ID=gene-Rtl8c;Dbxref=GeneID:101591387;Name=Rtl8c;origin=liftoff;copy_num_ID=gene-Rtl8c_0;coverage=1.0;extra_copy_number=0;gbkey=Gene;gene=Rtl8c;gene_biotype=protein_coding;sequence_ID=0.995;valid_ORFs=1	RTL8C	27607255	27608806	True
195	6976	chrX	AUGUSTUS	gene	27624272	27625881	.	-	.	ID=gene-Rtl8c-dl1;Name=Rtl8c-dl1;origin=de_novo	RTL8C-DL1	27624271	27625881	True
197	6992	chrX	Liftoff	gene	28836741	28837557	.	+	.	ID=gene-LOC101568284;Dbxref=GeneID:101568284;Name=LOC101568284;origin=liftoff;copy_num_ID=gene-LOC101568284_0;coverage=0.998;extra_copy_number=0;gbkey=Gene;gene=LOC101568284;gene_biotype=protein_coding;sequence_ID=0.985;valid_ORFs=0	LOC101568284	28836740	28837557	True
198	6998	chrX	AUGUSTUS	gene	30072099	30073232	.	-	.	ID=gene-Lage3-dl1;Name=Lage3-dl1;origin=de_novo	LAGE3-DL1	30072098	30073232	True
224	8028	chrX	Liftoff	gene	36105803	36146397	.	+	.	ID=gene-LOC111817588;Dbxref=GeneID:111817588;Name=LOC111817588;origin=liftoff;copy_num_ID=gene-LOC111817588_0;coverage=1.0;extra_copy_number=0;gbkey=Gene;gene=LOC111817588;gene_biotype=protein_coding;sequence_ID=0.993;valid_ORFs=0	LOC111817588	36105802	36146397	True
255	9840	chrX	Liftoff	gene	45331935	45405688	.	-	.	ID=gene-Xiap;Dbxref=GeneID:101577146;Name=Xiap;origin=liftoff;copy_num_ID=gene-Xiap_0;coverage=1.0;extra_copy_number=0;gbkey=Gene;gene=Xiap;gene_biotype=protein_coding;sequence_ID=0.999;valid_ORFs=2	XIAP	45331934	45405688	True
256	9875	chrX	Liftoff	gene	45364153	45366754	.	+	.	ID=gene-Gja1-l1;Dbxref=GeneID:101576744;Name=Gja1-l1;origin=rename;copy_num_ID=gene-LOC101576744_0;coverage=1.0;extra_copy_number=0;gbkey=Gene;gene=LOC101576744;gene_biotype=protein_coding;sequence_ID=0.998;valid_ORFs=1	GJA1-L1	45364152	45366754	True
271	10831	chrX	Liftoff	gene	50560810	50582868	.	-	.	ID=gene-LOC111814449;Dbxref=GeneID:111814449;Name=LOC111814449;origin=liftoff;copy_num_ID=gene-LOC111814449_0;coverage=1.0;extra_copy_number=0;gbkey=Gene;gene=LOC111814449;gene_biotype=lncRNA;sequence_ID=1.0	LOC111814449	50560809	50582868	True
272	10836	chrX	AUGUSTUS	gene	50827500	50832056	.	+	.	ID=gene-Rhox13-dl1;Name=Rhox13-dl1;origin=de_novo	RHOX13-DL1	50827499	50832056	True
273	10849	chrX	Liftoff	gene	51017409	51019091	.	-	.	ID=gene-Rhoxf1;Dbxref=GeneID:111814447;Name=Rhoxf1;origin=liftoff;copy_num_ID=gene-Rhoxf1_0;coverage=1.0;extra_copy_number=0;gbkey=Gene;gene=Rhoxf1;gene_biotype=protein_coding;sequence_ID=0.999;valid_ORFs=1	RHOXF1	51017408	51019091	True
275	10868	chrX	AUGUSTUS	gene	51504001	51505395	.	+	.	ID=gene-Larp7-dl5;Name=Larp7-dl5;origin=de_novo	LARP7-DL5	51504000	51505395	True
308	12086	chrX	Liftoff	gene	53366322	53476051	.	-	.	ID=gene-Wdr44;Dbxref=GeneID:101577544;Name=Wdr44;origin=liftoff;copy_num_ID=gene-Wdr44_0;coverage=1.0;extra_copy_number=0;gbkey=Gene;gene=Wdr44;gene_biotype=protein_coding;sequence_ID=0.998;valid_ORFs=1	WDR44	53366321	53476051	True
402	14737	chrX	Liftoff	gene	70762496	70762602	.	+	.	ID=gene-LOC111814462;Dbxref=GeneID:111814462;Name=LOC111814462;origin=liftoff;copy_num_ID=gene-LOC111814462_0;coverage=1.0;extra_copy_number=0;gbkey=Gene;gene=LOC111814462;gene_biotype=snRNA;sequence_ID=0.990	LOC111814462	70762495	70762602	True
403	14740	chrX	Liftoff	gene	70911473	70919362	.	+	.	ID=gene-Pwwp3b;Dbxref=GeneID:101577164;Name=Pwwp3b;origin=rename;copy_num_ID=gene-LOC101577164_0;coverage=1.0;extra_copy_number=0;gbkey=Gene;gene=LOC101577164;gene_biotype=protein_coding;sequence_ID=0.994;valid_ORFs=1	PWWP3B	70911472	70919362	True
404	14750	chrX	Liftoff	gene	71010190	71052890	.	-	.	ID=gene-Pwwp3b-l1;Dbxref=GeneID:101571038;Name=Pwwp3b-l1;origin=rename;copy_num_ID=gene-LOC101571038_0;coverage=1.0;extra_copy_number=0;gbkey=Gene;gene=LOC101571038;gene_biotype=protein_coding;sequence_ID=0.997;valid_ORFs=2	PWWP3B-L1	71010189	71052890	True
435	15201	chrX	Liftoff	gene	75581750	75602922	.	+	.	ID=gene-Nxf2;Dbxref=GeneID:101589622;Name=Nxf2;origin=rename;copy_num_ID=gene-LOC101589622_0;coverage=1.0;extra_copy_number=0;gbkey=Gene;gene=LOC101589622;gene_biotype=protein_coding;sequence_ID=0.978;valid_ORFs=1	NXF2	75581749	75602922	True
450	15684	chrX	Liftoff	gene	76740427	76809385	.	-	.	ID=gene-Cenpi;Dbxref=GeneID:101581753;Name=Cenpi;origin=liftoff;copy_num_ID=gene-Cenpi_0;coverage=1.0;extra_copy_number=0;gbkey=Gene;gene=Cenpi;gene_biotype=protein_coding;sequence_ID=0.999;valid_ORFs=1	CENPI	76740426	76809385	True
490	16777	chrX	Liftoff	gene	90301956	90302420	.	+	.	ID=gene-Ube2d2-l1;Dbxref=GeneID:101565664;Name=Ube2d2-l1;origin=rename;copy_num_ID=gene-LOC101565664_0;coverage=1.0;extra_copy_number=0;gbkey=Gene;gene=LOC101565664;gene_biotype=protein_coding;sequence_ID=1.0;valid_ORFs=1	UBE2D2-L1	90301955	90302420	True
491	16782	chrX	Liftoff	gene	91076368	91076832	.	-	.	ID=gene-Ube2d2-l2;Dbxref=GeneID:101562899;Name=Ube2d2-l2;origin=rename;copy_num_ID=gene-LOC101562899_0;coverage=1.0;extra_copy_number=0;gbkey=Gene;gene=LOC101562899;gene_biotype=protein_coding;sequence_ID=0.997;valid_ORFs=1	UBE2D2-L2	91076367	91076832	True
492	16787	chrX	Liftoff	gene	91528657	91529100	.	-	.	ID=gene-LOC101560909;Dbxref=GeneID:101560909;Name=LOC101560909;origin=liftoff;copy_num_ID=gene-LOC101560909_0;coverage=1.0;extra_copy_number=0;gbkey=Gene;gene=LOC101560909;gene_biotype=protein_coding;sequence_ID=1.0;valid_ORFs=1	LOC101560909	91528656	91529100	True
552	17924	chrX	Liftoff	gene	102555912	102560278	.	-	.	ID=gene-Pbdc1-l1;Dbxref=GeneID:101589794;Name=Pbdc1-l1;origin=rename;copy_num_ID=gene-LOC101589794_0;coverage=1.0;extra_copy_number=0;gbkey=Gene;gene=LOC101589794;gene_biotype=protein_coding;sequence_ID=0.992;valid_ORFs=1	PBDC1-L1	102555911	102560278	True
553	17940	chrX	Liftoff	gene	102731889	102737160	.	+	.	ID=gene-Pbdc1-l2;Dbxref=GeneID:101589009;Name=Pbdc1-l2;origin=rename;copy_num_ID=gene-LOC101589009_0;coverage=0.995;extra_copy_number=0;gbkey=Gene;gene=LOC101589009;gene_biotype=protein_coding;sequence_ID=0.990;valid_ORFs=2	PBDC1-L2	102731888	102737160	True
665	21785	chrX	AUGUSTUS	gene	118243036	118246064	.	+	.	ID=gene-Zxdb-dl1;Name=Zxdb-dl1;origin=de_novo	ZXDB-DL1	118243035	118246064	True
666	21793	chrX	Liftoff	gene	118330783	118375234	.	-	.	ID=gene-Zxdb;Dbxref=GeneID:101565590;Name=Zxdb;origin=liftoff;copy_num_ID=gene-Zxdb_0;coverage=0.986;extra_copy_number=0;gbkey=Gene;gene=Zxdb;gene_biotype=protein_coding;sequence_ID=0.985;valid_ORFs=0	ZXDB	118330782	118375234	True
709	25739	chrX	Liftoff	gene	129590676	129643997	.	+	.	ID=gene-Fam156a;Dbxref=GeneID:101573726;Name=Fam156a;origin=rename;copy_num_ID=gene-LOC101573726_0;coverage=0.984;extra_copy_number=0;gbkey=Gene;gene=LOC101573726;gene_biotype=protein_coding;sequence_ID=0.981;valid_ORFs=6	FAM156A	129590675	129643997	True
710	25788	chrX	Liftoff	gene	129629748	129633502	.	-	.	ID=gene-Srrm1-l1;Dbxref=GeneID:101581285;Name=Srrm1-l1;origin=rename;copy_num_ID=gene-LOC101581285_0;coverage=0.997;end_range=396685,.;extra_copy_number=0;gbkey=Gene;gene=LOC101581285;gene_biotype=protein_coding;partial=true;sequence_ID=0.996;valid_ORFs=0	SRRM1-L1	129629747	129633502	True
864	33351	chrX	Liftoff	gene	150027275	150027697	.	+	.	ID=gene-Fth;Dbxref=GeneID:101573977;Name=Fth;origin=rename;copy_num_ID=gene-LOC101573977_0;coverage=1.0;extra_copy_number=0;gbkey=Gene;gene=LOC101573977;gene_biotype=protein_coding;sequence_ID=0.997;valid_ORFs=1	FTH	150027274	150027697	True
868	33364	chrX	Liftoff	gene	151475806	151476159	.	+	.	ID=gene-H2ab1;Dbxref=GeneID:101591772;Name=H2ab1;origin=rename;copy_num_ID=gene-LOC101591772_0;coverage=1.0;extra_copy_number=0;gbkey=Gene;gene=LOC101591772;gene_biotype=protein_coding;sequence_ID=1.0;valid_ORFs=1	H2AB1	151475805	151476159	True
869	33368	chrX	Liftoff	gene	151536710	151537063	.	+	.	ID=gene-H2al3;Dbxref=GeneID:101590981;Name=H2al3;origin=rename;copy_num_ID=gene-LOC101590981_0;coverage=1.0;extra_copy_number=0;gbkey=Gene;gene=LOC101590981;gene_biotype=protein_coding;sequence_ID=1.0;valid_ORFs=1	H2AL3	151536709	151537063	True
900	34385	chrX	AUGUSTUS	gene	161742208	161743296	.	-	.	ID=gene-Mageb4-dl1;Name=Mageb4-dl1;origin=de_novo	MAGEB4-DL1	161742207	161743296	True
901	34392	chrX	Liftoff	gene	161876757	161877845	.	+	.	ID=gene-Mageb4-l2;Dbxref=GeneID:101587169;Name=Mageb4-l2;origin=rename;copy_num_ID=gene-LOC101587169_0;coverage=1.0;extra_copy_number=0;gbkey=Gene;gene=LOC101587169;gene_biotype=protein_coding;sequence_ID=0.991;valid_ORFs=1	MAGEB4-L2	161876756	161877845	True
902	34396	chrX	Liftoff	gene	161913179	161917613	.	+	.	ID=gene-Mageb4-l3;Dbxref=GeneID:101587558;Name=Mageb4-l3;origin=rename;copy_num_ID=gene-LOC101587558_0;coverage=1.0;extra_copy_number=0;gbkey=Gene;gene=LOC101587558;gene_biotype=protein_coding;sequence_ID=0.989;valid_ORFs=1	MAGEB4-L3	161913178	161917613	True
903	34404	chrX	Liftoff	gene	161952321	161953592	.	+	.	ID=gene-Mageb3;Dbxref=GeneID:101587948;Name=Mageb3;origin=rename;copy_num_ID=gene-LOC101587948_0;coverage=1.0;extra_copy_number=0;gbkey=Gene;gene=LOC101587948;gene_biotype=protein_coding;sequence_ID=1.0;valid_ORFs=1	MAGEB3	161952320	161953592	True
904	34408	chrX	Liftoff	gene	161965816	162016528	.	-	.	ID=gene-Mageb3-l1;Dbxref=GeneID:101588346;Name=Mageb3-l1;origin=rename;copy_num_ID=gene-LOC101588346_0;coverage=1.0;extra_copy_number=0;gbkey=Gene;gene=LOC101588346;gene_biotype=protein_coding;sequence_ID=0.996;valid_ORFs=1	MAGEB3-L1	161965815	162016528	True
905	34422	chrX	Liftoff	gene	162012692	162013717	.	-	.	ID=gene-Mageb4-l4;Dbxref=GeneID:101588734;Name=Mageb4-l4;origin=rename;copy_num_ID=gene-LOC101588734_0;coverage=1.0;extra_copy_number=0;gbkey=Gene;gene=LOC101588734;gene_biotype=protein_coding;sequence_ID=0.998;valid_ORFs=1	MAGEB4-L4	162012691	162013717	True
1015	38944	chrX	Liftoff	gene	183153329	183153435	.	+	.	ID=gene-LOC111817772;Dbxref=GeneID:111817772;Name=LOC111817772;origin=liftoff;copy_num_ID=gene-LOC111817772_0;coverage=1.0;extra_copy_number=0;gbkey=Gene;gene=LOC111817772;gene_biotype=snRNA;sequence_ID=1.0	LOC111817772	183153328	183153435	True
1042	39903	chrX	AUGUSTUS	gene	188912355	188914458	.	+	.	ID=gene-Ywhah-dl2;Name=Ywhah-dl2;origin=de_novo	YWHAH-DL2	188912354	188914458	True
1043	39911	chrX	AUGUSTUS	gene	188928212	188930316	.	-	.	ID=gene-Ywhah-dl3;Name=Ywhah-dl3;origin=de_novo	YWHAH-DL3	188928211	188930316	True
1044	39919	chrX	Liftoff	gene	189156448	189156572	.	+	.	ID=gene-LOC111814727;Dbxref=GeneID:111814727;Name=LOC111814727;origin=liftoff;copy_num_ID=gene-LOC111814727_0;coverage=1.0;extra_copy_number=0;gbkey=Gene;gene=LOC111814727;gene_biotype=snRNA;sequence_ID=0.992	LOC111814727	189156447	189156572	True
1045	39922	chrX	Liftoff	gene	189178803	189185326	.	-	.	ID=gene-Prdm9;Dbxref=GeneID:101568686;Name=Prdm9;origin=liftoff;copy_num_ID=gene-Prdm9_0;coverage=1.0;extra_copy_number=0;gbkey=Gene;gene=Prdm9;gene_biotype=protein_coding;sequence_ID=0.996;valid_ORFs=1	PRDM9	189178802	189185326	True
1046	39940	chrX	Liftoff	gene	189359064	189382511	.	+	.	ID=gene-LOC101567490;Dbxref=GeneID:101567490;Name=LOC101567490;origin=liftoff;copy_num_ID=gene-LOC101567490_0;coverage=1.0;extra_copy_number=0;gbkey=Gene;gene=LOC101567490;gene_biotype=protein_coding;sequence_ID=0.953;valid_ORFs=0	LOC101567490	189359063	189382511	True
1047	39962	chrX	Liftoff	gene	189590331	189594822	.	+	.	ID=gene-LOC101562067;Dbxref=GeneID:101562067;Name=LOC101562067;origin=liftoff;copy_num_ID=gene-LOC101562067_0;coverage=1.0;extra_copy_number=0;gbkey=Gene;gene=LOC101562067;gene_biotype=protein_coding;sequence_ID=0.997;valid_ORFs=1	LOC101562067	189590330	189594822	True
1048	39970	chrX	Liftoff	gene	189746554	189751506	.	-	.	ID=gene-LOC101575321;Dbxref=GeneID:101575321;Name=LOC101575321;origin=liftoff;copy_num_ID=gene-LOC101575321_0;coverage=1.0;extra_copy_number=0;gbkey=Gene;gene=LOC101575321;gene_biotype=protein_coding;partial=true;sequence_ID=0.991;start_range=.,49883;valid_ORFs=0	LOC101575321	189746553	189751506	True
1049	39987	chrX	Liftoff	gene	189868536	189870562	.	+	.	ID=gene-LOC101560229;Dbxref=GeneID:101560229;Name=LOC101560229;origin=liftoff;copy_num_ID=gene-LOC101560229_0;coverage=1.0;end_range=4469,.;extra_copy_number=0;gbkey=Gene;gene=LOC101560229;gene_biotype=protein_coding;partial=true;sequence_ID=0.995;valid_ORFs=0	LOC101560229	189868535	189870562	True
1050	39999	chrX	Liftoff	gene	189992277	190166634	.	-	.	ID=gene-Shroom2;Dbxref=GeneID:101567621;Name=Shroom2;origin=liftoff;copy_num_ID=gene-Shroom2_0;coverage=1.0;extra_copy_number=0;gbkey=Gene;gene=Shroom2;gene_biotype=protein_coding;sequence_ID=0.998;valid_ORFs=4	SHROOM2	189992276	190166634	True
1051	40090	chrX	Liftoff	gene	190119901	190120007	.	+	.	ID=gene-LOC111814486;Dbxref=GeneID:111814486;Name=LOC111814486;origin=liftoff;copy_num_ID=gene-LOC111814486_0;coverage=1.0;extra_copy_number=0;gbkey=Gene;gene=LOC111814486;gene_biotype=snRNA;sequence_ID=0.990	LOC111814486	190119900	190120007	True
1052	40093	chrX	Liftoff	gene	190126664	190126766	.	+	.	ID=gene-LOC111814487;Dbxref=GeneID:111814487;Name=LOC111814487;origin=liftoff;copy_num_ID=gene-LOC111814487_0;coverage=1.0;extra_copy_number=0;gbkey=Gene;gene=LOC111814487;gene_biotype=snRNA;sequence_ID=1.0	LOC111814487	190126663	190126766	True
1053	40096	chrX	Liftoff	gene	190194591	190223693	.	+	.	ID=gene-Gpr143;Dbxref=GeneID:101568422;Name=Gpr143;origin=liftoff;copy_num_ID=gene-Gpr143_0;coverage=1.0;extra_copy_number=0;gbkey=Gene;gene=Gpr143;gene_biotype=protein_coding;sequence_ID=0.995;valid_ORFs=1	GPR143	190194590	190223693	True
1054	40117	chrX	Liftoff	gene	190357111	190582080	.	-	.	ID=gene-Tbl1x;Dbxref=GeneID:101566163;Name=Tbl1x;origin=liftoff;copy_num_ID=gene-Tbl1x_0;coverage=0.998;extra_copy_number=0;gbkey=Gene;gene=Tbl1x;gene_biotype=protein_coding;sequence_ID=0.997;valid_ORFs=2	TBL1X	190357110	190582080	True
1087	40741	chrX	Liftoff	gene	197034100	197142548	.	+	.	ID=gene-LOC101564436;Dbxref=GeneID:101564436;Name=LOC101564436;origin=liftoff;copy_num_ID=gene-LOC101564436_0;coverage=0.996;extra_copy_number=0;gbkey=Gene;gene=LOC101564436;gene_biotype=protein_coding;sequence_ID=0.990;valid_ORFs=3	LOC101564436	197034099	197142548	True
1091	40798	chrX	Liftoff	gene	197096279	197618725	.	+	.	ID=gene-LOC111814145;Dbxref=GeneID:111814145;Name=LOC111814145;origin=liftoff;copy_num_ID=gene-LOC111814145_0;coverage=0.986;extra_copy_number=0;gbkey=Gene;gene=LOC111814145;gene_biotype=protein_coding;sequence_ID=0.985;valid_ORFs=0	LOC111814145	197096278	197618725	True
1110	41005	chrY	AUGUSTUS	gene	4824204	4824857	.	-	.	ID=gene-Rpl10a-dl10;Name=Rpl10a-dl10;origin=de_novo	RPL10A-DL10	4824203	4824857	True
1111	41012	chrY	Liftoff	gene	10570878	10573204	.	-	.	ID=gene-LOC111814767;Dbxref=GeneID:111814767;Name=LOC111814767;origin=liftoff;copy_num_ID=gene-LOC111814767_0;coverage=1.0;extra_copy_number=0;gbkey=Gene;gene=LOC111814767;gene_biotype=lncRNA;sequence_ID=0.996	LOC111814767	10570877	10573204	True
1112	41017	chrY	Liftoff	gene	10577326	10579963	.	-	.	ID=gene-LOC111814766;Dbxref=GeneID:111814766;Name=LOC111814766;origin=liftoff;copy_num_ID=gene-LOC111814766_0;coverage=1.0;extra_copy_number=0;gbkey=Gene;gene=LOC111814766;gene_biotype=lncRNA;sequence_ID=1.0	LOC111814766	10577325	10579963	True
1113	41022	chrY	Liftoff	gene	11407469	11409980	.	-	.	ID=gene-LOC111814656;Dbxref=GeneID:111814656;Name=LOC111814656;origin=liftoff;copy_num_ID=gene-LOC111814656_0;coverage=1.0;extra_copy_number=0;gbkey=Gene;gene=LOC111814656;gene_biotype=lncRNA;sequence_ID=0.997	LOC111814656	11407468	11409980	True
1114	41027	chrY	Liftoff	gene	11412345	11413630	.	-	.	ID=gene-LOC111814657;Dbxref=GeneID:111814657;Name=LOC111814657;origin=liftoff;copy_num_ID=gene-LOC111814657_0;coverage=1.0;extra_copy_number=0;gbkey=Gene;gene=LOC111814657;gene_biotype=lncRNA;sequence_ID=0.996	LOC111814657	11412344	11413630	True
1115	41032	chrY	AUGUSTUS	gene	13382200	13382853	.	+	.	ID=gene-Rpl10a-dl11;Name=Rpl10a-dl11;origin=de_novo	RPL10A-DL11	13382199	13382853	True
1116	41039	chrY	Liftoff	gene	15315057	15316646	.	-	.	ID=gene-LOC101589680;Dbxref=GeneID:101589680;Name=LOC101589680;origin=liftoff;copy_num_ID=gene-LOC101589680_0;coverage=1.0;extra_copy_number=0;gbkey=Gene;gene=LOC101589680;gene_biotype=protein_coding;sequence_ID=0.988;valid_ORFs=1	LOC101589680	15315056	15316646	True
1117	41046	chrY	Liftoff	gene	16858114	16861615	.	-	.	ID=gene-LOC111814932;Dbxref=GeneID:111814932;Name=LOC111814932;origin=liftoff;copy_num_ID=gene-LOC111814932_0;coverage=1.0;extra_copy_number=0;gbkey=Gene;gene=LOC111814932;gene_biotype=lncRNA;sequence_ID=1.0	LOC111814932	16858113	16861615	True
1118	41051	chrY	Liftoff	gene	17682829	17684881	.	+	.	ID=gene-LOC111814935;Dbxref=GeneID:111814935;Name=LOC111814935;origin=liftoff;copy_num_ID=gene-LOC111814935_0;coverage=1.0;extra_copy_number=0;gbkey=Gene;gene=LOC111814935;gene_biotype=protein_coding;sequence_ID=0.990;valid_ORFs=1	LOC111814935	17682828	17684881	True
1119	41061	chrY	Liftoff	gene	19901883	19913662	.	+	.	ID=gene-LOC105741353;Dbxref=GeneID:105741353;Name=LOC105741353;origin=liftoff;copy_num_ID=gene-LOC105741353_0;coverage=1.0;extra_copy_number=0;gbkey=Gene;gene=LOC105741353;gene_biotype=protein_coding;sequence_ID=0.993;valid_ORFs=1	LOC105741353	19901882	19913662	True
1120	41074	chrY	Liftoff	gene	21220797	21228128	.	-	.	ID=gene-LOC111814857;Dbxref=GeneID:111814857;Name=LOC111814857;origin=liftoff;copy_num_ID=gene-LOC111814857_0;coverage=0.668;end_range=26882,.;extra_copy_number=0;gbkey=Gene;gene=LOC111814857;gene_biotype=protein_coding;partial=true;sequence_ID=0.661;valid_ORFs=0	LOC111814857	21220796	21228128	True
1121	41084	chrY	Liftoff	gene	22255282	22257691	.	+	.	ID=gene-LOC111814806;Dbxref=GeneID:111814806;Name=LOC111814806;origin=liftoff;copy_num_ID=gene-LOC111814806_0;coverage=1.0;extra_copy_number=0;gbkey=Gene;gene=LOC111814806;gene_biotype=lncRNA;sequence_ID=0.993	LOC111814806	22255281	22257691	True
1122	41089	chrY	Liftoff	gene	27302037	27305745	.	+	.	ID=gene-LOC111814722;Dbxref=GeneID:111814722;Name=LOC111814722;origin=liftoff;copy_num_ID=gene-LOC111814722_0;coverage=1.0;extra_copy_number=0;gbkey=Gene;gene=LOC111814722;gene_biotype=lncRNA;sequence_ID=0.994	LOC111814722	27302036	27305745	True
1123	41094	chrY	Liftoff	gene	30101945	30104028	.	-	.	ID=gene-LOC111814978;Dbxref=GeneID:111814978;Name=LOC111814978;origin=liftoff;copy_num_ID=gene-LOC111814978_0;coverage=1.0;end_range=2175,.;extra_copy_number=0;gbkey=Gene;gene=LOC111814978;gene_biotype=protein_coding;partial=true;sequence_ID=0.997;start_range=.,39;valid_ORFs=0	LOC111814978	30101944	30104028	True
1124	41102	chrY	AUGUSTUS	gene	31516698	31517351	.	-	.	ID=gene-Rpl10a-dl12;Name=Rpl10a-dl12;origin=de_novo	RPL10A-DL12	31516697	31517351	True
1125	41109	chrY	Liftoff	gene	34788423	34789019	.	+	.	ID=gene-LOC105741345;Dbxref=GeneID:105741345;Name=LOC105741345;origin=liftoff;copy_num_ID=gene-LOC105741345_0;coverage=1.0;extra_copy_number=0;gbkey=Gene;gene=LOC105741345;gene_biotype=protein_coding;sequence_ID=0.996;valid_ORFs=1	LOC105741345	34788422	34789019	True
1126	41113	chrY	Liftoff	gene	34808098	34814338	.	+	.	ID=gene-LOC111814760;Dbxref=GeneID:111814760;Name=LOC111814760;origin=liftoff;copy_num_ID=gene-LOC111814760_0;coverage=1.0;extra_copy_number=0;gbkey=Gene;gene=LOC111814760;gene_biotype=protein_coding;sequence_ID=0.998;valid_ORFs=1	LOC111814760	34808097	34814338	True
1127	41124	chrY	Liftoff	gene	34862318	34874232	.	-	.	ID=gene-LOC111814761;Dbxref=GeneID:111814761;Name=LOC111814761;origin=liftoff;copy_num_ID=gene-LOC111814761_0;coverage=1.0;extra_copy_number=0;gbkey=Gene;gene=LOC111814761;gene_biotype=protein_coding;sequence_ID=0.991;valid_ORFs=1	LOC111814761	34862317	34874232	True
1128	41134	chrY	Liftoff	gene	35680230	35681095	.	+	.	ID=gene-LOC105741281;Dbxref=GeneID:105741281;Name=LOC105741281;origin=liftoff;copy_num_ID=gene-LOC105741281_0;coverage=1.0;extra_copy_number=0;gbkey=Gene;gene=LOC105741281;gene_biotype=protein_coding;partial=true;sequence_ID=0.995;start_range=.,408463;valid_ORFs=0	LOC105741281	35680229	35681095	True
1129	41140	chrY	Liftoff	gene	35948119	35949983	.	-	.	ID=gene-LOC101568168;Dbxref=GeneID:101568168;Name=LOC101568168;origin=liftoff;copy_num_ID=gene-LOC101568168_0;coverage=1.0;end_range=87979,.;extra_copy_number=0;gbkey=Gene;gene=LOC101568168;gene_biotype=protein_coding;partial=true;sequence_ID=0.997;valid_ORFs=0	LOC101568168	35948118	35949983	True
1130	41151	chrY	Liftoff	gene	36497422	36500548	.	-	.	ID=gene-LOC111814690;Dbxref=GeneID:111814690;Name=LOC111814690;origin=liftoff;copy_num_ID=gene-LOC111814690_0;coverage=1.0;extra_copy_number=0;gbkey=Gene;gene=LOC111814690;gene_biotype=protein_coding;sequence_ID=0.993;valid_ORFs=1	LOC111814690	36497421	36500548	True
1131	41162	chrY	Liftoff	gene	36516162	36516236	.	-	.	ID=gene-LOC111814692;Dbxref=GeneID:111814692;Name=LOC111814692;origin=liftoff;copy_num_ID=gene-LOC111814692_0;coverage=1.0;extra_copy_number=0;gbkey=Gene;gene=LOC111814692;gene_biotype=snoRNA;sequence_ID=1.0	LOC111814692	36516161	36516236	True
1132	41165	chrY	Liftoff	gene	36590472	36590547	.	-	.	ID=gene-LOC111814691;Dbxref=GeneID:111814691;Name=LOC111814691;origin=liftoff;copy_num_ID=gene-LOC111814691_0;coverage=1.0;extra_copy_number=0;gbkey=Gene;gene=LOC111814691;gene_biotype=snoRNA;sequence_ID=1.0	LOC111814691	36590471	36590547	True
1133	41168	chrY	AUGUSTUS	gene	37398497	37399150	.	+	.	ID=gene-Rpl10a-dl13;Name=Rpl10a-dl13;origin=de_novo	RPL10A-DL13	37398496	37399150	True
1134	41175	chrY	AUGUSTUS	gene	39046906	39048228	.	+	.	ID=gene-Psmc1-dl3;Name=Psmc1-dl3;origin=de_novo	PSMC1-DL3	39046905	39048228	True
1135	41182	chrY	AUGUSTUS	gene	40377977	40379801	.	+	.	ID=gene-Cct4-dl2;Name=Cct4-dl2;origin=de_novo	CCT4-DL2	40377976	40379801	True
1136	41190	chrY	AUGUSTUS	gene	46307301	46308158	.	+	.	ID=gene-Psmc1-dl4;Name=Psmc1-dl4;origin=de_novo	PSMC1-DL4	46307300	46308158	True
1137	41197	chrY	AUGUSTUS	gene	58976481	58977218	.	+	.	ID=gene-Chchd2-dl1;Name=Chchd2-dl1;origin=de_novo	CHCHD2-DL1	58976480	58977218	True
1143	41327	chr1	Liftoff	gene	74556	76201	.	+	.	ID=gene-LOC101570276;Dbxref=GeneID:101570276;Name=LOC101570276;origin=liftoff;copy_num_ID=gene-LOC101570276_0;coverage=1.0;extra_copy_number=0;gbkey=Gene;gene=LOC101570276;gene_biotype=protein_coding;partial=true;sequence_ID=0.998;start_range=.,564;valid_ORFs=0	LOC101570276	74555	76201	True
1144	41332	chr1	Liftoff	gene	81630	83014	.	-	.	ID=gene-Haus4-l1;Dbxref=GeneID:101568028;Name=Haus4-l1;origin=rename;copy_num_ID=gene-LOC101568028_0;coverage=1.0;extra_copy_number=0;gbkey=Gene;gene=LOC101568028;gene_biotype=protein_coding;sequence_ID=0.999;valid_ORFs=1	HAUS4-L1	81629	83014	True
1158	41609	chr1	Liftoff	gene	493988	497083	.	+	.	ID=gene-LOC101572418;Dbxref=GeneID:101572418;Name=LOC101572418;origin=liftoff;copy_num_ID=gene-LOC101572418_0;coverage=1.0;extra_copy_number=0;gbkey=Gene;gene=LOC101572418;gene_biotype=lncRNA;sequence_ID=1.0	LOC101572418	493987	497083	True
1159	41617	chr1	Liftoff	gene	502756	507854	.	+	.	ID=gene-LOC101572814;Dbxref=GeneID:101572814;Name=LOC101572814;origin=liftoff;copy_num_ID=gene-LOC101572814_0;coverage=0.987;extra_copy_number=0;gbkey=Gene;gene=LOC101572814;gene_biotype=protein_coding;sequence_ID=0.983;valid_ORFs=2	LOC101572814	502755	507854	True
1160	41658	chr1	Liftoff	gene	515031	515674	.	+	.	ID=gene-Grb2-l1;Dbxref=GeneID:101563936;Name=Grb2-l1;origin=rename;copy_num_ID=gene-LOC101563936_0;coverage=1.0;extra_copy_number=0;gbkey=Gene;gene=LOC101563936;gene_biotype=protein_coding;sequence_ID=0.999;valid_ORFs=2	GRB2-L1	515030	515674	True
1161	41671	chr1	AUGUSTUS	gene	520363	520995	.	+	.	ID=gene-Rpl13-dl1;Name=Rpl13-dl1;origin=de_novo	RPL13-DL1	520362	520995	True
1162	41678	chr1	Liftoff	gene	555513	556939	.	+	.	ID=gene-LOC101573209;Dbxref=GeneID:101573209;Name=LOC101573209;origin=liftoff;copy_num_ID=gene-LOC101573209_0;coverage=1.0;extra_copy_number=0;gbkey=Gene;gene=LOC101573209;gene_biotype=protein_coding;partial=true;sequence_ID=0.998;start_range=.,509006;valid_ORFs=0	LOC101573209	555512	556939	True
1163	41685	chr1	Liftoff	gene	558255	559100	.	+	.	ID=gene-LOC111814672;Dbxref=GeneID:111814672;Name=LOC111814672;origin=liftoff;copy_num_ID=gene-LOC111814672_0;coverage=1.0;extra_copy_number=0;gbkey=Gene;gene=LOC111814672;gene_biotype=lncRNA;sequence_ID=0.991	LOC111814672	558254	559100	True
1164	41690	chr1	Liftoff	gene	590742	595030	.	+	.	ID=gene-LOC101584320;Dbxref=GeneID:101584320;Name=LOC101584320;origin=liftoff;copy_num_ID=gene-LOC101584320_0;coverage=1.0;extra_copy_number=0;gbkey=Gene;gene=LOC101584320;gene_biotype=protein_coding;partial=true;sequence_ID=0.962;start_range=.,33936425;valid_ORFs=0	LOC101584320	590741	595030	True
1197	43257	chr1	Liftoff	gene	1308318	1486304	.	-	.	ID=gene-LOC101582899;Dbxref=GeneID:101582899;Name=LOC101582899;origin=liftoff;copy_num_ID=gene-LOC101582899_0;coverage=0.840;extra_copy_number=0;gbkey=Gene;gene=LOC101582899;gene_biotype=protein_coding;sequence_ID=0.822;valid_ORFs=4	LOC101582899	1308317	1486304	True
1623	67859	chr1	Liftoff	gene	25692919	25732163	.	-	.	ID=gene-Ddx50;Dbxref=GeneID:101579340;Name=Ddx50;origin=liftoff;copy_num_ID=gene-Ddx50_0;coverage=1.0;extra_copy_number=0;gbkey=Gene;gene=Ddx50;gene_biotype=protein_coding;sequence_ID=0.998;valid_ORFs=2	DDX50	25692918	25732163	True
1650	68630	chr1	Liftoff	gene	34761602	34801111	.	+	.	ID=gene-Minpp1;Dbxref=GeneID:101574234;Name=Minpp1;origin=liftoff;copy_num_ID=gene-Minpp1_0;coverage=1.0;extra_copy_number=0;gbkey=Gene;gene=Minpp1;gene_biotype=protein_coding;sequence_ID=0.996;valid_ORFs=3	MINPP1	34761601	34801111	True
1673	69278	chr1	Liftoff	gene	36708911	36717214	.	-	.	ID=gene-Ifit1-l1;Dbxref=GeneID:101572532;Name=Ifit1-l1;origin=rename;copy_num_ID=gene-LOC101572532_0;coverage=1.0;extra_copy_number=0;gbkey=Gene;gene=LOC101572532;gene_biotype=protein_coding;sequence_ID=0.998;valid_ORFs=1	IFIT1-L1	36708910	36717214	True
1674	69286	chr1	Liftoff	gene	36753393	36756646	.	+	.	ID=gene-LOC111811988;Dbxref=GeneID:111811988;Name=LOC111811988;origin=liftoff;copy_num_ID=gene-LOC111811988_0;coverage=0.979;extra_copy_number=0;gbkey=Gene;gene=LOC111811988;gene_biotype=protein_coding;sequence_ID=0.975;valid_ORFs=0	LOC111811988	36753392	36756646	True
1675	69292	chr1	Liftoff	gene	36810603	36812723	.	-	.	ID=gene-Ifit1-l2;Dbxref=GeneID:101571342;Name=Ifit1-l2;origin=rename;copy_num_ID=gene-LOC101571342_0;coverage=1.0;extra_copy_number=0;gbkey=Gene;gene=LOC101571342;gene_biotype=protein_coding;sequence_ID=0.996;valid_ORFs=1	IFIT1-L2	36810602	36812723	True
1676	69298	chr1	Liftoff	gene	36842523	36925436	.	-	.	ID=gene-Ifit1b;Dbxref=GeneID:101570939;Name=Ifit1b;origin=rename;copy_num_ID=gene-LOC101570939_0;coverage=1.0;extra_copy_number=0;gbkey=Gene;gene=LOC101570939;gene_biotype=protein_coding;sequence_ID=0.997;valid_ORFs=2	IFIT1B	36842522	36925436	True
1679	69331	chr1	Liftoff	gene	36994418	37009394	.	+	.	ID=gene-Ifit1;Dbxref=GeneID:101568551;Name=Ifit1;origin=rename;copy_num_ID=gene-LOC101568551_0;coverage=1.0;extra_copy_number=0;gbkey=Gene;gene=LOC101568551;gene_biotype=protein_coding;sequence_ID=0.998;valid_ORFs=1	IFIT1	36994417	37009394	True
1680	69339	chr1	Liftoff	gene	37030393	37040874	.	+	.	ID=gene-LOC101568148;Dbxref=GeneID:101568148;Name=LOC101568148;origin=liftoff;copy_num_ID=gene-LOC101568148_0;coverage=0.999;extra_copy_number=0;gbkey=Gene;gene=LOC101568148;gene_biotype=protein_coding;sequence_ID=0.996;valid_ORFs=0	LOC101568148	37030392	37040874	True
1681	69351	chr1	Liftoff	gene	37057104	37065406	.	+	.	ID=gene-Ifit1-l3;Dbxref=GeneID:101567751;Name=Ifit1-l3;origin=rename;copy_num_ID=gene-LOC101567751_0;coverage=1.0;extra_copy_number=0;gbkey=Gene;gene=LOC101567751;gene_biotype=protein_coding;sequence_ID=0.998;valid_ORFs=1	IFIT1-L3	37057103	37065406	True
1682	69359	chr1	Liftoff	gene	37076273	37083712	.	+	.	ID=gene-LOC101567344;Dbxref=GeneID:101567344;Name=LOC101567344;origin=liftoff;copy_num_ID=gene-LOC101567344_0;coverage=0.998;extra_copy_number=0;gbkey=Gene;gene=LOC101567344;gene_biotype=protein_coding;sequence_ID=0.990;valid_ORFs=0	LOC101567344	37076272	37083712	True
1792	74918	chr1	Liftoff	gene	53059092	53130968	.	+	.	ID=gene-Hdlbp;Dbxref=GeneID:101585752;Name=Hdlbp;origin=liftoff;copy_num_ID=gene-Hdlbp_0;coverage=1.0;extra_copy_number=0;gbkey=Gene;gene=Hdlbp;gene_biotype=protein_coding;sequence_ID=0.999;valid_ORFs=2	HDLBP	53059091	53130968	True
1837	77807	chr1	Liftoff	gene	55427601	55485065	.	-	.	ID=gene-Rbm44;Dbxref=GeneID:101580774;Name=Rbm44;origin=liftoff;copy_num_ID=gene-Rbm44_0;coverage=1.0;extra_copy_number=0;gbkey=Gene;gene=Rbm44;gene_biotype=protein_coding;sequence_ID=0.999;valid_ORFs=1	RBM44	55427600	55485065	True
1858	80323	chr1	Liftoff	gene	58615279	58814379	.	-	.	ID=gene-Ugt1a1;Dbxref=GeneID:101575991;Name=Ugt1a1;origin=rename;copy_num_ID=gene-LOC101575991_0;coverage=1.0;extra_copy_number=0;gbkey=Gene;gene=LOC101575991;gene_biotype=protein_coding;sequence_ID=0.999;valid_ORFs=8	UGT1A1	58615278	58814379	True
1860	80437	chr1	Liftoff	gene	58661516	58667959	.	-	.	ID=gene-Ugt1a2;Dbxref=GeneID:105742983;Name=Ugt1a2;origin=rename;copy_num_ID=gene-LOC105742983_0;coverage=0.996;extra_copy_number=0;gbkey=Gene;gene=LOC105742983;gene_biotype=protein_coding;sequence_ID=0.994;valid_ORFs=1	UGT1A2	58661515	58667959	True
1861	80444	chr1	Liftoff	gene	58683702	58684622	.	-	.	ID=gene-Ugt1a2-l1;Dbxref=GeneID:101575602;Name=Ugt1a2-l1;origin=rename;copy_num_ID=gene-LOC101575602_0;coverage=1.0;extra_copy_number=0;gbkey=Gene;gene=LOC101575602;gene_biotype=protein_coding;sequence_ID=0.998;valid_ORFs=1	UGT1A2-L1	58683701	58684622	True
2036	92224	chr1	AUGUSTUS	gene	73870462	74084059	.	+	.	ID=gene-Tns1;Name=Tns1;origin=replace	TNS1	73870461	74084059	True
2166	97508	chr1	Liftoff	gene	92571884	92625594	.	-	.	ID=gene-Cyp2j2-l1;Dbxref=GeneID:101568222;Name=Cyp2j2-l1;origin=rename;copy_num_ID=gene-LOC101568222_0;coverage=1.0;extra_copy_number=0;gbkey=Gene;gene=LOC101568222;gene_biotype=protein_coding;sequence_ID=0.995;valid_ORFs=1	CYP2J2-L1	92571883	92625594	True
2167	97523	chr1	Liftoff	gene	92682935	92769185	.	+	.	ID=gene-Cyp2j2;Dbxref=GeneID:101568624;Name=Cyp2j2;origin=rename;copy_num_ID=gene-LOC101568624_0;coverage=1.0;extra_copy_number=0;gbkey=Gene;gene=LOC101568624;gene_biotype=protein_coding;sequence_ID=0.993;valid_ORFs=1	CYP2J2	92682934	92769185	True
2257	104524	chr1	Liftoff	gene	106190534	106214458	.	-	.	ID=gene-Cunh4orf17;Dbxref=GeneID:101571417;Name=Cunh4orf17;origin=liftoff;copy_num_ID=gene-CUNH4orf17_0;coverage=0.816;extra_copy_number=0;gbkey=Gene;gene=CUNH4orf17;gene_biotype=protein_coding;sequence_ID=0.813;valid_ORFs=0	CUNH4ORF17	106190533	106214458	True
2258	104535	chr1	Liftoff	gene	106243371	106259779	.	+	.	ID=gene-Adh7;Dbxref=GeneID:101570619;Name=Adh7;origin=liftoff;copy_num_ID=gene-Adh7_0;coverage=1.0;extra_copy_number=0;gbkey=Gene;gene=Adh7;gene_biotype=protein_coding;sequence_ID=0.997;valid_ORFs=0	ADH7	106243370	106259779	True
2259	104557	chr1	Liftoff	gene	106280834	106455652	.	+	.	ID=gene-LOC101593148;Dbxref=GeneID:101593148;Name=LOC101593148;origin=liftoff;copy_num_ID=gene-LOC101593148_0;coverage=1.0;extra_copy_number=0;gbkey=Gene;gene=LOC101593148;gene_biotype=protein_coding;sequence_ID=0.989;valid_ORFs=4	LOC101593148	106280833	106455652	True
2260	104648	chr1	Liftoff	gene	106311587	106333212	.	+	.	ID=gene-LOC101569815;Dbxref=GeneID:101569815;Name=LOC101569815;origin=liftoff;copy_num_ID=gene-LOC101569815_0;coverage=1.0;extra_copy_number=0;gbkey=Gene;gene=LOC101569815;gene_biotype=protein_coding;sequence_ID=0.995;valid_ORFs=1	LOC101569815	106311586	106333212	True
2261	104662	chr1	Liftoff	gene	106536202	106554499	.	-	.	ID=gene-LOC101592766;Dbxref=GeneID:101592766;Name=LOC101592766;origin=liftoff;copy_num_ID=gene-LOC101592766_0;coverage=1.0;extra_copy_number=0;gbkey=Gene;gene=LOC101592766;gene_biotype=protein_coding;sequence_ID=0.997;valid_ORFs=1	LOC101592766	106536201	106554499	True
2262	104684	chr1	Liftoff	gene	106560351	106587047	.	-	.	ID=gene-Adh7-l1;Dbxref=GeneID:105743881;Name=Adh7-l1;origin=rename;copy_num_ID=gene-LOC105743881_0;coverage=1.0;extra_copy_number=0;gbkey=Gene;gene=LOC105743881;gene_biotype=protein_coding;sequence_ID=0.998;valid_ORFs=1	ADH7-L1	106560350	106587047	True
2263	104698	chr1	Liftoff	gene	107198999	107217150	.	+	.	ID=gene-LOC101582072;Dbxref=GeneID:101582072;Name=LOC101582072;origin=liftoff;copy_num_ID=gene-LOC101582072_0;coverage=1.0;extra_copy_number=0;gbkey=Gene;gene=LOC101582072;gene_biotype=protein_coding;sequence_ID=0.999;valid_ORFs=1	LOC101582072	107198998	107217150	True
2269	104745	chr1	Liftoff	gene	109655184	109675339	.	-	.	ID=gene-LOC101575948;Dbxref=GeneID:101575948;Name=LOC101575948;origin=liftoff;copy_num_ID=gene-LOC101575948_0;coverage=1.0;extra_copy_number=0;gbkey=Gene;gene=LOC101575948;gene_biotype=protein_coding;sequence_ID=0.998;valid_ORFs=0	LOC101575948	109655183	109675339	True
2270	104759	chr1	Liftoff	gene	109707600	109765343	.	+	.	ID=gene-LOC101575163;Dbxref=GeneID:101575163;Name=LOC101575163;origin=liftoff;copy_num_ID=gene-LOC101575163_0;coverage=1.0;extra_copy_number=0;gbkey=Gene;gene=LOC101575163;gene_biotype=protein_coding;sequence_ID=0.998;valid_ORFs=1	LOC101575163	109707599	109765343	True
2271	104774	chr1	Liftoff	gene	109713679	109718694	.	+	.	ID=gene-LOC111814120;Dbxref=GeneID:111814120;Name=LOC111814120;origin=liftoff;copy_num_ID=gene-LOC111814120_0;coverage=1.0;extra_copy_number=0;gbkey=Gene;gene=LOC111814120;gene_biotype=lncRNA;sequence_ID=1.0	LOC111814120	109713678	109718694	True
2272	104779	chr1	Liftoff	gene	110005419	110009368	.	-	.	ID=gene-LOC111814121;Dbxref=GeneID:111814121;Name=LOC111814121;origin=liftoff;copy_num_ID=gene-LOC111814121_0;coverage=1.0;extra_copy_number=0;gbkey=Gene;gene=LOC111814121;gene_biotype=lncRNA;sequence_ID=0.994	LOC111814121	110005418	110009368	True
2273	104784	chr1	Liftoff	gene	110035240	110039026	.	-	.	ID=gene-LOC101574361;Dbxref=GeneID:101574361;Name=LOC101574361;origin=liftoff;copy_num_ID=gene-LOC101574361_0;coverage=1.0;extra_copy_number=0;gbkey=Gene;gene=LOC101574361;gene_biotype=protein_coding;sequence_ID=0.992;valid_ORFs=1	LOC101574361	110035239	110039026	True
2274	104792	chr1	Liftoff	gene	110078136	110157497	.	+	.	ID=gene-LOC101573590;Dbxref=GeneID:101573590;Name=LOC101573590;origin=liftoff;copy_num_ID=gene-LOC101573590_0;coverage=1.0;extra_copy_number=0;gbkey=Gene;gene=LOC101573590;gene_biotype=protein_coding;sequence_ID=0.989;valid_ORFs=1	LOC101573590	110078135	110157497	True
2292	105683	chr1	Liftoff	gene	112099487	112101049	.	+	.	ID=gene-Ctage9;Dbxref=GeneID:101561405;Name=Ctage9;origin=rename;copy_num_ID=gene-LOC101561405_0;coverage=1.0;extra_copy_number=0;gbkey=Gene;gene=LOC101561405;gene_biotype=protein_coding;sequence_ID=0.994;valid_ORFs=1	CTAGE9	112099486	112101049	True
2304	105952	chr1	Liftoff	gene	117090671	117111643	.	-	.	ID=gene-Hpgds;Dbxref=GeneID:101574433;Name=Hpgds;origin=liftoff;copy_num_ID=gene-Hpgds_0;coverage=1.0;extra_copy_number=0;gbkey=Gene;gene=Hpgds;gene_biotype=protein_coding;sequence_ID=0.995;valid_ORFs=1	HPGDS	117090670	117111643	True
2324	106918	chr1	Liftoff	gene	122816438	122902514	.	-	.	ID=gene-Abcg2-l1;Dbxref=GeneID:101584716;Name=Abcg2-l1;origin=rename;copy_num_ID=gene-LOC101584716_0;coverage=0.955;extra_copy_number=0;gbkey=Gene;gene=LOC101584716;gene_biotype=protein_coding;sequence_ID=0.952;valid_ORFs=0	ABCG2-L1	122816437	122902514	True
2325	106954	chr1	Liftoff	gene	123033053	123034615	.	-	.	ID=gene-Mia2-l1;Dbxref=GeneID:101586296;Name=Mia2-l1;origin=rename;copy_num_ID=gene-LOC101586296_0;coverage=1.0;extra_copy_number=0;gbkey=Gene;gene=LOC101586296;gene_biotype=protein_coding;sequence_ID=0.999;valid_ORFs=1	MIA2-L1	123033052	123034615	True
2326	106960	chr1	AUGUSTUS	gene	123127173	123128385	.	-	.	ID=gene-Snx3-dl1;Name=Snx3-dl1;origin=de_novo	SNX3-DL1	123127172	123128385	True
2327	106968	chr1	Liftoff	gene	123329387	123389052	.	+	.	ID=gene-Abcg2-l2;Dbxref=GeneID:101587879;Name=Abcg2-l2;origin=rename;copy_num_ID=gene-LOC101587879_0;coverage=0.964;extra_copy_number=0;gbkey=Gene;gene=LOC101587879;gene_biotype=protein_coding;sequence_ID=0.964;valid_ORFs=0	ABCG2-L2	123329386	123389052	True
2330	107011	chr1	Liftoff	gene	125551983	125614817	.	-	.	ID=gene-Naaa;Dbxref=GeneID:101565759;Name=Naaa;origin=liftoff;copy_num_ID=gene-Naaa_0;coverage=0.995;extra_copy_number=0;gbkey=Gene;gene=Naaa;gene_biotype=protein_coding;sequence_ID=0.995;valid_ORFs=8	NAAA	125551982	125614817	True
2332	107356	chr1	Liftoff	gene	125618681	125656200	.	-	.	ID=gene-Sdad1;Dbxref=GeneID:101565362;Name=Sdad1;origin=liftoff;copy_num_ID=gene-Sdad1_0;coverage=0.846;extra_copy_number=0;gbkey=Gene;gene=Sdad1;gene_biotype=protein_coding;sequence_ID=0.843;valid_ORFs=0	SDAD1	125618680	125656200	True
2427	113591	chr1	AUGUSTUS	gene	142883274	143163995	.	-	.	ID=gene-Ces1-rl1;Name=Ces1-rl1;origin=replace	CES1-RL1	142883273	143163995	True
2428	113667	chr1	Liftoff	gene	142981527	143140878	.	-	.	ID=gene-LOC101569637;Dbxref=GeneID:101569637;Name=LOC101569637;origin=liftoff;copy_num_ID=gene-LOC101569637_0;coverage=1.0;extra_copy_number=0;gbkey=Gene;gene=LOC101569637;gene_biotype=protein_coding;sequence_ID=0.997;valid_ORFs=1	LOC101569637	142981526	143140878	True
2429	113697	chr1	Liftoff	gene	143096269	143223112	.	-	.	ID=gene-LOC101559951;Dbxref=GeneID:101559951;Name=LOC101559951;origin=liftoff;copy_num_ID=gene-LOC101559951_0;coverage=1.0;extra_copy_number=0;gbkey=Gene;gene=LOC101559951;gene_biotype=protein_coding;sequence_ID=0.996;valid_ORFs=1	LOC101559951	143096268	143223112	True
2430	113743	chr1	Liftoff	gene	143271656	143322675	.	-	.	ID=gene-Ces1;Dbxref=GeneID:101592553;Name=Ces1;origin=rename;copy_num_ID=gene-LOC101592553_0;coverage=1.0;extra_copy_number=0;gbkey=Gene;gene=LOC101592553;gene_biotype=protein_coding;sequence_ID=0.999;valid_ORFs=1	CES1	143271655	143322675	True
2517	119212	chr1	Liftoff	gene	155380981	155383983	.	-	.	ID=gene-Fam96b;Dbxref=GeneID:101589339;Name=Fam96b;origin=liftoff;copy_num_ID=gene-Fam96b_0;coverage=1.0;extra_copy_number=0;gbkey=Gene;gene=Fam96b;gene_biotype=protein_coding;sequence_ID=0.993;valid_ORFs=1	FAM96B	155380980	155383983	True
2518	119225	chr1	AUGUSTUS	gene	155385413	155484687	.	+	.	ID=gene-Ces2e;Name=Ces2e;origin=replace	CES2E	155385412	155484687	True
2519	119292	chr1	Liftoff	gene	155402643	155410752	.	+	.	ID=gene-LOC101581344;Dbxref=GeneID:101581344;Name=LOC101581344;origin=liftoff;copy_num_ID=gene-LOC101581344_0;coverage=0.847;extra_copy_number=0;gbkey=Gene;gene=LOC101581344;gene_biotype=protein_coding;sequence_ID=0.844;valid_ORFs=0	LOC101581344	155402642	155410752	True
2520	119317	chr1	Liftoff	gene	155421254	155422730	.	+	.	ID=gene-LOC111814991;Dbxref=GeneID:111814991;Name=LOC111814991;origin=liftoff;copy_num_ID=gene-LOC111814991_0;coverage=1.0;extra_copy_number=0;gbkey=Gene;gene=LOC111814991;gene_biotype=lncRNA;sequence_ID=1.0	LOC111814991	155421253	155422730	True
2521	119325	chr1	Liftoff	gene	155454750	155793477	.	+	.	ID=gene-LOC101581730;Dbxref=GeneID:101581730;Name=LOC101581730;origin=liftoff;copy_num_ID=gene-LOC101581730_0;coverage=0.999;extra_copy_number=0;gbkey=Gene;gene=LOC101581730;gene_biotype=protein_coding;sequence_ID=0.994;valid_ORFs=8	LOC101581730	155454749	155793477	True
2522	119540	chr1	Liftoff	gene	155468578	155473421	.	-	.	ID=gene-LOC111815078;Dbxref=GeneID:111815078;Name=LOC111815078;origin=liftoff;copy_num_ID=gene-LOC111815078_0;coverage=1.0;extra_copy_number=0;gbkey=Gene;gene=LOC111815078;gene_biotype=lncRNA;sequence_ID=0.991	LOC111815078	155468577	155473421	True
2680	127109	chr1	Liftoff	gene	164000746	164006179	.	-	.	ID=gene-LOC105740878;Dbxref=GeneID:105740878;Name=LOC105740878;origin=liftoff;copy_num_ID=gene-LOC105740878_0;coverage=0.997;extra_copy_number=0;gbkey=Gene;gene=LOC105740878;gene_biotype=protein_coding;sequence_ID=0.992;valid_ORFs=0	LOC105740878	164000745	164006179	True
2681	127127	chr1	Liftoff	gene	164014255	164018814	.	-	.	ID=gene-LOC105740882;Dbxref=GeneID:105740882;Name=LOC105740882;origin=liftoff;copy_num_ID=gene-LOC105740882_0;coverage=1.0;extra_copy_number=0;gbkey=Gene;gene=LOC105740882;gene_biotype=protein_coding;sequence_ID=1.0;valid_ORFs=1	LOC105740882	164014254	164018814	True
2682	127147	chr1	Liftoff	gene	164053083	164057726	.	+	.	ID=gene-Ctrb1;Dbxref=GeneID:101593327;Name=Ctrb1;origin=rename;copy_num_ID=gene-LOC101593327_0;coverage=0.878;extra_copy_number=0;gbkey=Gene;gene=LOC101593327;gene_biotype=protein_coding;partial=true;sequence_ID=0.767;start_range=.,7853;valid_ORFs=0	CTRB1	164053082	164057726	True
2683	127163	chr1	AUGUSTUS	gene	164078049	164081374	.	+	.	ID=gene-Ctrb1-dl1;Name=Ctrb1-dl1;origin=de_novo	CTRB1-DL1	164078048	164081374	True
2724	128343	chr1	Liftoff	gene	170581744	170711711	.	+	.	ID=gene-Plcg2;Dbxref=GeneID:101587236;Name=Plcg2;origin=rename;copy_num_ID=gene-LOC101587236_0;coverage=0.999;extra_copy_number=0;gbkey=Gene;gene=LOC101587236;gene_biotype=protein_coding;sequence_ID=0.996;valid_ORFs=1	PLCG2	170581743	170711711	True
2725	128413	chr1	Liftoff	gene	170798345	170827075	.	+	.	ID=gene-Plcg2-l1;Dbxref=GeneID:101560454;Name=Plcg2-l1;origin=rename;copy_num_ID=gene-LOC101560454_0;coverage=1.0;extra_copy_number=0;gbkey=Gene;gene=LOC101560454;gene_biotype=protein_coding;sequence_ID=0.991;valid_ORFs=1	PLCG2-L1	170798344	170827075	True
2744	129299	chr1	Liftoff	gene	172987837	173002288	.	+	.	ID=gene-Wfdc1;Dbxref=GeneID:101563247;Name=Wfdc1;origin=liftoff;copy_num_ID=gene-Wfdc1_0;coverage=1.0;extra_copy_number=0;gbkey=Gene;gene=Wfdc1;gene_biotype=protein_coding;sequence_ID=0.995;valid_ORFs=4	WFDC1	172987836	173002288	True
2821	134063	chr2	AUGUSTUS	gene	3255020	3255708	.	+	.	ID=gene-Med29-dl1;Name=Med29-dl1;origin=de_novo	MED29-DL1	3255019	3255708	True
2822	134071	chr2	AUGUSTUS	gene	3859014	3862107	.	+	.	ID=gene-Osbpl11-dl1;Name=Osbpl11-dl1;origin=de_novo	OSBPL11-DL1	3859013	3862107	True
2823	134079	chr2	AUGUSTUS	gene	4259610	4259936	.	+	.	ID=gene-Eif4ebp2-dl2;Name=Eif4ebp2-dl2;origin=de_novo	EIF4EBP2-DL2	4259609	4259936	True
2824	134086	chr2	AUGUSTUS	gene	5051080	5053183	.	+	.	ID=gene-Atg12-dl1;Name=Atg12-dl1;origin=de_novo	ATG12-DL1	5051079	5053183	True
2825	134094	chr2	AUGUSTUS	gene	5301470	5303295	.	-	.	ID=gene-Rab2a-dl1;Name=Rab2a-dl1;origin=de_novo	RAB2A-DL1	5301469	5303295	True
2828	134125	chr2	Liftoff	gene	6385636	6392181	.	-	.	ID=gene-LOC111814770;Dbxref=GeneID:111814770;Name=LOC111814770;origin=liftoff;copy_num_ID=gene-LOC111814770_0;coverage=1.0;extra_copy_number=0;gbkey=Gene;gene=LOC111814770;gene_biotype=lncRNA;sequence_ID=0.990	LOC111814770	6385635	6392181	True
2831	134148	chr2	Liftoff	gene	6513625	6519368	.	-	.	ID=gene-LOC111814842;Dbxref=GeneID:111814842;Name=LOC111814842;origin=liftoff;copy_num_ID=gene-LOC111814842_0;coverage=1.0;extra_copy_number=0;gbkey=Gene;gene=LOC111814842;gene_biotype=lncRNA;sequence_ID=0.994	LOC111814842	6513624	6519368	True
2832	134154	chr2	Liftoff	gene	6521197	6522492	.	+	.	ID=gene-LOC111814843;Dbxref=GeneID:111814843;Name=LOC111814843;origin=liftoff;copy_num_ID=gene-LOC111814843_0;coverage=1.0;extra_copy_number=0;gbkey=Gene;gene=LOC111814843;gene_biotype=lncRNA;sequence_ID=1.0	LOC111814843	6521196	6522492	True
2833	134159	chr2	AUGUSTUS	gene	11670315	11670929	.	+	.	ID=gene-Sap18-dl2;Name=Sap18-dl2;origin=de_novo	SAP18-DL2	11670314	11670929	True
2834	134167	chr2	Liftoff	gene	11768454	11861696	.	-	.	ID=gene-Kirrel1;Dbxref=GeneID:101575600;Name=Kirrel1;origin=liftoff;copy_num_ID=gene-Kirrel1_0;coverage=1.0;extra_copy_number=0;gbkey=Gene;gene=Kirrel1;gene_biotype=protein_coding;sequence_ID=0.996;valid_ORFs=0	KIRREL1	11768453	11861696	True
2862	135537	chr2	Liftoff	gene	17254667	17289344	.	-	.	ID=gene-LOC101584297;Dbxref=GeneID:101584297;Name=LOC101584297;origin=liftoff;copy_num_ID=gene-LOC101584297_0;coverage=1.0;extra_copy_number=0;gbkey=Gene;gene=LOC101584297;gene_biotype=protein_coding;sequence_ID=0.998;valid_ORFs=1	LOC101584297	17254666	17289344	True
2894	136655	chr2	Liftoff	gene	18155595	18205215	.	+	.	ID=gene-Znf792;Dbxref=GeneID:101590220;Name=Znf792;origin=rename;copy_num_ID=gene-LOC101590220_0;coverage=1.0;extra_copy_number=0;gbkey=Gene;gene=LOC101590220;gene_biotype=protein_coding;sequence_ID=0.999;valid_ORFs=1	ZNF792	18155594	18205215	True
2895	136669	chr2	Liftoff	gene	18176532	18183224	.	+	.	ID=gene-Znf792-l2;Dbxref=GeneID:101589824;Name=Znf792-l2;origin=rename;copy_num_ID=gene-LOC101589824_0;coverage=1.0;extra_copy_number=0;gbkey=Gene;gene=LOC101589824;gene_biotype=protein_coding;sequence_ID=0.994;valid_ORFs=4	ZNF792-L2	18176531	18183224	True
2896	136710	chr2	Liftoff	gene	18199205	18199311	.	-	.	ID=gene-LOC111818235;Dbxref=GeneID:111818235;Name=LOC111818235;origin=liftoff;copy_num_ID=gene-LOC111818235_0;coverage=1.0;extra_copy_number=0;gbkey=Gene;gene=LOC111818235;gene_biotype=snRNA;sequence_ID=1.0	LOC111818235	18199204	18199311	True
2899	136760	chr2	Liftoff	gene	18368996	18370608	.	-	.	ID=gene-Ch1;Dbxref=GeneID:101591802;Name=Ch1;origin=rename;copy_num_ID=gene-LOC101591802_0;coverage=1.0;extra_copy_number=0;gbkey=Gene;gene=LOC101591802;gene_biotype=protein_coding;sequence_ID=1.0;valid_ORFs=1	CH1	18368995	18370608	True
2949	138997	chr2	Liftoff	gene	20538746	20554077	.	+	.	ID=gene-Wdr87-l1;Dbxref=GeneID:111818206;Name=Wdr87-l1;origin=rename;copy_num_ID=gene-LOC111818206_0;coverage=1.0;extra_copy_number=0;gbkey=Gene;gene=LOC111818206;gene_biotype=protein_coding;sequence_ID=0.999;valid_ORFs=1	WDR87-L1	20538745	20554077	True
2969	139333	chr2	Liftoff	gene	21358636	21369499	.	-	.	ID=gene-Wdr87;Dbxref=GeneID:101570691;Name=Wdr87;origin=liftoff;copy_num_ID=gene-Wdr87_0;coverage=0.999;extra_copy_number=0;gbkey=Gene;gene=Wdr87;gene_biotype=protein_coding;sequence_ID=0.998;valid_ORFs=1	WDR87	21358635	21369499	True
2970	139348	chr2	AUGUSTUS	gene	21379616	21380251	.	+	.	ID=gene-Rpl13-dl7;Name=Rpl13-dl7;origin=de_novo	RPL13-DL7	21379615	21380251	True
3001	141573	chr2	Liftoff	gene	22350453	22392957	.	-	.	ID=gene-Wdr88;Dbxref=GeneID:101576656;Name=Wdr88;origin=liftoff;copy_num_ID=gene-Wdr88_0;coverage=1.0;extra_copy_number=0;gbkey=Gene;gene=Wdr88;gene_biotype=protein_coding;sequence_ID=0.996;valid_ORFs=0	WDR88	22350452	22392957	True
3002	141598	chr2	Liftoff	gene	22418205	22423047	.	-	.	ID=gene-Fbxo27;Dbxref=GeneID:101579468;Name=Fbxo27;origin=rename;copy_num_ID=gene-LOC101579468_0;coverage=0.968;extra_copy_number=0;gbkey=Gene;gene=LOC101579468;gene_biotype=protein_coding;sequence_ID=0.863;valid_ORFs=0	FBXO27	22418204	22423047	True
3003	141611	chr2	Liftoff	gene	22437651	22443143	.	-	.	ID=gene-LOC101577060;Dbxref=GeneID:101577060;Name=LOC101577060;origin=liftoff;copy_num_ID=gene-LOC101577060_0;coverage=1.0;extra_copy_number=0;gbkey=Gene;gene=LOC101577060;gene_biotype=protein_coding;sequence_ID=0.993;valid_ORFs=1	LOC101577060	22437650	22443143	True
3004	141626	chr2	Liftoff	gene	22457185	22486886	.	-	.	ID=gene-Fbxo27-l1;Dbxref=GeneID:101578278;Name=Fbxo27-l1;origin=rename;copy_num_ID=gene-LOC101578278_0;coverage=1.0;extra_copy_number=0;gbkey=Gene;gene=LOC101578278;gene_biotype=protein_coding;sequence_ID=0.998;valid_ORFs=2	FBXO27-L1	22457184	22486886	True
3009	141800	chr2	Liftoff	gene	22694062	22695424	.	-	.	ID=gene-LOC101581828;Dbxref=GeneID:101581828;Name=LOC101581828;origin=liftoff;copy_num_ID=gene-LOC101581828_0;coverage=1.0;extra_copy_number=0;gbkey=Gene;gene=LOC101581828;gene_biotype=protein_coding;sequence_ID=0.986;valid_ORFs=1	LOC101581828	22694061	22695424	True
3010	141812	chr2	Liftoff	gene	22706666	22708014	.	-	.	ID=gene-Ifnl3-l1;Dbxref=GeneID:101582218;Name=Ifnl3-l1;origin=rename;copy_num_ID=gene-LOC101582218_0;coverage=1.0;extra_copy_number=0;gbkey=Gene;gene=LOC101582218;gene_biotype=protein_coding;sequence_ID=0.996;valid_ORFs=1	IFNL3-L1	22706665	22708014	True
3011	141824	chr2	Liftoff	gene	22713875	22715366	.	-	.	ID=gene-Ifnl3-l2;Dbxref=GeneID:101582609;Name=Ifnl3-l2;origin=rename;copy_num_ID=gene-LOC101582609_0;coverage=1.0;extra_copy_number=0;gbkey=Gene;gene=LOC101582609;gene_biotype=protein_coding;sequence_ID=1.0;valid_ORFs=1	IFNL3-L2	22713874	22715366	True
3012	141838	chr2	Liftoff	gene	22717411	22718811	.	-	.	ID=gene-Ifnl4;Dbxref=GeneID:101583018;Name=Ifnl4;origin=rename;copy_num_ID=gene-LOC101583018_0;coverage=1.0;extra_copy_number=0;gbkey=Gene;gene=LOC101583018;gene_biotype=protein_coding;sequence_ID=0.998;valid_ORFs=1	IFNL4	22717410	22718811	True
3013	141850	chr2	Liftoff	gene	22743704	22745056	.	+	.	ID=gene-Ifnl3;Dbxref=GeneID:101584184;Name=Ifnl3;origin=rename;copy_num_ID=gene-LOC101584184_0;coverage=1.0;extra_copy_number=0;gbkey=Gene;gene=LOC101584184;gene_biotype=protein_coding;sequence_ID=0.996;valid_ORFs=1	IFNL3	22743703	22745056	True
3061	144389	chr2	Liftoff	gene	25045779	25059190	.	+	.	ID=gene-Cyp2a6;Dbxref=GeneID:101572149;Name=Cyp2a6;origin=rename;copy_num_ID=gene-LOC101572149_0;coverage=1.0;extra_copy_number=0;gbkey=Gene;gene=LOC101572149;gene_biotype=protein_coding;sequence_ID=0.998;valid_ORFs=2	CYP2A6	25045778	25059190	True
3062	144428	chr2	Liftoff	gene	25098448	25105293	.	-	.	ID=gene-LOC101571459;Dbxref=GeneID:101571459;Name=LOC101571459;origin=liftoff;copy_num_ID=gene-LOC101571459_0;coverage=1.0;extra_copy_number=0;gbkey=Gene;gene=LOC101571459;gene_biotype=protein_coding;sequence_ID=0.988;valid_ORFs=1	LOC101571459	25098447	25105293	True
3067	144548	chr2	Liftoff	gene	25404486	25422548	.	-	.	ID=gene-LOC101574653;Dbxref=GeneID:101574653;Name=LOC101574653;origin=liftoff;copy_num_ID=gene-LOC101574653_0;coverage=0.997;extra_copy_number=0;gbkey=Gene;gene=LOC101574653;gene_biotype=protein_coding;sequence_ID=0.991;valid_ORFs=0	LOC101574653	25404485	25422548	True
3068	144568	chr2	Liftoff	gene	25482273	25517504	.	-	.	ID=gene-Cyp2b4;Dbxref=GeneID:101573868;Name=Cyp2b4;origin=rename;copy_num_ID=gene-LOC101573868_0;coverage=1.0;extra_copy_number=0;gbkey=Gene;gene=LOC101573868;gene_biotype=protein_coding;sequence_ID=1.0;valid_ORFs=1	CYP2B4	25482272	25517504	True
3085	145186	chr2	Liftoff	gene	26820494	26828829	.	+	.	ID=gene-Ceacam21;Dbxref=GeneID:101580350;Name=Ceacam21;origin=rename;copy_num_ID=gene-LOC101580350_0;coverage=0.999;extra_copy_number=0;gbkey=Gene;gene=LOC101580350;gene_biotype=protein_coding;sequence_ID=0.986;valid_ORFs=1	CEACAM21	26820493	26828829	True
3086	145206	chr2	Liftoff	gene	26846727	26858888	.	+	.	ID=gene-Ceacam1-l1;Dbxref=GeneID:111814679;Name=Ceacam1-l1;origin=rename;copy_num_ID=gene-LOC111814679_0;coverage=1.0;extra_copy_number=0;gbkey=Gene;gene=LOC111814679;gene_biotype=protein_coding;partial=true;sequence_ID=0.935;start_range=.,498;valid_ORFs=0	CEACAM1-L1	26846726	26858888	True
3087	145215	chr2	AUGUSTUS	gene	26927810	26948249	.	+	.	ID=gene-Ceacam1;Name=Ceacam1;origin=replace	CEACAM1	26927809	26948249	True
3088	145247	chr2	Liftoff	gene	27025545	27032888	.	+	.	ID=gene-Fam32a-l2;Dbxref=GeneID:101574213;Name=Fam32a-l2;origin=rename;copy_num_ID=gene-LOC101574213_0;coverage=1.0;extra_copy_number=0;gbkey=Gene;gene=LOC101574213;gene_biotype=protein_coding;sequence_ID=0.997;valid_ORFs=1	FAM32A-L2	27025544	27032888	True
3089	145253	chr2	Liftoff	gene	27047162	27064009	.	+	.	ID=gene-LOC101573824;Dbxref=GeneID:101573824;Name=LOC101573824;origin=liftoff;copy_num_ID=gene-LOC101573824_0;coverage=1.0;extra_copy_number=0;gbkey=Gene;gene=LOC101573824;gene_biotype=protein_coding;sequence_ID=0.996;valid_ORFs=1	LOC101573824	27047161	27064009	True
3090	145269	chr2	AUGUSTUS	gene	27117752	27118604	.	+	.	ID=gene-Psma2-dl3;Name=Psma2-dl3;origin=de_novo	PSMA2-DL3	27117751	27118604	True
3091	145277	chr2	Liftoff	gene	27145840	27146152	.	-	.	ID=gene-LOC101582815;Dbxref=GeneID:101582815;Name=LOC101582815;origin=liftoff;copy_num_ID=gene-LOC101582815_0;coverage=1.0;extra_copy_number=0;gbkey=Gene;gene=LOC101582815;gene_biotype=protein_coding;sequence_ID=0.995;valid_ORFs=1	LOC101582815	27145839	27146152	True
3092	145284	chr2	Liftoff	gene	27161959	27180839	.	+	.	ID=gene-Cxcl17;Dbxref=GeneID:101573419;Name=Cxcl17;origin=liftoff;copy_num_ID=gene-Cxcl17_0;coverage=1.0;extra_copy_number=0;gbkey=Gene;gene=Cxcl17;gene_biotype=protein_coding;sequence_ID=0.998;valid_ORFs=2	CXCL17	27161958	27180839	True
3258	152822	chr2	AUGUSTUS	gene	32274559	32275947	.	+	.	ID=gene-Eef1a1-dl14;Name=Eef1a1-dl14;origin=de_novo	EEF1A1-DL14	32274558	32275947	True
3259	152829	chr2	Liftoff	gene	32367260	32368165	.	+	.	ID=gene-LOC105741025;Dbxref=GeneID:105741025;Name=LOC105741025;origin=liftoff;copy_num_ID=gene-LOC105741025_0;coverage=1.0;extra_copy_number=0;gbkey=Gene;gene=LOC105741025;gene_biotype=protein_coding;sequence_ID=1.0;valid_ORFs=1	LOC105741025	32367259	32368165	True
3349	156340	chr2	Liftoff	gene	33812798	33842109	.	-	.	ID=gene-Siglec10-l1;Dbxref=GeneID:101585174;Name=Siglec10-l1;origin=rename;copy_num_ID=gene-LOC101585174_0;coverage=1.0;extra_copy_number=0;gbkey=Gene;gene=LOC101585174;gene_biotype=protein_coding;sequence_ID=0.983;valid_ORFs=1	SIGLEC10-L1	33812797	33842109	True
3350	156354	chr2	Liftoff	gene	33844688	33887900	.	+	.	ID=gene-LOC101584781;Dbxref=GeneID:101584781;Name=LOC101584781;origin=liftoff;copy_num_ID=gene-LOC101584781_0;coverage=1.0;extra_copy_number=0;gbkey=Gene;gene=LOC101584781;gene_biotype=protein_coding;sequence_ID=0.996;valid_ORFs=1	LOC101584781	33844687	33887900	True
3351	156376	chr2	Liftoff	gene	33875974	33876261	.	-	.	ID=gene-LOC101573769;Dbxref=GeneID:101573769;Name=LOC101573769;origin=liftoff;copy_num_ID=gene-LOC101573769_0;coverage=1.0;extra_copy_number=0;gbkey=Gene;gene=LOC101573769;gene_biotype=protein_coding;partial=true;sequence_ID=0.973;start_range=.,298908;valid_ORFs=0	LOC101573769	33875973	33876261	True
3358	156726	chr2	Liftoff	gene	34091573	34095618	.	-	.	ID=gene-Napsa;Dbxref=GeneID:101583244;Name=Napsa;origin=liftoff;copy_num_ID=gene-Napsa_0;coverage=1.0;extra_copy_number=0;gbkey=Gene;gene=Napsa;gene_biotype=protein_coding;sequence_ID=0.994;valid_ORFs=3	NAPSA	34091572	34095618	True
3359	156780	chr2	AUGUSTUS	gene	34120779	34128449	.	+	.	ID=gene-Napsa-dl1;Name=Napsa-dl1;origin=de_novo	NAPSA-DL1	34120778	34128449	True
3385	157550	chr2	Liftoff	gene	34611792	34611982	.	-	.	ID=gene-LOC111814104;Dbxref=GeneID:111814104;Name=LOC111814104;origin=liftoff;copy_num_ID=gene-LOC111814104_0;coverage=1.0;extra_copy_number=0;gbkey=Gene;gene=LOC111814104;gene_biotype=snRNA;sequence_ID=1.0	LOC111814104	34611791	34611982	True
3386	157553	chr2	Liftoff	gene	34755120	34758970	.	+	.	ID=gene-Klk4;Dbxref=GeneID:105741355;Name=Klk4;origin=rename;copy_num_ID=gene-LOC105741355_0;coverage=1.0;extra_copy_number=0;gbkey=Gene;gene=LOC105741355;gene_biotype=protein_coding;partial=true;sequence_ID=1.0;start_range=.,38884;valid_ORFs=0	KLK4	34755119	34758970	True
3392	157624	chr2	Liftoff	gene	35495091	35504632	.	-	.	ID=gene-LOC101583618;Dbxref=GeneID:101583618;Name=LOC101583618;origin=liftoff;copy_num_ID=gene-LOC101583618_0;coverage=1.0;extra_copy_number=0;gbkey=Gene;gene=LOC101583618;gene_biotype=protein_coding;sequence_ID=0.996;valid_ORFs=1	LOC101583618	35495090	35504632	True
3406	157962	chr2	Liftoff	gene	35829538	35834154	.	+	.	ID=gene-LOC111813627;Dbxref=GeneID:111813627;Name=LOC111813627;origin=liftoff;copy_num_ID=gene-LOC111813627_0;coverage=0.999;extra_copy_number=0;gbkey=Gene;gene=LOC111813627;gene_biotype=protein_coding;sequence_ID=0.996;valid_ORFs=0	LOC111813627	35829537	35834154	True
3409	158168	chr2	Liftoff	gene	35972477	35990658	.	+	.	ID=gene-LOC101589501;Dbxref=GeneID:101589501;Name=LOC101589501;origin=liftoff;copy_num_ID=gene-LOC101589501_0;coverage=1.0;extra_copy_number=0;gbkey=Gene;gene=LOC101589501;gene_biotype=protein_coding;sequence_ID=0.997;valid_ORFs=1	LOC101589501	35972476	35990658	True
3410	158181	chr2	Liftoff	gene	36002856	36007149	.	+	.	ID=gene-Cd33;Dbxref=GeneID:101590291;Name=Cd33;origin=rename;copy_num_ID=gene-LOC101590291_0;coverage=1.0;extra_copy_number=0;gbkey=Gene;gene=LOC101590291;gene_biotype=protein_coding;sequence_ID=0.998;valid_ORFs=2	CD33	36002855	36007149	True
3411	158204	chr2	Liftoff	gene	36022108	36023063	.	+	.	ID=gene-LOC101591880;Dbxref=GeneID:101591880;Name=LOC101591880;origin=liftoff;copy_num_ID=gene-LOC101591880_0;coverage=0.997;extra_copy_number=0;gbkey=Gene;gene=LOC101591880;gene_biotype=protein_coding;sequence_ID=0.948;valid_ORFs=0	LOC101591880	36022107	36023063	True
3412	158211	chr2	Liftoff	gene	36037755	36039238	.	+	.	ID=gene-LOC101591084;Dbxref=GeneID:101591084;Name=LOC101591084;origin=liftoff;copy_num_ID=gene-LOC101591084_0;coverage=1.0;extra_copy_number=0;gbkey=Gene;gene=LOC101591084;gene_biotype=protein_coding;sequence_ID=0.990;valid_ORFs=1	LOC101591084	36037754	36039238	True
3413	158219	chr2	Liftoff	gene	36053387	36059538	.	+	.	ID=gene-Cd33-l1;Dbxref=GeneID:105744008;Name=Cd33-l1;origin=rename;copy_num_ID=gene-LOC105744008_0;coverage=1.0;extra_copy_number=0;gbkey=Gene;gene=LOC105744008;gene_biotype=protein_coding;sequence_ID=0.977;valid_ORFs=2	CD33-L1	36053386	36059538	True
3435	158676	chr2	Liftoff	gene	36609939	36610997	.	-	.	ID=gene-Fpr2-l1;Dbxref=GeneID:101564798;Name=Fpr2-l1;origin=rename;copy_num_ID=gene-LOC101564798_0;coverage=1.0;extra_copy_number=0;gbkey=Gene;gene=LOC101564798;gene_biotype=protein_coding;sequence_ID=0.993;valid_ORFs=1	FPR2-L1	36609938	36610997	True
3437	158688	chr2	Liftoff	gene	36693093	36700703	.	-	.	ID=gene-Fpr2-l2;Dbxref=GeneID:101565588;Name=Fpr2-l2;origin=rename;copy_num_ID=gene-LOC101565588_0;coverage=1.0;extra_copy_number=0;gbkey=Gene;gene=LOC101565588;gene_biotype=protein_coding;sequence_ID=0.998;valid_ORFs=1	FPR2-L2	36693092	36700703	True
3443	158727	chr2	Liftoff	gene	36950429	36951334	.	+	.	ID=gene-LOC101569565;Dbxref=GeneID:101569565;Name=LOC101569565;origin=liftoff;copy_num_ID=gene-LOC101569565_0;coverage=1.0;extra_copy_number=0;gbkey=Gene;gene=LOC101569565;gene_biotype=protein_coding;sequence_ID=0.994;valid_ORFs=1	LOC101569565	36950428	36951334	True
3444	158731	chr2	Liftoff	gene	37010523	37011383	.	-	.	ID=gene-LOC101570365;Dbxref=GeneID:101570365;Name=LOC101570365;origin=liftoff;copy_num_ID=gene-LOC101570365_0;coverage=1.0;extra_copy_number=0;gbkey=Gene;gene=LOC101570365;gene_biotype=protein_coding;sequence_ID=0.997;valid_ORFs=1	LOC101570365	37010522	37011383	True
3445	158735	chr2	Liftoff	gene	37041309	37044412	.	+	.	ID=gene-Vn1r4-l3;Dbxref=GeneID:101570769;Name=Vn1r4-l3;origin=rename;copy_num_ID=gene-LOC101570769_0;coverage=1.0;extra_copy_number=0;gbkey=Gene;gene=LOC101570769;gene_biotype=protein_coding;sequence_ID=0.994;valid_ORFs=1	VN1R4-L3	37041308	37044412	True
3447	158745	chr2	Liftoff	gene	37136040	37137035	.	-	.	ID=gene-LOC101571565;Dbxref=GeneID:101571565;Name=LOC101571565;origin=liftoff;copy_num_ID=gene-LOC101571565_0;coverage=1.0;extra_copy_number=0;gbkey=Gene;gene=LOC101571565;gene_biotype=protein_coding;partial=true;sequence_ID=0.991;start_range=.,2297885;valid_ORFs=0	LOC101571565	37136039	37137035	True
3472	159104	chr2	Liftoff	gene	38781824	38782726	.	+	.	ID=gene-LOC105744017;Dbxref=GeneID:105744017;Name=LOC105744017;origin=liftoff;copy_num_ID=gene-LOC105744017_0;coverage=1.0;extra_copy_number=0;gbkey=Gene;gene=LOC105744017;gene_biotype=protein_coding;sequence_ID=1.0;valid_ORFs=1	LOC105744017	38781823	38782726	True
3483	159148	chr2	Liftoff	gene	40050394	40051296	.	-	.	ID=gene-Vn1r2;Dbxref=GeneID:111814643;Name=Vn1r2;origin=rename;copy_num_ID=gene-LOC111814643_0;coverage=1.0;extra_copy_number=0;gbkey=Gene;gene=LOC111814643;gene_biotype=protein_coding;sequence_ID=0.982;valid_ORFs=1	VN1R2	40050393	40051296	True
3505	159684	chr2	gmst	gene	40584473	40591051	.	-	.	ID=gene-Lilra6;Name=Lilra6;origin=replace	LILRA6	40584472	40591051	True
3506	159712	chr2	AUGUSTUS	gene	40693440	40694164	.	-	.	ID=gene-Atg12-dl2;Name=Atg12-dl2;origin=de_novo	ATG12-DL2	40693439	40694164	True
3507	159720	chr2	Liftoff	gene	40723230	40728917	.	-	.	ID=gene-Pirb-l1;Dbxref=GeneID:101577044;Name=Pirb-l1;origin=rename;copy_num_ID=gene-LOC101577044_0;coverage=0.999;end_range=12561,.;extra_copy_number=0;gbkey=Gene;gene=LOC101577044;gene_biotype=protein_coding;partial=true;sequence_ID=0.973;start_range=.,6773;valid_ORFs=0	PIRB-L1	40723229	40728917	True
3508	159734	chr2	Liftoff	gene	40784598	40789911	.	-	.	ID=gene-Pirb-l2;Dbxref=GeneID:101582592;Name=Pirb-l2;origin=rename;copy_num_ID=gene-LOC101582592_0;coverage=1.0;extra_copy_number=0;gbkey=Gene;gene=LOC101582592;gene_biotype=protein_coding;sequence_ID=0.996;valid_ORFs=1	PIRB-L2	40784597	40789911	True
3509	159756	chr2	Liftoff	gene	40810454	40865181	.	-	.	ID=gene-Pirb-l3;Dbxref=GeneID:101582201;Name=Pirb-l3;origin=rename;copy_num_ID=gene-LOC101582201_0;coverage=1.0;extra_copy_number=0;gbkey=Gene;gene=LOC101582201;gene_biotype=protein_coding;sequence_ID=0.999;valid_ORFs=4	PIRB-L3	40810453	40865181	True
3511	159992	chr2	Liftoff	gene	41147423	41150927	.	-	.	ID=gene-Lilra5;Dbxref=GeneID:105740884;Name=Lilra5;origin=rename;copy_num_ID=gene-LOC105740884_0;coverage=0.998;extra_copy_number=0;gbkey=Gene;gene=LOC105740884;gene_biotype=protein_coding;sequence_ID=0.990;valid_ORFs=0	LILRA5	41147422	41150927	True
3526	160465	chr2	Liftoff	gene	41971830	41979650	.	+	.	ID=gene-Pirb;Dbxref=GeneID:101570944;Name=Pirb;origin=rename;copy_num_ID=gene-LOC101570944_0;coverage=1.0;extra_copy_number=0;gbkey=Gene;gene=LOC101570944;gene_biotype=protein_coding;sequence_ID=0.996;valid_ORFs=1	PIRB	41971829	41979650	True
3535	160700	chr2	Liftoff	gene	42396037	42476206	.	-	.	ID=gene-LOC111814451;Dbxref=GeneID:111814451;Name=LOC111814451;origin=liftoff;copy_num_ID=gene-LOC111814451_0;coverage=1.0;extra_copy_number=0;gbkey=Gene;gene=LOC111814451;gene_biotype=protein_coding;sequence_ID=0.996;valid_ORFs=6	LOC111814451	42396036	42476206	True
3536	160833	chr2	Liftoff	gene	42436664	42437388	.	+	.	ID=gene-Polr2h-l1;Dbxref=GeneID:101589273;Name=Polr2h-l1;origin=rename;copy_num_ID=gene-LOC101589273_0;coverage=1.0;extra_copy_number=0;gbkey=Gene;gene=LOC101589273;gene_biotype=protein_coding;sequence_ID=0.995;valid_ORFs=1	POLR2H-L1	42436663	42437388	True
3537	160839	chr2	Liftoff	gene	42443324	42445134	.	+	.	ID=gene-Cct3-l1;Dbxref=GeneID:101561532;Name=Cct3-l1;origin=rename;copy_num_ID=gene-LOC101561532_0;coverage=1.0;extra_copy_number=0;gbkey=Gene;gene=LOC101561532;gene_biotype=protein_coding;sequence_ID=0.994;valid_ORFs=1	CCT3-L1	42443323	42445134	True
3538	160845	chr2	Liftoff	gene	42449130	42459918	.	-	.	ID=gene-LOC111814454;Dbxref=GeneID:111814454;Name=LOC111814454;origin=liftoff;copy_num_ID=gene-LOC111814454_0;coverage=0.999;extra_copy_number=0;gbkey=Gene;gene=LOC111814454;gene_biotype=lncRNA;sequence_ID=0.995	LOC111814454	42449129	42459918	True
3580	162608	chr2	Liftoff	gene	43007330	43008617	.	+	.	ID=gene-Prss40;Dbxref=GeneID:111814457;Name=Prss40;origin=rename;copy_num_ID=gene-LOC111814457_0;coverage=1.0;extra_copy_number=0;gbkey=Gene;gene=LOC111814457;gene_biotype=protein_coding;sequence_ID=0.962;valid_ORFs=1	PRSS40	43007329	43008617	True
3581	162616	chr2	Liftoff	gene	43180107	43181318	.	+	.	ID=gene-Prss40-l1;Dbxref=GeneID:111814626;Name=Prss40-l1;origin=rename;copy_num_ID=gene-LOC111814626_0;coverage=0.969;extra_copy_number=0;gbkey=Gene;gene=LOC111814626;gene_biotype=protein_coding;sequence_ID=0.966;valid_ORFs=1	PRSS40-L1	43180106	43181318	True
3624	163179	chr2	Liftoff	gene	44628698	44631530	.	+	.	ID=gene-Zscan4;Dbxref=GeneID:101575581;Name=Zscan4;origin=rename;copy_num_ID=gene-LOC101575581_0;coverage=1.0;extra_copy_number=0;gbkey=Gene;gene=LOC101575581;gene_biotype=protein_coding;sequence_ID=0.998;valid_ORFs=1	ZSCAN4	44628697	44631530	True
3625	163187	chr2	Liftoff	gene	44675659	44675765	.	-	.	ID=gene-LOC111814623;Dbxref=GeneID:111814623;Name=LOC111814623;origin=liftoff;copy_num_ID=gene-LOC111814623_0;coverage=1.0;extra_copy_number=0;gbkey=Gene;gene=LOC111814623;gene_biotype=snRNA;sequence_ID=1.0	LOC111814623	44675658	44675765	True
3626	163190	chr2	AUGUSTUS	gene	44696127	44698645	.	+	.	ID=gene-Dek-dl1;Name=Dek-dl1;origin=de_novo	DEK-DL1	44696126	44698645	True
3636	163320	chr2	Liftoff	gene	45385370	45494443	.	-	.	ID=gene-LOC101591121;Dbxref=GeneID:101591121;Name=LOC101591121;origin=liftoff;copy_num_ID=gene-LOC101591121_0;coverage=1.0;extra_copy_number=0;gbkey=Gene;gene=LOC101591121;gene_biotype=protein_coding;sequence_ID=0.992;valid_ORFs=1	LOC101591121	45385369	45494443	True
3685	165220	chr2	Liftoff	gene	49938800	50040933	.	+	.	ID=gene-Cul2;Dbxref=GeneID:101575897;Name=Cul2;origin=liftoff;copy_num_ID=gene-Cul2_0;coverage=1.0;extra_copy_number=0;gbkey=Gene;gene=Cul2;gene_biotype=protein_coding;sequence_ID=0.999;valid_ORFs=6	CUL2	49938799	50040933	True
3686	165499	chr2	Liftoff	gene	50019376	50019482	.	-	.	ID=gene-LOC111812821;Dbxref=GeneID:111812821;Name=LOC111812821;origin=liftoff;copy_num_ID=gene-LOC111812821_0;coverage=1.0;extra_copy_number=0;gbkey=Gene;gene=LOC111812821;gene_biotype=snRNA;sequence_ID=1.0	LOC111812821	50019375	50019482	True
3812	170251	chr2	Liftoff	gene	65156919	65193609	.	-	.	ID=gene-Fcgr2a;Dbxref=GeneID:101584591;Name=Fcgr2a;origin=liftoff;copy_num_ID=gene-Fcgr2a_0;coverage=0.999;extra_copy_number=0;gbkey=Gene;gene=Fcgr2a;gene_biotype=protein_coding;sequence_ID=0.992;valid_ORFs=2	FCGR2A	65156918	65193609	True
3813	170278	chr2	Liftoff	gene	65176404	65176475	.	+	.	ID=gene-Trnae-cuc-3;Dbxref=GeneID:111812224;Name=Trnae-cuc-3;origin=liftoff;copy_num_ID=gene-Trnae-cuc-3_0;coverage=1.0;extra_copy_number=0;gbkey=Gene;gene=Trnae-cuc;gene_biotype=tRNA;sequence_ID=1.0	TRNAE-CUC-3	65176403	65176475	True
3814	170281	chr2	Liftoff	gene	65203129	65203200	.	+	.	ID=gene-Trnag-ucc-4;Dbxref=GeneID:111812225;Name=Trnag-ucc-4;origin=liftoff;copy_num_ID=gene-Trnag-ucc-4_0;coverage=1.0;extra_copy_number=0;gbkey=Gene;gene=Trnag-ucc;gene_biotype=tRNA;sequence_ID=0.986	TRNAG-UCC-4	65203128	65203200	True
3841	171112	chr2	Liftoff	gene	65572071	65593300	.	+	.	ID=gene-Arhgap30;Dbxref=GeneID:101588147;Name=Arhgap30;origin=liftoff;copy_num_ID=gene-Arhgap30_0;coverage=1.0;extra_copy_number=0;gbkey=Gene;gene=Arhgap30;gene_biotype=protein_coding;sequence_ID=0.999;valid_ORFs=3	ARHGAP30	65572070	65593300	True
3842	171192	chr2	Liftoff	gene	65593301	65600407	.	+	.	ID=gene-Usf1;Dbxref=GeneID:101585373;Name=Usf1;origin=liftoff;copy_num_ID=gene-Usf1_0;coverage=1.0;extra_copy_number=0;gbkey=Gene;gene=Usf1;gene_biotype=protein_coding;sequence_ID=0.998;valid_ORFs=6	USF1	65593300	65600407	True
3843	171331	chr2	Liftoff	gene	65600408	65634658	.	+	.	ID=gene-LOC101588933;Dbxref=GeneID:101588933;Name=LOC101588933;origin=liftoff;copy_num_ID=gene-LOC101588933_0;coverage=1.0;extra_copy_number=0;gbkey=Gene;gene=LOC101588933;gene_biotype=protein_coding;sequence_ID=0.998;valid_ORFs=3	LOC101588933	65600407	65634658	True
3844	171363	chr2	Liftoff	gene	65600645	65601738	.	+	.	ID=gene-LOC101588537;Dbxref=GeneID:101588537;Name=LOC101588537;origin=liftoff;copy_num_ID=gene-LOC101588537_0;coverage=1.0;extra_copy_number=0;gbkey=Gene;gene=LOC101588537;gene_biotype=protein_coding;sequence_ID=0.997;valid_ORFs=1	LOC101588537	65600644	65601738	True
3845	171374	chr2	Liftoff	gene	65619566	65619669	.	-	.	ID=gene-LOC111812211;Dbxref=GeneID:111812211;Name=LOC111812211;origin=liftoff;copy_num_ID=gene-LOC111812211_0;coverage=1.0;extra_copy_number=0;gbkey=Gene;gene=LOC111812211;gene_biotype=snRNA;sequence_ID=1.0	LOC111812211	65619565	65619669	True
3846	171377	chr2	Liftoff	gene	65626984	65627772	.	+	.	ID=gene-LOC111812198;Dbxref=GeneID:111812198;Name=LOC111812198;origin=liftoff;copy_num_ID=gene-LOC111812198_0;coverage=1.0;extra_copy_number=0;gbkey=Gene;gene=LOC111812198;gene_biotype=lncRNA;sequence_ID=0.996	LOC111812198	65626983	65627772	True
3847	171381	chr2	Liftoff	gene	65662867	65684699	.	+	.	ID=gene-F11r;Dbxref=GeneID:101589723;Name=F11r;origin=liftoff;copy_num_ID=gene-F11r_0;coverage=1.0;extra_copy_number=0;gbkey=Gene;gene=F11r;gene_biotype=protein_coding;sequence_ID=0.996;valid_ORFs=1	F11R	65662866	65684699	True
3897	172915	chr2	Liftoff	gene	68039671	68086037	.	-	.	ID=gene-Ifi203;Dbxref=GeneID:101567004;Name=Ifi203;origin=rename;copy_num_ID=gene-LOC101567004_0;coverage=1.0;extra_copy_number=0;gbkey=Gene;gene=LOC101567004;gene_biotype=protein_coding;sequence_ID=0.995;valid_ORFs=3	IFI203	68039670	68086037	True
3898	172963	chr2	Liftoff	gene	68181354	68185455	.	-	.	ID=gene-LOC111812195;Dbxref=GeneID:111812195;Name=LOC111812195;origin=liftoff;copy_num_ID=gene-LOC111812195_0;coverage=0.998;extra_copy_number=0;gbkey=Gene;gene=LOC111812195;gene_biotype=protein_coding;sequence_ID=0.990;valid_ORFs=0	LOC111812195	68181353	68185455	True
3912	173075	chr2	Liftoff	gene	68583499	68668686	.	+	.	ID=gene-Spta1;Dbxref=GeneID:101571386;Name=Spta1;origin=liftoff;copy_num_ID=gene-Spta1_0;coverage=0.962;extra_copy_number=0;gbkey=Gene;gene=Spta1;gene_biotype=protein_coding;sequence_ID=0.959;valid_ORFs=0	SPTA1	68583498	68668686	True
3918	173202	chr2	AUGUSTUS	gene	68877815	68943272	.	-	.	ID=gene-Spta1-rl1;Name=Spta1-rl1;origin=replace	SPTA1-RL1	68877814	68943272	True
3919	173314	chr2	AUGUSTUS	gene	68955857	68999891	.	-	.	ID=gene-Spta1-rl2;Name=Spta1-rl2;origin=replace	SPTA1-RL2	68955856	68999891	True
3925	173418	chr2	AUGUSTUS	gene	69737815	69741254	.	+	.	ID=gene-Kifbp;Name=Kifbp;origin=de_novo	KIFBP	69737814	69741254	True
3926	173426	chr2	AUGUSTUS	gene	70636646	70638515	.	-	.	ID=gene-Kifbp-dl1;Name=Kifbp-dl1;origin=de_novo	KIFBP-DL1	70636645	70638515	True
3928	173442	chr2	AUGUSTUS	gene	72767743	72771375	.	-	.	ID=gene-Kifbp-dl3;Name=Kifbp-dl3;origin=de_novo	KIFBP-DL3	72767742	72771375	True
3929	173450	chr2	Liftoff	gene	73261486	73264438	.	+	.	ID=gene-Cd1b2;Dbxref=GeneID:101579846;Name=Cd1b2;origin=rename;copy_num_ID=gene-LOC101579846_0;coverage=1.0;extra_copy_number=0;gbkey=Gene;gene=LOC101579846;gene_biotype=protein_coding;sequence_ID=0.997;valid_ORFs=0	CD1B2	73261485	73264438	True
3930	173466	chr2	AUGUSTUS	gene	74079926	74083524	.	-	.	ID=gene-Osbpl11-dl2;Name=Osbpl11-dl2;origin=de_novo	OSBPL11-DL2	74079925	74083524	True
3931	173474	chr2	Liftoff	gene	74110896	74113492	.	-	.	ID=gene-LOC111814936;Dbxref=GeneID:111814936;Name=LOC111814936;origin=liftoff;copy_num_ID=gene-LOC111814936_0;coverage=1.0;extra_copy_number=0;gbkey=Gene;gene=LOC111814936;gene_biotype=protein_coding;sequence_ID=0.995;valid_ORFs=2	LOC111814936	74110895	74113492	True
3932	173489	chr2	AUGUSTUS	gene	74135118	74135665	.	+	.	ID=gene-Sap18-dl3;Name=Sap18-dl3;origin=de_novo	SAP18-DL3	74135117	74135665	True
3939	173590	chr2	AUGUSTUS	gene	76859572	76861437	.	-	.	ID=gene-Kifbp-dl4;Name=Kifbp-dl4;origin=de_novo	KIFBP-DL4	76859571	76861437	True
3940	173597	chr2	Liftoff	gene	76970571	76975063	.	-	.	ID=gene-LOC111814864;Dbxref=GeneID:111814864;Name=LOC111814864;origin=liftoff;copy_num_ID=gene-LOC111814864_0;coverage=0.847;extra_copy_number=0;gbkey=Gene;gene=LOC111814864;gene_biotype=protein_coding;sequence_ID=0.803;valid_ORFs=0	LOC111814864	76970570	76975063	True
3941	173607	chr2	Liftoff	gene	76981740	76992162	.	-	.	ID=gene-LOC111814863;Dbxref=GeneID:111814863;Name=LOC111814863;origin=liftoff;copy_num_ID=gene-LOC111814863_0;coverage=1.0;extra_copy_number=0;gbkey=Gene;gene=LOC111814863;gene_biotype=lncRNA;sequence_ID=0.993	LOC111814863	76981739	76992162	True
3942	173612	chr2	AUGUSTUS	gene	78141613	78141966	.	+	.	ID=gene-Eif4ebp2-dl3;Name=Eif4ebp2-dl3;origin=de_novo	EIF4EBP2-DL3	78141612	78141966	True
3943	173619	chr2	AUGUSTUS	gene	87958356	87959257	.	-	.	ID=gene-Larp7-dl4;Name=Larp7-dl4;origin=de_novo	LARP7-DL4	87958355	87959257	True
3944	173632	chr2	AUGUSTUS	gene	91891150	91893691	.	-	.	ID=gene-Coil-dl1;Name=Coil-dl1;origin=de_novo	COIL-DL1	91891149	91893691	True
3945	173640	chr2	AUGUSTUS	gene	94217920	94219567	.	+	.	ID=gene-Eef1a1-dl16;Name=Eef1a1-dl16;origin=de_novo	EEF1A1-DL16	94217919	94219567	True
3946	173648	chr2	AUGUSTUS	gene	94674530	94675702	.	-	.	ID=gene-Krr1-dl1;Name=Krr1-dl1;origin=de_novo	KRR1-DL1	94674529	94675702	True
3947	173655	chr2	AUGUSTUS	gene	94811162	94811665	.	-	.	ID=gene-Bloc1s6-dl1;Name=Bloc1s6-dl1;origin=de_novo	BLOC1S6-DL1	94811161	94811665	True
3948	173662	chr2	AUGUSTUS	gene	94945298	94945801	.	+	.	ID=gene-Bloc1s6-dl2;Name=Bloc1s6-dl2;origin=de_novo	BLOC1S6-DL2	94945297	94945801	True
3949	173669	chr2	AUGUSTUS	gene	95081353	95082495	.	+	.	ID=gene-Krr1-dl2;Name=Krr1-dl2;origin=de_novo	KRR1-DL2	95081352	95082495	True
3950	173676	chr2	AUGUSTUS	gene	100211955	100213328	.	-	.	ID=gene-Klf5-dl1;Name=Klf5-dl1;origin=de_novo	KLF5-DL1	100211954	100213328	True
3951	173683	chr2	AUGUSTUS	gene	100454708	100455235	.	+	.	ID=gene-Siva1-dl1;Name=Siva1-dl1;origin=de_novo	SIVA1-DL1	100454707	100455235	True
3952	173690	chr2	AUGUSTUS	gene	103939112	103939639	.	-	.	ID=gene-Siva1-dl2;Name=Siva1-dl2;origin=de_novo	SIVA1-DL2	103939111	103939639	True
3969	174024	chr2	Liftoff	gene	123564866	123565798	.	-	.	ID=gene-LOC101586958;Dbxref=GeneID:101586958;Name=LOC101586958;origin=liftoff;copy_num_ID=gene-LOC101586958_0;coverage=1.0;extra_copy_number=0;gbkey=Gene;gene=LOC101586958;gene_biotype=protein_coding;sequence_ID=0.994;valid_ORFs=1	LOC101586958	123564865	123565798	True
4054	177844	chr2	Liftoff	gene	144652018	144719971	.	+	.	ID=gene-Vezt;Dbxref=GeneID:101582100;Name=Vezt;origin=liftoff;copy_num_ID=gene-Vezt_0;coverage=0.971;extra_copy_number=0;gbkey=Gene;gene=Vezt;gene_biotype=protein_coding;sequence_ID=0.966;valid_ORFs=1	VEZT	144652017	144719971	True
4055	177872	chr2	Liftoff	gene	144711516	144711622	.	-	.	ID=gene-LOC111817421;Dbxref=GeneID:111817421;Name=LOC111817421;origin=liftoff;copy_num_ID=gene-LOC111817421_0;coverage=1.0;extra_copy_number=0;gbkey=Gene;gene=LOC111817421;gene_biotype=snRNA;sequence_ID=1.0	LOC111817421	144711515	144711622	True
4069	178286	chr2	Liftoff	gene	145682506	146032228	.	+	.	ID=gene-Cfap54;Dbxref=GeneID:105742506;Name=Cfap54;origin=liftoff;copy_num_ID=gene-Cfap54_0;coverage=0.999;extra_copy_number=0;gbkey=Gene;gene=Cfap54;gene_biotype=protein_coding;sequence_ID=0.998;valid_ORFs=1	CFAP54	145682505	146032228	True
4329	191594	chr3	Liftoff	gene	13727791	13738062	.	+	.	ID=gene-LOC111814724;Dbxref=GeneID:111814724;Name=LOC111814724;origin=liftoff;copy_num_ID=gene-LOC111814724_0;coverage=1.0;extra_copy_number=0;gbkey=Gene;gene=LOC111814724;gene_biotype=lncRNA;sequence_ID=1.0	LOC111814724	13727790	13738062	True
4330	191605	chr3	AUGUSTUS	gene	15271858	15273642	.	-	.	ID=gene-Cct7-dl3;Name=Cct7-dl3;origin=de_novo	CCT7-DL3	15271857	15273642	True
4331	191613	chr3	Liftoff	gene	15408189	15410447	.	-	.	ID=gene-LOC111814829;Dbxref=GeneID:111814829;Name=LOC111814829;origin=liftoff;copy_num_ID=gene-LOC111814829_0;coverage=1.0;extra_copy_number=0;gbkey=Gene;gene=LOC111814829;gene_biotype=lncRNA;sequence_ID=0.997	LOC111814829	15408188	15410447	True
4332	191618	chr3	Liftoff	gene	15426229	15444819	.	-	.	ID=gene-LOC111814828;Dbxref=GeneID:111814828;Name=LOC111814828;origin=liftoff;copy_num_ID=gene-LOC111814828_0;coverage=1.0;extra_copy_number=0;gbkey=Gene;gene=LOC111814828;gene_biotype=lncRNA;sequence_ID=1.0	LOC111814828	15426228	15444819	True
4333	191629	chr3	gmst	gene	17111015	17111953	.	+	.	ID=gene-Brk1-dl1;Name=Brk1-dl1;origin=de_novo	BRK1-DL1	17111014	17111953	True
4440	197036	chr3	Liftoff	gene	34627415	34706076	.	-	.	ID=gene-Rbm27;Dbxref=GeneID:101585171;Name=Rbm27;origin=liftoff;copy_num_ID=gene-Rbm27_0;coverage=0.999;extra_copy_number=0;gbkey=Gene;gene=Rbm27;gene_biotype=protein_coding;sequence_ID=0.999;valid_ORFs=4	RBM27	34627414	34706076	True
4472	198674	chr3	Liftoff	gene	39975366	40130592	.	-	.	ID=gene-Pcdhgc5;Dbxref=GeneID:101583855;Name=Pcdhgc5;origin=rename;copy_num_ID=gene-LOC101583855_0;coverage=0.999;extra_copy_number=0;gbkey=Gene;gene=LOC101583855;gene_biotype=protein_coding;sequence_ID=0.998;valid_ORFs=15	PCDHGC5	39975365	40130592	True
4473	198838	chr3	Liftoff	gene	40095302	40097895	.	-	.	ID=gene-LOC101583073;Dbxref=GeneID:101583073;Name=LOC101583073;origin=liftoff;copy_num_ID=gene-LOC101583073_0;coverage=1.0;extra_copy_number=0;gbkey=Gene;gene=LOC101583073;gene_biotype=protein_coding;sequence_ID=0.998;valid_ORFs=1	LOC101583073	40095301	40097895	True
4475	198848	chr3	Liftoff	gene	40158937	40167842	.	-	.	ID=gene-LOC101566381;Dbxref=GeneID:101566381;Name=LOC101566381;origin=liftoff;copy_num_ID=gene-LOC101566381_0;coverage=1.0;extra_copy_number=0;gbkey=Gene;gene=LOC101566381;gene_biotype=protein_coding;sequence_ID=0.996;valid_ORFs=0	LOC101566381	40158936	40167842	True
4476	198859	chr3	Liftoff	gene	40170802	40183357	.	-	.	ID=gene-LOC101567167;Dbxref=GeneID:101567167;Name=LOC101567167;origin=liftoff;copy_num_ID=gene-LOC101567167_0;coverage=1.0;extra_copy_number=0;gbkey=Gene;gene=LOC101567167;gene_biotype=protein_coding;sequence_ID=0.997;valid_ORFs=0	LOC101567167	40170801	40183357	True
4477	198880	chr3	Liftoff	gene	40183358	40191329	.	-	.	ID=gene-LOC101567972;Dbxref=GeneID:101567972;Name=LOC101567972;origin=liftoff;copy_num_ID=gene-LOC101567972_0;coverage=0.993;extra_copy_number=0;gbkey=Gene;gene=LOC101567972;gene_biotype=protein_coding;sequence_ID=0.989;valid_ORFs=0	LOC101567972	40183357	40191329	True
4478	198904	chr3	Liftoff	gene	40191575	40196030	.	-	.	ID=gene-LOC105743910;Dbxref=GeneID:105743910;Name=LOC105743910;origin=liftoff;copy_num_ID=gene-LOC105743910_0;coverage=1.0;extra_copy_number=0;gbkey=Gene;gene=LOC105743910;gene_biotype=protein_coding;sequence_ID=0.995;valid_ORFs=0	LOC105743910	40191574	40196030	True
4479	198911	chr3	Liftoff	gene	40194754	40207412	.	-	.	ID=gene-Pcdhga2;Dbxref=GeneID:101568369;Name=Pcdhga2;origin=rename;copy_num_ID=gene-LOC101568369_0;coverage=0.999;extra_copy_number=0;gbkey=Gene;gene=LOC101568369;gene_biotype=protein_coding;sequence_ID=0.995;valid_ORFs=0	PCDHGA2	40194753	40207412	True
4484	198945	chr3	Liftoff	gene	40364958	40368477	.	-	.	ID=gene-LOC101570358;Dbxref=GeneID:101570358;Name=LOC101570358;origin=liftoff;copy_num_ID=gene-LOC101570358_0;coverage=1.0;extra_copy_number=0;gbkey=Gene;gene=LOC101570358;gene_biotype=protein_coding;sequence_ID=0.989;valid_ORFs=0	LOC101570358	40364957	40368477	True
4485	198953	chr3	Liftoff	gene	40370397	40382520	.	-	.	ID=gene-LOC101570762;Dbxref=GeneID:101570762;Name=LOC101570762;origin=liftoff;copy_num_ID=gene-LOC101570762_0;coverage=1.0;extra_copy_number=0;gbkey=Gene;gene=LOC101570762;gene_biotype=protein_coding;sequence_ID=0.998;valid_ORFs=1	LOC101570762	40370396	40382520	True
4486	198963	chr3	Liftoff	gene	40395927	40401186	.	-	.	ID=gene-Pcdhb11;Dbxref=GeneID:101571161;Name=Pcdhb11;origin=rename;copy_num_ID=gene-LOC101571161_0;coverage=1.0;extra_copy_number=0;gbkey=Gene;gene=LOC101571161;gene_biotype=protein_coding;sequence_ID=0.998;valid_ORFs=1	PCDHB11	40395926	40401186	True
4487	198971	chr3	Liftoff	gene	40404366	40413965	.	-	.	ID=gene-Pcdhb16;Dbxref=GeneID:101571961;Name=Pcdhb16;origin=rename;copy_num_ID=gene-LOC101571961_0;coverage=0.999;extra_copy_number=0;gbkey=Gene;gene=LOC101571961;gene_biotype=protein_coding;sequence_ID=0.998;valid_ORFs=0	PCDHB16	40404365	40413965	True
4488	198981	chr3	Liftoff	gene	40417322	40421466	.	-	.	ID=gene-Pcdhb7;Dbxref=GeneID:111813387;Name=Pcdhb7;origin=rename;copy_num_ID=gene-LOC111813387_0;coverage=0.586;extra_copy_number=0;gbkey=Gene;gene=LOC111813387;gene_biotype=protein_coding;sequence_ID=0.584;valid_ORFs=1	PCDHB7	40417321	40421466	True
4489	198989	chr3	Liftoff	gene	40454247	40458077	.	-	.	ID=gene-LOC101573158;Dbxref=GeneID:101573158;Name=LOC101573158;origin=liftoff;copy_num_ID=gene-LOC101573158_0;coverage=0.986;extra_copy_number=0;gbkey=Gene;gene=LOC101573158;gene_biotype=protein_coding;sequence_ID=0.982;valid_ORFs=0	LOC101573158	40454246	40458077	True
4490	198996	chr3	Liftoff	gene	40458522	40486246	.	-	.	ID=gene-LOC101573558;Dbxref=GeneID:101573558;Name=LOC101573558;origin=liftoff;copy_num_ID=gene-LOC101573558_0;coverage=0.999;extra_copy_number=0;gbkey=Gene;gene=LOC101573558;gene_biotype=protein_coding;sequence_ID=0.996;valid_ORFs=0	LOC101573558	40458521	40486246	True
4491	199005	chr3	AUGUSTUS	gene	40478037	40481453	.	-	.	ID=gene-Pcdhb17;Name=Pcdhb17;origin=de_novo	PCDHB17	40478036	40481453	True
4492	199013	chr3	Liftoff	gene	40515628	40519579	.	-	.	ID=gene-Pcdhb4;Dbxref=GeneID:101573957;Name=Pcdhb4;origin=rename;copy_num_ID=gene-LOC101573957_0;coverage=0.997;extra_copy_number=0;gbkey=Gene;gene=LOC101573957;gene_biotype=protein_coding;sequence_ID=0.992;valid_ORFs=1	PCDHB4	40515627	40519579	True
4493	199021	chr3	Liftoff	gene	40519679	40543587	.	-	.	ID=gene-LOC111813388;Dbxref=GeneID:111813388;Name=LOC111813388;origin=liftoff;copy_num_ID=gene-LOC111813388_0;coverage=1.0;extra_copy_number=0;gbkey=Gene;gene=LOC111813388;gene_biotype=protein_coding;sequence_ID=0.996;valid_ORFs=1	LOC111813388	40519678	40543587	True
4494	199030	chr3	Liftoff	gene	40568421	40572039	.	-	.	ID=gene-Pcdhb4-l1;Dbxref=GeneID:101574334;Name=Pcdhb4-l1;origin=rename;copy_num_ID=gene-LOC101574334_0;coverage=0.634;extra_copy_number=0;gbkey=Gene;gene=LOC101574334;gene_biotype=protein_coding;sequence_ID=0.634;valid_ORFs=1	PCDHB4-L1	40568420	40572039	True
4495	199038	chr3	AUGUSTUS	gene	40583941	40588174	.	-	.	ID=gene-Pcdhb3;Name=Pcdhb3;origin=de_novo	PCDHB3	40583940	40588174	True
4496	199046	chr3	Liftoff	gene	40590249	40592657	.	-	.	ID=gene-Pcdhb2;Dbxref=GeneID:101575133;Name=Pcdhb2;origin=rename;copy_num_ID=gene-LOC101575133_0;coverage=1.0;extra_copy_number=0;gbkey=Gene;gene=LOC101575133;gene_biotype=protein_coding;sequence_ID=0.998;valid_ORFs=1	PCDHB2	40590248	40592657	True
4511	199203	chr3	Liftoff	gene	41101654	41108073	.	+	.	ID=gene-LOC111813171;Dbxref=GeneID:111813171;Name=LOC111813171;origin=liftoff;copy_num_ID=gene-LOC111813171_0;coverage=1.0;extra_copy_number=0;gbkey=Gene;gene=LOC111813171;gene_biotype=protein_coding;sequence_ID=0.997;valid_ORFs=1	LOC111813171	41101653	41108073	True
4745	207976	chr3	Liftoff	gene	77939235	77977250	.	+	.	ID=gene-LOC101564324;Dbxref=GeneID:101564324;Name=LOC101564324;origin=liftoff;copy_num_ID=gene-LOC101564324_0;coverage=0.806;extra_copy_number=0;gbkey=Gene;gene=LOC101564324;gene_biotype=protein_coding;sequence_ID=0.803;valid_ORFs=0	LOC101564324	77939234	77977250	True
4746	207986	chr3	Liftoff	gene	77995025	77995963	.	+	.	ID=gene-LOC101560339;Dbxref=GeneID:101560339;Name=LOC101560339;origin=liftoff;copy_num_ID=gene-LOC101560339_0;coverage=1.0;extra_copy_number=0;gbkey=Gene;gene=LOC101560339;gene_biotype=protein_coding;sequence_ID=0.991;valid_ORFs=1	LOC101560339	77995024	77995963	True
4752	208011	chr3	Liftoff	gene	78129143	78130081	.	-	.	ID=gene-Or2l3;Dbxref=GeneID:101561526;Name=Or2l3;origin=rename;copy_num_ID=gene-LOC101561526_0;coverage=1.0;extra_copy_number=0;gbkey=Gene;gene=LOC101561526;gene_biotype=protein_coding;sequence_ID=0.997;valid_ORFs=1	OR2L3	78129142	78130081	True
4753	208015	chr3	Liftoff	gene	78161236	78162174	.	-	.	ID=gene-LOC101561923;Dbxref=GeneID:101561923;Name=LOC101561923;origin=liftoff;copy_num_ID=gene-LOC101561923_0;coverage=1.0;extra_copy_number=0;gbkey=Gene;gene=LOC101561923;gene_biotype=protein_coding;sequence_ID=0.988;valid_ORFs=1	LOC101561923	78161235	78162174	True
4761	208047	chr3	Liftoff	gene	78361730	78362668	.	-	.	ID=gene-LOC101567886;Dbxref=GeneID:101567886;Name=LOC101567886;origin=liftoff;copy_num_ID=gene-LOC101567886_0;coverage=1.0;extra_copy_number=0;gbkey=Gene;gene=LOC101567886;gene_biotype=protein_coding;sequence_ID=0.970;valid_ORFs=1	LOC101567886	78361729	78362668	True
4762	208051	chr3	Liftoff	gene	78394765	78395691	.	-	.	ID=gene-LOC101563928;Dbxref=GeneID:101563928;Name=LOC101563928;origin=liftoff;copy_num_ID=gene-LOC101563928_0;coverage=1.0;extra_copy_number=0;gbkey=Gene;gene=LOC101563928;gene_biotype=protein_coding;sequence_ID=0.982;valid_ORFs=1	LOC101563928	78394764	78395691	True
4767	208085	chr3	Liftoff	gene	78651326	78652945	.	-	.	ID=gene-LOC111814693;Dbxref=GeneID:111814693;Name=LOC111814693;origin=liftoff;copy_num_ID=gene-LOC111814693_0;coverage=1.0;extra_copy_number=0;gbkey=Gene;gene=LOC111814693;gene_biotype=lncRNA;sequence_ID=0.991	LOC111814693	78651325	78652945	True
4768	208090	chr3	Liftoff	gene	78664953	78758120	.	-	.	ID=gene-LOC101575049;Dbxref=GeneID:101575049;Name=LOC101575049;origin=liftoff;copy_num_ID=gene-LOC101575049_0;coverage=0.822;extra_copy_number=0;gbkey=Gene;gene=LOC101575049;gene_biotype=protein_coding;sequence_ID=0.765;valid_ORFs=0	LOC101575049	78664952	78758120	True
4778	208156	chr3	Liftoff	gene	79471921	79472880	.	+	.	ID=gene-LOC101561394;Dbxref=GeneID:101561394;Name=LOC101561394;origin=liftoff;copy_num_ID=gene-LOC101561394_0;coverage=1.0;extra_copy_number=0;gbkey=Gene;gene=LOC101561394;gene_biotype=protein_coding;sequence_ID=0.996;valid_ORFs=1	LOC101561394	79471920	79472880	True
4846	213422	chr3	Liftoff	gene	83353964	83441875	.	+	.	ID=gene-Znf451;Dbxref=GeneID:101583815;Name=Znf451;origin=liftoff;copy_num_ID=gene-Znf451_0;coverage=0.999;extra_copy_number=0;gbkey=Gene;gene=Znf451;gene_biotype=protein_coding;sequence_ID=0.999;valid_ORFs=7	ZNF451	83353963	83441875	True
4916	215996	chr3	Liftoff	gene	101929726	101930670	.	+	.	ID=gene-LOC101564594;Dbxref=GeneID:101564594;Name=LOC101564594;origin=liftoff;copy_num_ID=gene-LOC101564594_0;coverage=1.0;extra_copy_number=0;gbkey=Gene;gene=LOC101564594;gene_biotype=protein_coding;sequence_ID=0.995;valid_ORFs=1	LOC101564594	101929725	101930670	True
4930	216098	chr3	Liftoff	gene	102728746	102811377	.	-	.	ID=gene-LOC101586783;Dbxref=GeneID:101586783;Name=LOC101586783;origin=liftoff;copy_num_ID=gene-LOC101586783_0;coverage=1.0;extra_copy_number=0;gbkey=Gene;gene=LOC101586783;gene_biotype=protein_coding;sequence_ID=0.998;valid_ORFs=1	LOC101586783	102728745	102811377	True
4985	218192	chr3	Liftoff	gene	104682385	104693930	.	-	.	ID=gene-LOC101587681;Dbxref=GeneID:101587681;Name=LOC101587681;origin=liftoff;copy_num_ID=gene-LOC101587681_0;coverage=1.0;extra_copy_number=0;gbkey=Gene;gene=LOC101587681;gene_biotype=protein_coding;sequence_ID=0.999;valid_ORFs=1	LOC101587681	104682384	104693930	True
4986	218220	chr3	Liftoff	gene	104698659	104737349	.	+	.	ID=gene-LOC101587295;Dbxref=GeneID:101587295;Name=LOC101587295;origin=liftoff;copy_num_ID=gene-LOC101587295_0;coverage=1.0;extra_copy_number=0;gbkey=Gene;gene=LOC101587295;gene_biotype=protein_coding;sequence_ID=0.998;valid_ORFs=1	LOC101587295	104698658	104737349	True
4987	218240	chr3	Liftoff	gene	104730646	104756487	.	+	.	ID=gene-Ddx11;Dbxref=GeneID:101586899;Name=Ddx11;origin=liftoff;copy_num_ID=gene-Ddx11_0;coverage=1.0;extra_copy_number=0;gbkey=Gene;gene=Ddx11;gene_biotype=protein_coding;sequence_ID=0.998;valid_ORFs=6	DDX11	104730645	104756487	True
4990	218674	chr3	Liftoff	gene	104877476	104948255	.	+	.	ID=gene-Vmn2r116-l3;Dbxref=GeneID:101585316;Name=Vmn2r116-l3;origin=rename;copy_num_ID=gene-LOC101585316_0;coverage=0.999;extra_copy_number=0;gbkey=Gene;gene=LOC101585316;gene_biotype=protein_coding;sequence_ID=0.996;valid_ORFs=0	VMN2R116-L3	104877475	104948255	True
5062	222225	chr3	Liftoff	gene	106246163	106311578	.	-	.	ID=gene-LOC101588350;Dbxref=GeneID:101588350;Name=LOC101588350;origin=liftoff;copy_num_ID=gene-LOC101588350_0;coverage=0.999;extra_copy_number=0;gbkey=Gene;gene=LOC101588350;gene_biotype=protein_coding;partial=true;sequence_ID=0.998;start_range=.,125855;valid_ORFs=0	LOC101588350	106246162	106311578	True
5064	222247	chr3	Liftoff	gene	106348349	106366823	.	-	.	ID=gene-LOC101572247;Dbxref=GeneID:101572247;Name=LOC101572247;origin=liftoff;copy_num_ID=gene-LOC101572247_0;coverage=1.0;extra_copy_number=0;gbkey=Gene;gene=LOC101572247;gene_biotype=protein_coding;sequence_ID=0.998;valid_ORFs=1	LOC101572247	106348348	106366823	True
5068	222307	chr3	Liftoff	gene	106663118	106667462	.	+	.	ID=gene-LOC101587791;Dbxref=GeneID:101587791;Name=LOC101587791;origin=liftoff;copy_num_ID=gene-LOC101587791_0;coverage=0.095;extra_copy_number=0;gbkey=Gene;gene=LOC101587791;gene_biotype=protein_coding;low_identity=True;partial_mapping=True;sequence_ID=0.095;valid_ORFs=0	LOC101587791	106663117	106667462	True
5069	222313	chr3	Liftoff	gene	106723641	106730974	.	+	.	ID=gene-LOC101587398;Dbxref=GeneID:101587398;Name=LOC101587398;origin=liftoff;copy_num_ID=gene-LOC101587398_0;coverage=0.913;extra_copy_number=0;gbkey=Gene;gene=LOC101587398;gene_biotype=protein_coding;sequence_ID=0.910;valid_ORFs=0	LOC101587398	106723640	106730974	True
5070	222325	chr3	Liftoff	gene	106913686	106923015	.	+	.	ID=gene-Vmn2r116-l5;Dbxref=GeneID:101586613;Name=Vmn2r116-l5;origin=rename;copy_num_ID=gene-LOC101586613_0;coverage=1.0;extra_copy_number=0;gbkey=Gene;gene=LOC101586613;gene_biotype=protein_coding;sequence_ID=0.994;valid_ORFs=1	VMN2R116-L5	106913685	106923015	True
5071	222339	chr3	Liftoff	gene	106931207	107006564	.	-	.	ID=gene-LOC101586209;Dbxref=GeneID:101586209;Name=LOC101586209;origin=liftoff;copy_num_ID=gene-LOC101586209_0;coverage=1.0;extra_copy_number=0;gbkey=Gene;gene=LOC101586209;gene_biotype=protein_coding;sequence_ID=0.999;valid_ORFs=1	LOC101586209	106931206	107006564	True
5079	222471	chr3	Liftoff	gene	107429410	107463762	.	+	.	ID=gene-LOC101582276;Dbxref=GeneID:101582276;Name=LOC101582276;origin=liftoff;copy_num_ID=gene-LOC101582276_0;coverage=1.0;extra_copy_number=0;gbkey=Gene;gene=LOC101582276;gene_biotype=protein_coding;sequence_ID=1.0;valid_ORFs=1	LOC101582276	107429409	107463762	True
5080	222483	chr3	Liftoff	gene	107518200	107539480	.	+	.	ID=gene-LOC101581887;Dbxref=GeneID:101581887;Name=LOC101581887;origin=liftoff;copy_num_ID=gene-LOC101581887_0;coverage=1.0;extra_copy_number=0;gbkey=Gene;gene=LOC101581887;gene_biotype=protein_coding;sequence_ID=0.998;valid_ORFs=1	LOC101581887	107518199	107539480	True
5081	222495	chr3	Liftoff	gene	107555991	107558363	.	+	.	ID=gene-LOC101581501;Dbxref=GeneID:101581501;Name=LOC101581501;origin=liftoff;copy_num_ID=gene-LOC101581501_0;coverage=1.0;extra_copy_number=0;gbkey=Gene;gene=LOC101581501;gene_biotype=protein_coding;sequence_ID=0.997;valid_ORFs=0	LOC101581501	107555990	107558363	True
5082	222501	chr3	Liftoff	gene	107599485	107656238	.	+	.	ID=gene-LOC101580716;Dbxref=GeneID:101580716;Name=LOC101580716;origin=liftoff;copy_num_ID=gene-LOC101580716_0;coverage=0.578;extra_copy_number=0;gbkey=Gene;gene=LOC101580716;gene_biotype=protein_coding;sequence_ID=0.578;valid_ORFs=0	LOC101580716	107599484	107656238	True
5083	222511	chr3	Liftoff	gene	107657737	107682216	.	+	.	ID=gene-LOC101580316;Dbxref=GeneID:101580316;Name=LOC101580316;origin=liftoff;copy_num_ID=gene-LOC101580316_0;coverage=1.0;extra_copy_number=0;gbkey=Gene;gene=LOC101580316;gene_biotype=protein_coding;sequence_ID=0.998;valid_ORFs=1	LOC101580316	107657736	107682216	True
5084	222527	chr3	Liftoff	gene	107761153	107810167	.	+	.	ID=gene-LOC101579922;Dbxref=GeneID:101579922;Name=LOC101579922;origin=liftoff;copy_num_ID=gene-LOC101579922_0;coverage=1.0;extra_copy_number=0;gbkey=Gene;gene=LOC101579922;gene_biotype=protein_coding;sequence_ID=0.997;valid_ORFs=1	LOC101579922	107761152	107810167	True
5085	222543	chr3	Liftoff	gene	107913257	107980208	.	+	.	ID=gene-LOC111813702;Dbxref=GeneID:111813702;Name=LOC111813702;origin=liftoff;copy_num_ID=gene-LOC111813702_0;coverage=1.0;extra_copy_number=0;gbkey=Gene;gene=LOC111813702;gene_biotype=protein_coding;sequence_ID=0.986;valid_ORFs=0	LOC111813702	107913256	107980208	True
5086	222557	chr3	Liftoff	gene	107986946	108017829	.	+	.	ID=gene-LOC101578745;Dbxref=GeneID:101578745;Name=LOC101578745;origin=liftoff;copy_num_ID=gene-LOC101578745_0;coverage=0.999;extra_copy_number=0;gbkey=Gene;gene=LOC101578745;gene_biotype=protein_coding;sequence_ID=0.996;valid_ORFs=0	LOC101578745	107986945	108017829	True
5087	222573	chr3	Liftoff	gene	108058329	108082788	.	+	.	ID=gene-LOC101578342;Dbxref=GeneID:101578342;Name=LOC101578342;origin=liftoff;copy_num_ID=gene-LOC101578342_0;coverage=1.0;extra_copy_number=0;gbkey=Gene;gene=LOC101578342;gene_biotype=protein_coding;sequence_ID=0.997;valid_ORFs=1	LOC101578342	108058328	108082788	True
5168	226479	chr3	gmst	gene	112820584	112822194	.	-	.	ID=gene-Arpc5-dl4;Name=Arpc5-dl4;origin=de_novo	ARPC5-DL4	112820583	112822194	True
5169	226487	chr3	AUGUSTUS	gene	112955184	112956573	.	+	.	ID=gene-Emb-dl2;Name=Emb-dl2;origin=de_novo	EMB-DL2	112955183	112956573	True
5171	226503	chr3	Liftoff	gene	113074356	113114325	.	+	.	ID=gene-LOC101572649;Dbxref=GeneID:101572649;Name=LOC101572649;origin=liftoff;copy_num_ID=gene-LOC101572649_0;coverage=1.0;extra_copy_number=0;gbkey=Gene;gene=LOC101572649;gene_biotype=protein_coding;sequence_ID=1.0;valid_ORFs=0	LOC101572649	113074355	113114325	True
5172	226519	chr3	Liftoff	gene	113132987	113148136	.	+	.	ID=gene-LOC101572251;Dbxref=GeneID:101572251;Name=LOC101572251;origin=liftoff;copy_num_ID=gene-LOC101572251_0;coverage=1.0;extra_copy_number=0;gbkey=Gene;gene=LOC101572251;gene_biotype=protein_coding;sequence_ID=0.997;valid_ORFs=1	LOC101572251	113132986	113148136	True
5177	226584	chr3	Liftoff	gene	113451400	113459461	.	+	.	ID=gene-LOC101569060;Dbxref=GeneID:101569060;Name=LOC101569060;origin=liftoff;copy_num_ID=gene-LOC101569060_0;coverage=1.0;extra_copy_number=0;gbkey=Gene;gene=LOC101569060;gene_biotype=protein_coding;sequence_ID=0.988;valid_ORFs=1	LOC101569060	113451399	113459461	True
5178	226598	chr3	Liftoff	gene	113485028	113545147	.	-	.	ID=gene-LOC101568669;Dbxref=GeneID:101568669;Name=LOC101568669;origin=liftoff;copy_num_ID=gene-LOC101568669_0;coverage=1.0;extra_copy_number=0;gbkey=Gene;gene=LOC101568669;gene_biotype=protein_coding;sequence_ID=0.998;valid_ORFs=0	LOC101568669	113485027	113545147	True
5179	226616	chr3	Liftoff	gene	113573951	113587826	.	-	.	ID=gene-LOC101567873;Dbxref=GeneID:101567873;Name=LOC101567873;origin=liftoff;copy_num_ID=gene-LOC101567873_0;coverage=1.0;extra_copy_number=0;gbkey=Gene;gene=LOC101567873;gene_biotype=protein_coding;sequence_ID=0.999;valid_ORFs=1	LOC101567873	113573950	113587826	True
5180	226632	chr3	Liftoff	gene	113743128	113791976	.	-	.	ID=gene-LOC101566672;Dbxref=GeneID:101566672;Name=LOC101566672;origin=liftoff;copy_num_ID=gene-LOC101566672_0;coverage=1.0;extra_copy_number=0;gbkey=Gene;gene=LOC101566672;gene_biotype=protein_coding;sequence_ID=0.993;valid_ORFs=1	LOC101566672	113743127	113791976	True
5181	226650	chr3	Liftoff	gene	113831159	113849732	.	+	.	ID=gene-LOC101565484;Dbxref=GeneID:101565484;Name=LOC101565484;origin=liftoff;copy_num_ID=gene-LOC101565484_0;coverage=1.0;extra_copy_number=0;gbkey=Gene;gene=LOC101565484;gene_biotype=protein_coding;sequence_ID=0.998;valid_ORFs=1	LOC101565484	113831158	113849732	True
5182	226664	chr3	Liftoff	gene	113851741	113898309	.	+	.	ID=gene-LOC101565086;Dbxref=GeneID:101565086;Name=LOC101565086;origin=liftoff;copy_num_ID=gene-LOC101565086_0;coverage=1.0;extra_copy_number=0;gbkey=Gene;gene=LOC101565086;gene_biotype=protein_coding;sequence_ID=0.996;valid_ORFs=0	LOC101565086	113851740	113898309	True
5183	226690	chr3	Liftoff	gene	113902609	113909189	.	-	.	ID=gene-LOC101564703;Dbxref=GeneID:101564703;Name=LOC101564703;origin=liftoff;copy_num_ID=gene-LOC101564703_0;coverage=1.0;extra_copy_number=0;gbkey=Gene;gene=LOC101564703;gene_biotype=protein_coding;sequence_ID=0.997;valid_ORFs=0	LOC101564703	113902608	113909189	True
5184	226700	chr3	Liftoff	gene	113910325	113966897	.	+	.	ID=gene-LOC101564306;Dbxref=GeneID:101564306;Name=LOC101564306;origin=liftoff;copy_num_ID=gene-LOC101564306_0;coverage=1.0;extra_copy_number=0;gbkey=Gene;gene=LOC101564306;gene_biotype=protein_coding;sequence_ID=0.998;valid_ORFs=1	LOC101564306	113910324	113966897	True
5185	226718	chr3	Liftoff	gene	113985889	113998063	.	-	.	ID=gene-LOC101563911;Dbxref=GeneID:101563911;Name=LOC101563911;origin=liftoff;copy_num_ID=gene-LOC101563911_0;coverage=1.0;extra_copy_number=0;gbkey=Gene;gene=LOC101563911;gene_biotype=protein_coding;sequence_ID=0.998;valid_ORFs=1	LOC101563911	113985888	113998063	True
5186	226734	chr3	Liftoff	gene	114023162	114066770	.	-	.	ID=gene-LOC101563509;Dbxref=GeneID:101563509;Name=LOC101563509;origin=liftoff;copy_num_ID=gene-LOC101563509_0;coverage=0.999;extra_copy_number=0;gbkey=Gene;gene=LOC101563509;gene_biotype=protein_coding;sequence_ID=0.987;valid_ORFs=0	LOC101563509	114023161	114066770	True
5187	226750	chr3	Liftoff	gene	114225329	114251947	.	-	.	ID=gene-LOC101562299;Dbxref=GeneID:101562299;Name=LOC101562299;origin=liftoff;copy_num_ID=gene-LOC101562299_0;coverage=0.998;extra_copy_number=0;gbkey=Gene;gene=LOC101562299;gene_biotype=protein_coding;sequence_ID=0.961;valid_ORFs=0	LOC101562299	114225328	114251947	True
5188	226764	chr3	Liftoff	gene	114257087	114310402	.	-	.	ID=gene-Vmn2r116-l6;Dbxref=GeneID:101561904;Name=Vmn2r116-l6;origin=rename;copy_num_ID=gene-LOC101561904_0;coverage=0.998;extra_copy_number=0;gbkey=Gene;gene=LOC101561904;gene_biotype=protein_coding;sequence_ID=0.994;valid_ORFs=1	VMN2R116-L6	114257086	114310402	True
5189	226784	chr3	Liftoff	gene	114358338	114386168	.	-	.	ID=gene-LOC101560721;Dbxref=GeneID:101560721;Name=LOC101560721;origin=liftoff;copy_num_ID=gene-LOC101560721_0;coverage=1.0;extra_copy_number=0;gbkey=Gene;gene=LOC101560721;gene_biotype=protein_coding;sequence_ID=0.993;valid_ORFs=0	LOC101560721	114358337	114386168	True
5191	226816	chr3	Liftoff	gene	114436921	114483816	.	+	.	ID=gene-LOC101592925;Dbxref=GeneID:101592925;Name=LOC101592925;origin=liftoff;copy_num_ID=gene-LOC101592925_0;coverage=1.0;extra_copy_number=0;gbkey=Gene;gene=LOC101592925;gene_biotype=protein_coding;sequence_ID=0.997;valid_ORFs=1	LOC101592925	114436920	114483816	True
5192	226840	chr3	Liftoff	gene	114503616	114510241	.	+	.	ID=gene-LOC101592537;Dbxref=GeneID:101592537;Name=LOC101592537;origin=liftoff;copy_num_ID=gene-LOC101592537_0;coverage=1.0;extra_copy_number=0;gbkey=Gene;gene=LOC101592537;gene_biotype=protein_coding;sequence_ID=0.996;valid_ORFs=0	LOC101592537	114503615	114510241	True
5193	226854	chr3	Liftoff	gene	114529183	114559297	.	-	.	ID=gene-LOC101592156;Dbxref=GeneID:101592156;Name=LOC101592156;origin=liftoff;copy_num_ID=gene-LOC101592156_0;coverage=1.0;extra_copy_number=0;gbkey=Gene;gene=LOC101592156;gene_biotype=protein_coding;sequence_ID=0.996;valid_ORFs=1	LOC101592156	114529182	114559297	True
5197	226926	chr3	Liftoff	gene	114776396	114788231	.	+	.	ID=gene-LOC101590189;Dbxref=GeneID:101590189;Name=LOC101590189;origin=liftoff;copy_num_ID=gene-LOC101590189_0;coverage=1.0;extra_copy_number=0;gbkey=Gene;gene=LOC101590189;gene_biotype=protein_coding;sequence_ID=0.997;valid_ORFs=1	LOC101590189	114776395	114788231	True
5198	226942	chr3	Liftoff	gene	114928481	114942034	.	+	.	ID=gene-LOC101588603;Dbxref=GeneID:101588603;Name=LOC101588603;origin=liftoff;copy_num_ID=gene-LOC101588603_0;coverage=1.0;extra_copy_number=0;gbkey=Gene;gene=LOC101588603;gene_biotype=protein_coding;sequence_ID=0.992;valid_ORFs=0	LOC101588603	114928480	114942034	True
5199	226956	chr3	Liftoff	gene	114983849	114992460	.	-	.	ID=gene-LOC101588214;Dbxref=GeneID:101588214;Name=LOC101588214;origin=liftoff;copy_num_ID=gene-LOC101588214_0;coverage=1.0;extra_copy_number=0;gbkey=Gene;gene=LOC101588214;gene_biotype=protein_coding;sequence_ID=0.995;valid_ORFs=0	LOC101588214	114983848	114992460	True
5200	226972	chr3	Liftoff	gene	115020667	115061815	.	-	.	ID=gene-LOC101587813;Dbxref=GeneID:101587813;Name=LOC101587813;origin=liftoff;copy_num_ID=gene-LOC101587813_0;coverage=1.0;extra_copy_number=0;gbkey=Gene;gene=LOC101587813;gene_biotype=protein_coding;sequence_ID=0.997;valid_ORFs=0	LOC101587813	115020666	115061815	True
5201	226990	chr3	Liftoff	gene	115380694	115381632	.	-	.	ID=gene-LOC101570957;Dbxref=GeneID:101570957;Name=LOC101570957;origin=liftoff;copy_num_ID=gene-LOC101570957_0;coverage=1.0;extra_copy_number=0;gbkey=Gene;gene=LOC101570957;gene_biotype=protein_coding;sequence_ID=0.998;valid_ORFs=1	LOC101570957	115380693	115381632	True
5215	227117	chr3	Liftoff	gene	115876480	116778101	.	+	.	ID=gene-Znf699-l1;Dbxref=GeneID:101563650;Name=Znf699-l1;origin=rename;copy_num_ID=gene-LOC101563650_0;coverage=1.0;extra_copy_number=0;gbkey=Gene;gene=LOC101563650;gene_biotype=protein_coding;sequence_ID=0.999;valid_ORFs=8	ZNF699-L1	115876479	116778101	True
5236	227370	chr3	Liftoff	gene	116595735	116621406	.	-	.	ID=gene-LOC101565225;Dbxref=GeneID:101565225;Name=LOC101565225;origin=liftoff;copy_num_ID=gene-LOC101565225_0;coverage=1.0;extra_copy_number=0;gbkey=Gene;gene=LOC101565225;gene_biotype=protein_coding;sequence_ID=0.998;valid_ORFs=1	LOC101565225	116595734	116621406	True
5237	227386	chr3	Liftoff	gene	116657014	116680923	.	-	.	ID=gene-Vmn2r116-l8;Dbxref=GeneID:101564833;Name=Vmn2r116-l8;origin=rename;copy_num_ID=gene-LOC101564833_0;coverage=1.0;extra_copy_number=0;gbkey=Gene;gene=LOC101564833;gene_biotype=protein_coding;sequence_ID=0.999;valid_ORFs=1	VMN2R116-L8	116657013	116680923	True
5239	227407	chr3	Liftoff	gene	116920163	116924137	.	+	.	ID=gene-Vmn2r116-l9;Dbxref=GeneID:101562456;Name=Vmn2r116-l9;origin=rename;copy_num_ID=gene-LOC101562456_0;coverage=0.609;extra_copy_number=0;gbkey=Gene;gene=LOC101562456;gene_biotype=protein_coding;sequence_ID=0.608;valid_ORFs=0	VMN2R116-L9	116920162	116924137	True
5240	227419	chr3	Liftoff	gene	116953771	117012081	.	-	.	ID=gene-Znf426-l1;Dbxref=GeneID:101561263;Name=Znf426-l1;origin=rename;copy_num_ID=gene-LOC101561263_0;coverage=0.981;extra_copy_number=0;gbkey=Gene;gene=LOC101561263;gene_biotype=protein_coding;sequence_ID=0.981;valid_ORFs=0	ZNF426-L1	116953770	117012081	True
5241	227464	chr3	Liftoff	gene	116972867	116974144	.	+	.	ID=gene-Krt8-l1;Dbxref=GeneID:101561661;Name=Krt8-l1;origin=rename;copy_num_ID=gene-LOC101561661_0;coverage=1.0;extra_copy_number=0;gbkey=Gene;gene=LOC101561661;gene_biotype=protein_coding;sequence_ID=1.0;valid_ORFs=1	KRT8-L1	116972866	116974144	True
5358	233948	chr3	Liftoff	gene	119955308	119976134	.	+	.	ID=gene-Fut6;Dbxref=GeneID:101568560;Name=Fut6;origin=liftoff;copy_num_ID=gene-Fut6_0;coverage=1.0;extra_copy_number=0;gbkey=Gene;gene=Fut6;gene_biotype=protein_coding;sequence_ID=0.987;valid_ORFs=2	FUT6	119955307	119976134	True
5359	233973	chr3	Liftoff	gene	120003124	120004303	.	+	.	ID=gene-Fut3;Dbxref=GeneID:101567893;Name=Fut3;origin=rename;copy_num_ID=gene-LOC101567893_0;coverage=1.0;extra_copy_number=0;gbkey=Gene;gene=LOC101567893;gene_biotype=protein_coding;sequence_ID=0.997;valid_ORFs=1	FUT3	120003123	120004303	True
5360	233978	chr3	Liftoff	gene	120007361	120031003	.	+	.	ID=gene-Fut5;Dbxref=GeneID:101567494;Name=Fut5;origin=rename;copy_num_ID=gene-LOC101567494_0;coverage=1.0;extra_copy_number=0;gbkey=Gene;gene=LOC101567494;gene_biotype=protein_coding;partial=true;sequence_ID=0.997;start_range=.,6;valid_ORFs=0	FUT5	120007360	120031003	True
5587	245754	chr3	Liftoff	gene	125895909	125923938	.	-	.	ID=gene-LOC101572432;Dbxref=GeneID:101572432;Name=LOC101572432;origin=liftoff;copy_num_ID=gene-LOC101572432_0;coverage=1.0;extra_copy_number=0;gbkey=Gene;gene=LOC101572432;gene_biotype=protein_coding;sequence_ID=1.0;valid_ORFs=1	LOC101572432	125895908	125923938	True
5676	250438	chr3	Liftoff	gene	129089508	129092145	.	+	.	ID=gene-Cst3;Dbxref=GeneID:111817890;Name=Cst3;origin=rename;copy_num_ID=gene-LOC111817890_0;coverage=1.0;extra_copy_number=0;gbkey=Gene;gene=LOC111817890;gene_biotype=protein_coding;sequence_ID=1.0;valid_ORFs=1	CST3	129089507	129092145	True
5743	253908	chr3	Liftoff	gene	137534683	137540579	.	-	.	ID=gene-LOC111817510;Dbxref=GeneID:111817510;Name=LOC111817510;origin=liftoff;copy_num_ID=gene-LOC111817510_0;coverage=1.0;extra_copy_number=0;gbkey=Gene;gene=LOC111817510;gene_biotype=lncRNA;sequence_ID=0.996	LOC111817510	137534682	137540579	True
5744	253912	chr3	Liftoff	gene	137583405	137665682	.	+	.	ID=gene-Sel1l2;Dbxref=GeneID:101589417;Name=Sel1l2;origin=liftoff;copy_num_ID=gene-Sel1l2_0;coverage=1.0;extra_copy_number=0;gbkey=Gene;gene=Sel1l2;gene_biotype=protein_coding;sequence_ID=0.995;valid_ORFs=1	SEL1L2	137583404	137665682	True
5745	253940	chr3	Liftoff	gene	137706657	137742624	.	-	.	ID=gene-Ndufaf5;Dbxref=GeneID:101589024;Name=Ndufaf5;origin=liftoff;copy_num_ID=gene-Ndufaf5_0;coverage=1.0;extra_copy_number=0;gbkey=Gene;gene=Ndufaf5;gene_biotype=protein_coding;sequence_ID=0.997;valid_ORFs=2	NDUFAF5	137706656	137742624	True
5858	258419	chr4	Liftoff	gene	4740623	4741853	.	-	.	ID=gene-LOC105741362;Dbxref=GeneID:105741362;Name=LOC105741362;origin=liftoff;copy_num_ID=gene-LOC105741362_0;coverage=0.997;extra_copy_number=0;gbkey=Gene;gene=LOC105741362;gene_biotype=lncRNA;sequence_ID=0.997	LOC105741362	4740622	4741853	True
5859	258424	chr4	Liftoff	gene	5426702	5428547	.	-	.	ID=gene-Rpl22-l1;Dbxref=GeneID:101575951;Name=Rpl22-l1;origin=rename;copy_num_ID=gene-LOC101575951_0;coverage=1.0;extra_copy_number=0;gbkey=Gene;gene=LOC101575951;gene_biotype=protein_coding;sequence_ID=1.0;valid_ORFs=1	RPL22-L1	5426701	5428547	True
5860	258430	chr4	AUGUSTUS	gene	5951974	5952627	.	+	.	ID=gene-Rpl10a-dl1;Name=Rpl10a-dl1;origin=de_novo	RPL10A-DL1	5951973	5952627	True
5861	258437	chr4	AUGUSTUS	gene	7279513	7280076	.	-	.	ID=gene-Dhfr-dl6;Name=Dhfr-dl6;origin=de_novo	DHFR-DL6	7279512	7280076	True
5862	258444	chr4	AUGUSTUS	gene	7513847	7514410	.	+	.	ID=gene-Dhfr-dl7;Name=Dhfr-dl7;origin=de_novo	DHFR-DL7	7513846	7514410	True
5863	258451	chr4	Liftoff	gene	12480490	12487692	.	+	.	ID=gene-LOC101577431;Dbxref=GeneID:101577431;Name=LOC101577431;origin=liftoff;copy_num_ID=gene-LOC101577431_0;coverage=1.0;extra_copy_number=0;gbkey=Gene;gene=LOC101577431;gene_biotype=protein_coding;sequence_ID=1.0;valid_ORFs=0	LOC101577431	12480489	12487692	True
5864	258471	chr4	Liftoff	gene	12512936	12555912	.	+	.	ID=gene-LOC111814306;Dbxref=GeneID:111814306;Name=LOC111814306;origin=liftoff;copy_num_ID=gene-LOC111814306_0;coverage=0.924;extra_copy_number=0;gbkey=Gene;gene=LOC111814306;gene_biotype=lncRNA;sequence_ID=0.917	LOC111814306	12512935	12555912	True
5865	258490	chr4	Liftoff	gene	12520265	12530076	.	-	.	ID=gene-LOC111814307;Dbxref=GeneID:111814307;Name=LOC111814307;origin=liftoff;copy_num_ID=gene-LOC111814307_0;coverage=1.0;extra_copy_number=0;gbkey=Gene;gene=LOC111814307;gene_biotype=lncRNA;sequence_ID=0.993	LOC111814307	12520264	12530076	True
5903	259444	chr4	Liftoff	gene	14454896	14459103	.	-	.	ID=gene-LOC101566279;Dbxref=GeneID:101566279;Name=LOC101566279;origin=liftoff;copy_num_ID=gene-LOC101566279_0;coverage=1.0;extra_copy_number=0;gbkey=Gene;gene=LOC101566279;gene_biotype=protein_coding;sequence_ID=0.990;valid_ORFs=1	LOC101566279	14454895	14459103	True
5904	259452	chr4	Liftoff	gene	14521154	14521224	.	-	.	ID=gene-Trnag-gcc-13;Dbxref=GeneID:111814314;Name=Trnag-gcc-13;origin=liftoff;copy_num_ID=gene-Trnag-gcc-13_0;coverage=1.0;extra_copy_number=0;gbkey=Gene;gene=Trnag-gcc;gene_biotype=tRNA;sequence_ID=1.0	TRNAG-GCC-13	14521153	14521224	True
5905	259455	chr4	Liftoff	gene	14680472	14682755	.	+	.	ID=gene-LOC101581997;Dbxref=GeneID:101581997;Name=LOC101581997;origin=liftoff;copy_num_ID=gene-LOC101581997_0;coverage=1.0;extra_copy_number=0;gbkey=Gene;gene=LOC101581997;gene_biotype=protein_coding;sequence_ID=0.994;valid_ORFs=1	LOC101581997	14680471	14682755	True
5929	259718	chr4	Liftoff	gene	15771402	15785582	.	+	.	ID=gene-LOC101575249;Dbxref=GeneID:101575249;Name=LOC101575249;origin=liftoff;copy_num_ID=gene-LOC101575249_0;coverage=1.0;extra_copy_number=0;gbkey=Gene;gene=LOC101575249;gene_biotype=protein_coding;sequence_ID=0.985;valid_ORFs=0	LOC101575249	15771401	15785582	True
5930	259730	chr4	Liftoff	gene	15784410	15784516	.	+	.	ID=gene-LOC111815599;Dbxref=GeneID:111815599;Name=LOC111815599;origin=liftoff;copy_num_ID=gene-LOC111815599_0;coverage=1.0;extra_copy_number=0;gbkey=Gene;gene=LOC111815599;gene_biotype=snRNA;sequence_ID=1.0	LOC111815599	15784409	15784516	True
5948	260036	chr4	Liftoff	gene	16536465	16537394	.	+	.	ID=gene-LOC101574438;Dbxref=GeneID:101574438;Name=LOC101574438;origin=liftoff;copy_num_ID=gene-LOC101574438_0;coverage=1.0;extra_copy_number=0;gbkey=Gene;gene=LOC101574438;gene_biotype=protein_coding;sequence_ID=0.998;valid_ORFs=1	LOC101574438	16536464	16537394	True
5949	260040	chr4	Liftoff	gene	16650501	16651417	.	-	.	ID=gene-Snrpa-l1;Dbxref=GeneID:101578836;Name=Snrpa-l1;origin=rename;copy_num_ID=gene-LOC101578836_0;coverage=1.0;extra_copy_number=0;gbkey=Gene;gene=LOC101578836;gene_biotype=protein_coding;sequence_ID=1.0;valid_ORFs=2	SNRPA-L1	16650500	16651417	True
5950	260051	chr4	Liftoff	gene	16770608	16771543	.	-	.	ID=gene-LOC101576021;Dbxref=GeneID:101576021;Name=LOC101576021;origin=liftoff;copy_num_ID=gene-LOC101576021_0;coverage=1.0;extra_copy_number=0;gbkey=Gene;gene=LOC101576021;gene_biotype=protein_coding;sequence_ID=0.997;valid_ORFs=1	LOC101576021	16770607	16771543	True
5951	260055	chr4	Liftoff	gene	16836454	16837284	.	-	.	ID=gene-LOC105741448;Dbxref=GeneID:105741448;Name=LOC105741448;origin=liftoff;copy_num_ID=gene-LOC105741448_0;coverage=1.0;extra_copy_number=0;gbkey=Gene;gene=LOC105741448;gene_biotype=protein_coding;sequence_ID=1.0;valid_ORFs=1	LOC105741448	16836453	16837284	True
5958	260099	chr4	Liftoff	gene	17334940	17336642	.	-	.	ID=gene-LOC101583961;Dbxref=GeneID:101583961;Name=LOC101583961;origin=liftoff;copy_num_ID=gene-LOC101583961_0;coverage=1.0;extra_copy_number=0;gbkey=Gene;gene=LOC101583961;gene_biotype=protein_coding;sequence_ID=1.0;valid_ORFs=1	LOC101583961	17334939	17336642	True
5959	260104	chr4	Liftoff	gene	17385146	17386075	.	+	.	ID=gene-LOC111815166;Dbxref=GeneID:111815166;Name=LOC111815166;origin=liftoff;copy_num_ID=gene-LOC111815166_0;coverage=1.0;extra_copy_number=0;gbkey=Gene;gene=LOC111815166;gene_biotype=protein_coding;sequence_ID=0.997;valid_ORFs=1	LOC111815166	17385145	17386075	True
6068	264609	chr4	Liftoff	gene	34408504	34417054	.	+	.	ID=gene-Apol2;Dbxref=GeneID:101583668;Name=Apol2;origin=rename;copy_num_ID=gene-LOC101583668_0;coverage=1.0;extra_copy_number=0;gbkey=Gene;gene=LOC101583668;gene_biotype=protein_coding;sequence_ID=0.995;valid_ORFs=1	APOL2	34408503	34417054	True
6069	264621	chr4	Liftoff	gene	34500404	34508474	.	+	.	ID=gene-Apol3;Dbxref=GeneID:101585607;Name=Apol3;origin=rename;copy_num_ID=gene-LOC101585607_0;coverage=1.0;extra_copy_number=0;gbkey=Gene;gene=LOC101585607;gene_biotype=protein_coding;sequence_ID=0.997;valid_ORFs=1	APOL3	34500403	34508474	True
6070	264629	chr4	Liftoff	gene	34567849	34588295	.	+	.	ID=gene-Apol3-l3;Dbxref=GeneID:101586003;Name=Apol3-l3;origin=rename;copy_num_ID=gene-LOC101586003_0;coverage=1.0;extra_copy_number=0;gbkey=Gene;gene=LOC101586003;gene_biotype=protein_coding;sequence_ID=0.994;valid_ORFs=1	APOL3-L3	34567848	34588295	True
6071	264643	chr4	Liftoff	gene	34595002	34595106	.	-	.	ID=gene-LOC111817631;Dbxref=GeneID:111817631;Name=LOC111817631;origin=liftoff;copy_num_ID=gene-LOC111817631_0;coverage=1.0;extra_copy_number=0;gbkey=Gene;gene=LOC111817631;gene_biotype=snoRNA;sequence_ID=0.990	LOC111817631	34595001	34595106	True
6072	264646	chr4	Liftoff	gene	34605072	34618824	.	+	.	ID=gene-Apol3-l4;Dbxref=GeneID:101586806;Name=Apol3-l4;origin=rename;copy_num_ID=gene-LOC101586806_0;coverage=1.0;extra_copy_number=0;gbkey=Gene;gene=LOC101586806;gene_biotype=protein_coding;sequence_ID=1.0;valid_ORFs=3	APOL3-L4	34605071	34618824	True
6073	264682	chr4	Liftoff	gene	34630686	34642132	.	-	.	ID=gene-Apol3-l5;Dbxref=GeneID:101587202;Name=Apol3-l5;origin=rename;copy_num_ID=gene-LOC101587202_0;coverage=0.998;extra_copy_number=0;gbkey=Gene;gene=LOC101587202;gene_biotype=protein_coding;sequence_ID=0.997;valid_ORFs=1	APOL3-L5	34630685	34642132	True
6074	264692	chr4	Liftoff	gene	34756366	34758668	.	-	.	ID=gene-Apol3-l6;Dbxref=GeneID:101589956;Name=Apol3-l6;origin=rename;copy_num_ID=gene-LOC101589956_0;coverage=0.999;extra_copy_number=0;gbkey=Gene;gene=LOC101589956;gene_biotype=protein_coding;sequence_ID=0.999;valid_ORFs=1	APOL3-L6	34756365	34758668	True
6075	264699	chr4	Liftoff	gene	34776761	34867430	.	-	.	ID=gene-Myh9;Dbxref=GeneID:101576503;Name=Myh9;origin=liftoff;copy_num_ID=gene-Myh9_0;coverage=1.0;extra_copy_number=0;gbkey=Gene;gene=Myh9;gene_biotype=protein_coding;sequence_ID=0.999;valid_ORFs=1	MYH9	34776760	34867430	True
6085	265021	chr4	Liftoff	gene	35375867	35399397	.	+	.	ID=gene-Csf2rb;Dbxref=GeneID:101590739;Name=Csf2rb;origin=liftoff;copy_num_ID=gene-Csf2rb_0;coverage=0.999;extra_copy_number=0;gbkey=Gene;gene=Csf2rb;gene_biotype=protein_coding;sequence_ID=0.997;valid_ORFs=2	CSF2RB	35375866	35399397	True
6086	265084	chr4	Liftoff	gene	35405616	35419642	.	-	.	ID=gene-Csf2rb-l1;Dbxref=GeneID:101591138;Name=Csf2rb-l1;origin=rename;copy_num_ID=gene-LOC101591138_0;coverage=1.0;extra_copy_number=0;gbkey=Gene;gene=LOC101591138;gene_biotype=protein_coding;sequence_ID=0.996;valid_ORFs=1	CSF2RB-L1	35405615	35419642	True
6209	269690	chr4	Liftoff	gene	40865982	40974750	.	-	.	ID=gene-LOC101583724;Dbxref=GeneID:101583724;Name=LOC101583724;origin=liftoff;copy_num_ID=gene-LOC101583724_0;coverage=1.0;extra_copy_number=0;gbkey=Gene;gene=LOC101583724;gene_biotype=protein_coding;sequence_ID=0.992;valid_ORFs=1	LOC101583724	40865981	40974750	True
6211	269731	chr4	Liftoff	gene	40915630	40919852	.	+	.	ID=gene-Cyp2d16;Dbxref=GeneID:101589088;Name=Cyp2d16;origin=rename;copy_num_ID=gene-LOC101589088_0;coverage=1.0;extra_copy_number=0;gbkey=Gene;gene=LOC101589088;gene_biotype=protein_coding;sequence_ID=0.983;valid_ORFs=1	CYP2D16	40915629	40919852	True
6212	269753	chr4	Liftoff	gene	40931766	40935893	.	-	.	ID=gene-Cyp2d16-l1;Dbxref=GeneID:101589477;Name=Cyp2d16-l1;origin=rename;copy_num_ID=gene-LOC101589477_0;coverage=1.0;extra_copy_number=0;gbkey=Gene;gene=LOC101589477;gene_biotype=protein_coding;sequence_ID=0.994;valid_ORFs=1	CYP2D16-L1	40931765	40935893	True
6213	269775	chr4	Liftoff	gene	40984546	40985088	.	-	.	ID=gene-LOC111814913;Dbxref=GeneID:111814913;Name=LOC111814913;origin=liftoff;copy_num_ID=gene-LOC111814913_0;coverage=1.0;end_range=7377,.;extra_copy_number=0;gbkey=Gene;gene=LOC111814913;gene_biotype=protein_coding;partial=true;sequence_ID=0.994;start_range=.,6835;valid_ORFs=0	LOC111814913	40984545	40985088	True
6214	269781	chr4	Liftoff	gene	40990792	40996824	.	-	.	ID=gene-Cyp2d4-l1;Dbxref=GeneID:101589870;Name=Cyp2d4-l1;origin=rename;copy_num_ID=gene-LOC101589870_0;coverage=1.0;extra_copy_number=0;gbkey=Gene;gene=LOC101589870;gene_biotype=protein_coding;sequence_ID=0.996;valid_ORFs=1	CYP2D4-L1	40990791	40996824	True
6316	275328	chr4	AUGUSTUS	gene	47369578	47386422	.	-	.	ID=gene-Fads2-dl1;Name=Fads2-dl1;origin=de_novo	FADS2-DL1	47369577	47386422	True
6317	275369	chr4	AUGUSTUS	gene	47453963	47454589	.	+	.	ID=gene-Rpl7-dl6;Name=Rpl7-dl6;origin=de_novo	RPL7-DL6	47453962	47454589	True
6385	278208	chr4	Liftoff	gene	48753357	48770281	.	+	.	ID=gene-Fads2;Dbxref=GeneID:101564700;Name=Fads2;origin=liftoff;copy_num_ID=gene-Fads2_0;coverage=1.0;extra_copy_number=0;gbkey=Gene;gene=Fads2;gene_biotype=protein_coding;sequence_ID=0.998;valid_ORFs=1	FADS2	48753356	48770281	True
6386	278236	chr4	Liftoff	gene	48772109	48782643	.	-	.	ID=gene-Fads3;Dbxref=GeneID:101565082;Name=Fads3;origin=liftoff;copy_num_ID=gene-Fads3_0;coverage=1.0;extra_copy_number=0;gbkey=Gene;gene=Fads3;gene_biotype=protein_coding;sequence_ID=0.995;valid_ORFs=2	FADS3	48772108	48782643	True
6406	278880	chr4	Liftoff	gene	49378597	49378756	.	-	.	ID=gene-LOC111814197;Dbxref=GeneID:111814197;Name=LOC111814197;origin=liftoff;copy_num_ID=gene-LOC111814197_0;coverage=1.0;extra_copy_number=0;gbkey=Gene;gene=LOC111814197;gene_biotype=snRNA;sequence_ID=0.993	LOC111814197	49378596	49378756	True
6407	278883	chr4	Liftoff	gene	49411287	49439808	.	-	.	ID=gene-Ms4a12;Dbxref=GeneID:101590061;Name=Ms4a12;origin=rename;copy_num_ID=gene-LOC101590061_0;coverage=1.0;extra_copy_number=0;gbkey=Gene;gene=LOC101590061;gene_biotype=protein_coding;sequence_ID=0.999;valid_ORFs=2	MS4A12	49411286	49439808	True
6411	278976	chr4	AUGUSTUS	gene	49550812	49561185	.	-	.	ID=gene-Ms4a4d;Name=Ms4a4d;origin=de_novo	MS4A4D	49550811	49561185	True
6412	278998	chr4	AUGUSTUS	gene	49654890	49672371	.	+	.	ID=gene-Ms4a4a-dl1;Name=Ms4a4a-dl1;origin=de_novo	MS4A4A-DL1	49654889	49672371	True
6413	279017	chr4	Liftoff	gene	49667542	49672321	.	+	.	ID=gene-LOC111814254;Dbxref=GeneID:111814254;Name=LOC111814254;origin=liftoff;copy_num_ID=gene-LOC111814254_0;coverage=1.0;extra_copy_number=0;gbkey=Gene;gene=LOC111814254;gene_biotype=lncRNA;sequence_ID=0.995	LOC111814254	49667541	49672321	True
6414	279027	chr4	AUGUSTUS	gene	49697727	49700607	.	+	.	ID=gene-Ms4a4d-dl1;Name=Ms4a4d-dl1;origin=de_novo	MS4A4D-DL1	49697726	49700607	True
6439	279468	chr4	Liftoff	gene	51029340	51030269	.	+	.	ID=gene-LOC101568146;Dbxref=GeneID:101568146;Name=LOC101568146;origin=liftoff;copy_num_ID=gene-LOC101568146_0;coverage=1.0;extra_copy_number=0;gbkey=Gene;gene=LOC101568146;gene_biotype=protein_coding;sequence_ID=0.996;valid_ORFs=1	LOC101568146	51029339	51030269	True
6440	279472	chr4	Liftoff	gene	51066436	51067365	.	+	.	ID=gene-LOC101567749;Dbxref=GeneID:101567749;Name=LOC101567749;origin=liftoff;copy_num_ID=gene-LOC101567749_0;coverage=1.0;extra_copy_number=0;gbkey=Gene;gene=LOC101567749;gene_biotype=protein_coding;sequence_ID=0.986;valid_ORFs=1	LOC101567749	51066435	51067365	True
6441	279476	chr4	Liftoff	gene	51090314	51091243	.	+	.	ID=gene-LOC101567342;Dbxref=GeneID:101567342;Name=LOC101567342;origin=liftoff;copy_num_ID=gene-LOC101567342_0;coverage=1.0;extra_copy_number=0;gbkey=Gene;gene=LOC101567342;gene_biotype=protein_coding;sequence_ID=0.989;valid_ORFs=1	LOC101567342	51090313	51091243	True
6454	279583	chr4	Liftoff	gene	51284008	51294251	.	+	.	ID=gene-Dtx4;Dbxref=GeneID:101564967;Name=Dtx4;origin=liftoff;copy_num_ID=gene-Dtx4_0;coverage=0.977;extra_copy_number=0;gbkey=Gene;gene=Dtx4;gene_biotype=protein_coding;sequence_ID=0.966;valid_ORFs=1	DTX4	51284007	51294251	True
6455	279594	chr4	Liftoff	gene	51298077	51300520	.	-	.	ID=gene-Mpeg1;Dbxref=GeneID:101564587;Name=Mpeg1;origin=liftoff;copy_num_ID=gene-Mpeg1_0;coverage=1.0;extra_copy_number=0;gbkey=Gene;gene=Mpeg1;gene_biotype=protein_coding;sequence_ID=0.987;valid_ORFs=1	MPEG1	51298076	51300520	True
6456	279602	chr4	Liftoff	gene	51344505	51348148	.	-	.	ID=gene-LOC101564181;Dbxref=GeneID:101564181;Name=LOC101564181;origin=liftoff;copy_num_ID=gene-LOC101564181_0;coverage=1.0;extra_copy_number=0;gbkey=Gene;gene=LOC101564181;gene_biotype=protein_coding;sequence_ID=0.989;valid_ORFs=1	LOC101564181	51344504	51348148	True
6464	279641	chr4	Liftoff	gene	51618069	51630518	.	-	.	ID=gene-Dtx4-l1;Dbxref=GeneID:101576609;Name=Dtx4-l1;origin=rename;copy_num_ID=gene-LOC101576609_0;coverage=1.0;extra_copy_number=0;gbkey=Gene;gene=LOC101576609;gene_biotype=protein_coding;sequence_ID=0.996;valid_ORFs=0	DTX4-L1	51618068	51630518	True
6465	279656	chr4	Liftoff	gene	51645113	51652524	.	-	.	ID=gene-Fam111a;Dbxref=GeneID:111813918;Name=Fam111a;origin=rename;copy_num_ID=gene-LOC111813918_0;coverage=1.0;extra_copy_number=0;gbkey=Gene;gene=LOC111813918;gene_biotype=protein_coding;sequence_ID=0.997;valid_ORFs=1	FAM111A	51645112	51652524	True
6466	279665	chr4	Liftoff	gene	51660157	51689129	.	-	.	ID=gene-LOC101575808;Dbxref=GeneID:101575808;Name=LOC101575808;origin=liftoff;copy_num_ID=gene-LOC101575808_0;coverage=1.0;extra_copy_number=0;gbkey=Gene;gene=LOC101575808;gene_biotype=protein_coding;sequence_ID=0.997;valid_ORFs=2	LOC101575808	51660156	51689129	True
6467	279699	chr4	Liftoff	gene	51704132	51709868	.	-	.	ID=gene-LOC101575421;Dbxref=GeneID:101575421;Name=LOC101575421;origin=liftoff;copy_num_ID=gene-LOC101575421_0;coverage=0.999;extra_copy_number=0;gbkey=Gene;gene=LOC101575421;gene_biotype=protein_coding;sequence_ID=0.989;valid_ORFs=1	LOC101575421	51704131	51709868	True
6471	279841	chr4	Liftoff	gene	51781128	51782069	.	+	.	ID=gene-LOC101575021;Dbxref=GeneID:101575021;Name=LOC101575021;origin=liftoff;copy_num_ID=gene-LOC101575021_0;coverage=1.0;extra_copy_number=0;gbkey=Gene;gene=LOC101575021;gene_biotype=protein_coding;sequence_ID=0.994;valid_ORFs=1	LOC101575021	51781127	51782069	True
6472	279846	chr4	Liftoff	gene	51790473	51791148	.	+	.	ID=gene-Fcf1-l2;Dbxref=GeneID:101568802;Name=Fcf1-l2;origin=rename;copy_num_ID=gene-LOC101568802_0;coverage=1.0;extra_copy_number=0;gbkey=Gene;gene=LOC101568802;gene_biotype=protein_coding;sequence_ID=1.0;valid_ORFs=1	FCF1-L2	51790472	51791148	True
6473	279852	chr4	Liftoff	gene	51815797	51816738	.	+	.	ID=gene-LOC101574621;Dbxref=GeneID:101574621;Name=LOC101574621;origin=liftoff;copy_num_ID=gene-LOC101574621_0;coverage=0.998;extra_copy_number=0;gbkey=Gene;gene=LOC101574621;gene_biotype=protein_coding;sequence_ID=0.989;valid_ORFs=0	LOC101574621	51815796	51816738	True
6474	279859	chr4	Liftoff	gene	51877014	51877958	.	+	.	ID=gene-LOC101574223;Dbxref=GeneID:101574223;Name=LOC101574223;origin=liftoff;copy_num_ID=gene-LOC101574223_0;coverage=1.0;extra_copy_number=0;gbkey=Gene;gene=LOC101574223;gene_biotype=protein_coding;sequence_ID=0.992;valid_ORFs=1	LOC101574223	51877013	51877958	True
6588	281663	chr4	Liftoff	gene	54642933	54649017	.	-	.	ID=gene-LOC101570378;Dbxref=GeneID:101570378;Name=LOC101570378;origin=liftoff;copy_num_ID=gene-LOC101570378_0;coverage=1.0;extra_copy_number=0;gbkey=Gene;gene=LOC101570378;gene_biotype=protein_coding;sequence_ID=0.988;valid_ORFs=1	LOC101570378	54642932	54649017	True
6593	281690	chr4	Liftoff	gene	56233817	56234755	.	-	.	ID=gene-LOC101574926;Dbxref=GeneID:101574926;Name=LOC101574926;origin=liftoff;copy_num_ID=gene-LOC101574926_0;coverage=1.0;extra_copy_number=0;gbkey=Gene;gene=LOC101574926;gene_biotype=protein_coding;sequence_ID=0.995;valid_ORFs=1	LOC101574926	56233816	56234755	True
6594	281695	chr4	Liftoff	gene	56311717	56312637	.	+	.	ID=gene-LOC101592055;Dbxref=GeneID:101592055;Name=LOC101592055;origin=liftoff;copy_num_ID=gene-LOC101592055_0;coverage=1.0;extra_copy_number=0;gbkey=Gene;gene=LOC101592055;gene_biotype=protein_coding;sequence_ID=0.991;valid_ORFs=1	LOC101592055	56311716	56312637	True
6606	281749	chr4	Liftoff	gene	57967328	57968293	.	+	.	ID=gene-LOC101575967;Dbxref=GeneID:101575967;Name=LOC101575967;origin=liftoff;copy_num_ID=gene-LOC101575967_0;coverage=1.0;extra_copy_number=0;gbkey=Gene;gene=LOC101575967;gene_biotype=protein_coding;sequence_ID=0.994;valid_ORFs=1	LOC101575967	57967327	57968293	True
6607	281753	chr4	Liftoff	gene	57976310	57977251	.	+	.	ID=gene-LOC101576364;Dbxref=GeneID:101576364;Name=LOC101576364;origin=liftoff;copy_num_ID=gene-LOC101576364_0;coverage=1.0;extra_copy_number=0;gbkey=Gene;gene=LOC101576364;gene_biotype=protein_coding;sequence_ID=0.992;valid_ORFs=1	LOC101576364	57976309	57977251	True
6608	281757	chr4	Liftoff	gene	58036506	58037138	.	+	.	ID=gene-LOC101577176;Dbxref=GeneID:101577176;Name=LOC101577176;origin=liftoff;copy_num_ID=gene-LOC101577176_0;coverage=1.0;extra_copy_number=0;gbkey=Gene;gene=LOC101577176;gene_biotype=protein_coding;partial=true;sequence_ID=1.0;start_range=.,270288;valid_ORFs=0	LOC101577176	58036505	58037138	True
6609	281761	chr4	Liftoff	gene	58088903	58089833	.	-	.	ID=gene-LOC101577582;Dbxref=GeneID:101577582;Name=LOC101577582;origin=liftoff;copy_num_ID=gene-LOC101577582_0;coverage=1.0;extra_copy_number=0;gbkey=Gene;gene=LOC101577582;gene_biotype=protein_coding;sequence_ID=0.991;valid_ORFs=0	LOC101577582	58088902	58089833	True
6610	281765	chr4	Liftoff	gene	58144869	58145780	.	-	.	ID=gene-LOC101572020;Dbxref=GeneID:101572020;Name=LOC101572020;origin=liftoff;copy_num_ID=gene-LOC101572020_0;coverage=1.0;extra_copy_number=0;gbkey=Gene;gene=LOC101572020;gene_biotype=protein_coding;sequence_ID=0.990;valid_ORFs=1	LOC101572020	58144868	58145780	True
6611	281769	chr4	Liftoff	gene	58187066	58187989	.	-	.	ID=gene-LOC101576235;Dbxref=GeneID:101576235;Name=LOC101576235;origin=liftoff;copy_num_ID=gene-LOC101576235_0;coverage=1.0;extra_copy_number=0;gbkey=Gene;gene=LOC101576235;gene_biotype=protein_coding;sequence_ID=0.984;valid_ORFs=1	LOC101576235	58187065	58187989	True
6612	281774	chr4	Liftoff	gene	58441631	58442572	.	-	.	ID=gene-LOC101572158;Dbxref=GeneID:101572158;Name=LOC101572158;origin=liftoff;copy_num_ID=gene-LOC101572158_0;coverage=1.0;extra_copy_number=0;gbkey=Gene;gene=LOC101572158;gene_biotype=protein_coding;sequence_ID=0.992;valid_ORFs=1	LOC101572158	58441630	58442572	True
6614	281782	chr4	Liftoff	gene	58734648	58735542	.	+	.	ID=gene-LOC101561926;Dbxref=GeneID:101561926;Name=LOC101561926;origin=liftoff;copy_num_ID=gene-LOC101561926_0;coverage=1.0;extra_copy_number=0;gbkey=Gene;gene=LOC101561926;gene_biotype=protein_coding;sequence_ID=0.971;valid_ORFs=0	LOC101561926	58734647	58735542	True
6617	281798	chr4	Liftoff	gene	58849480	58850412	.	-	.	ID=gene-LOC101583399;Dbxref=GeneID:101583399;Name=LOC101583399;origin=liftoff;copy_num_ID=gene-LOC101583399_0;coverage=1.0;extra_copy_number=0;gbkey=Gene;gene=LOC101583399;gene_biotype=protein_coding;sequence_ID=0.991;valid_ORFs=1	LOC101583399	58849479	58850412	True
6618	281802	chr4	Liftoff	gene	58901404	58902351	.	-	.	ID=gene-LOC101583793;Dbxref=GeneID:101583793;Name=LOC101583793;origin=liftoff;copy_num_ID=gene-LOC101583793_0;coverage=1.0;extra_copy_number=0;gbkey=Gene;gene=LOC101583793;gene_biotype=protein_coding;sequence_ID=0.981;valid_ORFs=1	LOC101583793	58901403	58902351	True
6619	281807	chr4	Liftoff	gene	58944934	58945872	.	-	.	ID=gene-LOC101584170;Dbxref=GeneID:101584170;Name=LOC101584170;origin=liftoff;copy_num_ID=gene-LOC101584170_0;coverage=1.0;extra_copy_number=0;gbkey=Gene;gene=LOC101584170;gene_biotype=protein_coding;sequence_ID=0.998;valid_ORFs=1	LOC101584170	58944933	58945872	True
6620	281811	chr4	Liftoff	gene	59093602	59094345	.	-	.	ID=gene-LOC101567491;Dbxref=GeneID:101567491;Name=LOC101567491;origin=liftoff;copy_num_ID=gene-LOC101567491_0;coverage=1.0;extra_copy_number=0;gbkey=Gene;gene=LOC101567491;gene_biotype=protein_coding;partial=true;sequence_ID=0.994;start_range=.,114231;valid_ORFs=0	LOC101567491	59093601	59094345	True
6621	281815	chr4	Liftoff	gene	59120329	59128994	.	+	.	ID=gene-LOC101568689;Dbxref=GeneID:101568689;Name=LOC101568689;origin=liftoff;copy_num_ID=gene-LOC101568689_0;coverage=0.998;extra_copy_number=0;gbkey=Gene;gene=LOC101568689;gene_biotype=protein_coding;sequence_ID=0.992;valid_ORFs=0	LOC101568689	59120328	59128994	True
6622	281821	chr4	Liftoff	gene	59138578	59138684	.	-	.	ID=gene-LOC111814768;Dbxref=GeneID:111814768;Name=LOC111814768;origin=liftoff;copy_num_ID=gene-LOC111814768_0;coverage=1.0;extra_copy_number=0;gbkey=Gene;gene=LOC111814768;gene_biotype=snRNA;sequence_ID=0.981	LOC111814768	59138577	59138684	True
6623	281824	chr4	Liftoff	gene	59140976	59141908	.	-	.	ID=gene-LOC101568282;Dbxref=GeneID:101568282;Name=LOC101568282;origin=liftoff;copy_num_ID=gene-LOC101568282_0;coverage=1.0;extra_copy_number=0;gbkey=Gene;gene=LOC101568282;gene_biotype=protein_coding;sequence_ID=0.993;valid_ORFs=1	LOC101568282	59140975	59141908	True
6624	281828	chr4	Liftoff	gene	59180024	59180962	.	-	.	ID=gene-LOC101567891;Dbxref=GeneID:101567891;Name=LOC101567891;origin=liftoff;copy_num_ID=gene-LOC101567891_0;coverage=1.0;extra_copy_number=0;gbkey=Gene;gene=LOC101567891;gene_biotype=protein_coding;sequence_ID=0.995;valid_ORFs=1	LOC101567891	59180023	59180962	True
6625	281833	chr4	Liftoff	gene	59260686	59261630	.	-	.	ID=gene-LOC101572948;Dbxref=GeneID:101572948;Name=LOC101572948;origin=liftoff;copy_num_ID=gene-LOC101572948_0;coverage=1.0;extra_copy_number=0;gbkey=Gene;gene=LOC101572948;gene_biotype=protein_coding;sequence_ID=0.998;valid_ORFs=1	LOC101572948	59260685	59261630	True
6626	281838	chr4	Liftoff	gene	59326317	59327319	.	-	.	ID=gene-LOC101562612;Dbxref=GeneID:101562612;Name=LOC101562612;origin=liftoff;copy_num_ID=gene-LOC101562612_0;coverage=1.0;extra_copy_number=0;gbkey=Gene;gene=LOC101562612;gene_biotype=protein_coding;sequence_ID=0.999;valid_ORFs=1	LOC101562612	59326316	59327319	True
6627	281843	chr4	Liftoff	gene	59361771	59362697	.	-	.	ID=gene-LOC101563413;Dbxref=GeneID:101563413;Name=LOC101563413;origin=liftoff;copy_num_ID=gene-LOC101563413_0;coverage=0.984;extra_copy_number=0;gbkey=Gene;gene=LOC101563413;gene_biotype=protein_coding;sequence_ID=0.975;valid_ORFs=1	LOC101563413	59361770	59362697	True
6628	281850	chr4	Liftoff	gene	59374297	59374757	.	-	.	ID=gene-LOC101563806;Dbxref=GeneID:101563806;Name=LOC101563806;origin=liftoff;copy_num_ID=gene-LOC101563806_0;coverage=0.517;extra_copy_number=0;gbkey=Gene;gene=LOC101563806;gene_biotype=protein_coding;sequence_ID=0.517;valid_ORFs=0	LOC101563806	59374296	59374757	True
6629	281854	chr4	Liftoff	gene	59449230	59450147	.	+	.	ID=gene-LOC101564198;Dbxref=GeneID:101564198;Name=LOC101564198;origin=liftoff;copy_num_ID=gene-LOC101564198_0;coverage=1.0;extra_copy_number=0;gbkey=Gene;gene=LOC101564198;gene_biotype=protein_coding;sequence_ID=0.998;valid_ORFs=1	LOC101564198	59449229	59450147	True
6630	281858	chr4	Liftoff	gene	59513849	59514760	.	+	.	ID=gene-LOC101587192;Dbxref=GeneID:101587192;Name=LOC101587192;origin=liftoff;copy_num_ID=gene-LOC101587192_0;coverage=1.0;extra_copy_number=0;gbkey=Gene;gene=LOC101587192;gene_biotype=protein_coding;sequence_ID=0.998;valid_ORFs=1	LOC101587192	59513848	59514760	True
6639	281898	chr4	Liftoff	gene	59693061	59697215	.	+	.	ID=gene-LOC101588364;Dbxref=GeneID:101588364;Name=LOC101588364;origin=liftoff;copy_num_ID=gene-LOC101588364_0;coverage=1.0;extra_copy_number=0;gbkey=Gene;gene=LOC101588364;gene_biotype=protein_coding;sequence_ID=0.991;valid_ORFs=1	LOC101588364	59693060	59697215	True
6640	281904	chr4	Liftoff	gene	59738903	59739844	.	+	.	ID=gene-LOC101560080;Dbxref=GeneID:101560080;Name=LOC101560080;origin=liftoff;copy_num_ID=gene-LOC101560080_0;coverage=1.0;extra_copy_number=0;gbkey=Gene;gene=LOC101560080;gene_biotype=protein_coding;sequence_ID=0.991;valid_ORFs=1	LOC101560080	59738902	59739844	True
6641	281908	chr4	Liftoff	gene	59771593	59773805	.	+	.	ID=gene-LOC101560471;Dbxref=GeneID:101560471;Name=LOC101560471;origin=liftoff;copy_num_ID=gene-LOC101560471_0;coverage=1.0;extra_copy_number=0;gbkey=Gene;gene=LOC101560471;gene_biotype=protein_coding;sequence_ID=0.988;valid_ORFs=1	LOC101560471	59771592	59773805	True
6644	281925	chr4	Liftoff	gene	59897276	59898199	.	+	.	ID=gene-LOC101561266;Dbxref=GeneID:101561266;Name=LOC101561266;origin=liftoff;copy_num_ID=gene-LOC101561266_0;coverage=1.0;extra_copy_number=0;gbkey=Gene;gene=LOC101561266;gene_biotype=protein_coding;sequence_ID=0.991;valid_ORFs=1	LOC101561266	59897275	59898199	True
6645	281930	chr4	Liftoff	gene	59932744	59933676	.	+	.	ID=gene-LOC101561664;Dbxref=GeneID:101561664;Name=LOC101561664;origin=liftoff;copy_num_ID=gene-LOC101561664_0;coverage=1.0;extra_copy_number=0;gbkey=Gene;gene=LOC101561664;gene_biotype=protein_coding;sequence_ID=0.997;valid_ORFs=1	LOC101561664	59932743	59933676	True
6646	281935	chr4	Liftoff	gene	59985434	59986378	.	+	.	ID=gene-LOC101562459;Dbxref=GeneID:101562459;Name=LOC101562459;origin=liftoff;copy_num_ID=gene-LOC101562459_0;coverage=1.0;extra_copy_number=0;gbkey=Gene;gene=LOC101562459;gene_biotype=protein_coding;sequence_ID=0.998;valid_ORFs=1	LOC101562459	59985433	59986378	True
6647	281939	chr4	Liftoff	gene	60037871	60038797	.	+	.	ID=gene-LOC101563262;Dbxref=GeneID:101563262;Name=LOC101563262;origin=liftoff;copy_num_ID=gene-LOC101563262_0;coverage=1.0;extra_copy_number=0;gbkey=Gene;gene=LOC101563262;gene_biotype=protein_coding;sequence_ID=1.0;valid_ORFs=1	LOC101563262	60037870	60038797	True
6661	282015	chr4	Liftoff	gene	60400083	60401012	.	+	.	ID=gene-LOC101567624;Dbxref=GeneID:101567624;Name=LOC101567624;origin=liftoff;copy_num_ID=gene-LOC101567624_0;coverage=1.0;extra_copy_number=0;gbkey=Gene;gene=LOC101567624;gene_biotype=protein_coding;sequence_ID=1.0;valid_ORFs=1	LOC101567624	60400082	60401012	True
6663	282023	chr4	Liftoff	gene	60495103	60496026	.	+	.	ID=gene-LOC101569609;Dbxref=GeneID:101569609;Name=LOC101569609;origin=liftoff;copy_num_ID=gene-LOC101569609_0;coverage=1.0;extra_copy_number=0;gbkey=Gene;gene=LOC101569609;gene_biotype=protein_coding;sequence_ID=0.995;valid_ORFs=1	LOC101569609	60495102	60496026	True
6664	282028	chr4	Liftoff	gene	60541535	60542455	.	+	.	ID=gene-LOC101570009;Dbxref=GeneID:101570009;Name=LOC101570009;origin=liftoff;copy_num_ID=gene-LOC101570009_0;coverage=1.0;extra_copy_number=0;gbkey=Gene;gene=LOC101570009;gene_biotype=protein_coding;sequence_ID=0.992;valid_ORFs=1	LOC101570009	60541534	60542455	True
6802	289254	chr4	Liftoff	gene	76035748	76037989	.	+	.	ID=gene-LOC101567024;Dbxref=GeneID:101567024;Name=LOC101567024;origin=liftoff;copy_num_ID=gene-LOC101567024_0;coverage=1.0;extra_copy_number=0;gbkey=Gene;gene=LOC101567024;gene_biotype=protein_coding;sequence_ID=0.993;valid_ORFs=0	LOC101567024	76035747	76037989	True
6803	289262	chr4	Liftoff	gene	76115421	76200650	.	-	.	ID=gene-LOC101580164;Dbxref=GeneID:101580164;Name=LOC101580164;origin=liftoff;copy_num_ID=gene-LOC101580164_0;coverage=1.0;extra_copy_number=0;gbkey=Gene;gene=LOC101580164;gene_biotype=protein_coding;sequence_ID=0.890;valid_ORFs=1	LOC101580164	76115420	76200650	True
6804	289274	chr4	Liftoff	gene	76124589	76126158	.	-	.	ID=gene-Plekhf1-l1;Dbxref=GeneID:101566622;Name=Plekhf1-l1;origin=rename;copy_num_ID=gene-LOC101566622_0;coverage=1.0;extra_copy_number=0;gbkey=Gene;gene=LOC101566622;gene_biotype=protein_coding;sequence_ID=0.996;valid_ORFs=1	PLEKHF1-L1	76124588	76126158	True
6829	290611	chr4	Liftoff	gene	77328046	77372282	.	-	.	ID=gene-Nap1l4;Dbxref=GeneID:101575120;Name=Nap1l4;origin=liftoff;copy_num_ID=gene-Nap1l4_0;coverage=1.0;extra_copy_number=0;gbkey=Gene;gene=Nap1l4;gene_biotype=protein_coding;sequence_ID=0.989;valid_ORFs=4	NAP1L4	77328045	77372282	True
7063	305809	chr4	Liftoff	gene	87016201	87075080	.	-	.	ID=gene-Slc35d2;Dbxref=GeneID:101565717;Name=Slc35d2;origin=liftoff;copy_num_ID=gene-Slc35d2_0;coverage=0.998;extra_copy_number=0;gbkey=Gene;gene=Slc35d2;gene_biotype=protein_coding;sequence_ID=0.992;valid_ORFs=7	SLC35D2	87016200	87075080	True
7070	306439	chr4	Liftoff	gene	87545859	87598692	.	+	.	ID=gene-LOC111813357;Dbxref=GeneID:111813357;Name=LOC111813357;origin=liftoff;copy_num_ID=gene-LOC111813357_0;coverage=1.0;extra_copy_number=0;gbkey=Gene;gene=LOC111813357;gene_biotype=lncRNA;sequence_ID=0.976	LOC111813357	87545858	87598692	True
7083	306634	chr4	Liftoff	gene	88457150	88468936	.	-	.	ID=gene-LOC111814817;Dbxref=GeneID:111814817;Name=LOC111814817;origin=liftoff;copy_num_ID=gene-LOC111814817_0;coverage=1.0;extra_copy_number=0;gbkey=Gene;gene=LOC111814817;gene_biotype=lncRNA;sequence_ID=0.974	LOC111814817	88457149	88468936	True
7084	306639	chr4	Liftoff	gene	88804894	88807573	.	-	.	ID=gene-LOC101578816;Dbxref=GeneID:101578816;Name=LOC101578816;origin=liftoff;copy_num_ID=gene-LOC101578816_0;coverage=0.998;end_range=10473067,.;extra_copy_number=0;gbkey=Gene;gene=LOC101578816;gene_biotype=protein_coding;partial=true;sequence_ID=0.994;valid_ORFs=0	LOC101578816	88804893	88807573	True
7085	306643	chr4	Liftoff	gene	88813756	88839528	.	+	.	ID=gene-LOC111818739;Dbxref=GeneID:111818739;Name=LOC111818739;origin=liftoff;copy_num_ID=gene-LOC111818739_0;coverage=1.0;extra_copy_number=0;gbkey=Gene;gene=LOC111818739;gene_biotype=lncRNA;sequence_ID=1.0	LOC111818739	88813755	88839528	True
7097	306805	chr4	Liftoff	gene	89892583	89966770	.	-	.	ID=gene-Iars;Dbxref=GeneID:101574032;Name=Iars;origin=liftoff;copy_num_ID=gene-Iars_0;coverage=0.991;extra_copy_number=0;gbkey=Gene;gene=Iars;gene_biotype=protein_coding;sequence_ID=0.990;valid_ORFs=0	IARS	89892582	89966770	True
7119	308159	chr4	Liftoff	gene	91554568	91651038	.	+	.	ID=gene-Ptpdc1;Dbxref=GeneID:101588368;Name=Ptpdc1;origin=liftoff;copy_num_ID=gene-Ptpdc1_0;coverage=1.0;extra_copy_number=0;gbkey=Gene;gene=Ptpdc1;gene_biotype=protein_coding;sequence_ID=0.999;valid_ORFs=4	PTPDC1	91554567	91651038	True
7120	308245	chr4	Liftoff	gene	91927050	91931603	.	-	.	ID=gene-LOC111814755;Dbxref=GeneID:111814755;Name=LOC111814755;origin=liftoff;copy_num_ID=gene-LOC111814755_0;coverage=1.0;end_range=258357,.;extra_copy_number=0;gbkey=Gene;gene=LOC111814755;gene_biotype=protein_coding;partial=true;sequence_ID=0.987;valid_ORFs=0	LOC111814755	91927049	91931603	True
7121	308258	chr4	AUGUSTUS	gene	93885937	93890750	.	+	.	ID=gene-Nutm2;Name=Nutm2;origin=de_novo	NUTM2	93885936	93890750	True
7122	308283	chr4	AUGUSTUS	gene	94105135	94107986	.	+	.	ID=gene-Gfm1-dl1;Name=Gfm1-dl1;origin=de_novo	GFM1-DL1	94105134	94107986	True
7150	309240	chr4	AUGUSTUS	gene	99403254	99404150	.	+	.	ID=gene-Nifk-dl4;Name=Nifk-dl4;origin=de_novo	NIFK-DL4	99403253	99404150	True
7151	309247	chr4	AUGUSTUS	gene	99622933	99624951	.	-	.	ID=gene-Shcbp1-dl1;Name=Shcbp1-dl1;origin=de_novo	SHCBP1-DL1	99622932	99624951	True
7152	309254	chr4	Liftoff	gene	99766889	99775208	.	-	.	ID=gene-LOC111813287;Dbxref=GeneID:111813287;Name=LOC111813287;origin=liftoff;copy_num_ID=gene-LOC111813287_0;coverage=0.999;extra_copy_number=0;gbkey=Gene;gene=LOC111813287;gene_biotype=protein_coding;sequence_ID=0.995;valid_ORFs=5	LOC111813287	99766888	99775208	True
7232	313772	chr4	Liftoff	gene	104016966	104019826	.	+	.	ID=gene-LOC111813284;Dbxref=GeneID:111813284;Name=LOC111813284;origin=liftoff;copy_num_ID=gene-LOC111813284_0;coverage=1.0;extra_copy_number=0;gbkey=Gene;gene=LOC111813284;gene_biotype=lncRNA;sequence_ID=0.989	LOC111813284	104016965	104019826	True
7237	313858	chr4	Liftoff	gene	105172908	105205724	.	-	.	ID=gene-LOC101563010;Dbxref=GeneID:101563010;Name=LOC101563010;origin=liftoff;copy_num_ID=gene-LOC101563010_0;coverage=1.0;end_range=317698,.;extra_copy_number=0;gbkey=Gene;gene=LOC101563010;gene_biotype=protein_coding;partial=true;sequence_ID=0.998;valid_ORFs=0	LOC101563010	105172907	105205724	True
7238	313880	chr4	Liftoff	gene	105257920	105267285	.	-	.	ID=gene-LOC111814669;Dbxref=GeneID:111814669;Name=LOC111814669;origin=liftoff;copy_num_ID=gene-LOC111814669_0;coverage=1.0;extra_copy_number=0;gbkey=Gene;gene=LOC111814669;gene_biotype=protein_coding;sequence_ID=0.995;valid_ORFs=1	LOC111814669	105257919	105267285	True
7240	313913	chr4	AUGUSTUS	gene	106616263	106619077	.	-	.	ID=gene-Cox15-dl1;Name=Cox15-dl1;origin=de_novo	COX15-DL1	106616262	106619077	True
7241	313921	chr4	AUGUSTUS	gene	106812888	106813472	.	-	.	ID=gene-Rps7-dl7;Name=Rps7-dl7;origin=de_novo	RPS7-DL7	106812887	106813472	True
7242	313928	chr4	AUGUSTUS	gene	108245946	108246599	.	-	.	ID=gene-Rpl10a-dl2;Name=Rpl10a-dl2;origin=de_novo	RPL10A-DL2	108245945	108246599	True
7243	313935	chr4	AUGUSTUS	gene	108405998	108406615	.	+	.	ID=gene-Rps7-dl8;Name=Rps7-dl8;origin=de_novo	RPS7-DL8	108405997	108406615	True
7244	313943	chr4	AUGUSTUS	gene	108564429	108565007	.	-	.	ID=gene-Rpl9;Name=Rpl9;origin=de_novo	RPL9	108564428	108565007	True
7245	313950	chr4	AUGUSTUS	gene	112053443	112054096	.	-	.	ID=gene-Rpl10a-dl3;Name=Rpl10a-dl3;origin=de_novo	RPL10A-DL3	112053442	112054096	True
7246	313957	chr4	AUGUSTUS	gene	112353727	112354362	.	-	.	ID=gene-Rpl13-dl11;Name=Rpl13-dl11;origin=de_novo	RPL13-DL11	112353726	112354362	True
7252	314212	chr4	Liftoff	gene	113500270	113813551	.	+	.	ID=gene-LOC101588615;Dbxref=GeneID:101588615;Name=LOC101588615;origin=liftoff;copy_num_ID=gene-LOC101588615_0;coverage=1.0;extra_copy_number=0;gbkey=Gene;gene=LOC101588615;gene_biotype=protein_coding;sequence_ID=0.999;valid_ORFs=1	LOC101588615	113500269	113813551	True
7253	314245	chr4	Liftoff	gene	113530924	113532418	.	+	.	ID=gene-LOC111814664;Dbxref=GeneID:111814664;Name=LOC111814664;origin=liftoff;copy_num_ID=gene-LOC111814664_0;coverage=1.0;extra_copy_number=0;gbkey=Gene;gene=LOC111814664;gene_biotype=lncRNA;sequence_ID=1.0	LOC111814664	113530923	113532418	True
7254	314250	chr4	Liftoff	gene	113673038	113695688	.	+	.	ID=gene-LOC101587433;Dbxref=GeneID:101587433;Name=LOC101587433;origin=liftoff;copy_num_ID=gene-LOC101587433_0;coverage=1.0;extra_copy_number=0;gbkey=Gene;gene=LOC101587433;gene_biotype=protein_coding;sequence_ID=0.991;valid_ORFs=1	LOC101587433	113673037	113695688	True
7255	314264	chr4	Liftoff	gene	114195761	114195867	.	+	.	ID=gene-LOC111814670;Dbxref=GeneID:111814670;Name=LOC111814670;origin=liftoff;copy_num_ID=gene-LOC111814670_0;coverage=1.0;extra_copy_number=0;gbkey=Gene;gene=LOC111814670;gene_biotype=snRNA;sequence_ID=1.0	LOC111814670	114195760	114195867	True
7256	314267	chr4	AUGUSTUS	gene	115782246	115782911	.	-	.	ID=gene-Rpl10a-dl4;Name=Rpl10a-dl4;origin=de_novo	RPL10A-DL4	115782245	115782911	True
7257	314274	chr4	AUGUSTUS	gene	116351480	116352517	.	+	.	ID=gene-Pygo1-dl1;Name=Pygo1-dl1;origin=de_novo	PYGO1-DL1	116351479	116352517	True
7258	314281	chr4	AUGUSTUS	gene	117501986	117503254	.	+	.	ID=gene-Ccnb1-dl6;Name=Ccnb1-dl6;origin=de_novo	CCNB1-DL6	117501985	117503254	True
7259	314288	chr4	AUGUSTUS	gene	118531083	118531736	.	-	.	ID=gene-Rpl10a-dl5;Name=Rpl10a-dl5;origin=de_novo	RPL10A-DL5	118531082	118531736	True
7260	314295	chr4	AUGUSTUS	gene	120624489	120625142	.	-	.	ID=gene-Rpl10a-dl6;Name=Rpl10a-dl6;origin=de_novo	RPL10A-DL6	120624488	120625142	True
7261	314302	chr4	AUGUSTUS	gene	120907199	120908002	.	-	.	ID=gene-Rpl13-dl12;Name=Rpl13-dl12;origin=de_novo	RPL13-DL12	120907198	120908002	True
7262	314310	chr4	Liftoff	gene	121560923	121562180	.	-	.	ID=gene-LOC101581271;Dbxref=GeneID:101581271;Name=LOC101581271;origin=liftoff;copy_num_ID=gene-LOC101581271_0;coverage=1.0;extra_copy_number=0;gbkey=Gene;gene=LOC101581271;gene_biotype=protein_coding;sequence_ID=0.987;valid_ORFs=1	LOC101581271	121560922	121562180	True
7263	314316	chr4	AUGUSTUS	gene	121831357	121832010	.	+	.	ID=gene-Rpl10a-dl7;Name=Rpl10a-dl7;origin=de_novo	RPL10A-DL7	121831356	121832010	True
7264	314323	chr4	GeneMark.hmm3	gene	122486034	122487047	.	+	.	ID=gene-Pygo1-dl2;Name=Pygo1-dl2;origin=de_novo	PYGO1-DL2	122486033	122487047	True
7267	314336	chr4	Liftoff	gene	123506756	123512777	.	+	.	ID=gene-LOC111814526;Dbxref=GeneID:111814526;Name=LOC111814526;origin=liftoff;copy_num_ID=gene-LOC111814526_0;coverage=1.0;extra_copy_number=0;gbkey=Gene;gene=LOC111814526;gene_biotype=lncRNA;sequence_ID=0.994	LOC111814526	123506755	123512777	True
7268	314349	chr4	Liftoff	gene	123508565	123543308	.	-	.	ID=gene-LOC101568834;Dbxref=GeneID:101568834;Name=LOC101568834;origin=liftoff;copy_num_ID=gene-LOC101568834_0;coverage=1.0;extra_copy_number=0;gbkey=Gene;gene=LOC101568834;gene_biotype=protein_coding;sequence_ID=0.994;valid_ORFs=1	LOC101568834	123508564	123543308	True
7269	314379	chr4	Liftoff	gene	123636262	123656115	.	-	.	ID=gene-LOC111814527;Dbxref=GeneID:111814527;Name=LOC111814527;origin=liftoff;copy_num_ID=gene-LOC111814527_0;coverage=1.0;extra_copy_number=0;gbkey=Gene;gene=LOC111814527;gene_biotype=lncRNA;sequence_ID=0.993	LOC111814527	123636261	123656115	True
7270	314388	chr4	Liftoff	gene	123655859	123663386	.	+	.	ID=gene-LOC111814529;Dbxref=GeneID:111814529;Name=LOC111814529;origin=liftoff;copy_num_ID=gene-LOC111814529_0;coverage=1.0;extra_copy_number=0;gbkey=Gene;gene=LOC111814529;gene_biotype=lncRNA;sequence_ID=0.990	LOC111814529	123655858	123663386	True
7271	314398	chr4	Liftoff	gene	123782519	123797220	.	-	.	ID=gene-LOC111814528;Dbxref=GeneID:111814528;Name=LOC111814528;origin=liftoff;copy_num_ID=gene-LOC111814528_0;coverage=1.0;extra_copy_number=0;gbkey=Gene;gene=LOC111814528;gene_biotype=lncRNA;sequence_ID=1.0	LOC111814528	123782518	123797220	True
7272	314404	chr4	Liftoff	gene	124191765	124221660	.	+	.	ID=gene-LOC111814530;Dbxref=GeneID:111814530;Name=LOC111814530;origin=liftoff;copy_num_ID=gene-LOC111814530_0;coverage=1.0;extra_copy_number=0;gbkey=Gene;gene=LOC111814530;gene_biotype=lncRNA;sequence_ID=1.0	LOC111814530	124191764	124221660	True
7273	314409	chr4	Liftoff	gene	124224220	124234304	.	-	.	ID=gene-LOC111814525;Dbxref=GeneID:111814525;Name=LOC111814525;origin=liftoff;copy_num_ID=gene-LOC111814525_0;coverage=1.0;extra_copy_number=0;gbkey=Gene;gene=LOC111814525;gene_biotype=lncRNA;sequence_ID=1.0	LOC111814525	124224219	124234304	True
7274	314414	chr4	AUGUSTUS	gene	127891097	127892116	.	-	.	ID=gene-Rad51-dl1;Name=Rad51-dl1;origin=de_novo	RAD51-DL1	127891096	127892116	True
7275	314421	chr4	Liftoff	gene	133507627	133530060	.	-	.	ID=gene-LOC101583382;Dbxref=GeneID:101583382;Name=LOC101583382;origin=liftoff;copy_num_ID=gene-LOC101583382_0;coverage=1.0;extra_copy_number=0;gbkey=Gene;gene=LOC101583382;gene_biotype=protein_coding;sequence_ID=0.996;valid_ORFs=1	LOC101583382	133507626	133530060	True
7276	314437	chr4	Liftoff	gene	133602608	133640088	.	-	.	ID=gene-LOC111814332;Dbxref=GeneID:111814332;Name=LOC111814332;origin=liftoff;copy_num_ID=gene-LOC111814332_0;coverage=1.0;extra_copy_number=0;gbkey=Gene;gene=LOC111814332;gene_biotype=lncRNA;sequence_ID=1.0	LOC111814332	133602607	133640088	True
7277	314442	chr4	Liftoff	gene	133622252	133638857	.	+	.	ID=gene-LOC111811996;Dbxref=GeneID:111811996;Name=LOC111811996;origin=liftoff;copy_num_ID=gene-LOC111811996_0;coverage=1.0;extra_copy_number=0;gbkey=Gene;gene=LOC111811996;gene_biotype=protein_coding;sequence_ID=0.995;valid_ORFs=2	LOC111811996	133622251	133638857	True
7278	314465	chr4	Liftoff	gene	133648476	133680039	.	-	.	ID=gene-LOC111814331;Dbxref=GeneID:111814331;Name=LOC111814331;origin=liftoff;copy_num_ID=gene-LOC111814331_0;coverage=1.0;extra_copy_number=0;gbkey=Gene;gene=LOC111814331;gene_biotype=lncRNA;sequence_ID=0.996	LOC111814331	133648475	133680039	True
7282	314488	chr4	Liftoff	gene	134120429	134149105	.	+	.	ID=gene-LOC101585716;Dbxref=GeneID:101585716;Name=LOC101585716;origin=liftoff;copy_num_ID=gene-LOC101585716_0;coverage=1.0;extra_copy_number=0;gbkey=Gene;gene=LOC101585716;gene_biotype=protein_coding;sequence_ID=0.995;valid_ORFs=0	LOC101585716	134120428	134149105	True
7283	314518	chr4	Liftoff	gene	134363047	134363153	.	-	.	ID=gene-LOC111814333;Dbxref=GeneID:111814333;Name=LOC111814333;origin=liftoff;copy_num_ID=gene-LOC111814333_0;coverage=1.0;extra_copy_number=0;gbkey=Gene;gene=LOC111814333;gene_biotype=snRNA;sequence_ID=1.0	LOC111814333	134363046	134363153	True
7284	314521	chr4	Liftoff	gene	134692153	134716503	.	-	.	ID=gene-LOC101586644;Dbxref=GeneID:101586644;Name=LOC101586644;origin=liftoff;copy_num_ID=gene-LOC101586644_0;coverage=0.996;extra_copy_number=0;gbkey=Gene;gene=LOC101586644;gene_biotype=protein_coding;sequence_ID=0.962;valid_ORFs=0	LOC101586644	134692152	134716503	True
7285	314551	chr4	Liftoff	gene	135246662	135264158	.	-	.	ID=gene-LOC111814330;Dbxref=GeneID:111814330;Name=LOC111814330;origin=liftoff;copy_num_ID=gene-LOC111814330_0;coverage=1.0;extra_copy_number=0;gbkey=Gene;gene=LOC111814330;gene_biotype=protein_coding;sequence_ID=0.992;valid_ORFs=1	LOC111814330	135246661	135264158	True
7286	314564	chr4	Liftoff	gene	135283648	135285997	.	-	.	ID=gene-LOC111814326;Dbxref=GeneID:111814326;Name=LOC111814326;origin=liftoff;copy_num_ID=gene-LOC111814326_0;coverage=1.0;extra_copy_number=0;gbkey=Gene;gene=LOC111814326;gene_biotype=protein_coding;sequence_ID=0.995;valid_ORFs=1	LOC111814326	135283647	135285997	True
7287	314576	chr4	AUGUSTUS	gene	136117510	136119165	.	-	.	ID=gene-Trim8-dl1;Name=Trim8-dl1;origin=de_novo	TRIM8-DL1	136117509	136119165	True
7288	314583	chr4	Liftoff	gene	139406836	139406942	.	-	.	ID=gene-LOC111815598;Dbxref=GeneID:111815598;Name=LOC111815598;origin=liftoff;copy_num_ID=gene-LOC111815598_0;coverage=1.0;extra_copy_number=0;gbkey=Gene;gene=LOC111815598;gene_biotype=snRNA;sequence_ID=0.990	LOC111815598	139406835	139406942	True
7289	314586	chr4	AUGUSTUS	gene	139713293	139713946	.	-	.	ID=gene-Rpl10a-dl8;Name=Rpl10a-dl8;origin=de_novo	RPL10A-DL8	139713292	139713946	True
7290	314593	chr4	AUGUSTUS	gene	139778675	139780080	.	+	.	ID=gene-Wbp4-dl1;Name=Wbp4-dl1;origin=de_novo	WBP4-DL1	139778674	139780080	True
7291	314601	chr4	AUGUSTUS	gene	140439680	140441676	.	-	.	ID=gene-Ublcp1-dl1;Name=Ublcp1-dl1;origin=de_novo	UBLCP1-DL1	140439679	140441676	True
7292	314611	chr4	AUGUSTUS	gene	140956289	140960761	.	+	.	ID=gene-Pex13-dl1;Name=Pex13-dl1;origin=de_novo	PEX13-DL1	140956288	140960761	True
7293	314619	chr4	AUGUSTUS	gene	141283504	141284541	.	+	.	ID=gene-Pygo1-dl3;Name=Pygo1-dl3;origin=de_novo	PYGO1-DL3	141283503	141284541	True
7294	314626	chr4	AUGUSTUS	gene	141661007	141662044	.	-	.	ID=gene-Pygo1-dl4;Name=Pygo1-dl4;origin=de_novo	PYGO1-DL4	141661006	141662044	True
7295	314633	chr4	AUGUSTUS	gene	143673583	143674620	.	-	.	ID=gene-Pygo1-dl5;Name=Pygo1-dl5;origin=de_novo	PYGO1-DL5	143673582	143674620	True
7296	314640	chr4	AUGUSTUS	gene	145648328	145649347	.	+	.	ID=gene-Pygo1-dl6;Name=Pygo1-dl6;origin=de_novo	PYGO1-DL6	145648327	145649347	True
7297	314647	chr4	AUGUSTUS	gene	146530480	146531133	.	+	.	ID=gene-Rpl10a-dl9;Name=Rpl10a-dl9;origin=de_novo	RPL10A-DL9	146530479	146531133	True
7298	314654	chr5	Liftoff	gene	4541625	4542108	.	-	.	ID=gene-LOC101571509;Dbxref=GeneID:101571509;Name=LOC101571509;origin=liftoff;copy_num_ID=gene-LOC101571509_0;coverage=1.0;extra_copy_number=0;gbkey=Gene;gene=LOC101571509;gene_biotype=protein_coding;sequence_ID=0.978;valid_ORFs=1	LOC101571509	4541624	4542108	True
7320	316294	chr5	Liftoff	gene	10277349	10307770	.	-	.	ID=gene-LOC101567557;Dbxref=GeneID:101567557;Name=LOC101567557;origin=liftoff;copy_num_ID=gene-LOC101567557_0;coverage=1.0;extra_copy_number=0;gbkey=Gene;gene=LOC101567557;gene_biotype=protein_coding;sequence_ID=1.0;valid_ORFs=1	LOC101567557	10277348	10307770	True
7330	316375	chr5	AUGUSTUS	gene	10882973	10884668	.	+	.	ID=gene-Bnip3-dl1;Name=Bnip3-dl1;origin=de_novo	BNIP3-DL1	10882972	10884668	True
7331	316383	chr5	Liftoff	gene	10920335	10929549	.	-	.	ID=gene-LOC101562397;Dbxref=GeneID:101562397;Name=LOC101562397;origin=liftoff;copy_num_ID=gene-LOC101562397_0;coverage=1.0;extra_copy_number=0;gbkey=Gene;gene=LOC101562397;gene_biotype=protein_coding;sequence_ID=0.999;valid_ORFs=1	LOC101562397	10920334	10929549	True
7332	316393	chr5	Liftoff	gene	10998444	10998977	.	-	.	ID=gene-LOC101562216;Dbxref=GeneID:101562216;Name=LOC101562216;origin=liftoff;copy_num_ID=gene-LOC101562216_0;coverage=1.0;extra_copy_number=0;gbkey=Gene;gene=LOC101562216;gene_biotype=protein_coding;sequence_ID=0.998;valid_ORFs=1	LOC101562216	10998443	10998977	True
7333	316397	chr5	AUGUSTUS	gene	11035133	11035885	.	-	.	ID=gene-Sbds-dl1;Name=Sbds-dl1;origin=de_novo	SBDS-DL1	11035132	11035885	True
7334	316404	chr5	AUGUSTUS	gene	11064410	11064850	.	-	.	ID=gene-Tmem242-dl1;Name=Tmem242-dl1;origin=de_novo	TMEM242-DL1	11064409	11064850	True
7335	316411	chr5	Liftoff	gene	11195395	11195501	.	+	.	ID=gene-LOC111814791;Dbxref=GeneID:111814791;Name=LOC111814791;origin=liftoff;copy_num_ID=gene-LOC111814791_0;coverage=1.0;extra_copy_number=0;gbkey=Gene;gene=LOC111814791;gene_biotype=snRNA;sequence_ID=1.0	LOC111814791	11195394	11195501	True
7336	316414	chr5	Liftoff	gene	11199972	11210941	.	+	.	ID=gene-LOC101566966;Dbxref=GeneID:101566966;Name=LOC101566966;origin=liftoff;copy_num_ID=gene-LOC101566966_0;coverage=0.940;extra_copy_number=0;gbkey=Gene;gene=LOC101566966;gene_biotype=protein_coding;sequence_ID=0.926;valid_ORFs=0	LOC101566966	11199971	11210941	True
7337	316424	chr5	Liftoff	gene	11211506	11233054	.	+	.	ID=gene-LOC101567363;Dbxref=GeneID:101567363;Name=LOC101567363;origin=liftoff;copy_num_ID=gene-LOC101567363_0;coverage=1.0;extra_copy_number=0;gbkey=Gene;gene=LOC101567363;gene_biotype=protein_coding;sequence_ID=0.993;valid_ORFs=1	LOC101567363	11211505	11233054	True
7338	316440	chr5	Liftoff	gene	11330651	11345643	.	+	.	ID=gene-LOC101567770;Dbxref=GeneID:101567770;Name=LOC101567770;origin=liftoff;copy_num_ID=gene-LOC101567770_0;coverage=1.0;extra_copy_number=0;gbkey=Gene;gene=LOC101567770;gene_biotype=protein_coding;sequence_ID=0.990;valid_ORFs=0	LOC101567770	11330650	11345643	True
7339	316453	chr5	AUGUSTUS	gene	11370110	11370815	.	-	.	ID=gene-Rpl13-dl13;Name=Rpl13-dl13;origin=de_novo	RPL13-DL13	11370109	11370815	True
7340	316461	chr5	Liftoff	gene	11541991	11543483	.	+	.	ID=gene-LOC105740900;Dbxref=GeneID:105740900;Name=LOC105740900;origin=liftoff;copy_num_ID=gene-LOC105740900_0;coverage=0.984;extra_copy_number=0;gbkey=Gene;gene=LOC105740900;gene_biotype=protein_coding;sequence_ID=0.982;valid_ORFs=1	LOC105740900	11541990	11543483	True
7452	320976	chr5	AUGUSTUS	gene	20392128	20496613	.	-	.	ID=gene-Xpo7;Name=Xpo7;origin=replace	XPO7	20392127	20496613	True
7531	323470	chr5	Liftoff	gene	36569728	36574034	.	+	.	ID=gene-Adam20-l3;Dbxref=GeneID:101564509;Name=Adam20-l3;origin=rename;copy_num_ID=gene-LOC101564509_0;coverage=1.0;extra_copy_number=0;gbkey=Gene;gene=LOC101564509;gene_biotype=protein_coding;sequence_ID=0.985;valid_ORFs=1	ADAM20-L3	36569727	36574034	True
7532	323477	chr5	Liftoff	gene	36579780	36579886	.	-	.	ID=gene-LOC111812346;Dbxref=GeneID:111812346;Name=LOC111812346;origin=liftoff;copy_num_ID=gene-LOC111812346_0;coverage=1.0;extra_copy_number=0;gbkey=Gene;gene=LOC111812346;gene_biotype=snRNA;sequence_ID=1.0	LOC111812346	36579779	36579886	True
7539	323675	chr5	Liftoff	gene	37641814	37767017	.	-	.	ID=gene-Vegfc;Dbxref=GeneID:101562913;Name=Vegfc;origin=liftoff;copy_num_ID=gene-Vegfc_0;coverage=0.999;extra_copy_number=0;gbkey=Gene;gene=Vegfc;gene_biotype=protein_coding;sequence_ID=0.998;valid_ORFs=1	VEGFC	37641813	37767017	True
7611	327991	chr5	Liftoff	gene	53054279	53214951	.	+	.	ID=gene-Adam3;Dbxref=GeneID:101573490;Name=Adam3;origin=rename;copy_num_ID=gene-LOC101573490_0;coverage=1.0;extra_copy_number=0;gbkey=Gene;gene=LOC101573490;gene_biotype=protein_coding;sequence_ID=0.999;valid_ORFs=2	ADAM3	53054278	53214951	True
7825	338130	chr5	Liftoff	gene	94583872	94620723	.	-	.	ID=gene-Mios;Dbxref=GeneID:101587403;Name=Mios;origin=liftoff;copy_num_ID=gene-Mios_0;coverage=1.0;extra_copy_number=0;gbkey=Gene;gene=Mios;gene_biotype=protein_coding;sequence_ID=0.997;valid_ORFs=5	MIOS	94583871	94620723	True
7829	338338	chr5	Liftoff	gene	95314227	95323404	.	-	.	ID=gene-Asns;Dbxref=GeneID:101592904;Name=Asns;origin=liftoff;copy_num_ID=gene-Asns_0;coverage=1.0;extra_copy_number=0;gbkey=Gene;gene=Asns;gene_biotype=protein_coding;sequence_ID=0.996;valid_ORFs=1	ASNS	95314226	95323404	True
7830	338356	chr5	Liftoff	gene	95358953	95370368	.	+	.	ID=gene-Asns-l1;Dbxref=GeneID:101592514;Name=Asns-l1;origin=rename;copy_num_ID=gene-LOC101592514_0;coverage=1.0;extra_copy_number=0;gbkey=Gene;gene=LOC101592514;gene_biotype=protein_coding;sequence_ID=0.994;valid_ORFs=1	ASNS-L1	95358952	95370368	True
7921	342111	chr5	Liftoff	gene	108639318	108682011	.	-	.	ID=gene-Ubqln1;Dbxref=GeneID:101580388;Name=Ubqln1;origin=liftoff;copy_num_ID=gene-Ubqln1_0;coverage=1.0;extra_copy_number=0;gbkey=Gene;gene=Ubqln1;gene_biotype=protein_coding;sequence_ID=0.999;valid_ORFs=1	UBQLN1	108639317	108682011	True
7922	342137	chr5	Liftoff	gene	108681863	108707866	.	+	.	ID=gene-LOC101567666;Dbxref=GeneID:101567666;Name=LOC101567666;origin=liftoff;copy_num_ID=gene-LOC101567666_0;coverage=0.995;extra_copy_number=0;gbkey=Gene;gene=LOC101567666;gene_biotype=protein_coding;sequence_ID=0.993;valid_ORFs=0	LOC101567666	108681862	108707866	True
7951	343702	chr5	Liftoff	gene	114057577	114097515	.	+	.	ID=gene-Mphosph8;Dbxref=GeneID:101589187;Name=Mphosph8;origin=rename;copy_num_ID=gene-LOC101589187_0;coverage=1.0;extra_copy_number=0;gbkey=Gene;gene=LOC101589187;gene_biotype=protein_coding;sequence_ID=0.999;valid_ORFs=1	MPHOSPH8	114057576	114097515	True
8110	351794	chr6	Liftoff	gene	389511	390407	.	+	.	ID=gene-LOC101569473;Dbxref=GeneID:101569473;Name=LOC101569473;origin=liftoff;copy_num_ID=gene-LOC101569473_0;coverage=1.0;extra_copy_number=0;gbkey=Gene;gene=LOC101569473;gene_biotype=protein_coding;sequence_ID=0.997;valid_ORFs=1	LOC101569473	389510	390407	True
8111	351798	chr6	AUGUSTUS	gene	446320	447733	.	-	.	ID=gene-Katnbl1-dl1;Name=Katnbl1-dl1;origin=de_novo	KATNBL1-DL1	446319	447733	True
8113	351810	chr6	Liftoff	gene	553886	555126	.	-	.	ID=gene-LOC101580355;Dbxref=GeneID:101580355;Name=LOC101580355;origin=liftoff;copy_num_ID=gene-LOC101580355_0;coverage=1.0;extra_copy_number=0;gbkey=Gene;gene=LOC101580355;gene_biotype=protein_coding;sequence_ID=0.992;valid_ORFs=1	LOC101580355	553885	555126	True
8114	351816	chr6	Liftoff	gene	585709	586307	.	+	.	ID=gene-LOC101574258;Dbxref=GeneID:101574258;Name=LOC101574258;origin=liftoff;copy_num_ID=gene-LOC101574258_0;coverage=1.0;extra_copy_number=0;gbkey=Gene;gene=LOC101574258;gene_biotype=protein_coding;partial=true;sequence_ID=0.996;start_range=.,7;valid_ORFs=0	LOC101574258	585708	586307	True
8192	355447	chr6	Liftoff	gene	11372537	11386618	.	-	.	ID=gene-Sftpd;Dbxref=GeneID:101581205;Name=Sftpd;origin=rename;copy_num_ID=gene-LOC101581205_0;coverage=0.980;extra_copy_number=0;gbkey=Gene;gene=LOC101581205;gene_biotype=protein_coding;sequence_ID=0.978;valid_ORFs=0	SFTPD	11372536	11386618	True
8193	355467	chr6	Liftoff	gene	11457811	11479293	.	-	.	ID=gene-Sftpd-l1;Dbxref=GeneID:101565157;Name=Sftpd-l1;origin=rename;copy_num_ID=gene-LOC101565157_0;coverage=1.0;extra_copy_number=0;gbkey=Gene;gene=LOC101565157;gene_biotype=protein_coding;sequence_ID=0.987;valid_ORFs=2	SFTPD-L1	11457810	11479293	True
8195	355514	chr6	Liftoff	gene	11894422	12136881	.	-	.	ID=gene-Bmper;Dbxref=GeneID:101570005;Name=Bmper;origin=rename;copy_num_ID=gene-LOC101570005_0;coverage=1.0;extra_copy_number=0;gbkey=Gene;gene=LOC101570005;gene_biotype=protein_coding;sequence_ID=0.998;valid_ORFs=1	BMPER	11894421	12136881	True
8196	355548	chr6	gmst	gene	12524417	13076438	.	-	.	ID=gene-Bbs9;Name=Bbs9;origin=replace	BBS9	12524416	13076438	True
8208	355959	chr6	Liftoff	gene	13497067	13511893	.	+	.	ID=gene-Fam170a-l1;Dbxref=GeneID:111816362;Name=Fam170a-l1;origin=rename;copy_num_ID=gene-LOC111816362_0;coverage=1.0;extra_copy_number=0;gbkey=Gene;gene=LOC111816362;gene_biotype=protein_coding;sequence_ID=0.999;valid_ORFs=1	FAM170A-L1	13497066	13511893	True
8209	355971	chr6	Liftoff	gene	13520305	13560016	.	+	.	ID=gene-LOC111816363;Dbxref=GeneID:111816363;Name=LOC111816363;origin=liftoff;copy_num_ID=gene-LOC111816363_0;coverage=1.0;extra_copy_number=0;gbkey=Gene;gene=LOC111816363;gene_biotype=protein_coding;sequence_ID=1.0;valid_ORFs=1	LOC111816363	13520304	13560016	True
8213	356002	chr6	Liftoff	gene	14039499	14142479	.	+	.	ID=gene-LOC111816364;Dbxref=GeneID:111816364;Name=LOC111816364;origin=liftoff;copy_num_ID=gene-LOC111816364_0;coverage=1.0;extra_copy_number=0;gbkey=Gene;gene=LOC111816364;gene_biotype=protein_coding;sequence_ID=1.0;valid_ORFs=1	LOC111816364	14039498	14142479	True
8238	356637	chr6	Liftoff	gene	19880654	19929053	.	+	.	ID=gene-LOC101577269;Dbxref=GeneID:101577269;Name=LOC101577269;origin=liftoff;copy_num_ID=gene-LOC101577269_0;coverage=1.0;extra_copy_number=0;gbkey=Gene;gene=LOC101577269;gene_biotype=C_region;sequence_ID=0.994;valid_ORFs=0	LOC101577269	19880653	19929053	True
8268	357721	chr6	Liftoff	gene	22970790	23024636	.	-	.	ID=gene-LOC111816373;Dbxref=GeneID:111816373;Name=LOC111816373;origin=liftoff;copy_num_ID=gene-LOC111816373_0;coverage=0.998;extra_copy_number=0;gbkey=Gene;gene=LOC111816373;gene_biotype=lncRNA;sequence_ID=0.996	LOC111816373	22970789	23024636	True
8269	357726	chr6	Liftoff	gene	23056945	23060167	.	-	.	ID=gene-LOC111816372;Dbxref=GeneID:111816372;Name=LOC111816372;origin=liftoff;copy_num_ID=gene-LOC111816372_0;coverage=1.0;extra_copy_number=0;gbkey=Gene;gene=LOC111816372;gene_biotype=lncRNA;sequence_ID=0.995	LOC111816372	23056944	23060167	True
8360	362497	chr6	Liftoff	gene	28837778	28980556	.	+	.	ID=gene-Cyth3;Dbxref=GeneID:105741985;Name=Cyth3;origin=liftoff;copy_num_ID=gene-Cyth3_0;coverage=0.998;end_range=16570708,.;extra_copy_number=0;gbkey=Gene;gene=Cyth3;gene_biotype=protein_coding;partial=true;sequence_ID=0.989;valid_ORFs=0	CYTH3	28837777	28980556	True
8361	362523	chr6	Liftoff	gene	28979675	28980838	.	+	.	ID=gene-LOC111814885;Dbxref=GeneID:111814885;Name=LOC111814885;origin=liftoff;copy_num_ID=gene-LOC111814885_0;coverage=1.0;extra_copy_number=0;gbkey=Gene;gene=LOC111814885;gene_biotype=lncRNA;sequence_ID=1.0	LOC111814885	28979674	28980838	True
8363	362530	chr6	Liftoff	gene	29093974	29095543	.	+	.	ID=gene-LOC111816367;Dbxref=GeneID:111816367;Name=LOC111816367;origin=liftoff;copy_num_ID=gene-LOC111816367_0;coverage=1.0;extra_copy_number=0;gbkey=Gene;gene=LOC111816367;gene_biotype=protein_coding;sequence_ID=0.987;valid_ORFs=1	LOC111816367	29093973	29095543	True
8364	362541	chr6	Liftoff	gene	29109720	29140571	.	-	.	ID=gene-Usp42;Dbxref=GeneID:101568792;Name=Usp42;origin=liftoff;copy_num_ID=gene-Usp42_0;coverage=1.0;extra_copy_number=0;gbkey=Gene;gene=Usp42;gene_biotype=protein_coding;sequence_ID=0.999;valid_ORFs=2	USP42	29109719	29140571	True
8402	364225	chr6	Liftoff	gene	31481764	31544202	.	-	.	ID=gene-LOC101575834;Dbxref=GeneID:101575834;Name=LOC101575834;origin=liftoff;copy_num_ID=gene-LOC101575834_0;coverage=1.0;extra_copy_number=0;gbkey=Gene;gene=LOC101575834;gene_biotype=protein_coding;sequence_ID=1.0;valid_ORFs=1	LOC101575834	31481763	31544202	True
8403	364252	chr6	Liftoff	gene	31556419	31557284	.	-	.	ID=gene-Zfp36l2;Dbxref=GeneID:101575447;Name=Zfp36l2;origin=liftoff;copy_num_ID=gene-Zfp36l2_0;coverage=1.0;extra_copy_number=0;gbkey=Gene;gene=Zfp36l2;gene_biotype=protein_coding;sequence_ID=0.989;valid_ORFs=1	ZFP36L2	31556418	31557284	True
8404	364263	chr6	Liftoff	gene	31659612	31704214	.	-	.	ID=gene-LOC101561014;Dbxref=GeneID:101561014;Name=LOC101561014;origin=liftoff;copy_num_ID=gene-LOC101561014_0;coverage=1.0;extra_copy_number=0;gbkey=Gene;gene=LOC101561014;gene_biotype=protein_coding;partial=true;sequence_ID=0.989;start_range=.,23884;valid_ORFs=0	LOC101561014	31659611	31704214	True
8405	364277	chr6	Liftoff	gene	31718179	31718249	.	-	.	ID=gene-LOC111814851;Dbxref=GeneID:111814851;Name=LOC111814851;origin=liftoff;copy_num_ID=gene-LOC111814851_0;coverage=0.136;extra_copy_number=0;gbkey=Gene;gene=LOC111814851;gene_biotype=protein_coding;low_identity=True;partial=true;partial_mapping=True;sequence_ID=0.132;start_range=.,10847;valid_ORFs=0	LOC111814851	31718178	31718249	True
8406	364281	chr6	Liftoff	gene	31836235	31837853	.	-	.	ID=gene-LOC101570273;Dbxref=GeneID:101570273;Name=LOC101570273;origin=liftoff;copy_num_ID=gene-LOC101570273_0;coverage=0.997;extra_copy_number=0;gbkey=Gene;gene=LOC101570273;gene_biotype=protein_coding;sequence_ID=0.994;valid_ORFs=0	LOC101570273	31836234	31837853	True
8407	364290	chr6	Liftoff	gene	31843178	31922097	.	-	.	ID=gene-Cyp3a4-l1;Dbxref=GeneID:101570676;Name=Cyp3a4-l1;origin=rename;copy_num_ID=gene-LOC101570676_0;coverage=1.0;extra_copy_number=0;gbkey=Gene;gene=LOC101570676;gene_biotype=protein_coding;sequence_ID=0.998;valid_ORFs=1	CYP3A4-L1	31843177	31922097	True
8408	364316	chr6	Liftoff	gene	31975802	32009994	.	+	.	ID=gene-Cyp3a4;Dbxref=GeneID:101571068;Name=Cyp3a4;origin=rename;copy_num_ID=gene-LOC101571068_0;coverage=1.0;extra_copy_number=0;gbkey=Gene;gene=LOC101571068;gene_biotype=protein_coding;sequence_ID=0.998;valid_ORFs=1	CYP3A4	31975801	32009994	True
8533	370481	chr6	Liftoff	gene	35987771	36061563	.	+	.	ID=gene-Gtf2ird1;Dbxref=GeneID:101562182;Name=Gtf2ird1;origin=liftoff;copy_num_ID=gene-Gtf2ird1_0;coverage=1.0;extra_copy_number=0;gbkey=Gene;gene=Gtf2ird1;gene_biotype=protein_coding;sequence_ID=0.999;valid_ORFs=5	GTF2IRD1	35987770	36061563	True
8870	388878	chr6	Liftoff	gene	68698427	68830547	.	+	.	ID=gene-Dnajc13;Dbxref=GeneID:101578034;Name=Dnajc13;origin=liftoff;copy_num_ID=gene-Dnajc13_0;coverage=0.999;extra_copy_number=0;gbkey=Gene;gene=Dnajc13;gene_biotype=protein_coding;sequence_ID=0.999;valid_ORFs=2	DNAJC13	68698426	68830547	True
9018	395445	chr6	Liftoff	gene	89653890	89703166	.	+	.	ID=gene-Cops4;Dbxref=GeneID:101592641;Name=Cops4;origin=liftoff;copy_num_ID=gene-Cops4_0;coverage=1.0;extra_copy_number=0;gbkey=Gene;gene=Cops4;gene_biotype=protein_coding;sequence_ID=0.997;valid_ORFs=1	COPS4	89653889	89703166	True
9082	398327	chr6	Liftoff	gene	97302216	97332003	.	-	.	ID=gene-LOC101588451;Dbxref=GeneID:101588451;Name=LOC101588451;origin=liftoff;copy_num_ID=gene-LOC101588451_0;coverage=1.0;extra_copy_number=0;gbkey=Gene;gene=LOC101588451;gene_biotype=protein_coding;sequence_ID=0.994;valid_ORFs=0	LOC101588451	97302215	97332003	True
9083	398344	chr6	Liftoff	gene	97431787	97441814	.	-	.	ID=gene-LOC105741913;Dbxref=GeneID:105741913;Name=LOC105741913;origin=liftoff;copy_num_ID=gene-LOC105741913_0;coverage=1.0;extra_copy_number=0;gbkey=Gene;gene=LOC105741913;gene_biotype=protein_coding;sequence_ID=0.998;valid_ORFs=1	LOC105741913	97431786	97441814	True
9084	398354	chr6	Liftoff	gene	97442110	97492608	.	+	.	ID=gene-LOC105741912;Dbxref=GeneID:105741912;Name=LOC105741912;origin=liftoff;copy_num_ID=gene-LOC105741912_0;coverage=1.0;extra_copy_number=0;gbkey=Gene;gene=LOC105741912;gene_biotype=protein_coding;sequence_ID=0.993;valid_ORFs=1	LOC105741912	97442109	97492608	True
9095	399421	chr6	Liftoff	gene	98351490	98356578	.	+	.	ID=gene-Slc22a13-l1;Dbxref=GeneID:101578978;Name=Slc22a13-l1;origin=rename;copy_num_ID=gene-LOC101578978_0;coverage=1.0;extra_copy_number=0;gbkey=Gene;gene=LOC101578978;gene_biotype=protein_coding;sequence_ID=0.997;valid_ORFs=1	SLC22A13-L1	98351489	98356578	True
9096	399444	chr6	Liftoff	gene	98433269	98437356	.	+	.	ID=gene-Slc22a13-l2;Dbxref=GeneID:101579373;Name=Slc22a13-l2;origin=rename;copy_num_ID=gene-LOC101579373_0;coverage=0.757;extra_copy_number=0;gbkey=Gene;gene=LOC101579373;gene_biotype=protein_coding;sequence_ID=0.755;valid_ORFs=0	SLC22A13-L2	98433268	98437356	True
9097	399465	chr6	Liftoff	gene	98448481	98464187	.	-	.	ID=gene-LOC101580158;Dbxref=GeneID:101580158;Name=LOC101580158;origin=liftoff;copy_num_ID=gene-LOC101580158_0;coverage=1.0;extra_copy_number=0;gbkey=Gene;gene=LOC101580158;gene_biotype=protein_coding;sequence_ID=0.997;valid_ORFs=1	LOC101580158	98448480	98464187	True
9098	399490	chr6	Liftoff	gene	98556209	98558672	.	-	.	ID=gene-Slc22a13-l3;Dbxref=GeneID:101580559;Name=Slc22a13-l3;origin=rename;copy_num_ID=gene-LOC101580559_0;coverage=1.0;extra_copy_number=0;gbkey=Gene;gene=LOC101580559;gene_biotype=protein_coding;sequence_ID=0.994;valid_ORFs=1	SLC22A13-L3	98556208	98558672	True
9132	402691	chr6	Liftoff	gene	101648021	101708704	.	+	.	ID=gene-Ccdc14;Dbxref=GeneID:101563471;Name=Ccdc14;origin=liftoff;copy_num_ID=gene-Ccdc14_0;coverage=1.0;extra_copy_number=0;gbkey=Gene;gene=Ccdc14;gene_biotype=protein_coding;sequence_ID=0.999;valid_ORFs=0	CCDC14	101648020	101708704	True
9211	405739	chr6	Liftoff	gene	111912799	111956053	.	-	.	ID=gene-Qtrt2;Dbxref=GeneID:101576896;Name=Qtrt2;origin=liftoff;copy_num_ID=gene-Qtrt2_0;coverage=1.0;extra_copy_number=0;gbkey=Gene;gene=Qtrt2;gene_biotype=protein_coding;sequence_ID=0.998;valid_ORFs=3	QTRT2	111912798	111956053	True
9334	412046	chr6	Liftoff	gene	130502913	130503837	.	+	.	ID=gene-LOC101593219;Dbxref=GeneID:101593219;Name=LOC101593219;origin=liftoff;copy_num_ID=gene-LOC101593219_0;coverage=0.991;extra_copy_number=0;gbkey=Gene;gene=LOC101593219;gene_biotype=protein_coding;sequence_ID=0.983;valid_ORFs=0	LOC101593219	130502912	130503837	True
9335	412050	chr6	Liftoff	gene	130537527	130538456	.	+	.	ID=gene-LOC101593218;Dbxref=GeneID:101593218;Name=LOC101593218;origin=liftoff;copy_num_ID=gene-LOC101593218_0;coverage=1.0;extra_copy_number=0;gbkey=Gene;gene=LOC101593218;gene_biotype=protein_coding;sequence_ID=0.998;valid_ORFs=1	LOC101593218	130537526	130538456	True
9337	412058	chr6	Liftoff	gene	130598712	130599644	.	+	.	ID=gene-LOC101592832;Dbxref=GeneID:101592832;Name=LOC101592832;origin=liftoff;copy_num_ID=gene-LOC101592832_0;coverage=1.0;extra_copy_number=0;gbkey=Gene;gene=LOC101592832;gene_biotype=protein_coding;sequence_ID=0.998;valid_ORFs=1	LOC101592832	130598711	130599644	True
9512	419900	chr7	Liftoff	gene	3306476	3306978	.	+	.	ID=gene-LOC101565235;Dbxref=GeneID:101565235;Name=LOC101565235;origin=liftoff;copy_num_ID=gene-LOC101565235_0;coverage=0.936;extra_copy_number=0;gbkey=Gene;gene=LOC101565235;gene_biotype=protein_coding;sequence_ID=0.706;valid_ORFs=0	LOC101565235	3306475	3306978	True
9513	419904	chr7	Liftoff	gene	3330477	3336808	.	+	.	ID=gene-LOC101565637;Dbxref=GeneID:101565637;Name=LOC101565637;origin=liftoff;copy_num_ID=gene-LOC101565637_0;coverage=0.731;extra_copy_number=0;gbkey=Gene;gene=LOC101565637;gene_biotype=protein_coding;sequence_ID=0.719;valid_ORFs=0	LOC101565637	3330476	3336808	True
9744	429908	chr7	Liftoff	gene	15667942	15668159	.	+	.	ID=gene-LOC111814906;Dbxref=GeneID:111814906;Name=LOC111814906;origin=liftoff;copy_num_ID=gene-LOC111814906_0;coverage=1.0;extra_copy_number=0;gbkey=Gene;gene=LOC111814906;gene_biotype=snoRNA;sequence_ID=0.986	LOC111814906	15667941	15668159	True
9745	429911	chr7	Liftoff	gene	15681699	15681862	.	-	.	ID=gene-LOC111815611;Dbxref=GeneID:111815611;Name=LOC111815611;origin=liftoff;copy_num_ID=gene-LOC111815611_0;coverage=1.0;extra_copy_number=0;gbkey=Gene;gene=LOC111815611;gene_biotype=snRNA;sequence_ID=0.914	LOC111815611	15681698	15681862	True
9746	429914	chr7	Liftoff	gene	15769113	15769276	.	+	.	ID=gene-LOC111814581;Dbxref=GeneID:111814581;Name=LOC111814581;origin=liftoff;copy_num_ID=gene-LOC111814581_0;coverage=1.0;extra_copy_number=0;gbkey=Gene;gene=LOC111814581;gene_biotype=snRNA;sequence_ID=0.945	LOC111814581	15769112	15769276	True
9804	433453	chr7	Liftoff	gene	20415757	20417678	.	-	.	ID=gene-Ccl4-l1;Dbxref=GeneID:101582802;Name=Ccl4-l1;origin=rename;copy_num_ID=gene-LOC101582802_0;coverage=1.0;extra_copy_number=0;gbkey=Gene;gene=LOC101582802;gene_biotype=protein_coding;sequence_ID=1.0;valid_ORFs=1	CCL4-L1	20415756	20417678	True
9805	433463	chr7	Liftoff	gene	20426533	20428097	.	+	.	ID=gene-Ccl3;Dbxref=GeneID:101587128;Name=Ccl3;origin=rename;copy_num_ID=gene-LOC101587128_0;coverage=1.0;extra_copy_number=0;gbkey=Gene;gene=LOC101587128;gene_biotype=protein_coding;sequence_ID=0.998;valid_ORFs=1	CCL3	20426532	20428097	True
9806	433473	chr7	Liftoff	gene	20477891	20479526	.	-	.	ID=gene-Ccl4-l2;Dbxref=GeneID:101582001;Name=Ccl4-l2;origin=rename;copy_num_ID=gene-LOC101582001_0;coverage=1.0;extra_copy_number=0;gbkey=Gene;gene=LOC101582001;gene_biotype=protein_coding;sequence_ID=0.996;valid_ORFs=1	CCL4-L2	20477890	20479526	True
9807	433483	chr7	Liftoff	gene	20488118	20489595	.	+	.	ID=gene-Ccl3l1;Dbxref=GeneID:101586327;Name=Ccl3l1;origin=rename;copy_num_ID=gene-LOC101586327_0;coverage=1.0;extra_copy_number=0;gbkey=Gene;gene=LOC101586327;gene_biotype=protein_coding;sequence_ID=0.994;valid_ORFs=1	CCL3L1	20488117	20489595	True
9808	433492	chr7	Liftoff	gene	20530102	20531792	.	-	.	ID=gene-Ccl3l3;Dbxref=GeneID:101585538;Name=Ccl3l3;origin=liftoff;copy_num_ID=gene-Ccl3l3_0;coverage=1.0;extra_copy_number=0;gbkey=Gene;gene=Ccl3l3;gene_biotype=protein_coding;sequence_ID=0.997;valid_ORFs=1	CCL3L3	20530101	20531792	True
9809	433502	chr7	Liftoff	gene	20544869	20547290	.	+	.	ID=gene-Ccl4;Dbxref=GeneID:101581613;Name=Ccl4;origin=rename;copy_num_ID=gene-LOC101581613_0;coverage=1.0;extra_copy_number=0;gbkey=Gene;gene=LOC101581613;gene_biotype=protein_coding;sequence_ID=0.995;valid_ORFs=1	CCL4	20544868	20547290	True
9810	433512	chr7	Liftoff	gene	20573877	20575422	.	-	.	ID=gene-Ccl3-l1;Dbxref=GeneID:101584743;Name=Ccl3-l1;origin=rename;copy_num_ID=gene-LOC101584743_0;coverage=1.0;extra_copy_number=0;gbkey=Gene;gene=LOC101584743;gene_biotype=protein_coding;sequence_ID=0.995;valid_ORFs=1	CCL3-L1	20573876	20575422	True
9828	433911	chr7	Liftoff	gene	21426660	21427495	.	+	.	ID=gene-Slfn12;Dbxref=GeneID:101575646;Name=Slfn12;origin=rename;copy_num_ID=gene-LOC101575646_0;coverage=0.913;extra_copy_number=0;gbkey=Gene;gene=LOC101575646;gene_biotype=protein_coding;sequence_ID=0.913;valid_ORFs=0	SLFN12	21426659	21427495	True
9829	433915	chr7	Liftoff	gene	21827104	21831162	.	+	.	ID=gene-Slfn13;Dbxref=GeneID:101562222;Name=Slfn13;origin=rename;copy_num_ID=gene-LOC101562222_0;coverage=1.0;extra_copy_number=0;gbkey=Gene;gene=LOC101562222;gene_biotype=protein_coding;sequence_ID=0.996;valid_ORFs=1	SLFN13	21827103	21831162	True
9830	433923	chr7	Liftoff	gene	21857911	21858017	.	-	.	ID=gene-LOC111817855;Dbxref=GeneID:111817855;Name=LOC111817855;origin=liftoff;copy_num_ID=gene-LOC111817855_0;coverage=1.0;extra_copy_number=0;gbkey=Gene;gene=LOC111817855;gene_biotype=snRNA;sequence_ID=0.971	LOC111817855	21857910	21858017	True
9831	433926	chr7	Liftoff	gene	21868529	21873002	.	+	.	ID=gene-Slfn13-l1;Dbxref=GeneID:101561825;Name=Slfn13-l1;origin=rename;copy_num_ID=gene-LOC101561825_0;coverage=1.0;extra_copy_number=0;gbkey=Gene;gene=LOC101561825;gene_biotype=protein_coding;sequence_ID=0.999;valid_ORFs=1	SLFN13-L1	21868528	21873002	True
9833	433943	chr7	Liftoff	gene	22075839	22080986	.	+	.	ID=gene-Slfn13-l2;Dbxref=GeneID:101593213;Name=Slfn13-l2;origin=rename;copy_num_ID=gene-LOC101593213_0;coverage=1.0;extra_copy_number=0;gbkey=Gene;gene=LOC101593213;gene_biotype=protein_coding;sequence_ID=0.994;valid_ORFs=0	SLFN13-L2	22075838	22080986	True
9862	435038	chr7	Liftoff	gene	25159836	25246458	.	-	.	ID=gene-Rhot1;Dbxref=GeneID:101586138;Name=Rhot1;origin=liftoff;copy_num_ID=gene-Rhot1_0;coverage=0.955;extra_copy_number=0;gbkey=Gene;gene=Rhot1;gene_biotype=protein_coding;sequence_ID=0.954;valid_ORFs=0	RHOT1	25159835	25246458	True
9867	435244	chr7	Liftoff	gene	25423037	25476781	.	+	.	ID=gene-Crlf3;Dbxref=GeneID:101584565;Name=Crlf3;origin=liftoff;copy_num_ID=gene-Crlf3_0;coverage=1.0;extra_copy_number=0;gbkey=Gene;gene=Crlf3;gene_biotype=protein_coding;sequence_ID=0.998;valid_ORFs=1	CRLF3	25423036	25476781	True
9883	436194	chr7	Liftoff	gene	26804204	26810199	.	+	.	ID=gene-LOC111817839;Dbxref=GeneID:111817839;Name=LOC111817839;origin=liftoff;copy_num_ID=gene-LOC111817839_0;coverage=1.0;extra_copy_number=0;gbkey=Gene;gene=LOC111817839;gene_biotype=protein_coding;sequence_ID=0.993;valid_ORFs=1	LOC111817839	26804203	26810199	True
9885	436217	chr7	Liftoff	gene	26948323	26960488	.	+	.	ID=gene-LOC101582209;Dbxref=GeneID:101582209;Name=LOC101582209;origin=liftoff;copy_num_ID=gene-LOC101582209_0;coverage=0.998;extra_copy_number=0;gbkey=Gene;gene=LOC101582209;gene_biotype=protein_coding;sequence_ID=0.992;valid_ORFs=0	LOC101582209	26948322	26960488	True
9886	436229	chr7	Liftoff	gene	27020210	27025695	.	+	.	ID=gene-LOC111817842;Dbxref=GeneID:111817842;Name=LOC111817842;origin=liftoff;copy_num_ID=gene-LOC111817842_0;coverage=1.0;extra_copy_number=0;gbkey=Gene;gene=LOC111817842;gene_biotype=protein_coding;sequence_ID=1.0;valid_ORFs=1	LOC111817842	27020209	27025695	True
9887	436241	chr7	Liftoff	gene	27127112	27130068	.	+	.	ID=gene-Lgals9b;Dbxref=GeneID:101587831;Name=Lgals9b;origin=rename;copy_num_ID=gene-LOC101587831_0;coverage=1.0;end_range=11188,.;extra_copy_number=0;gbkey=Gene;gene=LOC101587831;gene_biotype=protein_coding;partial=true;sequence_ID=1.0;valid_ORFs=0	LGALS9B	27127111	27130068	True
9888	436249	chr7	Liftoff	gene	27159954	27163385	.	+	.	ID=gene-LOC111817838;Dbxref=GeneID:111817838;Name=LOC111817838;origin=liftoff;copy_num_ID=gene-LOC111817838_0;coverage=0.766;extra_copy_number=0;gbkey=Gene;gene=LOC111817838;gene_biotype=protein_coding;sequence_ID=0.628;valid_ORFs=0	LOC111817838	27159953	27163385	True
9889	436258	chr7	Liftoff	gene	27175701	27186843	.	-	.	ID=gene-Lgals9-l1;Dbxref=GeneID:111817848;Name=Lgals9-l1;origin=rename;copy_num_ID=gene-LOC111817848_0;coverage=1.0;extra_copy_number=0;gbkey=Gene;gene=LOC111817848;gene_biotype=protein_coding;sequence_ID=0.995;valid_ORFs=2	LGALS9-L1	27175700	27186843	True
9890	436281	chr7	Liftoff	gene	27209602	27230912	.	-	.	ID=gene-Lgals9b-l1;Dbxref=GeneID:111817837;Name=Lgals9b-l1;origin=rename;copy_num_ID=gene-LOC111817837_0;coverage=1.0;extra_copy_number=0;gbkey=Gene;gene=LOC111817837;gene_biotype=protein_coding;sequence_ID=0.991;valid_ORFs=1	LGALS9B-L1	27209601	27230912	True
9891	436294	chr7	Liftoff	gene	27232596	27261261	.	-	.	ID=gene-LOC101581434;Dbxref=GeneID:101581434;Name=LOC101581434;origin=liftoff;copy_num_ID=gene-LOC101581434_0;coverage=1.0;extra_copy_number=0;gbkey=Gene;gene=LOC101581434;gene_biotype=protein_coding;sequence_ID=0.997;valid_ORFs=1	LOC101581434	27232595	27261261	True
9892	436310	chr7	Liftoff	gene	27317389	27323411	.	-	.	ID=gene-Lgals9-l2;Dbxref=GeneID:111812005;Name=Lgals9-l2;origin=rename;copy_num_ID=gene-LOC111812005_0;coverage=1.0;extra_copy_number=0;gbkey=Gene;gene=LOC111812005;gene_biotype=protein_coding;sequence_ID=0.997;valid_ORFs=1	LGALS9-L2	27317388	27323411	True
9893	436321	chr7	Liftoff	gene	27356227	27390645	.	-	.	ID=gene-LOC101580239;Dbxref=GeneID:101580239;Name=LOC101580239;origin=liftoff;copy_num_ID=gene-LOC101580239_0;coverage=1.0;extra_copy_number=0;gbkey=Gene;gene=LOC101580239;gene_biotype=protein_coding;sequence_ID=0.994;valid_ORFs=2	LOC101580239	27356226	27390645	True
9957	440911	chr7	Liftoff	gene	30104393	30181080	.	+	.	ID=gene-Cpd;Dbxref=GeneID:101573477;Name=Cpd;origin=liftoff;copy_num_ID=gene-Cpd_0;coverage=0.999;extra_copy_number=0;gbkey=Gene;gene=Cpd;gene_biotype=protein_coding;sequence_ID=0.997;valid_ORFs=1	CPD	30104392	30181080	True
10030	443980	chr7	Liftoff	gene	33591178	33592166	.	-	.	ID=gene-LOC101584690;Dbxref=GeneID:101584690;Name=LOC101584690;origin=liftoff;copy_num_ID=gene-LOC101584690_0;coverage=1.0;extra_copy_number=0;gbkey=Gene;gene=LOC101584690;gene_biotype=protein_coding;sequence_ID=0.992;valid_ORFs=1	LOC101584690	33591177	33592166	True
10118	448206	chr7	Liftoff	gene	37607608	37607711	.	-	.	ID=gene-LOC111818637;Dbxref=GeneID:111818637;Name=LOC111818637;origin=liftoff;copy_num_ID=gene-LOC111818637_0;coverage=1.0;extra_copy_number=0;gbkey=Gene;gene=LOC111818637;gene_biotype=snRNA;sequence_ID=1.0	LOC111818637	37607607	37607711	True
10119	448209	chr7	Liftoff	gene	37697761	37702859	.	+	.	ID=gene-Alox12e;Dbxref=GeneID:101564222;Name=Alox12e;origin=rename;copy_num_ID=gene-LOC101564222_0;coverage=1.0;extra_copy_number=0;gbkey=Gene;gene=LOC101564222;gene_biotype=protein_coding;partial=true;sequence_ID=0.997;start_range=.,4167341;valid_ORFs=0	ALOX12E	37697760	37702859	True
10120	448230	chr7	Liftoff	gene	37790175	37897619	.	+	.	ID=gene-Alox12e-l1;Dbxref=GeneID:101563154;Name=Alox12e-l1;origin=rename;copy_num_ID=gene-LOC101563154_0;coverage=1.0;extra_copy_number=0;gbkey=Gene;gene=LOC101563154;gene_biotype=protein_coding;sequence_ID=0.998;valid_ORFs=1	ALOX12E-L1	37790174	37897619	True
10121	448248	chr7	Liftoff	gene	37927798	37942517	.	+	.	ID=gene-LOC101563555;Dbxref=GeneID:101563555;Name=LOC101563555;origin=liftoff;copy_num_ID=gene-LOC101563555_0;coverage=0.805;extra_copy_number=0;gbkey=Gene;gene=LOC101563555;gene_biotype=protein_coding;sequence_ID=0.804;valid_ORFs=0	LOC101563555	37927797	37942517	True
10302	457076	chr7	Liftoff	gene	47574414	47628499	.	+	.	ID=gene-Lrrc75a;Dbxref=GeneID:101560093;Name=Lrrc75a;origin=liftoff;copy_num_ID=gene-Lrrc75a_0;coverage=1.0;extra_copy_number=0;gbkey=Gene;gene=Lrrc75a;gene_biotype=protein_coding;sequence_ID=0.999;valid_ORFs=1	LRRC75A	47574413	47628499	True
10303	457088	chr7	Liftoff	gene	47627447	47630758	.	-	.	ID=gene-LOC111817697;Dbxref=GeneID:111817697;Name=LOC111817697;origin=liftoff;copy_num_ID=gene-LOC111817697_0;coverage=0.998;extra_copy_number=0;gbkey=Gene;gene=LOC111817697;gene_biotype=lncRNA;sequence_ID=0.994	LOC111817697	47627446	47630758	True
10304	457108	chr7	Liftoff	gene	47627828	47627899	.	-	.	ID=gene-LOC111817724;Dbxref=GeneID:111817724;Name=LOC111817724;origin=liftoff;copy_num_ID=gene-LOC111817724_0;coverage=1.0;extra_copy_number=0;gbkey=Gene;gene=LOC111817724;gene_biotype=snoRNA;sequence_ID=1.0	LOC111817724	47627827	47627899	True
10305	457111	chr7	Liftoff	gene	47629465	47629537	.	-	.	ID=gene-LOC111817720;Dbxref=GeneID:111817720;Name=LOC111817720;origin=liftoff;copy_num_ID=gene-LOC111817720_0;coverage=1.0;extra_copy_number=0;gbkey=Gene;gene=LOC111817720;gene_biotype=snoRNA;sequence_ID=1.0	LOC111817720	47629464	47629537	True
10306	457114	chr7	Liftoff	gene	47630230	47630302	.	-	.	ID=gene-LOC111817719;Dbxref=GeneID:111817719;Name=LOC111817719;origin=liftoff;copy_num_ID=gene-LOC111817719_0;coverage=1.0;extra_copy_number=0;gbkey=Gene;gene=LOC111817719;gene_biotype=snoRNA;sequence_ID=1.0	LOC111817719	47630229	47630302	True
10307	457117	chr7	Liftoff	gene	47633225	47655772	.	-	.	ID=gene-Trpv2;Dbxref=GeneID:101567232;Name=Trpv2;origin=liftoff;copy_num_ID=gene-Trpv2_0;coverage=1.0;extra_copy_number=0;gbkey=Gene;gene=Trpv2;gene_biotype=protein_coding;sequence_ID=0.999;valid_ORFs=1	TRPV2	47633224	47655772	True
10308	457149	chr7	Liftoff	gene	47679491	47682232	.	-	.	ID=gene-LOC111817698;Dbxref=GeneID:111817698;Name=LOC111817698;origin=liftoff;copy_num_ID=gene-LOC111817698_0;coverage=1.0;extra_copy_number=0;gbkey=Gene;gene=LOC111817698;gene_biotype=lncRNA;sequence_ID=0.998	LOC111817698	47679490	47682232	True
10309	457155	chr7	Liftoff	gene	47679646	47679717	.	-	.	ID=gene-LOC111817723;Dbxref=GeneID:111817723;Name=LOC111817723;origin=liftoff;copy_num_ID=gene-LOC111817723_0;coverage=1.0;extra_copy_number=0;gbkey=Gene;gene=LOC111817723;gene_biotype=snoRNA;sequence_ID=1.0	LOC111817723	47679645	47679717	True
10310	457158	chr7	Liftoff	gene	47680692	47680764	.	-	.	ID=gene-LOC111817721;Dbxref=GeneID:111817721;Name=LOC111817721;origin=liftoff;copy_num_ID=gene-LOC111817721_0;coverage=1.0;extra_copy_number=0;gbkey=Gene;gene=LOC111817721;gene_biotype=snoRNA;sequence_ID=1.0	LOC111817721	47680691	47680764	True
10311	457161	chr7	Liftoff	gene	47681907	47681979	.	-	.	ID=gene-LOC111817718;Dbxref=GeneID:111817718;Name=LOC111817718;origin=liftoff;copy_num_ID=gene-LOC111817718_0;coverage=1.0;extra_copy_number=0;gbkey=Gene;gene=LOC111817718;gene_biotype=snoRNA;sequence_ID=1.0	LOC111817718	47681906	47681979	True
10312	457164	chr7	Liftoff	gene	47685592	47688200	.	-	.	ID=gene-LOC111817699;Dbxref=GeneID:111817699;Name=LOC111817699;origin=liftoff;copy_num_ID=gene-LOC111817699_0;coverage=1.0;extra_copy_number=0;gbkey=Gene;gene=LOC111817699;gene_biotype=lncRNA;sequence_ID=0.993	LOC111817699	47685591	47688200	True
10345	459822	chr7	AUGUSTUS	gene	49844820	49846568	.	-	.	ID=gene-Utp18-dl1;Name=Utp18-dl1;origin=de_novo	UTP18-DL1	49844819	49846568	True
10346	459829	chr7	AUGUSTUS	gene	50134741	50136471	.	-	.	ID=gene-Utp18-dl2;Name=Utp18-dl2;origin=de_novo	UTP18-DL2	50134740	50136471	True
10347	459836	chr7	AUGUSTUS	gene	52053516	52055184	.	+	.	ID=gene-Eef1a1-dl44;Name=Eef1a1-dl44;origin=de_novo	EEF1A1-DL44	52053515	52055184	True
10387	461979	chr7	Liftoff	gene	54048747	54048819	.	+	.	ID=gene-LOC111812386;Dbxref=GeneID:111812386;Name=LOC111812386;origin=liftoff;copy_num_ID=gene-LOC111812386_0;coverage=1.0;extra_copy_number=0;gbkey=Gene;gene=LOC111812386;gene_biotype=snoRNA;sequence_ID=1.0	LOC111812386	54048746	54048819	True
10388	461982	chr7	Liftoff	gene	54048753	54050719	.	+	.	ID=gene-LOC111812357;Dbxref=GeneID:111812357;Name=LOC111812357;origin=liftoff;copy_num_ID=gene-LOC111812357_0;coverage=1.0;extra_copy_number=0;gbkey=Gene;gene=LOC111812357;gene_biotype=lncRNA;sequence_ID=0.998	LOC111812357	54048752	54050719	True
10389	461987	chr7	Liftoff	gene	54050357	54050428	.	+	.	ID=gene-LOC111812394;Dbxref=GeneID:111812394;Name=LOC111812394;origin=liftoff;copy_num_ID=gene-LOC111812394_0;coverage=1.0;extra_copy_number=0;gbkey=Gene;gene=LOC111812394;gene_biotype=snoRNA;sequence_ID=1.0	LOC111812394	54050356	54050428	True
10390	461990	chr7	Liftoff	gene	54083925	54103244	.	+	.	ID=gene-LOC101588015;Dbxref=GeneID:101588015;Name=LOC101588015;origin=liftoff;copy_num_ID=gene-LOC101588015_0;coverage=1.0;extra_copy_number=0;gbkey=Gene;gene=LOC101588015;gene_biotype=protein_coding;sequence_ID=0.997;valid_ORFs=1	LOC101588015	54083924	54103244	True
10391	462023	chr7	Liftoff	gene	54105619	54107144	.	+	.	ID=gene-LOC111812358;Dbxref=GeneID:111812358;Name=LOC111812358;origin=liftoff;copy_num_ID=gene-LOC111812358_0;coverage=1.0;extra_copy_number=0;gbkey=Gene;gene=LOC111812358;gene_biotype=lncRNA;sequence_ID=1.0	LOC111812358	54105618	54107144	True
10392	462028	chr7	Liftoff	gene	54105732	54105802	.	+	.	ID=gene-LOC111812388;Dbxref=GeneID:111812388;Name=LOC111812388;origin=liftoff;copy_num_ID=gene-LOC111812388_0;coverage=1.0;extra_copy_number=0;gbkey=Gene;gene=LOC111812388;gene_biotype=snoRNA;sequence_ID=1.0	LOC111812388	54105731	54105802	True
10393	462031	chr7	Liftoff	gene	54106933	54107005	.	+	.	ID=gene-LOC111812385;Dbxref=GeneID:111812385;Name=LOC111812385;origin=liftoff;copy_num_ID=gene-LOC111812385_0;coverage=1.0;extra_copy_number=0;gbkey=Gene;gene=LOC111812385;gene_biotype=snoRNA;sequence_ID=1.0	LOC111812385	54106932	54107005	True
10394	462034	chr7	Liftoff	gene	54107744	54107815	.	+	.	ID=gene-LOC111812395;Dbxref=GeneID:111812395;Name=LOC111812395;origin=liftoff;copy_num_ID=gene-LOC111812395_0;coverage=1.0;extra_copy_number=0;gbkey=Gene;gene=LOC111812395;gene_biotype=snoRNA;sequence_ID=1.0	LOC111812395	54107743	54107815	True
10395	462037	chr7	Liftoff	gene	54164054	54169404	.	+	.	ID=gene-LOC111812356;Dbxref=GeneID:111812356;Name=LOC111812356;origin=liftoff;copy_num_ID=gene-LOC111812356_0;coverage=1.0;extra_copy_number=0;gbkey=Gene;gene=LOC111812356;gene_biotype=lncRNA;sequence_ID=0.997	LOC111812356	54164053	54169404	True
10396	462057	chr7	Liftoff	gene	54164419	54164491	.	+	.	ID=gene-LOC111812384;Dbxref=GeneID:111812384;Name=LOC111812384;origin=liftoff;copy_num_ID=gene-LOC111812384_0;coverage=1.0;extra_copy_number=0;gbkey=Gene;gene=LOC111812384;gene_biotype=snoRNA;sequence_ID=1.0	LOC111812384	54164418	54164491	True
10397	462060	chr7	Liftoff	gene	54165194	54165268	.	+	.	ID=gene-LOC111812387;Dbxref=GeneID:111812387;Name=LOC111812387;origin=liftoff;copy_num_ID=gene-LOC111812387_0;coverage=1.0;extra_copy_number=0;gbkey=Gene;gene=LOC111812387;gene_biotype=snoRNA;sequence_ID=1.0	LOC111812387	54165193	54165268	True
10398	462063	chr7	Liftoff	gene	54166994	54167065	.	+	.	ID=gene-LOC111812393;Dbxref=GeneID:111812393;Name=LOC111812393;origin=liftoff;copy_num_ID=gene-LOC111812393_0;coverage=1.0;extra_copy_number=0;gbkey=Gene;gene=LOC111812393;gene_biotype=snoRNA;sequence_ID=0.986	LOC111812393	54166993	54167065	True
10399	462066	chr7	Liftoff	gene	54172432	54172539	.	-	.	ID=gene-LOC111812380;Dbxref=GeneID:111812380;Name=LOC111812380;origin=liftoff;copy_num_ID=gene-LOC111812380_0;coverage=1.0;extra_copy_number=0;gbkey=Gene;gene=LOC111812380;gene_biotype=snRNA;sequence_ID=1.0	LOC111812380	54172431	54172539	True
10453	463569	chr7	Liftoff	gene	59760312	60011066	.	-	.	ID=gene-Naa16;Dbxref=GeneID:101573377;Name=Naa16;origin=liftoff;copy_num_ID=gene-Naa16_0;coverage=1.0;extra_copy_number=0;gbkey=Gene;gene=Naa16;gene_biotype=protein_coding;sequence_ID=1.0;valid_ORFs=0	NAA16	59760311	60011066	True
10454	463613	chr7	Liftoff	gene	59822606	59824939	.	-	.	ID=gene-LOC111812355;Dbxref=GeneID:111812355;Name=LOC111812355;origin=liftoff;copy_num_ID=gene-LOC111812355_0;coverage=1.0;extra_copy_number=0;gbkey=Gene;gene=LOC111812355;gene_biotype=protein_coding;sequence_ID=0.997;valid_ORFs=1	LOC111812355	59822605	59824939	True
10463	463932	chr7	AUGUSTUS	gene	66430358	66432666	.	-	.	ID=gene-Eif3j1;Name=Eif3j1;origin=de_novo	EIF3J1	66430357	66432666	True
10490	464234	chr7	AUGUSTUS	gene	88218761	88219473	.	-	.	ID=gene-Srp14-dl3;Name=Srp14-dl3;origin=de_novo	SRP14-DL3	88218760	88219473	True
10567	468496	chr7	Liftoff	gene	119083285	119128552	.	+	.	ID=gene-Ipo5;Dbxref=GeneID:101580466;Name=Ipo5;origin=liftoff;copy_num_ID=gene-Ipo5_0;coverage=1.0;extra_copy_number=0;gbkey=Gene;gene=Ipo5;gene_biotype=protein_coding;sequence_ID=0.998;valid_ORFs=1	IPO5	119083284	119128552	True
10658	473632	chr8	AUGUSTUS	gene	54824	55078	.	+	.	ID=gene-Rps27-dl7;Name=Rps27-dl7;origin=de_novo	RPS27-DL7	54823	55078	True
10700	475720	chr8	Liftoff	gene	4213497	4255161	.	+	.	ID=gene-Usp50;Dbxref=GeneID:101564746;Name=Usp50;origin=liftoff;copy_num_ID=gene-Usp50_0;coverage=0.985;extra_copy_number=0;gbkey=Gene;gene=Usp50;gene_biotype=protein_coding;sequence_ID=0.981;valid_ORFs=1	USP50	4213496	4255161	True
10701	475738	chr8	Liftoff	gene	4253217	4336501	.	-	.	ID=gene-Usp8;Dbxref=GeneID:101570979;Name=Usp8;origin=liftoff;copy_num_ID=gene-Usp8_0;coverage=1.0;extra_copy_number=0;gbkey=Gene;gene=Usp8;gene_biotype=protein_coding;sequence_ID=0.997;valid_ORFs=3	USP8	4253216	4336501	True
10752	478637	chr8	Liftoff	gene	9431789	9489059	.	+	.	ID=gene-Wdhd1;Dbxref=GeneID:101562500;Name=Wdhd1;origin=liftoff;copy_num_ID=gene-Wdhd1_0;coverage=1.0;extra_copy_number=0;gbkey=Gene;gene=Wdhd1;gene_biotype=protein_coding;sequence_ID=0.995;valid_ORFs=1	WDHD1	9431788	9489059	True
10797	480354	chr8	Liftoff	gene	13868326	13963223	.	+	.	ID=gene-Sos2;Dbxref=GeneID:101573641;Name=Sos2;origin=liftoff;copy_num_ID=gene-Sos2_0;coverage=1.0;end_range=4822123,.;extra_copy_number=0;gbkey=Gene;gene=Sos2;gene_biotype=protein_coding;partial=true;sequence_ID=0.998;valid_ORFs=0	SOS2	13868325	13963223	True
10927	485075	chr8	Liftoff	gene	42142883	42176412	.	+	.	ID=gene-Gzmb;Dbxref=GeneID:101575144;Name=Gzmb;origin=rename;copy_num_ID=gene-LOC101575144_0;coverage=1.0;extra_copy_number=0;gbkey=Gene;gene=LOC101575144;gene_biotype=protein_coding;sequence_ID=0.998;valid_ORFs=2	GZMB	42142882	42176412	True
10933	485182	chr8	Liftoff	gene	42524792	42528974	.	+	.	ID=gene-Gzmh-l1;Dbxref=GeneID:101577446;Name=Gzmh-l1;origin=rename;copy_num_ID=gene-LOC101577446_0;coverage=1.0;extra_copy_number=0;gbkey=Gene;gene=LOC101577446;gene_biotype=protein_coding;sequence_ID=0.997;valid_ORFs=1	GZMH-L1	42524791	42528974	True
10939	485246	chr8	Liftoff	gene	42894976	42899478	.	+	.	ID=gene-Gzmb-l7;Dbxref=GeneID:101589677;Name=Gzmb-l7;origin=rename;copy_num_ID=gene-LOC101589677_0;coverage=1.0;extra_copy_number=0;gbkey=Gene;gene=LOC101589677;gene_biotype=protein_coding;sequence_ID=0.998;valid_ORFs=1	GZMB-L7	42894975	42899478	True
10940	485258	chr8	Liftoff	gene	43031018	43034235	.	+	.	ID=gene-Gzmb-l8;Dbxref=GeneID:101590083;Name=Gzmb-l8;origin=rename;copy_num_ID=gene-LOC101590083_0;coverage=1.0;extra_copy_number=0;gbkey=Gene;gene=LOC101590083;gene_biotype=protein_coding;sequence_ID=1.0;valid_ORFs=1	GZMB-L8	43031017	43034235	True
10941	485270	chr8	Liftoff	gene	43039148	43040873	.	-	.	ID=gene-Tmem209-l1;Dbxref=GeneID:101590474;Name=Tmem209-l1;origin=rename;copy_num_ID=gene-LOC101590474_0;coverage=0.998;extra_copy_number=0;gbkey=Gene;gene=LOC101590474;gene_biotype=protein_coding;sequence_ID=0.997;valid_ORFs=0	TMEM209-L1	43039147	43040873	True
10942	485280	chr8	Liftoff	gene	43110653	43114261	.	+	.	ID=gene-Gzmb-l9;Dbxref=GeneID:101590862;Name=Gzmb-l9;origin=rename;copy_num_ID=gene-LOC101590862_0;coverage=1.0;extra_copy_number=0;gbkey=Gene;gene=LOC101590862;gene_biotype=protein_coding;sequence_ID=0.997;valid_ORFs=1	GZMB-L9	43110652	43114261	True
10943	485292	chr8	Liftoff	gene	43230910	43234277	.	+	.	ID=gene-Gzmb-l10;Dbxref=GeneID:101591262;Name=Gzmb-l10;origin=rename;copy_num_ID=gene-LOC101591262_0;coverage=1.0;extra_copy_number=0;gbkey=Gene;gene=LOC101591262;gene_biotype=protein_coding;sequence_ID=0.996;valid_ORFs=1	GZMB-L10	43230909	43234277	True
10952	485396	chr8	Liftoff	gene	43715863	43719495	.	+	.	ID=gene-Gzmb-l15;Dbxref=GeneID:101567073;Name=Gzmb-l15;origin=rename;copy_num_ID=gene-LOC101567073_0;coverage=1.0;extra_copy_number=0;gbkey=Gene;gene=LOC101567073;gene_biotype=protein_coding;sequence_ID=0.998;valid_ORFs=0	GZMB-L15	43715862	43719495	True
11042	488844	chr8	Liftoff	gene	46031899	46457971	.	-	.	ID=gene-LOC101566017;Dbxref=GeneID:101566017;Name=LOC101566017;origin=liftoff;copy_num_ID=gene-LOC101566017_0;coverage=1.0;extra_copy_number=0;gbkey=Gene;gene=LOC101566017;gene_biotype=C_region;sequence_ID=0.999;valid_ORFs=1	LOC101566017	46031898	46457971	True
11043	488858	chr8	Liftoff	gene	46111117	46298999	.	-	.	ID=gene-LOC111814161;Dbxref=GeneID:111814161;Name=LOC111814161;origin=liftoff;copy_num_ID=gene-LOC111814161_0;coverage=1.0;extra_copy_number=0;gbkey=Gene;gene=LOC111814161;gene_biotype=C_region;sequence_ID=0.999;valid_ORFs=1	LOC111814161	46111116	46298999	True
11050	488919	chr8	AUGUSTUS	gene	46769175	46769681	.	-	.	ID=gene-Trav9-2-dl1;Name=Trav9-2-dl1;origin=de_novo	TRAV9-2-DL1	46769174	46769681	True
11051	488929	chr8	Liftoff	gene	46856239	46856859	.	-	.	ID=gene-LOC111814166;Dbxref=GeneID:111814166;Name=LOC111814166;origin=liftoff;copy_num_ID=gene-LOC111814166_0;coverage=1.0;extra_copy_number=0;gbkey=Gene;gene=LOC111814166;gene_biotype=V_segment;sequence_ID=0.997;valid_ORFs=1	LOC111814166	46856238	46856859	True
11053	488946	chr8	Liftoff	gene	46891922	46892448	.	-	.	ID=gene-LOC111814165;Dbxref=GeneID:111814165;Name=LOC111814165;origin=liftoff;copy_num_ID=gene-LOC111814165_0;coverage=1.0;extra_copy_number=0;gbkey=Gene;gene=LOC111814165;gene_biotype=V_segment;sequence_ID=0.982;valid_ORFs=1	LOC111814165	46891921	46892448	True
11054	488955	chr8	AUGUSTUS	gene	46891922	46892448	.	-	.	ID=gene-Trav9-2-dl2;Name=Trav9-2-dl2;origin=de_novo	TRAV9-2-DL2	46891921	46892448	True
11055	488964	chr8	Liftoff	gene	46928127	46931074	.	-	.	ID=gene-LOC101561646;Dbxref=GeneID:101561646;Name=LOC101561646;origin=liftoff;copy_num_ID=gene-LOC101561646_0;coverage=1.0;extra_copy_number=0;gbkey=Gene;gene=LOC101561646;gene_biotype=V_segment;sequence_ID=0.997;valid_ORFs=1	LOC101561646	46928126	46931074	True
11056	488972	chr8	Liftoff	gene	46937143	46982196	.	-	.	ID=gene-LOC101561250;Dbxref=GeneID:101561250;Name=LOC101561250;origin=liftoff;copy_num_ID=gene-LOC101561250_0;coverage=1.0;extra_copy_number=0;gbkey=Gene;gene=LOC101561250;gene_biotype=V_segment;sequence_ID=0.988;valid_ORFs=1	LOC101561250	46937142	46982196	True
11057	488979	chr8	AUGUSTUS	gene	46997320	46997912	.	-	.	ID=gene-Trav18;Name=Trav18;origin=de_novo	TRAV18	46997319	46997912	True
11058	488989	chr8	Liftoff	gene	47020783	47021477	.	-	.	ID=gene-LOC111814163;Dbxref=GeneID:111814163;Name=LOC111814163;origin=liftoff;copy_num_ID=gene-LOC111814163_0;coverage=1.0;extra_copy_number=0;gbkey=Gene;gene=LOC111814163;gene_biotype=V_segment;sequence_ID=0.997;valid_ORFs=1	LOC111814163	47020782	47021477	True
11059	488996	chr8	AUGUSTUS	gene	47029249	47029867	.	-	.	ID=gene-Trav9-1;Name=Trav9-1;origin=de_novo	TRAV9-1	47029248	47029867	True
11061	489016	chr8	Liftoff	gene	47271234	47271749	.	-	.	ID=gene-LOC101583664;Dbxref=GeneID:101583664;Name=LOC101583664;origin=liftoff;copy_num_ID=gene-LOC101583664_0;coverage=1.0;extra_copy_number=0;gbkey=Gene;gene=LOC101583664;gene_biotype=V_segment;sequence_ID=0.988;valid_ORFs=1	LOC101583664	47271233	47271749	True
11062	489022	chr8	AUGUSTUS	gene	47295816	47296187	.	-	.	ID=gene-Rpl35-dl19;Name=Rpl35-dl19;origin=de_novo	RPL35-DL19	47295815	47296187	True
11063	489029	chr8	Liftoff	gene	47377228	47377335	.	+	.	ID=gene-LOC111814739;Dbxref=GeneID:111814739;Name=LOC111814739;origin=liftoff;copy_num_ID=gene-LOC111814739_0;coverage=1.0;extra_copy_number=0;gbkey=Gene;gene=LOC111814739;gene_biotype=snRNA;sequence_ID=0.981	LOC111814739	47377227	47377335	True
11159	490819	chr8	Liftoff	gene	57856517	57856822	.	-	.	ID=gene-LOC101572151;Dbxref=GeneID:101572151;Name=LOC101572151;origin=liftoff;copy_num_ID=gene-LOC101572151_0;coverage=1.0;extra_copy_number=0;gbkey=Gene;gene=LOC101572151;gene_biotype=protein_coding;sequence_ID=0.996;valid_ORFs=1	LOC101572151	57856516	57856822	True
11160	490823	chr8	Liftoff	gene	57898862	57940261	.	-	.	ID=gene-Rnase6-l2;Dbxref=GeneID:101589288;Name=Rnase6-l2;origin=rename;copy_num_ID=gene-LOC101589288_0;coverage=1.0;extra_copy_number=0;gbkey=Gene;gene=LOC101589288;gene_biotype=protein_coding;sequence_ID=0.995;valid_ORFs=1	RNASE6-L2	57898861	57940261	True
11161	490830	chr8	Liftoff	gene	57993605	57994105	.	-	.	ID=gene-Rnase6-l3;Dbxref=GeneID:101588890;Name=Rnase6-l3;origin=rename;copy_num_ID=gene-LOC101588890_0;coverage=1.0;extra_copy_number=0;gbkey=Gene;gene=LOC101588890;gene_biotype=protein_coding;sequence_ID=0.998;valid_ORFs=1	RNASE6-L3	57993604	57994105	True
11162	490834	chr8	Liftoff	gene	58181090	58191234	.	+	.	ID=gene-LOC111814729;Dbxref=GeneID:111814729;Name=LOC111814729;origin=liftoff;copy_num_ID=gene-LOC111814729_0;coverage=1.0;extra_copy_number=0;gbkey=Gene;gene=LOC111814729;gene_biotype=lncRNA;sequence_ID=1.0	LOC111814729	58181089	58191234	True
11163	490839	chr8	Liftoff	gene	58286107	58287355	.	-	.	ID=gene-Rnase6-l4;Dbxref=GeneID:101573467;Name=Rnase6-l4;origin=rename;copy_num_ID=gene-LOC101573467_0;coverage=1.0;extra_copy_number=0;gbkey=Gene;gene=LOC101573467;gene_biotype=protein_coding;sequence_ID=0.998;valid_ORFs=1	RNASE6-L4	58286106	58287355	True
11164	490847	chr8	Liftoff	gene	58477634	58478116	.	-	.	ID=gene-Rnase1-l2;Dbxref=GeneID:101568519;Name=Rnase1-l2;origin=rename;copy_num_ID=gene-LOC101568519_0;coverage=1.0;extra_copy_number=0;gbkey=Gene;gene=LOC101568519;gene_biotype=protein_coding;sequence_ID=0.980;valid_ORFs=1	RNASE1-L2	58477633	58478116	True
11183	490944	chr8	Liftoff	gene	58895891	58896788	.	+	.	ID=gene-Rnase9;Dbxref=GeneID:111813458;Name=Rnase9;origin=liftoff;copy_num_ID=gene-Rnase9_0;coverage=1.0;extra_copy_number=0;gbkey=Gene;gene=Rnase9;gene_biotype=protein_coding;sequence_ID=0.999;valid_ORFs=1	RNASE9	58895890	58896788	True
11192	491110	chr8	Liftoff	gene	59119544	59166086	.	+	.	ID=gene-Tep1;Dbxref=GeneID:101559904;Name=Tep1;origin=rename;copy_num_ID=gene-LOC101559904_0;coverage=1.0;extra_copy_number=0;gbkey=Gene;gene=LOC101559904;gene_biotype=protein_coding;sequence_ID=0.995;valid_ORFs=1	TEP1	59119543	59166086	True
11193	491222	chr8	Liftoff	gene	59206902	59212747	.	+	.	ID=gene-Tmem136;Dbxref=GeneID:101573560;Name=Tmem136;origin=liftoff;copy_num_ID=gene-Tmem136_0;coverage=1.0;extra_copy_number=0;gbkey=Gene;gene=Tmem136;gene_biotype=protein_coding;sequence_ID=0.998;valid_ORFs=0	TMEM136	59206901	59212747	True
11194	491231	chr8	Liftoff	gene	59261304	59291949	.	+	.	ID=gene-Tep1-l1;Dbxref=GeneID:101561881;Name=Tep1-l1;origin=rename;copy_num_ID=gene-LOC101561881_0;coverage=0.999;extra_copy_number=0;gbkey=Gene;gene=LOC101561881;gene_biotype=protein_coding;sequence_ID=0.991;valid_ORFs=0	TEP1-L1	59261303	59291949	True
11195	491320	chr8	Liftoff	gene	59356769	59356959	.	-	.	ID=gene-LOC111813463;Dbxref=GeneID:111813463;Name=LOC111813463;origin=liftoff;copy_num_ID=gene-LOC111813463_0;coverage=1.0;extra_copy_number=0;gbkey=Gene;gene=LOC111813463;gene_biotype=snRNA;sequence_ID=0.973	LOC111813463	59356768	59356959	True
11196	491323	chr8	AUGUSTUS	gene	59421765	59422418	.	-	.	ID=gene-Rflnb-dl2;Name=Rflnb-dl2;origin=de_novo	RFLNB-DL2	59421764	59422418	True
11197	491330	chr8	Liftoff	gene	59443567	59444163	.	+	.	ID=gene-LOC101564679;Dbxref=GeneID:101564679;Name=LOC101564679;origin=liftoff;copy_num_ID=gene-LOC101564679_0;coverage=1.0;extra_copy_number=0;gbkey=Gene;gene=LOC101564679;gene_biotype=protein_coding;sequence_ID=0.997;valid_ORFs=1	LOC101564679	59443566	59444163	True
11198	491335	chr8	Liftoff	gene	59450411	59451437	.	+	.	ID=gene-LOC111813444;Dbxref=GeneID:111813444;Name=LOC111813444;origin=liftoff;copy_num_ID=gene-LOC111813444_0;coverage=1.0;extra_copy_number=0;gbkey=Gene;gene=LOC111813444;gene_biotype=lncRNA;sequence_ID=0.996	LOC111813444	59450410	59451437	True
11199	491340	chr8	Liftoff	gene	59541287	59592526	.	-	.	ID=gene-Tep1-l2;Dbxref=GeneID:101565459;Name=Tep1-l2;origin=rename;copy_num_ID=gene-LOC101565459_0;coverage=1.0;extra_copy_number=0;gbkey=Gene;gene=LOC101565459;gene_biotype=protein_coding;sequence_ID=0.998;valid_ORFs=0	TEP1-L2	59541286	59592526	True
11212	491626	chr8	Liftoff	gene	60157282	60162719	.	-	.	ID=gene-LOC101578334;Dbxref=GeneID:101578334;Name=LOC101578334;origin=liftoff;copy_num_ID=gene-LOC101578334_0;coverage=1.0;extra_copy_number=0;gbkey=Gene;gene=LOC101578334;gene_biotype=protein_coding;sequence_ID=0.997;valid_ORFs=2	LOC101578334	60157281	60162719	True
11214	491640	chr8	Liftoff	gene	60302028	60310577	.	-	.	ID=gene-LOC101572226;Dbxref=GeneID:101572226;Name=LOC101572226;origin=liftoff;copy_num_ID=gene-LOC101572226_0;coverage=1.0;extra_copy_number=0;gbkey=Gene;gene=LOC101572226;gene_biotype=protein_coding;sequence_ID=1.0;valid_ORFs=1	LOC101572226	60302027	60310577	True
11235	491758	chr8	Liftoff	gene	61532880	61533485	.	+	.	ID=gene-LOC111813456;Dbxref=GeneID:111813456;Name=LOC111813456;origin=liftoff;copy_num_ID=gene-LOC111813456_0;coverage=1.0;extra_copy_number=0;gbkey=Gene;gene=LOC111813456;gene_biotype=protein_coding;sequence_ID=0.997;valid_ORFs=0	LOC111813456	61532879	61533485	True
11239	491787	chr8	Liftoff	gene	64944918	64945844	.	+	.	ID=gene-Or4n5;Dbxref=GeneID:101561269;Name=Or4n5;origin=rename;copy_num_ID=gene-LOC101561269_0;coverage=1.0;extra_copy_number=0;gbkey=Gene;gene=LOC101561269;gene_biotype=protein_coding;sequence_ID=0.990;valid_ORFs=0	OR4N5	64944917	64945844	True
11249	491881	chr8	Liftoff	gene	65419908	65470365	.	-	.	ID=gene-Sde2;Dbxref=GeneID:101579762;Name=Sde2;origin=liftoff;copy_num_ID=gene-Sde2_0;coverage=1.0;extra_copy_number=0;gbkey=Gene;gene=Sde2;gene_biotype=protein_coding;sequence_ID=0.997;valid_ORFs=1	SDE2	65419907	65470365	True
11388	499950	chr8	Liftoff	gene	74990109	75021863	.	+	.	ID=gene-Klhl12;Dbxref=GeneID:101576016;Name=Klhl12;origin=liftoff;copy_num_ID=gene-Klhl12_0;coverage=1.0;extra_copy_number=0;gbkey=Gene;gene=Klhl12;gene_biotype=protein_coding;sequence_ID=0.999;valid_ORFs=2	KLHL12	74990108	75021863	True
11486	504176	chr8	Liftoff	gene	91933940	91968714	.	-	.	ID=gene-Odr4;Dbxref=GeneID:101562671;Name=Odr4;origin=liftoff;copy_num_ID=gene-Odr4_0;coverage=1.0;extra_copy_number=0;gbkey=Gene;gene=Odr4;gene_biotype=protein_coding;sequence_ID=0.995;valid_ORFs=1	ODR4	91933939	91968714	True
11528	506492	chr8	Liftoff	gene	95764792	95764896	.	-	.	ID=gene-LOC111814137;Dbxref=GeneID:111814137;Name=LOC111814137;origin=liftoff;copy_num_ID=gene-LOC111814137_0;coverage=1.0;extra_copy_number=0;gbkey=Gene;gene=LOC111814137;gene_biotype=snRNA;sequence_ID=0.990	LOC111814137	95764791	95764896	True
11529	506495	chr8	Liftoff	gene	95849479	95849583	.	-	.	ID=gene-LOC111813261;Dbxref=GeneID:111813261;Name=LOC111813261;origin=liftoff;copy_num_ID=gene-LOC111813261_0;coverage=1.0;extra_copy_number=0;gbkey=Gene;gene=LOC111813261;gene_biotype=snRNA;sequence_ID=1.0	LOC111813261	95849478	95849583	True
11568	507799	chr8	Liftoff	gene	100076822	100121982	.	-	.	ID=gene-Fam20b;Dbxref=GeneID:101586464;Name=Fam20b;origin=liftoff;copy_num_ID=gene-Fam20b_0;coverage=1.0;extra_copy_number=0;gbkey=Gene;gene=Fam20b;gene_biotype=protein_coding;sequence_ID=0.997;valid_ORFs=1	FAM20B	100076821	100121982	True
11784	518049	chr8	AUGUSTUS	gene	127141377	127143448	.	-	.	ID=gene-Sh3bgrl-dl4;Name=Sh3bgrl-dl4;origin=de_novo	SH3BGRL-DL4	127141376	127143448	True
11786	518065	chr9	Liftoff	gene	9666577	9667059	.	+	.	ID=gene-LOC105741326;Dbxref=GeneID:105741326;Name=LOC105741326;origin=liftoff;copy_num_ID=gene-LOC105741326_0;coverage=1.0;extra_copy_number=0;gbkey=Gene;gene=LOC105741326;gene_biotype=protein_coding;sequence_ID=1.0;valid_ORFs=1	LOC105741326	9666576	9667059	True
11978	536014	chr9	Liftoff	gene	40564610	40668510	.	-	.	ID=gene-Nckap1;Dbxref=GeneID:101561478;Name=Nckap1;origin=liftoff;copy_num_ID=gene-Nckap1_0;coverage=1.0;extra_copy_number=0;gbkey=Gene;gene=Nckap1;gene_biotype=protein_coding;sequence_ID=0.980;valid_ORFs=0	NCKAP1	40564609	40668510	True
11979	536079	chr9	Liftoff	gene	40613381	40613987	.	+	.	ID=gene-LOC101579573;Dbxref=GeneID:101579573;Name=LOC101579573;origin=liftoff;copy_num_ID=gene-LOC101579573_0;coverage=0.994;extra_copy_number=0;gbkey=Gene;gene=LOC101579573;gene_biotype=protein_coding;partial=true;sequence_ID=0.994;start_range=.,1602;valid_ORFs=0	LOC101579573	40613380	40613987	True
12051	538864	chr9	AUGUSTUS	gene	54517426	54520418	.	+	.	ID=gene-Mars2;Name=Mars2;origin=de_novo	MARS2	54517425	54520418	True
12052	538872	chr9	Liftoff	gene	54530122	54570354	.	-	.	ID=gene-Boll;Dbxref=GeneID:101575005;Name=Boll;origin=liftoff;copy_num_ID=gene-Boll_0;coverage=0.938;extra_copy_number=0;gbkey=Gene;gene=Boll;gene_biotype=protein_coding;sequence_ID=0.938;valid_ORFs=1	BOLL	54530121	54570354	True
12053	538893	chr9	Liftoff	gene	54603034	54880449	.	+	.	ID=gene-Plcl1;Dbxref=GeneID:101574210;Name=Plcl1;origin=liftoff;copy_num_ID=gene-Plcl1_0;coverage=0.999;extra_copy_number=0;gbkey=Gene;gene=Plcl1;gene_biotype=protein_coding;sequence_ID=0.999;valid_ORFs=1	PLCL1	54603033	54880449	True
12121	543503	chr9	Liftoff	gene	66359006	66451815	.	-	.	ID=gene-Armc3;Dbxref=GeneID:101570886;Name=Armc3;origin=liftoff;copy_num_ID=gene-Armc3_0;coverage=1.0;extra_copy_number=0;gbkey=Gene;gene=Armc3;gene_biotype=protein_coding;sequence_ID=0.999;valid_ORFs=1	ARMC3	66359005	66451815	True
12122	543535	chr9	Liftoff	gene	66478890	66478996	.	+	.	ID=gene-LOC111817600;Dbxref=GeneID:111817600;Name=LOC111817600;origin=liftoff;copy_num_ID=gene-LOC111817600_0;coverage=1.0;extra_copy_number=0;gbkey=Gene;gene=LOC111817600;gene_biotype=snRNA;sequence_ID=0.981	LOC111817600	66478889	66478996	True
12123	543538	chr9	AUGUSTUS	gene	66558179	66558925	.	+	.	ID=gene-Sfn-dl1;Name=Sfn-dl1;origin=de_novo	SFN-DL1	66558178	66558925	True
12172	545871	chr9	Liftoff	gene	75636049	75935669	.	+	.	ID=gene-Iqsec1;Dbxref=GeneID:101585197;Name=Iqsec1;origin=liftoff;copy_num_ID=gene-Iqsec1_0;coverage=0.999;extra_copy_number=0;gbkey=Gene;gene=Iqsec1;gene_biotype=protein_coding;sequence_ID=0.999;valid_ORFs=8	IQSEC1	75636048	75935669	True
12175	546131	chr9	Liftoff	gene	76044975	76046231	.	+	.	ID=gene-LOC111814537;Dbxref=GeneID:111814537;Name=LOC111814537;origin=liftoff;copy_num_ID=gene-LOC111814537_0;coverage=1.0;extra_copy_number=0;gbkey=Gene;gene=LOC111814537;gene_biotype=lncRNA;sequence_ID=1.0	LOC111814537	76044974	76046231	True
12176	546136	chr9	Liftoff	gene	76287731	76306868	.	-	.	ID=gene-LOC111813995;Dbxref=GeneID:111813995;Name=LOC111813995;origin=liftoff;copy_num_ID=gene-LOC111813995_0;coverage=1.0;extra_copy_number=0;gbkey=Gene;gene=LOC111813995;gene_biotype=lncRNA;sequence_ID=0.997	LOC111813995	76287730	76306868	True
12177	546141	chr9	Liftoff	gene	76290376	76291514	.	+	.	ID=gene-LOC111813996;Dbxref=GeneID:111813996;Name=LOC111813996;origin=liftoff;copy_num_ID=gene-LOC111813996_0;coverage=1.0;extra_copy_number=0;gbkey=Gene;gene=LOC111813996;gene_biotype=lncRNA;sequence_ID=0.986	LOC111813996	76290375	76291514	True
12180	546161	chr9	Liftoff	gene	76551706	76571059	.	+	.	ID=gene-LOC111814788;Dbxref=GeneID:111814788;Name=LOC111814788;origin=liftoff;copy_num_ID=gene-LOC111814788_0;coverage=1.0;extra_copy_number=0;gbkey=Gene;gene=LOC111814788;gene_biotype=lncRNA;sequence_ID=1.0	LOC111814788	76551705	76571059	True
12181	546166	chr9	Liftoff	gene	76564467	76571992	.	-	.	ID=gene-LOC111814787;Dbxref=GeneID:111814787;Name=LOC111814787;origin=liftoff;copy_num_ID=gene-LOC111814787_0;coverage=1.0;extra_copy_number=0;gbkey=Gene;gene=LOC111814787;gene_biotype=lncRNA;sequence_ID=0.994	LOC111814787	76564466	76571992	True
12182	546171	chr9	Liftoff	gene	76581940	76582014	.	+	.	ID=gene-LOC111814789;Dbxref=GeneID:111814789;Name=LOC111814789;origin=liftoff;copy_num_ID=gene-LOC111814789_0;coverage=1.0;extra_copy_number=0;gbkey=Gene;gene=LOC111814789;gene_biotype=snRNA;sequence_ID=1.0	LOC111814789	76581939	76582014	True
12183	546174	chr9	Liftoff	gene	76587418	76612305	.	+	.	ID=gene-C3orf20;Dbxref=GeneID:101565375;Name=C3orf20;origin=rename;copy_num_ID=gene-LOC101565375_0;coverage=1.0;end_range=131164,.;extra_copy_number=0;gbkey=Gene;gene=LOC101565375;gene_biotype=protein_coding;partial=true;sequence_ID=0.994;start_range=.,104702;valid_ORFs=0	C3ORF20	76587417	76612305	True
12184	546191	chr9	Liftoff	gene	76715110	76811260	.	-	.	ID=gene-Armc3-l1;Dbxref=GeneID:101584944;Name=Armc3-l1;origin=rename;copy_num_ID=gene-LOC101584944_0;coverage=1.0;extra_copy_number=0;gbkey=Gene;gene=LOC101584944;gene_biotype=protein_coding;sequence_ID=0.997;valid_ORFs=1	ARMC3-L1	76715109	76811260	True
12185	546225	chr9	Liftoff	gene	76769385	76770266	.	-	.	ID=gene-LOC101584168;Dbxref=GeneID:101584168;Name=LOC101584168;origin=liftoff;copy_num_ID=gene-LOC101584168_0;coverage=1.0;extra_copy_number=0;gbkey=Gene;gene=LOC101584168;gene_biotype=protein_coding;sequence_ID=0.997;valid_ORFs=0	LOC101584168	76769384	76770266	True
12186	546230	chr9	AUGUSTUS	gene	76877240	76878393	.	+	.	ID=gene-Vdac2-dl2;Name=Vdac2-dl2;origin=de_novo	VDAC2-DL2	76877239	76878393	True
12191	546496	chr9	Liftoff	gene	77139576	77213191	.	-	.	ID=gene-Fgd5;Dbxref=GeneID:101581506;Name=Fgd5;origin=liftoff;copy_num_ID=gene-Fgd5_0;coverage=1.0;extra_copy_number=0;gbkey=Gene;gene=Fgd5;gene_biotype=protein_coding;sequence_ID=0.997;valid_ORFs=1	FGD5	77139575	77213191	True
12192	546533	chr9	Liftoff	gene	77259576	77320937	.	-	.	ID=gene-Cunh3orf20;Dbxref=GeneID:111813870;Name=Cunh3orf20;origin=liftoff;copy_num_ID=gene-CUNH3orf20_0;coverage=1.0;extra_copy_number=0;gbkey=Gene;gene=CUNH3orf20;gene_biotype=protein_coding;sequence_ID=0.997;valid_ORFs=0	CUNH3ORF20	77259575	77320937	True
12193	546552	chr9	Liftoff	gene	77319569	77557218	.	+	.	ID=gene-Tmcc1;Dbxref=GeneID:101570376;Name=Tmcc1;origin=liftoff;copy_num_ID=gene-Tmcc1_0;coverage=1.0;extra_copy_number=0;gbkey=Gene;gene=Tmcc1;gene_biotype=protein_coding;sequence_ID=0.999;valid_ORFs=9	TMCC1	77319568	77557218	True
12231	548635	chr9	Liftoff	gene	80066761	80070355	.	-	.	ID=gene-LOC111813869;Dbxref=GeneID:111813869;Name=LOC111813869;origin=liftoff;copy_num_ID=gene-LOC111813869_0;coverage=1.0;extra_copy_number=0;gbkey=Gene;gene=LOC111813869;gene_biotype=protein_coding;sequence_ID=0.997;valid_ORFs=1	LOC111813869	80066760	80070355	True
12232	548646	chr9	Liftoff	gene	80192103	80255230	.	-	.	ID=gene-Rab7a;Dbxref=GeneID:101577147;Name=Rab7a;origin=liftoff;copy_num_ID=gene-Rab7a_0;coverage=0.941;extra_copy_number=0;gbkey=Gene;gene=Rab7a;gene_biotype=protein_coding;sequence_ID=0.934;valid_ORFs=0	RAB7A	80192102	80255230	True
12261	549741	chr9	Liftoff	gene	82507399	82538870	.	+	.	ID=gene-Ccdc174;Dbxref=GeneID:101581515;Name=Ccdc174;origin=liftoff;copy_num_ID=gene-Ccdc174_0;coverage=1.0;extra_copy_number=0;gbkey=Gene;gene=Ccdc174;gene_biotype=protein_coding;sequence_ID=0.997;valid_ORFs=0	CCDC174	82507398	82538870	True
12354	553582	chr9	Liftoff	gene	95698275	95747798	.	-	.	ID=gene-Cep78;Dbxref=GeneID:101572177;Name=Cep78;origin=liftoff;copy_num_ID=gene-Cep78_0;coverage=1.0;extra_copy_number=0;gbkey=Gene;gene=Cep78;gene_biotype=protein_coding;partial=true;sequence_ID=0.998;start_range=.,4918916;valid_ORFs=0	CEP78	95698274	95747798	True
12360	553686	chr9	Liftoff	gene	96604674	96604736	.	+	.	ID=gene-LOC111818571;Dbxref=GeneID:111818571;Name=LOC111818571;origin=liftoff;copy_num_ID=gene-LOC111818571_0;coverage=1.0;extra_copy_number=0;gbkey=Gene;gene=LOC111818571;gene_biotype=snoRNA;sequence_ID=1.0	LOC111818571	96604673	96604736	True
12380	554868	chr9	AUGUSTUS	gene	101161217	101414472	.	+	.	ID=gene-Aldh1a1;Name=Aldh1a1;origin=replace	ALDH1A1	101161216	101414472	True
12381	554935	chr9	Liftoff	gene	101468452	101504679	.	-	.	ID=gene-Aldh1a1-l1;Dbxref=GeneID:101580521;Name=Aldh1a1-l1;origin=rename;copy_num_ID=gene-LOC101580521_0;coverage=1.0;extra_copy_number=0;gbkey=Gene;gene=LOC101580521;gene_biotype=protein_coding;sequence_ID=0.992;valid_ORFs=2	ALDH1A1-L1	101468451	101504679	True
12382	554988	chr9	Liftoff	gene	101646865	101656983	.	+	.	ID=gene-LOC101580917;Dbxref=GeneID:101580917;Name=LOC101580917;origin=liftoff;copy_num_ID=gene-LOC101580917_0;coverage=1.0;extra_copy_number=0;gbkey=Gene;gene=LOC101580917;gene_biotype=protein_coding;sequence_ID=1.0;valid_ORFs=1	LOC101580917	101646864	101656983	True
12383	555003	chr9	Liftoff	gene	101657850	101768055	.	+	.	ID=gene-LOC101581313;Dbxref=GeneID:101581313;Name=LOC101581313;origin=liftoff;copy_num_ID=gene-LOC101581313_0;coverage=1.0;extra_copy_number=0;gbkey=Gene;gene=LOC101581313;gene_biotype=protein_coding;sequence_ID=0.994;valid_ORFs=1	LOC101581313	101657849	101768055	True
12387	555138	chr9	Liftoff	gene	102796621	102845123	.	-	.	ID=gene-Tpx2-l1;Dbxref=GeneID:101592834;Name=Tpx2-l1;origin=rename;copy_num_ID=gene-LOC101592834_0;coverage=1.0;extra_copy_number=0;gbkey=Gene;gene=LOC101592834;gene_biotype=protein_coding;sequence_ID=1.0;valid_ORFs=1	TPX2-L1	102796620	102845123	True
12388	555163	chr9	Liftoff	gene	102810597	102810659	.	-	.	ID=gene-LOC111818333;Dbxref=GeneID:111818333;Name=LOC111818333;origin=liftoff;copy_num_ID=gene-LOC111818333_0;coverage=1.0;extra_copy_number=0;gbkey=Gene;gene=LOC111818333;gene_biotype=snoRNA;sequence_ID=1.0	LOC111818333	102810596	102810659	True
12500	560236	chr9	Liftoff	gene	124917798	125871513	.	+	.	ID=gene-Adamtsl1;Dbxref=GeneID:101578101;Name=Adamtsl1;origin=liftoff;copy_num_ID=gene-Adamtsl1_0;coverage=1.0;extra_copy_number=0;gbkey=Gene;gene=Adamtsl1;gene_biotype=protein_coding;sequence_ID=0.997;valid_ORFs=1	ADAMTSL1	124917797	125871513	True
12530	561479	chr9	AUGUSTUS	gene	128199537	128200331	.	-	.	ID=gene-Exosc5-dl1;Name=Exosc5-dl1;origin=de_novo	EXOSC5-DL1	128199536	128200331	True
12531	561487	chr10	Liftoff	gene	10546	89985	.	-	.	ID=gene-Ptpn2;Dbxref=GeneID:101570136;Name=Ptpn2;origin=liftoff;copy_num_ID=gene-Ptpn2_0;coverage=1.0;extra_copy_number=0;gbkey=Gene;gene=Ptpn2;gene_biotype=protein_coding;sequence_ID=0.999;valid_ORFs=3	PTPN2	10545	89985	True
12534	561639	chr10	Liftoff	gene	705282	706972	.	+	.	ID=gene-LOC101568149;Dbxref=GeneID:101568149;Name=LOC101568149;origin=liftoff;copy_num_ID=gene-LOC101568149_0;coverage=0.993;extra_copy_number=0;gbkey=Gene;gene=LOC101568149;gene_biotype=protein_coding;sequence_ID=0.991;valid_ORFs=1	LOC101568149	705281	706972	True
12544	561873	chr10	Liftoff	gene	1524178	1537957	.	-	.	ID=gene-Psmg2;Dbxref=GeneID:101570803;Name=Psmg2;origin=liftoff;copy_num_ID=gene-Psmg2_0;coverage=1.0;extra_copy_number=0;gbkey=Gene;gene=Psmg2;gene_biotype=protein_coding;sequence_ID=0.996;valid_ORFs=3	PSMG2	1524177	1537957	True
12596	564723	chr10	Liftoff	gene	9086795	9126912	.	-	.	ID=gene-Ndc80;Dbxref=GeneID:101580902;Name=Ndc80;origin=liftoff;copy_num_ID=gene-Ndc80_0;coverage=1.0;extra_copy_number=0;gbkey=Gene;gene=Ndc80;gene_biotype=protein_coding;sequence_ID=0.999;valid_ORFs=1	NDC80	9086794	9126912	True
12597	564763	chr10	Liftoff	gene	9113680	9113873	.	+	.	ID=gene-Cmc1-l1;Dbxref=GeneID:105743644;Name=Cmc1-l1;origin=rename;copy_num_ID=gene-LOC105743644_0;coverage=1.0;end_range=5970513,.;extra_copy_number=0;gbkey=Gene;gene=LOC105743644;gene_biotype=protein_coding;partial=true;sequence_ID=1.0;valid_ORFs=0	CMC1-L1	9113679	9113873	True
12760	573359	chr10	Liftoff	gene	41510566	41544224	.	-	.	ID=gene-Acaa2;Dbxref=GeneID:101568068;Name=Acaa2;origin=liftoff;copy_num_ID=gene-Acaa2_0;coverage=1.0;extra_copy_number=0;gbkey=Gene;gene=Acaa2;gene_biotype=protein_coding;sequence_ID=0.998;valid_ORFs=2	ACAA2	41510565	41544224	True
12785	575107	chr10	AUGUSTUS	gene	46953924	46962367	.	+	.	ID=gene-Dynap;Name=Dynap;origin=de_novo	DYNAP	46953923	46962367	True
12786	575120	chr10	AUGUSTUS	gene	46999709	47008113	.	+	.	ID=gene-Dynap-dl1;Name=Dynap-dl1;origin=de_novo	DYNAP-DL1	46999708	47008113	True
12787	575133	chr10	Liftoff	gene	47047124	47049049	.	+	.	ID=gene-Zc3h11a-l1;Dbxref=GeneID:101576399;Name=Zc3h11a-l1;origin=rename;copy_num_ID=gene-LOC101576399_0;coverage=0.998;extra_copy_number=0;gbkey=Gene;gene=LOC101576399;gene_biotype=protein_coding;sequence_ID=0.979;valid_ORFs=1	ZC3H11A-L1	47047123	47049049	True
12817	578013	chr10	Liftoff	gene	52238758	52273514	.	-	.	ID=gene-Lman1;Dbxref=GeneID:101562709;Name=Lman1;origin=liftoff;copy_num_ID=gene-Lman1_0;coverage=1.0;extra_copy_number=0;gbkey=Gene;gene=Lman1;gene_biotype=protein_coding;sequence_ID=0.999;valid_ORFs=2	LMAN1	52238757	52273514	True
12845	579519	chr10	Liftoff	gene	57632206	57639360	.	-	.	ID=gene-Serpinb3-l1;Dbxref=GeneID:101571251;Name=Serpinb3-l1;origin=rename;copy_num_ID=gene-LOC101571251_0;coverage=0.993;extra_copy_number=0;gbkey=Gene;gene=LOC101571251;gene_biotype=protein_coding;sequence_ID=0.988;valid_ORFs=0	SERPINB3-L1	57632205	57639360	True
12846	579535	chr10	Liftoff	gene	57723612	57731345	.	-	.	ID=gene-Serpinb3;Dbxref=GeneID:101570847;Name=Serpinb3;origin=liftoff;copy_num_ID=gene-Serpinb3_0;coverage=1.0;extra_copy_number=0;gbkey=Gene;gene=Serpinb3;gene_biotype=protein_coding;sequence_ID=0.999;valid_ORFs=4	SERPINB3	57723611	57731345	True
12912	582101	chr10	Liftoff	gene	79434500	79435287	.	-	.	ID=gene-LOC101565902;Dbxref=GeneID:101565902;Name=LOC101565902;origin=liftoff;copy_num_ID=gene-LOC101565902_0;coverage=0.994;extra_copy_number=0;gbkey=Gene;gene=LOC101565902;gene_biotype=protein_coding;sequence_ID=0.988;valid_ORFs=0	LOC101565902	79434499	79435287	True
12914	582113	chr10	AUGUSTUS	gene	80873229	80874165	.	-	.	ID=gene-Utp23-dl1;Name=Utp23-dl1;origin=de_novo	UTP23-DL1	80873228	80874165	True
12924	582537	chr10	Liftoff	gene	82378566	82379036	.	-	.	ID=gene-LOC111813907;Dbxref=GeneID:111813907;Name=LOC111813907;origin=liftoff;copy_num_ID=gene-LOC111813907_0;coverage=1.0;extra_copy_number=0;gbkey=Gene;gene=LOC111813907;gene_biotype=lncRNA;sequence_ID=1.0	LOC111813907	82378565	82379036	True
12928	582616	chr10	Liftoff	gene	82642394	82648347	.	-	.	ID=gene-LOC111813912;Dbxref=GeneID:111813912;Name=LOC111813912;origin=liftoff;copy_num_ID=gene-LOC111813912_0;coverage=1.0;extra_copy_number=0;gbkey=Gene;gene=LOC111813912;gene_biotype=lncRNA;sequence_ID=0.999	LOC111813912	82642393	82648347	True
12947	583202	chr10	Liftoff	gene	84987615	84996367	.	+	.	ID=gene-LOC101590074;Dbxref=GeneID:101590074;Name=LOC101590074;origin=liftoff;copy_num_ID=gene-LOC101590074_0;coverage=1.0;extra_copy_number=0;gbkey=Gene;gene=LOC101590074;gene_biotype=protein_coding;sequence_ID=1.0;valid_ORFs=1	LOC101590074	84987614	84996367	True
13082	588087	chr10	Liftoff	gene	110322236	110464131	.	+	.	ID=gene-Bdp1;Dbxref=GeneID:101564626;Name=Bdp1;origin=liftoff;copy_num_ID=gene-Bdp1_0;coverage=0.999;extra_copy_number=0;gbkey=Gene;gene=Bdp1;gene_biotype=protein_coding;sequence_ID=0.998;valid_ORFs=4	BDP1	110322235	110464131	True
13083	588406	chr10	Liftoff	gene	110356621	110356727	.	-	.	ID=gene-LOC111815234;Dbxref=GeneID:111815234;Name=LOC111815234;origin=liftoff;copy_num_ID=gene-LOC111815234_0;coverage=1.0;extra_copy_number=0;gbkey=Gene;gene=LOC111815234;gene_biotype=snRNA;sequence_ID=1.0	LOC111815234	110356620	110356727	True
13093	588673	chr10	Liftoff	gene	111702094	111717009	.	-	.	ID=gene-LOC111813264;Dbxref=GeneID:111813264;Name=LOC111813264;origin=liftoff;copy_num_ID=gene-LOC111813264_0;coverage=1.0;extra_copy_number=0;gbkey=Gene;gene=LOC111813264;gene_biotype=lncRNA;sequence_ID=0.998	LOC111813264	111702093	111717009	True
13094	588682	chr10	Liftoff	gene	111784121	111784597	.	+	.	ID=gene-H2bl1;Dbxref=GeneID:101580575;Name=H2bl1;origin=rename;copy_num_ID=gene-LOC101580575_0;coverage=1.0;extra_copy_number=0;gbkey=Gene;gene=LOC101580575;gene_biotype=protein_coding;sequence_ID=0.991;valid_ORFs=1	H2BL1	111784120	111784597	True
13136	590108	chr10	Liftoff	gene	116651872	116664214	.	-	.	ID=gene-LOC111813265;Dbxref=GeneID:111813265;Name=LOC111813265;origin=liftoff;copy_num_ID=gene-LOC111813265_0;coverage=1.0;extra_copy_number=0;gbkey=Gene;gene=LOC111813265;gene_biotype=lncRNA;sequence_ID=1.0	LOC111813265	116651871	116664214	True
13137	590113	chr10	AUGUSTUS	gene	122946686	122948873	.	+	.	ID=gene-Vps37a-dl1;Name=Vps37a-dl1;origin=de_novo	VPS37A-DL1	122946685	122948873	True
13267	594756	chr11	Liftoff	gene	30578522	30668599	.	-	.	ID=gene-Dpy19l4;Dbxref=GeneID:101586041;Name=Dpy19l4;origin=liftoff;copy_num_ID=gene-Dpy19l4_0;coverage=1.0;extra_copy_number=0;gbkey=Gene;gene=Dpy19l4;gene_biotype=protein_coding;sequence_ID=0.997;valid_ORFs=3	DPY19L4	30578521	30668599	True
13276	595143	chr11	Liftoff	gene	30968664	31016702	.	+	.	ID=gene-Rad54b;Dbxref=GeneID:101567683;Name=Rad54b;origin=liftoff;copy_num_ID=gene-Rad54b_0;coverage=0.999;extra_copy_number=0;gbkey=Gene;gene=Rad54b;gene_biotype=protein_coding;partial=true;sequence_ID=0.997;start_range=.,3546222;valid_ORFs=0	RAD54B	30968663	31016702	True
13302	595954	chr11	Liftoff	gene	35465116	35517214	.	+	.	ID=gene-Nbn;Dbxref=GeneID:101576133;Name=Nbn;origin=rename;copy_num_ID=gene-LOC101576133_0;coverage=1.0;extra_copy_number=0;gbkey=Gene;gene=LOC101576133;gene_biotype=protein_coding;sequence_ID=0.997;valid_ORFs=1	NBN	35465115	35517214	True
13463	601561	chr11	Liftoff	gene	71067147	71111677	.	-	.	ID=gene-LOC105741340;Dbxref=GeneID:105741340;Name=LOC105741340;origin=liftoff;copy_num_ID=gene-LOC105741340_0;coverage=1.0;extra_copy_number=0;gbkey=Gene;gene=LOC105741340;gene_biotype=protein_coding;partial=true;sequence_ID=0.999;start_range=.,668;valid_ORFs=0	LOC105741340	71067146	71111677	True
13629	607992	chr11	Liftoff	gene	94789617	94830123	.	-	.	ID=gene-Rars;Dbxref=GeneID:101564738;Name=Rars;origin=liftoff;copy_num_ID=gene-Rars_0;coverage=1.0;extra_copy_number=0;gbkey=Gene;gene=Rars;gene_biotype=protein_coding;sequence_ID=0.995;valid_ORFs=2	RARS	94789616	94830123	True
13813	616897	chr12	AUGUSTUS	gene	9004329	9005678	.	-	.	ID=gene-Krt19;Name=Krt19;origin=de_novo	KRT19	9004328	9005678	True
13917	622895	chr12	Liftoff	gene	26993782	27028995	.	-	.	ID=gene-Pgm2;Dbxref=GeneID:101564665;Name=Pgm2;origin=liftoff;copy_num_ID=gene-Pgm2_0;coverage=0.997;extra_copy_number=0;gbkey=Gene;gene=Pgm2;gene_biotype=protein_coding;sequence_ID=0.996;valid_ORFs=2	PGM2	26993781	27028995	True
13945	623998	chr12	Liftoff	gene	39833211	39855971	.	-	.	ID=gene-Pi4k2b;Dbxref=GeneID:101593236;Name=Pi4k2b;origin=liftoff;copy_num_ID=gene-Pi4k2b_0;coverage=1.0;extra_copy_number=0;gbkey=Gene;gene=Pi4k2b;gene_biotype=protein_coding;sequence_ID=0.994;valid_ORFs=1	PI4K2B	39833210	39855971	True
14109	633781	chr12	AUGUSTUS	gene	61508914	61509351	.	-	.	ID=gene-Rpl26-dl1;Name=Rpl26-dl1;origin=de_novo	RPL26-DL1	61508913	61509351	True
14505	654362	chr12	Liftoff	gene	118469732	118559414	.	-	.	ID=gene-LOC101573961;Dbxref=GeneID:101573961;Name=LOC101573961;origin=liftoff;copy_num_ID=gene-LOC101573961_0;coverage=0.710;extra_copy_number=0;gbkey=Gene;gene=LOC101573961;gene_biotype=protein_coding;sequence_ID=0.709;valid_ORFs=0	LOC101573961	118469731	118559414	True
14506	654384	chr12	Liftoff	gene	118559594	118569503	.	+	.	ID=gene-Nupr1;Dbxref=GeneID:101573562;Name=Nupr1;origin=liftoff;copy_num_ID=gene-Nupr1_0;coverage=1.0;extra_copy_number=0;gbkey=Gene;gene=Nupr1;gene_biotype=protein_coding;sequence_ID=0.995;valid_ORFs=1	NUPR1	118559593	118569503	True
14507	654391	chr12	Liftoff	gene	118597929	118690053	.	-	.	ID=gene-Tmprss11d;Dbxref=GeneID:101573161;Name=Tmprss11d;origin=liftoff;copy_num_ID=gene-Tmprss11d_0;coverage=0.999;extra_copy_number=0;gbkey=Gene;gene=Tmprss11d;gene_biotype=protein_coding;sequence_ID=0.995;valid_ORFs=1	TMPRSS11D	118597928	118690053	True
14514	654736	chr12	AUGUSTUS	gene	119396050	119396985	.	-	.	ID=gene-Ptms-dl1;Name=Ptms-dl1;origin=de_novo	PTMS-DL1	119396049	119396985	True
14515	654744	chr12	Liftoff	gene	119504054	119679671	.	-	.	ID=gene-Ugt2b31;Dbxref=GeneID:101591665;Name=Ugt2b31;origin=rename;copy_num_ID=gene-LOC101591665_0;coverage=0.999;extra_copy_number=0;gbkey=Gene;gene=LOC101591665;gene_biotype=protein_coding;sequence_ID=0.992;valid_ORFs=2	UGT2B31	119504053	119679671	True
14516	654775	chr12	Liftoff	gene	119634694	119642919	.	-	.	ID=gene-Ugt2b17-l1;Dbxref=GeneID:101592314;Name=Ugt2b17-l1;origin=rename;copy_num_ID=gene-LOC101592314_0;coverage=1.0;extra_copy_number=0;gbkey=Gene;gene=LOC101592314;gene_biotype=protein_coding;sequence_ID=1.0;valid_ORFs=1	UGT2B17-L1	119634693	119642919	True
14518	654792	chr12	Liftoff	gene	119749637	119749743	.	-	.	ID=gene-LOC111814578;Dbxref=GeneID:111814578;Name=LOC111814578;origin=liftoff;copy_num_ID=gene-LOC111814578_0;coverage=1.0;extra_copy_number=0;gbkey=Gene;gene=LOC111814578;gene_biotype=snRNA;sequence_ID=1.0	LOC111814578	119749636	119749743	True
14519	654795	chr12	Liftoff	gene	119802958	119814409	.	+	.	ID=gene-Ugt2b17;Dbxref=GeneID:101589014;Name=Ugt2b17;origin=rename;copy_num_ID=gene-LOC101589014_0;coverage=1.0;extra_copy_number=0;gbkey=Gene;gene=LOC101589014;gene_biotype=protein_coding;sequence_ID=0.998;valid_ORFs=1	UGT2B17	119802957	119814409	True
14520	654811	chr12	Liftoff	gene	119979807	119995563	.	-	.	ID=gene-Ugt2b31-l1;Dbxref=GeneID:101591658;Name=Ugt2b31-l1;origin=rename;copy_num_ID=gene-LOC101591658_0;coverage=1.0;extra_copy_number=0;gbkey=Gene;gene=LOC101591658;gene_biotype=protein_coding;sequence_ID=1.0;valid_ORFs=2	UGT2B31-L1	119979806	119995563	True
14521	654843	chr12	Liftoff	gene	120032055	120034315	.	-	.	ID=gene-L3mbtl3-l1;Dbxref=GeneID:105741254;Name=L3mbtl3-l1;origin=rename;copy_num_ID=gene-LOC105741254_0;coverage=1.0;extra_copy_number=0;gbkey=Gene;gene=LOC105741254;gene_biotype=protein_coding;sequence_ID=0.999;valid_ORFs=0	L3MBTL3-L1	120032054	120034315	True
14522	654854	chr12	Liftoff	gene	120036165	120061264	.	-	.	ID=gene-Ugt2a3;Dbxref=GeneID:105741253;Name=Ugt2a3;origin=rename;copy_num_ID=gene-LOC105741253_0;coverage=1.0;extra_copy_number=0;gbkey=Gene;gene=LOC105741253;gene_biotype=protein_coding;sequence_ID=0.990;valid_ORFs=1	UGT2A3	120036164	120061264	True
14523	654865	chr12	Liftoff	gene	120269004	120290032	.	-	.	ID=gene-LOC101587430;Dbxref=GeneID:101587430;Name=LOC101587430;origin=liftoff;copy_num_ID=gene-LOC101587430_0;coverage=1.0;extra_copy_number=0;gbkey=Gene;gene=LOC101587430;gene_biotype=protein_coding;sequence_ID=0.996;valid_ORFs=1	LOC101587430	120269003	120290032	True
14525	654908	chr12	Liftoff	gene	120680429	120686624	.	-	.	ID=gene-Ugt2b17-l2;Dbxref=GeneID:101578263;Name=Ugt2b17-l2;origin=rename;copy_num_ID=gene-LOC101578263_0;coverage=1.0;extra_copy_number=0;gbkey=Gene;gene=LOC101578263;gene_biotype=protein_coding;partial=true;sequence_ID=0.998;start_range=.,458;valid_ORFs=0	UGT2B17-L2	120680428	120686624	True
14526	654917	chr12	Liftoff	gene	120763321	120768917	.	+	.	ID=gene-Sult1d1;Dbxref=GeneID:101561530;Name=Sult1d1;origin=rename;copy_num_ID=gene-LOC101561530_0;coverage=1.0;end_range=18253,.;extra_copy_number=0;gbkey=Gene;gene=LOC101561530;gene_biotype=protein_coding;partial=true;sequence_ID=1.0;start_range=.,12658;valid_ORFs=0	SULT1D1	120763320	120768917	True
14527	654925	chr12	Liftoff	gene	120778804	120779511	.	+	.	ID=gene-Sult1b1;Dbxref=GeneID:111814994;Name=Sult1b1;origin=rename;copy_num_ID=gene-LOC111814994_0;coverage=1.0;extra_copy_number=0;gbkey=Gene;gene=LOC111814994;gene_biotype=protein_coding;partial=true;sequence_ID=0.997;start_range=.,534;valid_ORFs=0	SULT1B1	120778803	120779511	True
14528	654932	chr12	Liftoff	gene	121554293	121557478	.	-	.	ID=gene-Ugt2a3-l1;Dbxref=GeneID:101577858;Name=Ugt2a3-l1;origin=rename;copy_num_ID=gene-LOC101577858_0;coverage=1.0;extra_copy_number=0;gbkey=Gene;gene=LOC101577858;gene_biotype=protein_coding;partial=true;sequence_ID=1.0;start_range=.,979;valid_ORFs=0	UGT2A3-L1	121554292	121557478	True
14529	654941	chr12	Liftoff	gene	121695536	121705622	.	-	.	ID=gene-Ugt2a3-l2;Dbxref=GeneID:101587440;Name=Ugt2a3-l2;origin=rename;copy_num_ID=gene-LOC101587440_0;coverage=1.0;end_range=27018,.;extra_copy_number=0;gbkey=Gene;gene=LOC101587440;gene_biotype=protein_coding;partial=true;sequence_ID=0.998;valid_ORFs=0	UGT2A3-L2	121695535	121705622	True
14530	654953	chr12	Liftoff	gene	121768869	121769415	.	-	.	ID=gene-LOC105741369;Dbxref=GeneID:105741369;Name=LOC105741369;origin=liftoff;copy_num_ID=gene-LOC105741369_0;coverage=1.0;end_range=4084,.;extra_copy_number=0;gbkey=Gene;gene=LOC105741369;gene_biotype=protein_coding;partial=true;sequence_ID=1.0;start_range=.,3538;valid_ORFs=0	LOC105741369	121768868	121769415	True
14637	660996	chr13	Liftoff	gene	21418848	21431054	.	+	.	ID=gene-LOC111815307;Dbxref=GeneID:111815307;Name=LOC111815307;origin=liftoff;copy_num_ID=gene-LOC111815307_0;coverage=1.0;extra_copy_number=0;gbkey=Gene;gene=LOC111815307;gene_biotype=lncRNA;sequence_ID=1.0	LOC111815307	21418847	21431054	True
14638	661000	chr13	Liftoff	gene	21432831	21441269	.	+	.	ID=gene-Ubxn4;Dbxref=GeneID:101567423;Name=Ubxn4;origin=rename;copy_num_ID=gene-LOC101567423_0;coverage=0.743;extra_copy_number=0;gbkey=Gene;gene=LOC101567423;gene_biotype=protein_coding;sequence_ID=0.743;valid_ORFs=1	UBXN4	21432830	21441269	True
14641	661060	chr13	Liftoff	gene	21502175	21543659	.	-	.	ID=gene-Mcm6;Dbxref=GeneID:101568221;Name=Mcm6;origin=liftoff;copy_num_ID=gene-Mcm6_0;coverage=0.973;extra_copy_number=0;gbkey=Gene;gene=Mcm6;gene_biotype=protein_coding;sequence_ID=0.971;valid_ORFs=1	MCM6	21502174	21543659	True
14642	661098	chr13	Liftoff	gene	21578003	21678521	.	-	.	ID=gene-Dars;Dbxref=GeneID:101569015;Name=Dars;origin=liftoff;copy_num_ID=gene-Dars_0;coverage=0.925;extra_copy_number=0;gbkey=Gene;gene=Dars;gene_biotype=protein_coding;sequence_ID=0.925;valid_ORFs=0	DARS	21578002	21678521	True
14813	681267	chr13	Liftoff	gene	68828773	68902504	.	-	.	ID=gene-Pdcd6ip;Dbxref=GeneID:101593211;Name=Pdcd6ip;origin=liftoff;copy_num_ID=gene-Pdcd6ip_0;coverage=0.981;extra_copy_number=0;gbkey=Gene;gene=Pdcd6ip;gene_biotype=protein_coding;sequence_ID=0.981;valid_ORFs=0	PDCD6IP	68828772	68902504	True
14825	682675	chr13	Liftoff	gene	69904373	69979425	.	-	.	ID=gene-Cnot10;Dbxref=GeneID:101587449;Name=Cnot10;origin=liftoff;copy_num_ID=gene-Cnot10_0;coverage=1.0;extra_copy_number=0;gbkey=Gene;gene=Cnot10;gene_biotype=protein_coding;sequence_ID=0.999;valid_ORFs=1	CNOT10	69904372	69979425	True
15034	690646	chr13	Liftoff	gene	91453033	91463990	.	-	.	ID=gene-Trim38-l1;Dbxref=GeneID:101570866;Name=Trim38-l1;origin=rename;copy_num_ID=gene-LOC101570866_0;coverage=1.0;extra_copy_number=0;gbkey=Gene;gene=LOC101570866;gene_biotype=protein_coding;sequence_ID=0.999;valid_ORFs=1	TRIM38-L1	91453032	91463990	True
15035	690666	chr13	Liftoff	gene	91547657	91579900	.	-	.	ID=gene-Trim38-l2;Dbxref=GeneID:101571662;Name=Trim38-l2;origin=rename;copy_num_ID=gene-LOC101571662_0;coverage=1.0;extra_copy_number=0;gbkey=Gene;gene=LOC101571662;gene_biotype=protein_coding;sequence_ID=0.996;valid_ORFs=1	TRIM38-L2	91547656	91579900	True
15036	690694	chr13	Liftoff	gene	91625813	91637895	.	-	.	ID=gene-Trim38-l3;Dbxref=GeneID:101585377;Name=Trim38-l3;origin=rename;copy_num_ID=gene-LOC101585377_0;coverage=1.0;extra_copy_number=0;gbkey=Gene;gene=LOC101585377;gene_biotype=protein_coding;sequence_ID=0.998;valid_ORFs=1	TRIM38-L3	91625812	91637895	True
15037	690712	chr13	Liftoff	gene	91659060	91659644	.	-	.	ID=gene-LOC111812290;Dbxref=GeneID:111812290;Name=LOC111812290;origin=liftoff;copy_num_ID=gene-LOC111812290_0;coverage=1.0;extra_copy_number=0;gbkey=Gene;gene=LOC111812290;gene_biotype=lncRNA;sequence_ID=0.997	LOC111812290	91659059	91659644	True
15038	690716	chr13	Liftoff	gene	91662692	91672452	.	-	.	ID=gene-Trim38-l4;Dbxref=GeneID:101586173;Name=Trim38-l4;origin=rename;copy_num_ID=gene-LOC101586173_0;coverage=1.0;extra_copy_number=0;gbkey=Gene;gene=LOC101586173;gene_biotype=protein_coding;sequence_ID=0.991;valid_ORFs=1	TRIM38-L4	91662691	91672452	True
15039	690731	chr13	Liftoff	gene	91705370	91717167	.	+	.	ID=gene-Trim38;Dbxref=GeneID:105743350;Name=Trim38;origin=rename;copy_num_ID=gene-LOC105743350_0;coverage=1.0;extra_copy_number=0;gbkey=Gene;gene=LOC105743350;gene_biotype=protein_coding;sequence_ID=0.999;valid_ORFs=2	TRIM38	91705369	91717167	True
15040	690766	chr13	Liftoff	gene	91725842	91737644	.	+	.	ID=gene-Trim38-l5;Dbxref=GeneID:105743351;Name=Trim38-l5;origin=rename;copy_num_ID=gene-LOC105743351_0;coverage=1.0;extra_copy_number=0;gbkey=Gene;gene=LOC105743351;gene_biotype=protein_coding;sequence_ID=0.998;valid_ORFs=1	TRIM38-L5	91725841	91737644	True
15041	690781	chr13	Liftoff	gene	91754781	91791872	.	+	.	ID=gene-LOC101585776;Dbxref=GeneID:101585776;Name=LOC101585776;origin=liftoff;copy_num_ID=gene-LOC101585776_0;coverage=0.998;extra_copy_number=0;gbkey=Gene;gene=LOC101585776;gene_biotype=protein_coding;sequence_ID=0.988;valid_ORFs=0	LOC101585776	91754780	91791872	True
15088	692203	chr13	Liftoff	gene	100064658	100095021	.	+	.	ID=gene-Dek;Dbxref=GeneID:101567712;Name=Dek;origin=liftoff;copy_num_ID=gene-Dek_0;coverage=0.979;extra_copy_number=0;gbkey=Gene;gene=Dek;gene_biotype=protein_coding;sequence_ID=0.979;valid_ORFs=0	DEK	100064657	100095021	True
15089	692229	chr13	Liftoff	gene	100094610	100152075	.	-	.	ID=gene-Kdm1b;Dbxref=GeneID:101586068;Name=Kdm1b;origin=liftoff;copy_num_ID=gene-Kdm1b_0;coverage=0.999;extra_copy_number=0;gbkey=Gene;gene=Kdm1b;gene_biotype=protein_coding;sequence_ID=0.998;valid_ORFs=2	KDM1B	100094609	100152075	True
15195	695618	chr13	Liftoff	gene	115089555	115457643	.	-	.	ID=gene-Serpinb9-l2;Dbxref=GeneID:101585144;Name=Serpinb9-l2;origin=rename;copy_num_ID=gene-LOC101585144_0;coverage=0.997;extra_copy_number=0;gbkey=Gene;gene=LOC101585144;gene_biotype=protein_coding;sequence_ID=0.994;valid_ORFs=1	SERPINB9-L2	115089554	115457643	True
15196	695636	chr13	Liftoff	gene	115124552	115124987	.	+	.	ID=gene-LOC111815875;Dbxref=GeneID:111815875;Name=LOC111815875;origin=liftoff;copy_num_ID=gene-LOC111815875_0;coverage=1.0;extra_copy_number=0;gbkey=Gene;gene=LOC111815875;gene_biotype=protein_coding;sequence_ID=1.0;valid_ORFs=1	LOC111815875	115124551	115124987	True
15216	696283	chr13	Liftoff	gene	118013983	118014882	.	+	.	ID=gene-LOC101562812;Dbxref=GeneID:101562812;Name=LOC101562812;origin=liftoff;copy_num_ID=gene-LOC101562812_0;coverage=1.0;extra_copy_number=0;gbkey=Gene;gene=LOC101562812;gene_biotype=protein_coding;sequence_ID=0.984;valid_ORFs=1	LOC101562812	118013982	118014882	True
15217	696287	chr13	Liftoff	gene	118101402	118102331	.	+	.	ID=gene-Vn1r1;Dbxref=GeneID:101563211;Name=Vn1r1;origin=rename;copy_num_ID=gene-LOC101563211_0;coverage=1.0;extra_copy_number=0;gbkey=Gene;gene=LOC101563211;gene_biotype=protein_coding;sequence_ID=1.0;valid_ORFs=1	VN1R1	118101401	118102331	True
15318	697057	chr13	Liftoff	gene	120012740	120032153	.	+	.	ID=gene-LOC101584034;Dbxref=GeneID:101584034;Name=LOC101584034;origin=liftoff;copy_num_ID=gene-LOC101584034_0;coverage=1.0;extra_copy_number=0;gbkey=Gene;gene=LOC101584034;gene_biotype=protein_coding;sequence_ID=0.997;valid_ORFs=1	LOC101584034	120012739	120032153	True
15449	700180	chr14	Liftoff	gene	37820253	37820402	.	+	.	ID=gene-LOC101572641;Dbxref=GeneID:101572641;Name=LOC101572641;origin=liftoff;copy_num_ID=gene-LOC101572641_0;coverage=1.0;extra_copy_number=0;gbkey=Gene;gene=LOC101572641;gene_biotype=protein_coding;sequence_ID=0.993;valid_ORFs=1	LOC101572641	37820252	37820402	True
15453	700197	chr14	Liftoff	gene	38153554	38154147	.	-	.	ID=gene-LOC111814712;Dbxref=GeneID:111814712;Name=LOC111814712;origin=liftoff;copy_num_ID=gene-LOC111814712_0;coverage=1.0;extra_copy_number=0;gbkey=Gene;gene=LOC111814712;gene_biotype=protein_coding;sequence_ID=0.972;valid_ORFs=1	LOC111814712	38153553	38154147	True
15454	700203	chr14	Liftoff	gene	38175574	38176173	.	+	.	ID=gene-LOC111814711;Dbxref=GeneID:111814711;Name=LOC111814711;origin=liftoff;copy_num_ID=gene-LOC111814711_0;coverage=1.0;extra_copy_number=0;gbkey=Gene;gene=LOC111814711;gene_biotype=protein_coding;sequence_ID=0.988;valid_ORFs=1	LOC111814711	38175573	38176173	True
15509	702807	chr14	Liftoff	gene	43946882	43960183	.	+	.	ID=gene-LOC111817543;Dbxref=GeneID:111817543;Name=LOC111817543;origin=liftoff;copy_num_ID=gene-LOC111817543_0;coverage=0.904;extra_copy_number=0;gbkey=Gene;gene=LOC111817543;gene_biotype=lncRNA;sequence_ID=0.849	LOC111817543	43946881	43960183	True
15510	702811	chr14	Liftoff	gene	43949647	44012982	.	-	.	ID=gene-Mx2-l1;Dbxref=GeneID:101584040;Name=Mx2-l1;origin=rename;copy_num_ID=gene-LOC101584040_0;coverage=0.621;extra_copy_number=0;gbkey=Gene;gene=LOC101584040;gene_biotype=protein_coding;sequence_ID=0.619;valid_ORFs=0	MX2-L1	43949646	44012982	True
15514	702919	chr14	Liftoff	gene	44053210	44084176	.	+	.	ID=gene-LOC101584809;Dbxref=GeneID:101584809;Name=LOC101584809;origin=liftoff;copy_num_ID=gene-LOC101584809_0;coverage=1.0;extra_copy_number=0;gbkey=Gene;gene=LOC101584809;gene_biotype=protein_coding;sequence_ID=0.995;valid_ORFs=1	LOC101584809	44053209	44084176	True
15515	702936	chr14	Liftoff	gene	44106592	44129828	.	+	.	ID=gene-Mx2;Dbxref=GeneID:101585208;Name=Mx2;origin=rename;copy_num_ID=gene-LOC101585208_0;coverage=1.0;extra_copy_number=0;gbkey=Gene;gene=LOC101585208;gene_biotype=protein_coding;sequence_ID=0.997;valid_ORFs=1	MX2	44106591	44129828	True
15603	707195	chr14	Liftoff	gene	50930749	50931678	.	-	.	ID=gene-LOC105742253;Dbxref=GeneID:105742253;Name=LOC105742253;origin=liftoff;copy_num_ID=gene-LOC105742253_0;coverage=1.0;extra_copy_number=0;gbkey=Gene;gene=LOC105742253;gene_biotype=protein_coding;sequence_ID=0.996;valid_ORFs=5	LOC105742253	50930748	50931678	True
15604	707223	chr14	Liftoff	gene	50950316	50950981	.	-	.	ID=gene-LOC105742254;Dbxref=GeneID:105742254;Name=LOC105742254;origin=liftoff;copy_num_ID=gene-LOC105742254_0;coverage=0.767;extra_copy_number=0;gbkey=Gene;gene=LOC105742254;gene_biotype=protein_coding;sequence_ID=0.760;valid_ORFs=0	LOC105742254	50950315	50950981	True
15605	707236	chr14	Liftoff	gene	50959743	50960390	.	+	.	ID=gene-LOC105742262;Dbxref=GeneID:105742262;Name=LOC105742262;origin=liftoff;copy_num_ID=gene-LOC105742262_0;coverage=1.0;extra_copy_number=0;gbkey=Gene;gene=LOC105742262;gene_biotype=protein_coding;sequence_ID=0.996;valid_ORFs=1	LOC105742262	50959742	50960390	True
15606	707240	chr14	Liftoff	gene	50969286	50970002	.	-	.	ID=gene-LOC101571339;Dbxref=GeneID:101571339;Name=LOC101571339;origin=liftoff;copy_num_ID=gene-LOC101571339_0;coverage=0.896;extra_copy_number=0;gbkey=Gene;gene=LOC101571339;gene_biotype=protein_coding;sequence_ID=0.891;valid_ORFs=1	LOC101571339	50969285	50970002	True
15607	707259	chr14	Liftoff	gene	50980294	50980965	.	+	.	ID=gene-LOC105742263;Dbxref=GeneID:105742263;Name=LOC105742263;origin=liftoff;copy_num_ID=gene-LOC105742263_0;coverage=1.0;extra_copy_number=0;gbkey=Gene;gene=LOC105742263;gene_biotype=protein_coding;sequence_ID=0.998;valid_ORFs=1	LOC105742263	50980293	50980965	True
15608	707263	chr14	Liftoff	gene	50987869	50988615	.	+	.	ID=gene-LOC101571736;Dbxref=GeneID:101571736;Name=LOC101571736;origin=liftoff;copy_num_ID=gene-LOC101571736_0;coverage=0.996;extra_copy_number=0;gbkey=Gene;gene=LOC101571736;gene_biotype=protein_coding;sequence_ID=0.992;valid_ORFs=1	LOC101571736	50987868	50988615	True
15609	707267	chr14	Liftoff	gene	50993919	51005029	.	+	.	ID=gene-LOC101572529;Dbxref=GeneID:101572529;Name=LOC101572529;origin=liftoff;copy_num_ID=gene-LOC101572529_0;coverage=1.0;extra_copy_number=0;gbkey=Gene;gene=LOC101572529;gene_biotype=protein_coding;sequence_ID=0.995;valid_ORFs=1	LOC101572529	50993918	51005029	True
15612	707287	chr14	Liftoff	gene	51052011	51052403	.	-	.	ID=gene-LOC101573715;Dbxref=GeneID:101573715;Name=LOC101573715;origin=liftoff;copy_num_ID=gene-LOC101573715_0;coverage=1.0;extra_copy_number=0;gbkey=Gene;gene=LOC101573715;gene_biotype=protein_coding;sequence_ID=1.0;valid_ORFs=1	LOC101573715	51052010	51052403	True
15613	707293	chr14	Liftoff	gene	51075743	51076153	.	-	.	ID=gene-LOC101574499;Dbxref=GeneID:101574499;Name=LOC101574499;origin=liftoff;copy_num_ID=gene-LOC101574499_0;coverage=1.0;extra_copy_number=0;gbkey=Gene;gene=LOC101574499;gene_biotype=protein_coding;sequence_ID=0.990;valid_ORFs=1	LOC101574499	51075742	51076153	True
15614	707301	chr14	Liftoff	gene	51083724	51084134	.	-	.	ID=gene-LOC101574904;Dbxref=GeneID:101574904;Name=LOC101574904;origin=liftoff;copy_num_ID=gene-LOC101574904_0;coverage=1.0;extra_copy_number=0;gbkey=Gene;gene=LOC101574904;gene_biotype=protein_coding;sequence_ID=0.945;valid_ORFs=1	LOC101574904	51083723	51084134	True
15761	715076	chr14	Liftoff	gene	58822870	58857704	.	-	.	ID=gene-Aco1;Dbxref=GeneID:101573193;Name=Aco1;origin=liftoff;copy_num_ID=gene-Aco1_0;coverage=0.945;extra_copy_number=0;gbkey=Gene;gene=Aco1;gene_biotype=protein_coding;sequence_ID=0.522;valid_ORFs=0	ACO1	58822869	58857704	True
15862	717582	chr14	Liftoff	gene	79180723	79181685	.	+	.	ID=gene-LOC101579325;Dbxref=GeneID:101579325;Name=LOC101579325;origin=liftoff;copy_num_ID=gene-LOC101579325_0;coverage=1.0;extra_copy_number=0;gbkey=Gene;gene=LOC101579325;gene_biotype=protein_coding;sequence_ID=0.994;valid_ORFs=1	LOC101579325	79180722	79181685	True
15937	720691	chr14	Liftoff	gene	87983637	87987035	.	+	.	ID=gene-LOC101569208;Dbxref=GeneID:101569208;Name=LOC101569208;origin=liftoff;copy_num_ID=gene-LOC101569208_0;coverage=1.0;extra_copy_number=0;gbkey=Gene;gene=LOC101569208;gene_biotype=protein_coding;sequence_ID=0.998;valid_ORFs=1	LOC101569208	87983636	87987035	True
16014	726825	chr14	Liftoff	gene	98604013	98604951	.	+	.	ID=gene-LOC101578971;Dbxref=GeneID:101578971;Name=LOC101578971;origin=liftoff;copy_num_ID=gene-LOC101578971_0;coverage=1.0;extra_copy_number=0;gbkey=Gene;gene=LOC101578971;gene_biotype=protein_coding;sequence_ID=0.991;valid_ORFs=1	LOC101578971	98604012	98604951	True
16058	728091	chr14	AUGUSTUS	gene	101593688	101633775	.	+	.	ID=gene-Rabepk;Name=Rabepk;origin=replace	RABEPK	101593687	101633775	True
16109	731154	chr14	Liftoff	gene	104464851	104468802	.	-	.	ID=gene-Lcn2-l3;Dbxref=GeneID:111812708;Name=Lcn2-l3;origin=rename;copy_num_ID=gene-LOC111812708_0;coverage=1.0;extra_copy_number=0;gbkey=Gene;gene=LOC111812708;gene_biotype=protein_coding;sequence_ID=0.998;valid_ORFs=1	LCN2-L3	104464850	104468802	True
16110	731172	chr14	AUGUSTUS	gene	104535519	104536091	.	-	.	ID=gene-Jpt2-dl2;Name=Jpt2-dl2;origin=de_novo	JPT2-DL2	104535518	104536091	True
16115	731231	chr14	Liftoff	gene	105486406	105490713	.	-	.	ID=gene-Lcn2-l7;Dbxref=GeneID:105743591;Name=Lcn2-l7;origin=rename;copy_num_ID=gene-LOC105743591_0;coverage=1.0;extra_copy_number=0;gbkey=Gene;gene=LOC105743591;gene_biotype=protein_coding;sequence_ID=0.998;valid_ORFs=1	LCN2-L7	105486405	105490713	True
16116	731245	chr14	Liftoff	gene	105530215	105535462	.	-	.	ID=gene-Lcn2-l8;Dbxref=GeneID:105743590;Name=Lcn2-l8;origin=rename;copy_num_ID=gene-LOC105743590_0;coverage=1.0;extra_copy_number=0;gbkey=Gene;gene=LOC105743590;gene_biotype=protein_coding;sequence_ID=0.998;valid_ORFs=1	LCN2-L8	105530214	105535462	True
16211	738357	chr14	Liftoff	gene	111183755	111201628	.	+	.	ID=gene-Cel;Dbxref=GeneID:101575624;Name=Cel;origin=liftoff;copy_num_ID=gene-Cel_0;coverage=0.819;extra_copy_number=0;gbkey=Gene;gene=Cel;gene_biotype=protein_coding;sequence_ID=0.810;valid_ORFs=0	CEL	111183754	111201628	True
16212	738391	chr14	Liftoff	gene	111210989	111213978	.	+	.	ID=gene-Cel-l1;Dbxref=GeneID:101585062;Name=Cel-l1;origin=rename;copy_num_ID=gene-LOC101585062_0;coverage=1.0;end_range=2987,.;extra_copy_number=0;gbkey=Gene;gene=LOC101585062;gene_biotype=protein_coding;partial=true;sequence_ID=1.0;start_range=.,4;valid_ORFs=0	CEL-L1	111210988	111213978	True
16217	738743	chr14	Liftoff	gene	111459782	111463041	.	-	.	ID=gene-Vegp1-l1;Dbxref=GeneID:111812403;Name=Vegp1-l1;origin=rename;copy_num_ID=gene-LOC111812403_0;coverage=0.904;extra_copy_number=0;gbkey=Gene;gene=LOC111812403;gene_biotype=protein_coding;sequence_ID=0.901;valid_ORFs=1	VEGP1-L1	111459781	111463041	True
16218	738756	chr14	Liftoff	gene	111477608	111479973	.	-	.	ID=gene-Lcn4;Dbxref=GeneID:101574047;Name=Lcn4;origin=rename;copy_num_ID=gene-LOC101574047_0;coverage=0.995;extra_copy_number=0;gbkey=Gene;gene=LOC101574047;gene_biotype=protein_coding;sequence_ID=0.981;valid_ORFs=1	LCN4	111477607	111479973	True
16219	738772	chr14	Liftoff	gene	111490670	111493705	.	-	.	ID=gene-Lcn10;Dbxref=GeneID:101591030;Name=Lcn10;origin=liftoff;copy_num_ID=gene-Lcn10_0;coverage=1.0;extra_copy_number=0;gbkey=Gene;gene=Lcn10;gene_biotype=protein_coding;sequence_ID=0.998;valid_ORFs=1	LCN10	111490669	111493705	True
16431	749388	chr15	Liftoff	gene	14197728	14308114	.	-	.	ID=gene-Snx14;Dbxref=GeneID:101562548;Name=Snx14;origin=liftoff;copy_num_ID=gene-Snx14_0;coverage=1.0;extra_copy_number=0;gbkey=Gene;gene=Snx14;gene_biotype=protein_coding;sequence_ID=0.999;valid_ORFs=6	SNX14	14197727	14308114	True
16432	749753	chr15	Liftoff	gene	14303053	14342384	.	-	.	ID=gene-Syncrip;Dbxref=GeneID:101560287;Name=Syncrip;origin=liftoff;copy_num_ID=gene-Syncrip_0;coverage=1.0;extra_copy_number=0;gbkey=Gene;gene=Syncrip;gene_biotype=protein_coding;sequence_ID=0.999;valid_ORFs=6	SYNCRIP	14303052	14342384	True
16447	750110	chr15	Liftoff	gene	16174462	16235076	.	+	.	ID=gene-Cfap206;Dbxref=GeneID:101590553;Name=Cfap206;origin=liftoff;copy_num_ID=gene-Cfap206_0;coverage=0.999;extra_copy_number=0;gbkey=Gene;gene=Cfap206;gene_biotype=protein_coding;sequence_ID=0.997;valid_ORFs=2	CFAP206	16174461	16235076	True
16448	750167	chr15	Liftoff	gene	16208364	16238300	.	-	.	ID=gene-LOC111815848;Dbxref=GeneID:111815848;Name=LOC111815848;origin=liftoff;copy_num_ID=gene-LOC111815848_0;coverage=1.0;extra_copy_number=0;gbkey=Gene;gene=LOC111815848;gene_biotype=lncRNA;sequence_ID=0.990	LOC111815848	16208363	16238300	True
16612	756709	chr15	AUGUSTUS	gene	52950422	53291159	.	-	.	ID=gene-Frk;Name=Frk;origin=replace	FRK	52950421	53291159	True
16626	756881	chr15	Liftoff	gene	54269659	54306960	.	-	.	ID=gene-LOC101582070;Dbxref=GeneID:101582070;Name=LOC101582070;origin=liftoff;copy_num_ID=gene-LOC101582070_0;coverage=1.0;extra_copy_number=0;gbkey=Gene;gene=LOC101582070;gene_biotype=lncRNA;sequence_ID=0.994	LOC101582070	54269658	54306960	True
16627	756886	chr15	Liftoff	gene	54429044	54435259	.	+	.	ID=gene-LOC111814845;Dbxref=GeneID:111814845;Name=LOC111814845;origin=liftoff;copy_num_ID=gene-LOC111814845_0;coverage=1.0;extra_copy_number=0;gbkey=Gene;gene=LOC111814845;gene_biotype=lncRNA;sequence_ID=0.995	LOC111814845	54429043	54435259	True
16658	757802	chr15	Liftoff	gene	61902661	62008015	.	+	.	ID=gene-Ube3a;Dbxref=GeneID:101585806;Name=Ube3a;origin=liftoff;copy_num_ID=gene-Ube3a_0;coverage=0.999;extra_copy_number=0;gbkey=Gene;gene=Ube3a;gene_biotype=protein_coding;sequence_ID=0.998;valid_ORFs=10	UBE3A	61902660	62008015	True
16728	760213	chr15	Liftoff	gene	75154354	75299408	.	-	.	ID=gene-Chd2;Dbxref=GeneID:101585880;Name=Chd2;origin=liftoff;copy_num_ID=gene-Chd2_0;coverage=0.999;extra_copy_number=0;gbkey=Gene;gene=Chd2;gene_biotype=protein_coding;sequence_ID=0.997;valid_ORFs=0	CHD2	75154353	75299408	True
16968	773253	chr15	Liftoff	gene	97830374	97935030	.	+	.	ID=gene-Aqr;Dbxref=GeneID:101570752;Name=Aqr;origin=liftoff;copy_num_ID=gene-Aqr_0;coverage=1.0;extra_copy_number=0;gbkey=Gene;gene=Aqr;gene_biotype=protein_coding;sequence_ID=0.998;valid_ORFs=1	AQR	97830373	97935030	True
16996	774151	chr15	AUGUSTUS	gene	106584261	106584710	.	-	.	ID=gene-Arpc5-dl3;Name=Arpc5-dl3;origin=de_novo	ARPC5-DL3	106584260	106584710	True
17036	776340	chr16	Liftoff	gene	1449278	1514779	.	+	.	ID=gene-Osbpl11;Dbxref=GeneID:101578433;Name=Osbpl11;origin=liftoff;copy_num_ID=gene-Osbpl11_0;coverage=1.0;extra_copy_number=0;gbkey=Gene;gene=Osbpl11;gene_biotype=protein_coding;sequence_ID=0.998;valid_ORFs=6	OSBPL11	1449277	1514779	True
17037	776531	chr16	Liftoff	gene	1507594	1507695	.	+	.	ID=gene-LOC111812514;Dbxref=GeneID:111812514;Name=LOC111812514;origin=liftoff;copy_num_ID=gene-LOC111812514_0;coverage=1.0;extra_copy_number=0;gbkey=Gene;gene=LOC111812514;gene_biotype=snoRNA;sequence_ID=1.0	LOC111812514	1507593	1507695	True
17062	779344	chr16	Liftoff	gene	2778283	2780974	.	+	.	ID=gene-Prss44-l1;Dbxref=GeneID:101588761;Name=Prss44-l1;origin=rename;copy_num_ID=gene-LOC101588761_0;coverage=1.0;end_range=10640,.;extra_copy_number=0;gbkey=Gene;gene=LOC101588761;gene_biotype=protein_coding;partial=true;sequence_ID=0.975;valid_ORFs=0	PRSS44-L1	2778282	2780974	True
17063	779357	chr16	Liftoff	gene	2789742	2792711	.	+	.	ID=gene-Prss44-l2;Dbxref=GeneID:101579755;Name=Prss44-l2;origin=rename;copy_num_ID=gene-LOC101579755_0;coverage=1.0;extra_copy_number=0;gbkey=Gene;gene=LOC101579755;gene_biotype=protein_coding;sequence_ID=0.997;valid_ORFs=1	PRSS44-L2	2789741	2792711	True
17149	783577	chr16	Liftoff	gene	7479061	7482737	.	-	.	ID=gene-LOC101585455;Dbxref=GeneID:101585455;Name=LOC101585455;origin=liftoff;copy_num_ID=gene-LOC101585455_0;coverage=1.0;extra_copy_number=0;gbkey=Gene;gene=LOC101585455;gene_biotype=protein_coding;sequence_ID=0.997;valid_ORFs=0	LOC101585455	7479060	7482737	True
17195	785358	chr16	Liftoff	gene	8810049	8819646	.	+	.	ID=gene-Znf641;Dbxref=GeneID:101561298;Name=Znf641;origin=liftoff;copy_num_ID=gene-Znf641_0;coverage=1.0;extra_copy_number=0;gbkey=Gene;gene=Znf641;gene_biotype=protein_coding;sequence_ID=0.998;valid_ORFs=3	ZNF641	8810048	8819646	True
17196	785408	chr16	Liftoff	gene	8840550	8846090	.	-	.	ID=gene-LOC101561700;Dbxref=GeneID:101561700;Name=LOC101561700;origin=liftoff;copy_num_ID=gene-LOC101561700_0;coverage=1.0;extra_copy_number=0;gbkey=Gene;gene=LOC101561700;gene_biotype=protein_coding;sequence_ID=0.997;valid_ORFs=0	LOC101561700	8840549	8846090	True
17317	790733	chr16	Liftoff	gene	28112524	28116929	.	+	.	ID=gene-Lyz-l1;Dbxref=GeneID:101566278;Name=Lyz-l1;origin=rename;copy_num_ID=gene-LOC101566278_0;coverage=1.0;extra_copy_number=0;gbkey=Gene;gene=LOC101566278;gene_biotype=protein_coding;sequence_ID=1.0;valid_ORFs=1	LYZ-L1	28112523	28116929	True
17318	790743	chr16	Liftoff	gene	28123420	28123557	.	+	.	ID=gene-LOC111817034;Dbxref=GeneID:111817034;Name=LOC111817034;origin=liftoff;copy_num_ID=gene-LOC111817034_0;coverage=0.605;extra_copy_number=0;gbkey=Gene;gene=LOC111817034;gene_biotype=protein_coding;sequence_ID=0.605;valid_ORFs=0	LOC111817034	28123419	28123557	True
17323	790797	chr16	Liftoff	gene	28660373	28686954	.	+	.	ID=gene-Cpm;Dbxref=GeneID:101564305;Name=Cpm;origin=rename;copy_num_ID=gene-LOC101564305_0;coverage=1.0;extra_copy_number=0;gbkey=Gene;gene=LOC101564305;gene_biotype=protein_coding;sequence_ID=0.994;valid_ORFs=1	CPM	28660372	28686954	True
17331	791272	chr16	Liftoff	gene	29422928	29426617	.	+	.	ID=gene-Ifng;Dbxref=GeneID:101561507;Name=Ifng;origin=liftoff;copy_num_ID=gene-Ifng_0;coverage=1.0;extra_copy_number=0;gbkey=Gene;gene=Ifng;gene_biotype=protein_coding;sequence_ID=0.996;valid_ORFs=1	IFNG	29422927	29426617	True
17332	791282	chr16	AUGUSTUS	gene	29485663	29489133	.	+	.	ID=gene-Ifng-dl1;Name=Ifng-dl1;origin=de_novo	IFNG-DL1	29485662	29489133	True
17355	791890	chr16	Liftoff	gene	33330190	33366871	.	-	.	ID=gene-Xpot;Dbxref=GeneID:101584789;Name=Xpot;origin=liftoff;copy_num_ID=gene-Xpot_0;coverage=1.0;extra_copy_number=0;gbkey=Gene;gene=Xpot;gene_biotype=protein_coding;sequence_ID=0.998;valid_ORFs=2	XPOT	33330189	33366871	True
17422	796490	chr16	Liftoff	gene	41395236	41425431	.	+	.	ID=gene-LOC101583498;Dbxref=GeneID:101583498;Name=LOC101583498;origin=liftoff;copy_num_ID=gene-LOC101583498_0;coverage=1.0;extra_copy_number=0;gbkey=Gene;gene=LOC101583498;gene_biotype=protein_coding;sequence_ID=1.0;valid_ORFs=1	LOC101583498	41395235	41425431	True
17423	796506	chr16	AUGUSTUS	gene	41417267	41419525	.	-	.	ID=gene-Larp7-dl2;Name=Larp7-dl2;origin=de_novo	LARP7-DL2	41417266	41419525	True
17424	796514	chr16	Liftoff	gene	41462045	41468269	.	+	.	ID=gene-Rdh16-l1;Dbxref=GeneID:101582692;Name=Rdh16-l1;origin=rename;copy_num_ID=gene-LOC101582692_0;coverage=1.0;extra_copy_number=0;gbkey=Gene;gene=LOC101582692;gene_biotype=protein_coding;sequence_ID=0.998;valid_ORFs=1	RDH16-L1	41462044	41468269	True
17425	796526	chr16	Liftoff	gene	41490236	41490538	.	-	.	ID=gene-Znf2-l1;Dbxref=GeneID:101574112;Name=Znf2-l1;origin=rename;copy_num_ID=gene-LOC101574112_0;coverage=1.0;extra_copy_number=0;gbkey=Gene;gene=LOC101574112;gene_biotype=protein_coding;sequence_ID=0.993;valid_ORFs=1	ZNF2-L1	41490235	41490538	True
17426	796530	chr16	Liftoff	gene	41491210	41500508	.	+	.	ID=gene-Sdr9c7;Dbxref=GeneID:101582294;Name=Sdr9c7;origin=rename;copy_num_ID=gene-LOC101582294_0;coverage=1.0;extra_copy_number=0;gbkey=Gene;gene=LOC101582294;gene_biotype=protein_coding;sequence_ID=0.991;valid_ORFs=1	SDR9C7	41491209	41500508	True
17430	796561	chr16	Liftoff	gene	41753417	41775527	.	-	.	ID=gene-Hsd17b6;Dbxref=GeneID:101572137;Name=Hsd17b6;origin=rename;copy_num_ID=gene-LOC101572137_0;coverage=1.0;extra_copy_number=0;gbkey=Gene;gene=LOC101572137;gene_biotype=protein_coding;sequence_ID=0.997;valid_ORFs=3	HSD17B6	41753416	41775527	True
17431	796603	chr16	Liftoff	gene	41932410	41942505	.	-	.	ID=gene-Hsd17b6-l1;Dbxref=GeneID:101575303;Name=Hsd17b6-l1;origin=rename;copy_num_ID=gene-LOC101575303_0;coverage=0.948;extra_copy_number=0;gbkey=Gene;gene=LOC101575303;gene_biotype=protein_coding;sequence_ID=0.948;valid_ORFs=1	HSD17B6-L1	41932409	41942505	True
17432	796614	chr16	Liftoff	gene	42009788	42010493	.	+	.	ID=gene-LOC101581272;Dbxref=GeneID:101581272;Name=LOC101581272;origin=liftoff;copy_num_ID=gene-LOC101581272_0;coverage=1.0;extra_copy_number=0;gbkey=Gene;gene=LOC101581272;gene_biotype=protein_coding;sequence_ID=0.992;valid_ORFs=0	LOC101581272	42009787	42010493	True
17433	796620	chr16	Liftoff	gene	42053590	42056841	.	+	.	ID=gene-LOC101576481;Dbxref=GeneID:101576481;Name=LOC101576481;origin=liftoff;copy_num_ID=gene-LOC101576481_0;coverage=1.0;extra_copy_number=0;gbkey=Gene;gene=LOC101576481;gene_biotype=protein_coding;sequence_ID=0.996;valid_ORFs=0	LOC101576481	42053589	42056841	True
17518	799992	chr16	Liftoff	gene	44713703	44713809	.	+	.	ID=gene-LOC111814566;Dbxref=GeneID:111814566;Name=LOC111814566;origin=liftoff;copy_num_ID=gene-LOC111814566_0;coverage=1.0;extra_copy_number=0;gbkey=Gene;gene=LOC111814566;gene_biotype=snRNA;sequence_ID=0.990	LOC111814566	44713702	44713809	True
17519	799995	chr16	Liftoff	gene	44716194	44726193	.	+	.	ID=gene-LOC101562715;Dbxref=GeneID:101562715;Name=LOC101562715;origin=liftoff;copy_num_ID=gene-LOC101562715_0;coverage=0.999;extra_copy_number=0;gbkey=Gene;gene=LOC101562715;gene_biotype=protein_coding;sequence_ID=0.995;valid_ORFs=0	LOC101562715	44716193	44726193	True
17532	800064	chr16	Liftoff	gene	45258184	45259131	.	-	.	ID=gene-LOC101563684;Dbxref=GeneID:101563684;Name=LOC101563684;origin=liftoff;copy_num_ID=gene-LOC101563684_0;coverage=1.0;extra_copy_number=0;gbkey=Gene;gene=LOC101563684;gene_biotype=protein_coding;sequence_ID=0.998;valid_ORFs=1	LOC101563684	45258183	45259131	True
17533	800068	chr16	Liftoff	gene	45273687	45276260	.	-	.	ID=gene-LOC101583153;Dbxref=GeneID:101583153;Name=LOC101583153;origin=liftoff;copy_num_ID=gene-LOC101583153_0;coverage=1.0;extra_copy_number=0;gbkey=Gene;gene=LOC101583153;gene_biotype=protein_coding;sequence_ID=0.997;valid_ORFs=0	LOC101583153	45273686	45276260	True
17535	800078	chr16	Liftoff	gene	45362077	45362182	.	+	.	ID=gene-LOC111818520;Dbxref=GeneID:111818520;Name=LOC111818520;origin=liftoff;copy_num_ID=gene-LOC111818520_0;coverage=1.0;extra_copy_number=0;gbkey=Gene;gene=LOC111818520;gene_biotype=snRNA;sequence_ID=1.0	LOC111818520	45362076	45362182	True
17536	800081	chr16	Liftoff	gene	45407015	45407944	.	+	.	ID=gene-LOC101562888;Dbxref=GeneID:101562888;Name=LOC101562888;origin=liftoff;copy_num_ID=gene-LOC101562888_0;coverage=1.0;extra_copy_number=0;gbkey=Gene;gene=LOC101562888;gene_biotype=protein_coding;sequence_ID=1.0;valid_ORFs=1	LOC101562888	45407014	45407944	True
17537	800085	chr16	Liftoff	gene	45412192	45415507	.	-	.	ID=gene-LOC101562488;Dbxref=GeneID:101562488;Name=LOC101562488;origin=liftoff;copy_num_ID=gene-LOC101562488_0;coverage=0.991;end_range=7485680,.;extra_copy_number=0;gbkey=Gene;gene=LOC101562488;gene_biotype=protein_coding;partial=true;sequence_ID=0.987;valid_ORFs=0	LOC101562488	45412191	45415507	True
17541	800122	chr16	Liftoff	gene	45783976	45784082	.	-	.	ID=gene-LOC111818518;Dbxref=GeneID:111818518;Name=LOC111818518;origin=liftoff;copy_num_ID=gene-LOC111818518_0;coverage=1.0;extra_copy_number=0;gbkey=Gene;gene=LOC111818518;gene_biotype=snRNA;sequence_ID=1.0	LOC111818518	45783975	45784082	True
17582	801674	chr16	Liftoff	gene	47124815	47164735	.	-	.	ID=gene-Sp1;Dbxref=GeneID:101563826;Name=Sp1;origin=liftoff;copy_num_ID=gene-Sp1_0;coverage=0.999;extra_copy_number=0;gbkey=Gene;gene=Sp1;gene_biotype=protein_coding;sequence_ID=0.999;valid_ORFs=3	SP1	47124814	47164735	True
17704	807366	chr16	Liftoff	gene	51326678	51407273	.	-	.	ID=gene-Shcbp1;Dbxref=GeneID:101571775;Name=Shcbp1;origin=liftoff;copy_num_ID=gene-Shcbp1_0;coverage=1.0;extra_copy_number=0;gbkey=Gene;gene=Shcbp1;gene_biotype=protein_coding;sequence_ID=0.999;valid_ORFs=1	SHCBP1	51326677	51407273	True
17719	807781	chr16	Liftoff	gene	52490700	52491821	.	+	.	ID=gene-Gnas-l1;Dbxref=GeneID:101564622;Name=Gnas-l1;origin=rename;copy_num_ID=gene-LOC101564622_0;coverage=1.0;extra_copy_number=0;gbkey=Gene;gene=LOC101564622;gene_biotype=protein_coding;sequence_ID=0.999;valid_ORFs=1	GNAS-L1	52490699	52491821	True
17720	807785	chr16	Liftoff	gene	52536056	52537195	.	-	.	ID=gene-Gnas-l2;Dbxref=GeneID:101564220;Name=Gnas-l2;origin=rename;copy_num_ID=gene-LOC101564220_0;coverage=1.0;extra_copy_number=0;gbkey=Gene;gene=LOC101564220;gene_biotype=protein_coding;sequence_ID=0.994;valid_ORFs=1	GNAS-L2	52536055	52537195	True
17722	807792	chr16	Liftoff	gene	52695299	52696444	.	-	.	ID=gene-Gnas-l3;Dbxref=GeneID:101564147;Name=Gnas-l3;origin=rename;copy_num_ID=gene-LOC101564147_0;coverage=1.0;extra_copy_number=0;gbkey=Gene;gene=LOC101564147;gene_biotype=protein_coding;sequence_ID=0.995;valid_ORFs=1	GNAS-L3	52695298	52696444	True
17723	807796	chr16	Liftoff	gene	52716198	52719921	.	+	.	ID=gene-LOC105743915;Dbxref=GeneID:105743915;Name=LOC105743915;origin=liftoff;copy_num_ID=gene-LOC105743915_0;coverage=0.997;extra_copy_number=0;gbkey=Gene;gene=LOC105743915;gene_biotype=protein_coding;sequence_ID=0.993;valid_ORFs=0	LOC105743915	52716197	52719921	True
17724	807803	chr16	Liftoff	gene	52816005	52843906	.	-	.	ID=gene-Gnas-l4;Dbxref=GeneID:101565321;Name=Gnas-l4;origin=rename;copy_num_ID=gene-LOC101565321_0;coverage=1.0;extra_copy_number=0;gbkey=Gene;gene=LOC101565321;gene_biotype=protein_coding;sequence_ID=0.998;valid_ORFs=1	GNAS-L4	52816004	52843906	True
17725	807809	chr16	Liftoff	gene	52894720	52895866	.	+	.	ID=gene-LOC101566117;Dbxref=GeneID:101566117;Name=LOC101566117;origin=liftoff;copy_num_ID=gene-LOC101566117_0;coverage=1.0;extra_copy_number=0;gbkey=Gene;gene=LOC101566117;gene_biotype=protein_coding;sequence_ID=0.998;valid_ORFs=0	LOC101566117	52894719	52895866	True
17726	807813	chr16	Liftoff	gene	52931498	52932947	.	-	.	ID=gene-LOC101566917;Dbxref=GeneID:101566917;Name=LOC101566917;origin=liftoff;copy_num_ID=gene-LOC101566917_0;coverage=1.0;extra_copy_number=0;gbkey=Gene;gene=LOC101566917;gene_biotype=protein_coding;sequence_ID=0.791;valid_ORFs=0	LOC101566917	52931497	52932947	True
17727	807821	chr16	Liftoff	gene	52961665	52963438	.	-	.	ID=gene-Gnas-l5;Dbxref=GeneID:101567311;Name=Gnas-l5;origin=rename;copy_num_ID=gene-LOC101567311_0;coverage=1.0;extra_copy_number=0;gbkey=Gene;gene=LOC101567311;gene_biotype=protein_coding;sequence_ID=0.996;valid_ORFs=1	GNAS-L5	52961664	52963438	True
17754	808344	chr16	Liftoff	gene	55051470	55072413	.	+	.	ID=gene-Aadac;Dbxref=GeneID:101590032;Name=Aadac;origin=rename;copy_num_ID=gene-LOC101590032_0;coverage=1.0;extra_copy_number=0;gbkey=Gene;gene=LOC101590032;gene_biotype=protein_coding;sequence_ID=0.995;valid_ORFs=2	AADAC	55051469	55072413	True
17755	808371	chr16	AUGUSTUS	gene	55093116	55093847	.	+	.	ID=gene-Amd1-dl1;Name=Amd1-dl1;origin=de_novo	AMD1-DL1	55093115	55093847	True
17756	808378	chr16	Liftoff	gene	55116436	55134952	.	-	.	ID=gene-Aadac-l1;Dbxref=GeneID:101590813;Name=Aadac-l1;origin=rename;copy_num_ID=gene-LOC101590813_0;coverage=1.0;extra_copy_number=0;gbkey=Gene;gene=LOC101590813;gene_biotype=protein_coding;sequence_ID=0.995;valid_ORFs=1	AADAC-L1	55116435	55134952	True
17793	809777	chr16	Liftoff	gene	69969235	70021384	.	+	.	ID=gene-Gfm1;Dbxref=GeneID:101572456;Name=Gfm1;origin=liftoff;copy_num_ID=gene-Gfm1_0;coverage=1.0;extra_copy_number=0;gbkey=Gene;gene=Gfm1;gene_biotype=protein_coding;sequence_ID=1.0;valid_ORFs=1	GFM1	69969234	70021384	True
17794	809817	chr16	Liftoff	gene	69999467	70006950	.	-	.	ID=gene-Lxn;Dbxref=GeneID:101572057;Name=Lxn;origin=liftoff;copy_num_ID=gene-Lxn_0;coverage=1.0;extra_copy_number=0;gbkey=Gene;gene=Lxn;gene_biotype=protein_coding;sequence_ID=1.0;valid_ORFs=1	LXN	69999466	70006950	True
17867	813710	chr16	Liftoff	gene	84812498	84914014	.	+	.	ID=gene-Ect2;Dbxref=GeneID:101580627;Name=Ect2;origin=liftoff;copy_num_ID=gene-Ect2_0;coverage=1.0;extra_copy_number=0;gbkey=Gene;gene=Ect2;gene_biotype=protein_coding;sequence_ID=1.0;valid_ORFs=1	ECT2	84812497	84914014	True
18025	820762	chr16	AUGUSTUS	gene	107398932	107433593	.	+	.	ID=gene-Ehhadh;Name=Ehhadh;origin=de_novo	EHHADH	107398931	107433593	True
18270	834482	chr17	Liftoff	gene	20308672	20319596	.	+	.	ID=gene-LOC101568821;Dbxref=GeneID:101568821;Name=LOC101568821;origin=liftoff;copy_num_ID=gene-LOC101568821_0;coverage=1.0;extra_copy_number=0;gbkey=Gene;gene=LOC101568821;gene_biotype=protein_coding;sequence_ID=0.995;valid_ORFs=1	LOC101568821	20308671	20319596	True
18308	834776	chr17	Liftoff	gene	23172299	23172746	.	-	.	ID=gene-LOC101592413;Dbxref=GeneID:101592413;Name=LOC101592413;origin=liftoff;copy_num_ID=gene-LOC101592413_0;coverage=1.0;extra_copy_number=0;gbkey=Gene;gene=LOC101592413;gene_biotype=V_segment;sequence_ID=0.991;valid_ORFs=1	LOC101592413	23172298	23172746	True
18309	834782	chr17	Liftoff	gene	23197527	23198109	.	-	.	ID=gene-LOC101592791;Dbxref=GeneID:101592791;Name=LOC101592791;origin=liftoff;copy_num_ID=gene-LOC101592791_0;coverage=1.0;extra_copy_number=0;gbkey=Gene;gene=LOC101592791;gene_biotype=V_segment;sequence_ID=0.997;valid_ORFs=1	LOC101592791	23197526	23198109	True
18313	834810	chr17	Liftoff	gene	23280448	23280931	.	-	.	ID=gene-LOC101560586;Dbxref=GeneID:101560586;Name=LOC101560586;origin=liftoff;copy_num_ID=gene-LOC101560586_0;coverage=1.0;extra_copy_number=0;gbkey=Gene;gene=LOC101560586;gene_biotype=V_segment;sequence_ID=1.0;valid_ORFs=1	LOC101560586	23280447	23280931	True
18314	834817	chr17	Liftoff	gene	23315293	23315743	.	-	.	ID=gene-LOC101560983;Dbxref=GeneID:101560983;Name=LOC101560983;origin=liftoff;copy_num_ID=gene-LOC101560983_0;coverage=1.0;extra_copy_number=0;gbkey=Gene;gene=LOC101560983;gene_biotype=V_segment;sequence_ID=0.986;valid_ORFs=1	LOC101560983	23315292	23315743	True
18315	834823	chr17	Liftoff	gene	23351723	23352209	.	-	.	ID=gene-LOC101561382;Dbxref=GeneID:101561382;Name=LOC101561382;origin=liftoff;copy_num_ID=gene-LOC101561382_0;coverage=1.0;extra_copy_number=0;gbkey=Gene;gene=LOC101561382;gene_biotype=V_segment;sequence_ID=0.997;valid_ORFs=1	LOC101561382	23351722	23352209	True
18341	835139	chr17	Liftoff	gene	24242334	24243809	.	-	.	ID=gene-LOC101572522;Dbxref=GeneID:101572522;Name=LOC101572522;origin=liftoff;copy_num_ID=gene-LOC101572522_0;coverage=1.0;extra_copy_number=0;gbkey=Gene;gene=LOC101572522;gene_biotype=V_segment;partial=true;sequence_ID=0.975;start_range=.,1537325;valid_ORFs=0	LOC101572522	24242333	24243809	True
18342	835148	chr17	Liftoff	gene	24252022	24252636	.	-	.	ID=gene-LOC101572920;Dbxref=GeneID:101572920;Name=LOC101572920;origin=liftoff;copy_num_ID=gene-LOC101572920_0;coverage=1.0;extra_copy_number=0;gbkey=Gene;gene=LOC101572920;gene_biotype=V_segment;sequence_ID=0.997;valid_ORFs=1	LOC101572920	24252021	24252636	True
18343	835155	chr17	Liftoff	gene	24256422	24258791	.	-	.	ID=gene-Vash2-l1;Dbxref=GeneID:101586098;Name=Vash2-l1;origin=rename;copy_num_ID=gene-LOC101586098_0;coverage=1.0;extra_copy_number=0;gbkey=Gene;gene=LOC101586098;gene_biotype=protein_coding;sequence_ID=0.994;valid_ORFs=2	VASH2-L1	24256421	24258791	True
18344	835170	chr17	Liftoff	gene	24264931	24265451	.	-	.	ID=gene-LOC101573307;Dbxref=GeneID:101573307;Name=LOC101573307;origin=liftoff;copy_num_ID=gene-LOC101573307_0;coverage=1.0;extra_copy_number=0;gbkey=Gene;gene=LOC101573307;gene_biotype=V_segment;sequence_ID=0.998;valid_ORFs=1	LOC101573307	24264930	24265451	True
18345	835177	chr17	Liftoff	gene	24273813	24278409	.	-	.	ID=gene-LOC101574896;Dbxref=GeneID:101574896;Name=LOC101574896;origin=liftoff;copy_num_ID=gene-LOC101574896_0;coverage=1.0;extra_copy_number=0;gbkey=Gene;gene=LOC101574896;gene_biotype=V_segment;sequence_ID=0.993;valid_ORFs=1	LOC101574896	24273812	24278409	True
18346	835186	chr17	Liftoff	gene	24320665	24321226	.	-	.	ID=gene-LOC101575290;Dbxref=GeneID:101575290;Name=LOC101575290;origin=liftoff;copy_num_ID=gene-LOC101575290_0;coverage=0.997;extra_copy_number=0;gbkey=Gene;gene=LOC101575290;gene_biotype=V_segment;sequence_ID=0.989;valid_ORFs=1	LOC101575290	24320664	24321226	True
18356	835295	chr17	Liftoff	gene	24732814	24733405	.	-	.	ID=gene-LOC101581260;Dbxref=GeneID:101581260;Name=LOC101581260;origin=liftoff;copy_num_ID=gene-LOC101581260_0;coverage=1.0;extra_copy_number=0;gbkey=Gene;gene=LOC101581260;gene_biotype=V_segment;sequence_ID=0.998;valid_ORFs=1	LOC101581260	24732813	24733405	True
18357	835302	chr17	Liftoff	gene	24772918	24773524	.	-	.	ID=gene-LOC101582430;Dbxref=GeneID:101582430;Name=LOC101582430;origin=liftoff;copy_num_ID=gene-LOC101582430_0;coverage=1.0;extra_copy_number=0;gbkey=Gene;gene=LOC101582430;gene_biotype=V_segment;sequence_ID=0.997;valid_ORFs=0	LOC101582430	24772917	24773524	True
18358	835310	chr17	Liftoff	gene	24782564	24783200	.	-	.	ID=gene-LOC101582835;Dbxref=GeneID:101582835;Name=LOC101582835;origin=liftoff;copy_num_ID=gene-LOC101582835_0;coverage=1.0;extra_copy_number=0;gbkey=Gene;gene=LOC101582835;gene_biotype=V_segment;sequence_ID=0.955;valid_ORFs=1	LOC101582835	24782563	24783200	True
18362	835337	chr17	Liftoff	gene	24845916	24846575	.	-	.	ID=gene-LOC101584012;Dbxref=GeneID:101584012;Name=LOC101584012;origin=liftoff;copy_num_ID=gene-LOC101584012_0;coverage=1.0;extra_copy_number=0;gbkey=Gene;gene=LOC101584012;gene_biotype=V_segment;sequence_ID=1.0;valid_ORFs=1	LOC101584012	24845915	24846575	True
18363	835344	chr17	Liftoff	gene	24858682	24860711	.	-	.	ID=gene-LOC101584390;Dbxref=GeneID:101584390;Name=LOC101584390;origin=liftoff;copy_num_ID=gene-LOC101584390_0;coverage=1.0;extra_copy_number=0;gbkey=Gene;gene=LOC101584390;gene_biotype=V_segment;sequence_ID=0.997;valid_ORFs=1	LOC101584390	24858681	24860711	True
18364	835353	chr17	Liftoff	gene	24884761	24885252	.	-	.	ID=gene-LOC101584775;Dbxref=GeneID:101584775;Name=LOC101584775;origin=liftoff;copy_num_ID=gene-LOC101584775_0;coverage=1.0;extra_copy_number=0;gbkey=Gene;gene=LOC101584775;gene_biotype=V_segment;sequence_ID=0.992;valid_ORFs=1	LOC101584775	24884760	24885252	True
18365	835360	chr17	Liftoff	gene	24900458	24900981	.	-	.	ID=gene-LOC101585170;Dbxref=GeneID:101585170;Name=LOC101585170;origin=liftoff;copy_num_ID=gene-LOC101585170_0;coverage=1.0;extra_copy_number=0;gbkey=Gene;gene=LOC101585170;gene_biotype=V_segment;sequence_ID=0.993;valid_ORFs=1	LOC101585170	24900457	24900981	True
18367	835373	chr17	Liftoff	gene	24972449	24973057	.	-	.	ID=gene-LOC101585962;Dbxref=GeneID:101585962;Name=LOC101585962;origin=liftoff;copy_num_ID=gene-LOC101585962_0;coverage=1.0;extra_copy_number=0;gbkey=Gene;gene=LOC101585962;gene_biotype=V_segment;sequence_ID=0.998;valid_ORFs=1	LOC101585962	24972448	24973057	True
18368	835380	chr17	Liftoff	gene	25028325	25028903	.	-	.	ID=gene-LOC101586764;Dbxref=GeneID:101586764;Name=LOC101586764;origin=liftoff;copy_num_ID=gene-LOC101586764_0;coverage=1.0;extra_copy_number=0;gbkey=Gene;gene=LOC101586764;gene_biotype=V_segment;sequence_ID=0.995;valid_ORFs=1	LOC101586764	25028324	25028903	True
18369	835387	chr17	Liftoff	gene	25037421	25037729	.	-	.	ID=gene-LOC111814020;Dbxref=GeneID:111814020;Name=LOC111814020;origin=liftoff;copy_num_ID=gene-LOC111814020_0;coverage=1.0;extra_copy_number=0;gbkey=Gene;gene=LOC111814020;gene_biotype=V_segment;sequence_ID=1.0;valid_ORFs=1	LOC111814020	25037420	25037729	True
18375	835447	chr17	Liftoff	gene	25273380	25273871	.	-	.	ID=gene-LOC101590312;Dbxref=GeneID:101590312;Name=LOC101590312;origin=liftoff;copy_num_ID=gene-LOC101590312_0;coverage=1.0;extra_copy_number=0;gbkey=Gene;gene=LOC101590312;gene_biotype=V_segment;sequence_ID=0.997;valid_ORFs=1	LOC101590312	25273379	25273871	True
18376	835454	chr17	Liftoff	gene	25283978	25325819	.	-	.	ID=gene-LOC101588074;Dbxref=GeneID:101588074;Name=LOC101588074;origin=liftoff;copy_num_ID=gene-LOC101588074_0;coverage=1.0;extra_copy_number=0;gbkey=Gene;gene=LOC101588074;gene_biotype=V_segment;sequence_ID=1.0;valid_ORFs=1	LOC101588074	25283977	25325819	True
18377	835464	chr17	Liftoff	gene	25373641	25374170	.	-	.	ID=gene-LOC101588467;Dbxref=GeneID:101588467;Name=LOC101588467;origin=liftoff;copy_num_ID=gene-LOC101588467_0;coverage=1.0;extra_copy_number=0;gbkey=Gene;gene=LOC101588467;gene_biotype=V_segment;sequence_ID=0.993;valid_ORFs=1	LOC101588467	25373640	25374170	True
18378	835472	chr17	Liftoff	gene	25386131	25387342	.	-	.	ID=gene-LOC101589257;Dbxref=GeneID:101589257;Name=LOC101589257;origin=liftoff;copy_num_ID=gene-LOC101589257_0;coverage=1.0;extra_copy_number=0;gbkey=Gene;gene=LOC101589257;gene_biotype=V_segment;sequence_ID=1.0;valid_ORFs=1	LOC101589257	25386130	25387342	True
18393	835595	chr17	Liftoff	gene	25845511	25846473	.	-	.	ID=gene-LOC101577451;Dbxref=GeneID:101577451;Name=LOC101577451;origin=liftoff;copy_num_ID=gene-LOC101577451_0;coverage=1.0;end_range=1212,.;extra_copy_number=0;gbkey=Gene;gene=LOC101577451;gene_biotype=protein_coding;partial=true;sequence_ID=0.995;valid_ORFs=0	LOC101577451	25845510	25846473	True
18397	835632	chr17	Liftoff	gene	26144025	26144520	.	-	.	ID=gene-LOC101571427;Dbxref=GeneID:101571427;Name=LOC101571427;origin=liftoff;copy_num_ID=gene-LOC101571427_0;coverage=1.0;extra_copy_number=0;gbkey=Gene;gene=LOC101571427;gene_biotype=V_segment;sequence_ID=0.994;valid_ORFs=1	LOC101571427	26144024	26144520	True
18398	835639	chr17	Liftoff	gene	26217012	26245060	.	-	.	ID=gene-LOC105743999;Dbxref=GeneID:105743999;Name=LOC105743999;origin=liftoff;copy_num_ID=gene-LOC105743999_0;coverage=1.0;extra_copy_number=0;gbkey=Gene;gene=LOC105743999;gene_biotype=protein_coding;sequence_ID=1.0;valid_ORFs=1	LOC105743999	26217011	26245060	True
18533	840689	chr17	Liftoff	gene	57197793	57274826	.	-	.	ID=gene-Rbm28;Dbxref=GeneID:101580166;Name=Rbm28;origin=liftoff;copy_num_ID=gene-Rbm28_0;coverage=0.668;extra_copy_number=0;gbkey=Gene;gene=Rbm28;gene_biotype=protein_coding;sequence_ID=0.667;valid_ORFs=0	RBM28	57197792	57274826	True
18568	842286	chr17	Liftoff	gene	58889895	58938910	.	-	.	ID=gene-Tmem209;Dbxref=GeneID:101571543;Name=Tmem209;origin=liftoff;copy_num_ID=gene-Tmem209_0;coverage=1.0;extra_copy_number=0;gbkey=Gene;gene=Tmem209;gene_biotype=protein_coding;sequence_ID=1.0;valid_ORFs=3	TMEM209	58889894	58938910	True
18579	842610	chr17	AUGUSTUS	gene	59247477	59479041	.	-	.	ID=gene-Copg2;Name=Copg2;origin=replace	COPG2	59247476	59479041	True
18833	852341	chr17	Liftoff	gene	94117756	94193205	.	+	.	ID=gene-Rsbn1l;Dbxref=GeneID:101578026;Name=Rsbn1l;origin=liftoff;copy_num_ID=gene-Rsbn1l_0;coverage=0.931;extra_copy_number=0;gbkey=Gene;gene=Rsbn1l;gene_biotype=protein_coding;sequence_ID=0.929;valid_ORFs=1	RSBN1L	94117755	94193205	True
18834	852365	chr17	Liftoff	gene	94169433	94169534	.	-	.	ID=gene-LOC111818950;Dbxref=GeneID:111818950;Name=LOC111818950;origin=liftoff;copy_num_ID=gene-LOC111818950_0;coverage=1.0;extra_copy_number=0;gbkey=Gene;gene=LOC111818950;gene_biotype=snoRNA;sequence_ID=0.990	LOC111818950	94169432	94169534	True
18875	854373	chr18	AUGUSTUS	gene	3795333	3795683	.	+	.	ID=gene-Dynlt3-dl1;Name=Dynlt3-dl1;origin=de_novo	DYNLT3-DL1	3795332	3795683	True
18876	854380	chr18	AUGUSTUS	gene	3799287	3799739	.	-	.	ID=gene-Aif1l-dl1;Name=Aif1l-dl1;origin=de_novo	AIF1L-DL1	3799286	3799739	True
18877	854387	chr18	Liftoff	gene	3817878	3820637	.	+	.	ID=gene-LOC105741364;Dbxref=GeneID:105741364;Name=LOC105741364;origin=liftoff;copy_num_ID=gene-LOC105741364_0;coverage=1.0;extra_copy_number=0;gbkey=Gene;gene=LOC105741364;gene_biotype=protein_coding;sequence_ID=0.994;valid_ORFs=1	LOC105741364	3817877	3820637	True
18942	857855	chr18	Liftoff	gene	8347078	8383540	.	-	.	ID=gene-Nol11;Dbxref=GeneID:101560184;Name=Nol11;origin=liftoff;copy_num_ID=gene-Nol11_0;coverage=1.0;extra_copy_number=0;gbkey=Gene;gene=Nol11;gene_biotype=protein_coding;sequence_ID=0.999;valid_ORFs=1	NOL11	8347077	8383540	True
19052	863382	chr18	Liftoff	gene	18994690	18999137	.	-	.	ID=gene-Fbf1-l1;Dbxref=GeneID:101579667;Name=Fbf1-l1;origin=rename;copy_num_ID=gene-LOC101579667_0;coverage=1.0;extra_copy_number=0;gbkey=Gene;gene=LOC101579667;gene_biotype=protein_coding;sequence_ID=0.990;valid_ORFs=1	FBF1-L1	18994689	18999137	True
19258	873778	chr18	Liftoff	gene	37668555	37678751	.	+	.	ID=gene-LOC111814861;Dbxref=GeneID:111814861;Name=LOC111814861;origin=liftoff;copy_num_ID=gene-LOC111814861_0;coverage=1.0;extra_copy_number=0;gbkey=Gene;gene=LOC111814861;gene_biotype=protein_coding;partial=true;sequence_ID=0.998;start_range=.,5845;valid_ORFs=0	LOC111814861	37668554	37678751	True
19534	884600	chr18	Liftoff	gene	82767194	82774049	.	-	.	ID=gene-LOC101589645;Dbxref=GeneID:101589645;Name=LOC101589645;origin=liftoff;copy_num_ID=gene-LOC101589645_0;coverage=0.982;extra_copy_number=0;gbkey=Gene;gene=LOC101589645;gene_biotype=protein_coding;partial=true;sequence_ID=0.980;start_range=.,88;valid_ORFs=0	LOC101589645	82767193	82774049	True
19535	884619	chr18	Liftoff	gene	82877067	82881831	.	+	.	ID=gene-LOC101580632;Dbxref=GeneID:101580632;Name=LOC101580632;origin=liftoff;copy_num_ID=gene-LOC101580632_0;coverage=1.0;end_range=34128,.;extra_copy_number=0;gbkey=Gene;gene=LOC101580632;gene_biotype=protein_coding;partial=true;sequence_ID=0.999;valid_ORFs=0	LOC101580632	82877066	82881831	True
19680	895609	chr19	Liftoff	gene	14462701	14469776	.	+	.	ID=gene-LOC101586670;Dbxref=GeneID:101586670;Name=LOC101586670;origin=liftoff;copy_num_ID=gene-LOC101586670_0;coverage=1.0;extra_copy_number=0;gbkey=Gene;gene=LOC101586670;gene_biotype=protein_coding;sequence_ID=1.0;valid_ORFs=2	LOC101586670	14462700	14469776	True
19681	895646	chr19	Liftoff	gene	14492041	14500929	.	-	.	ID=gene-LOC101585872;Dbxref=GeneID:101585872;Name=LOC101585872;origin=liftoff;copy_num_ID=gene-LOC101585872_0;coverage=1.0;extra_copy_number=0;gbkey=Gene;gene=LOC101585872;gene_biotype=protein_coding;sequence_ID=0.997;valid_ORFs=0	LOC101585872	14492040	14500929	True
19701	896168	chr19	Liftoff	gene	15605467	15697415	.	-	.	ID=gene-Hnrnpr;Dbxref=GeneID:101565005;Name=Hnrnpr;origin=rename;copy_num_ID=gene-LOC101565005_0;coverage=0.976;extra_copy_number=0;gbkey=Gene;gene=LOC101565005;gene_biotype=protein_coding;sequence_ID=0.968;valid_ORFs=0	HNRNPR	15605466	15697415	True
19867	903797	chr19	Liftoff	gene	23745341	23784963	.	+	.	ID=gene-Khdrbs1;Dbxref=GeneID:101578456;Name=Khdrbs1;origin=liftoff;copy_num_ID=gene-Khdrbs1_0;coverage=1.0;extra_copy_number=0;gbkey=Gene;gene=Khdrbs1;gene_biotype=protein_coding;sequence_ID=0.998;valid_ORFs=1	KHDRBS1	23745340	23784963	True
19887	904378	chr19	AUGUSTUS	gene	24276107	24278407	.	-	.	ID=gene-Prkci-dl1;Name=Prkci-dl1;origin=de_novo	PRKCI-DL1	24276106	24278407	True
19895	904645	chr19	AUGUSTUS	gene	24590272	24618795	.	+	.	ID=gene-S100pbp;Name=S100pbp;origin=replace	S100PBP	24590271	24618795	True
19993	909650	chr19	Liftoff	gene	31293326	31320968	.	+	.	ID=gene-Bmp8b-l1;Dbxref=GeneID:101581341;Name=Bmp8b-l1;origin=rename;copy_num_ID=gene-LOC101581341_0;coverage=1.0;extra_copy_number=0;gbkey=Gene;gene=LOC101581341;gene_biotype=protein_coding;sequence_ID=1.0;valid_ORFs=0	BMP8B-L1	31293325	31320968	True
19994	909670	chr19	Liftoff	gene	31313073	31314611	.	+	.	ID=gene-Oxct2a;Dbxref=GeneID:105743514;Name=Oxct2a;origin=rename;copy_num_ID=gene-LOC105743514_0;coverage=1.0;extra_copy_number=0;gbkey=Gene;gene=LOC105743514;gene_biotype=protein_coding;partial=true;sequence_ID=0.998;start_range=.,7158050;valid_ORFs=0	OXCT2A	31313072	31314611	True
20003	909935	chr19	Liftoff	gene	31529238	31546530	.	+	.	ID=gene-Ppie;Dbxref=GeneID:101591038;Name=Ppie;origin=liftoff;copy_num_ID=gene-Ppie_0;coverage=1.0;extra_copy_number=0;gbkey=Gene;gene=Ppie;gene_biotype=protein_coding;sequence_ID=1.0;valid_ORFs=1	PPIE	31529237	31546530	True
20004	909959	chr19	Liftoff	gene	31546658	31573182	.	-	.	ID=gene-Bmp8b;Dbxref=GeneID:101591440;Name=Bmp8b;origin=liftoff;copy_num_ID=gene-Bmp8b_0;coverage=1.0;extra_copy_number=0;gbkey=Gene;gene=Bmp8b;gene_biotype=protein_coding;sequence_ID=0.999;valid_ORFs=1	BMP8B	31546657	31573182	True
20005	909977	chr19	Liftoff	gene	31556711	31558276	.	-	.	ID=gene-Oxct2;Dbxref=GeneID:105743515;Name=Oxct2;origin=liftoff;copy_num_ID=gene-Oxct2_0;coverage=1.0;extra_copy_number=0;gbkey=Gene;gene=Oxct2;gene_biotype=protein_coding;sequence_ID=0.998;valid_ORFs=1	OXCT2	31556710	31558276	True
20212	921529	chr19	Liftoff	gene	41652447	41654042	.	-	.	ID=gene-LOC111812132;Dbxref=GeneID:111812132;Name=LOC111812132;origin=liftoff;copy_num_ID=gene-LOC111812132_0;coverage=1.0;extra_copy_number=0;gbkey=Gene;gene=LOC111812132;gene_biotype=protein_coding;sequence_ID=1.0;valid_ORFs=1	LOC111812132	41652446	41654042	True
20213	921539	chr19	Liftoff	gene	41654212	41656887	.	-	.	ID=gene-LOC111812130;Dbxref=GeneID:111812130;Name=LOC111812130;origin=liftoff;copy_num_ID=gene-LOC111812130_0;coverage=1.0;extra_copy_number=0;gbkey=Gene;gene=LOC111812130;gene_biotype=protein_coding;sequence_ID=0.998;valid_ORFs=1	LOC111812130	41654211	41656887	True
20214	921549	chr19	Liftoff	gene	41667487	41669303	.	+	.	ID=gene-Hsbp1-l1;Dbxref=GeneID:101585588;Name=Hsbp1-l1;origin=rename;copy_num_ID=gene-LOC101585588_0;coverage=1.0;extra_copy_number=0;gbkey=Gene;gene=LOC101585588;gene_biotype=protein_coding;sequence_ID=0.992;valid_ORFs=1	HSBP1-L1	41667486	41669303	True
20215	921555	chr19	AUGUSTUS	gene	41752072	41752326	.	-	.	ID=gene-Rps27-dl2;Name=Rps27-dl2;origin=de_novo	RPS27-DL2	41752071	41752326	True
20259	923435	chr19	Liftoff	gene	44949694	44950632	.	-	.	ID=gene-LOC101591755;Dbxref=GeneID:101591755;Name=LOC101591755;origin=liftoff;copy_num_ID=gene-LOC101591755_0;coverage=1.0;extra_copy_number=0;gbkey=Gene;gene=LOC101591755;gene_biotype=protein_coding;sequence_ID=0.996;valid_ORFs=1	LOC101591755	44949693	44950632	True
20260	923439	chr19	Liftoff	gene	45051242	45052189	.	+	.	ID=gene-LOC101581526;Dbxref=GeneID:101581526;Name=LOC101581526;origin=liftoff;copy_num_ID=gene-LOC101581526_0;coverage=1.0;extra_copy_number=0;gbkey=Gene;gene=LOC101581526;gene_biotype=protein_coding;sequence_ID=0.997;valid_ORFs=1	LOC101581526	45051241	45052189	True
20261	923443	chr19	Liftoff	gene	45063846	45064784	.	+	.	ID=gene-LOC101565762;Dbxref=GeneID:101565762;Name=LOC101565762;origin=liftoff;copy_num_ID=gene-LOC101565762_0;coverage=1.0;extra_copy_number=0;gbkey=Gene;gene=LOC101565762;gene_biotype=protein_coding;sequence_ID=0.992;valid_ORFs=0	LOC101565762	45063845	45064784	True
20570	938648	chr19	Liftoff	gene	83399120	83459175	.	+	.	ID=gene-Dennd6a;Dbxref=GeneID:101566665;Name=Dennd6a;origin=liftoff;copy_num_ID=gene-Dennd6a_0;coverage=1.0;extra_copy_number=0;gbkey=Gene;gene=Dennd6a;gene_biotype=protein_coding;sequence_ID=0.998;valid_ORFs=1	DENND6A	83399119	83459175	True
20572	938684	chr19	Liftoff	gene	83467171	83479987	.	+	.	ID=gene-Arf4;Dbxref=GeneID:101567063;Name=Arf4;origin=rename;copy_num_ID=gene-LOC101567063_0;coverage=0.993;extra_copy_number=0;gbkey=Gene;gene=LOC101567063;gene_biotype=protein_coding;sequence_ID=0.987;valid_ORFs=0	ARF4	83467170	83479987	True
20617	941535	chr19	Liftoff	gene	88577977	88623601	.	+	.	ID=gene-Nek4;Dbxref=GeneID:101582047;Name=Nek4;origin=liftoff;copy_num_ID=gene-Nek4_0;coverage=0.999;extra_copy_number=0;gbkey=Gene;gene=Nek4;gene_biotype=protein_coding;sequence_ID=0.997;valid_ORFs=5	NEK4	88577976	88623601	True
20664	945589	chr19	Liftoff	gene	94965216	95284086	.	+	.	ID=gene-Synpr;Dbxref=GeneID:101576453;Name=Synpr;origin=liftoff;copy_num_ID=gene-Synpr_0;coverage=0.997;extra_copy_number=0;gbkey=Gene;gene=Synpr;gene_biotype=protein_coding;sequence_ID=0.994;valid_ORFs=2	SYNPR	94965215	95284086	True
20683	946708	chr20	Liftoff	gene	347818	390006	.	+	.	ID=gene-Chfr;Dbxref=GeneID:101560489;Name=Chfr;origin=liftoff;copy_num_ID=gene-Chfr_0;coverage=1.0;extra_copy_number=0;gbkey=Gene;gene=Chfr;gene_biotype=protein_coding;sequence_ID=1.0;valid_ORFs=1	CHFR	347817	390006	True
20684	946746	chr20	Liftoff	gene	389714	394690	.	-	.	ID=gene-LOC111817972;Dbxref=GeneID:111817972;Name=LOC111817972;origin=liftoff;copy_num_ID=gene-LOC111817972_0;coverage=1.0;extra_copy_number=0;gbkey=Gene;gene=LOC111817972;gene_biotype=lncRNA;sequence_ID=1.0	LOC111817972	389713	394690	True
20705	949479	chr20	Liftoff	gene	1268954	1367301	.	-	.	ID=gene-Adgrd1;Dbxref=GeneID:101563282;Name=Adgrd1;origin=liftoff;copy_num_ID=gene-Adgrd1_0;coverage=1.0;extra_copy_number=0;gbkey=Gene;gene=Adgrd1;gene_biotype=protein_coding;sequence_ID=0.998;valid_ORFs=2	ADGRD1	1268953	1367301	True
20817	956429	chr20	Liftoff	gene	8940185	8989690	.	+	.	ID=gene-Acad10;Dbxref=GeneID:101581551;Name=Acad10;origin=liftoff;copy_num_ID=gene-Acad10_0;coverage=0.999;extra_copy_number=0;gbkey=Gene;gene=Acad10;gene_biotype=protein_coding;sequence_ID=0.997;valid_ORFs=3	ACAD10	8940184	8989690	True
20919	961814	chr20	Liftoff	gene	17873232	17932513	.	+	.	ID=gene-Rnf10;Dbxref=GeneID:101564075;Name=Rnf10;origin=liftoff;copy_num_ID=gene-Rnf10_0;coverage=0.998;extra_copy_number=0;gbkey=Gene;gene=Rnf10;gene_biotype=protein_coding;sequence_ID=0.998;valid_ORFs=2	RNF10	17873231	17932513	True
21001	965239	chr20	Liftoff	gene	22038640	22039074	.	-	.	ID=gene-Igll5;Dbxref=GeneID:101585347;Name=Igll5;origin=liftoff;copy_num_ID=gene-Igll5_0;coverage=0.752;extra_copy_number=0;gbkey=Gene;gene=Igll5;gene_biotype=protein_coding;sequence_ID=0.726;valid_ORFs=0	IGLL5	22038639	22039074	True
21002	965244	chr20	AUGUSTUS	gene	22043918	22044310	.	-	.	ID=gene-Iglc3;Name=Iglc3;origin=de_novo	IGLC3	22043917	22044310	True
21003	965251	chr20	Liftoff	gene	22048643	22507604	.	-	.	ID=gene-LOC101592830;Dbxref=GeneID:101592830;Name=LOC101592830;origin=liftoff;copy_num_ID=gene-LOC101592830_0;coverage=0.749;extra_copy_number=0;gbkey=Gene;gene=LOC101592830;gene_biotype=protein_coding;sequence_ID=0.739;valid_ORFs=1	LOC101592830	22048642	22507604	True
21004	965267	chr20	Liftoff	gene	22052854	22367886	.	-	.	ID=gene-LOC101586143;Dbxref=GeneID:101586143;Name=LOC101586143;origin=liftoff;copy_num_ID=gene-LOC101586143_0;coverage=1.0;extra_copy_number=0;gbkey=Gene;gene=LOC101586143;gene_biotype=protein_coding;sequence_ID=0.993;valid_ORFs=3	LOC101586143	22052853	22367886	True
21007	965316	chr20	Liftoff	gene	22536780	22537278	.	-	.	ID=gene-LOC111814874;Dbxref=GeneID:111814874;Name=LOC111814874;origin=liftoff;copy_num_ID=gene-LOC111814874_0;coverage=1.0;end_range=10601,.;extra_copy_number=0;gbkey=Gene;gene=LOC111814874;gene_biotype=V_segment;partial=true;sequence_ID=0.961;valid_ORFs=0	LOC111814874	22536779	22537278	True
21008	965323	chr20	Liftoff	gene	22575748	22582928	.	-	.	ID=gene-LOC111814875;Dbxref=GeneID:111814875;Name=LOC111814875;origin=liftoff;copy_num_ID=gene-LOC111814875_0;coverage=1.0;extra_copy_number=0;gbkey=Gene;gene=LOC111814875;gene_biotype=V_segment;sequence_ID=0.953;valid_ORFs=1	LOC111814875	22575747	22582928	True
21049	966536	chr20	Liftoff	gene	25047421	25121336	.	+	.	ID=gene-Eif4enif1;Dbxref=GeneID:101573173;Name=Eif4enif1;origin=liftoff;copy_num_ID=gene-Eif4enif1_0;coverage=1.0;extra_copy_number=0;gbkey=Gene;gene=Eif4enif1;gene_biotype=protein_coding;sequence_ID=0.998;valid_ORFs=1	EIF4ENIF1	25047420	25121336	True
21093	968998	chr20	Liftoff	gene	27258521	27298843	.	+	.	ID=gene-Thoc5;Dbxref=GeneID:101563877;Name=Thoc5;origin=liftoff;copy_num_ID=gene-Thoc5_0;coverage=1.0;extra_copy_number=0;gbkey=Gene;gene=Thoc5;gene_biotype=protein_coding;sequence_ID=0.999;valid_ORFs=1	THOC5	27258520	27298843	True
21521	992618	chr20	Liftoff	gene	50691913	50694593	.	-	.	ID=gene-LOC111813569;Dbxref=GeneID:111813569;Name=LOC111813569;origin=liftoff;copy_num_ID=gene-LOC111813569_0;coverage=1.0;extra_copy_number=0;gbkey=Gene;gene=LOC111813569;gene_biotype=lncRNA;sequence_ID=0.987	LOC111813569	50691912	50694593	True
21570	995876	chr20	Liftoff	gene	57444970	57445473	.	+	.	ID=gene-LOC101582037;Dbxref=GeneID:101582037;Name=LOC101582037;origin=liftoff;copy_num_ID=gene-LOC101582037_0;coverage=1.0;extra_copy_number=0;gbkey=Gene;gene=LOC101582037;gene_biotype=protein_coding;sequence_ID=0.996;valid_ORFs=1	LOC101582037	57444969	57445473	True
21571	995880	chr20	Liftoff	gene	57705686	57721215	.	-	.	ID=gene-LOC101582429;Dbxref=GeneID:101582429;Name=LOC101582429;origin=liftoff;copy_num_ID=gene-LOC101582429_0;coverage=1.0;extra_copy_number=0;gbkey=Gene;gene=LOC101582429;gene_biotype=protein_coding;sequence_ID=0.998;valid_ORFs=1	LOC101582429	57705685	57721215	True
21572	995898	chr20	Liftoff	gene	57742627	57753611	.	-	.	ID=gene-LOC105742117;Dbxref=GeneID:105742117;Name=LOC105742117;origin=liftoff;copy_num_ID=gene-LOC105742117_0;coverage=1.0;extra_copy_number=0;gbkey=Gene;gene=LOC105742117;gene_biotype=protein_coding;sequence_ID=1.0;valid_ORFs=1	LOC105742117	57742626	57753611	True
21573	995914	chr20	Liftoff	gene	57760702	57760806	.	-	.	ID=gene-LOC111816694;Dbxref=GeneID:111816694;Name=LOC111816694;origin=liftoff;copy_num_ID=gene-LOC111816694_0;coverage=1.0;extra_copy_number=0;gbkey=Gene;gene=LOC111816694;gene_biotype=snRNA;sequence_ID=1.0	LOC111816694	57760701	57760806	True
21574	995917	chr20	AUGUSTUS	gene	57829978	57831366	.	-	.	ID=gene-Eef1a1-dl18;Name=Eef1a1-dl18;origin=de_novo	EEF1A1-DL18	57829977	57831366	True
21575	995924	chr20	Liftoff	gene	57837126	57857936	.	-	.	ID=gene-LOC111816666;Dbxref=GeneID:111816666;Name=LOC111816666;origin=liftoff;copy_num_ID=gene-LOC111816666_0;coverage=1.0;extra_copy_number=0;gbkey=Gene;gene=LOC111816666;gene_biotype=lncRNA;sequence_ID=1.0	LOC111816666	57837125	57857936	True
21576	995929	chr20	Liftoff	gene	57862330	57862432	.	-	.	ID=gene-LOC111816695;Dbxref=GeneID:111816695;Name=LOC111816695;origin=liftoff;copy_num_ID=gene-LOC111816695_0;coverage=1.0;extra_copy_number=0;gbkey=Gene;gene=LOC111816695;gene_biotype=snRNA;sequence_ID=1.0	LOC111816695	57862329	57862432	True
21618	996790	chr20	Liftoff	gene	59192221	59258620	.	+	.	ID=gene-Tpx2;Dbxref=GeneID:101591102;Name=Tpx2;origin=liftoff;copy_num_ID=gene-Tpx2_0;coverage=1.0;extra_copy_number=0;gbkey=Gene;gene=Tpx2;gene_biotype=protein_coding;sequence_ID=0.998;valid_ORFs=1	TPX2	59192220	59258620	True
21620	996838	chr20	Liftoff	gene	59226706	59226768	.	+	.	ID=gene-LOC111816702;Dbxref=GeneID:111816702;Name=LOC111816702;origin=liftoff;copy_num_ID=gene-LOC111816702_0;coverage=1.0;extra_copy_number=0;gbkey=Gene;gene=LOC111816702;gene_biotype=snoRNA;sequence_ID=1.0	LOC111816702	59226705	59226768	True
21737	1002003	chr20	Liftoff	gene	64300940	64374240	.	-	.	ID=gene-Samhd1;Dbxref=GeneID:101573979;Name=Samhd1;origin=liftoff;copy_num_ID=gene-Samhd1_0;coverage=1.0;extra_copy_number=0;gbkey=Gene;gene=Samhd1;gene_biotype=protein_coding;sequence_ID=0.999;valid_ORFs=1	SAMHD1	64300939	64374240	True
21894	1008272	chr20	Liftoff	gene	76811733	76858936	.	+	.	ID=gene-Cse1l;Dbxref=GeneID:101580903;Name=Cse1l;origin=liftoff;copy_num_ID=gene-Cse1l_0;coverage=0.942;extra_copy_number=0;gbkey=Gene;gene=Cse1l;gene_biotype=protein_coding;sequence_ID=0.939;valid_ORFs=0	CSE1L	76811732	76858936	True
21984	1011242	chr20	Liftoff	gene	86945449	86950364	.	-	.	ID=gene-LOC101589662;Dbxref=GeneID:101589662;Name=LOC101589662;origin=liftoff;copy_num_ID=gene-LOC101589662_0;coverage=1.0;extra_copy_number=0;gbkey=Gene;gene=LOC101589662;gene_biotype=protein_coding;sequence_ID=1.0;valid_ORFs=1	LOC101589662	86945448	86950364	True
21985	1011252	chr20	Liftoff	gene	86964503	86967810	.	-	.	ID=gene-LOC101589268;Dbxref=GeneID:101589268;Name=LOC101589268;origin=liftoff;copy_num_ID=gene-LOC101589268_0;coverage=1.0;extra_copy_number=0;gbkey=Gene;gene=LOC101589268;gene_biotype=protein_coding;sequence_ID=0.994;valid_ORFs=1	LOC101589268	86964502	86967810	True
21986	1011264	chr20	Liftoff	gene	87308981	87310986	.	+	.	ID=gene-LOC101583000;Dbxref=GeneID:101583000;Name=LOC101583000;origin=liftoff;copy_num_ID=gene-LOC101583000_0;coverage=1.0;extra_copy_number=0;gbkey=Gene;gene=LOC101583000;gene_biotype=protein_coding;sequence_ID=0.989;valid_ORFs=1	LOC101583000	87308980	87310986	True
21987	1011272	chr20	Liftoff	gene	87346308	87360289	.	+	.	ID=gene-LOC111814763;Dbxref=GeneID:111814763;Name=LOC111814763;origin=liftoff;copy_num_ID=gene-LOC111814763_0;coverage=1.0;extra_copy_number=0;gbkey=Gene;gene=LOC111814763;gene_biotype=lncRNA;sequence_ID=0.981	LOC111814763	87346307	87360289	True
21988	1011277	chr20	Liftoff	gene	87347653	87369283	.	-	.	ID=gene-LOC111814762;Dbxref=GeneID:111814762;Name=LOC111814762;origin=liftoff;copy_num_ID=gene-LOC111814762_0;coverage=1.0;extra_copy_number=0;gbkey=Gene;gene=LOC111814762;gene_biotype=lncRNA;sequence_ID=1.0	LOC111814762	87347652	87369283	True
21989	1011282	chr20	Liftoff	gene	87836908	87839795	.	+	.	ID=gene-Pramef12;Dbxref=GeneID:101572366;Name=Pramef12;origin=rename;copy_num_ID=gene-LOC101572366_0;coverage=1.0;extra_copy_number=0;gbkey=Gene;gene=LOC101572366;gene_biotype=protein_coding;sequence_ID=0.997;valid_ORFs=1	PRAMEF12	87836907	87839795	True
22060	1016087	chr21	gmst	gene	419069	420761	.	+	.	ID=gene-Eef1a1-dl21;Name=Eef1a1-dl21;origin=de_novo	EEF1A1-DL21	419068	420761	True
22061	1016095	chr21	Liftoff	gene	494980	495051	.	+	.	ID=gene-Trnaq-cug-9;Dbxref=GeneID:111814738;Name=Trnaq-cug-9;origin=liftoff;copy_num_ID=gene-Trnaq-cug-9_0;coverage=1.0;extra_copy_number=0;gbkey=Gene;gene=Trnaq-cug;gene_biotype=tRNA;sequence_ID=0.986	TRNAQ-CUG-9	494979	495051	True
22062	1016098	chr21	AUGUSTUS	gene	499134	499754	.	+	.	ID=gene-Sod2-dl3;Name=Sod2-dl3;origin=de_novo	SOD2-DL3	499133	499754	True
22063	1016105	chr21	Liftoff	gene	515286	515357	.	+	.	ID=gene-Trnaq-cug-7;Dbxref=GeneID:111814497;Name=Trnaq-cug-7;origin=liftoff;copy_num_ID=gene-Trnaq-cug-7_0;coverage=1.0;extra_copy_number=0;gbkey=Gene;gene=Trnaq-cug;gene_biotype=tRNA;sequence_ID=1.0	TRNAQ-CUG-7	515285	515357	True
22064	1016108	chr21	Liftoff	gene	520624	520787	.	-	.	ID=gene-LOC111814491;Dbxref=GeneID:111814491;Name=LOC111814491;origin=liftoff;copy_num_ID=gene-LOC111814491_0;coverage=1.0;extra_copy_number=0;gbkey=Gene;gene=LOC111814491;gene_biotype=snRNA;sequence_ID=1.0	LOC111814491	520623	520787	True
22065	1016111	chr21	Liftoff	gene	534336	534407	.	-	.	ID=gene-Trnah-gug-6;Dbxref=GeneID:111814495;Name=Trnah-gug-6;origin=liftoff;copy_num_ID=gene-Trnah-gug-6_0;coverage=1.0;extra_copy_number=0;gbkey=Gene;gene=Trnah-gug;gene_biotype=tRNA;sequence_ID=1.0	TRNAH-GUG-6	534335	534407	True
22066	1016114	chr21	Liftoff	gene	541762	541833	.	-	.	ID=gene-Trnae-uuc-6;Dbxref=GeneID:111814494;Name=Trnae-uuc-6;origin=liftoff;copy_num_ID=gene-Trnae-uuc-6_0;coverage=1.0;extra_copy_number=0;gbkey=Gene;gene=Trnae-uuc;gene_biotype=tRNA;sequence_ID=1.0	TRNAE-UUC-6	541761	541833	True
22067	1016117	chr21	Liftoff	gene	545328	545401	.	-	.	ID=gene-Trnan-guu-11;Dbxref=GeneID:111814502;Name=Trnan-guu-11;origin=liftoff;copy_num_ID=gene-Trnan-guu-11_0;coverage=1.0;extra_copy_number=0;gbkey=Gene;gene=Trnan-guu;gene_biotype=tRNA;sequence_ID=1.0	TRNAN-GUU-11	545327	545401	True
22161	1019227	chr21	Liftoff	gene	8856779	8882951	.	+	.	ID=gene-Csde1;Dbxref=GeneID:101591973;Name=Csde1;origin=liftoff;copy_num_ID=gene-Csde1_0;coverage=1.0;extra_copy_number=0;gbkey=Gene;gene=Csde1;gene_biotype=protein_coding;sequence_ID=0.999;valid_ORFs=2	CSDE1	8856778	8882951	True
22272	1023709	chr21	Liftoff	gene	19926138	19933637	.	+	.	ID=gene-Amy1;Dbxref=GeneID:101584298;Name=Amy1;origin=rename;copy_num_ID=gene-LOC101584298_0;coverage=1.0;extra_copy_number=0;gbkey=Gene;gene=LOC101584298;gene_biotype=protein_coding;sequence_ID=0.992;valid_ORFs=3	AMY1	19926137	19933637	True
22273	1023774	chr21	Liftoff	gene	19967997	19974726	.	-	.	ID=gene-Amy2;Dbxref=GeneID:101585219;Name=Amy2;origin=rename;copy_num_ID=gene-LOC101585219_0;coverage=1.0;extra_copy_number=0;gbkey=Gene;gene=LOC101585219;gene_biotype=protein_coding;sequence_ID=0.996;valid_ORFs=3	AMY2	19967996	19974726	True
22428	1032491	chr21	Liftoff	gene	46742128	46782654	.	-	.	ID=gene-Ssx2ip;Dbxref=GeneID:101563561;Name=Ssx2ip;origin=liftoff;copy_num_ID=gene-Ssx2ip_0;coverage=1.0;extra_copy_number=0;gbkey=Gene;gene=Ssx2ip;gene_biotype=protein_coding;sequence_ID=0.999;valid_ORFs=4	SSX2IP	46742127	46782654	True
22448	1033276	chr21	Liftoff	gene	48799173	48829472	.	+	.	ID=gene-Clca4-l1;Dbxref=GeneID:101578689;Name=Clca4-l1;origin=rename;copy_num_ID=gene-LOC101578689_0;coverage=1.0;extra_copy_number=0;gbkey=Gene;gene=LOC101578689;gene_biotype=protein_coding;sequence_ID=0.958;valid_ORFs=1	CLCA4-L1	48799172	48829472	True
22466	1033713	chr21	AUGUSTUS	gene	51760170	51769135	.	-	.	ID=gene-Gbp5-dl1;Name=Gbp5-dl1;origin=de_novo	GBP5-DL1	51760169	51769135	True
22467	1033747	chr21	Liftoff	gene	51841750	51842883	.	-	.	ID=gene-Gbp6-l1;Dbxref=GeneID:111814987;Name=Gbp6-l1;origin=rename;copy_num_ID=gene-LOC111814987_0;coverage=1.0;end_range=1664,.;extra_copy_number=0;gbkey=Gene;gene=LOC111814987;gene_biotype=protein_coding;partial=true;sequence_ID=0.991;start_range=.,531;valid_ORFs=0	GBP6-L1	51841749	51842883	True
22468	1033753	chr21	Liftoff	gene	51904206	51906516	.	+	.	ID=gene-Ist1-l1;Dbxref=GeneID:101582196;Name=Ist1-l1;origin=rename;copy_num_ID=gene-LOC101582196_0;coverage=1.0;extra_copy_number=0;gbkey=Gene;gene=LOC101582196;gene_biotype=protein_coding;sequence_ID=1.0;valid_ORFs=1	IST1-L1	51904205	51906516	True
22469	1033759	chr21	Liftoff	gene	51950529	51973764	.	-	.	ID=gene-Gbp6-l2;Dbxref=GeneID:101587195;Name=Gbp6-l2;origin=rename;copy_num_ID=gene-LOC101587195_0;coverage=1.0;extra_copy_number=0;gbkey=Gene;gene=LOC101587195;gene_biotype=protein_coding;sequence_ID=0.994;valid_ORFs=1	GBP6-L2	51950528	51973764	True
22470	1033783	chr21	Liftoff	gene	52022660	52037100	.	+	.	ID=gene-Gbp5;Dbxref=GeneID:101585995;Name=Gbp5;origin=rename;copy_num_ID=gene-LOC101585995_0;coverage=0.519;extra_copy_number=0;gbkey=Gene;gene=LOC101585995;gene_biotype=protein_coding;sequence_ID=0.519;valid_ORFs=0	GBP5	52022659	52037100	True
22471	1033812	chr21	Liftoff	gene	52094761	52135931	.	+	.	ID=gene-LOC101584805;Dbxref=GeneID:101584805;Name=LOC101584805;origin=liftoff;copy_num_ID=gene-LOC101584805_0;coverage=1.0;extra_copy_number=0;gbkey=Gene;gene=LOC101584805;gene_biotype=protein_coding;sequence_ID=1.0;valid_ORFs=0	LOC101584805	52094760	52135931	True
22472	1033832	chr21	Liftoff	gene	52117459	52117565	.	+	.	ID=gene-LOC111814694;Dbxref=GeneID:111814694;Name=LOC111814694;origin=liftoff;copy_num_ID=gene-LOC111814694_0;coverage=1.0;extra_copy_number=0;gbkey=Gene;gene=LOC111814694;gene_biotype=snRNA;sequence_ID=1.0	LOC111814694	52117458	52117565	True
22473	1033835	chr21	Liftoff	gene	52182758	52194143	.	-	.	ID=gene-LOC101563021;Dbxref=GeneID:101563021;Name=LOC101563021;origin=liftoff;copy_num_ID=gene-LOC101563021_0;coverage=0.873;extra_copy_number=0;gbkey=Gene;gene=LOC101563021;gene_biotype=protein_coding;sequence_ID=0.741;valid_ORFs=0	LOC101563021	52182757	52194143	True
22474	1033856	chr21	Liftoff	gene	52260734	52287323	.	+	.	ID=gene-Gbp6;Dbxref=GeneID:101582866;Name=Gbp6;origin=rename;copy_num_ID=gene-LOC101582866_0;coverage=1.0;extra_copy_number=0;gbkey=Gene;gene=LOC101582866;gene_biotype=protein_coding;sequence_ID=0.994;valid_ORFs=2	GBP6	52260733	52287323	True
22475	1033909	chr21	AUGUSTUS	gene	52458690	52463944	.	+	.	ID=gene-Gbp5-dl2;Name=Gbp5-dl2;origin=de_novo	GBP5-DL2	52458689	52463944	True
22476	1033933	chr21	AUGUSTUS	gene	52463884	52468014	.	+	.	ID=gene-Gbp5-dl3;Name=Gbp5-dl3;origin=de_novo	GBP5-DL3	52463883	52468014	True
22477	1033956	chr21	Liftoff	gene	52489084	52503958	.	+	.	ID=gene-Gbp5-l1;Dbxref=GeneID:101569362;Name=Gbp5-l1;origin=rename;copy_num_ID=gene-LOC101569362_0;coverage=1.0;extra_copy_number=0;gbkey=Gene;gene=LOC101569362;gene_biotype=protein_coding;sequence_ID=0.997;valid_ORFs=1	GBP5-L1	52489083	52503958	True
22478	1033982	chr21	Liftoff	gene	52545438	52558767	.	+	.	ID=gene-Gbp6-l3;Dbxref=GeneID:101568578;Name=Gbp6-l3;origin=rename;copy_num_ID=gene-LOC101568578_0;coverage=1.0;extra_copy_number=0;gbkey=Gene;gene=LOC101568578;gene_biotype=protein_coding;sequence_ID=0.994;valid_ORFs=3	GBP6-L3	52545437	52558767	True
22479	1034049	chr21	AUGUSTUS	gene	52601480	53023304	.	+	.	ID=gene-Gbp1;Name=Gbp1;origin=replace	GBP1	52601479	53023304	True
22480	1034062	chr21	Liftoff	gene	52685818	52705832	.	-	.	ID=gene-LOC101567374;Dbxref=GeneID:101567374;Name=LOC101567374;origin=liftoff;copy_num_ID=gene-LOC101567374_0;coverage=1.0;extra_copy_number=0;gbkey=Gene;gene=LOC101567374;gene_biotype=protein_coding;sequence_ID=0.998;valid_ORFs=1	LOC101567374	52685817	52705832	True
22481	1034084	chr21	Liftoff	gene	52759424	52772808	.	-	.	ID=gene-LOC101566571;Dbxref=GeneID:101566571;Name=LOC101566571;origin=liftoff;copy_num_ID=gene-LOC101566571_0;coverage=1.0;extra_copy_number=0;gbkey=Gene;gene=LOC101566571;gene_biotype=protein_coding;sequence_ID=0.993;valid_ORFs=1	LOC101566571	52759423	52772808	True
22482	1034106	chr21	Liftoff	gene	52848969	52866733	.	+	.	ID=gene-LOC101565388;Dbxref=GeneID:101565388;Name=LOC101565388;origin=liftoff;copy_num_ID=gene-LOC101565388_0;coverage=0.998;extra_copy_number=0;gbkey=Gene;gene=LOC101565388;gene_biotype=protein_coding;sequence_ID=0.991;valid_ORFs=0	LOC101565388	52848968	52866733	True
22489	1034258	chr21	Liftoff	gene	53821158	53860679	.	+	.	ID=gene-Znf326;Dbxref=GeneID:101569483;Name=Znf326;origin=liftoff;copy_num_ID=gene-Znf326_0;coverage=1.0;extra_copy_number=0;gbkey=Gene;gene=Znf326;gene_biotype=protein_coding;sequence_ID=0.997;valid_ORFs=7	ZNF326	53821157	53860679	True
22556	1037432	chr21	Liftoff	gene	65388473	65388542	.	-	.	ID=gene-Trnaq-cug-8;Dbxref=GeneID:111814498;Name=Trnaq-cug-8;origin=liftoff;copy_num_ID=gene-Trnaq-cug-8_0;coverage=0.972;extra_copy_number=0;gbkey=Gene;gene=Trnaq-cug;gene_biotype=tRNA;sequence_ID=0.972	TRNAQ-CUG-8	65388472	65388542	True
22557	1037435	chr21	Liftoff	gene	65449353	65449516	.	+	.	ID=gene-LOC111814736;Dbxref=GeneID:111814736;Name=LOC111814736;origin=liftoff;copy_num_ID=gene-LOC111814736_0;coverage=1.0;extra_copy_number=0;gbkey=Gene;gene=LOC111814736;gene_biotype=snRNA;sequence_ID=1.0	LOC111814736	65449352	65449516	True
22558	1037438	chr21	Liftoff	gene	65474280	65474443	.	+	.	ID=gene-LOC111814734;Dbxref=GeneID:111814734;Name=LOC111814734;origin=liftoff;copy_num_ID=gene-LOC111814734_0;coverage=1.0;extra_copy_number=0;gbkey=Gene;gene=LOC111814734;gene_biotype=snRNA;sequence_ID=1.0	LOC111814734	65474279	65474443	True
22559	1037441	chr21	Liftoff	gene	65496205	65496368	.	+	.	ID=gene-LOC111814735;Dbxref=GeneID:111814735;Name=LOC111814735;origin=liftoff;copy_num_ID=gene-LOC111814735_0;coverage=1.0;extra_copy_number=0;gbkey=Gene;gene=LOC111814735;gene_biotype=snRNA;sequence_ID=1.0	LOC111814735	65496204	65496368	True
22560	1037444	chr21	Liftoff	gene	65503545	65503707	.	+	.	ID=gene-LOC111814737;Dbxref=GeneID:111814737;Name=LOC111814737;origin=liftoff;copy_num_ID=gene-LOC111814737_0;coverage=1.0;extra_copy_number=0;gbkey=Gene;gene=LOC111814737;gene_biotype=snRNA;sequence_ID=0.993	LOC111814737	65503544	65503707	True
22561	1037447	chr21	Liftoff	gene	65552110	65552271	.	+	.	ID=gene-LOC111814733;Dbxref=GeneID:111814733;Name=LOC111814733;origin=liftoff;copy_num_ID=gene-LOC111814733_0;coverage=1.0;extra_copy_number=0;gbkey=Gene;gene=LOC111814733;gene_biotype=snRNA;sequence_ID=1.0	LOC111814733	65552109	65552271	True
22562	1037450	chr21	Liftoff	gene	65616173	65621959	.	+	.	ID=gene-Cpm-l1;Dbxref=GeneID:111814732;Name=Cpm-l1;origin=rename;copy_num_ID=gene-LOC111814732_0;coverage=1.0;end_range=258329,.;extra_copy_number=0;gbkey=Gene;gene=LOC111814732;gene_biotype=protein_coding;partial=true;sequence_ID=0.997;valid_ORFs=0	CPM-L1	65616172	65621959	True
22563	1037459	chr21	Liftoff	gene	65873721	65873884	.	+	.	ID=gene-LOC111814881;Dbxref=GeneID:111814881;Name=LOC111814881;origin=liftoff;copy_num_ID=gene-LOC111814881_0;coverage=1.0;extra_copy_number=0;gbkey=Gene;gene=LOC111814881;gene_biotype=snRNA;sequence_ID=0.987	LOC111814881	65873720	65873884	True
22564	1037462	chr21	Liftoff	gene	65930715	65930878	.	+	.	ID=gene-LOC111814848;Dbxref=GeneID:111814848;Name=LOC111814848;origin=liftoff;copy_num_ID=gene-LOC111814848_0;coverage=1.0;extra_copy_number=0;gbkey=Gene;gene=LOC111814848;gene_biotype=snRNA;sequence_ID=1.0	LOC111814848	65930714	65930878	True
22565	1037465	chr21	Liftoff	gene	65952647	65952810	.	+	.	ID=gene-LOC111814847;Dbxref=GeneID:111814847;Name=LOC111814847;origin=liftoff;copy_num_ID=gene-LOC111814847_0;coverage=1.0;extra_copy_number=0;gbkey=Gene;gene=LOC111814847;gene_biotype=snRNA;sequence_ID=0.993	LOC111814847	65952646	65952810	True
22566	1037468	chr21	Liftoff	gene	66072263	66072426	.	+	.	ID=gene-LOC111814797;Dbxref=GeneID:111814797;Name=LOC111814797;origin=liftoff;copy_num_ID=gene-LOC111814797_0;coverage=1.0;extra_copy_number=0;gbkey=Gene;gene=LOC111814797;gene_biotype=snRNA;sequence_ID=0.987	LOC111814797	66072262	66072426	True
22567	1037471	chr21	Liftoff	gene	67001412	67001575	.	+	.	ID=gene-LOC111814871;Dbxref=GeneID:111814871;Name=LOC111814871;origin=liftoff;copy_num_ID=gene-LOC111814871_0;coverage=1.0;extra_copy_number=0;gbkey=Gene;gene=LOC111814871;gene_biotype=snRNA;sequence_ID=1.0	LOC111814871	67001411	67001575	True
22568	1037474	chr21	Liftoff	gene	69180449	69180612	.	+	.	ID=gene-LOC111814834;Dbxref=GeneID:111814834;Name=LOC111814834;origin=liftoff;copy_num_ID=gene-LOC111814834_0;coverage=1.0;extra_copy_number=0;gbkey=Gene;gene=LOC111814834;gene_biotype=snRNA;sequence_ID=1.0	LOC111814834	69180448	69180612	True
22569	1037477	chr21	Liftoff	gene	69488895	69489057	.	+	.	ID=gene-LOC111814805;Dbxref=GeneID:111814805;Name=LOC111814805;origin=liftoff;copy_num_ID=gene-LOC111814805_0;coverage=1.0;extra_copy_number=0;gbkey=Gene;gene=LOC111814805;gene_biotype=snRNA;sequence_ID=1.0	LOC111814805	69488894	69489057	True
22570	1037480	chr21	Liftoff	gene	69917687	69917850	.	+	.	ID=gene-LOC111814873;Dbxref=GeneID:111814873;Name=LOC111814873;origin=liftoff;copy_num_ID=gene-LOC111814873_0;coverage=1.0;extra_copy_number=0;gbkey=Gene;gene=LOC111814873;gene_biotype=snRNA;sequence_ID=0.993	LOC111814873	69917686	69917850	True
22571	1037483	chr21	Liftoff	gene	70005346	70005509	.	+	.	ID=gene-LOC111814752;Dbxref=GeneID:111814752;Name=LOC111814752;origin=liftoff;copy_num_ID=gene-LOC111814752_0;coverage=1.0;extra_copy_number=0;gbkey=Gene;gene=LOC111814752;gene_biotype=snRNA;sequence_ID=1.0	LOC111814752	70005345	70005509	True
22573	1037489	chr21	Liftoff	gene	70072961	70191207	.	+	.	ID=gene-LOC111814747;Dbxref=GeneID:111814747;Name=LOC111814747;origin=liftoff;copy_num_ID=gene-LOC111814747_0;coverage=1.0;extra_copy_number=0;gbkey=Gene;gene=LOC111814747;gene_biotype=lncRNA;sequence_ID=1.0	LOC111814747	70072960	70191207	True
22574	1037494	chr21	Liftoff	gene	70099395	70099558	.	-	.	ID=gene-LOC111814748;Dbxref=GeneID:111814748;Name=LOC111814748;origin=liftoff;copy_num_ID=gene-LOC111814748_0;coverage=1.0;extra_copy_number=0;gbkey=Gene;gene=LOC111814748;gene_biotype=snRNA;sequence_ID=0.963	LOC111814748	70099394	70099558	True
22575	1037497	chr21	Liftoff	gene	70175312	70175475	.	-	.	ID=gene-LOC111814753;Dbxref=GeneID:111814753;Name=LOC111814753;origin=liftoff;copy_num_ID=gene-LOC111814753_0;coverage=1.0;extra_copy_number=0;gbkey=Gene;gene=LOC111814753;gene_biotype=snRNA;sequence_ID=0.993	LOC111814753	70175311	70175475	True
22576	1037500	chr21	Liftoff	gene	70182808	70182970	.	-	.	ID=gene-LOC111814751;Dbxref=GeneID:111814751;Name=LOC111814751;origin=liftoff;copy_num_ID=gene-LOC111814751_0;coverage=1.0;extra_copy_number=0;gbkey=Gene;gene=LOC111814751;gene_biotype=snRNA;sequence_ID=1.0	LOC111814751	70182807	70182970	True
22577	1037503	chr21	Liftoff	gene	70205219	70205382	.	-	.	ID=gene-LOC111814749;Dbxref=GeneID:111814749;Name=LOC111814749;origin=liftoff;copy_num_ID=gene-LOC111814749_0;coverage=1.0;extra_copy_number=0;gbkey=Gene;gene=LOC111814749;gene_biotype=snRNA;sequence_ID=0.993	LOC111814749	70205218	70205382	True
22578	1037506	chr21	Liftoff	gene	70685086	70685249	.	-	.	ID=gene-LOC111814856;Dbxref=GeneID:111814856;Name=LOC111814856;origin=liftoff;copy_num_ID=gene-LOC111814856_0;coverage=1.0;extra_copy_number=0;gbkey=Gene;gene=LOC111814856;gene_biotype=snRNA;sequence_ID=0.993	LOC111814856	70685085	70685249	True
22579	1037509	chr21	Liftoff	gene	71172043	71172207	.	-	.	ID=gene-LOC111814963;Dbxref=GeneID:111814963;Name=LOC111814963;origin=liftoff;copy_num_ID=gene-LOC111814963_0;coverage=1.0;extra_copy_number=0;gbkey=Gene;gene=LOC111814963;gene_biotype=snRNA;sequence_ID=1.0	LOC111814963	71172042	71172207	True
22580	1037512	chr21	Liftoff	gene	72114089	72114253	.	-	.	ID=gene-LOC111814870;Dbxref=GeneID:111814870;Name=LOC111814870;origin=liftoff;copy_num_ID=gene-LOC111814870_0;coverage=1.0;extra_copy_number=0;gbkey=Gene;gene=LOC111814870;gene_biotype=snRNA;sequence_ID=1.0	LOC111814870	72114088	72114253	True
22581	1037515	chr21	Liftoff	gene	72212190	72212353	.	-	.	ID=gene-LOC111814854;Dbxref=GeneID:111814854;Name=LOC111814854;origin=liftoff;copy_num_ID=gene-LOC111814854_0;coverage=1.0;extra_copy_number=0;gbkey=Gene;gene=LOC111814854;gene_biotype=snRNA;sequence_ID=0.993	LOC111814854	72212189	72212353	True
22582	1037518	chr21	Liftoff	gene	72472663	72472826	.	-	.	ID=gene-LOC111814980;Dbxref=GeneID:111814980;Name=LOC111814980;origin=liftoff;copy_num_ID=gene-LOC111814980_0;coverage=1.0;extra_copy_number=0;gbkey=Gene;gene=LOC111814980;gene_biotype=snRNA;sequence_ID=0.993	LOC111814980	72472662	72472826	True
22583	1037521	chr21	Liftoff	gene	72658710	72658872	.	-	.	ID=gene-LOC111814867;Dbxref=GeneID:111814867;Name=LOC111814867;origin=liftoff;copy_num_ID=gene-LOC111814867_0;coverage=1.0;extra_copy_number=0;gbkey=Gene;gene=LOC111814867;gene_biotype=snRNA;sequence_ID=1.0	LOC111814867	72658709	72658872	True
22584	1037524	chr21	Liftoff	gene	72772627	72772788	.	-	.	ID=gene-LOC111814833;Dbxref=GeneID:111814833;Name=LOC111814833;origin=liftoff;copy_num_ID=gene-LOC111814833_0;coverage=1.0;extra_copy_number=0;gbkey=Gene;gene=LOC111814833;gene_biotype=snRNA;sequence_ID=0.987	LOC111814833	72772626	72772788	True
22585	1037527	chr21	Liftoff	gene	74421411	74421572	.	-	.	ID=gene-LOC111814824;Dbxref=GeneID:111814824;Name=LOC111814824;origin=liftoff;copy_num_ID=gene-LOC111814824_0;coverage=1.0;extra_copy_number=0;gbkey=Gene;gene=LOC111814824;gene_biotype=snRNA;sequence_ID=0.987	LOC111814824	74421410	74421572	True
22586	1037530	chr21	Liftoff	gene	74455701	74455865	.	-	.	ID=gene-LOC111814826;Dbxref=GeneID:111814826;Name=LOC111814826;origin=liftoff;copy_num_ID=gene-LOC111814826_0;coverage=1.0;extra_copy_number=0;gbkey=Gene;gene=LOC111814826;gene_biotype=snRNA;sequence_ID=1.0	LOC111814826	74455700	74455865	True
22587	1037533	chr21	Liftoff	gene	74462970	74463133	.	-	.	ID=gene-LOC111814825;Dbxref=GeneID:111814825;Name=LOC111814825;origin=liftoff;copy_num_ID=gene-LOC111814825_0;coverage=1.0;extra_copy_number=0;gbkey=Gene;gene=LOC111814825;gene_biotype=snRNA;sequence_ID=0.993	LOC111814825	74462969	74463133	True
22588	1037536	chr21	Liftoff	gene	74721051	74721122	.	+	.	ID=gene-Trnaq-cug-10;Dbxref=GeneID:111814802;Name=Trnaq-cug-10;origin=liftoff;copy_num_ID=gene-Trnaq-cug-10_0;coverage=1.0;extra_copy_number=0;gbkey=Gene;gene=Trnaq-cug;gene_biotype=tRNA;sequence_ID=1.0	TRNAQ-CUG-10	74721050	74721122	True
22589	1037539	chr21	Liftoff	gene	74732687	74732850	.	-	.	ID=gene-LOC111814801;Dbxref=GeneID:111814801;Name=LOC111814801;origin=liftoff;copy_num_ID=gene-LOC111814801_0;coverage=1.0;extra_copy_number=0;gbkey=Gene;gene=LOC111814801;gene_biotype=snRNA;sequence_ID=0.993	LOC111814801	74732686	74732850	True
22590	1037542	chr21	Liftoff	gene	74741264	74741427	.	-	.	ID=gene-LOC111814800;Dbxref=GeneID:111814800;Name=LOC111814800;origin=liftoff;copy_num_ID=gene-LOC111814800_0;coverage=1.0;extra_copy_number=0;gbkey=Gene;gene=LOC111814800;gene_biotype=snRNA;sequence_ID=1.0	LOC111814800	74741263	74741427	True
22591	1037545	chr21	Liftoff	gene	74762346	74762509	.	-	.	ID=gene-LOC111814799;Dbxref=GeneID:111814799;Name=LOC111814799;origin=liftoff;copy_num_ID=gene-LOC111814799_0;coverage=1.0;extra_copy_number=0;gbkey=Gene;gene=LOC111814799;gene_biotype=snRNA;sequence_ID=1.0	LOC111814799	74762345	74762509	True
22592	1037548	chr21	gmst	gene	74922658	74924346	.	-	.	ID=gene-Eef1a1-dl23;Name=Eef1a1-dl23;origin=de_novo	EEF1A1-DL23	74922657	74924346	True
22593	1037556	chr21	AUGUSTUS	gene	77361011	77362396	.	-	.	ID=gene-Eef1a1-dl24;Name=Eef1a1-dl24;origin=de_novo	EEF1A1-DL24	77361010	77362396	True
22594	1037563	chr21	AUGUSTUS	gene	82130933	82132282	.	-	.	ID=gene-Sf3a2-dl1;Name=Sf3a2-dl1;origin=de_novo	SF3A2-DL1	82130932	82132282	True
22638	1040680	chr22	Liftoff	gene	6699813	6795230	.	-	.	ID=gene-Eif5b;Dbxref=GeneID:101576631;Name=Eif5b;origin=liftoff;copy_num_ID=gene-Eif5b_0;coverage=1.0;extra_copy_number=0;gbkey=Gene;gene=Eif5b;gene_biotype=protein_coding;sequence_ID=0.999;valid_ORFs=1	EIF5B	6699812	6795230	True
22742	1046714	chr22	Liftoff	gene	12051177	12051668	.	+	.	ID=gene-LOC101587034;Dbxref=GeneID:101587034;Name=LOC101587034;origin=liftoff;copy_num_ID=gene-LOC101587034_0;coverage=1.0;extra_copy_number=0;gbkey=Gene;gene=LOC101587034;gene_biotype=V_segment;sequence_ID=0.989;valid_ORFs=1	LOC101587034	12051176	12051668	True
22743	1046720	chr22	Liftoff	gene	12166783	12167356	.	+	.	ID=gene-LOC101584656;Dbxref=GeneID:101584656;Name=LOC101584656;origin=liftoff;copy_num_ID=gene-LOC101584656_0;coverage=1.0;extra_copy_number=0;gbkey=Gene;gene=LOC101584656;gene_biotype=V_segment;sequence_ID=0.991;valid_ORFs=1	LOC101584656	12166782	12167356	True
22744	1046727	chr22	Liftoff	gene	12175380	12175485	.	-	.	ID=gene-LOC111817255;Dbxref=GeneID:111817255;Name=LOC111817255;origin=liftoff;copy_num_ID=gene-LOC111817255_0;coverage=1.0;extra_copy_number=0;gbkey=Gene;gene=LOC111817255;gene_biotype=snRNA;sequence_ID=0.981	LOC111817255	12175379	12175485	True
22745	1046730	chr22	Liftoff	gene	12200861	12201358	.	+	.	ID=gene-LOC101572805;Dbxref=GeneID:101572805;Name=LOC101572805;origin=liftoff;copy_num_ID=gene-LOC101572805_0;coverage=1.0;extra_copy_number=0;gbkey=Gene;gene=LOC101572805;gene_biotype=V_segment;sequence_ID=0.997;valid_ORFs=1	LOC101572805	12200860	12201358	True
22746	1046736	chr22	Liftoff	gene	12239655	12271225	.	+	.	ID=gene-LOC101582702;Dbxref=GeneID:101582702;Name=LOC101582702;origin=liftoff;copy_num_ID=gene-LOC101582702_0;coverage=1.0;extra_copy_number=0;gbkey=Gene;gene=LOC101582702;gene_biotype=V_segment;sequence_ID=0.990;valid_ORFs=1	LOC101582702	12239654	12271225	True
22754	1046794	chr22	Liftoff	gene	12588083	12588189	.	-	.	ID=gene-LOC111813062;Dbxref=GeneID:111813062;Name=LOC111813062;origin=liftoff;copy_num_ID=gene-LOC111813062_0;coverage=1.0;extra_copy_number=0;gbkey=Gene;gene=LOC111813062;gene_biotype=snRNA;sequence_ID=0.990	LOC111813062	12588082	12588189	True
22755	1046797	chr22	Liftoff	gene	12590146	12590641	.	+	.	ID=gene-LOC101583206;Dbxref=GeneID:101583206;Name=LOC101583206;origin=liftoff;copy_num_ID=gene-LOC101583206_0;coverage=1.0;extra_copy_number=0;gbkey=Gene;gene=LOC101583206;gene_biotype=V_segment;sequence_ID=0.978;valid_ORFs=1	LOC101583206	12590145	12590641	True
22756	1046804	chr22	Liftoff	gene	12607956	12616041	.	+	.	ID=gene-LOC101584739;Dbxref=GeneID:101584739;Name=LOC101584739;origin=liftoff;copy_num_ID=gene-LOC101584739_0;coverage=0.995;extra_copy_number=0;gbkey=Gene;gene=LOC101584739;gene_biotype=V_segment;sequence_ID=0.947;valid_ORFs=1	LOC101584739	12607955	12616041	True
22767	1046879	chr22	Liftoff	gene	12958727	12959477	.	-	.	ID=gene-LOC101560021;Dbxref=GeneID:101560021;Name=LOC101560021;origin=liftoff;copy_num_ID=gene-LOC101560021_0;coverage=1.0;extra_copy_number=0;gbkey=Gene;gene=LOC101560021;gene_biotype=V_segment;sequence_ID=0.994;valid_ORFs=1	LOC101560021	12958726	12959477	True
22768	1046886	chr22	Liftoff	gene	12998378	12999457	.	-	.	ID=gene-LOC101561208;Dbxref=GeneID:101561208;Name=LOC101561208;origin=liftoff;copy_num_ID=gene-LOC101561208_0;coverage=1.0;extra_copy_number=0;gbkey=Gene;gene=LOC101561208;gene_biotype=V_segment;sequence_ID=0.986;valid_ORFs=1	LOC101561208	12998377	12999457	True
22769	1046893	chr22	Liftoff	gene	13008401	13009268	.	-	.	ID=gene-LOC101561603;Dbxref=GeneID:101561603;Name=LOC101561603;origin=liftoff;copy_num_ID=gene-LOC101561603_0;coverage=1.0;extra_copy_number=0;gbkey=Gene;gene=LOC101561603;gene_biotype=V_segment;sequence_ID=0.994;valid_ORFs=1	LOC101561603	13008400	13009268	True
22770	1046901	chr22	Liftoff	gene	13151371	13286276	.	-	.	ID=gene-LOC111813058;Dbxref=GeneID:111813058;Name=LOC111813058;origin=liftoff;copy_num_ID=gene-LOC111813058_0;coverage=1.0;extra_copy_number=0;gbkey=Gene;gene=LOC111813058;gene_biotype=lncRNA;sequence_ID=1.0	LOC111813058	13151370	13286276	True
22771	1046907	chr22	Liftoff	gene	13200683	13290058	.	+	.	ID=gene-LOC101562402;Dbxref=GeneID:101562402;Name=LOC101562402;origin=liftoff;copy_num_ID=gene-LOC101562402_0;coverage=1.0;extra_copy_number=0;gbkey=Gene;gene=LOC101562402;gene_biotype=V_segment;sequence_ID=1.0;valid_ORFs=1	LOC101562402	13200682	13290058	True
22884	1051021	chr22	Liftoff	gene	27233321	27289051	.	-	.	ID=gene-Nat8b-l1;Dbxref=GeneID:101567226;Name=Nat8b-l1;origin=rename;copy_num_ID=gene-LOC101567226_0;coverage=1.0;extra_copy_number=0;gbkey=Gene;gene=LOC101567226;gene_biotype=protein_coding;sequence_ID=0.999;valid_ORFs=1	NAT8B-L1	27233320	27289051	True
22885	1051028	chr22	Liftoff	gene	27287246	27309894	.	-	.	ID=gene-Nat8f2;Dbxref=GeneID:101566436;Name=Nat8f2;origin=rename;copy_num_ID=gene-LOC101566436_0;coverage=0.999;extra_copy_number=0;gbkey=Gene;gene=LOC101566436;gene_biotype=protein_coding;sequence_ID=0.998;valid_ORFs=4	NAT8F2	27287245	27309894	True
22888	1051148	chr22	Liftoff	gene	27363624	27369471	.	+	.	ID=gene-LOC111817461;Dbxref=GeneID:111817461;Name=LOC111817461;origin=liftoff;copy_num_ID=gene-LOC111817461_0;coverage=1.0;extra_copy_number=0;gbkey=Gene;gene=LOC111817461;gene_biotype=lncRNA;sequence_ID=1.0	LOC111817461	27363623	27369471	True
23116	1062529	chr22	Liftoff	gene	52503899	52503971	.	+	.	ID=gene-Trnav-cac-3;Dbxref=GeneID:111817111;Name=Trnav-cac-3;origin=liftoff;copy_num_ID=gene-Trnav-cac-3_0;coverage=1.0;extra_copy_number=0;gbkey=Gene;gene=Trnav-cac;gene_biotype=tRNA;sequence_ID=1.0	TRNAV-CAC-3	52503898	52503971	True
23117	1062532	chr22	Liftoff	gene	52507956	52508028	.	-	.	ID=gene-Trnav-cac-2;Dbxref=GeneID:111817108;Name=Trnav-cac-2;origin=liftoff;copy_num_ID=gene-Trnav-cac-2_0;coverage=1.0;extra_copy_number=0;gbkey=Gene;gene=Trnav-cac;gene_biotype=tRNA;sequence_ID=1.0	TRNAV-CAC-2	52507955	52508028	True
23118	1062535	chr22	Liftoff	gene	52568249	52568412	.	+	.	ID=gene-LOC111814956;Dbxref=GeneID:111814956;Name=LOC111814956;origin=liftoff;copy_num_ID=gene-LOC111814956_0;coverage=1.0;extra_copy_number=0;gbkey=Gene;gene=LOC111814956;gene_biotype=snRNA;sequence_ID=0.993	LOC111814956	52568248	52568412	True
23119	1062538	chr22	Liftoff	gene	52580582	52580653	.	-	.	ID=gene-Trnac-gca-2;Dbxref=GeneID:111815417;Name=Trnac-gca-2;origin=liftoff;copy_num_ID=gene-Trnac-gca-2_0;coverage=1.0;extra_copy_number=0;gbkey=Gene;gene=Trnac-gca;gene_biotype=tRNA;sequence_ID=1.0	TRNAC-GCA-2	52580581	52580653	True
23120	1062541	chr22	Liftoff	gene	52586760	52586833	.	-	.	ID=gene-Trnan-guu-2;Dbxref=GeneID:111817107;Name=Trnan-guu-2;origin=liftoff;copy_num_ID=gene-Trnan-guu-2_0;coverage=1.0;extra_copy_number=0;gbkey=Gene;gene=Trnan-guu;gene_biotype=tRNA;sequence_ID=1.0	TRNAN-GUU-2	52586759	52586833	True
23121	1062544	chr22	Liftoff	gene	52607749	52607822	.	-	.	ID=gene-Trnan-guu-3;Dbxref=GeneID:111817110;Name=Trnan-guu-3;origin=liftoff;copy_num_ID=gene-Trnan-guu-3_0;coverage=1.0;extra_copy_number=0;gbkey=Gene;gene=Trnan-guu;gene_biotype=tRNA;sequence_ID=1.0	TRNAN-GUU-3	52607748	52607822	True
23152	1063704	chr22	Liftoff	gene	53673677	53688734	.	-	.	ID=gene-LOC111817078;Dbxref=GeneID:111817078;Name=LOC111817078;origin=liftoff;copy_num_ID=gene-LOC111817078_0;coverage=1.0;extra_copy_number=0;gbkey=Gene;gene=LOC111817078;gene_biotype=lncRNA;sequence_ID=1.0	LOC111817078	53673676	53688734	True
23155	1063718	chr22	Liftoff	gene	54008989	54009095	.	-	.	ID=gene-LOC111817094;Dbxref=GeneID:111817094;Name=LOC111817094;origin=liftoff;copy_num_ID=gene-LOC111817094_0;coverage=1.0;extra_copy_number=0;gbkey=Gene;gene=LOC111817094;gene_biotype=snRNA;sequence_ID=0.990	LOC111817094	54008988	54009095	True
23156	1063721	chr22	Liftoff	gene	54009834	54010127	.	-	.	ID=gene-LOC111817073;Dbxref=GeneID:111817073;Name=LOC111817073;origin=liftoff;copy_num_ID=gene-LOC111817073_0;coverage=1.0;extra_copy_number=0;gbkey=Gene;gene=LOC111817073;gene_biotype=protein_coding;sequence_ID=0.982;valid_ORFs=1	LOC111817073	54009833	54010127	True
23157	1063725	chr22	Liftoff	gene	54019840	54020133	.	+	.	ID=gene-LOC111817077;Dbxref=GeneID:111817077;Name=LOC111817077;origin=liftoff;copy_num_ID=gene-LOC111817077_0;coverage=1.0;extra_copy_number=0;gbkey=Gene;gene=LOC111817077;gene_biotype=protein_coding;sequence_ID=0.993;valid_ORFs=1	LOC111817077	54019839	54020133	True
23167	1063792	chr22	Liftoff	gene	54546167	54546379	.	+	.	ID=gene-LOC101592158;Dbxref=GeneID:101592158;Name=LOC101592158;origin=liftoff;copy_num_ID=gene-LOC101592158_0;coverage=1.0;extra_copy_number=0;gbkey=Gene;gene=LOC101592158;gene_biotype=protein_coding;sequence_ID=1.0;valid_ORFs=1	LOC101592158	54546166	54546379	True
23168	1063796	chr22	Liftoff	gene	54555227	54555439	.	-	.	ID=gene-LOC101592538;Dbxref=GeneID:101592538;Name=LOC101592538;origin=liftoff;copy_num_ID=gene-LOC101592538_0;coverage=1.0;extra_copy_number=0;gbkey=Gene;gene=LOC101592538;gene_biotype=protein_coding;sequence_ID=1.0;valid_ORFs=1	LOC101592538	54555226	54555439	True
23176	1063966	chr22	Liftoff	gene	54838940	54840003	.	-	.	ID=gene-S100a8;Dbxref=GeneID:101591912;Name=S100a8;origin=liftoff;copy_num_ID=gene-S100a8_0;coverage=1.0;extra_copy_number=0;gbkey=Gene;gene=S100a8;gene_biotype=protein_coding;sequence_ID=1.0;valid_ORFs=1	S100A8	54838939	54840003	True
23177	1063976	chr22	Liftoff	gene	54846331	54847415	.	-	.	ID=gene-S100a15a-l1;Dbxref=GeneID:101589143;Name=S100a15a-l1;origin=rename;copy_num_ID=gene-LOC101589143_0;coverage=1.0;extra_copy_number=0;gbkey=Gene;gene=LOC101589143;gene_biotype=protein_coding;sequence_ID=0.993;valid_ORFs=1	S100A15A-L1	54846330	54847415	True
23180	1064008	chr22	Liftoff	gene	55018811	55019896	.	+	.	ID=gene-S100a15a;Dbxref=GeneID:101577004;Name=S100a15a;origin=rename;copy_num_ID=gene-LOC101577004_0;coverage=1.0;extra_copy_number=0;gbkey=Gene;gene=LOC101577004;gene_biotype=protein_coding;sequence_ID=1.0;valid_ORFs=1	S100A15A	55018810	55019896	True
23181	1064014	chr22	Liftoff	gene	55036267	55036370	.	+	.	ID=gene-LOC111816447;Dbxref=GeneID:111816447;Name=LOC111816447;origin=liftoff;copy_num_ID=gene-LOC111816447_0;coverage=1.0;extra_copy_number=0;gbkey=Gene;gene=LOC111816447;gene_biotype=snRNA;sequence_ID=1.0	LOC111816447	55036266	55036370	True
23182	1064017	chr22	Liftoff	gene	55041500	55041939	.	+	.	ID=gene-S100a8-l1;Dbxref=GeneID:101561890;Name=S100a8-l1;origin=rename;copy_num_ID=gene-LOC101561890_0;coverage=1.0;extra_copy_number=0;gbkey=Gene;gene=LOC101561890;gene_biotype=protein_coding;sequence_ID=1.0;valid_ORFs=1	S100A8-L1	55041499	55041939	True
23327	1073106	chr22	Liftoff	gene	58928760	58931062	.	-	.	ID=gene-LOC101593287;Dbxref=GeneID:101593287;Name=LOC101593287;origin=liftoff;copy_num_ID=gene-LOC101593287_0;coverage=0.999;extra_copy_number=0;gbkey=Gene;gene=LOC101593287;gene_biotype=protein_coding;sequence_ID=0.994;valid_ORFs=1	LOC101593287	58928759	58931062	True
23334	1073393	chr22	gmst	gene	59913019	59964069	.	+	.	ID=gene-Akr1b8-rl1;Name=Akr1b8-rl1;origin=replace	AKR1B8-RL1	59913018	59964069	True
23335	1073413	chr22	gmst	gene	59937738	59990225	.	+	.	ID=gene-Akr1b10;Name=Akr1b10;origin=replace	AKR1B10	59937737	59990225	True
23336	1073462	chr22	Liftoff	gene	59959418	59984522	.	+	.	ID=gene-LOC101588457;Dbxref=GeneID:101588457;Name=LOC101588457;origin=liftoff;copy_num_ID=gene-LOC101588457_0;coverage=1.0;extra_copy_number=0;gbkey=Gene;gene=LOC101588457;gene_biotype=protein_coding;sequence_ID=0.996;valid_ORFs=1	LOC101588457	59959417	59984522	True
23403	1076370	chr22	Liftoff	gene	67472541	67655812	.	+	.	ID=gene-Mgam;Dbxref=GeneID:101589892;Name=Mgam;origin=rename;copy_num_ID=gene-LOC101589892_0;coverage=1.0;extra_copy_number=0;gbkey=Gene;gene=LOC101589892;gene_biotype=protein_coding;sequence_ID=0.999;valid_ORFs=1	MGAM	67472540	67655812	True
23421	1076834	chr22	Liftoff	gene	68383586	68515958	.	-	.	ID=gene-LOC111816139;Dbxref=GeneID:111816139;Name=LOC111816139;origin=liftoff;copy_num_ID=gene-LOC111816139_0;coverage=1.0;extra_copy_number=0;gbkey=Gene;gene=LOC111816139;gene_biotype=lncRNA;sequence_ID=1.0	LOC111816139	68383585	68515958	True
23423	1076904	chr22	Liftoff	gene	68500425	68507733	.	-	.	ID=gene-Ephb6;Dbxref=GeneID:101579255;Name=Ephb6;origin=liftoff;copy_num_ID=gene-Ephb6_0;coverage=0.998;extra_copy_number=0;gbkey=Gene;gene=Ephb6;gene_biotype=protein_coding;sequence_ID=0.997;valid_ORFs=3	EPHB6	68500424	68507733	True
23429	1077104	chr22	Liftoff	gene	68788181	68793642	.	+	.	ID=gene-Pip;Dbxref=GeneID:101576444;Name=Pip;origin=rename;copy_num_ID=gene-LOC101576444_0;coverage=1.0;extra_copy_number=0;gbkey=Gene;gene=LOC101576444;gene_biotype=protein_coding;sequence_ID=1.0;valid_ORFs=1	PIP	68788180	68793642	True
23430	1077114	chr22	Liftoff	gene	68840717	68846378	.	+	.	ID=gene-LOC101575660;Dbxref=GeneID:101575660;Name=LOC101575660;origin=liftoff;copy_num_ID=gene-LOC101575660_0;coverage=1.0;extra_copy_number=0;gbkey=Gene;gene=LOC101575660;gene_biotype=protein_coding;sequence_ID=1.0;valid_ORFs=1	LOC101575660	68840716	68846378	True
23432	1077131	chr22	Liftoff	gene	68915992	68938121	.	+	.	ID=gene-LOC105741889;Dbxref=GeneID:105741889;Name=LOC105741889;origin=liftoff;copy_num_ID=gene-LOC105741889_0;coverage=1.0;extra_copy_number=0;gbkey=Gene;gene=LOC105741889;gene_biotype=protein_coding;sequence_ID=0.998;valid_ORFs=1	LOC105741889	68915991	68938121	True
23433	1077145	chr22	Liftoff	gene	68961081	68962025	.	+	.	ID=gene-Tas2r39;Dbxref=GeneID:101574080;Name=Tas2r39;origin=rename;copy_num_ID=gene-LOC101574080_0;coverage=1.0;extra_copy_number=0;gbkey=Gene;gene=LOC101574080;gene_biotype=protein_coding;sequence_ID=0.990;valid_ORFs=1	TAS2R39	68961080	68962025	True
23439	1077195	chr22	Liftoff	gene	69162442	69179313	.	+	.	ID=gene-Casp2;Dbxref=GeneID:101589366;Name=Casp2;origin=liftoff;copy_num_ID=gene-Casp2_0;coverage=1.0;extra_copy_number=0;gbkey=Gene;gene=Casp2;gene_biotype=protein_coding;sequence_ID=0.997;valid_ORFs=4	CASP2	69162441	69179313	True
23452	1077507	chr22	Liftoff	gene	69614119	69627301	.	-	.	ID=gene-Tcaf2;Dbxref=GeneID:101568524;Name=Tcaf2;origin=rename;copy_num_ID=gene-LOC101568524_0;coverage=1.0;extra_copy_number=0;gbkey=Gene;gene=LOC101568524;gene_biotype=protein_coding;sequence_ID=0.987;valid_ORFs=0	TCAF2	69614118	69627301	True
23453	1077529	chr22	Liftoff	gene	69647949	69669153	.	-	.	ID=gene-Tcaf2-l1;Dbxref=GeneID:101567722;Name=Tcaf2-l1;origin=rename;copy_num_ID=gene-LOC101567722_0;coverage=0.999;extra_copy_number=0;gbkey=Gene;gene=LOC101567722;gene_biotype=protein_coding;sequence_ID=0.991;valid_ORFs=2	TCAF2-L1	69647948	69669153	True
23488	1078497	chr22	Liftoff	gene	74849059	74849130	.	+	.	ID=gene-Trnac-gca-22;Dbxref=GeneID:111816189;Name=Trnac-gca-22;origin=liftoff;copy_num_ID=gene-Trnac-gca-22_0;coverage=1.0;extra_copy_number=0;gbkey=Gene;gene=Trnac-gca;gene_biotype=tRNA;sequence_ID=1.0	TRNAC-GCA-22	74849058	74849130	True
23489	1078500	chr22	Liftoff	gene	74883560	74883629	.	+	.	ID=gene-Trnac-gca-21;Dbxref=GeneID:111816188;Name=Trnac-gca-21;origin=liftoff;copy_num_ID=gene-Trnac-gca-21_0;coverage=0.972;extra_copy_number=0;gbkey=Gene;gene=Trnac-gca;gene_biotype=tRNA;sequence_ID=0.972	TRNAC-GCA-21	74883559	74883629	True
23490	1078503	chr22	Liftoff	gene	74894902	74894973	.	+	.	ID=gene-Trnac-gca-18;Dbxref=GeneID:111816185;Name=Trnac-gca-18;origin=liftoff;copy_num_ID=gene-Trnac-gca-18_0;coverage=1.0;extra_copy_number=0;gbkey=Gene;gene=Trnac-gca;gene_biotype=tRNA;sequence_ID=1.0	TRNAC-GCA-18	74894901	74894973	True
23491	1078506	chr22	Liftoff	gene	74898337	74898408	.	+	.	ID=gene-Trnac-gca-15;Dbxref=GeneID:111816182;Name=Trnac-gca-15;origin=liftoff;copy_num_ID=gene-Trnac-gca-15_0;coverage=1.0;extra_copy_number=0;gbkey=Gene;gene=Trnac-gca;gene_biotype=tRNA;sequence_ID=1.0	TRNAC-GCA-15	74898336	74898408	True
23492	1078509	chr22	Liftoff	gene	74906340	74906411	.	+	.	ID=gene-Trnac-gca-16;Dbxref=GeneID:111816183;Name=Trnac-gca-16;origin=liftoff;copy_num_ID=gene-Trnac-gca-16_0;coverage=1.0;extra_copy_number=0;gbkey=Gene;gene=Trnac-gca;gene_biotype=tRNA;sequence_ID=1.0	TRNAC-GCA-16	74906339	74906411	True
23493	1078512	chr22	Liftoff	gene	74907530	74907601	.	+	.	ID=gene-Trnac-gca-14;Dbxref=GeneID:111816180;Name=Trnac-gca-14;origin=liftoff;copy_num_ID=gene-Trnac-gca-14_0;coverage=1.0;extra_copy_number=0;gbkey=Gene;gene=Trnac-gca;gene_biotype=tRNA;sequence_ID=1.0	TRNAC-GCA-14	74907529	74907601	True
23494	1078515	chr22	Liftoff	gene	74916471	74916542	.	-	.	ID=gene-Trnac-gca-20;Dbxref=GeneID:111816187;Name=Trnac-gca-20;origin=liftoff;copy_num_ID=gene-Trnac-gca-20_0;coverage=1.0;extra_copy_number=0;gbkey=Gene;gene=Trnac-gca;gene_biotype=tRNA;sequence_ID=1.0	TRNAC-GCA-20	74916470	74916542	True
23495	1078518	chr22	Liftoff	gene	74922419	74922490	.	-	.	ID=gene-Trnac-gca-19;Dbxref=GeneID:111816186;Name=Trnac-gca-19;origin=liftoff;copy_num_ID=gene-Trnac-gca-19_0;coverage=0.986;extra_copy_number=0;gbkey=Gene;gene=Trnac-gca;gene_biotype=tRNA;sequence_ID=0.972	TRNAC-GCA-19	74922418	74922490	True
23496	1078521	chr22	Liftoff	gene	74924160	74924231	.	-	.	ID=gene-Trnac-gca-17;Dbxref=GeneID:111816184;Name=Trnac-gca-17;origin=liftoff;copy_num_ID=gene-Trnac-gca-17_0;coverage=1.0;extra_copy_number=0;gbkey=Gene;gene=Trnac-gca;gene_biotype=tRNA;sequence_ID=0.986	TRNAC-GCA-17	74924159	74924231	True
23497	1078524	chr22	Liftoff	gene	74927126	74927197	.	-	.	ID=gene-Trnac-gca-3;Dbxref=GeneID:111816170;Name=Trnac-gca-3;origin=liftoff;copy_num_ID=gene-Trnac-gca-3_0;coverage=1.0;extra_copy_number=0;gbkey=Gene;gene=Trnac-gca;gene_biotype=tRNA;sequence_ID=1.0	TRNAC-GCA-3	74927125	74927197	True
23498	1078527	chr22	Liftoff	gene	74933165	74933236	.	-	.	ID=gene-Trnac-gca-5;Dbxref=GeneID:111816192;Name=Trnac-gca-5;origin=liftoff;copy_num_ID=gene-Trnac-gca-5_0;coverage=1.0;extra_copy_number=0;gbkey=Gene;gene=Trnac-gca;gene_biotype=tRNA;sequence_ID=1.0	TRNAC-GCA-5	74933164	74933236	True
23499	1078530	chr22	Liftoff	gene	74935776	74935847	.	-	.	ID=gene-Trnac-gca-8;Dbxref=GeneID:111816171;Name=Trnac-gca-8;origin=liftoff;copy_num_ID=gene-Trnac-gca-8_0;coverage=1.0;extra_copy_number=0;gbkey=Gene;gene=Trnac-gca;gene_biotype=tRNA;sequence_ID=1.0	TRNAC-GCA-8	74935775	74935847	True
23500	1078533	chr22	Liftoff	gene	74945601	74945670	.	-	.	ID=gene-Trnac-gca-11;Dbxref=GeneID:111816174;Name=Trnac-gca-11;origin=liftoff;copy_num_ID=gene-Trnac-gca-11_0;coverage=1.0;extra_copy_number=0;gbkey=Gene;gene=Trnac-gca;gene_biotype=tRNA;sequence_ID=1.0	TRNAC-GCA-11	74945600	74945670	True
23501	1078536	chr22	Liftoff	gene	74949526	74949597	.	-	.	ID=gene-Trnac-gca-12;Dbxref=GeneID:111816175;Name=Trnac-gca-12;origin=liftoff;copy_num_ID=gene-Trnac-gca-12_0;coverage=1.0;extra_copy_number=0;gbkey=Gene;gene=Trnac-gca;gene_biotype=tRNA;sequence_ID=1.0	TRNAC-GCA-12	74949525	74949597	True
23502	1078539	chr22	Liftoff	gene	74952657	74952728	.	-	.	ID=gene-Trnac-gca-9;Dbxref=GeneID:111816172;Name=Trnac-gca-9;origin=liftoff;copy_num_ID=gene-Trnac-gca-9_0;coverage=1.0;extra_copy_number=0;gbkey=Gene;gene=Trnac-gca;gene_biotype=tRNA;sequence_ID=1.0	TRNAC-GCA-9	74952656	74952728	True
23503	1078542	chr22	Liftoff	gene	74958771	74958842	.	-	.	ID=gene-Trnac-gca-10;Dbxref=GeneID:111816173;Name=Trnac-gca-10;origin=liftoff;copy_num_ID=gene-Trnac-gca-10_0;coverage=1.0;extra_copy_number=0;gbkey=Gene;gene=Trnac-gca;gene_biotype=tRNA;sequence_ID=1.0	TRNAC-GCA-10	74958770	74958842	True
23504	1078545	chr22	Liftoff	gene	74960380	74960451	.	-	.	ID=gene-Trnac-gca-7;Dbxref=GeneID:111816194;Name=Trnac-gca-7;origin=liftoff;copy_num_ID=gene-Trnac-gca-7_0;coverage=1.0;extra_copy_number=0;gbkey=Gene;gene=Trnac-gca;gene_biotype=tRNA;sequence_ID=1.0	TRNAC-GCA-7	74960379	74960451	True
23591	1082466	chr22	Liftoff	gene	81599200	81657041	.	+	.	ID=gene-Sept10;Dbxref=GeneID:101588879;Name=Sept10;origin=liftoff;copy_num_ID=gene-Sept10_0;coverage=0.941;extra_copy_number=0;gbkey=Gene;gene=Sept10;gene_biotype=protein_coding;sequence_ID=0.937;valid_ORFs=1	SEPT10	81599199	81657041	True
23592	1082490	chr22	Liftoff	gene	81655950	81657814	.	-	.	ID=gene-LOC105742442;Dbxref=GeneID:105742442;Name=LOC105742442;origin=liftoff;copy_num_ID=gene-LOC105742442_0;coverage=1.0;end_range=13297959,.;extra_copy_number=0;gbkey=Gene;gene=LOC105742442;gene_biotype=protein_coding;partial=true;sequence_ID=0.992;valid_ORFs=0	LOC105742442	81655949	81657814	True
23604	1083049	chr23	AUGUSTUS	gene	42397	43080	.	+	.	ID=gene-Idi1-dl2;Name=Idi1-dl2;origin=de_novo	IDI1-DL2	42396	43080	True
23670	1087067	chr23	Liftoff	gene	14958284	14972156	.	-	.	ID=gene-LOC111814804;Dbxref=GeneID:111814804;Name=LOC111814804;origin=liftoff;copy_num_ID=gene-LOC111814804_0;coverage=1.0;extra_copy_number=0;gbkey=Gene;gene=LOC111814804;gene_biotype=lncRNA;sequence_ID=1.0	LOC111814804	14958283	14972156	True
23671	1087072	chr23	Liftoff	gene	14972147	14992419	.	-	.	ID=gene-LOC111814803;Dbxref=GeneID:111814803;Name=LOC111814803;origin=liftoff;copy_num_ID=gene-LOC111814803_0;coverage=1.0;extra_copy_number=0;gbkey=Gene;gene=LOC111814803;gene_biotype=lncRNA;sequence_ID=1.0	LOC111814803	14972146	14992419	True
23672	1087077	chr23	Liftoff	gene	15125821	15129853	.	-	.	ID=gene-LOC111814931;Dbxref=GeneID:111814931;Name=LOC111814931;origin=liftoff;copy_num_ID=gene-LOC111814931_0;coverage=1.0;extra_copy_number=0;gbkey=Gene;gene=LOC111814931;gene_biotype=lncRNA;sequence_ID=0.989	LOC111814931	15125820	15129853	True
23673	1087086	chr23	Liftoff	gene	15219548	15340737	.	-	.	ID=gene-Gab1;Dbxref=GeneID:101580064;Name=Gab1;origin=liftoff;copy_num_ID=gene-Gab1_0;coverage=1.0;end_range=2755906,.;extra_copy_number=0;gbkey=Gene;gene=Gab1;gene_biotype=protein_coding;partial=true;sequence_ID=0.999;valid_ORFs=0	GAB1	15219547	15340737	True
23682	1087546	chr23	AUGUSTUS	gene	18298933	18300735	.	-	.	ID=gene-Eif1ax-dl3;Name=Eif1ax-dl3;origin=de_novo	EIF1AX-DL3	18298932	18300735	True
23939	1099494	chr23	Liftoff	gene	82377017	82378869	.	-	.	ID=gene-Smim15-l1;Dbxref=GeneID:101564563;Name=Smim15-l1;origin=rename;copy_num_ID=gene-LOC101564563_0;coverage=1.0;extra_copy_number=0;gbkey=Gene;gene=LOC101564563;gene_biotype=protein_coding;sequence_ID=1.0;valid_ORFs=1	SMIM15-L1	82377016	82378869	True
23940	1099500	chr23	Liftoff	gene	82444350	82446594	.	-	.	ID=gene-Ralgds-l3;Dbxref=GeneID:111813633;Name=Ralgds-l3;origin=rename;copy_num_ID=gene-LOC111813633_0;coverage=1.0;extra_copy_number=0;gbkey=Gene;gene=LOC111813633;gene_biotype=protein_coding;sequence_ID=0.998;valid_ORFs=1	RALGDS-L3	82444349	82446594	True
23941	1099513	chr23	AUGUSTUS	gene	82460359	82460829	.	-	.	ID=gene-Rpl23a-dl4;Name=Rpl23a-dl4;origin=de_novo	RPL23A-DL4	82460358	82460829	True
24161	1110099	chr24	Liftoff	gene	24592200	24633291	.	+	.	ID=gene-Rrm1;Dbxref=GeneID:101593129;Name=Rrm1;origin=liftoff;copy_num_ID=gene-Rrm1_0;coverage=1.0;extra_copy_number=0;gbkey=Gene;gene=Rrm1;gene_biotype=protein_coding;sequence_ID=0.996;valid_ORFs=1	RRM1	24592199	24633291	True
24203	1110448	chr24	Liftoff	gene	25553142	25554089	.	-	.	ID=gene-Or51l1-l1;Dbxref=GeneID:101569682;Name=Or51l1-l1;origin=rename;copy_num_ID=gene-LOC101569682_0;coverage=1.0;extra_copy_number=0;gbkey=Gene;gene=LOC101569682;gene_biotype=protein_coding;sequence_ID=0.996;valid_ORFs=1	OR51L1-L1	25553141	25554089	True
24204	1110452	chr24	Liftoff	gene	25572466	25573407	.	+	.	ID=gene-Or51a7-l3;Dbxref=GeneID:101586720;Name=Or51a7-l3;origin=rename;copy_num_ID=gene-LOC101586720_0;coverage=1.0;extra_copy_number=0;gbkey=Gene;gene=LOC101586720;gene_biotype=protein_coding;sequence_ID=0.996;valid_ORFs=1	OR51A7-L3	25572465	25573407	True
24205	1110456	chr24	Liftoff	gene	25597943	25598410	.	-	.	ID=gene-Or51a7-l4;Dbxref=GeneID:111812847;Name=Or51a7-l4;origin=rename;copy_num_ID=gene-LOC111812847_0;coverage=1.0;end_range=4725194,.;extra_copy_number=0;gbkey=Gene;gene=LOC111812847;gene_biotype=protein_coding;partial=true;sequence_ID=0.995;valid_ORFs=0	OR51A7-L4	25597942	25598410	True
24230	1110566	chr24	Liftoff	gene	26044090	26045034	.	-	.	ID=gene-Or51v1;Dbxref=GeneID:101573265;Name=Or51v1;origin=rename;copy_num_ID=gene-LOC101573265_0;coverage=1.0;extra_copy_number=0;gbkey=Gene;gene=LOC101573265;gene_biotype=protein_coding;sequence_ID=0.997;valid_ORFs=1	OR51V1	26044089	26045034	True
24231	1110570	chr24	Liftoff	gene	26063226	26064170	.	-	.	ID=gene-Or51v1-l1;Dbxref=GeneID:101561989;Name=Or51v1-l1;origin=rename;copy_num_ID=gene-LOC101561989_0;coverage=1.0;extra_copy_number=0;gbkey=Gene;gene=LOC101561989;gene_biotype=protein_coding;sequence_ID=0.996;valid_ORFs=1	OR51V1-L1	26063225	26064170	True
24232	1110574	chr24	Liftoff	gene	26078420	26084956	.	-	.	ID=gene-LOC101562392;Dbxref=GeneID:101562392;Name=LOC101562392;origin=liftoff;copy_num_ID=gene-LOC101562392_0;coverage=1.0;extra_copy_number=0;gbkey=Gene;gene=LOC101562392;gene_biotype=protein_coding;sequence_ID=0.999;valid_ORFs=1	LOC101562392	26078419	26084956	True
24249	1110664	chr24	Liftoff	gene	26409029	26409973	.	-	.	ID=gene-Or51i2-l3;Dbxref=GeneID:101566363;Name=Or51i2-l3;origin=rename;copy_num_ID=gene-LOC101566363_0;coverage=1.0;extra_copy_number=0;gbkey=Gene;gene=LOC101566363;gene_biotype=protein_coding;sequence_ID=0.992;valid_ORFs=1	OR51I2-L3	26409028	26409973	True
24250	1110668	chr24	Liftoff	gene	26450753	26451697	.	-	.	ID=gene-Or51i2-l4;Dbxref=GeneID:101566755;Name=Or51i2-l4;origin=rename;copy_num_ID=gene-LOC101566755_0;coverage=1.0;extra_copy_number=0;gbkey=Gene;gene=LOC101566755;gene_biotype=protein_coding;sequence_ID=0.987;valid_ORFs=1	OR51I2-L4	26450752	26451697	True
24263	1110815	chr24	Liftoff	gene	26769682	26927038	.	+	.	ID=gene-Trim5-l1;Dbxref=GeneID:101570739;Name=Trim5-l1;origin=rename;copy_num_ID=gene-LOC101570739_0;coverage=0.997;extra_copy_number=0;gbkey=Gene;gene=LOC101570739;gene_biotype=protein_coding;sequence_ID=0.994;valid_ORFs=6	TRIM5-L1	26769681	26927038	True
24265	1110916	chr24	Liftoff	gene	26871245	26960187	.	+	.	ID=gene-Trim5-l3;Dbxref=GeneID:101571138;Name=Trim5-l3;origin=rename;copy_num_ID=gene-LOC101571138_0;coverage=1.0;extra_copy_number=0;gbkey=Gene;gene=LOC101571138;gene_biotype=protein_coding;sequence_ID=0.997;valid_ORFs=1	TRIM5-L3	26871244	26960187	True
24266	1110927	chr24	Liftoff	gene	26886940	26905898	.	+	.	ID=gene-Ppia-l1;Dbxref=GeneID:101581987;Name=Ppia-l1;origin=rename;copy_num_ID=gene-LOC101581987_0;coverage=1.0;extra_copy_number=0;gbkey=Gene;gene=LOC101581987;gene_biotype=protein_coding;sequence_ID=0.999;valid_ORFs=1	PPIA-L1	26886939	26905898	True
24282	1111021	chr24	Liftoff	gene	27280672	27281610	.	+	.	ID=gene-LOC101574717;Dbxref=GeneID:101574717;Name=LOC101574717;origin=liftoff;copy_num_ID=gene-LOC101574717_0;coverage=1.0;extra_copy_number=0;gbkey=Gene;gene=LOC101574717;gene_biotype=protein_coding;sequence_ID=0.995;valid_ORFs=1	LOC101574717	27280671	27281610	True
24283	1111025	chr24	Liftoff	gene	27300500	27301450	.	-	.	ID=gene-LOC101575117;Dbxref=GeneID:101575117;Name=LOC101575117;origin=liftoff;copy_num_ID=gene-LOC101575117_0;coverage=1.0;extra_copy_number=0;gbkey=Gene;gene=LOC101575117;gene_biotype=protein_coding;sequence_ID=0.997;valid_ORFs=1	LOC101575117	27300499	27301450	True
24318	1111917	chr24	Liftoff	gene	28593397	28734513	.	+	.	ID=gene-Gvinp1;Dbxref=GeneID:101567883;Name=Gvinp1;origin=rename;copy_num_ID=gene-LOC101567883_0;coverage=1.0;extra_copy_number=0;gbkey=Gene;gene=LOC101567883;gene_biotype=protein_coding;sequence_ID=0.998;valid_ORFs=2	GVINP1	28593396	28734513	True
24320	1111936	chr24	Liftoff	gene	28949662	28994598	.	+	.	ID=gene-Gvinp1-l3;Dbxref=GeneID:101568679;Name=Gvinp1-l3;origin=rename;copy_num_ID=gene-LOC101568679_0;coverage=1.0;extra_copy_number=0;gbkey=Gene;gene=LOC101568679;gene_biotype=protein_coding;sequence_ID=0.995;valid_ORFs=1	GVINP1-L3	28949661	28994598	True
24324	1111956	chr24	Liftoff	gene	29161446	29162369	.	+	.	ID=gene-LOC101565102;Dbxref=GeneID:101565102;Name=LOC101565102;origin=liftoff;copy_num_ID=gene-LOC101565102_0;coverage=1.0;extra_copy_number=0;gbkey=Gene;gene=LOC101565102;gene_biotype=protein_coding;sequence_ID=0.997;valid_ORFs=1	LOC101565102	29161445	29162369	True
24325	1111960	chr24	Liftoff	gene	29202859	29203809	.	+	.	ID=gene-LOC101565499;Dbxref=GeneID:101565499;Name=LOC101565499;origin=liftoff;copy_num_ID=gene-LOC101565499_0;coverage=1.0;extra_copy_number=0;gbkey=Gene;gene=LOC101565499;gene_biotype=protein_coding;sequence_ID=0.997;valid_ORFs=1	LOC101565499	29202858	29203809	True
24326	1111964	chr24	Liftoff	gene	29274249	29275199	.	-	.	ID=gene-LOC101565897;Dbxref=GeneID:101565897;Name=LOC101565897;origin=liftoff;copy_num_ID=gene-LOC101565897_0;coverage=1.0;extra_copy_number=0;gbkey=Gene;gene=LOC101565897;gene_biotype=protein_coding;sequence_ID=0.998;valid_ORFs=1	LOC101565897	29274248	29275199	True
24327	1111968	chr24	Liftoff	gene	29357643	29358593	.	+	.	ID=gene-LOC101570266;Dbxref=GeneID:101570266;Name=LOC101570266;origin=liftoff;copy_num_ID=gene-LOC101570266_0;coverage=1.0;extra_copy_number=0;gbkey=Gene;gene=LOC101570266;gene_biotype=protein_coding;sequence_ID=0.998;valid_ORFs=1	LOC101570266	29357642	29358593	True
24328	1111972	chr24	Liftoff	gene	29415465	29419378	.	+	.	ID=gene-LOC101571062;Dbxref=GeneID:101571062;Name=LOC101571062;origin=liftoff;copy_num_ID=gene-LOC101571062_0;coverage=1.0;extra_copy_number=0;gbkey=Gene;gene=LOC101571062;gene_biotype=protein_coding;sequence_ID=1.0;valid_ORFs=1	LOC101571062	29415464	29419378	True
24329	1111978	chr24	Liftoff	gene	29446562	29447512	.	+	.	ID=gene-LOC101566685;Dbxref=GeneID:101566685;Name=LOC101566685;origin=liftoff;copy_num_ID=gene-LOC101566685_0;coverage=1.0;extra_copy_number=0;gbkey=Gene;gene=LOC101566685;gene_biotype=protein_coding;sequence_ID=0.997;valid_ORFs=1	LOC101566685	29446561	29447512	True
24351	1113351	chr24	Liftoff	gene	30583365	30605695	.	-	.	ID=gene-Ovch2;Dbxref=GeneID:101568958;Name=Ovch2;origin=liftoff;copy_num_ID=gene-Ovch2_0;coverage=1.0;extra_copy_number=0;gbkey=Gene;gene=Ovch2;gene_biotype=protein_coding;sequence_ID=0.997;valid_ORFs=1	OVCH2	30583364	30605695	True
24352	1113383	chr24	Liftoff	gene	30613582	30614520	.	+	.	ID=gene-LOC101569347;Dbxref=GeneID:101569347;Name=LOC101569347;origin=liftoff;copy_num_ID=gene-LOC101569347_0;coverage=1.0;extra_copy_number=0;gbkey=Gene;gene=LOC101569347;gene_biotype=protein_coding;sequence_ID=0.996;valid_ORFs=1	LOC101569347	30613581	30614520	True
24355	1113395	chr24	Liftoff	gene	30721204	30722145	.	-	.	ID=gene-LOC101570947;Dbxref=GeneID:101570947;Name=LOC101570947;origin=liftoff;copy_num_ID=gene-LOC101570947_0;coverage=1.0;extra_copy_number=0;gbkey=Gene;gene=LOC101570947;gene_biotype=protein_coding;sequence_ID=0.991;valid_ORFs=1	LOC101570947	30721203	30722145	True
24362	1113425	chr24	Liftoff	gene	31083766	31084725	.	-	.	ID=gene-LOC101586510;Dbxref=GeneID:101586510;Name=LOC101586510;origin=liftoff;copy_num_ID=gene-LOC101586510_0;coverage=1.0;extra_copy_number=0;gbkey=Gene;gene=LOC101586510;gene_biotype=protein_coding;sequence_ID=0.997;valid_ORFs=1	LOC101586510	31083765	31084725	True
24363	1113429	chr24	Liftoff	gene	31121777	31122721	.	-	.	ID=gene-LOC101573721;Dbxref=GeneID:101573721;Name=LOC101573721;origin=liftoff;copy_num_ID=gene-LOC101573721_0;coverage=1.0;extra_copy_number=0;gbkey=Gene;gene=LOC101573721;gene_biotype=protein_coding;sequence_ID=0.996;valid_ORFs=1	LOC101573721	31121776	31122721	True
24364	1113433	chr24	Liftoff	gene	31151713	31152651	.	+	.	ID=gene-LOC101574116;Dbxref=GeneID:101574116;Name=LOC101574116;origin=liftoff;copy_num_ID=gene-LOC101574116_0;coverage=1.0;extra_copy_number=0;gbkey=Gene;gene=LOC101574116;gene_biotype=protein_coding;sequence_ID=0.993;valid_ORFs=1	LOC101574116	31151712	31152651	True
24367	1113446	chr24	Liftoff	gene	31310812	31311756	.	-	.	ID=gene-LOC101588087;Dbxref=GeneID:101588087;Name=LOC101588087;origin=liftoff;copy_num_ID=gene-LOC101588087_0;coverage=1.0;extra_copy_number=0;gbkey=Gene;gene=LOC101588087;gene_biotype=protein_coding;sequence_ID=0.997;valid_ORFs=1	LOC101588087	31310811	31311756	True
24368	1113450	chr24	Liftoff	gene	31321818	31322762	.	-	.	ID=gene-LOC101588482;Dbxref=GeneID:101588482;Name=LOC101588482;origin=liftoff;copy_num_ID=gene-LOC101588482_0;coverage=1.0;extra_copy_number=0;gbkey=Gene;gene=LOC101588482;gene_biotype=protein_coding;sequence_ID=0.989;valid_ORFs=1	LOC101588482	31321817	31322762	True
24369	1113454	chr24	Liftoff	gene	31331824	31334103	.	-	.	ID=gene-LOC101588873;Dbxref=GeneID:101588873;Name=LOC101588873;origin=liftoff;copy_num_ID=gene-LOC101588873_0;coverage=1.0;extra_copy_number=0;gbkey=Gene;gene=LOC101588873;gene_biotype=protein_coding;sequence_ID=0.973;valid_ORFs=1	LOC101588873	31331823	31334103	True
24370	1113460	chr24	Liftoff	gene	31354316	31355260	.	-	.	ID=gene-LOC101574505;Dbxref=GeneID:101574505;Name=LOC101574505;origin=liftoff;copy_num_ID=gene-LOC101574505_0;coverage=1.0;extra_copy_number=0;gbkey=Gene;gene=LOC101574505;gene_biotype=protein_coding;sequence_ID=0.996;valid_ORFs=1	LOC101574505	31354315	31355260	True
24371	1113464	chr24	Liftoff	gene	31373171	31373893	.	-	.	ID=gene-LOC101589271;Dbxref=GeneID:101589271;Name=LOC101589271;origin=liftoff;copy_num_ID=gene-LOC101589271_0;coverage=0.765;extra_copy_number=0;gbkey=Gene;gene=LOC101589271;gene_biotype=protein_coding;sequence_ID=0.754;valid_ORFs=0	LOC101589271	31373170	31373893	True
24452	1119021	chr24	Liftoff	gene	41122159	41131980	.	+	.	ID=gene-Ncr3lg1-l1;Dbxref=GeneID:105742698;Name=Ncr3lg1-l1;origin=rename;copy_num_ID=gene-LOC105742698_0;coverage=1.0;extra_copy_number=0;gbkey=Gene;gene=LOC105742698;gene_biotype=protein_coding;sequence_ID=1.0;valid_ORFs=1	NCR3LG1-L1	41122158	41131980	True
24453	1119034	chr24	Liftoff	gene	41133731	41141796	.	-	.	ID=gene-LOC105742699;Dbxref=GeneID:105742699;Name=LOC105742699;origin=liftoff;copy_num_ID=gene-LOC105742699_0;coverage=1.0;extra_copy_number=0;gbkey=Gene;gene=LOC105742699;gene_biotype=protein_coding;sequence_ID=0.997;valid_ORFs=1	LOC105742699	41133730	41141796	True
24454	1119041	chr24	Liftoff	gene	41194056	41194822	.	+	.	ID=gene-LOC101588627;Dbxref=GeneID:101588627;Name=LOC101588627;origin=liftoff;copy_num_ID=gene-LOC101588627_0;coverage=0.986;extra_copy_number=0;gbkey=Gene;gene=LOC101588627;gene_biotype=protein_coding;sequence_ID=0.983;valid_ORFs=0	LOC101588627	41194055	41194822	True
24455	1119048	chr24	Liftoff	gene	41211230	41219857	.	+	.	ID=gene-Ncr3lg1-l2;Dbxref=GeneID:111817702;Name=Ncr3lg1-l2;origin=rename;copy_num_ID=gene-LOC111817702_0;coverage=1.0;extra_copy_number=0;gbkey=Gene;gene=LOC111817702;gene_biotype=protein_coding;sequence_ID=0.997;valid_ORFs=2	NCR3LG1-L2	41211229	41219857	True
24456	1119088	chr24	Liftoff	gene	41308862	41316976	.	+	.	ID=gene-Ncr3lg1;Dbxref=GeneID:111817691;Name=Ncr3lg1;origin=liftoff;copy_num_ID=gene-Ncr3lg1_0;coverage=1.0;extra_copy_number=0;gbkey=Gene;gene=Ncr3lg1;gene_biotype=protein_coding;sequence_ID=0.949;valid_ORFs=1	NCR3LG1	41308861	41316976	True
24480	1120295	chr24	Liftoff	gene	42321816	42366440	.	+	.	ID=gene-Gtf2h1;Dbxref=GeneID:101584672;Name=Gtf2h1;origin=liftoff;copy_num_ID=gene-Gtf2h1_0;coverage=1.0;extra_copy_number=0;gbkey=Gene;gene=Gtf2h1;gene_biotype=protein_coding;sequence_ID=0.999;valid_ORFs=1	GTF2H1	42321815	42366440	True
24494	1120726	chr24	Liftoff	gene	43245792	43284718	.	+	.	ID=gene-LOC101588628;Dbxref=GeneID:101588628;Name=LOC101588628;origin=liftoff;copy_num_ID=gene-LOC101588628_0;coverage=1.0;extra_copy_number=0;gbkey=Gene;gene=LOC101588628;gene_biotype=protein_coding;sequence_ID=1.0;valid_ORFs=1	LOC101588628	43245791	43284718	True
24495	1120732	chr24	Liftoff	gene	43368961	43369815	.	+	.	ID=gene-LOC101560343;Dbxref=GeneID:101560343;Name=LOC101560343;origin=liftoff;copy_num_ID=gene-LOC101560343_0;coverage=1.0;extra_copy_number=0;gbkey=Gene;gene=LOC101560343;gene_biotype=protein_coding;sequence_ID=0.995;valid_ORFs=1	LOC101560343	43368960	43369815	True
24496	1120736	chr24	Liftoff	gene	43436478	43438506	.	+	.	ID=gene-LOC101559953;Dbxref=GeneID:101559953;Name=LOC101559953;origin=liftoff;copy_num_ID=gene-LOC101559953_0;coverage=1.0;extra_copy_number=0;gbkey=Gene;gene=LOC101559953;gene_biotype=protein_coding;sequence_ID=0.995;valid_ORFs=0	LOC101559953	43436477	43438506	True
24605	1126413	chr24	Liftoff	gene	62966018	62967176	.	-	.	ID=gene-Ifitm3-l1;Dbxref=GeneID:101569250;Name=Ifitm3-l1;origin=rename;copy_num_ID=gene-LOC101569250_0;coverage=1.0;extra_copy_number=0;gbkey=Gene;gene=LOC101569250;gene_biotype=protein_coding;sequence_ID=0.988;valid_ORFs=1	IFITM3-L1	62966017	62967176	True
24606	1126421	chr24	Liftoff	gene	62980355	62981469	.	+	.	ID=gene-Ifitm3;Dbxref=GeneID:101568862;Name=Ifitm3;origin=rename;copy_num_ID=gene-LOC101568862_0;coverage=1.0;extra_copy_number=0;gbkey=Gene;gene=LOC101568862;gene_biotype=protein_coding;sequence_ID=0.997;valid_ORFs=1	IFITM3	62980354	62981469	True
24607	1126429	chr24	Liftoff	gene	62990687	62991288	.	-	.	ID=gene-LOC111818506;Dbxref=GeneID:111818506;Name=LOC111818506;origin=liftoff;copy_num_ID=gene-LOC111818506_0;coverage=1.0;extra_copy_number=0;gbkey=Gene;gene=LOC111818506;gene_biotype=lncRNA;sequence_ID=1.0	LOC111818506	62990686	62991288	True
24608	1126433	chr24	AUGUSTUS	gene	62990688	62991827	.	-	.	ID=gene-Ifitm3-dl2;Name=Ifitm3-dl2;origin=de_novo	IFITM3-DL2	62990687	62991827	True
24620	1126886	chr25	Liftoff	gene	4301043	4301981	.	+	.	ID=gene-LOC101581425;Dbxref=GeneID:101581425;Name=LOC101581425;origin=liftoff;copy_num_ID=gene-LOC101581425_0;coverage=1.0;extra_copy_number=0;gbkey=Gene;gene=LOC101581425;gene_biotype=protein_coding;sequence_ID=0.997;valid_ORFs=0	LOC101581425	4301042	4301981	True
24621	1126891	chr25	Liftoff	gene	4415329	4416252	.	-	.	ID=gene-LOC101567141;Dbxref=GeneID:101567141;Name=LOC101567141;origin=liftoff;copy_num_ID=gene-LOC101567141_0;coverage=1.0;extra_copy_number=0;gbkey=Gene;gene=LOC101567141;gene_biotype=protein_coding;sequence_ID=0.998;valid_ORFs=1	LOC101567141	4415328	4416252	True
24622	1126896	chr25	Liftoff	gene	4451261	4452202	.	-	.	ID=gene-LOC101567545;Dbxref=GeneID:101567545;Name=LOC101567545;origin=liftoff;copy_num_ID=gene-LOC101567545_0;coverage=1.0;extra_copy_number=0;gbkey=Gene;gene=LOC101567545;gene_biotype=protein_coding;sequence_ID=0.996;valid_ORFs=1	LOC101567545	4451260	4452202	True
24728	1131817	chr25	Liftoff	gene	16812975	16839633	.	+	.	ID=gene-LOC111815180;Dbxref=GeneID:111815180;Name=LOC111815180;origin=liftoff;copy_num_ID=gene-LOC111815180_0;coverage=1.0;end_range=28715302,.;extra_copy_number=0;gbkey=Gene;gene=LOC111815180;gene_biotype=protein_coding;partial=true;sequence_ID=1.0;valid_ORFs=0	LOC111815180	16812974	16839633	True
24767	1132776	chr25	Liftoff	gene	24311782	24342565	.	+	.	ID=gene-Birc2;Dbxref=GeneID:101591842;Name=Birc2;origin=liftoff;copy_num_ID=gene-Birc2_0;coverage=1.0;extra_copy_number=0;gbkey=Gene;gene=Birc2;gene_biotype=protein_coding;sequence_ID=0.997;valid_ORFs=3	BIRC2	24311781	24342565	True
24785	1133363	chr25	Liftoff	gene	26726155	26739140	.	-	.	ID=gene-Casp1;Dbxref=GeneID:101581472;Name=Casp1;origin=rename;copy_num_ID=gene-LOC101581472_0;coverage=1.0;extra_copy_number=0;gbkey=Gene;gene=LOC101581472;gene_biotype=protein_coding;sequence_ID=1.0;valid_ORFs=1	CASP1	26726154	26739140	True
24786	1133385	chr25	Liftoff	gene	26808222	26819190	.	+	.	ID=gene-LOC101581086;Dbxref=GeneID:101581086;Name=LOC101581086;origin=liftoff;copy_num_ID=gene-LOC101581086_0;coverage=1.0;extra_copy_number=0;gbkey=Gene;gene=LOC101581086;gene_biotype=protein_coding;sequence_ID=0.999;valid_ORFs=1	LOC101581086	26808221	26819190	True
24787	1133405	chr25	Liftoff	gene	26831872	26852056	.	-	.	ID=gene-LOC101580685;Dbxref=GeneID:101580685;Name=LOC101580685;origin=liftoff;copy_num_ID=gene-LOC101580685_0;coverage=0.737;extra_copy_number=0;gbkey=Gene;gene=LOC101580685;gene_biotype=protein_coding;sequence_ID=0.734;valid_ORFs=0	LOC101580685	26831871	26852056	True
24840	1135343	chr25	Liftoff	gene	34048081	34081820	.	+	.	ID=gene-Dlat;Dbxref=GeneID:101592527;Name=Dlat;origin=liftoff;copy_num_ID=gene-Dlat_0;coverage=1.0;extra_copy_number=0;gbkey=Gene;gene=Dlat;gene_biotype=protein_coding;sequence_ID=0.999;valid_ORFs=1	DLAT	34048080	34081820	True
24920	1140658	chr25	Liftoff	gene	41034574	41077914	.	-	.	ID=gene-Ddx6;Dbxref=GeneID:101561026;Name=Ddx6;origin=liftoff;copy_num_ID=gene-Ddx6_0;coverage=1.0;extra_copy_number=0;gbkey=Gene;gene=Ddx6;gene_biotype=protein_coding;sequence_ID=1.0;valid_ORFs=3	DDX6	41034573	41077914	True
24999	1144465	chr25	Liftoff	gene	46789845	46790786	.	+	.	ID=gene-LOC101570567;Dbxref=GeneID:101570567;Name=LOC101570567;origin=liftoff;copy_num_ID=gene-LOC101570567_0;coverage=1.0;extra_copy_number=0;gbkey=Gene;gene=LOC101570567;gene_biotype=protein_coding;sequence_ID=0.994;valid_ORFs=1	LOC101570567	46789844	46790786	True
25000	1144469	chr25	Liftoff	gene	46807001	46807107	.	-	.	ID=gene-LOC111818138;Dbxref=GeneID:111818138;Name=LOC111818138;origin=liftoff;copy_num_ID=gene-LOC111818138_0;coverage=1.0;extra_copy_number=0;gbkey=Gene;gene=LOC111818138;gene_biotype=snRNA;sequence_ID=0.981	LOC111818138	46807000	46807107	True
25001	1144472	chr25	Liftoff	gene	46851577	46858503	.	+	.	ID=gene-LOC101590218;Dbxref=GeneID:101590218;Name=LOC101590218;origin=liftoff;copy_num_ID=gene-LOC101590218_0;coverage=1.0;extra_copy_number=0;gbkey=Gene;gene=LOC101590218;gene_biotype=protein_coding;sequence_ID=0.998;valid_ORFs=1	LOC101590218	46851576	46858503	True
25005	1144492	chr25	Liftoff	gene	46984552	46985499	.	-	.	ID=gene-LOC101569759;Dbxref=GeneID:101569759;Name=LOC101569759;origin=liftoff;copy_num_ID=gene-LOC101569759_0;coverage=1.0;extra_copy_number=0;gbkey=Gene;gene=LOC101569759;gene_biotype=protein_coding;sequence_ID=0.996;valid_ORFs=1	LOC101569759	46984551	46985499	True
25006	1144497	chr25	Liftoff	gene	47015234	47016172	.	+	.	ID=gene-LOC101589040;Dbxref=GeneID:101589040;Name=LOC101589040;origin=liftoff;copy_num_ID=gene-LOC101589040_0;coverage=1.0;extra_copy_number=0;gbkey=Gene;gene=LOC101589040;gene_biotype=protein_coding;sequence_ID=0.987;valid_ORFs=1	LOC101589040	47015233	47016172	True
25007	1144502	chr25	Liftoff	gene	47048041	47048976	.	+	.	ID=gene-LOC101588637;Dbxref=GeneID:101588637;Name=LOC101588637;origin=liftoff;copy_num_ID=gene-LOC101588637_0;coverage=1.0;extra_copy_number=0;gbkey=Gene;gene=LOC101588637;gene_biotype=protein_coding;sequence_ID=0.994;valid_ORFs=1	LOC101588637	47048040	47048976	True
25013	1144535	chr25	Liftoff	gene	47218593	47219540	.	+	.	ID=gene-LOC101587060;Dbxref=GeneID:101587060;Name=LOC101587060;origin=liftoff;copy_num_ID=gene-LOC101587060_0;coverage=1.0;extra_copy_number=0;gbkey=Gene;gene=LOC101587060;gene_biotype=protein_coding;sequence_ID=0.995;valid_ORFs=1	LOC101587060	47218592	47219540	True
25014	1144540	chr25	Liftoff	gene	47244568	47245509	.	+	.	ID=gene-LOC101586664;Dbxref=GeneID:101586664;Name=LOC101586664;origin=liftoff;copy_num_ID=gene-LOC101586664_0;coverage=1.0;extra_copy_number=0;gbkey=Gene;gene=LOC101586664;gene_biotype=protein_coding;sequence_ID=0.997;valid_ORFs=1	LOC101586664	47244567	47245509	True
25015	1144545	chr25	Liftoff	gene	47319874	47321715	.	+	.	ID=gene-LOC101585471;Dbxref=GeneID:101585471;Name=LOC101585471;origin=liftoff;copy_num_ID=gene-LOC101585471_0;coverage=0.892;extra_copy_number=0;gbkey=Gene;gene=LOC101585471;gene_biotype=protein_coding;sequence_ID=0.882;valid_ORFs=0	LOC101585471	47319873	47321715	True
25016	1144551	chr25	Liftoff	gene	47323099	47324040	.	-	.	ID=gene-LOC105742888;Dbxref=GeneID:105742888;Name=LOC105742888;origin=liftoff;copy_num_ID=gene-LOC105742888_0;coverage=1.0;extra_copy_number=0;gbkey=Gene;gene=LOC105742888;gene_biotype=protein_coding;sequence_ID=0.986;valid_ORFs=1	LOC105742888	47323098	47324040	True
25017	1144556	chr25	Liftoff	gene	47338576	47339529	.	-	.	ID=gene-LOC101568580;Dbxref=GeneID:101568580;Name=LOC101568580;origin=liftoff;copy_num_ID=gene-LOC101568580_0;coverage=1.0;extra_copy_number=0;gbkey=Gene;gene=LOC101568580;gene_biotype=protein_coding;sequence_ID=0.996;valid_ORFs=1	LOC101568580	47338575	47339529	True
25018	1144560	chr25	AUGUSTUS	gene	47347477	47348157	.	+	.	ID=gene-Ciao2b;Name=Ciao2b;origin=de_novo	CIAO2B	47347476	47348157	True
25019	1144568	chr25	Liftoff	gene	47355709	47356650	.	-	.	ID=gene-LOC101584295;Dbxref=GeneID:101584295;Name=LOC101584295;origin=liftoff;copy_num_ID=gene-LOC101584295_0;coverage=1.0;extra_copy_number=0;gbkey=Gene;gene=LOC101584295;gene_biotype=protein_coding;sequence_ID=0.993;valid_ORFs=1	LOC101584295	47355708	47356650	True
25020	1144573	chr25	Liftoff	gene	47365244	47366185	.	-	.	ID=gene-LOC101568178;Dbxref=GeneID:101568178;Name=LOC101568178;origin=liftoff;copy_num_ID=gene-LOC101568178_0;coverage=1.0;extra_copy_number=0;gbkey=Gene;gene=LOC101568178;gene_biotype=protein_coding;sequence_ID=1.0;valid_ORFs=1	LOC101568178	47365243	47366185	True
25021	1144578	chr25	Liftoff	gene	47373738	47376543	.	+	.	ID=gene-LOC111818123;Dbxref=GeneID:111818123;Name=LOC111818123;origin=liftoff;copy_num_ID=gene-LOC111818123_0;coverage=0.996;extra_copy_number=0;gbkey=Gene;gene=LOC111818123;gene_biotype=protein_coding;partial=true;sequence_ID=0.996;start_range=.,81211;valid_ORFs=0	LOC111818123	47373737	47376543	True
25022	1144586	chr25	AUGUSTUS	gene	47387991	47391995	.	+	.	ID=gene-Tsr1-dl1;Name=Tsr1-dl1;origin=de_novo	TSR1-DL1	47387990	47391995	True
25023	1144598	chr25	Liftoff	gene	47392905	47407082	.	+	.	ID=gene-LOC111818126;Dbxref=GeneID:111818126;Name=LOC111818126;origin=liftoff;copy_num_ID=gene-LOC111818126_0;coverage=1.0;extra_copy_number=0;gbkey=Gene;gene=LOC111818126;gene_biotype=lncRNA;sequence_ID=1.0	LOC111818126	47392904	47407082	True
25024	1144603	chr25	Liftoff	gene	47404063	47405004	.	-	.	ID=gene-LOC101567376;Dbxref=GeneID:101567376;Name=LOC101567376;origin=liftoff;copy_num_ID=gene-LOC101567376_0;coverage=1.0;extra_copy_number=0;gbkey=Gene;gene=LOC101567376;gene_biotype=protein_coding;sequence_ID=0.995;valid_ORFs=1	LOC101567376	47404062	47405004	True
25025	1144607	chr25	Liftoff	gene	47410213	47413425	.	+	.	ID=gene-LOC101567781;Dbxref=GeneID:101567781;Name=LOC101567781;origin=liftoff;copy_num_ID=gene-LOC101567781_0;coverage=1.0;extra_copy_number=0;gbkey=Gene;gene=LOC101567781;gene_biotype=protein_coding;sequence_ID=0.995;valid_ORFs=2	LOC101567781	47410212	47413425	True
25026	1144616	chr25	Liftoff	gene	47429033	47430125	.	+	.	ID=gene-LOC101566979;Dbxref=GeneID:101566979;Name=LOC101566979;origin=liftoff;copy_num_ID=gene-LOC101566979_0;coverage=1.0;extra_copy_number=0;gbkey=Gene;gene=LOC101566979;gene_biotype=protein_coding;sequence_ID=1.0;valid_ORFs=0	LOC101566979	47429032	47430125	True
25027	1144624	chr25	Liftoff	gene	47443922	47444662	.	+	.	ID=gene-LOC101582732;Dbxref=GeneID:101582732;Name=LOC101582732;origin=liftoff;copy_num_ID=gene-LOC101582732_0;coverage=1.0;extra_copy_number=0;gbkey=Gene;gene=LOC101582732;gene_biotype=protein_coding;partial=true;sequence_ID=1.0;start_range=.,6;valid_ORFs=0	LOC101582732	47443921	47444662	True
25028	1144628	chr26	AUGUSTUS	gene	54612	54866	.	+	.	ID=gene-Rps27-dl4;Name=Rps27-dl4;origin=de_novo	RPS27-DL4	54611	54866	True
25085	1146560	chr26	Liftoff	gene	10658955	10678053	.	+	.	ID=gene-Gsdmc;Dbxref=GeneID:101561275;Name=Gsdmc;origin=rename;copy_num_ID=gene-LOC101561275_0;coverage=1.0;extra_copy_number=0;gbkey=Gene;gene=LOC101561275;gene_biotype=protein_coding;sequence_ID=0.999;valid_ORFs=1	GSDMC	10658954	10678053	True
25086	1146586	chr26	Liftoff	gene	10718493	10741950	.	-	.	ID=gene-Gsdmc-l1;Dbxref=GeneID:101560879;Name=Gsdmc-l1;origin=rename;copy_num_ID=gene-LOC101560879_0;coverage=1.0;extra_copy_number=0;gbkey=Gene;gene=LOC101560879;gene_biotype=protein_coding;sequence_ID=0.995;valid_ORFs=0	GSDMC-L1	10718492	10741950	True
25116	1147913	chr26	Liftoff	gene	22910125	22910199	.	-	.	ID=gene-LOC111814746;Dbxref=GeneID:111814746;Name=LOC111814746;origin=liftoff;copy_num_ID=gene-LOC111814746_0;coverage=1.0;extra_copy_number=0;gbkey=Gene;gene=LOC111814746;gene_biotype=snoRNA;sequence_ID=1.0	LOC111814746	22910124	22910199	True
25117	1147916	chr26	Liftoff	gene	23277465	23278710	.	-	.	ID=gene-LOC111814823;Dbxref=GeneID:111814823;Name=LOC111814823;origin=liftoff;copy_num_ID=gene-LOC111814823_0;coverage=1.0;extra_copy_number=0;gbkey=Gene;gene=LOC111814823;gene_biotype=lncRNA;sequence_ID=1.0	LOC111814823	23277464	23278710	True
25118	1147921	chr26	Liftoff	gene	23632727	23637408	.	+	.	ID=gene-LOC111814813;Dbxref=GeneID:111814813;Name=LOC111814813;origin=liftoff;copy_num_ID=gene-LOC111814813_0;coverage=1.0;extra_copy_number=0;gbkey=Gene;gene=LOC111814813;gene_biotype=protein_coding;sequence_ID=0.998;valid_ORFs=1	LOC111814813	23632726	23637408	True
25119	1147932	chr26	Liftoff	gene	26191185	26192297	.	+	.	ID=gene-LOC111814901;Dbxref=GeneID:111814901;Name=LOC111814901;origin=liftoff;copy_num_ID=gene-LOC111814901_0;coverage=1.0;extra_copy_number=0;gbkey=Gene;gene=LOC111814901;gene_biotype=lncRNA;sequence_ID=1.0	LOC111814901	26191184	26192297	True
25150	1149617	chr26	Liftoff	gene	35502354	35505804	.	-	.	ID=gene-Ly6e-l1;Dbxref=GeneID:101590230;Name=Ly6e-l1;origin=rename;copy_num_ID=gene-LOC101590230_0;coverage=1.0;extra_copy_number=0;gbkey=Gene;gene=LOC101590230;gene_biotype=protein_coding;sequence_ID=0.997;valid_ORFs=1	LY6E-L1	35502353	35505804	True
25151	1149629	chr26	Liftoff	gene	35502754	35531856	.	+	.	ID=gene-LOC111818838;Dbxref=GeneID:111818838;Name=LOC111818838;origin=liftoff;copy_num_ID=gene-LOC111818838_0;coverage=1.0;extra_copy_number=0;gbkey=Gene;gene=LOC111818838;gene_biotype=lncRNA;sequence_ID=0.990	LOC111818838	35502753	35531856	True
25152	1149635	chr26	Liftoff	gene	35575830	35579794	.	+	.	ID=gene-Cyp11b1;Dbxref=GeneID:101561016;Name=Cyp11b1;origin=rename;copy_num_ID=gene-LOC101561016_0;coverage=1.0;end_range=4494,.;extra_copy_number=0;gbkey=Gene;gene=LOC101561016;gene_biotype=protein_coding;partial=true;sequence_ID=1.0;start_range=.,386;valid_ORFs=0	CYP11B1	35575829	35579794	True
25153	1149649	chr26	Liftoff	gene	35608040	35616948	.	+	.	ID=gene-Cyp11b1-l1;Dbxref=GeneID:101588922;Name=Cyp11b1-l1;origin=rename;copy_num_ID=gene-LOC101588922_0;coverage=1.0;extra_copy_number=0;gbkey=Gene;gene=LOC101588922;gene_biotype=protein_coding;sequence_ID=0.995;valid_ORFs=1	CYP11B1-L1	35608039	35616948	True
25156	1149682	chr26	Liftoff	gene	35752051	35753189	.	-	.	ID=gene-Gml;Dbxref=GeneID:101587734;Name=Gml;origin=liftoff;copy_num_ID=gene-Gml_0;coverage=1.0;extra_copy_number=0;gbkey=Gene;gene=Gml;gene_biotype=protein_coding;sequence_ID=0.997;valid_ORFs=1	GML	35752050	35753189	True
25157	1149691	chr26	Liftoff	gene	35784483	35785692	.	-	.	ID=gene-Cyp11b1-l2;Dbxref=GeneID:111818826;Name=Cyp11b1-l2;origin=rename;copy_num_ID=gene-LOC111818826_0;coverage=1.0;extra_copy_number=0;gbkey=Gene;gene=LOC111818826;gene_biotype=protein_coding;sequence_ID=1.0;valid_ORFs=1	CYP11B1-L2	35784482	35785692	True
25158	1149701	chr26	Liftoff	gene	35909552	35910402	.	+	.	ID=gene-Ly6e;Dbxref=GeneID:101586954;Name=Ly6e;origin=rename;copy_num_ID=gene-LOC101586954_0;coverage=1.0;extra_copy_number=0;gbkey=Gene;gene=LOC101586954;gene_biotype=protein_coding;sequence_ID=0.992;valid_ORFs=1	LY6E	35909551	35910402	True
25373	1165326	chr27	Liftoff	gene	969403	992112	.	-	.	ID=gene-Fcf1;Dbxref=GeneID:101578032;Name=Fcf1;origin=liftoff;copy_num_ID=gene-Fcf1_0;coverage=1.0;extra_copy_number=0;gbkey=Gene;gene=Fcf1;gene_biotype=protein_coding;sequence_ID=1.0;valid_ORFs=1	FCF1	969402	992112	True
25395	1166673	chr27	Liftoff	gene	1701054	1737446	.	-	.	ID=gene-Znf410;Dbxref=GeneID:101573374;Name=Znf410;origin=liftoff;copy_num_ID=gene-Znf410_0;coverage=0.999;extra_copy_number=0;gbkey=Gene;gene=Znf410;gene_biotype=protein_coding;sequence_ID=0.997;valid_ORFs=4	ZNF410	1701053	1737446	True
25466	1169712	chr27	Liftoff	gene	8719592	8795768	.	+	.	ID=gene-Exoc5;Dbxref=GeneID:101561318;Name=Exoc5;origin=liftoff;copy_num_ID=gene-Exoc5_0;coverage=0.997;extra_copy_number=0;gbkey=Gene;gene=Exoc5;gene_biotype=protein_coding;sequence_ID=0.996;valid_ORFs=1	EXOC5	8719591	8795768	True
25474	1169863	chr27	Liftoff	gene	10393256	10510734	.	+	.	ID=gene-Lrrc9;Dbxref=GeneID:101592728;Name=Lrrc9;origin=rename;copy_num_ID=gene-LOC101592728_0;coverage=1.0;extra_copy_number=0;gbkey=Gene;gene=LOC101592728;gene_biotype=protein_coding;sequence_ID=0.998;valid_ORFs=0	LRRC9	10393255	10510734	True
25477	1169988	chr27	Liftoff	gene	10690748	10692354	.	+	.	ID=gene-Dhrs7;Dbxref=GeneID:101590386;Name=Dhrs7;origin=rename;copy_num_ID=gene-LOC101590386_0;coverage=0.994;extra_copy_number=0;gbkey=Gene;gene=LOC101590386;gene_biotype=protein_coding;sequence_ID=0.989;valid_ORFs=0	DHRS7	10690747	10692354	True
25478	1169995	chr27	Liftoff	gene	10782803	10816689	.	-	.	ID=gene-Dhrs7-l2;Dbxref=GeneID:101589996;Name=Dhrs7-l2;origin=rename;copy_num_ID=gene-LOC101589996_0;coverage=1.0;extra_copy_number=0;gbkey=Gene;gene=LOC101589996;gene_biotype=protein_coding;sequence_ID=1.0;valid_ORFs=1	DHRS7-L2	10782802	10816689	True
25481	1170049	chr27	Liftoff	gene	11176621	11227711	.	-	.	ID=gene-Cunh14orf39;Dbxref=GeneID:101588798;Name=Cunh14orf39;origin=liftoff;copy_num_ID=gene-CUNH14orf39_0;coverage=1.0;end_range=22889429,.;extra_copy_number=0;gbkey=Gene;gene=CUNH14orf39;gene_biotype=protein_coding;partial=true;sequence_ID=0.998;valid_ORFs=0	CUNH14ORF39	11176620	11227711	True
25686	1178130	chr27	Liftoff	gene	40320162	40326313	.	+	.	ID=gene-Serpina2-l1;Dbxref=GeneID:101560621;Name=Serpina2-l1;origin=rename;copy_num_ID=gene-LOC101560621_0;coverage=1.0;extra_copy_number=0;gbkey=Gene;gene=LOC101560621;gene_biotype=protein_coding;sequence_ID=0.998;valid_ORFs=1	SERPINA2-L1	40320161	40326313	True
25717	1179503	chr27	Liftoff	gene	42753227	42763201	.	+	.	ID=gene-LOC111817779;Dbxref=GeneID:111817779;Name=LOC111817779;origin=liftoff;copy_num_ID=gene-LOC111817779_0;coverage=1.0;extra_copy_number=0;gbkey=Gene;gene=LOC111817779;gene_biotype=lncRNA;sequence_ID=1.0	LOC111817779	42753226	42763201	True
25779	1181294	chr27	Liftoff	gene	49337356	49337426	.	+	.	ID=gene-LOC111814781;Dbxref=GeneID:111814781;Name=LOC111814781;origin=liftoff;copy_num_ID=gene-LOC111814781_0;coverage=1.0;extra_copy_number=0;gbkey=Gene;gene=LOC111814781;gene_biotype=snoRNA;sequence_ID=1.0	LOC111814781	49337355	49337426	True
25864	1185823	chr28	Liftoff	gene	2291049	2336247	.	-	.	ID=gene-LOC101565950;Dbxref=GeneID:101565950;Name=LOC101565950;origin=liftoff;copy_num_ID=gene-LOC101565950_0;coverage=1.0;extra_copy_number=0;gbkey=Gene;gene=LOC101565950;gene_biotype=protein_coding;sequence_ID=0.997;valid_ORFs=2	LOC101565950	2291048	2336247	True
25865	1185860	chr28	Liftoff	gene	2365876	2482410	.	+	.	ID=gene-Cyp2c25;Dbxref=GeneID:105741320;Name=Cyp2c25;origin=rename;copy_num_ID=gene-LOC105741320_0;coverage=0.744;extra_copy_number=0;gbkey=Gene;gene=LOC105741320;gene_biotype=protein_coding;sequence_ID=0.744;valid_ORFs=1	CYP2C25	2365875	2482410	True
25953	1189336	chr28	Liftoff	gene	8316262	8316775	.	+	.	ID=gene-LOC105741360;Dbxref=GeneID:105741360;Name=LOC105741360;origin=liftoff;copy_num_ID=gene-LOC105741360_0;coverage=1.0;extra_copy_number=0;gbkey=Gene;gene=LOC105741360;gene_biotype=protein_coding;sequence_ID=1.0;valid_ORFs=0	LOC105741360	8316261	8316775	True
25954	1189342	chr28	Liftoff	gene	8402551	8428186	.	-	.	ID=gene-Scart1;Dbxref=GeneID:105740887;Name=Scart1;origin=rename;copy_num_ID=gene-LOC105740887_0;coverage=1.0;extra_copy_number=0;gbkey=Gene;gene=LOC105740887;gene_biotype=protein_coding;sequence_ID=0.991;valid_ORFs=1	SCART1	8402550	8428186	True
26073	1195037	chr28	Liftoff	gene	24004072	24050160	.	-	.	ID=gene-Sec23ip;Dbxref=GeneID:101563579;Name=Sec23ip;origin=liftoff;copy_num_ID=gene-Sec23ip_0;coverage=1.0;extra_copy_number=0;gbkey=Gene;gene=Sec23ip;gene_biotype=protein_coding;sequence_ID=0.998;valid_ORFs=1	SEC23IP	24004071	24050160	True
26085	1195796	chr28	Liftoff	gene	24889461	24941971	.	+	.	ID=gene-Eif3a;Dbxref=GeneID:101570873;Name=Eif3a;origin=liftoff;copy_num_ID=gene-Eif3a_0;coverage=1.0;extra_copy_number=0;gbkey=Gene;gene=Eif3a;gene_biotype=protein_coding;sequence_ID=0.999;valid_ORFs=2	EIF3A	24889460	24941971	True
26086	1195893	chr28	Liftoff	gene	24918502	24918634	.	+	.	ID=gene-LOC111815064;Dbxref=GeneID:111815064;Name=LOC111815064;origin=liftoff;copy_num_ID=gene-LOC111815064_0;coverage=1.0;extra_copy_number=0;gbkey=Gene;gene=LOC111815064;gene_biotype=snoRNA;sequence_ID=1.0	LOC111815064	24918501	24918634	True
26254	1205286	chr28	AUGUSTUS	gene	44612369	44612623	.	-	.	ID=gene-Rps27-dl5;Name=Rps27-dl5;origin=de_novo	RPS27-DL5	44612368	44612623	True
