	Chromosome	Start	End	Length	gene_count	repeat_count	unknown_repeat_count	LINE_repeat_count	LTR_repeat_count	SINE_repeat_count	DNA_transposon_repeat_count	Cumulative_Length	Cumulative_Length_Pct
16980	chr25	47474050	60230240	12756190	0	70409	35619	7885	14953	11375	0	12756190	2.4419991438734283
28780	chrY	2521631	15064236	12542605	6	30536	13671	4365	3385	6728	59	25298795	4.843110343372854
28813	chrY	27636069	39812674	12176605	12	29129	13216	4121	3111	6419	62	37475400	7.174155818964305
3605	chr12	3	11686911	11686908	1	12030	9917	364	527	852	2	49162308	9.41145546176733
20774	chr4	138175246	148686784	10511538	10	22714	9329	3862	2337	5257	114	59673846	11.423746498259653
20755	chr4	114773420	123317242	8543822	9	20279	8721	3192	2126	4677	95	68217668	13.059345059382292
19716	chr4	1729487	9353411	7623924	5	14865	5863	2389	1564	3531	75	75841592	14.518841655227607
28819	chrY	48796916	56265001	7468085	0	17551	7613	2582	1942	3891	61	83309677	15.948504993291246
2700	chr11	0	6855930	6855930	0	15020	10556	257	173	3480	0	90165607	17.26097957939071
12346	chr2	83195513	89926955	6731442	1	11932	7315	1162	854	2021	5	96897049	18.54962263041407
20741	chr4	105719001	112387419	6668418	7	16240	7241	2346	1636	3776	30	103565467	19.826200593504158
8107	chr16	58520693	64760670	6239977	0	14248	6184	21	6202	53	0	109805444	21.020759352176604
28821	chrY	56727662	62711898	5984236	1	14425	6658	2043	1503	3164	19	115789680	22.16635997342296
21848	chr5	137226790	142907102	5680312	0	17019	13082	1513	712	1470	0	121469992	23.253778476983502
12347	chr2	89928858	95539228	5610370	6	14120	6620	1931	1406	3186	26	127080362	24.327807535567075
28816	chrY	43008627	48075692	5067065	1	11846	5299	1661	1325	2561	30	132147427	25.297828238610148
18480	chr3	14153306	19145499	4992193	4	12745	6180	1666	1201	2778	6	137139620	26.253515715203935
3604	chr11	119319394	124007601	4688207	0	3487	2310	93	139	792	0	141827827	27.151009205054855
20761	chr4	123695900	128217771	4521871	4	1540	566	266	242	325	7	146349698	28.016659929190048
17136	chr26	22111395	26355856	4244461	4	10252	4591	1514	1080	2259	28	150594159	28.82920428045827
28789	chrY	20523559	24682941	4159382	2	9868	4425	1440	1060	2178	29	154753541	29.62546141390035
25544	chr8	126042369	130180031	4137662	1	6167	1780	19	3205	445	0	158891203	30.41756054864494
12353	chr2	97453623	101587197	4133574	2	10684	5180	1335	1020	2396	5	163024777	31.20887709136949
20771	chr4	134319196	138126923	3807727	5	8665	3215	1641	987	1983	41	166832504	31.9378146561207
16532	chr24	50963269	54659338	3696069	0	38	18	0	9	4	0	170528573	32.64537681486066
28944	chrY	79846224	83211903	3365679	0	5510	1953	1141	945	767	4	173894252	33.28969030004337
12358	chr2	109527111	112846605	3319494	0	4921	3400	362	278	668	3	177213746	33.92516229490178
19717	chr4	9353773	12636541	3282768	3	6126	2381	940	580	1556	39	180496514	34.55360359638249
28783	chrY	16048284	19166581	3118297	2	7194	3108	1092	750	1607	31	183614811	35.15055916104114
28814	chrY	39812908	42630353	2817445	1	6899	3321	918	717	1474	4	186432256	35.689920700647434
12356	chr2	103002896	105818031	2815135	1	7502	3669	909	701	1714	5	189247391	36.22884002216022
14902	chr22	44203871	47002037	2798166	0	11231	5495	67	4045	1001	0	192045557	36.76451085933149
14356	chr21	64765498	67530686	2765188	12	6142	1544	1113	771	2152	195	194810745	37.29386850676767
15366	chr22	82391714	85069359	2677645	0	11298	5761	131	3698	885	0	197488390	37.80646723707798
28839	chrY	65782399	68176312	2393913	0	2488	829	416	287	612	20	199882303	38.26474933357446
28921	chrY	72911830	75247645	2335815	0	4116	887	1167	1093	544	0	202218118	38.71190935786437
12361	chr2	114270200	116601388	2331188	0	6305	3099	772	600	1416	5	204549306	39.15818360591242
28778	chrY	58	2148565	2148507	0	4805	2029	771	648	959	13	206697813	39.5694860602194
1577	chr1	176646322	178636043	1989721	0	439	112	135	77	89	0	208687534	39.95039109366174
25545	chr9	2106785	4062051	1955266	0	2082	1862	43	44	108	1	210642800	40.32470018580013
17141	chr26	27227001	29159871	1932870	0	4964	1556	813	604	1296	51	212575670	40.694721868231845
8848	chr17	42886541	44797985	1911444	0	59	13	10	8	25	0	214487114	41.060641834268885
2698	chr10	124340107	126121671	1781564	0	4342	1387	622	744	1239	14	216268678	41.401698040138804
19715	chr4	3	1728738	1728735	0	3222	1261	520	346	744	20	217997413	41.73264085221545
12362	chr2	116602132	118291393	1689261	0	4355	2187	538	376	967	2	219686674	42.05602690367586
12343	chr2	79162298	80696179	1533881	0	1379	1369	0	0	0	0	221220555	42.34966756666408
12342	chr2	77612894	79134628	1521734	1	4102	1805	623	385	944	7	222742289	42.64098285165146
12365	chr2	118687504	120099364	1411860	0	3393	1745	420	285	741	2	224154149	42.91126425317253
3187	chr11	69690826	71080452	1389626	1	5632	4152	167	22	1248	0	225543775	43.1772892576844
12359	chr2	112847591	114231823	1384232	0	3767	1879	452	364	828	1	226928007	43.442281654232445
12354	chr2	101587315	102962826	1375511	0	3621	1804	451	328	799	2	228303518	43.70560453390016
11037	chr19	62672110	64042965	1370855	0	4330	1915	0	1070	848	0	229674373	43.968036085670285
11354	chr2	3829642	5170943	1341301	3	3702	1622	492	454	807	7	231015674	44.22480992595305
27603	chrX	90277103	91582334	1305231	3	2098	586	686	305	349	4	232320905	44.4746786551392
28938	chrY	77414618	78711955	1297337	0	3081	1399	471	373	602	0	233618242	44.72303618535122
2160	chr10	79454003	80736357	1282354	0	7460	1752	13	4298	318	0	234900596	44.96852542392031
13350	chr20	56298609	57568165	1269556	1	2205	450	452	410	658	0	236170152	45.211564659389474
14431	chr21	81029754	82293763	1264009	1	2622	734	486	327	818	15	237434161	45.45354199712499
10249	chr18	98273174	99500559	1227385	0	2368	628	471	243	762	19	238661546	45.688508167996
11306	chr19	97695060	98822758	1127698	0	1446	0	0	0	802	0	239789244	45.90439061804948
18476	chr3	9255231	10354203	1098972	0	149	31	18	46	30	0	240888216	46.11477386595821
10139	chr18	90161848	91227316	1065468	0	2767	717	498	329	952	20	241953684	46.3187432285833
20752	chr4	113187243	114240725	1053482	4	2331	671	609	270	510	9	243007166	46.520418034468605
27993	chrX	119380105	120362171	982066	0	1028	571	62	146	56	0	243989232	46.708421218117266
28781	chrY	15068126	16025841	957715	1	2259	1012	302	243	493	7	244946947	46.891762733889195
16596	chr25	4	953247	953243	0	6646	2569	599	2168	1227	0	245900190	47.074248146061905
14463	chr21	89071237	89992614	921377	0	1950	543	330	215	631	11	246821567	47.25063324578092
20655	chr4	98891915	99792688	900773	3	1473	552	276	184	318	3	247722340	47.42307398982943
12305	chr2	73429872	74289088	859216	3	2552	1110	289	271	650	8	248581556	47.587559211231934
7413	chr15	105902361	106739008	836647	1	2490	719	456	396	722	0	249418203	47.74772390442985
10255	chr18	100047640	100880404	832764	0	1769	488	353	181	582	13	250250967	47.907145250070556
12352	chr2	96622127	97453511	831384	0	2243	1071	298	235	493	2	251082351	48.066302413473586
20775	chr5	3681350	4490973	809623	0	657	643	5	6	2	0	251891974	48.22129372928656
23859	chr7	65657229	66440667	783438	1	11	7	0	2	0	0	252675412	48.37127228285764
11416	chr2	11044580	11824938	780358	2	2277	979	283	236	569	7	253455770	48.520661212304034
28885	chrY	70414508	71158449	743941	0	1195	286	344	257	170	1	254199711	48.66307860222158
28948	chrY	83973912	84716035	742123	0	1114	487	137	107	145	1	254941834	48.80514796075644
14432	chr21	82306969	83048258	741289	0	1577	435	268	184	507	11	255683123	48.94705766133026
12345	chr2	82460862	83194547	733685	0	2016	969	248	213	445	3	256416808	49.08751167948716
20543	chr4	88339532	89067677	728145	3	1467	502	311	192	315	31	257144953	49.22690513996522
16595	chr24	63141313	63858621	717308	0	377	78	68	108	93	0	257862261	49.36422400413184
14425	chr21	78830842	79530899	700057	0	1432	406	259	147	448	11	258562318	49.49824039889098
28940	chrY	79037121	79735555	698434	0	1157	270	329	280	150	0	259260752	49.631946092366235
14465	chr21	90294828	90976185	681357	0	1479	410	263	174	463	11	259942109	49.76238262636833
12297	chr2	72224040	72894453	670413	1	1895	884	234	179	443	5	260612522	49.89072408036373
23753	chr7	51415280	52085238	669958	1	1496	464	262	285	387	11	261282480	50.01897843079526
19227	chr3	107428964	108092745	663781	9	948	235	287	98	221	1	261946261	50.14605027855854
11399	chr2	8860631	9524105	663474	0	1927	815	255	191	481	10	262609735	50.27306335534575
12351	chr2	95939754	96599211	659457	0	1698	850	221	144	367	0	263269192	50.399307432097615
23752	chr7	50768558	51415251	646693	0	1260	354	179	266	359	15	263915885	50.52310801458728
20246	chr4	58873180	59518571	645391	13	1485	430	330	194	322	19	264561276	50.6466593468788
14438	chr21	84232202	84862135	629933	0	1260	353	198	147	394	7	265191209	50.76725145523542
11408	chr2	9976974	10587759	610785	0	1693	784	227	139	390	4	265801994	50.88417793932594
14414	chr21	76964746	77574453	609707	1	1446	399	219	181	486	25	266411701	51.00089805497282
19362	chr3	114925764	115525650	599886	4	1093	232	257	126	344	5	267011587	51.11573807369485
10432	chr19	6801477	7394456	592979	0	2002	543	318	195	781	2	267604566	51.229255841173604
4446	chr12	120753788	121343094	589306	2	1247	351	274	163	289	1	268193872	51.34207046274004
14461	chr21	88269987	88858566	588579	0	754	214	154	66	226	4	268782451	51.454745910040664
22169	chr6	31439031	32004928	565897	7	702	190	269	74	104	4	269348348	51.56307919682306
25279	chr8	95764280	96316585	552305	2	3260	1362	455	322	968	0	269900653	51.66881048000064
10854	chr19	46328408	46876712	548304	0	503	2	0	0	291	0	270448957	51.77377582612532
13754	chr21	0	546228	546228	8	1386	388	236	178	436	12	270995185	51.87834375027507
10103	chr18	86258642	86803975	545333	0	1296	378	221	164	422	12	271540518	51.98274033884312
9664	chr18	35841329	36386625	545296	0	1061	294	221	105	343	8	272085814	52.087129844264226
4447	chr12	121356509	121901577	545068	3	1208	338	259	174	262	1	272630882	52.19147570218519
24940	chr8	57800689	58340499	539810	5	1405	415	255	251	352	6	273170692	52.29481498749329
9332	chr18	2155123	2693076	537953	0	1242	347	199	224	370	10	273708645	52.39779877539894
2699	chr10	126131783	126665551	533768	0	1191	383	188	146	386	5	274242413	52.49998140195334
10138	chr18	89609910	90132936	523026	0	1323	372	236	170	428	14	274765439	52.60010761865469
14452	chr21	86738531	87253444	514913	0	743	202	150	77	228	4	275280352	52.69868071180941
14410	chr21	76133541	76646217	512676	0	761	224	173	88	201	4	275793028	52.79682556172811
9742	chr18	42071871	42575271	503400	0	1177	323	188	209	354	10	276296428	52.89319464756219
28796	chrY	25187673	25689057	501384	0	1003	381	178	121	211	6	276797812	52.98917779760557
28917	chrY	72249625	72738461	488836	0	1048	222	250	207	253	4	277286648	53.082758803650044
23467	chr7	26929533	27417240	487707	9	905	280	122	150	225	13	277774355	53.17612367799427
27172	chrX	50532547	51019625	487078	3	781	237	154	126	214	2	278261433	53.26936813884031
947	chr1	106197805	106670740	472935	6	1146	288	281	111	319	3	278734368	53.359905114622876
28787	chrY	19675356	20145310	469954	1	1132	349	196	157	264	16	279204322	53.449871418484754
6833	chr15	46519467	46989397	469930	0	1383	406	253	217	403	0	279674252	53.53983312787294
25957	chr9	57617882	58087526	469644	0	275	61	37	93	58	0	280143896	53.62974008644954
20753	chr4	114240733	114705099	464366	0	1159	306	289	133	276	0	280608262	53.7186366436852
19713	chr3	150462084	150924432	462348	0	13	6	2	0	1	0	281070610	53.80714688225734
28670	chrX	189956537	190415975	459438	5	1561	494	217	156	485	12	281530048	53.895100040893496
28820	chrY	56275321	56727659	452338	0	893	363	140	101	195	4	281982386	53.9816940010604
28803	chrY	26376158	26827833	451675	0	855	332	151	109	184	1	282434061	54.06816103889137
12277	chr2	70619745	71069957	450212	1	1123	383	268	89	249	2	282884273	54.15434800526311
953	chr1	106770632	107215598	444966	1	1175	349	192	156	313	6	283329239	54.23953069625883
12116	chr2	55888493	56329223	440730	0	67	7	2	7	20	0	283769969	54.323902462646714
10185	chr18	94666669	95101067	434398	0	978	295	187	111	305	6	284204367	54.4070620537237
11689	chr2	31987661	32418983	431322	2	836	208	291	92	179	1	284635689	54.4896327864216
17138	chr26	26533529	26959987	426458	0	859	335	159	97	178	2	285062147	54.571272372449876
20237	chr4	58141026	58567324	426298	3	1008	311	220	106	234	16	285488445	54.65288132865349
14430	chr21	80580186	81006291	426105	0	795	223	128	103	262	7	285914550	54.73445333763111
14428	chr21	79908806	80334099	425293	0	876	246	156	113	250	4	286339843	54.81586990024858
12274	chr2	69609015	70033457	424442	1	1206	600	151	103	263	1	286764285	54.897123550486135
11875	chr2	40452236	40867129	414893	5	705	228	194	62	137	0	287179178	54.97654917450077
20770	chr4	133867805	134280370	412565	1	1036	294	238	122	249	0	287591743	55.0555291345666
309	chr1	34373732	34785829	412097	1	1078	495	71	15	272	0	288003840	55.134419502395296
28934	chrY	76589142	76999844	410702	0	717	136	225	189	80	0	288414542	55.21304281644025
28915	chrY	71805476	72210947	405471	0	935	221	192	144	260	4	288820013	55.29066472665525
14453	chr21	87276898	87681301	404403	0	953	228	179	146	304	10	289224416	55.36808218279066
14218	chr21	51757337	52158989	401652	7	762	206	206	89	173	1	289626068	55.444972997378315
14370	chr21	70610017	71006667	396650	1	944	229	167	144	317	29	290022718	55.520906247072574
11355	chr2	5171216	5563517	392301	1	1117	557	135	95	252	1	290415019	55.596006939845324
23622	chr7	37582139	37973901	391762	4	1241	305	235	256	309	4	290806781	55.67100444839623
14416	chr21	77715703	78107344	391641	0	878	216	172	122	273	11	291198422	55.74597879314226
12276	chr2	70063574	70454864	391290	0	1060	354	209	138	249	9	291589712	55.82088594371043
28838	chrY	65387944	65778357	390413	0	601	270	82	89	89	1	291980125	55.89562520455219
14358	chr21	67946369	68334217	387848	0	798	198	150	121	261	30	292367973	55.96987343101738
1134	chr1	123601090	123985562	384472	0	952	535	361	45	5	0	292752445	56.04347536818226
14359	chr21	68352972	68735407	382435	0	828	210	161	117	270	28	293134880	56.11668734939196
14357	chr21	67549616	67927322	377706	0	834	204	156	131	271	31	293512586	56.18899402784656
11398	chr2	8479991	8856897	376906	0	1052	483	146	80	255	2	293889492	56.26114755717787
26536	chr9	125243786	125620632	376846	1	635	191	106	69	172	8	294266338	56.33328960032493
14371	chr21	71015284	71388783	373499	1	824	204	172	97	279	30	294639837	56.404790905827404
6846	chr15	47664239	48034999	370760	0	1082	293	177	199	323	0	295010597	56.47576786701899
14360	chr21	68754336	69124495	370159	0	810	197	153	132	256	31	295380756	56.5466297749317
28815	chrY	42641939	43008223	366284	0	627	168	89	75	196	8	295747040	56.61674986677845
28779	chrY	2148993	2514865	365872	0	622	169	87	70	191	9	296112912	56.686791086826695
14372	chr21	71414099	71778382	364283	0	781	213	149	104	245	28	296477195	56.7565281144288
28788	chrY	20153592	20516788	363196	0	615	171	93	76	170	10	296840391	56.826057050659614
28818	chrY	48436335	48796512	360177	0	626	175	88	86	170	10	297200568	56.89500804038641
2672	chr10	122719752	123078044	358292	1	718	327	111	70	150	4	297558860	56.96359817249142
14457	chr21	87748837	88106816	357979	0	837	262	147	100	239	4	297916839	57.03212838500195
15480	chr23	18159874	18517089	357215	1	1016	263	152	187	311	15	298274054	57.100512340099726
14383	chr21	73950296	74307063	356767	0	790	197	151	109	260	26	298630821	57.168810531688464
12363	chr2	118291513	118647635	356122	0	987	437	126	111	234	2	298986943	57.236985246796536
14375	chr21	71980112	72327711	347599	2	836	208	149	133	266	26	299334542	57.3035283494323
28817	chrY	48082400	48429622	347222	0	763	287	117	93	201	2	299681764	57.3699992805437
12304	chr2	73005861	73350379	344518	1	847	234	230	71	197	1	300026282	57.43595256761837
28785	chrY	19232589	19576306	343717	0	941	305	157	93	253	2	300369999	57.501752514133344
26774	chrX	12050671	12390612	339941	2	568	158	196	61	136	0	300709940	57.56682959678635
9684	chr18	37392124	37729796	337672	1	859	250	151	99	290	7	301047612	57.63147231023841
14379	chr21	72970781	73307727	336946	0	810	198	142	129	262	24	301384558	57.695976040861076
20597	chr4	92631458	92966402	334944	0	668	218	151	79	149	3	301719502	57.760096515802694
14436	chr21	83795177	84129648	334471	0	829	245	147	101	244	4	302053973	57.82412644132516
19593	chr3	137381321	137714759	333438	3	845	202	165	100	242	11	302387411	57.88795861304218
14435	chr21	83439946	83770858	330912	0	709	192	123	93	226	7	302718323	57.95130721640239
28713	chrX	195308360	195638877	330517	0	1204	309	207	131	347	19	303048840	58.01458020238297
11371	chr2	6501277	6830727	329450	2	851	400	112	98	186	1	303378290	58.07764892572035
11375	chr2	7133196	7461914	328718	0	892	455	113	79	186	0	303707008	58.14057751760991
11331	chr2	1946097	2274508	328411	0	913	454	117	79	200	0	304035419	58.20344733852342
6315	chr14	106103724	106431629	327905	0	735	283	154	106	142	0	304363324	58.266220292616445
11337	chr2	2786705	3113490	326785	0	901	462	116	75	184	0	304690109	58.328778837936845
6292	chr14	104738144	105064761	326617	0	328	102	82	38	63	0	305016726	58.39130522194136
2248	chr10	86607447	86931781	324334	0	644	237	102	74	178	3	305341060	58.45339455663526
14441	chr21	85140613	85464634	324021	0	689	189	116	83	232	7	305665081	58.51542397173467
14449	chr21	86374457	86697568	323111	0	675	185	116	81	224	7	305988192	58.577279179706345
14426	chr21	79531051	79851160	320109	0	783	225	141	92	236	4	306308301	58.63855969559284
17878	chr27	49021521	49337707	316186	1	331	328	0	2	1	0	306624487	58.69908920646597
14361	chr21	69143547	69456464	312917	1	733	205	135	98	228	28	306937404	58.75899291173404
11311	chr2	551372	863793	312421	0	892	453	114	73	192	0	307249825	58.81880166454566
6913	chr15	54201948	54513959	312011	2	778	186	141	112	214	6	307561836	58.878531928431585
19285	chr3	111190545	111501918	311373	0	722	177	134	111	203	5	307873209	58.938140055891694
14376	chr21	72354485	72664907	310422	2	712	176	136	97	235	28	308183631	58.99756612733148
17149	chr26	30494072	30803928	309856	0	698	216	116	67	187	6	308493487	59.05688384576654
9311	chr18	322	309565	309243	0	681	215	113	91	209	5	308802730	59.11608421368586
20763	chr4	133261726	133570676	308950	1	481	186	91	64	90	6	309111680	59.17522849073878
14380	chr21	73334514	73642725	308211	0	696	176	133	90	232	28	309419891	59.23423129628907
20735	chr4	105256375	105564094	307719	1	756	181	185	100	180	0	309727610	59.29313991512851
12269	chr2	69214141	69521190	307049	0	709	180	204	60	165	0	310034659	59.3519202715772
12341	chr2	77197541	77503541	306000	0	724	198	201	66	162	0	310340659	59.41049981123796
6826	chr15	45922949	46227622	304673	0	907	263	169	151	262	0	310645332	59.468825314790465
20847	chr5	10822616	11125569	302953	5	890	198	138	265	206	6	310948285	59.52682154772787
4437	chr12	120186174	120488550	302376	1	647	162	179	80	148	0	311250661	59.58470732186011
12349	chr2	95576967	95876385	299418	0	832	417	96	80	186	1	311550079	59.64202682710895
14223	chr21	52488233	52786973	298740	5	581	146	150	75	125	2	311848819	59.69921653847581
20519	chr4	87384340	87680753	296413	1	1006	265	166	159	353	7	312145232	59.75596077733027
14362	chr21	69475289	69770007	294718	1	692	169	130	112	218	23	312439950	59.81238053147976
2593	chr10	118602089	118895519	293430	0	541	236	79	57	117	4	312733380	59.86855371554073
28939	chrY	78732576	79025964	293388	0	452	108	129	91	67	0	313026768	59.924718859272744
2565	chr10	116844713	117137388	292675	0	551	236	89	54	119	4	313319443	59.980747508848594
19279	chr3	110630222	110921786	291564	0	583	137	133	61	180	1	313611007	60.03656347257949
19798	chr4	16510581	16801703	291122	3	722	198	173	101	161	5	313902129	60.092294821419756
13710	chr20	87420958	87710124	289166	0	669	179	140	97	196	0	314191295	60.14765172065356
2584	chr10	117990413	118277382	286969	0	504	218	83	45	118	4	314478264	60.20258803410752
7855	chr16	41770761	42057000	286239	4	624	147	123	109	167	13	314764503	60.25738459898646
9334	chr18	2960638	3246465	285827	0	487	124	122	37	146	1	315050330	60.31210229206692
19215	chr3	106647451	106932142	284691	4	510	125	161	52	118	2	315335021	60.36660251339229
16422	chr24	41085140	41368746	283606	5	1066	315	175	197	276	0	315618627	60.42089502621919
10250	chr18	99503631	99786148	282517	0	665	180	102	115	218	5	315901144	60.47497906480201
14369	chr21	70320318	70601248	280930	0	629	140	110	96	219	21	316182074	60.528759293811476
19756	chr4	14443883	14724031	280148	3	440	115	143	48	92	0	316462222	60.58238981955293
11415	chr2	10687994	10968032	280038	0	702	190	188	68	171	0	316742260	60.63599928728992
11307	chr2	475	278570	278095	0	741	212	158	108	169	9	317020355	60.689236794093716
14444	chr21	85505643	85783573	277930	0	545	149	91	66	180	4	317298285	60.74244271389083
1013	chr1	109924659	110200946	276287	3	647	168	113	109	173	5	317574572	60.79533410367598
14445	chr21	85817588	86092916	275328	0	596	142	110	85	189	7	317849900	60.84804190594957
25546	chr9	8924179	9199317	275138	0	453	192	93	64	70	0	318125038	60.90071333530638
12357	chr2	105850138	106124990	274852	0	441	186	89	63	66	0	318399890	60.95333001385161
28828	chrY	64174606	64448950	274344	0	316	126	50	38	28	0	318674234	61.00584944270355
6918	chr15	55980314	56250572	270258	0	74	31	7	15	15	0	318944492	61.057586662408255
23409	chr7	21516614	21784886	268272	0	476	132	106	81	97	0	319212764	61.108943689414374
11316	chr2	936492	1204759	268267	0	750	314	102	66	196	5	319481031	61.16029975923848
20606	chr4	93545306	93812392	267086	0	437	158	115	30	104	0	319748117	61.21142974266931
2225	chr10	85121002	85386077	265075	0	512	218	74	56	113	3	320013192	61.26217474749146
26142	chr9	76678831	76940047	261216	3	656	173	111	108	175	12	320274408	61.3121809992301
28811	chrY	27280177	27536313	256136	1	616	214	103	66	165	3	320530544	61.36121475403583
11970	chr2	44578184	44833531	255347	3	494	117	119	65	137	0	320785891	61.410097465518696
13706	chr20	86947070	87201965	254895	2	617	170	133	97	171	0	321040786	61.458893647746905
14464	chr21	90005815	90257953	252138	0	644	164	95	92	227	7	321292924	61.50716203980895
22782	chr6	98342220	98593206	250986	4	502	133	86	128	92	5	321543910	61.555209897133444
9333	chr18	2693176	2944029	250853	0	665	193	106	80	236	5	321794763	61.6032322934162
24968	chr8	59206301	59456640	250339	6	974	246	166	182	269	0	322045102	61.65115629138723
14221	chr21	52229569	52479809	250240	3	510	144	100	62	126	0	322295342	61.69906133715426
26043	chr9	66322404	66570619	248215	3	611	195	102	62	165	13	322543557	61.74657872420295
10175	chr18	93251960	93499944	247984	0	607	172	110	71	202	5	322791541	61.79405188944228
12296	chr2	71897177	72144290	247113	0	590	149	168	57	137	0	323038654	61.841358313573615
1278	chr1	142915212	143159917	244705	3	454	134	117	50	82	4	323283359	61.888203758843844
22768	chr6	97306267	97550654	244387	3	455	111	98	42	143	1	323527746	61.93498832733755
18900	chr3	76900657	77144266	243609	0	505	127	133	68	115	5	323771355	61.98162395830886
10170	chr18	92882247	93124856	242609	0	750	161	112	107	277	6	324013964	62.028068152876045
10176	chr18	93505240	93747753	242513	0	745	151	108	104	286	6	324256477	62.07449396954844
19714	chr3	151205447	151446951	241504	0	14	6	5	1	1	0	324497981	62.120726626889066
28662	chrX	188978370	189219512	241142	2	535	139	122	61	160	7	324739123	62.166889984251405
16979	chr25	47214489	47453266	238777	15	633	169	125	84	156	2	324977900	62.21260059451801
5176	chr13	91453426	91692064	238638	5	451	106	94	75	119	0	325216538	62.25828459512442
14399	chr21	75433492	75670523	237031	0	541	146	116	76	153	4	325453569	62.30366095742943
10181	chr18	94139224	94375224	236000	0	706	193	116	88	257	5	325689569	62.348839948801796
2231	chr10	85565349	85800587	235238	0	495	214	75	50	112	3	325924807	62.39387306563421
16601	chr25	4263994	4497750	233756	3	554	159	112	61	135	3	326158563	62.43862247371571
19347	chr3	114144913	114377873	232960	3	490	107	124	50	145	8	326391523	62.48321949841954
12937	chr20	22089393	22321881	232488	2	450	120	122	62	106	0	326624011	62.52772616514063
9341	chr18	3634379	3865993	231614	3	832	160	114	230	166	1	326855625	62.57206551644452
20595	chr4	92382615	92614146	231531	0	377	129	92	23	105	0	327087156	62.61638897852686
10121	chr18	88520494	88750871	230377	0	596	180	101	70	200	5	327317533	62.66049152299885
14411	chr21	76691941	76922231	230290	0	607	180	125	82	173	3	327547823	62.70457741250367
9551	chr18	24378848	24608472	229624	0	642	150	97	80	227	7	327777447	62.74853580536336
28797	chrY	25740846	25970218	229372	0	794	195	134	118	227	11	328006819	62.79244595624921
20850	chr5	11324166	11552735	228569	3	632	146	95	150	151	6	328235388	62.83620238370254
14363	chr21	69780706	70007284	226578	2	559	116	91	106	191	15	328461966	62.879577661275285
10056	chr18	82755975	82982449	226474	2	815	212	108	196	199	0	328688440	62.922933029461994
28923	chrY	75344834	75571056	226222	0	400	68	126	103	56	0	328914662	62.96624015567486
26376	chr9	101325344	101551484	226140	2	558	131	96	77	156	7	329140802	63.00953158410258
10178	chr18	93818697	94043223	224526	0	599	178	103	69	210	5	329365328	63.05251403417407
9737	chr18	41540395	41762888	222493	0	600	185	98	77	196	5	329587821	63.09510729403598
27000	chrX	29676423	29897778	221355	0	554	164	94	117	137	0	329809176	63.13748269926999
9542	chr18	23549704	23769378	219674	0	592	176	101	72	201	5	330028850	63.179536299908676
15108	chr22	58894050	59113342	219292	1	304	67	90	41	78	7	330248142	63.221516771841
1011	chr1	109653817	109871726	217909	3	483	125	119	51	128	2	330466051	63.26323248722642
23743	chr7	50012585	50230455	217870	1	437	115	54	91	136	5	330683921	63.30494073659207
19542	chr3	128878712	129096258	217546	1	329	87	85	45	64	0	330901467	63.3465869605628
27527	chrX	79975828	80192906	217078	0	527	163	134	71	101	4	331118545	63.38814359229639
11407	chr2	9683241	9900047	216806	0	482	131	126	46	119	0	331335351	63.42964815332807
10222	chr18	96893950	97110052	216102	0	591	183	94	75	199	5	331551453	63.47101794313124
20599	chr4	92980517	93196618	216101	0	356	120	86	25	92	0	331767554	63.51238754149801
9522	chr18	22169369	22385437	216068	0	582	173	96	74	201	5	331983622	63.55375082246344
9327	chr18	1629467	1845156	215689	0	588	178	96	75	200	5	332199311	63.595041549031706
832	chr1	92557525	92771254	213729	2	427	140	99	57	87	4	332413040	63.635957060247904
28876	chrY	69895230	70108518	213288	0	332	68	120	48	52	0	332626328	63.67678814800988
16459	chr24	43229916	43442801	212885	3	333	96	119	31	54	0	332839213	63.717542086901005
23740	chr7	49697314	49910170	212856	1	393	97	46	99	124	4	333052069	63.7582904741364
6148	chr14	87946639	88159305	212666	1	324	107	85	24	71	0	333264735	63.79900248845502
17128	chr26	19924090	20135152	211062	0	500	144	113	68	115	2	333475797	63.83940743878143
11624	chr2	26806780	27017332	210552	3	756	181	128	110	265	0	333686349	63.87971475654173
19294	chr3	111817562	112026066	208504	0	435	83	92	64	146	4	333894853	63.9196300125464
14391	chr21	74845447	75052261	206814	1	558	160	82	81	190	3	334101667	63.9592217410281
26694	chrX	6445832	6652607	206775	0	363	101	82	58	97	0	334308442	63.99880600349005
4484	chr12	123266321	123472412	206091	0	125	122	0	0	0	0	334514533	64.03825932345157
2619	chr10	120114546	120320433	205887	0	342	148	53	32	77	4	334720420	64.07767359038667
8058	chr16	52693021	52898110	205089	4	423	148	100	46	93	8	334925509	64.11693509107126
11342	chr2	3169936	3373806	203870	1	523	249	58	49	128	1	335129379	64.15596323077924
27179	chrX	51320589	51522927	202338	1	282	98	61	26	75	2	335331717	64.19469808991609
4436	chr12	119954293	120156567	202274	3	473	132	112	54	114	0	335533991	64.2334206971231
11359	chr2	5617500	5819359	201859	0	550	248	64	62	130	1	335735850	64.27206385822238
20601	chr4	93225252	93426049	200797	0	392	134	82	39	102	0	335936647	64.3105037138605
12009	chr2	46196769	46397324	200555	0	337	154	34	72	51	0	336137202	64.3488972418888
20609	chr4	93946828	94146836	200008	1	410	145	87	29	112	3	336337210	64.38718605420408
23334	chr7	15573891	15773033	199142	3	1175	252	98	352	345	0	336536352	64.42530908259337
2574	chr10	117474717	117672431	197714	0	344	154	59	32	76	4	336734066	64.46315873979759
15458	chr23	15027936	15225158	197222	2	686	184	107	107	221	2	336931288	64.50091421029097
20590	chr4	91921716	92118938	197222	1	330	114	72	32	88	3	337128510	64.53866968078435
20707	chr4	103976770	104173762	196992	1	245	89	56	31	47	0	337325502	64.57638112090478
8756	chr17	25836968	26033377	196409	1	332	103	55	11	104	1	337521911	64.61398095360163
28822	chrY	62870387	63065344	194957	0	276	117	27	30	28	0	337716868	64.65130282063967
2603	chr10	119201251	119395440	194189	0	371	169	55	42	73	2	337911057	64.68847766451937
2688	chr10	123852791	124045593	192802	0	353	155	49	39	88	3	338103859	64.72538698610654
2239	chr10	86086693	86277651	190958	0	290	118	49	35	56	4	338294817	64.76194329896451
19506	chr3	125681461	125869928	188467	0	164	0	0	0	0	0	338483284	64.79802274373982
12654	chr2	157303703	157491361	187658	0	537	224	54	85	137	1	338670942	64.8339473164642
328	chr1	36727855	36915498	187643	3	507	169	75	89	114	5	338858585	64.86986901764253
9312	chr18	310913	498497	187584	0	493	140	82	70	167	5	339046169	64.90577942407299
14448	chr21	86183190	86370339	187149	0	426	117	83	70	115	5	339233318	64.94160655566768
28667	chrX	189752333	189938803	186470	1	430	120	96	51	131	3	339419788	64.97730370194397
11334	chr2	2330515	2516246	185731	0	485	233	61	44	112	1	339605519	65.0128593767176
10215	chr18	96290500	96475973	185473	0	481	142	79	66	163	5	339790992	65.04836566089898
10184	chr18	94471665	94656380	184715	0	638	133	95	86	240	6	339975707	65.08372683628603
14462	chr21	88882912	89067119	184207	0	415	116	86	59	115	5	340159914	65.11899076197979
10168	chr18	92461056	92645181	184125	0	486	145	82	63	165	5	340344039	65.15423898988841
11937	chr2	42997824	43181721	183897	2	350	101	86	63	75	0	340527936	65.1894435702969
1126	chr1	122956782	123140358	183576	2	483	128	97	58	126	3	340711512	65.22458669961966
14440	chr21	84953185	85136495	183310	0	420	113	86	70	115	5	340894822	65.25967890685894
14225	chr21	52839863	53022783	182920	2	312	69	82	31	75	0	341077742	65.29469645390058
14424	chr21	78644225	78826723	182498	0	399	105	81	62	113	5	341260240	65.3296332147797
28663	chrX	189229235	189411570	182335	1	423	124	86	59	111	5	341442575	65.36453877152495
12334	chr2	76842799	77024489	181690	3	547	239	62	64	131	2	341624265	65.39932085178954
28936	chrY	77068259	77249756	181497	0	339	75	78	98	56	0	341805762	65.43406598482814
23390	chr7	20415672	20596868	181196	7	359	104	70	43	93	7	341986958	65.46875349550909
27469	chrX	75578997	75759763	180766	1	382	98	136	36	72	2	342167724	65.50335868853627
27845	chrX	107203369	107383858	180489	0	422	131	78	48	104	16	342348213	65.53791085367952
18912	chr3	77823724	78004003	180279	2	404	115	101	48	94	5	342528492	65.5724228171779
14421	chr21	78284868	78464722	179854	0	398	86	74	46	146	6	342708346	65.60685342020452
20581	chr4	91431997	91611621	179624	1	498	169	98	49	134	3	342887970	65.6412399928582
14407	chr21	75912947	76092526	179579	0	406	122	64	58	128	3	343067549	65.67561795087369
27816	chrX	105841560	106020368	178808	0	2543	846	221	518	953	0	343246357	65.70984831142161
17126	chr26	19381973	19558982	177009	0	527	151	104	86	121	5	343423366	65.7437342778785
28837	chrY	65212344	65387890	175546	0	380	130	42	35	108	4	343598912	65.77734017287618
17147	chr26	30047879	30222088	174209	0	388	140	61	35	81	6	343773121	65.81069011740155
16697	chr25	16609110	16781728	172618	0	494	86	80	155	123	0	343945739	65.84373548660797
17140	chr26	27036339	27208817	172478	0	578	138	84	85	162	13	344118217	65.87675405471781
6892	chr15	53016969	53189284	172315	1	400	101	102	56	112	0	344290532	65.90974141869377
7407	chr15	105570517	105742472	171955	0	523	139	95	95	155	0	344462487	65.94265986556425
14392	chr21	75078641	75249937	171296	0	400	116	76	67	105	5	344633783	65.97545215584441
15347	chr22	81275544	81446267	170723	0	486	86	81	163	109	0	344804506	66.00813475306502
6822	chr15	45663766	45834147	170381	0	510	143	93	91	143	0	344974887	66.04075187903541
1038	chr1	111963931	112133345	169414	1	412	123	91	49	105	2	345144301	66.07318388600302
27995	chrX	125720660	125889992	169332	0	194	97	12	29	22	0	345313633	66.1056001951855
28877	chrY	70156681	70325437	168756	0	311	93	62	36	80	2	345482389	66.1379062369992
20074	chr4	47306031	47474184	168153	2	526	98	79	133	150	0	345650542	66.17009684266121
24653	chr8	37397363	37563489	166126	0	410	121	79	74	82	0	345816668	66.20189940673208
9532	chr18	22885695	23051293	165598	0	399	119	70	42	148	2	345982266	66.23360089238156
20253	chr4	59887767	60052250	164483	4	305	114	77	38	56	3	346146749	66.26508892644047
14575	chr22	12947226	13111345	164119	3	350	101	65	49	71	0	346310868	66.29650727764826
16297	chr24	29148716	29312834	164118	3	317	88	89	28	83	0	346474986	66.32792543741964
17189	chr26	35749998	35913246	163248	3	362	138	74	37	85	1	346638234	66.35917704751945
3655	chr12	15170606	15333674	163068	0	330	108	93	29	67	3	346801302	66.39039419906652
17144	chr26	29544979	29706792	161813	0	380	137	61	29	92	5	346963115	66.42137109792641
9524	chr18	22530806	22691868	161062	0	425	126	73	60	128	6	347124177	66.45220422804681
10123	chr18	88895638	89056636	160998	0	441	118	73	67	142	6	347285175	66.48302510623735
10245	chr18	97966122	98126637	160515	0	419	114	76	63	128	6	347445690	66.5137535206447
19339	chr3	113439573	113599982	160409	3	380	101	90	51	107	0	347606099	66.5444616427932
9539	chr18	23242960	23403092	160132	0	440	117	71	69	141	6	347766231	66.57511673705777
9681	chr18	37085767	37245572	159805	0	408	117	70	63	120	6	347926036	66.60570923161819
9666	chr18	36390069	36549755	159686	0	427	122	69	65	130	6	348085722	66.63627894524652
9741	chr18	41909203	42068745	159542	0	427	128	69	61	133	6	348245264	66.66682109203266
28666	chrX	189592818	189752295	159477	2	366	90	74	54	115	0	348404741	66.69735079545252
28664	chrX	189424619	189583896	159277	0	316	85	64	52	86	0	348564018	66.72784221159156
10199	chr18	95601535	95760496	158961	0	394	119	67	44	144	2	348722979	66.75827313382692
13990	chr21	23752827	23910937	158110	0	507	98	87	130	143	0	348881089	66.78854114368235
13352	chr20	57614855	57772087	157232	3	216	65	45	53	34	1	349038321	66.81864107237497
11596	chr2	25479614	25636595	156981	1	172	40	51	17	31	1	349195302	66.84869295053015
14387	chr21	74508344	74664611	156267	0	322	81	75	24	113	11	349351569	66.8786081430928
10130	chr18	89249362	89405435	156073	0	389	119	69	43	137	2	349507642	66.90848619699304
17137	chr26	26358821	26514852	156031	0	510	122	83	68	147	13	349663673	66.93835621056432
6842	chr15	47200059	47355963	155904	0	488	135	100	79	137	0	349819577	66.96820191171227
11908	chr2	41820224	41975530	155306	1	186	30	42	52	47	0	349974883	66.99793313389056
9674	chr18	36745007	36900080	155073	0	397	121	64	43	149	2	350129956	67.02761975138667
10236	chr18	97619318	97774324	155006	0	390	114	66	40	149	2	350284962	67.05729354264372
14366	chr21	70074139	70227979	153840	5	338	80	62	48	118	10	350438802	67.08674411905356
24686	chr8	42887416	43040908	153492	3	286	76	82	50	57	1	350592294	67.11612807559477
28929	chrY	76043669	76196655	152986	0	302	73	71	78	46	0	350745280	67.1454151653155
2679	chr10	123401943	123554763	152820	0	298	120	42	35	77	3	350898100	67.17467047659315
19345	chr3	113938472	114090955	152483	3	366	102	89	44	96	0	351050583	67.20386127380259
28945	chrY	83274921	83427324	152403	0	226	101	26	17	17	0	351202986	67.23303675609972
24687	chr8	43085903	43238009	152106	2	254	78	79	32	50	0	351355092	67.26215538178482
19315	chr3	112416342	112567391	151049	0	346	66	78	47	116	0	351506141	67.29107165919076
6819	chr15	45474654	45625592	150938	0	472	132	95	80	132	0	351657079	67.31996668715585
11987	chr2	45383451	45534388	150937	1	212	59	78	26	38	0	351808016	67.34886152368453
13709	chr20	87267754	87418600	150846	3	398	96	60	60	126	0	351958862	67.37773893950045
6770	chr15	43023881	43174559	150678	0	489	130	102	85	125	0	352109540	67.40658419400046
19321	chr3	112743303	112893536	150233	1	324	60	69	55	112	4	352259773	67.43534425930065
28937	chrY	77254567	77404189	149622	0	228	51	54	63	33	0	352409395	67.46398735695792
28928	chrY	75871947	76020904	148957	0	238	38	77	59	35	0	352558352	67.49250314940643
12324	chr2	76177870	76326397	148527	0	366	102	100	26	98	0	352706879	67.52093662420118
9318	chr18	858927	1006780	147853	0	326	76	73	39	111	1	352854732	67.54924107085955
26724	chrX	7690352	7837758	147406	2	340	101	84	41	97	0	353002138	67.5774599454453
25926	chr9	54504661	54651812	147151	3	446	116	68	57	162	4	353149289	67.60563000374799
3967	chr12	61362732	61509392	146660	1	587	114	74	143	136	0	353295949	67.63370606677624
10057	chr18	82992324	83138807	146483	0	247	181	2	5	21	0	353442432	67.66174824556097
11625	chr2	27017494	27163886	146392	5	534	143	86	88	168	0	353588824	67.68977300363294
10795	chr19	41708267	41854629	146362	1	484	100	55	96	101	0	353735186	67.71779201861277
2612	chr10	119659917	119805806	145889	0	273	91	45	35	74	1	353881075	67.74572048417345
672	chr1	76047801	76193628	145827	0	502	91	32	130	76	0	354026902	67.77363708067708
1367	chr1	155382046	155527579	145533	6	278	82	53	33	70	3	354172435	67.8014973948779
23782	chr7	54034933	54180055	145122	13	585	137	73	56	245	2	354317557	67.82927902871661
6812	chr15	44962035	45106900	144865	0	488	133	91	75	149	0	354462422	67.85701146339949
19361	chr3	114775825	114920605	144780	1	275	61	60	31	89	0	354607202	67.884727625988
26929	chrX	27945377	28089270	143893	0	269	64	43	38	101	0	354751095	67.91227398448606
18479	chr3	13820996	13964539	143543	0	255	80	36	39	61	0	354894638	67.93975334024267
24969	chr8	59474255	59616526	142271	1	479	102	68	96	159	0	355036909	67.96698918889325
7502	chr16	7344263	7486244	141981	1	488	92	69	139	132	0	355178890	67.99416952098665
4445	chr12	120598262	120739730	141468	1	252	57	81	22	67	0	355320358	68.02125164620472
0	chr1	11921	153124	141203	2	593	142	93	160	131	1	355461561	68.04828304077569
23747	chr7	50427154	50567527	140373	0	307	89	38	59	94	5	355601934	68.07515554313125
10832	chr19	44941802	45081536	139734	3	373	113	75	42	97	4	355741668	68.10190571762458
2647	chr10	121529312	121668651	139339	0	247	100	34	26	63	2	355881007	68.12858027473827
19283	chr3	111007930	111147242	139312	0	310	63	68	39	99	2	356020319	68.15524966306906
11326	chr2	1584398	1723684	139286	0	402	119	75	50	103	5	356159605	68.18191407405334
19298	chr3	112112836	112251941	139105	0	313	65	65	35	103	2	356298710	68.20854383504847
8428	chr16	107293333	107432349	139016	1	507	113	117	52	149	7	356437726	68.23515655820364
15497	chr23	19528117	19666967	138850	0	304	98	65	37	76	0	356576576	68.26173750291572
14374	chr21	71817751	71955890	138139	0	295	67	71	18	107	9	356714715	68.28818233634448
2630	chr10	120717628	120855281	137653	0	231	96	36	21	56	3	356852368	68.31453413168083
8847	chr17	38363442	38500858	137416	0	22	8	7	6	0	0	356989784	68.3408405565894
14433	chr21	83117690	83254481	136791	0	354	104	54	33	107	0	357126575	68.3670273337454
18656	chr3	40455210	40591911	136701	8	319	68	73	42	87	4	357263276	68.39319688162503
7361	chr15	103761175	103897871	136696	0	413	115	79	57	132	0	357399972	68.41936547232264
19261	chr3	110338544	110475044	136500	0	323	72	68	34	111	2	357536472	68.44549654148504
11851	chr2	39218479	39354694	136215	0	245	70	58	44	45	0	357672687	68.47157305127226
6831	chr15	46338306	46474372	136066	0	399	120	70	70	104	0	357808753	68.49762103703527
14992	chr22	52500966	52636545	135579	6	528	150	65	116	130	0	357944332	68.52357579326949
15109	chr22	59127587	59262942	135355	0	208	50	60	25	59	3	358079687	68.54948766774916
10228	chr18	97289254	97424561	135307	0	325	86	57	56	97	6	358214994	68.57539035328145
13265	chr20	50600536	50735825	135289	1	379	99	35	117	92	4	358350283	68.60128959295847
21852	chr6	510744	645611	134867	2	251	84	55	32	49	0	358485150	68.62710804647293
27665	chrX	97037277	97171415	134138	0	261	70	82	33	51	0	358619288	68.65278694284879
21961	chr6	12239727	12373863	134136	0	297	111	56	31	63	6	358753424	68.67846545635187
28609	chrX	183053752	183187812	134060	1	292	75	64	40	55	0	358887484	68.7041294206882
21850	chr6	350635	484094	133459	2	212	60	71	8	50	0	359020943	68.72967833174567
11460	chr2	18282554	18415027	132473	1	435	108	77	99	107	4	359153416	68.7550384865087
1472	chr1	163997361	164128368	131007	4	348	92	68	66	90	0	359284423	68.78011799550325
27410	chrX	70891795	71022624	130829	2	162	46	31	10	42	3	359415252	68.80516342881789
19	chr1	1217660	1348385	130725	1	490	117	54	148	122	1	359545977	68.8301889527465
2657	chr10	121965417	122096046	130629	0	233	99	32	22	57	2	359676606	68.85519609878031
14378	chr21	72816345	72946567	130222	0	289	66	71	21	103	10	359806828	68.88012533019764
14382	chr21	73795462	73925074	129612	0	290	66	68	26	102	10	359936440	68.90493778540846
14385	chr21	74351469	74480937	129468	3	292	76	57	26	108	8	360065908	68.92972267377709
19343	chr3	113789105	113917087	127982	5	210	58	38	32	58	0	360193890	68.9542230876492
974	chr1	107828623	107956430	127807	0	314	64	16	77	106	0	360321697	68.97869000015059
13264	chr20	50471070	50598250	127180	0	358	89	40	121	82	3	360448877	69.00303688202658
28927	chrY	75706444	75833367	126923	0	226	35	69	64	36	0	360575800	69.02733456474672
995	chr1	108951353	109077900	126547	0	263	44	13	54	103	0	360702347	69.05156026737892
10122	chr18	88767326	88893515	126189	0	286	66	61	36	91	3	360828536	69.07571743577844
5733	chr14	44030260	44156393	126133	2	310	78	16	105	77	0	360954669	69.09986388373932
8738	chr17	25272024	25397889	125865	4	229	79	43	6	82	0	361080534	69.1239590267439
19288	chr3	111585190	111710521	125331	0	259	55	48	29	92	2	361205865	69.14795194270869
28892	chrY	71327225	71452519	125294	0	216	53	68	36	35	0	361331159	69.17193777552652
28790	chrY	24755395	24880652	125257	0	313	105	61	25	83	1	361456416	69.1959165251974
26923	chrX	27644600	27769812	125212	0	231	65	38	36	74	0	361581628	69.21988666023009
9328	chr18	1863433	1988506	125073	0	284	64	64	34	90	3	361706701	69.2438301856026
9523	chr18	22403609	22528614	125005	0	292	62	66	34	100	3	361831706	69.26776069329965
9683	chr18	37249011	37373953	124942	0	283	64	60	40	89	3	361956648	69.29167914050322
9541	chr18	23406534	23531385	124851	0	277	64	59	31	92	3	362081499	69.31558016699402
2163	chr10	80853076	80977533	124457	1	399	92	74	63	135	0	362205956	69.33940576754162
26190	chr9	80069767	80194168	124401	2	305	92	52	42	85	4	362330357	69.36322064765056
27175	chrX	51099527	51223720	124193	0	204	65	36	17	69	0	362454550	69.38699570898747
17969	chr28	2290994	2414635	123641	2	261	65	78	32	63	0	362578191	69.41066509742927
10161	chr18	92127856	92251322	123466	0	317	78	54	55	100	6	362701657	69.43430098450037
23844	chr7	59792059	59915319	123260	2	220	81	41	40	38	3	362824917	69.45789743567224
20734	chr4	105128358	105251493	123135	1	352	95	85	42	91	0	362948052	69.48146995729357
17143	chr26	29391409	29514524	123115	0	318	83	53	40	93	0	363071167	69.50503865018682
26128	chr9	76105246	76227748	122502	0	309	95	53	38	89	5	363193669	69.52848999256435
18481	chr3	19246095	19367904	121809	0	184	68	25	23	37	4	363315478	69.55180866951382
10191	chr18	95286562	95407971	121409	0	313	72	57	61	97	6	363436887	69.57505077190163
11879	chr2	40959753	41080853	121100	0	177	58	47	25	30	0	363557987	69.59823372044059
7406	chr15	105442068	105563058	120990	0	348	95	68	59	100	0	363678977	69.62139561097509
16085	chr24	16251384	16371899	120515	0	158	45	59	15	21	0	363799492	69.64446656921763
2561	chr10	116609960	116729950	119990	1	324	103	59	38	96	2	363919482	69.667437023348
1123	chr1	122776632	122896420	119788	1	293	80	67	28	84	0	364039270	69.69036880732475
17146	chr26	29898264	30017487	119223	0	307	81	55	37	89	0	364158493	69.71319242973316
21853	chr6	648832	767427	118595	0	220	69	55	29	42	0	364277088	69.7358958300798
26377	chr9	101576359	101694771	118412	2	205	49	37	21	63	3	364395500	69.75856419756447
18929	chr3	78853197	78971522	118325	0	221	63	36	33	49	4	364513825	69.78121591008198
12315	chr2	75787632	75905790	118158	0	341	155	37	31	87	1	364631983	69.80383565272001
19351	chr3	114445925	114563310	117385	3	200	60	42	19	61	0	364749368	69.82630741501765
21052	chr5	36481841	36599218	117377	2	284	70	54	45	75	4	364866745	69.84877764582407
6785	chr15	43914131	44031162	117031	0	345	97	56	60	102	0	364983776	69.87118163963466
10072	chr18	83536828	83653748	116920	0	475	418	16	0	41	0	365100696	69.89356438400438
2251	chr10	86992980	87109736	116756	0	302	87	49	43	103	1	365217452	69.91591573280384
6772	chr15	43193599	43310208	116609	0	371	100	59	61	119	0	365334061	69.93823894045188
26378	chr9	101708386	101824165	115779	1	179	62	44	8	44	2	365449840	69.9604032558845
1128	chr1	123195259	123310989	115730	0	248	81	59	19	63	0	365565570	69.98255819093333
28954	chrY	85414010	85529625	115615	0	61	15	7	15	16	0	365681185	70.00469111079568
10187	chr18	95129533	95245020	115487	0	243	57	58	26	77	3	365796672	70.02679952679831
9739	chr18	41790520	41905992	115472	0	257	57	53	37	78	3	365912144	70.04890507125488
19800	chr4	16834858	16950046	115188	1	232	61	54	30	55	10	366027332	70.07095624777267
10224	chr18	97138513	97253573	115060	0	269	64	66	31	79	3	366142392	70.09298292043073
16803	chr25	26727454	26842410	114956	3	253	60	44	43	66	2	366257348	70.11498968370276
9661	chr18	35713802	35828754	114952	0	85	54	0	2	2	0	366372300	70.13699568122918
10211	chr18	96116589	96231494	114905	0	244	59	52	25	80	3	366487205	70.1589926812446
10247	chr18	98129849	98244709	114860	0	258	57	60	28	86	3	366602065	70.18098106662185
13713	chr20	87725366	87840207	114841	1	195	42	49	23	64	0	366716906	70.20296581470741
15280	chr22	74848548	74963376	114828	17	183	23	33	22	55	0	366831734	70.22494807411972
10164	chr18	92287010	92401818	114808	0	247	55	52	29	85	3	366946542	70.24692650480394
10156	chr18	91840400	91955155	114755	0	245	55	52	28	85	3	367061297	70.26889478935875
17186	chr26	35500404	35615048	114644	4	359	107	66	66	71	6	367175941	70.29084182447271
12290	chr2	71690263	71804155	113892	0	345	154	60	34	71	0	367289833	70.31264489941076
7917	chr16	44668545	44782268	113723	2	236	56	78	19	52	0	367403556	70.33441562159652
10160	chr18	92014211	92127756	113545	0	263	84	34	41	87	4	367517101	70.35615226810233
26987	chrX	29308657	29421888	113231	0	245	74	51	25	66	4	367630332	70.37782880357726
20513	chr4	86924023	87037242	113219	1	387	105	63	47	142	1	367743551	70.39950304181535
28931	chrY	76348559	76461775	113216	0	171	31	55	43	19	0	367856767	70.42117670574422
18919	chr3	78344507	78457646	113139	2	221	68	47	29	48	0	367969906	70.44283562906996
6818	chr15	45356868	45469869	113001	0	327	86	67	45	104	0	368082907	70.46446813417194
24761	chr8	46764066	46877063	112997	2	182	62	47	26	24	2	368195904	70.4860998735283
14401	chr21	75685039	75797921	112882	0	235	64	46	38	64	1	368308786	70.5077095976982
19145	chr3	102725295	102838119	112824	1	141	36	53	17	24	0	368421610	70.52930821855665
19386	chr3	116832286	116944939	112653	1	191	66	51	14	43	0	368534263	70.55087410379
26993	chrX	29480125	29592312	112187	0	236	71	38	37	67	3	368646450	70.57235077965902
23405	chr7	21160265	21272441	112176	0	250	56	56	32	78	0	368758626	70.5938253497276
8736	chr17	24951435	25063021	111586	3	181	59	44	23	35	0	368870212	70.61518697231776
11830	chr2	38266407	38377982	111575	0	405	96	56	58	148	0	368981787	70.63654648910746
11392	chr2	8176567	8287838	111271	0	295	78	78	38	59	1	369093058	70.65784780923032
21996	chr6	13822642	13933650	111008	0	191	64	31	34	39	3	369204066	70.67909878157889
6851	chr15	48131831	48242544	110713	0	333	94	61	53	102	0	369314779	70.70029328018825
28830	chrY	64562624	64673020	110396	0	194	83	15	15	22	0	369425175	70.72142709345749
26148	chr9	77220011	77330160	110149	2	299	84	53	40	88	3	369535324	70.74251362193492
28677	chrX	191112265	191221803	109538	0	59	11	8	16	15	0	369644862	70.76348318276942
24954	chr8	58688152	58797559	109407	0	317	137	0	29	92	0	369754269	70.784427665435
5427	chr13	119971132	120080242	109110	1	192	46	49	24	44	0	369863379	70.80531529148855
14458	chr21	88123488	88232155	108667	0	287	98	50	33	89	1	369972046	70.82611811121508
28421	chrX	161910688	162018971	108283	4	259	70	47	30	85	3	370080329	70.84684741936242
10794	chr19	41599891	41708065	108174	3	395	78	47	143	73	0	370188503	70.8675558609417
21998	chr6	13965235	14071993	106758	1	334	96	21	55	97	7	370295261	70.88799322857278
12326	chr2	76360162	76466787	106625	0	331	104	66	37	82	4	370401886	70.90840513516208
28930	chrY	76229774	76336307	106533	0	202	45	55	56	27	0	370508419	70.92879942960222
11360	chr2	5930992	6037405	106413	0	291	76	77	26	65	1	370614832	70.94917075167385
5429	chr13	120229459	120335634	106175	0	227	59	63	42	43	0	370721007	70.96949651188132
26129	chr9	76228525	76334607	106082	2	264	77	33	38	85	3	370827089	70.98980446850318
1009	chr1	109454851	109560923	106072	0	154	36	38	18	36	0	370933161	71.01011051076101
13571	chr20	73443260	73549207	105947	0	60	13	34	5	5	0	371039108	71.03039262346833
5	chr1	489537	595279	105742	7	377	95	64	58	112	4	371144850	71.05063549171281
14388	chr21	74680617	74786276	105659	4	224	65	48	19	74	8	371250509	71.07086247073575
26706	chrX	7050421	7155506	105085	1	223	52	60	34	62	0	371355594	71.0909795652627
4432	chr12	119550301	119654842	104541	2	224	51	74	34	41	2	371460135	71.11099251838583
8759	chr17	26116963	26221309	104346	2	260	67	62	28	80	0	371564481	71.13096814141015
20144	chr4	51777732	51881577	103845	4	194	73	62	11	30	0	371668326	71.15084785479601
20249	chr4	59696815	59799991	103176	3	173	64	51	16	30	1	371771502	71.1705994972275
11324	chr2	1466873	1569670	102797	0	264	124	47	29	46	0	371874299	71.19027858526185
10065	chr18	83248901	83350982	102081	0	420	368	10	1	41	0	371976380	71.20982060483084
5418	chr13	119541639	119643645	102006	0	162	50	44	23	32	0	372078386	71.22934826666952
6845	chr15	47557430	47659361	101931	0	286	78	51	55	79	0	372180317	71.24886157077789
24652	chr8	37294501	37396011	101510	0	260	80	56	30	69	0	372281827	71.26829428016012
17135	chr26	22001597	22102854	101257	0	183	71	33	11	39	0	372383084	71.28767855613212
7336	chr15	102861699	102962871	101172	0	293	87	63	44	81	0	372484256	71.30704656000977
14429	chr21	80456532	80556748	100216	0	144	39	13	7	60	0	372584472	71.32623155068507
23153	chr6	136739347	136839351	100004	0	315	59	45	95	88	0	372684476	71.3453759568427
518	chr1	58635131	58734839	99708	3	270	80	56	21	69	0	372784184	71.3644636978247
20589	chr4	91811281	91910738	99457	0	246	77	57	38	56	1	372883641	71.38350338826929
1578	chr10	99	99261	99162	1	371	90	59	39	154	0	372982803	71.40248660497464
1608	chr10	1433616	1532344	98728	1	370	83	59	39	156	0	373081531	71.42138673828062
23712	chr7	47626887	47725254	98367	11	494	110	49	69	209	3	373179898	71.44021776304471
12280	chr2	71216433	71314787	98354	0	285	126	47	31	55	0	373278252	71.45904629913554
26138	chr9	76458672	76556887	98215	1	204	58	24	20	62	1	373376467	71.4778482255662
28832	chrY	64881932	64979925	97993	0	237	115	32	15	43	0	373474460	71.49660765311515
8717	chr17	24225637	24323460	97823	6	234	65	45	42	57	0	373572283	71.5153345364754
11389	chr2	7963518	8061300	97782	0	282	149	27	20	65	0	373670065	71.53405357094307
20593	chr4	92261933	92359255	97322	0	189	53	52	14	57	0	373767387	71.55268454466486
24764	chr8	46952468	47049782	97314	4	234	74	32	54	36	4	373864701	71.5713139868954
19787	chr4	15752896	15849819	96923	2	261	57	52	30	83	5	373961624	71.58986857749194
28833	chrY	64980279	65076615	96336	0	284	97	32	26	80	5	374057960	71.60831079491926
20849	chr5	11189730	11285912	96182	3	233	62	53	32	60	3	374154142	71.62672353114034
14381	chr21	73679016	73774832	95816	0	210	58	38	17	73	9	374249958	71.64506620163752
7307	chr15	101562013	101657788	95775	0	289	84	52	48	82	0	374345733	71.66340102324213
14377	chr21	72700087	72795718	95631	1	214	63	38	15	73	9	374441364	71.68170827800454
27002	chrX	29985529	30080898	95369	1	190	53	34	23	57	0	374536733	71.69996537642908
10622	chr19	24217163	24312531	95368	1	363	79	67	70	98	0	374632101	71.7182222834172
11368	chr2	6326715	6422081	95366	1	281	149	21	23	68	0	374727467	71.73647880753254
11520	chr2	22417197	22512209	95012	3	370	102	50	50	129	0	374822479	71.7546675631608
7304	chr15	101369550	101464491	94941	0	292	77	60	43	87	0	374917420	71.77284272680437
15455	chr23	14756256	14850981	94725	0	131	39	32	15	30	6	375012145	71.79097654018464
5372	chr13	118007783	118102353	94570	2	142	33	44	17	31	2	375106715	71.80908068092229
6853	chr15	48259848	48354196	94348	0	269	73	57	42	73	0	375201063	71.82714232277822
19101	chr3	100116590	100210865	94275	0	0	0	0	0	0	0	375295338	71.84518998977664
12259	chr2	68877449	68971220	93771	2	193	39	31	22	65	4	375389109	71.8631411728274
11593	chr2	25094107	25187878	93771	1	124	26	45	21	19	0	375482880	71.88109235587815
19384	chr3	116656191	116749898	93707	2	166	43	58	9	40	0	375576587	71.89903128699903
19340	chr3	113611532	113705205	93673	0	203	49	45	17	68	1	375670260	71.91696370928217
24331	chr7	133005632	133098992	93360	0	270	52	40	73	74	0	375763620	71.93483621197085
20836	chr5	10189013	10282265	93252	1	155	47	37	9	37	1	375856872	71.95268803952784
24342	chr8	13556	106608	93052	1	295	60	46	89	72	0	375949924	71.97050157980404
8078	chr16	55042894	55135697	92803	3	199	54	37	42	45	0	376042727	71.9882674524156
18668	chr3	41014859	41107407	92548	1	471	146	20	9	192	34	376135275	72.00598450874412
1368	chr1	155532287	155624500	92213	1	188	56	45	18	42	0	376227488	72.02363743387724
27261	chrX	56923439	57015583	92144	0	272	16	7	11	29	0	376319632	72.04127714989849
21959	chr6	12063576	12155529	91953	1	158	56	16	21	39	1	376411585	72.05888030156655
28946	chrY	83565200	83655658	90458	0	108	44	27	10	16	0	376502043	72.07619725581044
6283	chr14	104445807	104536130	90323	2	111	40	24	13	15	0	376592366	72.09348836613981
11600	chr2	25782805	25873113	90308	0	143	32	35	28	19	0	376682674	72.11077660492307
28823	chrY	63255289	63345466	90177	0	192	87	15	15	15	0	376772851	72.12803976553742
19291	chr3	111719078	111808959	89881	0	197	51	35	21	59	1	376862732	72.14524626097615
27409	chrX	70758976	70848832	89856	1	159	50	40	20	30	0	376952588	72.16244797050476
12344	chr2	80707338	80797112	89774	0	80	74	3	0	0	0	377042362	72.17963398224825
15456	chr23	14871702	14961332	89630	1	200	50	55	12	52	0	377131992	72.19679242714953
1962	chr10	46932731	47022251	89520	2	218	65	33	36	55	0	377221512	72.21392981404637
26139	chr9	76557628	76647137	89509	4	303	77	49	53	86	5	377311021	72.23106509514277
24677	chr8	42134656	42224114	89458	1	123	24	35	18	19	2	377400479	72.24819061298254
7849	chr16	41415198	41504541	89343	5	218	55	33	58	48	0	377489822	72.26529411563585
26921	chrX	27479177	27567897	88720	1	250	68	49	33	82	1	377578542	72.2822783534094
27763	chrX	102549172	102637764	88592	1	200	50	63	41	36	0	377667134	72.2992380873232
15926	chr24	21538	109980	88442	0	270	50	48	70	69	0	377755576	72.3161691057764
20776	chr5	4505996	4594318	88322	1	331	58	68	90	86	0	377843898	72.33307715186109
20202	chr4	56166899	56255173	88274	1	227	82	29	42	48	7	377932172	72.3499760089984
18931	chr3	79005029	79093150	88121	0	190	49	29	40	42	3	378020293	72.36684557636586
10171	chr18	93130150	93217885	87735	0	266	73	49	30	90	0	378108028	72.38364124928135
10183	chr18	94378670	94466369	87699	0	250	67	51	27	79	0	378195727	72.40043003048629
20760	chr4	123608217	123695880	87663	2	177	72	39	9	36	3	378283390	72.41721191998067
14420	chr21	78193386	78280719	87333	0	167	50	31	23	43	1	378370723	72.43393063546169
14422	chr21	78465808	78553139	87331	0	165	51	30	30	33	1	378458054	72.45064896806991
18374	chr28	44566027	44653278	87251	1	292	70	47	80	70	0	378545305	72.4673519857658
2221	chr10	84935190	85022124	86934	1	205	51	49	25	58	0	378632239	72.48399431812157
26675	chrX	5977578	6064306	86728	0	122	23	29	12	43	0	378718967	72.50059721457811
28827	chrY	63871828	63958477	86649	0	156	77	14	12	13	0	378805616	72.51718498755872
11715	chr2	33802588	33889095	86507	3	158	47	28	21	32	0	378892123	72.53374557656994
7310	chr15	101779955	101866410	86455	0	248	69	30	61	73	0	378978578	72.55029621088815
20284	chr4	63165096	63251367	86271	0	149	52	12	11	44	3	379064849	72.566811620908
11785	chr2	37004649	37090770	86121	2	210	61	70	21	42	0	379150970	72.58329831546723
2499	chr10	111708989	111795079	86090	2	225	51	48	36	58	2	379237060	72.59977907549793
11790	chr2	37135469	37221271	85802	1	183	51	57	19	38	0	379322862	72.61620470184425
7334	chr15	102709054	102794774	85720	0	240	68	29	57	64	0	379408582	72.63261463040543
15486	chr23	19023475	19108465	84990	0	211	51	58	19	60	0	379493572	72.6488848103916
15043	chr22	54991164	55076071	84907	3	167	69	39	19	27	1	379578479	72.66513910115623
5177	chr13	91707295	91792179	84884	3	197	49	52	32	50	0	379663363	72.68138898888357
15193	chr22	67560174	67644916	84742	1	130	35	22	15	35	0	379748105	72.69761169264152
963	chr1	107388729	107473385	84656	0	192	58	30	23	57	0	379832761	72.71381793286871
6844	chr15	47469444	47553967	84523	0	287	78	62	38	85	0	379917284	72.72999871205415
25558	chr9	10270028	10354343	84315	0	152	40	47	17	31	0	380001599	72.74613967246755
19319	chr3	112653815	112738100	84285	0	150	43	27	12	44	1	380085884	72.76227488978881
26707	chrX	7155804	7239882	84078	1	213	53	66	21	54	0	380169962	72.77837047977444
24772	chr8	47558437	47641856	83419	0	141	33	37	25	27	3	380253381	72.79433991316972
26727	chrX	7978553	8061376	82823	1	223	66	48	31	58	0	380336204	72.81019525046818
15219	chr22	68784834	68867647	82813	2	161	48	29	27	30	0	380419017	72.82604867340258
6207	chr14	98546421	98629149	82728	1	136	38	47	18	13	0	380501745	72.84188582424262
24980	chr8	59843771	59926320	82549	0	225	57	23	33	85	0	380584294	72.85768870796633
21957	chr6	11893138	11975601	82463	1	148	38	16	20	47	5	380666757	72.8734751281593
19326	chr3	113055437	113137861	82424	2	139	30	26	13	50	0	380749181	72.8892540823325
24680	chr8	42522441	42604853	82412	1	166	45	29	34	36	0	380831593	72.90503073926885
6816	chr15	45240194	45322598	82404	0	262	64	51	38	90	0	380913997	72.92080586471397
16975	chr25	46787570	46869882	82312	3	186	57	35	29	43	3	380996309	72.93656337800991
3653	chr12	15007983	15089807	81824	0	190	48	62	27	34	1	381078133	72.95222747034063
2159	chr10	79364630	79446443	81813	1	191	50	29	24	69	0	381159946	72.96788945687092
15200	chr22	68024070	68105487	81417	0	135	41	24	10	43	0	381241363	72.98347563458518
24655	chr8	37581756	37663115	81359	0	226	73	45	29	58	1	381322722	72.99905070898798
11755	chr2	35973307	36054468	81161	5	185	58	32	15	55	0	381403883	73.01458787898277
8261	chr16	84817211	84898356	81145	1	186	43	41	22	51	6	381485028	73.0301219859951
23725	chr7	48795041	48876081	81040	0	159	60	32	34	29	0	381566068	73.045635992185
7376	chr15	104415017	104495882	80865	0	209	64	26	41	61	0	381646933	73.06111649700418
28321	chrX	151049856	151130556	80700	0	126	37	42	18	21	0	381727633	73.07656541481667
20375	chr4	76000882	76081510	80628	1	340	83	55	61	96	2	381808261	73.09200054920807
12939	chr20	22348583	22429017	80434	2	137	52	21	14	29	0	381888695	73.10739854493707
8033	chr16	51324565	51404931	80366	1	250	62	57	33	73	3	381969061	73.12278352299059
7375	chr15	104331369	104411687	80318	0	237	73	60	33	57	0	382049379	73.13815931209672
7739	chr16	29417491	29497607	80116	2	221	71	37	24	63	0	382129495	73.1534964310492
10356	chr19	4243755	4323231	79476	0	252	74	36	31	87	0	382208971	73.16871103070307
20235	chr4	57961637	58040950	79313	3	196	66	24	35	53	0	382288284	73.18389442622303
20110	chr4	49632304	49711576	79272	3	131	34	27	13	37	0	382367556	73.19906997285045
1524	chr1	173000114	173079169	79055	1	106	42	7	13	25	0	382446611	73.21420397777817
7401	chr15	105228699	105307543	78844	0	260	70	58	38	73	0	382525455	73.22929758962462
20134	chr4	51283888	51362670	78782	3	184	42	33	30	53	1	382604237	73.24437933241401
12255	chr2	68591370	68669992	78622	1	193	47	27	29	58	0	382682859	73.25943044537875
11880	chr2	41081534	41159895	78361	1	98	27	29	9	23	0	382761220	73.274431593442
16317	chr24	30785517	30863849	78332	0	159	48	39	10	33	2	382839552	73.28942718984955
8730	chr17	24724704	24802715	78011	3	154	43	29	24	33	0	382917563	73.30436133517136
24770	chr8	47410090	47487984	77894	0	145	52	29	19	23	3	382995457	73.3192730824339
19433	chr3	119956678	120034534	77856	3	349	72	62	46	116	13	383073313	73.33417755511307
11797	chr2	37356405	37434247	77842	0	158	40	40	33	33	0	383151155	73.3490793476826
23462	chr7	26803828	26881637	77809	1	200	50	35	43	40	1	383228964	73.36397482285079
20178	chr4	54625573	54703370	77797	1	188	58	26	28	60	0	383306761	73.37886800078212
5149	chr13	90450413	90527883	77470	0	312	29	0	0	0	0	383384231	73.39369857900931
9330	chr18	1991945	2069185	77240	0	254	76	44	44	68	0	383461471	73.40848512686354
21985	chr6	13491611	13568810	77199	2	214	59	37	31	75	2	383538670	73.42326382582522
6843	chr15	47364489	47441678	77189	0	211	60	40	36	59	0	383615859	73.43804061042285
1579	chr10	99361	176424	77063	0	189	57	38	22	44	0	383692922	73.45279327403355
16294	chr24	28918122	28995178	77056	1	162	50	36	19	36	0	383769978	73.46754459758944
21166	chr5	53024276	53101248	76972	1	140	38	39	14	32	5	383846950	73.48227984048738
28908	chrY	71683131	71759955	76824	0	135	25	43	31	15	0	383923774	73.4969867507975
19144	chr3	102579418	102656203	76785	0	105	34	30	7	22	0	384000559	73.51168619508786
23176	chr7	483435	560158	76723	0	242	46	42	63	71	0	384077282	73.52637377032119
15367	chr23	11663	88339	76676	1	262	62	51	58	66	0	384153958	73.54105234804351
13354	chr20	57800227	57876745	76518	3	148	54	40	18	24	1	384230476	73.55570067881396
15125	chr22	59912377	59988754	76377	3	207	53	21	56	47	8	384306853	73.57032201705145
1840	chr10	29764421	29840664	76243	0	204	59	43	18	56	0	384383096	73.58491770281078
8976	chr17	59262438	59338513	76075	1	27	1	0	1	3	0	384459171	73.59948122725422
16289	chr24	28659724	28735663	75939	1	182	50	46	24	36	0	384535110	73.61401871634669
26955	chrX	28576210	28651708	75498	0	199	64	25	26	63	3	384610608	73.62847178198496
26167	chr9	78138125	78213274	75149	0	160	39	30	27	44	4	384685757	73.64285803631819
9331	chr18	2076563	2151520	74957	0	174	45	25	23	64	6	384760714	73.65720753486183
20129	chr4	51018064	51092963	74899	3	172	45	37	27	53	0	384835613	73.67154593009401
21965	chr6	12527904	12602672	74768	1	126	35	27	12	34	1	384910381	73.68585924715727
12847	chr20	11995159	12069915	74756	0	77	29	12	13	10	6	384985137	73.70017026698368
16263	chr24	27267582	27342250	74668	2	84	16	28	6	24	0	385059805	73.71446444040653
5787	chr14	50930364	51005031	74667	7	207	64	42	23	47	1	385134472	73.72875842239296
5474	chr14	2964650	3039315	74665	0	153	40	34	22	32	1	385209137	73.7430520215066
15925	chr23	82441379	82515918	74539	2	250	65	35	52	75	0	385283676	73.7573214996333
19323	chr3	112934334	113008753	74419	1	129	33	20	16	44	0	385358095	73.77156800539152
16981	chr26	13318	87573	74255	1	257	51	38	77	61	0	385432350	73.78578311557946
23648	chr7	39278119	39352369	74250	0	335	103	35	76	88	4	385506600	73.79999726858539
16298	chr24	29336031	29410136	74105	1	180	49	51	21	34	0	385580705	73.8141836633127
14229	chr21	53116984	53190960	73976	0	136	25	34	17	33	1	385654681	73.8283453627439
20125	chr4	50777005	50850968	73963	0	128	35	38	15	24	0	385728644	73.84250457350184
17789	chr27	40290465	40364385	73920	1	162	42	36	28	35	5	385802564	73.8566555524944
27001	chrX	29911180	29985000	73820	0	189	60	32	30	48	0	385876384	73.87078738784655
12068	chr2	52473171	52546900	73729	0	123	37	30	14	25	3	385950113	73.88490180248593
26916	chrX	27198063	27271731	73668	0	230	59	38	27	88	1	386023781	73.89900453950466
19998	chr4	40302342	40376005	73663	0	199	41	23	93	23	1	386097444	73.91310631934135
25836	chr9	40567154	40640735	73581	2	237	51	45	34	74	5	386171025	73.92719240139292
24235	chr7	118904768	118978259	73491	0	225	70	34	26	62	5	386244516	73.94126125416811
20141	chr4	51545888	51619372	73484	1	185	47	34	19	57	2	386318000	73.95532876688847
20142	chr4	51643416	51716738	73322	3	167	63	15	22	48	0	386391322	73.96936526691137
26572	chr9	128177268	128250559	73291	1	312	73	55	85	75	0	386464613	73.98339583240573
12243	chr2	68039163	68112372	73209	1	122	27	41	14	23	0	386537822	73.99741070011497
8697	chr17	23279282	23352421	73139	3	115	37	28	23	19	0	386610961	74.01141216727592
17394	chr27	14321	87308	72987	0	249	47	44	68	63	2	386683948	74.02538453610343
2037	chr10	57610108	57683073	72965	1	142	40	27	18	36	4	386756913	74.03935269333006
28799	chrY	26017157	26090004	72847	0	146	53	29	17	31	0	386829760	74.053298261061
11986	chr2	45309179	45381931	72752	0	122	36	32	12	34	1	386902512	74.06722564233355
26964	chrX	28834802	28907474	72672	1	207	55	36	27	61	2	386975184	74.08113770869377
19990	chr4	40063998	40136480	72482	0	196	44	25	88	21	1	387047666	74.09501340213721
18650	chr3	40122998	40195213	72215	6	119	35	8	28	27	0	387119881	74.10883798206075
20591	chr4	92175741	92247840	72099	0	151	45	40	7	33	3	387191980	74.1226403553614
21948	chr6	11445706	11517803	72097	1	115	31	26	21	18	3	387264077	74.13644234578925
19918	chr4	34394093	34466010	71917	1	169	52	39	22	40	3	387335994	74.15020987766437
17929	chr28	9136	80929	71793	0	250	47	41	64	70	0	387407787	74.16395367142536
18949	chr3	80292921	80364539	71618	0	208	46	32	48	59	0	387479405	74.17766396381565
14423	chr21	78559444	78630937	71493	0	213	62	44	26	64	0	387550898	74.1913503266554
14439	chr21	84868447	84939922	71475	0	213	62	46	23	64	0	387622373	74.20503324363989
21372	chr5	81745500	81816912	71412	0	11	3	2	6	0	0	387693785	74.21870410013092
4428	chr12	119391753	119463131	71378	1	85	18	32	8	14	2	387765163	74.2323684477842
20607	chr4	93861961	93932946	70985	1	153	45	36	15	34	3	387836148	74.24595756093068
16976	chr25	46978758	47049731	70973	3	126	35	48	9	22	0	387907121	74.2595443768403
13753	chr20	92077674	92148640	70966	0	311	47	35	118	69	0	387978087	74.27312985269509
26206	chr9	82477140	82547981	70841	1	128	36	17	11	42	1	388048928	74.28669139899937
20832	chr5	9945326	10015976	70650	0	174	41	40	19	43	0	388119578	74.30021638095045
28947	chrY	83655668	83726187	70519	0	121	52	10	7	9	0	388190097	74.3137162847326
21469	chr5	95301129	95371515	70386	2	222	62	40	33	58	6	388260483	74.32719072747301
5432	chr13	120404442	120474810	70368	0	201	46	50	29	52	0	388330851	74.34066172435813
20238	chr4	58568957	58639290	70333	0	191	62	27	43	33	8	388401184	74.35412602096912
7303	chr15	101277834	101348096	70262	0	224	64	31	31	73	0	388471446	74.3675767255954
15635	chr23	40752263	40822253	69990	0	84	21	49	0	0	0	388541436	74.38097535951977
28777	chrX	197834745	197904682	69937	0	230	37	41	71	62	0	388611373	74.39436384731472
6920	chr15	57838845	57908736	69891	0	263	48	35	81	77	0	388681264	74.40774352903509
6775	chr15	43418298	43488095	69797	0	213	53	31	28	78	0	388751061	74.42110521573345
19185	chr3	104682113	104751864	69751	3	128	43	19	14	40	0	388820812	74.43445809635723
16321	chr24	31083373	31153066	69693	3	170	50	46	15	40	0	388890505	74.44779987366958
14398	chr21	75363012	75432407	69395	0	146	32	15	30	51	2	388959900	74.4610846029335
5726	chr14	43898081	43967023	68942	2	162	27	9	78	30	0	389028842	74.47428261150635
7408	chr15	105745326	105814004	68678	0	209	55	41	34	64	0	389097520	74.48743008086852
2589	chr10	118411089	118479719	68630	0	224	80	41	22	61	0	389166150	74.50056836128329
20835	chr5	10108151	10176312	68161	0	114	27	30	22	14	2	389234311	74.51361685802452
9536	chr18	23137662	23205802	68140	0	183	41	31	35	59	1	389302451	74.52666133460126
14569	chr22	12585712	12653838	68126	3	142	33	35	14	41	0	389370577	74.53970313106836
10357	chr19	4327077	4395122	68045	0	226	61	41	22	85	0	389438622	74.55272942118671
2253	chr10	87195112	87262930	67818	0	143	30	23	39	36	0	389506440	74.56571225524134
10153	chr18	91737241	91804767	67526	0	216	60	39	42	60	3	389573966	74.57863918986595
10208	chr18	96013566	96080907	67341	0	215	54	38	45	61	3	389641307	74.5915307087558
20208	chr4	56498089	56565209	67120	0	128	44	10	28	25	0	389708427	74.60437992020034
28926	chrY	75636306	75703359	67053	0	85	19	19	29	6	0	389775480	74.61721630540582
20376	chr4	76093428	76160443	67015	2	437	83	56	111	137	0	389842495	74.63004541602793
24700	chr8	43567226	43634195	66969	0	82	27	26	7	9	0	389909464	74.64286572057544
28831	chrY	64781428	64848275	66847	0	86	43	14	9	9	0	389976311	74.65566266988168
2184	chr10	82375440	82442261	66821	1	216	61	29	27	77	0	390043132	74.6684546418414
8734	chr17	24844795	24911582	66787	4	179	66	26	18	43	0	390109919	74.68124010496335
12944	chr20	22526349	22592922	66573	2	84	24	17	11	21	0	390176492	74.69398460069485
21057	chr5	37699164	37765722	66558	1	186	55	34	30	42	2	390243050	74.70672622488027
7322	chr15	102213339	102279758	66419	0	218	65	36	36	62	0	390309469	74.71944123940553
1518	chr1	170730471	170796883	66412	0	103	40	8	12	24	0	390375881	74.73215491387596
19188	chr3	104840700	104907048	66348	1	167	55	57	14	32	0	390442229	74.74485633641652
579	chr1	63843111	63909174	66063	0	162	30	7	16	66	14	390508292	74.7575031995819
23408	chr7	21426336	21492337	66001	1	143	82	18	1	11	1	390574293	74.77013819369024
15240	chr22	69599785	69665726	65941	2	195	57	22	26	64	4	390640234	74.78276170161433
16599	chr25	4192305	4258232	65927	0	250	57	32	60	66	1	390706161	74.79538252942876
17928	chr27	53271429	53337327	65898	0	273	47	43	75	85	0	390772059	74.80799780558746
27764	chrX	102700140	102766007	65867	1	166	48	39	21	42	0	390837926	74.82060714721766
17467	chr27	5878299	5944132	65833	0	331	80	47	76	94	3	390903759	74.8332099800101
14703	chr22	27248832	27314656	65824	2	162	54	33	16	41	2	390969583	74.8458110898749
7599	chr16	16555496	16621274	65778	0	80	0	0	0	0	0	391035361	74.85840339366511
14563	chr22	12030423	12096117	65694	1	83	21	16	10	24	0	391101055	74.87097961679738
28932	chrY	76492409	76557887	65478	0	140	30	35	33	24	0	391166533	74.88351448966637
12199	chr2	65155270	65220484	65214	3	282	87	22	27	80	0	391231747	74.89599882332466
16256	chr24	26850743	26915761	65018	3	247	60	53	38	76	0	391296765	74.90844563544773
26328	chr9	95682851	95747827	64976	1	148	38	25	29	50	1	391361741	74.92088440724186
2480	chr10	110322079	110386995	64916	2	464	90	72	104	162	1	391426657	74.93331169285172
11523	chr2	22687750	22752647	64897	5	139	37	17	16	40	0	391491554	74.9457353411699
28323	chrX	151474881	151539742	64861	2	91	23	35	14	14	0	391556415	74.95815209777754
26389	chr9	102784595	102849355	64760	2	244	62	42	26	99	0	391621175	74.97054951930836
11829	chr2	38138122	38202774	64652	0	241	65	36	25	94	0	391685827	74.98292626570753
10069	chr18	83406653	83471278	64625	0	266	230	6	2	28	0	391750452	74.9952978433238
2235	chr10	85898753	85963308	64555	0	215	75	41	20	63	0	391815007	75.00765602039178
16215	chr24	25552475	25617004	64529	3	99	28	22	17	18	0	391879536	75.02000922011325
26340	chr9	96567842	96632065	64223	1	237	59	50	18	88	5	391943759	75.03230384029506
15035	chr22	54514818	54578794	63976	2	142	41	25	25	36	0	392007735	75.04455117568504
8431	chr17	904060	967831	63771	0	196	38	25	63	44	0	392071506	75.05675926661219
7933	chr16	45773942	45837664	63722	1	85	21	21	10	17	2	392135228	75.06895797715553
23968	chr7	85595492	85658779	63287	0	138	46	21	27	34	0	392198515	75.08107341286309
24025	chr7	87602105	87665199	63094	0	135	44	20	28	33	1	392261609	75.09315190134464
23974	chr7	85795032	85858099	63067	0	128	43	23	22	30	1	392324676	75.1052252210433
21947	chr6	11366876	11429784	62908	1	150	35	33	23	35	3	392387584	75.11726810235368
17817	chr27	42740079	42802909	62830	1	167	46	28	33	43	4	392450414	75.12929605162455
331	chr1	37018786	37081602	62816	3	146	55	28	17	33	0	392513230	75.14132132078576
6778	chr15	43593227	43655972	62745	0	206	62	33	26	70	0	392575975	75.15333299796228
12028	chr2	48262458	48325155	62697	0	94	9	0	0	4	0	392638672	75.1653354861914
27668	chrX	97291044	97353730	62686	0	147	37	49	25	25	0	392701358	75.17733586862008
7447	chr16	2728948	2791616	62668	2	139	45	16	12	43	1	392764026	75.18933280519347
7374	chr15	104249867	104312443	62576	0	228	57	38	37	78	0	392826602	75.2013121296177
21374	chr5	82608899	82671361	62462	0	203	30	30	70	51	0	392889064	75.21326963029186
20109	chr4	49539595	49601936	62341	1	105	20	23	13	29	0	392951405	75.22520396716111
7308	chr15	101665770	101728045	62275	0	224	56	37	38	74	0	393013680	75.2371256692277
23979	chr7	85986700	86048751	62051	0	135	42	24	19	37	0	393075731	75.24900448953974
24048	chr7	88399173	88461120	61947	0	132	42	23	22	33	0	393137678	75.26086340046578
24031	chr7	87790035	87851954	61919	0	127	42	23	18	34	0	393199597	75.2727169511725
19919	chr4	34472967	34534692	61725	1	156	49	41	15	37	0	393261322	75.28453336321681
14567	chr22	12180453	12242024	61571	2	116	38	18	12	28	0	393322893	75.2963202940549
15494	chr23	19426262	19487825	61563	0	103	30	26	13	26	0	393384456	75.30810569340174
16299	chr24	29411290	29472813	61523	2	152	32	49	18	32	0	393445979	75.31988343529243
26582	chrX	540088	601285	61197	1	134	38	29	11	28	3	393507176	75.33159876891537
23992	chr7	86411366	86472530	61164	0	156	50	22	24	41	4	393568340	75.34330778513697
12409	chr2	123556750	123617756	61006	1	129	35	23	27	31	1	393629346	75.35498655440672
2579	chr10	117810043	117870998	60955	0	230	76	41	27	67	0	393690301	75.36665556041987
9557	chr18	25852513	25913460	60947	0	190	46	16	70	39	2	393751248	75.37832303494179
19508	chr3	125894937	125955790	60853	1	156	26	38	19	50	3	393812101	75.38997251444171
6800	chr15	44561393	44622156	60763	0	193	52	34	28	61	0	393872864	75.40160476466525
21931	chr6	7617994	7678657	60663	0	145	57	17	14	28	9	393933527	75.41321787124839
24051	chr7	88500152	88560793	60641	0	151	51	24	29	32	0	393994168	75.42482676623065
24042	chr7	88214109	88274380	60271	1	145	48	23	29	32	0	394054439	75.43636482974337
23976	chr7	85897228	85957182	59954	0	142	44	22	29	35	0	394114393	75.447842207916
26984	chrX	29229868	29289821	59953	0	174	42	30	22	54	3	394174346	75.45931939465221
10207	chr18	95953437	96013320	59883	0	121	24	21	18	46	3	394234229	75.47078318084014
24011	chr7	87035108	87094939	59831	0	130	41	20	28	33	1	394294060	75.48223701233505
26719	chrX	7529391	7589213	59822	1	91	20	25	10	28	0	394353882	75.49368912090232
18913	chr3	78114991	78174719	59728	2	156	43	41	12	41	2	394413610	75.50512323444761
10152	chr18	91677341	91736995	59654	0	114	27	19	16	41	3	394473264	75.51654318169899
19917	chr4	34307856	34367453	59597	0	123	42	29	9	25	2	394532861	75.52795221707534
22135	chr6	28947357	29006900	59543	2	123	23	24	14	45	0	394592404	75.53935091488587
23982	chr7	86087706	86147190	59484	0	149	48	23	30	34	0	394651888	75.55073831794856
7299	chr15	101170840	101230223	59383	0	169	51	31	26	51	0	394711271	75.56210638593443
18933	chr3	79103673	79163023	59350	0	92	21	17	24	21	1	394770621	75.57346813651895
24034	chr7	87892279	87951595	59316	0	145	46	21	34	34	0	394829937	75.58482337826574
20851	chr5	11589075	11648363	59288	0	127	30	28	28	25	2	394889225	75.59617325979322
28600	chrX	181764853	181824133	59280	0	152	47	40	16	32	0	394948505	75.60752160982946
11745	chr2	35450840	35509951	59111	1	107	38	26	16	18	1	395007616	75.6188376071134
19387	chr3	116958441	117017451	59010	2	210	58	34	21	78	0	395066626	75.63013426932054
20758	chr4	123466521	123525467	58946	2	80	27	25	6	13	2	395125572	75.6414186795978
27217	chrX	53366316	53425064	58748	1	208	60	42	23	61	2	395184320	75.65266518546704
6302	chr14	105482208	105540859	58651	2	131	45	13	25	31	0	395242971	75.6638931220051
24965	chr8	59107281	59165929	58648	1	189	38	19	30	75	0	395301619	75.67512048423394
19207	chr3	106306313	106364777	58464	2	169	53	36	21	44	0	395360083	75.68631262216442
28298	chrX	148783283	148841654	58371	0	110	33	32	30	10	0	395418454	75.69748695650932
23998	chr7	86614465	86672826	58361	0	145	49	25	26	34	0	395476815	75.70865937649017
24022	chr7	87495688	87553983	58295	0	140	44	23	23	35	0	395535110	75.71981916166835
12887	chr20	17873363	17931557	58194	1	471	89	60	102	191	1	395593304	75.73095961176973
23744	chr7	50268408	50326421	58013	0	154	47	15	30	48	2	395651317	75.74206541188195
23748	chr7	50605441	50663106	57665	0	146	37	18	32	47	2	395708982	75.75310459212554
23995	chr7	86512079	86569599	57520	0	145	47	22	28	35	0	395766502	75.76411601409053
24763	chr8	46883697	46941005	57308	4	113	33	28	18	17	2	395823810	75.77508685153785
11770	chr2	36558809	36616022	57213	1	77	22	32	3	14	0	395881023	75.78603950252678
19129	chr3	101839758	101896913	57155	0	169	42	30	34	51	0	395938178	75.79698105020427
28020	chrX	127161085	127218168	57083	0	123	29	27	21	26	0	395995261	75.80790881446066
10220	chr18	96656122	96713164	57042	0	123	38	17	16	38	0	396052303	75.81882872982447
10253	chr18	99857097	99914135	57038	0	116	32	15	14	39	0	396109341	75.82974787944268
23848	chr7	60133014	60190040	57026	0	184	54	30	29	52	1	396166367	75.84066473182403
24413	chr8	9432074	9489060	56986	1	241	62	22	30	109	2	396223353	75.85157392674923
7038	chr15	75155154	75211831	56677	1	233	50	43	27	87	2	396280030	75.86242396782555
24749	chr8	46119943	46176556	56613	2	97	29	23	14	14	1	396336643	75.873261756972
24028	chr7	87704221	87760510	56289	0	138	44	19	28	34	0	396392932	75.88403752072351
7348	chr15	103239483	103295716	56233	0	187	50	32	22	67	0	396449165	75.8948025640364
10125	chr18	89090869	89146987	56118	0	165	32	25	34	59	1	396505283	75.90554559216281
24045	chr7	88313688	88369655	55967	0	133	42	21	27	30	0	396561250	75.91625971339221
6910	chr15	54077589	54133458	55869	0	148	49	27	24	32	4	396617119	75.926955073854
12244	chr2	68132896	68188743	55847	1	105	20	29	12	25	0	396672966	75.93764622271489
971	chr1	107691876	107747679	55803	0	138	38	12	22	44	0	396728769	75.94832894837401
9310	chr17	103107238	103163016	55778	0	117	21	14	40	28	0	396784547	75.95900688812303
26700	chrX	6905395	6961143	55748	1	132	30	28	25	33	0	396840295	75.96967908477991
2190	chr10	82652273	82707992	55719	0	150	42	20	19	57	0	396896014	75.98034572978109
27493	chrX	76697996	76753369	55373	1	200	60	51	30	45	2	396951387	75.99094613778644
26723	chrX	7623928	7679007	55079	2	111	44	21	15	18	0	397006466	76.00149026348898
17972	chr28	2427531	2482450	54919	1	111	33	22	11	34	0	397061385	76.01200375936685
6547	chr15	16179742	16234556	54814	2	172	39	44	18	56	0	397116199	76.02249715442228
24704	chr8	43700537	43755324	54787	1	106	25	29	13	23	0	397170986	76.03298538069481
10180	chr18	94075260	94130039	54779	0	275	36	44	38	126	0	397225765	76.04347207547612
23860	chr7	66732038	66786726	54688	0	17	8	0	7	1	0	397280453	76.05394134954464
18655	chr3	40365972	40420582	54610	5	105	23	15	15	29	0	397335063	76.06439569157364
24008	chr7	86935614	86989995	54381	0	148	50	25	24	35	0	397389444	76.0748061946661
16240	chr24	26402744	26457117	54373	2	145	25	23	47	40	0	397443817	76.08521516626732
1952	chr10	46407626	46461963	54337	0	142	35	33	17	37	0	397498154	76.095617246158
11305	chr19	97637568	97691819	54251	0	233	45	41	73	53	0	397552405	76.10600286251793
14577	chr22	13128106	13182324	54218	1	176	30	48	29	43	0	397606623	76.11638216147651
28874	chrY	69638268	69692437	54169	0	40	7	15	11	7	0	397660792	76.12675208005129
26207	chr9	82548349	82602352	54003	0	151	36	28	21	46	0	397714795	76.13709022018298
16257	chr24	26917672	26971565	53893	2	193	47	47	24	48	0	397768688	76.14740730231024
26768	chrX	11792250	11846048	53798	0	77	17	25	7	18	0	397822486	76.1577061979791
22002	chr6	14126713	14180154	53441	1	107	24	23	9	34	3	397875927	76.16793675085168
17515	chr27	10392392	10445753	53361	1	166	57	14	26	53	2	397929288	76.17815198881193
18478	chr3	13715900	13769207	53307	1	154	68	10	21	41	1	397982595	76.18835688920636
26698	chrX	6838250	6891440	53190	0	73	24	17	12	12	0	398035785	76.19853939154152
2038	chr10	57710562	57763460	52898	1	122	34	25	14	29	2	398088683	76.20866599444666
330	chr1	36962164	37015040	52876	1	134	37	35	22	30	0	398141559	76.21878838575093
20557	chr4	89893425	89946234	52809	1	193	49	24	28	72	0	398194368	76.2288979508161
4435	chr12	119790958	119843753	52795	1	114	20	31	15	32	2	398247163	76.23900483577162
24771	chr8	47504502	47557230	52728	0	144	44	37	19	29	4	398299891	76.24909889448807
6296	chr14	105162974	105215539	52565	0	70	21	13	5	20	0	398352456	76.25916174907064
19812	chr4	17335344	17387860	52516	2	102	27	30	16	15	0	398404972	76.26921522326943
24765	chr8	47081099	47133578	52479	0	116	31	16	25	31	1	398457451	76.27926161432124
16696	chr25	16537444	16589800	52356	0	253	64	31	64	65	1	398509807	76.28928445869536
987	chr1	108671489	108723781	52292	0	136	33	13	21	46	0	398562099	76.29929505113961
11599	chr2	25707608	25759878	52270	0	85	26	12	17	15	0	398614369	76.30930143198297
8053	chr16	52489686	52541955	52269	2	131	34	30	36	24	0	398666638	76.31930762138992
18976	chr3	83368755	83421022	52267	1	224	54	42	27	76	2	398718905	76.32931342792408
24019	chr7	87404288	87456531	52243	0	139	48	22	20	30	4	398771148	76.33931463998452
28015	chrX	127030627	127082785	52158	0	131	32	23	22	27	0	398823306	76.34929957995062
8158	chr16	69969258	70021396	52138	2	196	40	28	31	69	1	398875444	76.35928069118864
26960	chrX	28712898	28764986	52088	0	120	51	19	7	32	2	398927532	76.36925223060645
12287	chr2	71623423	71675343	51920	0	115	47	15	15	28	1	398979452	76.37919160870837
1580	chr10	176452	228338	51886	0	161	30	20	51	47	0	399031338	76.38912447797254
8844	chr17	38131664	38183222	51558	0	69	17	26	8	7	0	399082896	76.39899455609618
11866	chr2	40000415	40051952	51537	1	218	50	41	40	62	0	399134433	76.40886061405531
12278	chr2	71149791	71201302	51511	0	118	46	14	15	32	0	399185944	76.41872169466795
3662	chr12	15693602	15744986	51384	0	147	50	29	16	37	2	399237328	76.42855846285725
19346	chr3	114093138	114144511	51373	0	76	20	15	11	16	0	399288701	76.43839312524612
19927	chr4	34726301	34777669	51368	2	125	44	26	12	21	0	399340069	76.44822683045297
7925	chr16	45318794	45369990	51196	1	92	26	21	9	21	2	399391265	76.4580276085983
18947	chr3	79998734	80049866	51132	0	88	12	9	12	17	0	399442397	76.46781613481377
19341	chr3	113712525	113763654	51129	1	130	27	32	23	30	1	399493526	76.47760408672004
26717	chrX	7473961	7524983	51022	1	90	37	20	6	18	0	399544548	76.48737155493104
20260	chr4	60494928	60545803	50875	2	73	25	24	5	13	0	399595423	76.49711088199066
16315	chr24	30686073	30736881	50808	1	153	45	41	13	36	0	399646231	76.5068373828112
1070	chr1	117063440	117114202	50762	1	130	33	18	12	44	2	399696993	76.51655507755714
11595	chr2	25401690	25452435	50745	1	92	28	14	7	22	1	399747738	76.52626951788423
24650	chr8	37142316	37192999	50683	0	141	34	35	16	33	0	399798421	76.53597208915424
23071	chr6	130502058	130552551	50493	2	95	28	29	11	18	1	399848914	76.54563828750749
6284	chr14	104537352	104587818	50466	0	91	35	18	10	14	0	399899380	76.55529931707781
11591	chr2	24996587	25047003	50416	1	99	25	30	13	19	0	399949796	76.56495077482793
28049	chrX	129594894	129644833	49939	2	173	52	36	28	46	1	399999735	76.57451091741329
25061	chr8	65420507	65470381	49874	1	272	64	51	40	86	8	400049609	76.58405861663238
28889	chrY	71229087	71278934	49847	0	144	40	33	28	23	0	400099456	76.59360114706855
18616	chr3	34628529	34678365	49836	1	224	53	23	35	89	0	400149292	76.6031415717043
15231	chr22	69114254	69163975	49721	1	141	35	11	48	28	1	400199013	76.61265998115354
20017	chr4	40943504	40992962	49458	3	105	23	11	15	38	4	400248471	76.62212804282852
22187	chr6	32624419	32673723	49304	0	270	63	27	58	98	0	400297775	76.63156662329726
11458	chr2	18155942	18205198	49256	3	173	56	7	58	35	0	400347031	76.6409960148186
13942	chr21	19925829	19975070	49241	2	91	22	26	12	20	0	400396272	76.65042253479388
8109	chr16	65347134	65396258	49124	0	72	19	9	18	13	3	400445396	76.65982665670988
23971	chr7	85694717	85743708	48991	0	125	39	20	21	31	0	400494387	76.66920531758413
11608	chr2	26211358	26260330	48972	0	77	25	23	5	17	0	400543359	76.67858034116671
11751	chr2	35800726	35849696	48970	1	159	48	22	33	36	5	400592329	76.68795498187647
12785	chr20	11131614	11180456	48842	0	43	18	11	6	3	2	400641171	76.6973051187265
5673	chr14	38144235	38192997	48762	2	89	31	25	4	15	0	400689933	76.70663994066422
5421	chr13	119695217	119743971	48754	0	81	23	20	13	16	0	400738687	76.71597323111068
12075	chr2	53351126	53399790	48664	0	88	19	21	11	24	1	400787351	76.72528929228079
27415	chrX	71294713	71343315	48602	0	96	26	21	13	24	0	400835953	76.73459348439383
24995	chr8	60286293	60334710	48417	1	139	34	28	34	31	0	400884370	76.74386226077212
8964	chr17	58889352	58937421	48069	1	316	60	41	64	127	0	400932439	76.75306441728176
20094	chr4	48724988	48772893	47905	2	116	28	14	13	45	0	400980344	76.76223517822115
10833	chr19	45113107	45160883	47776	0	100	37	27	10	14	0	401028120	76.77138124386438
1012	chr1	109871731	109919388	47657	0	86	22	18	14	21	0	401075777	76.78050452857555
4417	chr12	118558050	118605500	47450	3	104	29	19	13	26	2	401123227	76.78958818595105
2868	chr11	30968659	31015964	47305	1	267	61	36	49	93	0	401170532	76.79864408504795
12655	chr20	13744	60940	47196	0	178	38	25	51	47	0	401217728	76.80767911757681
2683	chr10	123667652	123714830	47178	0	130	40	28	13	39	0	401264906	76.8167107042504
20009	chr4	40689461	40736629	47168	0	157	37	19	62	23	1	401312074	76.82574037655992
14220	chr21	52181192	52228256	47064	1	88	16	15	17	25	1	401359138	76.83475013948343
10479	chr19	14458693	14505657	46964	2	189	51	21	36	59	0	401406102	76.84374075876653
28723	chrX	196089403	196136189	46786	0	114	26	14	7	44	1	401452888	76.8526973023697
22369	chr6	54169175	54215933	46758	0	1	0	1	0	0	0	401499646	76.86164848575355
1589	chr10	672644	719378	46734	1	31	4	22	1	3	0	401546380	76.87059507466371
17519	chr27	10661132	10707700	46568	1	104	24	13	37	18	0	401592948	76.87950988513077
17066	chr26	10675044	10721432	46388	2	112	28	34	19	15	4	401639336	76.88839023704509
26127	chr9	76058132	76104463	46331	0	110	42	17	17	24	1	401685667	76.89725967708438
22230	chr6	36015236	36061566	46330	1	179	36	18	17	82	0	401731997	76.90612892568727
24957	chr8	58891433	58937748	46315	1	160	47	28	34	37	0	401778312	76.91499530274409
1516	chr1	170663166	170709434	46268	1	78	27	9	10	21	3	401824580	76.92385268228993
23964	chr7	85513243	85559359	46116	0	83	22	13	15	23	0	401870696	76.93268096350234
11601	chr2	25883510	25929488	45978	0	80	21	17	13	12	0	401916674	76.94148282649097
26147	chr9	77173346	77219184	45838	1	82	16	9	6	30	0	401962512	76.95025788838302
24299	chr7	129537813	129583624	45811	0	89	20	18	3	30	0	402008323	76.95902778149217
4965	chr13	69904556	69950346	45790	1	398	72	48	78	164	0	402054113	76.96779365443683
18924	chr3	78643511	78689259	45748	2	93	23	22	14	21	1	402099861	76.97655148705252
22809	chr6	101662904	101708602	45698	1	157	42	47	16	35	0	402145559	76.98529974784802
16313	chr24	30599729	30645326	45597	2	141	41	30	11	40	0	402191156	76.99402867356667
24298	chr7	129492016	129537577	45561	0	86	19	16	3	29	0	402236717	77.00275070757479
21993	chr6	13749029	13794545	45516	0	88	32	10	7	24	0	402282233	77.01146412694473
23823	chr7	58566474	58611925	45451	0	83	19	11	23	23	0	402327684	77.0201651029484
9242	chr17	94146781	94192222	45441	2	212	45	36	35	74	2	402373125	77.02886416458801
10256	chr19	0	45415	45415	0	195	30	8	12	29	0	402418540	77.03755824888113
6773	chr15	43314322	43359694	45372	0	166	47	25	17	61	0	402463912	77.04624410140887
1519	chr1	170800534	170845883	45349	1	85	30	11	11	16	4	402509261	77.05492555089931
18177	chr28	24004799	24050139	45340	1	229	46	35	33	90	0	402554601	77.06360527746212
11234	chr19	88577969	88623126	45157	1	284	57	46	42	119	6	402599758	77.07224997116298
15038	chr22	54834228	54879382	45154	2	112	30	27	18	30	0	402644912	77.08089409055462
7402	chr15	105314819	105359969	45150	0	148	38	19	28	52	0	402690062	77.08953744420064
8945	chr17	57229735	57274864	45129	1	175	45	27	21	64	0	402735191	77.09817677768218
17393	chr26	53317612	53362576	44964	0	147	25	25	48	38	0	402780155	77.10678452415704
14313	chr21	58236581	58281499	44918	0	71	13	11	10	25	0	402825073	77.11538346455731
23414	chr7	21845405	21890264	44859	2	188	48	28	41	52	1	402869932	77.12397111020974
13391	chr20	59221020	59265638	44618	2	276	52	32	41	115	5	402914550	77.13251261968877
26597	chrX	1294810	1339389	44579	0	81	19	18	9	21	3	402959129	77.14104666314803
17947	chr28	651472	696013	44541	0	167	31	37	37	45	0	403003670	77.14957343202396
11784	chr2	36944694	36989231	44537	1	107	43	28	9	18	0	403048207	77.15809943515426
19710	chr3	150139953	150184484	44531	0	127	42	20	15	37	1	403092738	77.16662428966613
27724	chrX	100134158	100178662	44504	0	38	5	21	2	6	0	403137242	77.17514397539509
19300	chr3	112295249	112339738	44489	0	87	22	19	9	25	1	403181731	77.18366078957798
2597	chr10	119010804	119055287	44483	0	138	44	25	20	39	0	403226214	77.19217645514247
19263	chr3	110520880	110565352	44472	0	92	23	18	7	33	1	403270686	77.2006900149065
20580	chr4	91379916	91424388	44472	0	173	54	38	34	29	1	403315158	77.20920357467054
12778	chr20	10990208	11034655	44447	0	50	19	7	12	5	1	403359605	77.21771234852446
11518	chr2	22348535	22392881	44346	1	277	68	39	54	96	2	403403951	77.22620178730158
20220	chr4	57187021	57231222	44201	0	81	19	13	19	21	0	403448152	77.23466346780009
20188	chr4	55451389	55495581	44192	0	82	20	13	16	19	0	403492344	77.24312342537097
28826	chrY	63701593	63745561	43968	0	76	40	7	4	5	0	403536312	77.25154050118732
20391	chr4	77313917	77357846	43929	1	97	25	10	12	36	3	403580241	77.25995011098391
17446	chr27	5222629	5266537	43908	0	71	26	4	6	17	4	403624149	77.26835570061603
12986	chr20	25075888	25119782	43894	1	243	49	37	43	96	0	403668043	77.27675861013847
11731	chr2	34717093	34760948	43855	1	86	23	25	13	16	0	403711898	77.28515405364116
28251	chrX	142241897	142285727	43830	0	44	7	21	2	11	0	403755728	77.29354471123375
1137	chr1	125520046	125563829	43783	1	83	19	16	14	26	0	403799511	77.30192637131535
21924	chr6	7388685	7432401	43716	0	99	38	20	6	27	1	403843227	77.31029520515786
23505	chr7	30136416	30180119	43703	1	152	45	35	19	43	0	403886930	77.31866155032712
26045	chr9	66603014	66646641	43627	0	132	35	51	9	29	0	403930557	77.32701334632966
19807	chr4	17114151	17157720	43569	0	84	20	17	10	25	0	403974126	77.33535403902077
18928	chr3	78796418	78839967	43549	0	57	21	11	11	6	1	404017675	77.34369090298381
24767	chr8	47289145	47332620	43475	1	90	31	15	12	16	2	404061150	77.35201360065294
28559	chrX	177633138	177676502	43364	0	185	33	44	24	58	8	404104514	77.3603150488812
2904	chr11	35467287	35510590	43303	1	174	38	25	28	65	0	404147817	77.36860481948882
26767	chrX	11662056	11705187	43131	0	76	13	26	5	21	0	404190948	77.37686166303493
20198	chr4	56004401	56047495	43094	0	115	35	18	13	29	2	404234042	77.38511142343407
2158	chr10	79285637	79328719	43082	0	55	19	11	5	10	3	404277124	77.39335888659637
13576	chr20	73670819	73713884	43065	0	92	34	19	15	19	0	404320189	77.40160309533981
22039	chr6	19851947	19894873	42926	1	50	16	9	4	17	0	404363115	77.40982069442308
18184	chr28	24898406	24941230	42824	2	255	41	37	61	88	12	404405939	77.41801876699311
23233	chr7	3306141	3348945	42804	2	96	25	29	5	29	0	404448743	77.42621301083507
7273	chr15	97892211	97935004	42793	1	118	21	13	22	42	0	404491536	77.43440514887658
10603	chr19	22973761	23016511	42750	0	198	44	30	35	55	0	404534286	77.44258905515272
16925	chr25	41032645	41075360	42715	1	223	47	26	38	99	1	404577001	77.45076626115471
20107	chr4	49361287	49403990	42703	1	80	32	17	8	12	0	404619704	77.45894116991985
26695	chrX	6666537	6709237	42700	0	67	21	16	7	15	0	404662404	77.4671155043758
23076	chr6	130597786	130640423	42637	1	89	14	27	9	22	1	404705041	77.47527777833825
14506	chr22	6701205	6743823	42618	1	123	25	12	19	43	5	404747659	77.48343641500905
25036	chr8	61505224	61547710	42486	1	129	29	23	34	26	0	404790145	77.49156978207449
9553	chr18	25387870	25430330	42460	0	166	42	30	36	43	2	404832605	77.49969817179344
7535	chr16	8810351	8852772	42421	2	84	23	20	14	20	2	404875026	77.50781909549262
26179	chr9	79747339	79789733	42394	0	112	22	22	14	35	6	404917420	77.5159348504089
12672	chr20	1147974	1190357	42383	0	50	19	5	8	8	3	404959803	77.52404849952472
28941	chrY	79738000	79780319	42319	0	44	8	20	6	4	0	405002122	77.53214989671068
2440	chr10	106504577	106546885	42308	0	131	51	21	15	29	0	405044430	77.5402491880962
15083	chr22	57620703	57662926	42223	0	114	10	25	18	53	0	405086653	77.54833220738736
19383	chr3	116595080	116637250	42170	2	94	24	23	9	31	0	405128823	77.55640508054911
27975	chrX	118203849	118245879	42030	1	88	23	27	12	17	0	405170853	77.56445115261428
4460	chr12	122441377	122483324	41947	0	80	22	20	10	13	0	405212800	77.57248133545791
11936	chr2	42942347	42984262	41915	0	74	22	18	19	7	0	405254715	77.58050539233659
27319	chrX	62072058	62113954	41896	0	77	22	26	6	13	0	405296611	77.58852581192362
20105	chr4	49287555	49329426	41871	0	82	24	20	7	27	0	405338482	77.59654144560054
28866	chrY	69326605	69368188	41583	0	121	34	31	17	27	0	405380065	77.60450194559306
17503	chr27	8753994	8795562	41568	1	132	33	34	12	35	0	405421633	77.61245957403953
11719	chr2	34091536	34133069	41533	2	260	52	37	49	96	0	405463166	77.62041050221184
4642	chr13	21502169	21543644	41475	1	193	44	27	20	85	0	405504641	77.62835032707274
20917	chr5	20393555	20434936	41381	1	150	31	16	26	65	1	405546022	77.63627215691163
21598	chr5	108640741	108682110	41369	2	186	47	21	29	67	5	405587391	77.64419168951368
7335	chr15	102799025	102840327	41302	0	138	38	23	18	47	0	405628693	77.65209839587665
28943	chrY	79796509	79837790	41281	0	94	18	18	37	12	0	405669974	77.66000108207513
27612	chrX	91961840	92003116	41276	0	67	21	15	8	16	0	405711250	77.6679028110916
7772	chr16	33329242	33370481	41239	1	157	39	25	16	62	0	405752489	77.6757974569611
11775	chr2	36671665	36712877	41212	1	78	22	20	4	20	0	405793701	77.6836869340477
24766	chr8	47231131	47272289	41158	1	85	38	10	13	11	1	405834859	77.69156607356848
22137	chr6	29088888	29130009	41121	2	89	24	22	6	29	0	405875980	77.69943812994231
22068	chr6	23024220	23065313	41093	2	96	35	8	7	27	1	405917073	77.70730482609682
28644	chrX	187181503	187222562	41059	0	79	25	16	10	18	0	405958132	77.7151650134136
4434	chr12	119722079	119762999	40920	1	114	29	27	21	18	2	405999052	77.72299859107018
11665	chr2	31048071	31088988	40917	0	200	21	24	21	101	1	406039969	77.73083159441757
3405	chr11	94789304	94830143	40839	1	210	40	50	20	88	1	406080808	77.73864966572542
11489	chr2	20514945	20555760	40815	1	110	25	14	17	34	0	406121623	77.74646314255959
25045	chr8	64906905	64947695	40790	1	52	19	15	3	7	0	406162413	77.75427183348366
26143	chr9	76940095	76980793	40698	0	97	19	8	17	33	1	406203111	77.76206291225853
27976	chrX	118334191	118374819	40628	1	64	12	17	11	15	0	406243739	77.76984059048513
11844	chr2	38781262	38821848	40586	1	114	39	26	9	25	0	406284325	77.77761022838276
24238	chr7	119086742	119127299	40557	1	166	31	20	20	69	9	406324882	77.78537431462466
5493	chr14	4861834	4902295	40461	0	83	23	13	7	30	1	406365343	77.79312002297175
28746	chrX	196921411	196961821	40410	0	197	63	16	56	48	0	406405753	77.80085596806225
16324	chr24	31299049	31339250	40201	3	72	31	10	6	23	0	406445954	77.80855190294429
13016	chr20	27260850	27301029	40179	1	283	48	32	78	101	0	406486133	77.81624362622543
24989	chr8	60130480	60170582	40102	1	73	18	30	5	15	0	406526235	77.82392060890345
24912	chr8	56533976	56574057	40081	0	63	14	9	23	13	1	406566316	77.83159357141699
6364	chr14	111175607	111215668	40061	2	115	35	20	22	27	0	406606377	77.83926270520244
20016	chr4	40896304	40936325	40021	3	149	35	22	46	38	1	406646398	77.84692418153173
24052	chr7	88561237	88601238	40001	0	148	20	30	21	61	0	406686399	77.85458182913295
21646	chr5	114057535	114097533	39998	1	240	40	22	46	119	0	406726397	77.86223890242495
5478	chr14	3886830	3926773	39943	0	92	23	12	12	33	2	406766340	77.86988544671473
8059	chr16	52924153	52964071	39918	2	95	41	20	13	15	0	406806258	77.87752720509438
26953	chrX	28520028	28559841	39813	0	86	24	21	6	23	0	406846071	77.88514886265163
11927	chr2	42416621	42456422	39801	4	82	27	16	8	24	0	406885872	77.89276822297201
8695	chr17	23158556	23198342	39786	2	43	17	9	2	11	0	406925658	77.90038471174634
11727	chr2	34597412	34637115	39703	1	84	27	14	8	17	0	406965361	77.90798531129911
6368	chr14	111457885	111497508	39623	3	44	14	4	3	9	0	407004984	77.91557059593957
7719	chr16	28090504	28130102	39598	2	109	30	18	19	30	2	407044582	77.92315109466992
9526	chr18	22726450	22766037	39587	0	137	24	16	37	46	0	407084169	77.93072948759982
10193	chr18	95442599	95482160	39561	0	139	25	17	38	47	0	407123730	77.93830290318323
9668	chr18	36584100	36623573	39473	0	138	26	16	36	47	0	407163203	77.94585947236305
24603	chr8	30799813	30839133	39320	0	275	68	38	49	100	0	407202523	77.95338675177307
20257	chr4	60385886	60425187	39301	1	63	19	22	7	11	0	407241824	77.9609103938914
16700	chr25	16822193	16861419	39226	1	215	44	32	67	46	0	407281050	77.96841967827942
251	chr1	25692942	25732145	39203	1	221	51	25	19	108	0	407320253	77.97592455963013
7433	chr16	1475493	1514673	39180	2	186	37	21	21	90	4	407359433	77.98342503794356
10136	chr18	89529350	89568505	39155	0	130	25	16	31	48	0	407398588	77.99092073034689
27671	chrX	97529132	97568282	39150	0	61	21	19	5	13	0	407437738	77.99841546556819
10230	chr18	97458744	97497890	39146	0	123	25	14	30	43	0	407476884	78.00590943504388
13575	chr20	73630135	73669266	39131	0	88	38	14	14	15	0	407516015	78.01340053297349
10205	chr18	95880118	95919248	39130	0	124	25	16	30	42	0	407555145	78.02089143946672
7948	chr16	47124514	47163637	39123	1	360	60	40	91	147	2	407594268	78.02838100590512
9478	chr18	18985380	19024482	39102	1	153	41	17	36	40	0	407633370	78.03586655217902
21952	chr6	11560492	11599569	39077	0	70	22	10	11	15	3	407672447	78.04334731254282
9679	chr18	37012215	37051292	39077	0	129	27	15	28	48	0	407711524	78.05082807290663
20195	chr4	55802978	55842020	39042	0	101	33	12	10	29	0	407750566	78.05830213299629
20108	chr4	49420912	49459938	39026	1	71	24	16	10	12	0	407789592	78.06577313010348
26120	chr9	75934302	75973222	38920	1	83	18	9	11	26	2	407828512	78.07322383495183
20216	chr4	56851830	56890607	38777	0	98	34	10	9	28	0	407867289	78.0806471643944
15020	chr22	53926655	53965425	38770	0	48	12	11	5	11	1	407906059	78.08806915378213
10491	chr19	15655503	15694258	38755	1	209	29	21	41	94	0	407944814	78.09548827162381
15351	chr22	81618375	81657103	38728	2	109	35	9	18	33	3	407983542	78.10290222068258
10613	chr19	23745515	23784241	38726	1	234	47	32	38	100	0	408022268	78.11031578686854
26701	chrX	6961145	6999853	38708	0	96	17	25	8	38	0	408060976	78.11772590719922
9734	chr18	41343467	41382114	38647	0	71	17	15	8	26	0	408099623	78.12512434990924
14947	chr22	50587944	50626579	38635	0	118	52	12	16	26	0	408138258	78.13252049538242
26950	chrX	28450570	28489172	38602	0	83	19	28	7	22	0	408176860	78.13991032345427
15212	chr22	68506507	68545001	38494	2	92	24	13	6	28	0	408215354	78.14727947639449
8128	chr16	66988085	67026575	38490	0	105	26	12	41	21	0	408253844	78.15464786358906
7377	chr15	104500151	104538633	38482	0	144	39	21	26	47	0	408292326	78.16201471929242
7385	chr15	104805524	104843970	38446	0	156	43	25	18	56	0	408330772	78.16937468328521
20245	chr4	58833937	58872382	38445	1	60	14	21	5	15	0	408369217	78.17673445584163
11603	chr2	26061566	26099983	38417	0	84	25	14	18	14	0	408407634	78.1840888681787
17528	chr27	11189581	11227923	38342	1	120	23	24	14	44	1	408445976	78.19142892278548
7358	chr15	103623686	103661973	38287	0	150	40	23	19	53	0	408484263	78.19875844839002
28643	chrX	187091618	187129880	38262	0	102	32	11	13	22	3	408522525	78.20608318808448
14446	chr21	86099232	86137460	38228	0	118	35	21	13	37	0	408560753	78.21340141894117
28505	chrX	171000178	171038397	38219	0	36	10	14	3	3	0	408598972	78.22071792687024
25987	chr9	61545872	61583965	38093	0	57	13	15	7	10	0	408637065	78.22801031381239
11840	chr2	38635071	38673115	38044	0	56	19	10	6	17	0	408675109	78.23529332037073
20213	chr4	56718548	56756586	38038	0	79	23	19	6	16	5	408713147	78.24257517831066
10137	chr18	89568830	89606846	38016	0	83	21	11	16	28	0	408751163	78.2498528246497
19811	chr4	17228099	17266018	37919	0	62	12	18	12	9	0	408789082	78.25711190165752
28661	chrX	188905411	188943229	37818	2	92	32	11	12	19	0	408826900	78.26435164358855
18044	chr28	8295428	8333204	37776	1	51	11	17	5	9	1	408864676	78.27158334519059
968	chr1	107572315	107609997	37682	0	104	27	11	18	34	0	408902358	78.27879705177064
1003	chr1	109310255	109347904	37649	0	95	28	10	15	31	0	408940007	78.28600444094937
26710	chrX	7311488	7349092	37604	1	81	22	14	21	17	0	408977611	78.2932032154899
6407	chr15	13260	50838	37578	0	100	19	15	32	23	0	409015189	78.30039701268392
14165	chr21	46745082	46782655	37573	1	83	24	12	10	28	0	409052762	78.30758985269593
2243	chr10	86405430	86442948	37518	0	117	43	23	13	30	0	409090280	78.3147721637057
12550	chr2	145709709	145747212	37503	1	145	34	26	24	50	0	409127783	78.32195160316942
1000	chr1	109189344	109226802	37458	0	95	25	11	13	33	0	409165241	78.32912242799496
19934	chr4	35381211	35418652	37441	2	41	16	0	6	4	3	409202682	78.33628999840163
992	chr1	108831012	108868453	37441	0	86	30	9	10	25	0	409240123	78.34345756880829
6781	chr15	43735805	43773173	37368	0	142	39	20	17	53	0	409277491	78.35061116435745
21168	chr5	53275153	53312483	37330	0	118	32	31	16	29	1	409314821	78.35775748532325
9518	chr18	21827144	21864459	37315	0	88	19	18	12	24	0	409352136	78.36490093474299
651	chr1	73941372	73978682	37310	1	61	20	5	2	15	1	409389446	78.37204342698072
12350	chr2	95901723	95939009	37286	0	64	18	6	9	17	1	409426732	78.37918132474474
12364	chr2	118649493	118686764	37271	0	69	22	5	3	18	1	409464003	78.3863163509627
12348	chr2	95539357	95576610	37253	0	65	19	7	3	17	1	409501256	78.39344793132538
12355	chr2	102963792	103001039	37247	0	70	19	7	4	20	1	409538503	78.40057836306966
14228	chr21	53078286	53115519	37233	0	57	19	11	9	11	0	409575736	78.40770611470425
12360	chr2	114232565	114269781	37216	0	65	20	5	4	17	1	409612952	78.41483061192
18046	chr28	8391073	8428271	37198	1	42	8	15	2	9	1	409650150	78.42195166328045
23972	chr7	85744154	85781345	37191	0	132	25	24	17	50	0	409687341	78.42907137458609
27054	chrX	36138135	36175294	37159	1	171	34	24	35	52	1	409724500	78.43618495992679
14312	chr21	58191477	58228636	37159	0	27	11	8	3	2	0	409761659	78.4432985452675
7320	chr15	102137618	102174752	37134	0	168	45	30	25	50	0	409798793	78.45040734469809
16436	chr24	42328617	42365749	37132	1	280	43	34	55	135	1	409835925	78.45751576125588
9314	chr18	574747	611842	37095	0	88	22	19	8	23	0	409873020	78.4646170946667
14367	chr21	70236767	70273832	37065	0	77	31	9	10	23	0	409910085	78.47171268498543
26602	chrX	1403124	1440151	37027	0	78	20	14	11	22	3	409947112	78.4788010007208
7923	chr16	45141047	45177946	36899	0	45	15	11	10	3	0	409984011	78.48586481259642
2634	chr10	120963425	121000296	36871	0	61	29	8	4	12	1	410020882	78.49292326425272
20203	chr4	56279595	56316427	36832	1	107	24	28	19	27	0	410057714	78.49997424988928
26949	chrX	28412621	28449323	36702	0	89	29	9	17	18	0	410094416	78.5070003487933
28922	chrY	75305656	75342341	36685	0	74	21	12	21	16	0	410131101	78.51402319327845
12212	chr2	65631423	65668094	36671	2	201	47	43	25	71	0	410167772	78.52104335765394
23451	chr7	25440074	25476667	36593	1	207	40	25	33	84	0	410204365	78.52804858998991
20212	chr4	56654598	56691136	36538	0	103	33	16	13	22	2	410240903	78.53504329332365
28869	chrY	69442285	69478777	36492	0	50	13	28	3	2	0	410277395	78.5420291905828
24461	chr8	13936419	13972889	36470	1	147	37	14	22	59	0	410313865	78.54901087624107
10242	chr18	97892324	97928775	36451	0	115	20	13	34	37	0	410350316	78.55598892460765
10149	chr18	91603545	91639994	36449	0	115	19	13	32	40	0	410386765	78.56296659010142
118	chr1	10044231	10080561	36330	0	87	19	8	24	24	0	410423095	78.5699214746631
20242	chr4	58765334	58801642	36308	0	92	24	20	14	26	0	410459403	78.5768721476239
17523	chr27	10780900	10817155	36255	1	113	26	9	35	27	0	410495658	78.58381267445527
20236	chr4	58064110	58100341	36231	1	62	18	20	4	12	0	410531889	78.59074860681295
11504	chr2	21356872	21393084	36212	2	117	33	12	16	43	0	410568101	78.59768090187896
7370	chr15	104096629	104132816	36187	0	144	37	26	13	54	0	410604288	78.60460841103485
18937	chr3	79462876	79499055	36179	1	78	16	24	9	20	3	410640467	78.61153438869951
9402	chr18	8347083	8383249	36166	1	258	43	49	45	107	3	410676633	78.61845787769091
23855	chr7	60429873	60465971	36098	0	45	6	16	7	10	0	410712731	78.62536834900685
28626	chrX	184765330	184801406	36076	0	64	21	21	7	12	0	410748807	78.63227460872189
7332	chr15	102621056	102657124	36068	0	140	38	27	17	48	0	410784875	78.6391793369457
16229	chr24	26043626	26079670	36044	3	67	22	16	7	16	0	410820919	78.64607947069581
12211	chr2	65593292	65629302	36010	6	210	42	47	27	76	0	410856929	78.65297309560817
2857	chr11	30595428	30631410	35982	1	157	27	25	25	60	0	410892911	78.65986136030122
16286	chr24	28579015	28614986	35971	1	90	25	22	15	21	0	410928882	78.66674751919382
7926	chr16	45385794	45421738	35944	2	96	22	20	9	35	0	410964826	78.67362850930351
24949	chr8	58443193	58479118	35925	1	153	46	27	28	41	0	411000751	78.68050586212154
27605	chrX	91623733	91659619	35886	0	92	29	21	15	18	0	411036637	78.68737574891979
8601	chr17	20308403	20344274	35871	1	71	21	17	13	13	0	411072508	78.69424276417199
27176	chrX	51235965	51271777	35812	0	58	13	9	7	24	0	411108320	78.70109848467634
27646	chrX	94564576	94600374	35798	0	28	5	9	4	5	0	411144118	78.70795152507102
25543	chr8	125969801	126005599	35798	0	112	12	14	38	21	0	411179916	78.71480456546573
1283	chr1	143269155	143304926	35771	1	62	12	17	4	18	0	411215687	78.72165243707751
27281	chrX	57995891	58031543	35652	0	170	41	26	35	48	2	411251339	78.7284775277572
4639	chr13	21409939	21445502	35563	2	230	47	25	36	100	0	411286902	78.73528558059692
28311	chrX	150005308	150040802	35494	1	92	21	17	8	31	3	411322396	78.74208042432477
17412	chr27	1702053	1737537	35484	1	201	37	30	41	82	2	411357880	78.74887335368857
28755	chrX	197129730	197165207	35477	2	224	51	24	65	72	0	411393357	78.75566494299753
13481	chr20	64352975	64388435	35460	1	240	55	33	33	97	0	411428817	78.76245327788763
28420	chrX	161848284	161883742	35458	1	56	12	6	4	21	0	411464275	78.76924122990494
10697	chr19	31290762	31326216	35454	2	85	25	8	23	20	0	411499729	78.7760284161766
27132	chrX	45330375	45365818	35443	2	151	44	23	17	58	0	411535172	78.78281349664783
2189	chr10	82614591	82649905	35314	1	110	22	18	11	46	0	411570486	78.78957388182293
26697	chrX	6789102	6824386	35284	0	50	17	13	9	8	0	411605770	78.7963285239059
11446	chr2	17254626	17289880	35254	1	119	27	10	22	45	0	411641024	78.80307742289676
16091	chr24	16502197	16537421	35224	0	55	16	21	4	9	0	411676248	78.80982057879548
1139	chr1	125621011	125656177	35166	1	110	28	15	12	40	3	411711414	78.81655263138278
1279	chr1	143177899	143212992	35093	1	70	19	14	7	18	0	411746507	78.82327070911256
24381	chr8	4254235	4289319	35084	2	122	23	33	25	30	2	411781591	78.82998706391471
955	chr1	107225688	107260733	35045	0	102	42	17	19	13	2	411816636	78.83669595269711
7366	chr15	103984241	104019219	34978	0	140	38	24	19	46	0	411851614	78.84339201524043
7353	chr15	103448476	103483445	34969	0	147	40	21	25	49	0	411886583	78.8500863548561
7397	chr15	105116642	105151583	34941	0	150	44	28	18	47	0	411921524	78.85677533425246
16169	chr24	23547765	23582696	34931	0	125	28	18	27	31	3	411956455	78.86346239928478
4946	chr13	68831677	68866604	34927	1	113	27	23	20	32	0	411991382	78.87014869857148
14466	chr21	91095668	91130577	34909	0	103	29	18	5	34	0	412026291	78.87683155200291
6289	chr14	104660383	104695289	34906	0	26	3	15	2	2	0	412061197	78.88351383112513
7403	chr15	105361537	105396407	34870	0	98	33	11	16	32	0	412096067	78.8901892185368
26922	chrX	27591218	27626031	34813	2	129	43	18	19	34	0	412130880	78.89685369407344
6762	chr15	42052357	42087154	34797	0	121	42	13	18	36	0	412165677	78.90351510662761
18918	chr3	78306429	78341198	34769	0	41	12	10	2	10	0	412200446	78.91017115896246
23996	chr7	86570044	86604786	34742	0	143	26	28	20	52	0	412235188	78.9168220425144
14238	chr21	53832232	53866953	34721	1	120	22	23	14	42	3	412269909	78.92346890590186
25563	chr9	10797950	10832668	34718	0	83	23	19	14	21	0	412304627	78.9301151949801
23742	chr7	49944973	49979679	34706	0	100	28	12	19	32	1	412339333	78.93675918682149
8643	chr17	21694700	21729369	34669	0	60	22	9	8	12	0	412374002	78.94339609551594
2002	chr10	52238851	52273486	34635	1	93	18	22	11	29	1	412408637	78.95002649537264
20241	chr4	58716369	58750998	34629	1	84	25	7	9	25	2	412443266	78.95665574661092
17360	chr26	51924607	51959203	34596	0	0	0	0	0	0	0	412477862	78.96327868044786
20768	chr4	133680301	133714821	34520	0	40	15	5	10	7	0	412512382	78.96988706511809
12663	chr20	355525	390003	34478	2	228	43	22	48	98	2	412546860	78.97648740945934
15023	chr22	53994581	54029056	34475	3	49	17	11	7	9	1	412581335	78.98308717949138
28920	chrY	72856286	72890750	34464	0	65	14	12	20	10	0	412615799	78.98968484372297
980	chr1	108549509	108583936	34427	0	99	25	10	12	39	0	412650226	78.99627542480762
26672	chrX	5862896	5897246	34350	1	58	10	13	10	23	0	412684576	79.00285126528915
20603	chr4	93490835	93525133	34298	0	53	15	16	3	9	0	412718874	79.00941715107767
16589	chr24	62957889	62992173	34284	4	154	47	8	35	49	0	412753158	79.01598035675651
6966	chr15	63482344	63516603	34259	0	100	29	19	17	28	0	412787417	79.02253877652528
25130	chr8	74987631	75021865	34234	1	185	36	20	29	89	0	412821651	79.02909241038391
19921	chr4	34605828	34640023	34195	2	57	19	18	1	10	0	412855846	79.03563857822282
26802	chrX	14730153	14764317	34164	0	41	13	16	3	3	0	412890010	79.04217881153318
10063	chr18	83202438	83236598	34160	0	153	136	0	0	17	0	412924170	79.04871827909791
24769	chr8	47353909	47388050	34141	1	84	26	15	14	25	0	412958311	79.05525410937098
18649	chr3	40063977	40098041	34064	2	58	17	5	11	16	0	412992375	79.06177519904092
13843	chr21	8848746	8882804	34058	1	111	22	13	11	52	1	413026433	79.06829514009245
26198	chr9	81534490	81568541	34051	0	92	31	14	7	28	1	413060484	79.07481374108914
20204	chr4	56330963	56364977	34014	0	76	25	7	6	24	0	413094498	79.08132525893889
20757	chr4	123431298	123465307	34009	0	38	13	8	11	3	0	413128507	79.08783581960661
10627	chr19	24589148	24623146	33998	1	257	40	27	58	106	0	413162505	79.0943442744739
24023	chr7	87554430	87588421	33991	0	152	30	28	21	58	0	413196496	79.10085138928635
14308	chr21	58000695	58034671	33976	0	79	21	17	13	21	0	413230472	79.10735563255272
15922	chr23	82367404	82401374	33970	1	102	35	15	14	28	0	413264442	79.11385872720068
11480	chr2	19837651	19871558	33907	0	114	36	26	10	34	2	413298349	79.12034976135519
6786	chr15	44034925	44068831	33906	0	130	32	26	14	44	0	413332255	79.1268406040733
6791	chr15	44228905	44262789	33884	0	114	33	20	10	35	0	413366139	79.13332723519049
28055	chrX	129912328	129946209	33881	0	50	14	14	9	7	0	413400020	79.13981329199848
5669	chr14	37818479	37852320	33841	1	54	12	15	5	9	0	413433861	79.14629169135031
1916	chr10	41510608	41544445	33837	1	120	22	16	32	37	1	413467698	79.15276932495652
20197	chr4	55944126	55977952	33826	0	84	26	20	4	18	5	413501524	79.1592448527623
5344	chr13	115122386	115156179	33793	2	38	17	4	7	8	0	413535317	79.16571406316673
14579	chr22	13209137	13242908	33771	2	100	22	18	26	20	0	413569088	79.17217906197027
23423	chr7	22074050	22107800	33750	1	77	29	15	8	18	0	413602838	79.17864004060932
6959	chr15	61973309	62007043	33734	1	77	20	10	12	21	3	413636572	79.18509795626592
6814	chr15	45134716	45168362	33646	0	137	36	27	16	45	0	413670218	79.19153902551895
26975	chrX	29032566	29066209	33643	0	105	39	14	12	30	0	413703861	79.19797952046275
12316	chr2	75917905	75951517	33612	0	103	19	19	15	39	1	413737473	79.20441408087805
15409	chr23	4060824	4094391	33567	0	40	11	18	2	6	0	413771040	79.21084002665515
11288	chr19	95174447	95208012	33565	1	70	15	9	16	29	0	413804605	79.21726558955943
15968	chr24	4362026	4395575	33549	0	111	25	23	26	31	0	413838154	79.22368808948127
18893	chr3	76797132	76830654	33522	0	59	17	13	9	14	0	413871676	79.23010542062018
6522	chr15	14307786	14341304	33518	2	145	25	24	14	70	0	413905194	79.23652198601347
6854	chr15	48359187	48392672	33485	0	87	24	12	14	30	0	413938679	79.24293223400545
16325	chr24	31341191	31374672	33481	2	71	25	12	11	16	0	413972160	79.24934171625179
23412	chr7	21803236	21836690	33454	1	129	29	20	28	36	1	414005614	79.25574602971523
7306	chr15	101506374	101539827	33453	0	125	34	24	12	40	0	414039067	79.26215015174226
6796	chr15	44402161	44435613	33452	0	112	30	20	12	37	0	414072519	79.26855408233288
12045	chr2	50007510	50040958	33448	2	132	31	15	32	39	0	414105967	79.2749572471779
7380	chr15	104619545	104652954	33409	0	132	34	26	17	41	0	414139376	79.28135294600315
1129	chr1	123311174	123344581	33407	1	101	38	14	11	27	0	414172783	79.28774826195558
16880	chr25	34048416	34081819	33403	1	134	31	25	14	57	0	414206186	79.29414281216242
8639	chr17	21555395	21588792	33397	0	56	20	10	8	10	0	414239583	79.30053621375082
7327	chr15	102435585	102468944	33359	0	125	32	25	15	41	0	414272942	79.30692234075586
6784	chr15	43852242	43885541	33299	0	127	32	25	17	42	0	414306241	79.31329698157666
8630	chr17	21342147	21375443	33296	0	43	14	8	4	14	0	414339537	79.31967104808824
1663	chr10	9086739	9120011	33272	2	140	30	17	20	63	0	414372809	79.32604052012613
8653	chr17	22117169	22150381	33212	0	57	23	11	4	12	0	414406021	79.33239850597977
10258	chr19	83954	117147	33193	0	146	21	10	13	26	0	414439214	79.33875285454172
12783	chr20	11080525	11113712	33187	0	14	4	4	3	3	0	414472401	79.34510605448526
14708	chr22	27359667	27392834	33167	1	67	27	11	7	16	1	414505568	79.3514554257007
8647	chr17	21837377	21870536	33159	0	51	19	10	4	12	0	414538727	79.35780326542493
15485	chr23	18990256	19023411	33155	0	101	23	20	18	35	0	414571882	79.36415033940354
23555	chr7	33570067	33603201	33134	1	49	16	12	5	10	3	414605016	79.37049339321766
489	chr1	53096222	53129353	33131	1	108	27	13	18	33	0	414638147	79.37683587272257
4431	chr12	119499773	119532857	33084	1	51	8	18	3	14	2	414671231	79.38316935471647
5910	chr14	58823245	58856269	33024	1	94	23	10	16	31	1	414704255	79.38949135052613
9678	chr18	36979185	37012208	33023	0	89	20	20	18	24	1	414737278	79.3958131548994
3772	chr12	26994898	27027900	33002	1	123	25	15	22	44	2	414770280	79.40213093910816
28417	chrX	161740100	161773099	32999	1	65	15	8	5	25	0	414803279	79.40844814900773
6825	chr15	45886996	45919989	32993	0	85	23	10	14	31	0	414836272	79.41476421028885
15457	chr23	14989738	15022723	32985	1	101	28	13	12	40	0	414869257	79.42107874007877
25001	chr8	60511456	60544441	32985	0	54	15	9	14	10	0	414902242	79.42739326986867
6251	chr14	101599275	101632250	32975	1	224	34	27	40	96	1	414935217	79.43370588529453
12543	chr2	144685447	144718417	32970	2	171	32	23	21	78	0	414968187	79.44001754353837
9322	chr18	1120050	1152992	32942	0	88	20	17	14	23	0	415001129	79.4463238415629
9546	chr18	24088815	24121731	32916	0	84	19	15	14	24	0	415034045	79.45262516224092
9337	chr18	3372902	3405801	32899	0	88	21	15	14	24	0	415066944	79.45892322850007
10218	chr18	96574347	96607236	32889	0	86	19	15	14	25	0	415099833	79.46521938039517
25551	chr9	9648975	9681860	32885	1	20	4	9	6	1	0	415132718	79.47151476654466
6774	chr15	43381635	43414436	32801	0	80	18	27	10	18	0	415165519	79.47779407203622
6838	chr15	47085561	47118345	32784	0	97	29	10	17	34	0	415198303	79.48407012310888
5789	chr14	51051724	51084496	32772	3	127	32	33	11	32	0	415231075	79.4903438769447
4455	chr12	122263374	122296106	32732	0	77	21	9	11	23	0	415263807	79.49660997332437
6063	chr14	79156920	79189597	32677	1	37	5	15	3	7	0	415296484	79.5028655407018
7293	chr15	100457444	100490077	32633	0	26	5	9	3	6	0	415329117	79.50911268487746
11602	chr2	25955387	25988020	32633	0	55	14	12	10	5	0	415361750	79.51535982905311
22747	chr6	95310536	95343095	32559	0	67	16	8	12	20	0	415394309	79.52159280693486
16188	chr24	24600787	24633297	32510	1	134	25	36	17	44	1	415426819	79.5278164044328
12936	chr20	22029804	22062304	32500	4	23	1	2	2	5	0	415459319	79.5340380875667
23975	chr7	85858708	85891168	32460	0	129	21	24	24	51	0	415491779	79.54025211324445
1127	chr1	123142376	123174813	32437	0	155	33	30	27	54	0	415524216	79.5464617358849
16780	chr25	24310162	24342486	32324	1	126	16	34	20	42	3	415556540	79.55264972621168
11189	chr19	83453667	83485964	32297	2	143	26	16	31	54	0	415588837	79.55883254775554
491	chr1	53333248	53365469	32221	0	18	0	11	1	1	0	415621058	79.56500082013271
10700	chr19	31543600	31575806	32206	3	33	12	0	7	8	0	415653264	79.57116622096379
979	chr1	108517177	108549371	32194	0	32	17	3	1	8	0	415685458	79.57732932455804
10071	chr18	83504182	83536361	32179	0	132	116	1	0	15	0	415717637	79.58348955660622
26126	chr9	76020451	76052606	32155	1	68	19	10	9	19	3	415749792	79.5896451941807
22877	chr6	111912724	111944675	31951	1	76	17	18	7	26	0	415781743	79.59576177872874
7924	chr16	45252945	45284864	31919	2	60	19	20	1	13	0	415813662	79.60187223731185
11613	chr2	26385665	26417580	31915	0	15	1	9	2	3	0	415845577	79.60798193014935
24035	chr7	87951698	87983577	31879	0	135	22	24	16	57	0	415877456	79.61408473127631
26227	chr9	83420345	83452208	31863	0	38	11	12	5	6	0	415909319	79.62018446942078
19131	chr3	101918756	101950552	31796	1	23	8	6	3	4	0	415941115	79.62627138132619
13629	chr20	76827154	76858942	31788	1	112	21	11	18	51	0	415972903	79.63235676174035
4646	chr13	21580156	21611938	31782	1	192	43	34	23	76	0	416004685	79.6384409935361
19132	chr3	101952860	101984598	31738	0	45	12	9	6	15	0	416036423	79.64451680213006
23448	chr7	25179082	25210816	31734	1	181	33	37	24	77	0	416068157	79.65059184497841
24015	chr7	87136415	87168144	31729	0	88	31	10	21	19	0	416099886	79.65666593064475
25242	chr8	91934246	91965925	31679	1	74	23	9	8	26	0	416131565	79.66273044449088
21461	chr5	94585456	94617129	31673	1	87	23	11	14	32	2	416163238	79.66879380971857
14566	chr22	12144586	12176246	31660	2	55	16	13	4	17	0	416194898	79.67485468627301
3193	chr11	71263090	71294749	31659	0	91	34	12	17	17	0	416226557	79.68091537139105
26708	chrX	7249213	7280778	31565	1	88	18	19	14	34	0	416258122	79.6869580614871
22514	chr6	68798894	68830445	31551	1	85	26	10	7	34	0	416289673	79.6929980714735
14437	chr21	84179309	84210843	31534	0	86	29	8	6	37	0	416321207	79.69903482704102
23983	chr7	86147634	86179133	31499	0	132	21	23	19	56	0	416352706	79.7050648823344
22695	chr6	89669443	89700933	31490	1	76	20	11	2	31	5	416384196	79.71109321470014
1963	chr10	47029884	47061357	31473	1	63	17	14	6	16	0	416415669	79.71711829264702
28763	chrX	197321067	197352490	31423	1	87	13	19	21	26	0	416447092	79.72313379877369
25317	chr8	100079566	100110967	31401	1	155	38	31	24	51	0	416478493	79.72914509329946
15505	chr23	19797693	19829083	31390	0	72	28	16	4	18	0	416509883	79.7351542820248
15225	chr22	68934008	68965378	31370	2	76	27	18	8	16	0	416541253	79.74115964202204
13577	chr20	73737694	73769056	31362	0	67	23	16	10	14	0	416572615	79.74716347052806
23154	chr6	136865596	136896929	31333	0	88	21	7	18	32	0	416603948	79.75316174737836
7290	chr15	100377112	100408433	31321	0	24	6	9	0	6	0	416635269	79.7591577269918
24009	chr7	86990098	87021372	31274	0	138	26	25	18	53	0	416666543	79.76514470909426
14185	chr21	48798557	48829823	31266	1	88	15	15	18	30	0	416697809	79.77113015970548
10192	chr18	95411054	95442274	31220	0	78	20	10	14	28	0	416729029	79.77710680424211
20767	chr4	133637848	133669059	31211	3	57	22	7	8	11	3	416760240	79.7830817258511
9525	chr18	22694931	22726104	31173	0	75	20	9	15	24	0	416791413	79.78904937287675
24316	chr7	131879514	131910687	31173	0	67	19	14	8	20	0	416822586	79.79501701990237
508	chr1	55427339	55458470	31131	1	174	33	29	40	57	1	416853717	79.80097662659904
2256	chr10	87372270	87403380	31110	0	85	2	0	0	54	0	416884827	79.80693221313122
22000	chr6	14086831	14117938	31107	1	69	14	5	14	22	1	416915934	79.81288722535417
15016	chr22	53687564	53718642	31078	1	78	19	21	10	19	0	416947012	79.81883668592144
10102	chr18	86227638	86258640	31002	0	65	15	11	8	26	0	416978014	79.82477159732197
5234	chr13	100064974	100095956	30982	2	102	22	12	15	37	2	417008996	79.83070267999442
10120	chr18	88457827	88488805	30978	0	62	14	9	10	25	0	417039974	79.83663299692124
9667	chr18	36552819	36583754	30935	0	72	17	9	13	26	0	417070909	79.8425550820827
9680	chr18	37051787	37082697	30910	0	73	20	9	13	25	0	417101819	79.84847238133406
10151	chr18	91643365	91674275	30910	0	86	19	9	16	35	0	417132729	79.85438968058541
10244	chr18	97932165	97963050	30885	0	73	19	9	14	24	0	417163614	79.86030219392666
19151	chr3	103058044	103088892	30848	0	21	4	7	3	3	0	417194462	79.86620762412096
18806	chr3	59993545	60024370	30825	0	72	11	7	8	33	0	417225287	79.87210865127796
19920	chr4	34566404	34597215	30811	2	81	25	20	9	16	0	417256098	79.87800699832532
10124	chr18	89059712	89090397	30685	0	82	17	11	15	33	0	417286783	79.88388122438573
7930	chr16	45628030	45658698	30668	0	63	21	7	8	16	0	417317451	79.8897521960273
10206	chr18	95919720	95950377	30657	0	80	17	11	14	32	0	417348108	79.89562106186841
9538	chr18	23209187	23239844	30657	0	79	16	10	14	32	0	417378765	79.90148992770952
10229	chr18	97427630	97458254	30624	0	67	17	10	11	24	0	417409389	79.9073524761493
12335	chr2	77037224	77067840	30616	0	87	16	13	8	40	1	417440005	79.91321349309783
2227	chr10	85427128	85457734	30606	0	112	38	21	14	30	0	417470611	79.91907259568234
13348	chr20	56230486	56261091	30605	0	81	31	9	10	22	0	417501216	79.92493150683043
12675	chr20	1244118	1274704	30586	1	27	9	2	6	5	0	417531802	79.93078678068686
3834	chr12	39833207	39863785	30578	1	95	27	6	6	44	0	417562380	79.93664052305203
2226	chr10	85391797	85422350	30553	0	110	38	21	12	29	0	417592933	79.94248947950712
2692	chr10	124159861	124190394	30533	0	119	42	22	12	32	0	417623466	79.94833460723412
24032	chr7	87852402	87882917	30515	0	144	23	35	13	57	0	417653981	79.95417628910585
7731	chr16	28656155	28686667	30512	1	80	17	13	10	34	0	417684493	79.96001739666836
327	chr1	36694991	36725393	30402	1	105	21	17	23	30	3	417714895	79.96583744622643
7056	chr15	78068559	78098949	30390	0	12	2	9	0	0	0	417745285	79.97165519854764
12746	chr20	8946801	8977185	30384	1	142	25	16	23	65	0	417775669	79.97747180225042
10143	chr18	91455065	91485442	30377	0	92	36	12	6	33	1	417806046	79.98328706589838
17400	chr27	961703	992075	30372	1	193	45	25	35	69	9	417836418	79.98910137236432
5425	chr13	119896670	119927037	30367	0	55	16	9	7	15	0	417866785	79.99491472164823
