Chromosome	Start	End	Overlap	density	midpoint
chr1	1	1000000	50548	0.050548	500000
chr1	500001	1500000	39632	0.039632	1000000
chr1	1000001	2000000	31714	0.031714	1500000
chr1	1500001	2500000	34749	0.034749	2000000
chr1	2000001	3000000	30494	0.030494	2500000
chr1	2500001	3500000	21167	0.021167	3000000
chr1	3000001	4000000	24447	0.024447	3500000
chr1	3500001	4500000	29971	0.029971	4000000
chr1	4000001	5000000	28151	0.028151	4500000
chr1	4500001	5500000	24321	0.024321	5000000
chr1	5000001	6000000	21404	0.021404	5500000
chr1	5500001	6500000	24352	0.024352	6000000
chr1	6000001	7000000	22232	0.022232	6500000
chr1	6500001	7500000	16578	0.016578	7000000
chr1	7000001	8000000	18093	0.018093	7500000
chr1	7500001	8500000	22346	0.022346	8000000
chr1	8000001	9000000	19311	0.019311	8500000
chr1	8500001	9500000	12808	0.012808	9000000
chr1	9000001	10000000	19692	0.019692	9500000
chr1	9500001	10500000	27907	0.027907	10000000
chr1	10000001	11000000	24997	0.024997	10500000
chr1	10500001	11500000	22265	0.022265	11000000
chr1	11000001	12000000	21918	0.021918	11500000
chr1	11500001	12500000	23640	0.02364	12000000
chr1	12000001	13000000	23736	0.023736	12500000
chr1	12500001	13500000	18355	0.018355	13000000
chr1	13000001	14000000	17247	0.017247	13500000
chr1	13500001	14500000	19776	0.019776	14000000
chr1	14000001	15000000	22093	0.022093	14500000
chr1	14500001	15500000	24380	0.02438	15000000
chr1	15000001	16000000	28381	0.028381	15500000
chr1	15500001	16500000	27053	0.027053	16000000
chr1	16000001	17000000	20662	0.020662	16500000
chr1	16500001	17500000	20364	0.020364	17000000
chr1	17000001	18000000	21854	0.021854	17500000
chr1	17500001	18500000	21968	0.021968	18000000
chr1	18000001	19000000	19462	0.019462	18500000
chr1	18500001	19500000	16032	0.016032	19000000
chr1	19000001	20000000	18966	0.018966	19500000
chr1	19500001	20500000	23502	0.023502	20000000
chr1	20000001	21000000	22664	0.022664	20500000
chr1	20500001	21500000	23118	0.023118	21000000
chr1	21000001	22000000	20853	0.020853	21500000
chr1	21500001	22500000	19824	0.019824	22000000
chr1	22000001	23000000	24997	0.024997	22500000
chr1	22500001	23500000	20422	0.020422	23000000
chr1	23000001	24000000	17126	0.017126	23500000
chr1	23500001	24500000	22947	0.022947	24000000
chr1	24000001	25000000	23479	0.023479	24500000
chr1	24500001	25500000	21921	0.021921	25000000
chr1	25000001	26000000	20410	0.02041	25500000
chr1	25500001	26500000	21424	0.021424	26000000
chr1	26000001	27000000	22721	0.022721	26500000
chr1	26500001	27500000	19066	0.019066	27000000
chr1	27000001	28000000	21726	0.021726	27500000
chr1	27500001	28500000	27276	0.027276	28000000
chr1	28000001	29000000	23991	0.023991	28500000
chr1	28500001	29500000	21825	0.021825	29000000
chr1	29000001	30000000	25692	0.025692	29500000
chr1	29500001	30500000	24000	0.024	30000000
chr1	30000001	31000000	20816	0.020816	30500000
chr1	30500001	31500000	26326	0.026326	31000000
chr1	31000001	32000000	28026	0.028026	31500000
chr1	31500001	32500000	25839	0.025839	32000000
chr1	32000001	33000000	24261	0.024261	32500000
chr1	32500001	33500000	19632	0.019632	33000000
chr1	33000001	34000000	21428	0.021428	33500000
chr1	33500001	34500000	28778	0.028778	34000000
chr1	34000001	35000000	38320	0.03832	34500000
chr1	34500001	35500000	34564	0.034564	35000000
chr1	35000001	36000000	24054	0.024054	35500000
chr1	35500001	36500000	22270	0.02227	36000000
chr1	36000001	37000000	23691	0.023691	36500000
chr1	36500001	37500000	20943	0.020943	37000000
chr1	37000001	38000000	15948	0.015948	37500000
chr1	37500001	38500000	16592	0.016592	38000000
chr1	38000001	39000000	19888	0.019888	38500000
chr1	38500001	39500000	22251	0.022251	39000000
chr1	39000001	40000000	23713	0.023713	39500000
chr1	39500001	40500000	23229	0.023229	40000000
chr1	40000001	41000000	20226	0.020226	40500000
chr1	40500001	41500000	22964	0.022964	41000000
chr1	41000001	42000000	33067	0.033067	41500000
chr1	41500001	42500000	32324	0.032324	42000000
chr1	42000001	43000000	25860	0.02586	42500000
chr1	42500001	43500000	25240	0.02524	43000000
chr1	43000001	44000000	22143	0.022143	43500000
chr1	43500001	44500000	19521	0.019521	44000000
chr1	44000001	45000000	20355	0.020355	44500000
chr1	44500001	45500000	25854	0.025854	45000000
chr1	45000001	46000000	25649	0.025649	45500000
chr1	45500001	46500000	22513	0.022513	46000000
chr1	46000001	47000000	27072	0.027072	46500000
chr1	46500001	47500000	26786	0.026786	47000000
chr1	47000001	48000000	21116	0.021116	47500000
chr1	47500001	48500000	17868	0.017868	48000000
chr1	48000001	49000000	17765	0.017765	48500000
chr1	48500001	49500000	21284	0.021284	49000000
chr1	49000001	50000000	22709	0.022709	49500000
chr1	49500001	50500000	22495	0.022495	50000000
chr1	50000001	51000000	24658	0.024658	50500000
chr1	50500001	51500000	21593	0.021593	51000000
chr1	51000001	52000000	16812	0.016812	51500000
chr1	51500001	52500000	87105	0.087105	52000000
chr1	52000001	53000000	90004	0.090004	52500000
chr1	52500001	53500000	17184	0.017184	53000000
chr1	53000001	54000000	15402	0.015402	53500000
chr1	53500001	54500000	21979	0.021979	54000000
chr1	54000001	55000000	23111	0.023111	54500000
chr1	54500001	55500000	21347	0.021347	55000000
chr1	55000001	56000000	22554	0.022554	55500000
chr1	55500001	56500000	21767	0.021767	56000000
chr1	56000001	57000000	18094	0.018094	56500000
chr1	56500001	57500000	17802	0.017802	57000000
chr1	57000001	58000000	19260	0.01926	57500000
chr1	57500001	58500000	22487	0.022487	58000000
chr1	58000001	59000000	22738	0.022738	58500000
chr1	58500001	59500000	18438	0.018438	59000000
chr1	59000001	60000000	20545	0.020545	59500000
chr1	59500001	60500000	21736	0.021736	60000000
chr1	60000001	61000000	22970	0.02297	60500000
chr1	60500001	61500000	22394	0.022394	61000000
chr1	61000001	62000000	20004	0.020004	61500000
chr1	61500001	62500000	19996	0.019996	62000000
chr1	62000001	63000000	18506	0.018506	62500000
chr1	62500001	63500000	18735	0.018735	63000000
chr1	63000001	64000000	26680	0.02668	63500000
chr1	63500001	64500000	25477	0.025477	64000000
chr1	64000001	65000000	16076	0.016076	64500000
chr1	64500001	65500000	19281	0.019281	65000000
chr1	65000001	66000000	22584	0.022584	65500000
chr1	65500001	66500000	24560	0.02456	66000000
chr1	66000001	67000000	22578	0.022578	66500000
chr1	66500001	67500000	20797	0.020797	67000000
chr1	67000001	68000000	22522	0.022522	67500000
chr1	67500001	68500000	23029	0.023029	68000000
chr1	68000001	69000000	22342	0.022342	68500000
chr1	68500001	69500000	25307	0.025307	69000000
chr1	69000001	70000000	24990	0.02499	69500000
chr1	69500001	70500000	19814	0.019814	70000000
chr1	70000001	71000000	21539	0.021539	70500000
chr1	70500001	71500000	23891	0.023891	71000000
chr1	71000001	72000000	20755	0.020755	71500000
chr1	71500001	72500000	17180	0.01718	72000000
chr1	72000001	73000000	19548	0.019548	72500000
chr1	72500001	73500000	20736	0.020736	73000000
chr1	73000001	74000000	21779	0.021779	73500000
chr1	73500001	74500000	22724	0.022724	74000000
chr1	74000001	75000000	19938	0.019938	74500000
chr1	74500001	75500000	21713	0.021713	75000000
chr1	75000001	76000000	22469	0.022469	75500000
chr1	75500001	76500000	31986	0.031986	76000000
chr1	76000001	77000000	33207	0.033207	76500000
chr1	76500001	77500000	20710	0.02071	77000000
chr1	77000001	78000000	18858	0.018858	77500000
chr1	77500001	78500000	18047	0.018047	78000000
chr1	78000001	79000000	17921	0.017921	78500000
chr1	78500001	79500000	18759	0.018759	79000000
chr1	79000001	80000000	17316	0.017316	79500000
chr1	79500001	80500000	16272	0.016272	80000000
chr1	80000001	81000000	16934	0.016934	80500000
chr1	80500001	81500000	17947	0.017947	81000000
chr1	81000001	82000000	19246	0.019246	81500000
chr1	81500001	82500000	21008	0.021008	82000000
chr1	82000001	83000000	21158	0.021158	82500000
chr1	82500001	83500000	22178	0.022178	83000000
chr1	83000001	84000000	23441	0.023441	83500000
chr1	83500001	84500000	23956	0.023956	84000000
chr1	84000001	85000000	25713	0.025713	84500000
chr1	84500001	85500000	21720	0.02172	85000000
chr1	85000001	86000000	17710	0.01771	85500000
chr1	85500001	86500000	19524	0.019524	86000000
chr1	86000001	87000000	25878	0.025878	86500000
chr1	86500001	87500000	27494	0.027494	87000000
chr1	87000001	88000000	18563	0.018563	87500000
chr1	87500001	88500000	15606	0.015606	88000000
chr1	88000001	89000000	16891	0.016891	88500000
chr1	88500001	89500000	15012	0.015012	89000000
chr1	89000001	90000000	16984	0.016984	89500000
chr1	89500001	90500000	19858	0.019858	90000000
chr1	90000001	91000000	21544	0.021544	90500000
chr1	90500001	91500000	25273	0.025273	91000000
chr1	91000001	92000000	29587	0.029587	91500000
chr1	91500001	92500000	27427	0.027427	92000000
chr1	92000001	93000000	23838	0.023838	92500000
chr1	92500001	93500000	28403	0.028403	93000000
chr1	93000001	94000000	29324	0.029324	93500000
chr1	93500001	94500000	25040	0.02504	94000000
chr1	94000001	95000000	21948	0.021948	94500000
chr1	94500001	95500000	20925	0.020925	95000000
chr1	95000001	96000000	23778	0.023778	95500000
chr1	95500001	96500000	20022	0.020022	96000000
chr1	96000001	97000000	18898	0.018898	96500000
chr1	96500001	97500000	21299	0.021299	97000000
chr1	97000001	98000000	17917	0.017917	97500000
chr1	97500001	98500000	18137	0.018137	98000000
chr1	98000001	99000000	20268	0.020268	98500000
chr1	98500001	99500000	20496	0.020496	99000000
chr1	99000001	100000000	18076	0.018076	99500000
chr1	99500001	100500000	17761	0.017761	100000000
chr1	100000001	101000000	23100	0.0231	100500000
chr1	100500001	101500000	23616	0.023616	101000000
chr1	101000001	102000000	24412	0.024412	101500000
chr1	101500001	102500000	23270	0.02327	102000000
chr1	102000001	103000000	23068	0.023068	102500000
chr1	102500001	103500000	23429	0.023429	103000000
chr1	103000001	104000000	20675	0.020675	103500000
chr1	103500001	104500000	20153	0.020153	104000000
chr1	104000001	105000000	17302	0.017302	104500000
chr1	104500001	105500000	18977	0.018977	105000000
chr1	105000001	106000000	23800	0.0238	105500000
chr1	105500001	106500000	26366	0.026366	106000000
chr1	106000001	107000000	26411	0.026411	106500000
chr1	106500001	107500000	24438	0.024438	107000000
chr1	107000001	108000000	36204	0.036204	107500000
chr1	107500001	108500000	418957	0.418957	108000000
chr1	108000001	109000000	437792	0.437792	108500000
chr1	108500001	109500000	68021	0.068021	109000000
chr1	109000001	110000000	37068	0.037068	109500000
chr1	109500001	110500000	23876	0.023876	110000000
chr1	110000001	111000000	20709	0.020709	110500000
chr1	110500001	111500000	20575	0.020575	111000000
chr1	111000001	112000000	21465	0.021465	111500000
chr1	111500001	112500000	19411	0.019411	112000000
chr1	112000001	113000000	18203	0.018203	112500000
chr1	112500001	113500000	18377	0.018377	113000000
chr1	113000001	114000000	17239	0.017239	113500000
chr1	113500001	114500000	20164	0.020164	114000000
chr1	114000001	115000000	21594	0.021594	114500000
chr1	114500001	115500000	17382	0.017382	115000000
chr1	115000001	116000000	17253	0.017253	115500000
chr1	115500001	116500000	18043	0.018043	116000000
chr1	116000001	117000000	21288	0.021288	116500000
chr1	116500001	117500000	20451	0.020451	117000000
chr1	117000001	118000000	17333	0.017333	117500000
chr1	117500001	118500000	16550	0.01655	118000000
chr1	118000001	119000000	14855	0.014855	118500000
chr1	118500001	119500000	18345	0.018345	119000000
chr1	119000001	120000000	18463	0.018463	119500000
chr1	119500001	120500000	16272	0.016272	120000000
chr1	120000001	121000000	18545	0.018545	120500000
chr1	120500001	121500000	21892	0.021892	121000000
chr1	121000001	122000000	19952	0.019952	121500000
chr1	121500001	122500000	21075	0.021075	122000000
chr1	122000001	123000000	23955	0.023955	122500000
chr1	122500001	123500000	22641	0.022641	123000000
chr1	123000001	124000000	15745	0.015745	123500000
chr1	123500001	124500000	42281	0.042281	124000000
chr1	124000001	125000000	43851	0.043851	124500000
chr1	124500001	125500000	14123	0.014123	125000000
chr1	125000001	126000000	23523	0.023523	125500000
chr1	125500001	126500000	25544	0.025544	126000000
chr1	126000001	127000000	24940	0.02494	126500000
chr1	126500001	127500000	404042	0.404042	127000000
chr1	127000001	128000000	807959	0.807959	127500000
chr1	127500001	128500000	902506	0.902506	128000000
chr1	128000001	129000000	570654	0.570654	128500000
chr1	128500001	129500000	97605	0.097605	129000000
chr1	129000001	130000000	21890	0.02189	129500000
chr1	129500001	130500000	19742	0.019742	130000000
chr1	130000001	131000000	21433	0.021433	130500000
chr1	130500001	131500000	24514	0.024514	131000000
chr1	131000001	132000000	22024	0.022024	131500000
chr1	131500001	132500000	22725	0.022725	132000000
chr1	132000001	133000000	21825	0.021825	132500000
chr1	132500001	133500000	19125	0.019125	133000000
chr1	133000001	134000000	20620	0.02062	133500000
chr1	133500001	134500000	22952	0.022952	134000000
chr1	134000001	135000000	21242	0.021242	134500000
chr1	134500001	135500000	19965	0.019965	135000000
chr1	135000001	136000000	20643	0.020643	135500000
chr1	135500001	136500000	16650	0.01665	136000000
chr1	136000001	137000000	16173	0.016173	136500000
chr1	136500001	137500000	19518	0.019518	137000000
chr1	137000001	138000000	20306	0.020306	137500000
chr1	137500001	138500000	20404	0.020404	138000000
chr1	138000001	139000000	21323	0.021323	138500000
chr1	138500001	139500000	24737	0.024737	139000000
chr1	139000001	140000000	24037	0.024037	139500000
chr1	139500001	140500000	23264	0.023264	140000000
chr1	140000001	141000000	19231	0.019231	140500000
chr1	140500001	141500000	14546	0.014546	141000000
chr1	141000001	142000000	16545	0.016545	141500000
chr1	141500001	142500000	17845	0.017845	142000000
chr1	142000001	143000000	22289	0.022289	142500000
chr1	142500001	143500000	24756	0.024756	143000000
chr1	143000001	144000000	24361	0.024361	143500000
chr1	143500001	144500000	23688	0.023688	144000000
chr1	144000001	145000000	20799	0.020799	144500000
chr1	144500001	145500000	18140	0.01814	145000000
chr1	145000001	146000000	17792	0.017792	145500000
chr1	145500001	146500000	22517	0.022517	146000000
chr1	146000001	147000000	25725	0.025725	146500000
chr1	146500001	147500000	21832	0.021832	147000000
chr1	147000001	148000000	24294	0.024294	147500000
chr1	147500001	148500000	26349	0.026349	148000000
chr1	148000001	149000000	22524	0.022524	148500000
chr1	148500001	149500000	21453	0.021453	149000000
chr1	149000001	150000000	24417	0.024417	149500000
chr1	149500001	150500000	26664	0.026664	150000000
chr1	150000001	151000000	23373	0.023373	150500000
chr1	150500001	151500000	25916	0.025916	151000000
chr1	151000001	152000000	26437	0.026437	151500000
chr1	151500001	152500000	23603	0.023603	152000000
chr1	152000001	153000000	24518	0.024518	152500000
chr1	152500001	153500000	24939	0.024939	153000000
chr1	153000001	154000000	27834	0.027834	153500000
chr1	153500001	154500000	23643	0.023643	154000000
chr1	154000001	155000000	20317	0.020317	154500000
chr1	154500001	155500000	19831	0.019831	155000000
chr1	155000001	156000000	19047	0.019047	155500000
chr1	155500001	156500000	21101	0.021101	156000000
chr1	156000001	157000000	25653	0.025653	156500000
chr1	156500001	157500000	27869	0.027869	157000000
chr1	157000001	158000000	27420	0.02742	157500000
chr1	157500001	158500000	26832	0.026832	158000000
chr1	158000001	159000000	23743	0.023743	158500000
chr1	158500001	159500000	21332	0.021332	159000000
chr1	159000001	160000000	18069	0.018069	159500000
chr1	159500001	160500000	17128	0.017128	160000000
chr1	160000001	161000000	18913	0.018913	160500000
chr1	160500001	161500000	20865	0.020865	161000000
chr1	161000001	162000000	21047	0.021047	161500000
chr1	161500001	162500000	20835	0.020835	162000000
chr1	162000001	163000000	17255	0.017255	162500000
chr1	162500001	163500000	21865	0.021865	163000000
chr1	163000001	164000000	29302	0.029302	163500000
chr1	163500001	164500000	25422	0.025422	164000000
chr1	164000001	165000000	22807	0.022807	164500000
chr1	164500001	165500000	21401	0.021401	165000000
chr1	165000001	166000000	19722	0.019722	165500000
chr1	165500001	166500000	20449	0.020449	166000000
chr1	166000001	167000000	21778	0.021778	166500000
chr1	166500001	167500000	20573	0.020573	167000000
chr1	167000001	168000000	23597	0.023597	167500000
chr1	167500001	168500000	25739	0.025739	168000000
chr1	168000001	169000000	22289	0.022289	168500000
chr1	168500001	169500000	23021	0.023021	169000000
chr1	169000001	170000000	20907	0.020907	169500000
chr1	169500001	170500000	21168	0.021168	170000000
chr1	170000001	171000000	22210	0.02221	170500000
chr1	170500001	171500000	17208	0.017208	171000000
chr1	171000001	172000000	15706	0.015706	171500000
chr1	171500001	172500000	20531	0.020531	172000000
chr1	172000001	173000000	23231	0.023231	172500000
chr1	172500001	173500000	31117	0.031117	173000000
chr1	173000001	174000000	35000	0.035	173500000
chr1	173500001	174500000	38905	0.038905	174000000
chr1	174000001	175000000	59517	0.059517	174500000
chr1	174500001	175500000	53373	0.053373	175000000
chr1	175000001	176000000	33016	0.033016	175500000
chr1	175500001	176500000	26235	0.026235	176000000
chr1	176000001	177000000	310446	0.310446	176500000
chr1	176500001	177500000	799513	0.799513	177000000
chr1	177000001	178000000	1000000	1.0	177500000
chr1	177500001	178500000	1000000	1.0	178000000
chr1	178000001	179000000	1000000	1.0	178500000
chr1	178500001	179500000	1000000	1.0	179000000
chr1	179000001	180000000	1000000	1.0	179500000
chr1	179500001	180500000	1000000	1.0	180000000
chr1	180000001	181000000	1000000	1.0	180500000
chr1	180500001	181500000	1000000	1.0	181000000
chr1	181000001	182000000	999900	0.9999	181500000
chr1	181500001	182500000	999900	0.9999	182000000
chr1	182000001	183000000	1000000	1.0	182500000
chr1	182500001	183500000	1000000	1.0	183000000
chr1	183000001	184000000	1000000	1.0	183500000
chr1	183500001	184500000	1000000	1.0	184000000
chr1	184000001	185000000	999900	0.9999	184500000
chr2	1	1000000	21410	0.02141	500000
chr2	500001	1500000	22015	0.022015	1000000
chr2	1000001	2000000	23313	0.023313	1500000
chr2	1500001	2500000	19279	0.019279	2000000
chr2	2000001	3000000	19586	0.019586	2500000
chr2	2500001	3500000	21162	0.021162	3000000
chr2	3000001	4000000	20034	0.020034	3500000
chr2	3500001	4500000	18030	0.01803	4000000
chr2	4000001	5000000	16525	0.016525	4500000
chr2	4500001	5500000	17518	0.017518	5000000
chr2	5000001	6000000	19252	0.019252	5500000
chr2	5500001	6500000	23034	0.023034	6000000
chr2	6000001	7000000	22248	0.022248	6500000
chr2	6500001	7500000	18612	0.018612	7000000
chr2	7000001	8000000	21021	0.021021	7500000
chr2	7500001	8500000	22531	0.022531	8000000
chr2	8000001	9000000	18798	0.018798	8500000
chr2	8500001	9500000	17823	0.017823	9000000
chr2	9000001	10000000	21819	0.021819	9500000
chr2	9500001	10500000	20547	0.020547	10000000
chr2	10000001	11000000	19072	0.019072	10500000
chr2	10500001	11500000	21544	0.021544	11000000
chr2	11000001	12000000	23302	0.023302	11500000
chr2	11500001	12500000	23698	0.023698	12000000
chr2	12000001	13000000	22920	0.02292	12500000
chr2	12500001	13500000	24792	0.024792	13000000
chr2	13000001	14000000	22592	0.022592	13500000
chr2	13500001	14500000	21247	0.021247	14000000
chr2	14000001	15000000	25284	0.025284	14500000
chr2	14500001	15500000	26579	0.026579	15000000
chr2	15000001	16000000	24842	0.024842	15500000
chr2	15500001	16500000	22723	0.022723	16000000
chr2	16000001	17000000	20670	0.02067	16500000
chr2	16500001	17500000	21208	0.021208	17000000
chr2	17000001	18000000	26843	0.026843	17500000
chr2	17500001	18500000	28701	0.028701	18000000
chr2	18000001	19000000	28454	0.028454	18500000
chr2	18500001	19500000	25247	0.025247	19000000
chr2	19000001	20000000	20396	0.020396	19500000
chr2	19500001	20500000	22196	0.022196	20000000
chr2	20000001	21000000	32544	0.032544	20500000
chr2	20500001	21500000	40048	0.040048	21000000
chr2	21000001	22000000	34486	0.034486	21500000
chr2	21500001	22500000	26613	0.026613	22000000
chr2	22000001	23000000	22854	0.022854	22500000
chr2	22500001	23500000	24607	0.024607	23000000
chr2	23000001	24000000	25260	0.02526	23500000
chr2	23500001	24500000	23233	0.023233	24000000
chr2	24000001	25000000	27700	0.0277	24500000
chr2	24500001	25500000	36121	0.036121	25000000
chr2	25000001	26000000	32698	0.032698	25500000
chr2	25500001	26500000	30084	0.030084	26000000
chr2	26000001	27000000	30203	0.030203	26500000
chr2	26500001	27500000	25008	0.025008	27000000
chr2	27000001	28000000	23529	0.023529	27500000
chr2	27500001	28500000	28897	0.028897	28000000
chr2	28000001	29000000	30535	0.030535	28500000
chr2	28500001	29500000	25825	0.025825	29000000
chr2	29000001	30000000	26127	0.026127	29500000
chr2	29500001	30500000	26182	0.026182	30000000
chr2	30000001	31000000	26277	0.026277	30500000
chr2	30500001	31500000	30507	0.030507	31000000
chr2	31000001	32000000	28506	0.028506	31500000
chr2	31500001	32500000	24515	0.024515	32000000
chr2	32000001	33000000	27221	0.027221	32500000
chr2	32500001	33500000	27435	0.027435	33000000
chr2	33000001	34000000	23490	0.02349	33500000
chr2	33500001	34500000	24594	0.024594	34000000
chr2	34000001	35000000	28963	0.028963	34500000
chr2	34500001	35500000	31727	0.031727	35000000
chr2	35000001	36000000	34857	0.034857	35500000
chr2	35500001	36500000	33879	0.033879	36000000
chr2	36000001	37000000	29630	0.02963	36500000
chr2	36500001	37500000	23523	0.023523	37000000
chr2	37000001	38000000	17482	0.017482	37500000
chr2	37500001	38500000	21700	0.0217	38000000
chr2	38000001	39000000	26645	0.026645	38500000
chr2	38500001	39500000	32327	0.032327	39000000
chr2	39000001	40000000	34962	0.034962	39500000
chr2	39500001	40500000	32576	0.032576	40000000
chr2	40000001	41000000	34093	0.034093	40500000
chr2	40500001	41500000	31631	0.031631	41000000
chr2	41000001	42000000	27281	0.027281	41500000
chr2	41500001	42500000	28609	0.028609	42000000
chr2	42000001	43000000	34641	0.034641	42500000
chr2	42500001	43500000	38055	0.038055	43000000
chr2	43000001	44000000	126868	0.126868	43500000
chr2	43500001	44500000	122262	0.122262	44000000
chr2	44000001	45000000	27596	0.027596	44500000
chr2	44500001	45500000	27103	0.027103	45000000
chr2	45000001	46000000	28673	0.028673	45500000
chr2	45500001	46500000	40329	0.040329	46000000
chr2	46000001	47000000	35439	0.035439	46500000
chr2	46500001	47500000	16931	0.016931	47000000
chr2	47000001	48000000	11674	0.011674	47500000
chr2	47500001	48500000	9912	0.009912	48000000
chr2	48000001	49000000	16157	0.016157	48500000
chr2	48500001	49500000	20702	0.020702	49000000
chr2	49000001	50000000	25234	0.025234	49500000
chr2	49500001	50500000	23466	0.023466	50000000
chr2	50000001	51000000	15560	0.01556	50500000
chr2	50500001	51500000	17402	0.017402	51000000
chr2	51000001	52000000	18792	0.018792	51500000
chr2	51500001	52500000	26625	0.026625	52000000
chr2	52000001	53000000	29490	0.02949	52500000
chr2	52500001	53500000	21440	0.02144	53000000
chr2	53000001	54000000	24557	0.024557	53500000
chr2	53500001	54500000	23304	0.023304	54000000
chr2	54000001	55000000	20603	0.020603	54500000
chr2	54500001	55500000	22264	0.022264	55000000
chr2	55000001	56000000	128389	0.128389	55500000
chr2	55500001	56500000	451046	0.451046	56000000
chr2	56000001	57000000	345742	0.345742	56500000
chr2	56500001	57500000	22707	0.022707	57000000
chr2	57000001	58000000	19701	0.019701	57500000
chr2	57500001	58500000	17891	0.017891	58000000
chr2	58000001	59000000	19305	0.019305	58500000
chr2	58500001	59500000	18939	0.018939	59000000
chr2	59000001	60000000	19912	0.019912	59500000
chr2	59500001	60500000	23957	0.023957	60000000
chr2	60000001	61000000	26248	0.026248	60500000
chr2	60500001	61500000	23898	0.023898	61000000
chr2	61000001	62000000	19498	0.019498	61500000
chr2	61500001	62500000	20898	0.020898	62000000
chr2	62000001	63000000	21435	0.021435	62500000
chr2	62500001	63500000	22571	0.022571	63000000
chr2	63000001	64000000	23102	0.023102	63500000
chr2	63500001	64500000	18802	0.018802	64000000
chr2	64000001	65000000	19352	0.019352	64500000
chr2	64500001	65500000	23686	0.023686	65000000
chr2	65000001	66000000	25698	0.025698	65500000
chr2	65500001	66500000	25133	0.025133	66000000
chr2	66000001	67000000	21637	0.021637	66500000
chr2	66500001	67500000	23216	0.023216	67000000
chr2	67000001	68000000	22637	0.022637	67500000
chr2	67500001	68500000	19848	0.019848	68000000
chr2	68000001	69000000	22877	0.022877	68500000
chr2	68500001	69500000	25045	0.025045	69000000
chr2	69000001	70000000	21082	0.021082	69500000
chr2	69500001	70500000	16871	0.016871	70000000
chr2	70000001	71000000	18230	0.01823	70500000
chr2	70500001	71500000	19851	0.019851	71000000
chr2	71000001	72000000	21081	0.021081	71500000
chr2	71500001	72500000	22738	0.022738	72000000
chr2	72000001	73000000	20989	0.020989	72500000
chr2	72500001	73500000	20763	0.020763	73000000
chr2	73000001	74000000	19291	0.019291	73500000
chr2	73500001	74500000	21080	0.02108	74000000
chr2	74000001	75000000	25133	0.025133	74500000
chr2	74500001	75500000	24814	0.024814	75000000
chr2	75000001	76000000	25004	0.025004	75500000
chr2	75500001	76500000	22282	0.022282	76000000
chr2	76000001	77000000	20510	0.02051	76500000
chr2	76500001	77500000	22582	0.022582	77000000
chr2	77000001	78000000	24257	0.024257	77500000
chr2	77500001	78500000	20647	0.020647	78000000
chr2	78000001	79000000	20728	0.020728	78500000
chr2	78500001	79500000	22624	0.022624	79000000
chr2	79000001	80000000	20330	0.02033	79500000
chr2	79500001	80500000	18072	0.018072	80000000
chr2	80000001	81000000	19002	0.019002	80500000
chr2	80500001	81500000	20480	0.02048	81000000
chr2	81000001	82000000	21482	0.021482	81500000
chr2	81500001	82500000	20789	0.020789	82000000
chr2	82000001	83000000	19053	0.019053	82500000
chr2	82500001	83500000	17455	0.017455	83000000
chr2	83000001	84000000	15920	0.01592	83500000
chr2	83500001	84500000	22479	0.022479	84000000
chr2	84000001	85000000	23640	0.02364	84500000
chr2	84500001	85500000	19245	0.019245	85000000
chr2	85000001	86000000	23937	0.023937	85500000
chr2	85500001	86500000	22917	0.022917	86000000
chr2	86000001	87000000	18290	0.01829	86500000
chr2	86500001	87500000	17135	0.017135	87000000
chr2	87000001	88000000	20436	0.020436	87500000
chr2	87500001	88500000	24774	0.024774	88000000
chr2	88000001	89000000	22715	0.022715	88500000
chr2	88500001	89500000	18728	0.018728	89000000
chr2	89000001	90000000	17421	0.017421	89500000
chr2	89500001	90500000	17619	0.017619	90000000
chr2	90000001	91000000	17395	0.017395	90500000
chr2	90500001	91500000	18803	0.018803	91000000
chr2	91000001	92000000	20586	0.020586	91500000
chr2	91500001	92500000	25164	0.025164	92000000
chr2	92000001	93000000	24668	0.024668	92500000
chr2	92500001	93500000	20649	0.020649	93000000
chr2	93000001	94000000	20644	0.020644	93500000
chr2	93500001	94500000	18056	0.018056	94000000
chr2	94000001	95000000	15955	0.015955	94500000
chr2	94500001	95500000	16333	0.016333	95000000
chr2	95000001	96000000	16765	0.016765	95500000
chr2	95500001	96500000	18703	0.018703	96000000
chr2	96000001	97000000	18731	0.018731	96500000
chr2	96500001	97500000	18059	0.018059	97000000
chr2	97000001	98000000	18727	0.018727	97500000
chr2	97500001	98500000	19962	0.019962	98000000
chr2	98000001	99000000	21808	0.021808	98500000
chr2	98500001	99500000	21082	0.021082	99000000
chr2	99000001	100000000	19077	0.019077	99500000
chr2	99500001	100500000	20915	0.020915	100000000
chr2	100000001	101000000	22710	0.02271	100500000
chr2	100500001	101500000	20763	0.020763	101000000
chr2	101000001	102000000	17922	0.017922	101500000
chr2	101500001	102500000	16705	0.016705	102000000
chr2	102000001	103000000	17219	0.017219	102500000
chr2	102500001	103500000	16903	0.016903	103000000
chr2	103000001	104000000	18531	0.018531	103500000
chr2	103500001	104500000	22072	0.022072	104000000
chr2	104000001	105000000	22732	0.022732	104500000
chr2	104500001	105500000	22063	0.022063	105000000
chr2	105000001	106000000	31975	0.031975	105500000
chr2	105500001	106500000	429977	0.429977	106000000
chr2	106000001	107000000	909089	0.909089	106500000
chr2	106500001	107500000	1000000	1.0	107000000
chr2	107000001	108000000	1000000	1.0	107500000
chr2	107500001	108500000	1000000	1.0	108000000
chr2	108000001	109000000	543238	0.543238	108500000
chr2	108500001	109500000	52123	0.052123	109000000
chr2	109000001	110000000	17857	0.017857	109500000
chr2	109500001	110500000	16642	0.016642	110000000
chr2	110000001	111000000	15477	0.015477	110500000
chr2	110500001	111500000	16757	0.016757	111000000
chr2	111000001	112000000	18516	0.018516	111500000
chr2	111500001	112500000	17674	0.017674	112000000
chr2	112000001	113000000	17464	0.017464	112500000
chr2	112500001	113500000	21963	0.021963	113000000
chr2	113000001	114000000	20190	0.02019	113500000
chr2	113500001	114500000	14539	0.014539	114000000
chr2	114000001	115000000	15421	0.015421	114500000
chr2	114500001	115500000	15829	0.015829	115000000
chr2	115000001	116000000	19161	0.019161	115500000
chr2	115500001	116500000	18821	0.018821	116000000
chr2	116000001	117000000	14543	0.014543	116500000
chr2	116500001	117500000	16793	0.016793	117000000
chr2	117000001	118000000	18377	0.018377	117500000
chr2	117500001	118500000	17591	0.017591	118000000
chr2	118000001	119000000	16380	0.01638	118500000
chr2	118500001	119500000	20150	0.02015	119000000
chr2	119000001	120000000	23652	0.023652	119500000
chr2	119500001	120500000	21531	0.021531	120000000
chr2	120000001	121000000	22445	0.022445	120500000
chr2	120500001	121500000	23202	0.023202	121000000
chr2	121000001	122000000	19672	0.019672	121500000
chr2	121500001	122500000	18538	0.018538	122000000
chr2	122000001	123000000	20177	0.020177	122500000
chr2	122500001	123500000	18630	0.01863	123000000
chr2	123000001	124000000	17621	0.017621	123500000
chr2	123500001	124500000	21047	0.021047	124000000
chr2	124000001	125000000	20745	0.020745	124500000
chr2	124500001	125500000	18682	0.018682	125000000
chr2	125000001	126000000	17759	0.017759	125500000
chr2	125500001	126500000	19465	0.019465	126000000
chr2	126000001	127000000	21720	0.02172	126500000
chr2	126500001	127500000	21502	0.021502	127000000
chr2	127000001	128000000	19855	0.019855	127500000
chr2	127500001	128500000	19107	0.019107	128000000
chr2	128000001	129000000	18291	0.018291	128500000
chr2	128500001	129500000	17329	0.017329	129000000
chr2	129000001	130000000	17859	0.017859	129500000
chr2	129500001	130500000	19295	0.019295	130000000
chr2	130000001	131000000	22377	0.022377	130500000
chr2	130500001	131500000	19921	0.019921	131000000
chr2	131000001	132000000	20222	0.020222	131500000
chr2	131500001	132500000	23167	0.023167	132000000
chr2	132000001	133000000	19308	0.019308	132500000
chr2	132500001	133500000	18843	0.018843	133000000
chr2	133000001	134000000	22301	0.022301	133500000
chr2	133500001	134500000	19762	0.019762	134000000
chr2	134000001	135000000	21157	0.021157	134500000
chr2	134500001	135500000	23615	0.023615	135000000
chr2	135000001	136000000	22328	0.022328	135500000
chr2	135500001	136500000	24077	0.024077	136000000
chr2	136000001	137000000	22163	0.022163	136500000
chr2	136500001	137500000	21250	0.02125	137000000
chr2	137000001	138000000	22194	0.022194	137500000
chr2	137500001	138500000	21873	0.021873	138000000
chr2	138000001	139000000	22528	0.022528	138500000
chr2	138500001	139500000	21653	0.021653	139000000
chr2	139000001	140000000	21593	0.021593	139500000
chr2	139500001	140500000	23428	0.023428	140000000
chr2	140000001	141000000	23217	0.023217	140500000
chr2	140500001	141500000	22305	0.022305	141000000
chr2	141000001	142000000	23673	0.023673	141500000
chr2	141500001	142500000	22157	0.022157	142000000
chr2	142000001	143000000	23954	0.023954	142500000
chr2	142500001	143500000	25355	0.025355	143000000
chr2	143000001	144000000	23340	0.02334	143500000
chr2	143500001	144500000	23414	0.023414	144000000
chr2	144000001	145000000	24184	0.024184	144500000
chr2	144500001	145500000	24778	0.024778	145000000
chr2	145000001	146000000	23063	0.023063	145500000
chr2	145500001	146500000	22118	0.022118	146000000
chr2	146000001	147000000	20289	0.020289	146500000
chr2	146500001	147500000	18915	0.018915	147000000
chr2	147000001	148000000	23765	0.023765	147500000
chr2	147500001	148500000	23675	0.023675	148000000
chr2	148000001	149000000	16581	0.016581	148500000
chr2	148500001	149500000	21187	0.021187	149000000
chr2	149000001	150000000	27425	0.027425	149500000
chr2	149500001	150500000	23005	0.023005	150000000
chr2	150000001	151000000	21075	0.021075	150500000
chr2	150500001	151500000	23650	0.02365	151000000
chr2	151000001	152000000	24598	0.024598	151500000
chr2	151500001	152500000	28619	0.028619	152000000
chr2	152000001	153000000	28182	0.028182	152500000
chr2	152500001	153500000	22642	0.022642	153000000
chr2	153000001	154000000	26045	0.026045	153500000
chr2	153500001	154500000	31589	0.031589	154000000
chr2	154000001	155000000	31679	0.031679	154500000
chr2	154500001	155500000	40113	0.040113	155000000
chr2	155000001	156000000	44702	0.044702	155500000
chr2	155500001	156500000	44295	0.044295	156000000
chr2	156000001	157000000	61165	0.061165	156500000
chr2	156500001	157500000	60282	0.060282	157000000
chr2	157000001	158000000	30729	0.030729	157500000
chr3	1	1000000	628437	0.628437	500000
chr3	500001	1500000	146042	0.146042	1000000
chr3	1000001	2000000	34405	0.034405	1500000
chr3	1500001	2500000	30440	0.03044	2000000
chr3	2000001	3000000	25464	0.025464	2500000
chr3	2500001	3500000	31098	0.031098	3000000
chr3	3000001	4000000	38418	0.038418	3500000
chr3	3500001	4500000	35088	0.035088	4000000
chr3	4000001	5000000	30938	0.030938	4500000
chr3	4500001	5500000	29797	0.029797	5000000
chr3	5000001	6000000	31157	0.031157	5500000
chr3	5500001	6500000	38646	0.038646	6000000
chr3	6000001	7000000	45601	0.045601	6500000
chr3	6500001	7500000	42246	0.042246	7000000
chr3	7000001	8000000	45098	0.045098	7500000
chr3	7500001	8500000	61280	0.06128	8000000
chr3	8000001	9000000	48061	0.048061	8500000
chr3	8500001	9500000	222410	0.22241	9000000
chr3	9000001	10000000	709368	0.709368	9500000
chr3	9500001	10500000	999900	0.9999	10000000
chr3	10000001	11000000	1000000	1.0	10500000
chr3	10500001	11500000	1000000	1.0	11000000
chr3	11000001	12000000	1000000	1.0	11500000
chr3	11500001	12500000	998722	0.998722	12000000
chr3	12000001	13000000	983668	0.983668	12500000
chr3	12500001	13500000	966730	0.96673	13000000
chr3	13000001	14000000	706541	0.706541	13500000
chr3	13500001	14500000	252939	0.252939	14000000
chr3	14000001	15000000	36417	0.036417	14500000
chr3	14500001	15500000	18130	0.01813	15000000
chr3	15000001	16000000	19706	0.019706	15500000
chr3	15500001	16500000	20296	0.020296	16000000
chr3	16000001	17000000	21981	0.021981	16500000
chr3	16500001	17500000	23000	0.023	17000000
chr3	17000001	18000000	20786	0.020786	17500000
chr3	17500001	18500000	19796	0.019796	18000000
chr3	18000001	19000000	25608	0.025608	18500000
chr3	18500001	19500000	28850	0.02885	19000000
chr3	19000001	20000000	23433	0.023433	19500000
chr3	19500001	20500000	20909	0.020909	20000000
chr3	20000001	21000000	24916	0.024916	20500000
chr3	20500001	21500000	23175	0.023175	21000000
chr3	21000001	22000000	20140	0.02014	21500000
chr3	21500001	22500000	29100	0.0291	22000000
chr3	22000001	23000000	30560	0.03056	22500000
chr3	22500001	23500000	21541	0.021541	23000000
chr3	23000001	24000000	20136	0.020136	23500000
chr3	23500001	24500000	21829	0.021829	24000000
chr3	24000001	25000000	23664	0.023664	24500000
chr3	24500001	25500000	20912	0.020912	25000000
chr3	25000001	26000000	20744	0.020744	25500000
chr3	25500001	26500000	23198	0.023198	26000000
chr3	26000001	27000000	19635	0.019635	26500000
chr3	26500001	27500000	17302	0.017302	27000000
chr3	27000001	28000000	19361	0.019361	27500000
chr3	27500001	28500000	19297	0.019297	28000000
chr3	28000001	29000000	16894	0.016894	28500000
chr3	28500001	29500000	19922	0.019922	29000000
chr3	29000001	30000000	23763	0.023763	29500000
chr3	29500001	30500000	22608	0.022608	30000000
chr3	30000001	31000000	20251	0.020251	30500000
chr3	30500001	31500000	21111	0.021111	31000000
chr3	31000001	32000000	20654	0.020654	31500000
chr3	31500001	32500000	19310	0.01931	32000000
chr3	32000001	33000000	21804	0.021804	32500000
chr3	32500001	33500000	21521	0.021521	33000000
chr3	33000001	34000000	18979	0.018979	33500000
chr3	33500001	34500000	18808	0.018808	34000000
chr3	34000001	35000000	18821	0.018821	34500000
chr3	34500001	35500000	18849	0.018849	35000000
chr3	35000001	36000000	23887	0.023887	35500000
chr3	35500001	36500000	26414	0.026414	36000000
chr3	36000001	37000000	20048	0.020048	36500000
chr3	36500001	37500000	18915	0.018915	37000000
chr3	37000001	38000000	20934	0.020934	37500000
chr3	37500001	38500000	16547	0.016547	38000000
chr3	38000001	39000000	15264	0.015264	38500000
chr3	38500001	39500000	19143	0.019143	39000000
chr3	39000001	40000000	21461	0.021461	39500000
chr3	39500001	40500000	19848	0.019848	40000000
chr3	40000001	41000000	19296	0.019296	40500000
chr3	40500001	41500000	28413	0.028413	41000000
chr3	41000001	42000000	28400	0.0284	41500000
chr3	41500001	42500000	24813	0.024813	42000000
chr3	42000001	43000000	23824	0.023824	42500000
chr3	42500001	43500000	21888	0.021888	43000000
chr3	43000001	44000000	27295	0.027295	43500000
chr3	43500001	44500000	23376	0.023376	44000000
chr3	44000001	45000000	18426	0.018426	44500000
chr3	44500001	45500000	19231	0.019231	45000000
chr3	45000001	46000000	17138	0.017138	45500000
chr3	45500001	46500000	20878	0.020878	46000000
chr3	46000001	47000000	20277	0.020277	46500000
chr3	46500001	47500000	15193	0.015193	47000000
chr3	47000001	48000000	15701	0.015701	47500000
chr3	47500001	48500000	15372	0.015372	48000000
chr3	48000001	49000000	16220	0.01622	48500000
chr3	48500001	49500000	17997	0.017997	49000000
chr3	49000001	50000000	17605	0.017605	49500000
chr3	49500001	50500000	15916	0.015916	50000000
chr3	50000001	51000000	19386	0.019386	50500000
chr3	50500001	51500000	22024	0.022024	51000000
chr3	51000001	52000000	23043	0.023043	51500000
chr3	51500001	52500000	23593	0.023593	52000000
chr3	52000001	53000000	21027	0.021027	52500000
chr3	52500001	53500000	20106	0.020106	53000000
chr3	53000001	54000000	20898	0.020898	53500000
chr3	53500001	54500000	20683	0.020683	54000000
chr3	54000001	55000000	20242	0.020242	54500000
chr3	54500001	55500000	23827	0.023827	55000000
chr3	55000001	56000000	23947	0.023947	55500000
chr3	55500001	56500000	22128	0.022128	56000000
chr3	56000001	57000000	19756	0.019756	56500000
chr3	56500001	57500000	21282	0.021282	57000000
chr3	57000001	58000000	21775	0.021775	57500000
chr3	57500001	58500000	19558	0.019558	58000000
chr3	58000001	59000000	21445	0.021445	58500000
chr3	58500001	59500000	20799	0.020799	59000000
chr3	59000001	60000000	21660	0.02166	59500000
chr3	59500001	60500000	25278	0.025278	60000000
chr3	60000001	61000000	24716	0.024716	60500000
chr3	60500001	61500000	19761	0.019761	61000000
chr3	61000001	62000000	18631	0.018631	61500000
chr3	61500001	62500000	20983	0.020983	62000000
chr3	62000001	63000000	19106	0.019106	62500000
chr3	62500001	63500000	15449	0.015449	63000000
chr3	63000001	64000000	16376	0.016376	63500000
chr3	63500001	64500000	22642	0.022642	64000000
chr3	64000001	65000000	23963	0.023963	64500000
chr3	64500001	65500000	21597	0.021597	65000000
chr3	65000001	66000000	28718	0.028718	65500000
chr3	65500001	66500000	24568	0.024568	66000000
chr3	66000001	67000000	18240	0.01824	66500000
chr3	66500001	67500000	18710	0.01871	67000000
chr3	67000001	68000000	17332	0.017332	67500000
chr3	67500001	68500000	18612	0.018612	68000000
chr3	68000001	69000000	19875	0.019875	68500000
chr3	68500001	69500000	20844	0.020844	69000000
chr3	69000001	70000000	20153	0.020153	69500000
chr3	69500001	70500000	19117	0.019117	70000000
chr3	70000001	71000000	20008	0.020008	70500000
chr3	70500001	71500000	21731	0.021731	71000000
chr3	71000001	72000000	21485	0.021485	71500000
chr3	71500001	72500000	24264	0.024264	72000000
chr3	72000001	73000000	22423	0.022423	72500000
chr3	72500001	73500000	16714	0.016714	73000000
chr3	73000001	74000000	18304	0.018304	73500000
chr3	73500001	74500000	32774	0.032774	74000000
chr3	74000001	75000000	41896	0.041896	74500000
chr3	74500001	75500000	30376	0.030376	75000000
chr3	75000001	76000000	29988	0.029988	75500000
chr3	75500001	76500000	36787	0.036787	76000000
chr3	76000001	77000000	28998	0.028998	76500000
chr3	76500001	77500000	27577	0.027577	77000000
chr3	77000001	78000000	24343	0.024343	77500000
chr3	77500001	78500000	21740	0.02174	78000000
chr3	78000001	79000000	29466	0.029466	78500000
chr3	78500001	79500000	39643	0.039643	79000000
chr3	79000001	80000000	46659	0.046659	79500000
chr3	79500001	80500000	47672	0.047672	80000000
chr3	80000001	81000000	40821	0.040821	80500000
chr3	80500001	81500000	29011	0.029011	81000000
chr3	81000001	82000000	26120	0.02612	81500000
chr3	81500001	82500000	28882	0.028882	82000000
chr3	82000001	83000000	35097	0.035097	82500000
chr3	82500001	83500000	28838	0.028838	83000000
chr3	83000001	84000000	17437	0.017437	83500000
chr3	83500001	84500000	24417	0.024417	84000000
chr3	84000001	85000000	27054	0.027054	84500000
chr3	84500001	85500000	22471	0.022471	85000000
chr3	85000001	86000000	40732	0.040732	85500000
chr3	85500001	86500000	44620	0.04462	86000000
chr3	86000001	87000000	31944	0.031944	86500000
chr3	86500001	87500000	32038	0.032038	87000000
chr3	87000001	88000000	30530	0.03053	87500000
chr3	87500001	88500000	31170	0.03117	88000000
chr3	88000001	89000000	32364	0.032364	88500000
chr3	88500001	89500000	31994	0.031994	89000000
chr3	89000001	90000000	30204	0.030204	89500000
chr3	89500001	90500000	28417	0.028417	90000000
chr3	90000001	91000000	27134	0.027134	90500000
chr3	90500001	91500000	28177	0.028177	91000000
chr3	91000001	92000000	27747	0.027747	91500000
chr3	91500001	92500000	24505	0.024505	92000000
chr3	92000001	93000000	23250	0.02325	92500000
chr3	92500001	93500000	22908	0.022908	93000000
chr3	93000001	94000000	22501	0.022501	93500000
chr3	93500001	94500000	26239	0.026239	94000000
chr3	94000001	95000000	30036	0.030036	94500000
chr3	94500001	95500000	26623	0.026623	95000000
chr3	95000001	96000000	24269	0.024269	95500000
chr3	95500001	96500000	21650	0.02165	96000000
chr3	96000001	97000000	23070	0.02307	96500000
chr3	96500001	97500000	30327	0.030327	97000000
chr3	97000001	98000000	27324	0.027324	97500000
chr3	97500001	98500000	21641	0.021641	98000000
chr3	98000001	99000000	24584	0.024584	98500000
chr3	98500001	99500000	24620	0.02462	99000000
chr3	99000001	100000000	22460	0.02246	99500000
chr3	99500001	100500000	120404	0.120404	100000000
chr3	100000001	101000000	121741	0.121741	100500000
chr3	100500001	101500000	23817	0.023817	101000000
chr3	101000001	102000000	39094	0.039094	101500000
chr3	101500001	102500000	43702	0.043702	102000000
chr3	102000001	103000000	28083	0.028083	102500000
chr3	102500001	103500000	27340	0.02734	103000000
chr3	103000001	104000000	25057	0.025057	103500000
chr3	103500001	104500000	24980	0.02498	104000000
chr3	104000001	105000000	31548	0.031548	104500000
chr3	104500001	105500000	25875	0.025875	105000000
chr3	105000001	106000000	17544	0.017544	105500000
chr3	105500001	106500000	22678	0.022678	106000000
chr3	106000001	107000000	28382	0.028382	106500000
chr3	106500001	107500000	27566	0.027566	107000000
chr3	107000001	108000000	31723	0.031723	107500000
chr3	107500001	108500000	30819	0.030819	108000000
chr3	108000001	109000000	24993	0.024993	108500000
chr3	108500001	109500000	25285	0.025285	109000000
chr3	109000001	110000000	26766	0.026766	109500000
chr3	109500001	110500000	27420	0.02742	110000000
chr3	110000001	111000000	25112	0.025112	110500000
chr3	110500001	111500000	21043	0.021043	111000000
chr3	111000001	112000000	17683	0.017683	111500000
chr3	111500001	112500000	18926	0.018926	112000000
chr3	112000001	113000000	21748	0.021748	112500000
chr3	112500001	113500000	23938	0.023938	113000000
chr3	113000001	114000000	21374	0.021374	113500000
chr3	113500001	114500000	18997	0.018997	114000000
chr3	114000001	115000000	18366	0.018366	114500000
chr3	114500001	115500000	20035	0.020035	115000000
chr3	115000001	116000000	21821	0.021821	115500000
chr3	115500001	116500000	25519	0.025519	116000000
chr3	116000001	117000000	31970	0.03197	116500000
chr3	116500001	117500000	30553	0.030553	117000000
chr3	117000001	118000000	25762	0.025762	117500000
chr3	117500001	118500000	22643	0.022643	118000000
chr3	118000001	119000000	29370	0.02937	118500000
chr3	118500001	119500000	34713	0.034713	119000000
chr3	119000001	120000000	27335	0.027335	119500000
chr3	119500001	120500000	22258	0.022258	120000000
chr3	120000001	121000000	24397	0.024397	120500000
chr3	120500001	121500000	25368	0.025368	121000000
chr3	121000001	122000000	25960	0.02596	121500000
chr3	121500001	122500000	22920	0.02292	122000000
chr3	122000001	123000000	21339	0.021339	122500000
chr3	122500001	123500000	22416	0.022416	123000000
chr3	123000001	124000000	23890	0.02389	123500000
chr3	123500001	124500000	25496	0.025496	124000000
chr3	124000001	125000000	24596	0.024596	124500000
chr3	124500001	125500000	31526	0.031526	125000000
chr3	125000001	126000000	38106	0.038106	125500000
chr3	125500001	126500000	32330	0.03233	126000000
chr3	126000001	127000000	25627	0.025627	126500000
chr3	126500001	127500000	25163	0.025163	127000000
chr3	127000001	128000000	28640	0.02864	127500000
chr3	127500001	128500000	24523	0.024523	128000000
chr3	128000001	129000000	20607	0.020607	128500000
chr3	128500001	129500000	22769	0.022769	129000000
chr3	129000001	130000000	23057	0.023057	129500000
chr3	129500001	130500000	22874	0.022874	130000000
chr3	130000001	131000000	22198	0.022198	130500000
chr3	130500001	131500000	22758	0.022758	131000000
chr3	131000001	132000000	17780	0.01778	131500000
chr3	131500001	132500000	17306	0.017306	132000000
chr3	132000001	133000000	20511	0.020511	132500000
chr3	132500001	133500000	23428	0.023428	133000000
chr3	133000001	134000000	24970	0.02497	133500000
chr3	133500001	134500000	22235	0.022235	134000000
chr3	134000001	135000000	18522	0.018522	134500000
chr3	134500001	135500000	17976	0.017976	135000000
chr3	135000001	136000000	19690	0.01969	135500000
chr3	135500001	136500000	21621	0.021621	136000000
chr3	136000001	137000000	22987	0.022987	136500000
chr3	136500001	137500000	22894	0.022894	137000000
chr3	137000001	138000000	21911	0.021911	137500000
chr3	137500001	138500000	20238	0.020238	138000000
chr3	138000001	139000000	21244	0.021244	138500000
chr3	138500001	139500000	21413	0.021413	139000000
chr3	139000001	140000000	20646	0.020646	139500000
chr3	139500001	140500000	21973	0.021973	140000000
chr3	140000001	141000000	20312	0.020312	140500000
chr3	140500001	141500000	16622	0.016622	141000000
chr3	141000001	142000000	16864	0.016864	141500000
chr3	141500001	142500000	19451	0.019451	142000000
chr3	142000001	143000000	23321	0.023321	142500000
chr3	142500001	143500000	23485	0.023485	143000000
chr3	143000001	144000000	20373	0.020373	143500000
chr3	143500001	144500000	22807	0.022807	144000000
chr3	144000001	145000000	21710	0.02171	144500000
chr3	144500001	145500000	22099	0.022099	145000000
chr3	145000001	146000000	28538	0.028538	145500000
chr3	145500001	146500000	27581	0.027581	146000000
chr3	146000001	147000000	24016	0.024016	146500000
chr3	146500001	147500000	22157	0.022157	147000000
chr3	147000001	148000000	21578	0.021578	147500000
chr3	147500001	148500000	22527	0.022527	148000000
chr3	148000001	149000000	24433	0.024433	148500000
chr3	148500001	149500000	20141	0.020141	149000000
chr3	149000001	150000000	18609	0.018609	149500000
chr3	149500001	150500000	306365	0.306365	150000000
chr3	150000001	151000000	795480	0.79548	150500000
chr3	150500001	151500000	1000000	1.0	151000000
chr3	151000001	152000000	1000000	1.0	151500000
chr4	1	1000000	36327	0.036327	500000
chr4	500001	1500000	25813	0.025813	1000000
chr4	1000001	2000000	22803	0.022803	1500000
chr4	1500001	2500000	29896	0.029896	2000000
chr4	2000001	3000000	37085	0.037085	2500000
chr4	2500001	3500000	31446	0.031446	3000000
chr4	3000001	4000000	23223	0.023223	3500000
chr4	3500001	4500000	22152	0.022152	4000000
chr4	4000001	5000000	21445	0.021445	4500000
chr4	4500001	5500000	19704	0.019704	5000000
chr4	5000001	6000000	20976	0.020976	5500000
chr4	5500001	6500000	22056	0.022056	6000000
chr4	6000001	7000000	19899	0.019899	6500000
chr4	6500001	7500000	21012	0.021012	7000000
chr4	7000001	8000000	20976	0.020976	7500000
chr4	7500001	8500000	27282	0.027282	8000000
chr4	8000001	9000000	41285	0.041285	8500000
chr4	8500001	9500000	34942	0.034942	9000000
chr4	9000001	10000000	25800	0.0258	9500000
chr4	9500001	10500000	31664	0.031664	10000000
chr4	10000001	11000000	33563	0.033563	10500000
chr4	10500001	11500000	28129	0.028129	11000000
chr4	11000001	12000000	28784	0.028784	11500000
chr4	11500001	12500000	30358	0.030358	12000000
chr4	12000001	13000000	27580	0.02758	12500000
chr4	12500001	13500000	22214	0.022214	13000000
chr4	13000001	14000000	22944	0.022944	13500000
chr4	13500001	14500000	38526	0.038526	14000000
chr4	14000001	15000000	39656	0.039656	14500000
chr4	14500001	15500000	29698	0.029698	15000000
chr4	15000001	16000000	25892	0.025892	15500000
chr4	15500001	16500000	23501	0.023501	16000000
chr4	16000001	17000000	25103	0.025103	16500000
chr4	16500001	17500000	21129	0.021129	17000000
chr4	17000001	18000000	22238	0.022238	17500000
chr4	17500001	18500000	24550	0.02455	18000000
chr4	18000001	19000000	21430	0.02143	18500000
chr4	18500001	19500000	25291	0.025291	19000000
chr4	19000001	20000000	24756	0.024756	19500000
chr4	19500001	20500000	22717	0.022717	20000000
chr4	20000001	21000000	23783	0.023783	20500000
chr4	20500001	21500000	23979	0.023979	21000000
chr4	21000001	22000000	23346	0.023346	21500000
chr4	21500001	22500000	23287	0.023287	22000000
chr4	22000001	23000000	25429	0.025429	22500000
chr4	22500001	23500000	21584	0.021584	23000000
chr4	23000001	24000000	20529	0.020529	23500000
chr4	23500001	24500000	23112	0.023112	24000000
chr4	24000001	25000000	23500	0.0235	24500000
chr4	24500001	25500000	26233	0.026233	25000000
chr4	25000001	26000000	24456	0.024456	25500000
chr4	25500001	26500000	23787	0.023787	26000000
chr4	26000001	27000000	27539	0.027539	26500000
chr4	26500001	27500000	25509	0.025509	27000000
chr4	27000001	28000000	25154	0.025154	27500000
chr4	27500001	28500000	26013	0.026013	28000000
chr4	28000001	29000000	23366	0.023366	28500000
chr4	28500001	29500000	23744	0.023744	29000000
chr4	29000001	30000000	27034	0.027034	29500000
chr4	29500001	30500000	23604	0.023604	30000000
chr4	30000001	31000000	19985	0.019985	30500000
chr4	30500001	31500000	18622	0.018622	31000000
chr4	31000001	32000000	19713	0.019713	31500000
chr4	31500001	32500000	21785	0.021785	32000000
chr4	32000001	33000000	21543	0.021543	32500000
chr4	32500001	33500000	25477	0.025477	33000000
chr4	33000001	34000000	24306	0.024306	33500000
chr4	33500001	34500000	20375	0.020375	34000000
chr4	34000001	35000000	20364	0.020364	34500000
chr4	34500001	35500000	22000	0.022	35000000
chr4	35000001	36000000	22186	0.022186	35500000
chr4	35500001	36500000	22567	0.022567	36000000
chr4	36000001	37000000	22353	0.022353	36500000
chr4	36500001	37500000	21472	0.021472	37000000
chr4	37000001	38000000	22176	0.022176	37500000
chr4	37500001	38500000	19980	0.01998	38000000
chr4	38000001	39000000	23923	0.023923	38500000
chr4	38500001	39500000	29556	0.029556	39000000
chr4	39000001	40000000	27058	0.027058	39500000
chr4	39500001	40500000	19814	0.019814	40000000
chr4	40000001	41000000	14305	0.014305	40500000
chr4	40500001	41500000	15430	0.01543	41000000
chr4	41000001	42000000	24436	0.024436	41500000
chr4	41500001	42500000	27013	0.027013	42000000
chr4	42000001	43000000	23964	0.023964	42500000
chr4	42500001	43500000	24220	0.02422	43000000
chr4	43000001	44000000	22159	0.022159	43500000
chr4	43500001	44500000	30707	0.030707	44000000
chr4	44000001	45000000	43302	0.043302	44500000
chr4	44500001	45500000	59764	0.059764	45000000
chr4	45000001	46000000	64107	0.064107	45500000
chr4	45500001	46500000	52863	0.052863	46000000
chr4	46000001	47000000	39643	0.039643	46500000
chr4	46500001	47500000	38682	0.038682	47000000
chr4	47000001	48000000	35540	0.03554	47500000
chr4	47500001	48500000	48893	0.048893	48000000
chr4	48000001	49000000	52861	0.052861	48500000
chr4	48500001	49500000	40100	0.0401	49000000
chr4	49000001	50000000	37232	0.037232	49500000
chr4	49500001	50500000	23138	0.023138	50000000
chr4	50000001	51000000	25289	0.025289	50500000
chr4	50500001	51500000	33437	0.033437	51000000
chr4	51000001	52000000	28747	0.028747	51500000
chr4	51500001	52500000	22119	0.022119	52000000
chr4	52000001	53000000	20512	0.020512	52500000
chr4	52500001	53500000	23321	0.023321	53000000
chr4	53000001	54000000	24738	0.024738	53500000
chr4	53500001	54500000	19077	0.019077	54000000
chr4	54000001	55000000	19325	0.019325	54500000
chr4	54500001	55500000	19425	0.019425	55000000
chr4	55000001	56000000	20298	0.020298	55500000
chr4	55500001	56500000	19439	0.019439	56000000
chr4	56000001	57000000	17665	0.017665	56500000
chr4	56500001	57500000	20380	0.02038	57000000
chr4	57000001	58000000	22540	0.02254	57500000
chr4	57500001	58500000	19582	0.019582	58000000
chr4	58000001	59000000	19033	0.019033	58500000
chr4	58500001	59500000	18662	0.018662	59000000
chr4	59000001	60000000	17414	0.017414	59500000
chr4	59500001	60500000	22355	0.022355	60000000
chr4	60000001	61000000	26875	0.026875	60500000
chr4	60500001	61500000	28032	0.028032	61000000
chr4	61000001	62000000	25356	0.025356	61500000
chr4	61500001	62500000	23772	0.023772	62000000
chr4	62000001	63000000	22354	0.022354	62500000
chr4	62500001	63500000	23932	0.023932	63000000
chr4	63000001	64000000	27643	0.027643	63500000
chr4	63500001	64500000	22904	0.022904	64000000
chr4	64000001	65000000	18465	0.018465	64500000
chr4	64500001	65500000	23250	0.02325	65000000
chr4	65000001	66000000	27705	0.027705	65500000
chr4	65500001	66500000	26548	0.026548	66000000
chr4	66000001	67000000	26253	0.026253	66500000
chr4	66500001	67500000	24927	0.024927	67000000
chr4	67000001	68000000	25450	0.02545	67500000
chr4	67500001	68500000	23935	0.023935	68000000
chr4	68000001	69000000	23409	0.023409	68500000
chr4	68500001	69500000	26470	0.02647	69000000
chr4	69000001	70000000	27622	0.027622	69500000
chr4	69500001	70500000	25525	0.025525	70000000
chr4	70000001	71000000	22282	0.022282	70500000
chr4	70500001	71500000	24667	0.024667	71000000
chr4	71000001	72000000	23973	0.023973	71500000
chr4	71500001	72500000	24279	0.024279	72000000
chr4	72000001	73000000	24582	0.024582	72500000
chr4	72500001	73500000	20595	0.020595	73000000
chr4	73000001	74000000	19338	0.019338	73500000
chr4	73500001	74500000	16608	0.016608	74000000
chr4	74000001	75000000	17259	0.017259	74500000
chr4	74500001	75500000	19855	0.019855	75000000
chr4	75000001	76000000	21956	0.021956	75500000
chr4	75500001	76500000	36822	0.036822	76000000
chr4	76000001	77000000	33712	0.033712	76500000
chr4	76500001	77500000	18168	0.018168	77000000
chr4	77000001	78000000	20738	0.020738	77500000
chr4	77500001	78500000	20036	0.020036	78000000
chr4	78000001	79000000	16825	0.016825	78500000
chr4	78500001	79500000	17251	0.017251	79000000
chr4	79000001	80000000	22731	0.022731	79500000
chr4	79500001	80500000	23940	0.02394	80000000
chr4	80000001	81000000	22641	0.022641	80500000
chr4	80500001	81500000	24063	0.024063	81000000
chr4	81000001	82000000	19821	0.019821	81500000
chr4	81500001	82500000	22509	0.022509	82000000
chr4	82000001	83000000	26523	0.026523	82500000
chr4	82500001	83500000	27827	0.027827	83000000
chr4	83000001	84000000	25962	0.025962	83500000
chr4	83500001	84500000	19954	0.019954	84000000
chr4	84000001	85000000	24552	0.024552	84500000
chr4	84500001	85500000	25648	0.025648	85000000
chr4	85000001	86000000	17288	0.017288	85500000
chr4	85500001	86500000	18587	0.018587	86000000
chr4	86000001	87000000	19954	0.019954	86500000
chr4	86500001	87500000	18215	0.018215	87000000
chr4	87000001	88000000	18564	0.018564	87500000
chr4	87500001	88500000	20010	0.02001	88000000
chr4	88000001	89000000	16378	0.016378	88500000
chr4	88500001	89500000	16215	0.016215	89000000
chr4	89000001	90000000	23340	0.02334	89500000
chr4	89500001	90500000	20870	0.02087	90000000
chr4	90000001	91000000	16660	0.01666	90500000
chr4	90500001	91500000	16000	0.016	91000000
chr4	91000001	92000000	18009	0.018009	91500000
chr4	91500001	92500000	19642	0.019642	92000000
chr4	92000001	93000000	19524	0.019524	92500000
chr4	92500001	93500000	20240	0.02024	93000000
chr4	93000001	94000000	20733	0.020733	93500000
chr4	93500001	94500000	23063	0.023063	94000000
chr4	94000001	95000000	23750	0.02375	94500000
chr4	94500001	95500000	18813	0.018813	95000000
chr4	95000001	96000000	17686	0.017686	95500000
chr4	95500001	96500000	20102	0.020102	96000000
chr4	96000001	97000000	20505	0.020505	96500000
chr4	96500001	97500000	22345	0.022345	97000000
chr4	97000001	98000000	23217	0.023217	97500000
chr4	97500001	98500000	20767	0.020767	98000000
chr4	98000001	99000000	34491	0.034491	98500000
chr4	98500001	99500000	38293	0.038293	99000000
chr4	99000001	100000000	32230	0.03223	99500000
chr4	99500001	100500000	30703	0.030703	100000000
chr4	100000001	101000000	25212	0.025212	100500000
chr4	100500001	101500000	24638	0.024638	101000000
chr4	101000001	102000000	20755	0.020755	101500000
chr4	101500001	102500000	21611	0.021611	102000000
chr4	102000001	103000000	21323	0.021323	102500000
chr4	102500001	103500000	22188	0.022188	103000000
chr4	103000001	104000000	27895	0.027895	103500000
chr4	103500001	104500000	31635	0.031635	104000000
chr4	104000001	105000000	28830	0.02883	104500000
chr4	104500001	105500000	23883	0.023883	105000000
chr4	105000001	106000000	21825	0.021825	105500000
chr4	105500001	106500000	22155	0.022155	106000000
chr4	106000001	107000000	21262	0.021262	106500000
chr4	106500001	107500000	19550	0.01955	107000000
chr4	107000001	108000000	19759	0.019759	107500000
chr4	107500001	108500000	19644	0.019644	108000000
chr4	108000001	109000000	23590	0.02359	108500000
chr4	108500001	109500000	24308	0.024308	109000000
chr4	109000001	110000000	22703	0.022703	109500000
chr4	109500001	110500000	21683	0.021683	110000000
chr4	110000001	111000000	19223	0.019223	110500000
chr4	110500001	111500000	18751	0.018751	111000000
chr4	111000001	112000000	20484	0.020484	111500000
chr4	111500001	112500000	24077	0.024077	112000000
chr4	112000001	113000000	23473	0.023473	112500000
chr4	112500001	113500000	28883	0.028883	113000000
chr4	113000001	114000000	33406	0.033406	113500000
chr4	113500001	114500000	27504	0.027504	114000000
chr4	114000001	115000000	22890	0.02289	114500000
chr4	114500001	115500000	18043	0.018043	115000000
chr4	115000001	116000000	18868	0.018868	115500000
chr4	115500001	116500000	17895	0.017895	116000000
chr4	116000001	117000000	15852	0.015852	116500000
chr4	116500001	117500000	16710	0.01671	117000000
chr4	117000001	118000000	15469	0.015469	117500000
chr4	117500001	118500000	18071	0.018071	118000000
chr4	118000001	119000000	20668	0.020668	118500000
chr4	118500001	119500000	21842	0.021842	119000000
chr4	119000001	120000000	21211	0.021211	119500000
chr4	119500001	120500000	17308	0.017308	120000000
chr4	120000001	121000000	20139	0.020139	120500000
chr4	120500001	121500000	21040	0.02104	121000000
chr4	121000001	122000000	19604	0.019604	121500000
chr4	121500001	122500000	18059	0.018059	122000000
chr4	122000001	123000000	15322	0.015322	122500000
chr4	122500001	123500000	17305	0.017305	123000000
chr4	123000001	124000000	20519	0.020519	123500000
chr4	123500001	124500000	21622	0.021622	124000000
chr4	124000001	125000000	495115	0.495115	124500000
chr4	124500001	125500000	984940	0.98494	125000000
chr4	125000001	126000000	1000000	1.0	125500000
chr4	125500001	126500000	1000000	1.0	126000000
chr4	126000001	127000000	1000000	1.0	126500000
chr4	126500001	127500000	1000000	1.0	127000000
chr4	127000001	128000000	1000000	1.0	127500000
chr4	127500001	128500000	1000000	1.0	128000000
chr4	128000001	129000000	1000000	1.0	128500000
chr4	128500001	129500000	1000000	1.0	129000000
chr4	129000001	130000000	1000000	1.0	129500000
chr4	129500001	130500000	1000000	1.0	130000000
chr4	130000001	131000000	1000000	1.0	130500000
chr4	130500001	131500000	1000000	1.0	131000000
chr4	131000001	132000000	1000000	1.0	131500000
chr4	131500001	132500000	1000000	1.0	132000000
chr4	132000001	133000000	1000000	1.0	132500000
chr4	132500001	133500000	732032	0.732032	133000000
chr4	133000001	134000000	243689	0.243689	133500000
chr4	133500001	134500000	26756	0.026756	134000000
chr4	134000001	135000000	26797	0.026797	134500000
chr4	134500001	135500000	23461	0.023461	135000000
chr4	135000001	136000000	21396	0.021396	135500000
chr4	135500001	136500000	20572	0.020572	136000000
chr4	136000001	137000000	19799	0.019799	136500000
chr4	136500001	137500000	14887	0.014887	137000000
chr4	137000001	138000000	16661	0.016661	137500000
chr4	137500001	138500000	18471	0.018471	138000000
chr4	138000001	139000000	17321	0.017321	138500000
chr4	138500001	139500000	16821	0.016821	139000000
chr4	139000001	140000000	15617	0.015617	139500000
chr4	139500001	140500000	19240	0.01924	140000000
chr4	140000001	141000000	19554	0.019554	140500000
chr4	140500001	141500000	16980	0.01698	141000000
chr4	141000001	142000000	16079	0.016079	141500000
chr4	141500001	142500000	17538	0.017538	142000000
chr4	142000001	143000000	21623	0.021623	142500000
chr4	142500001	143500000	23190	0.02319	143000000
chr4	143000001	144000000	23229	0.023229	143500000
chr4	143500001	144500000	20234	0.020234	144000000
chr4	144000001	145000000	19113	0.019113	144500000
chr4	144500001	145500000	21269	0.021269	145000000
chr4	145000001	146000000	18337	0.018337	145500000
chr4	145500001	146500000	19581	0.019581	146000000
chr4	146000001	147000000	23268	0.023268	146500000
chr4	146500001	147500000	19425	0.019425	147000000
chr4	147000001	148000000	16825	0.016825	147500000
chr4	147500001	148500000	23763	0.023763	148000000
chr4	148000001	149000000	329719	0.329719	148500000
chr4	148500001	149500000	814807	0.814807	149000000
chr4	149000001	150000000	1000000	1.0	149500000
chr4	149500001	150500000	1000000	1.0	150000000
chr4	150000001	151000000	1000000	1.0	150500000
chr4	150500001	151500000	1000000	1.0	151000000
chr5	1	1000000	1000000	1.0	500000
chr5	500001	1500000	1000000	1.0	1000000
chr5	1000001	2000000	1000000	1.0	1500000
chr5	1500001	2500000	1000000	1.0	2000000
chr5	2000001	3000000	1000000	1.0	2500000
chr5	2500001	3500000	1000000	1.0	3000000
chr5	3000001	4000000	762821	0.762821	3500000
chr5	3500001	4500000	762721	0.762721	4000000
chr5	4000001	5000000	517025	0.517025	4500000
chr5	4500001	5500000	41317	0.041317	5000000
chr5	5000001	6000000	64460	0.06446	5500000
chr5	5500001	6500000	71879	0.071879	6000000
chr5	6000001	7000000	57836	0.057836	6500000
chr5	6500001	7500000	52456	0.052456	7000000
chr5	7000001	8000000	53380	0.05338	7500000
chr5	7500001	8500000	47454	0.047454	8000000
chr5	8000001	9000000	35968	0.035968	8500000
chr5	8500001	9500000	29485	0.029485	9000000
chr5	9000001	10000000	23808	0.023808	9500000
chr5	9500001	10500000	25503	0.025503	10000000
chr5	10000001	11000000	31395	0.031395	10500000
chr5	10500001	11500000	33368	0.033368	11000000
chr5	11000001	12000000	32521	0.032521	11500000
chr5	11500001	12500000	25596	0.025596	12000000
chr5	12000001	13000000	17274	0.017274	12500000
chr5	12500001	13500000	20491	0.020491	13000000
chr5	13000001	14000000	21862	0.021862	13500000
chr5	13500001	14500000	19062	0.019062	14000000
chr5	14000001	15000000	22314	0.022314	14500000
chr5	14500001	15500000	23325	0.023325	15000000
chr5	15000001	16000000	23725	0.023725	15500000
chr5	15500001	16500000	19918	0.019918	16000000
chr5	16000001	17000000	18867	0.018867	16500000
chr5	16500001	17500000	19489	0.019489	17000000
chr5	17000001	18000000	22119	0.022119	17500000
chr5	17500001	18500000	23342	0.023342	18000000
chr5	18000001	19000000	22149	0.022149	18500000
chr5	18500001	19500000	22967	0.022967	19000000
chr5	19000001	20000000	20863	0.020863	19500000
chr5	19500001	20500000	18355	0.018355	20000000
chr5	20000001	21000000	18883	0.018883	20500000
chr5	20500001	21500000	20704	0.020704	21000000
chr5	21000001	22000000	19290	0.01929	21500000
chr5	21500001	22500000	19242	0.019242	22000000
chr5	22000001	23000000	63391	0.063391	22500000
chr5	22500001	23500000	64051	0.064051	23000000
chr5	23000001	24000000	18595	0.018595	23500000
chr5	23500001	24500000	21086	0.021086	24000000
chr5	24000001	25000000	20225	0.020225	24500000
chr5	24500001	25500000	20831	0.020831	25000000
chr5	25000001	26000000	23196	0.023196	25500000
chr5	25500001	26500000	22286	0.022286	26000000
chr5	26000001	27000000	25427	0.025427	26500000
chr5	26500001	27500000	22817	0.022817	27000000
chr5	27000001	28000000	21722	0.021722	27500000
chr5	27500001	28500000	23810	0.02381	28000000
chr5	28000001	29000000	21912	0.021912	28500000
chr5	28500001	29500000	18817	0.018817	29000000
chr5	29000001	30000000	21224	0.021224	29500000
chr5	29500001	30500000	21863	0.021863	30000000
chr5	30000001	31000000	20125	0.020125	30500000
chr5	30500001	31500000	20788	0.020788	31000000
chr5	31000001	32000000	19456	0.019456	31500000
chr5	31500001	32500000	19261	0.019261	32000000
chr5	32000001	33000000	21039	0.021039	32500000
chr5	32500001	33500000	21317	0.021317	33000000
chr5	33000001	34000000	22566	0.022566	33500000
chr5	33500001	34500000	21276	0.021276	34000000
chr5	34000001	35000000	19114	0.019114	34500000
chr5	34500001	35500000	19888	0.019888	35000000
chr5	35000001	36000000	20494	0.020494	35500000
chr5	35500001	36500000	22364	0.022364	36000000
chr5	36000001	37000000	25055	0.025055	36500000
chr5	36500001	37500000	23617	0.023617	37000000
chr5	37000001	38000000	18649	0.018649	37500000
chr5	37500001	38500000	17002	0.017002	38000000
chr5	38000001	39000000	16892	0.016892	38500000
chr5	38500001	39500000	16233	0.016233	39000000
chr5	39000001	40000000	18085	0.018085	39500000
chr5	39500001	40500000	19347	0.019347	40000000
chr5	40000001	41000000	20313	0.020313	40500000
chr5	40500001	41500000	21298	0.021298	41000000
chr5	41000001	42000000	20545	0.020545	41500000
chr5	41500001	42500000	18533	0.018533	42000000
chr5	42000001	43000000	16694	0.016694	42500000
chr5	42500001	43500000	16683	0.016683	43000000
chr5	43000001	44000000	16784	0.016784	43500000
chr5	43500001	44500000	16961	0.016961	44000000
chr5	44000001	45000000	19386	0.019386	44500000
chr5	44500001	45500000	21555	0.021555	45000000
chr5	45000001	46000000	21516	0.021516	45500000
chr5	45500001	46500000	18378	0.018378	46000000
chr5	46000001	47000000	17384	0.017384	46500000
chr5	46500001	47500000	19440	0.01944	47000000
chr5	47000001	48000000	19479	0.019479	47500000
chr5	47500001	48500000	20066	0.020066	48000000
chr5	48000001	49000000	21256	0.021256	48500000
chr5	48500001	49500000	24843	0.024843	49000000
chr5	49000001	50000000	25432	0.025432	49500000
chr5	49500001	50500000	22285	0.022285	50000000
chr5	50000001	51000000	24850	0.02485	50500000
chr5	50500001	51500000	26862	0.026862	51000000
chr5	51000001	52000000	22232	0.022232	51500000
chr5	51500001	52500000	19926	0.019926	52000000
chr5	52000001	53000000	22599	0.022599	52500000
chr5	52500001	53500000	27048	0.027048	53000000
chr5	53000001	54000000	24667	0.024667	53500000
chr5	53500001	54500000	22502	0.022502	54000000
chr5	54000001	55000000	23767	0.023767	54500000
chr5	54500001	55500000	21401	0.021401	55000000
chr5	55000001	56000000	22357	0.022357	55500000
chr5	55500001	56500000	22024	0.022024	56000000
chr5	56000001	57000000	20395	0.020395	56500000
chr5	56500001	57500000	18051	0.018051	57000000
chr5	57000001	58000000	16938	0.016938	57500000
chr5	57500001	58500000	22142	0.022142	58000000
chr5	58000001	59000000	26204	0.026204	58500000
chr5	58500001	59500000	22236	0.022236	59000000
chr5	59000001	60000000	19338	0.019338	59500000
chr5	59500001	60500000	18130	0.01813	60000000
chr5	60000001	61000000	15295	0.015295	60500000
chr5	60500001	61500000	16007	0.016007	61000000
chr5	61000001	62000000	20585	0.020585	61500000
chr5	61500001	62500000	23046	0.023046	62000000
chr5	62000001	63000000	20943	0.020943	62500000
chr5	62500001	63500000	22201	0.022201	63000000
chr5	63000001	64000000	25202	0.025202	63500000
chr5	63500001	64500000	23118	0.023118	64000000
chr5	64000001	65000000	16759	0.016759	64500000
chr5	64500001	65500000	17432	0.017432	65000000
chr5	65000001	66000000	21125	0.021125	65500000
chr5	65500001	66500000	21135	0.021135	66000000
chr5	66000001	67000000	21105	0.021105	66500000
chr5	66500001	67500000	17988	0.017988	67000000
chr5	67000001	68000000	20193	0.020193	67500000
chr5	67500001	68500000	22688	0.022688	68000000
chr5	68000001	69000000	20894	0.020894	68500000
chr5	68500001	69500000	18352	0.018352	69000000
chr5	69000001	70000000	18776	0.018776	69500000
chr5	69500001	70500000	20474	0.020474	70000000
chr5	70000001	71000000	18953	0.018953	70500000
chr5	70500001	71500000	18025	0.018025	71000000
chr5	71000001	72000000	19026	0.019026	71500000
chr5	71500001	72500000	17688	0.017688	72000000
chr5	72000001	73000000	16685	0.016685	72500000
chr5	72500001	73500000	19646	0.019646	73000000
chr5	73000001	74000000	21827	0.021827	73500000
chr5	73500001	74500000	22321	0.022321	74000000
chr5	74000001	75000000	19985	0.019985	74500000
chr5	74500001	75500000	17464	0.017464	75000000
chr5	75000001	76000000	17780	0.01778	75500000
chr5	75500001	76500000	20871	0.020871	76000000
chr5	76000001	77000000	22842	0.022842	76500000
chr5	76500001	77500000	21456	0.021456	77000000
chr5	77000001	78000000	19751	0.019751	77500000
chr5	77500001	78500000	20131	0.020131	78000000
chr5	78000001	79000000	20941	0.020941	78500000
chr5	78500001	79500000	21044	0.021044	79000000
chr5	79000001	80000000	23832	0.023832	79500000
chr5	79500001	80500000	23451	0.023451	80000000
chr5	80000001	81000000	19247	0.019247	80500000
chr5	80500001	81500000	117358	0.117358	81000000
chr5	81000001	82000000	607979	0.607979	81500000
chr5	81500001	82500000	1000000	1.0	82000000
chr5	82000001	83000000	641852	0.641852	82500000
chr5	82500001	83500000	161057	0.161057	83000000
chr5	83000001	84000000	25930	0.02593	83500000
chr5	83500001	84500000	22334	0.022334	84000000
chr5	84000001	85000000	29083	0.029083	84500000
chr5	84500001	85500000	28802	0.028802	85000000
chr5	85000001	86000000	26880	0.02688	85500000
chr5	85500001	86500000	25694	0.025694	86000000
chr5	86000001	87000000	29947	0.029947	86500000
chr5	86500001	87500000	25853	0.025853	87000000
chr5	87000001	88000000	22945	0.022945	87500000
chr5	87500001	88500000	22763	0.022763	88000000
chr5	88000001	89000000	17900	0.0179	88500000
chr5	88500001	89500000	19068	0.019068	89000000
chr5	89000001	90000000	23374	0.023374	89500000
chr5	89500001	90500000	24231	0.024231	90000000
chr5	90000001	91000000	20855	0.020855	90500000
chr5	90500001	91500000	19435	0.019435	91000000
chr5	91000001	92000000	21436	0.021436	91500000
chr5	91500001	92500000	24361	0.024361	92000000
chr5	92000001	93000000	26397	0.026397	92500000
chr5	92500001	93500000	23712	0.023712	93000000
chr5	93000001	94000000	21903	0.021903	93500000
chr5	93500001	94500000	20015	0.020015	94000000
chr5	94000001	95000000	18748	0.018748	94500000
chr5	94500001	95500000	19956	0.019956	95000000
chr5	95000001	96000000	19058	0.019058	95500000
chr5	95500001	96500000	21159	0.021159	96000000
chr5	96000001	97000000	21647	0.021647	96500000
chr5	96500001	97500000	19528	0.019528	97000000
chr5	97000001	98000000	23353	0.023353	97500000
chr5	97500001	98500000	24845	0.024845	98000000
chr5	98000001	99000000	21629	0.021629	98500000
chr5	98500001	99500000	20402	0.020402	99000000
chr5	99000001	100000000	22247	0.022247	99500000
chr5	99500001	100500000	20687	0.020687	100000000
chr5	100000001	101000000	18933	0.018933	100500000
chr5	100500001	101500000	18656	0.018656	101000000
chr5	101000001	102000000	15648	0.015648	101500000
chr5	101500001	102500000	17859	0.017859	102000000
chr5	102000001	103000000	19083	0.019083	102500000
chr5	102500001	103500000	18520	0.01852	103000000
chr5	103000001	104000000	20314	0.020314	103500000
chr5	103500001	104500000	23096	0.023096	104000000
chr5	104000001	105000000	23428	0.023428	104500000
chr5	104500001	105500000	20959	0.020959	105000000
chr5	105000001	106000000	20118	0.020118	105500000
chr5	105500001	106500000	20919	0.020919	106000000
chr5	106000001	107000000	19909	0.019909	106500000
chr5	106500001	107500000	20237	0.020237	107000000
chr5	107000001	108000000	26878	0.026878	107500000
chr5	107500001	108500000	29813	0.029813	108000000
chr5	108000001	109000000	25241	0.025241	108500000
chr5	108500001	109500000	21469	0.021469	109000000
chr5	109000001	110000000	19931	0.019931	109500000
chr5	109500001	110500000	19162	0.019162	110000000
chr5	110000001	111000000	19152	0.019152	110500000
chr5	110500001	111500000	22990	0.02299	111000000
chr5	111000001	112000000	20202	0.020202	111500000
chr5	111500001	112500000	15172	0.015172	112000000
chr5	112000001	113000000	19526	0.019526	112500000
chr5	112500001	113500000	20245	0.020245	113000000
chr5	113000001	114000000	21364	0.021364	113500000
chr5	113500001	114500000	25411	0.025411	114000000
chr5	114000001	115000000	26167	0.026167	114500000
chr5	114500001	115500000	20728	0.020728	115000000
chr5	115000001	116000000	15749	0.015749	115500000
chr5	115500001	116500000	17823	0.017823	116000000
chr5	116000001	117000000	19739	0.019739	116500000
chr5	116500001	117500000	19013	0.019013	117000000
chr5	117000001	118000000	19075	0.019075	117500000
chr5	117500001	118500000	19754	0.019754	118000000
chr5	118000001	119000000	19260	0.01926	118500000
chr5	118500001	119500000	21694	0.021694	119000000
chr5	119000001	120000000	22535	0.022535	119500000
chr5	119500001	120500000	20900	0.0209	120000000
chr5	120000001	121000000	18843	0.018843	120500000
chr5	120500001	121500000	17770	0.01777	121000000
chr5	121000001	122000000	18906	0.018906	121500000
chr5	121500001	122500000	20222	0.020222	122000000
chr5	122000001	123000000	21339	0.021339	122500000
chr5	122500001	123500000	19929	0.019929	123000000
chr5	123000001	124000000	16467	0.016467	123500000
chr5	123500001	124500000	16249	0.016249	124000000
chr5	124000001	125000000	19418	0.019418	124500000
chr5	124500001	125500000	21022	0.021022	125000000
chr5	125000001	126000000	20217	0.020217	125500000
chr5	125500001	126500000	16338	0.016338	126000000
chr5	126000001	127000000	17283	0.017283	126500000
chr5	126500001	127500000	18120	0.01812	127000000
chr5	127000001	128000000	16522	0.016522	127500000
chr5	127500001	128500000	19645	0.019645	128000000
chr5	128000001	129000000	20224	0.020224	128500000
chr5	128500001	129500000	20182	0.020182	129000000
chr5	129000001	130000000	20392	0.020392	129500000
chr5	129500001	130500000	19343	0.019343	130000000
chr5	130000001	131000000	19068	0.019068	130500000
chr5	130500001	131500000	17790	0.01779	131000000
chr5	131000001	132000000	18318	0.018318	131500000
chr5	131500001	132500000	18335	0.018335	132000000
chr5	132000001	133000000	21961	0.021961	132500000
chr5	132500001	133500000	24757	0.024757	133000000
chr5	133000001	134000000	22612	0.022612	133500000
chr5	133500001	134500000	19913	0.019913	134000000
chr5	134000001	135000000	18935	0.018935	134500000
chr5	134500001	135500000	21935	0.021935	135000000
chr5	135000001	136000000	20038	0.020038	135500000
chr5	135500001	136500000	17714	0.017714	136000000
chr5	136000001	137000000	21099	0.021099	136500000
chr5	136500001	137500000	19322	0.019322	137000000
chr5	137000001	138000000	8518	0.008518	137500000
chr5	137500001	138500000	688	0.000688	138000000
chr5	138000001	139000000	0	0.0	138500000
chr5	138500001	139500000	367	0.000367	139000000
chr5	139000001	140000000	238338	0.238338	139500000
chr5	139500001	140500000	642587	0.642587	140000000
chr5	140000001	141000000	404843	0.404843	140500000
chr5	140500001	141500000	4014	0.004014	141000000
chr5	141000001	142000000	5755	0.005755	141500000
chr5	141500001	142500000	3197	0.003197	142000000
chr6	1	1000000	18964	0.018964	500000
chr6	500001	1500000	20557	0.020557	1000000
chr6	1000001	2000000	19979	0.019979	1500000
chr6	1500001	2500000	16806	0.016806	2000000
chr6	2000001	3000000	12917	0.012917	2500000
chr6	2500001	3500000	14370	0.01437	3000000
chr6	3000001	4000000	18384	0.018384	3500000
chr6	3500001	4500000	19463	0.019463	4000000
chr6	4000001	5000000	21738	0.021738	4500000
chr6	4500001	5500000	21013	0.021013	5000000
chr6	5000001	6000000	19448	0.019448	5500000
chr6	5500001	6500000	20075	0.020075	6000000
chr6	6000001	7000000	21987	0.021987	6500000
chr6	6500001	7500000	22191	0.022191	7000000
chr6	7000001	8000000	18950	0.01895	7500000
chr6	7500001	8500000	18092	0.018092	8000000
chr6	8000001	9000000	21616	0.021616	8500000
chr6	8500001	9500000	22249	0.022249	9000000
chr6	9000001	10000000	18137	0.018137	9500000
chr6	9500001	10500000	17540	0.01754	10000000
chr6	10000001	11000000	19038	0.019038	10500000
chr6	10500001	11500000	20837	0.020837	11000000
chr6	11000001	12000000	21619	0.021619	11500000
chr6	11500001	12500000	20876	0.020876	12000000
chr6	12000001	13000000	19761	0.019761	12500000
chr6	12500001	13500000	20159	0.020159	13000000
chr6	13000001	14000000	20813	0.020813	13500000
chr6	13500001	14500000	22009	0.022009	14000000
chr6	14000001	15000000	25155	0.025155	14500000
chr6	14500001	15500000	24665	0.024665	15000000
chr6	15000001	16000000	19888	0.019888	15500000
chr6	15500001	16500000	18296	0.018296	16000000
chr6	16000001	17000000	18819	0.018819	16500000
chr6	16500001	17500000	20170	0.02017	17000000
chr6	17000001	18000000	20363	0.020363	17500000
chr6	17500001	18500000	18839	0.018839	18000000
chr6	18000001	19000000	18307	0.018307	18500000
chr6	18500001	19500000	20107	0.020107	19000000
chr6	19000001	20000000	21393	0.021393	19500000
chr6	19500001	20500000	19765	0.019765	20000000
chr6	20000001	21000000	24204	0.024204	20500000
chr6	20500001	21500000	23968	0.023968	21000000
chr6	21000001	22000000	20363	0.020363	21500000
chr6	21500001	22500000	20560	0.02056	22000000
chr6	22000001	23000000	22045	0.022045	22500000
chr6	22500001	23500000	21982	0.021982	23000000
chr6	23000001	24000000	20633	0.020633	23500000
chr6	23500001	24500000	18404	0.018404	24000000
chr6	24000001	25000000	14839	0.014839	24500000
chr6	24500001	25500000	18603	0.018603	25000000
chr6	25000001	26000000	21802	0.021802	25500000
chr6	25500001	26500000	18380	0.01838	26000000
chr6	26000001	27000000	13381	0.013381	26500000
chr6	26500001	27500000	16648	0.016648	27000000
chr6	27000001	28000000	20078	0.020078	27500000
chr6	27500001	28500000	18546	0.018546	28000000
chr6	28000001	29000000	21969	0.021969	28500000
chr6	28500001	29500000	21658	0.021658	29000000
chr6	29000001	30000000	18314	0.018314	29500000
chr6	29500001	30500000	20510	0.02051	30000000
chr6	30000001	31000000	20759	0.020759	30500000
chr6	30500001	31500000	23990	0.02399	31000000
chr6	31000001	32000000	25873	0.025873	31500000
chr6	31500001	32500000	25725	0.025725	32000000
chr6	32000001	33000000	26092	0.026092	32500000
chr6	32500001	33500000	24190	0.02419	33000000
chr6	33000001	34000000	21689	0.021689	33500000
chr6	33500001	34500000	19864	0.019864	34000000
chr6	34000001	35000000	22803	0.022803	34500000
chr6	34500001	35500000	24279	0.024279	35000000
chr6	35000001	36000000	26319	0.026319	35500000
chr6	35500001	36500000	28455	0.028455	36000000
chr6	36000001	37000000	24254	0.024254	36500000
chr6	36500001	37500000	23295	0.023295	37000000
chr6	37000001	38000000	23965	0.023965	37500000
chr6	37500001	38500000	22410	0.02241	38000000
chr6	38000001	39000000	20213	0.020213	38500000
chr6	38500001	39500000	17815	0.017815	39000000
chr6	39000001	40000000	21023	0.021023	39500000
chr6	39500001	40500000	23905	0.023905	40000000
chr6	40000001	41000000	22293	0.022293	40500000
chr6	40500001	41500000	20486	0.020486	41000000
chr6	41000001	42000000	20317	0.020317	41500000
chr6	41500001	42500000	21345	0.021345	42000000
chr6	42000001	43000000	22789	0.022789	42500000
chr6	42500001	43500000	23048	0.023048	43000000
chr6	43000001	44000000	30086	0.030086	43500000
chr6	43500001	44500000	35267	0.035267	44000000
chr6	44000001	45000000	28601	0.028601	44500000
chr6	44500001	45500000	30355	0.030355	45000000
chr6	45000001	46000000	32524	0.032524	45500000
chr6	45500001	46500000	27496	0.027496	46000000
chr6	46000001	47000000	25941	0.025941	46500000
chr6	46500001	47500000	37139	0.037139	47000000
chr6	47000001	48000000	50132	0.050132	47500000
chr6	47500001	48500000	42904	0.042904	48000000
chr6	48000001	49000000	30879	0.030879	48500000
chr6	48500001	49500000	30031	0.030031	49000000
chr6	49000001	50000000	29344	0.029344	49500000
chr6	49500001	50500000	28678	0.028678	50000000
chr6	50000001	51000000	31843	0.031843	50500000
chr6	50500001	51500000	36476	0.036476	51000000
chr6	51000001	52000000	29659	0.029659	51500000
chr6	51500001	52500000	22350	0.02235	52000000
chr6	52000001	53000000	24308	0.024308	52500000
chr6	52500001	53500000	25256	0.025256	53000000
chr6	53000001	54000000	24310	0.02431	53500000
chr6	53500001	54500000	66392	0.066392	54000000
chr6	54000001	55000000	68978	0.068978	54500000
chr6	54500001	55500000	24271	0.024271	55000000
chr6	55000001	56000000	21999	0.021999	55500000
chr6	55500001	56500000	22755	0.022755	56000000
chr6	56000001	57000000	25406	0.025406	56500000
chr6	56500001	57500000	30507	0.030507	57000000
chr6	57000001	58000000	28278	0.028278	57500000
chr6	57500001	58500000	20683	0.020683	58000000
chr6	58000001	59000000	21473	0.021473	58500000
chr6	58500001	59500000	21894	0.021894	59000000
chr6	59000001	60000000	16487	0.016487	59500000
chr6	59500001	60500000	14360	0.01436	60000000
chr6	60000001	61000000	15065	0.015065	60500000
chr6	60500001	61500000	17359	0.017359	61000000
chr6	61000001	62000000	22749	0.022749	61500000
chr6	61500001	62500000	20308	0.020308	62000000
chr6	62000001	63000000	24867	0.024867	62500000
chr6	62500001	63500000	32495	0.032495	63000000
chr6	63000001	64000000	30449	0.030449	63500000
chr6	63500001	64500000	25067	0.025067	64000000
chr6	64000001	65000000	19476	0.019476	64500000
chr6	64500001	65500000	20053	0.020053	65000000
chr6	65000001	66000000	21491	0.021491	65500000
chr6	65500001	66500000	20695	0.020695	66000000
chr6	66000001	67000000	16892	0.016892	66500000
chr6	66500001	67500000	17973	0.017973	67000000
chr6	67000001	68000000	20851	0.020851	67500000
chr6	67500001	68500000	22449	0.022449	68000000
chr6	68000001	69000000	20701	0.020701	68500000
chr6	68500001	69500000	19132	0.019132	69000000
chr6	69000001	70000000	18457	0.018457	69500000
chr6	69500001	70500000	15566	0.015566	70000000
chr6	70000001	71000000	17345	0.017345	70500000
chr6	70500001	71500000	17956	0.017956	71000000
chr6	71000001	72000000	16084	0.016084	71500000
chr6	71500001	72500000	19346	0.019346	72000000
chr6	72000001	73000000	22351	0.022351	72500000
chr6	72500001	73500000	17369	0.017369	73000000
chr6	73000001	74000000	15533	0.015533	73500000
chr6	73500001	74500000	19577	0.019577	74000000
chr6	74000001	75000000	21369	0.021369	74500000
chr6	74500001	75500000	19326	0.019326	75000000
chr6	75000001	76000000	22827	0.022827	75500000
chr6	75500001	76500000	25511	0.025511	76000000
chr6	76000001	77000000	20412	0.020412	76500000
chr6	76500001	77500000	19306	0.019306	77000000
chr6	77000001	78000000	20180	0.02018	77500000
chr6	77500001	78500000	18850	0.01885	78000000
chr6	78000001	79000000	20428	0.020428	78500000
chr6	78500001	79500000	23730	0.02373	79000000
chr6	79000001	80000000	21719	0.021719	79500000
chr6	79500001	80500000	18798	0.018798	80000000
chr6	80000001	81000000	21817	0.021817	80500000
chr6	80500001	81500000	27879	0.027879	81000000
chr6	81000001	82000000	26920	0.02692	81500000
chr6	81500001	82500000	22092	0.022092	82000000
chr6	82000001	83000000	21813	0.021813	82500000
chr6	82500001	83500000	23341	0.023341	83000000
chr6	83000001	84000000	21575	0.021575	83500000
chr6	83500001	84500000	19643	0.019643	84000000
chr6	84000001	85000000	21397	0.021397	84500000
chr6	84500001	85500000	21336	0.021336	85000000
chr6	85000001	86000000	20423	0.020423	85500000
chr6	85500001	86500000	21278	0.021278	86000000
chr6	86000001	87000000	21300	0.0213	86500000
chr6	86500001	87500000	20660	0.02066	87000000
chr6	87000001	88000000	20869	0.020869	87500000
chr6	87500001	88500000	20716	0.020716	88000000
chr6	88000001	89000000	19551	0.019551	88500000
chr6	88500001	89500000	20382	0.020382	89000000
chr6	89000001	90000000	20008	0.020008	89500000
chr6	89500001	90500000	21721	0.021721	90000000
chr6	90000001	91000000	22353	0.022353	90500000
chr6	90500001	91500000	22423	0.022423	91000000
chr6	91000001	92000000	21883	0.021883	91500000
chr6	91500001	92500000	20344	0.020344	92000000
chr6	92000001	93000000	22658	0.022658	92500000
chr6	92500001	93500000	20980	0.02098	93000000
chr6	93000001	94000000	19796	0.019796	93500000
chr6	93500001	94500000	23847	0.023847	94000000
chr6	94000001	95000000	26904	0.026904	94500000
chr6	94500001	95500000	23537	0.023537	95000000
chr6	95000001	96000000	18880	0.01888	95500000
chr6	95500001	96500000	18358	0.018358	96000000
chr6	96000001	97000000	17895	0.017895	96500000
chr6	96500001	97500000	20680	0.02068	97000000
chr6	97000001	98000000	27916	0.027916	97500000
chr6	97500001	98500000	26000	0.026	98000000
chr6	98000001	99000000	22822	0.022822	98500000
chr6	98500001	99500000	19087	0.019087	99000000
chr6	99000001	100000000	16037	0.016037	99500000
chr6	99500001	100500000	21174	0.021174	100000000
chr6	100000001	101000000	20599	0.020599	100500000
chr6	100500001	101500000	15711	0.015711	101000000
chr6	101000001	102000000	17804	0.017804	101500000
chr6	101500001	102500000	20339	0.020339	102000000
chr6	102000001	103000000	17378	0.017378	102500000
chr6	102500001	103500000	18108	0.018108	103000000
chr6	103000001	104000000	19005	0.019005	103500000
chr6	103500001	104500000	17861	0.017861	104000000
chr6	104000001	105000000	18177	0.018177	104500000
chr6	104500001	105500000	18593	0.018593	105000000
chr6	105000001	106000000	20490	0.02049	105500000
chr6	105500001	106500000	18430	0.01843	106000000
chr6	106000001	107000000	19453	0.019453	106500000
chr6	106500001	107500000	25579	0.025579	107000000
chr6	107000001	108000000	21606	0.021606	107500000
chr6	107500001	108500000	17598	0.017598	108000000
chr6	108000001	109000000	20882	0.020882	108500000
chr6	108500001	109500000	21762	0.021762	109000000
chr6	109000001	110000000	19575	0.019575	109500000
chr6	109500001	110500000	18119	0.018119	110000000
chr6	110000001	111000000	19079	0.019079	110500000
chr6	110500001	111500000	20351	0.020351	111000000
chr6	111000001	112000000	19688	0.019688	111500000
chr6	111500001	112500000	17752	0.017752	112000000
chr6	112000001	113000000	22607	0.022607	112500000
chr6	112500001	113500000	27710	0.02771	113000000
chr6	113000001	114000000	23909	0.023909	113500000
chr6	113500001	114500000	20732	0.020732	114000000
chr6	114000001	115000000	21289	0.021289	114500000
chr6	114500001	115500000	20205	0.020205	115000000
chr6	115000001	116000000	17666	0.017666	115500000
chr6	115500001	116500000	17763	0.017763	116000000
chr6	116000001	117000000	20241	0.020241	116500000
chr6	116500001	117500000	25738	0.025738	117000000
chr6	117000001	118000000	25067	0.025067	117500000
chr6	117500001	118500000	19122	0.019122	118000000
chr6	118000001	119000000	20668	0.020668	118500000
chr6	118500001	119500000	18776	0.018776	119000000
chr6	119000001	120000000	15658	0.015658	119500000
chr6	119500001	120500000	16306	0.016306	120000000
chr6	120000001	121000000	19248	0.019248	120500000
chr6	120500001	121500000	21880	0.02188	121000000
chr6	121000001	122000000	18478	0.018478	121500000
chr6	121500001	122500000	19410	0.01941	122000000
chr6	122000001	123000000	24944	0.024944	122500000
chr6	122500001	123500000	24212	0.024212	123000000
chr6	123000001	124000000	19293	0.019293	123500000
chr6	123500001	124500000	19173	0.019173	124000000
chr6	124000001	125000000	23138	0.023138	124500000
chr6	124500001	125500000	24978	0.024978	125000000
chr6	125000001	126000000	26984	0.026984	125500000
chr6	125500001	126500000	27256	0.027256	126000000
chr6	126000001	127000000	24857	0.024857	126500000
chr6	126500001	127500000	24016	0.024016	127000000
chr6	127000001	128000000	22128	0.022128	127500000
chr6	127500001	128500000	19598	0.019598	128000000
chr6	128000001	129000000	19716	0.019716	128500000
chr6	128500001	129500000	23140	0.02314	129000000
chr6	129000001	130000000	25500	0.0255	129500000
chr6	129500001	130500000	20853	0.020853	130000000
chr6	130000001	131000000	17004	0.017004	130500000
chr6	130500001	131500000	19280	0.01928	131000000
chr6	131000001	132000000	21686	0.021686	131500000
chr6	131500001	132500000	26838	0.026838	132000000
chr6	132000001	133000000	28901	0.028901	132500000
chr6	132500001	133500000	23711	0.023711	133000000
chr6	133000001	134000000	19434	0.019434	133500000
chr6	133500001	134500000	34919	0.034919	134000000
chr6	134000001	135000000	47818	0.047818	134500000
chr6	134500001	135500000	63896	0.063896	135000000
chr6	135000001	136000000	68289	0.068289	135500000
chr6	135500001	136500000	61818	0.061818	136000000
chr6	136000001	137000000	61756	0.061756	136500000
chr6	136500001	137500000	41108	0.041108	137000000
chr6	137000001	138000000	27121	0.027121	137500000
chr6	137500001	138500000	24145	0.024145	138000000
chr7	1	1000000	508179	0.508179	500000
chr7	500001	1500000	26289	0.026289	1000000
chr7	1000001	2000000	26749	0.026749	1500000
chr7	1500001	2500000	31581	0.031581	2000000
chr7	2000001	3000000	32779	0.032779	2500000
chr7	2500001	3500000	43051	0.043051	3000000
chr7	3000001	4000000	38010	0.03801	3500000
chr7	3500001	4500000	22012	0.022012	4000000
chr7	4000001	5000000	27314	0.027314	4500000
chr7	4500001	5500000	28948	0.028948	5000000
chr7	5000001	6000000	26694	0.026694	5500000
chr7	5500001	6500000	28196	0.028196	6000000
chr7	6000001	7000000	28211	0.028211	6500000
chr7	6500001	7500000	25519	0.025519	7000000
chr7	7000001	8000000	23350	0.02335	7500000
chr7	7500001	8500000	25694	0.025694	8000000
chr7	8000001	9000000	26673	0.026673	8500000
chr7	8500001	9500000	26397	0.026397	9000000
chr7	9000001	10000000	27247	0.027247	9500000
chr7	9500001	10500000	29753	0.029753	10000000
chr7	10000001	11000000	28560	0.02856	10500000
chr7	10500001	11500000	22858	0.022858	11000000
chr7	11000001	12000000	26512	0.026512	11500000
chr7	11500001	12500000	25227	0.025227	12000000
chr7	12000001	13000000	22993	0.022993	12500000
chr7	12500001	13500000	22515	0.022515	13000000
chr7	13000001	14000000	21455	0.021455	13500000
chr7	13500001	14500000	23611	0.023611	14000000
chr7	14000001	15000000	21225	0.021225	14500000
chr7	14500001	15500000	21692	0.021692	15000000
chr7	15000001	16000000	27232	0.027232	15500000
chr7	15500001	16500000	27976	0.027976	16000000
chr7	16000001	17000000	23072	0.023072	16500000
chr7	16500001	17500000	23343	0.023343	17000000
chr7	17000001	18000000	21243	0.021243	17500000
chr7	17500001	18500000	21034	0.021034	18000000
chr7	18000001	19000000	23241	0.023241	18500000
chr7	18500001	19500000	22962	0.022962	19000000
chr7	19000001	20000000	21243	0.021243	19500000
chr7	19500001	20500000	19836	0.019836	20000000
chr7	20000001	21000000	21292	0.021292	20500000
chr7	20500001	21500000	25523	0.025523	21000000
chr7	21000001	22000000	28414	0.028414	21500000
chr7	21500001	22500000	26403	0.026403	22000000
chr7	22000001	23000000	23286	0.023286	22500000
chr7	22500001	23500000	20987	0.020987	23000000
chr7	23000001	24000000	21563	0.021563	23500000
chr7	23500001	24500000	22534	0.022534	24000000
chr7	24000001	25000000	20083	0.020083	24500000
chr7	24500001	25500000	21326	0.021326	25000000
chr7	25000001	26000000	25153	0.025153	25500000
chr7	25500001	26500000	24120	0.02412	26000000
chr7	26000001	27000000	21767	0.021767	26500000
chr7	26500001	27500000	20459	0.020459	27000000
chr7	27000001	28000000	21333	0.021333	27500000
chr7	27500001	28500000	24368	0.024368	28000000
chr7	28000001	29000000	27316	0.027316	28500000
chr7	28500001	29500000	29959	0.029959	29000000
chr7	29000001	30000000	28856	0.028856	29500000
chr7	29500001	30500000	22926	0.022926	30000000
chr7	30000001	31000000	20915	0.020915	30500000
chr7	30500001	31500000	24550	0.02455	31000000
chr7	31000001	32000000	27232	0.027232	31500000
chr7	31500001	32500000	25946	0.025946	32000000
chr7	32000001	33000000	25361	0.025361	32500000
chr7	32500001	33500000	24659	0.024659	33000000
chr7	33000001	34000000	21326	0.021326	33500000
chr7	33500001	34500000	20232	0.020232	34000000
chr7	34000001	35000000	23798	0.023798	34500000
chr7	34500001	35500000	23486	0.023486	35000000
chr7	35000001	36000000	20530	0.02053	35500000
chr7	35500001	36500000	22552	0.022552	36000000
chr7	36000001	37000000	23416	0.023416	36500000
chr7	36500001	37500000	24187	0.024187	37000000
chr7	37000001	38000000	26952	0.026952	37500000
chr7	37500001	38500000	24397	0.024397	38000000
chr7	38000001	39000000	24245	0.024245	38500000
chr7	38500001	39500000	24362	0.024362	39000000
chr7	39000001	40000000	22779	0.022779	39500000
chr7	39500001	40500000	22363	0.022363	40000000
chr7	40000001	41000000	23241	0.023241	40500000
chr7	40500001	41500000	25840	0.02584	41000000
chr7	41000001	42000000	22150	0.02215	41500000
chr7	41500001	42500000	19140	0.01914	42000000
chr7	42000001	43000000	22701	0.022701	42500000
chr7	42500001	43500000	24350	0.02435	43000000
chr7	43000001	44000000	20584	0.020584	43500000
chr7	43500001	44500000	16748	0.016748	44000000
chr7	44000001	45000000	20124	0.020124	44500000
chr7	44500001	45500000	23208	0.023208	45000000
chr7	45000001	46000000	19836	0.019836	45500000
chr7	45500001	46500000	19459	0.019459	46000000
chr7	46000001	47000000	19736	0.019736	46500000
chr7	46500001	47500000	18975	0.018975	47000000
chr7	47000001	48000000	22139	0.022139	47500000
chr7	47500001	48500000	22197	0.022197	48000000
chr7	48000001	49000000	18632	0.018632	48500000
chr7	48500001	49500000	23260	0.02326	49000000
chr7	49000001	50000000	22733	0.022733	49500000
chr7	49500001	50500000	20258	0.020258	50000000
chr7	50000001	51000000	22208	0.022208	50500000
chr7	50500001	51500000	19172	0.019172	51000000
chr7	51000001	52000000	16828	0.016828	51500000
chr7	51500001	52500000	17861	0.017861	52000000
chr7	52000001	53000000	19007	0.019007	52500000
chr7	52500001	53500000	16760	0.01676	53000000
chr7	53000001	54000000	16153	0.016153	53500000
chr7	53500001	54500000	22306	0.022306	54000000
chr7	54000001	55000000	23908	0.023908	54500000
chr7	54500001	55500000	19441	0.019441	55000000
chr7	55000001	56000000	16546	0.016546	55500000
chr7	55500001	56500000	16430	0.01643	56000000
chr7	56000001	57000000	17613	0.017613	56500000
chr7	56500001	57500000	15765	0.015765	57000000
chr7	57000001	58000000	15610	0.01561	57500000
chr7	57500001	58500000	21661	0.021661	58000000
chr7	58000001	59000000	22355	0.022355	58500000
chr7	58500001	59500000	18892	0.018892	59000000
chr7	59000001	60000000	24085	0.024085	59500000
chr7	59500001	60500000	26275	0.026275	60000000
chr7	60000001	61000000	378093	0.378093	60500000
chr7	60500001	61500000	866112	0.866112	61000000
chr7	61000001	62000000	1000000	1.0	61500000
chr7	61500001	62500000	1000000	1.0	62000000
chr7	62000001	63000000	1000000	1.0	62500000
chr7	62500001	63500000	1000000	1.0	63000000
chr7	63000001	64000000	1000000	1.0	63500000
chr7	63500001	64500000	1000000	1.0	64000000
chr7	64000001	65000000	1000000	1.0	64500000
chr7	64500001	65500000	1000000	1.0	65000000
chr7	65000001	66000000	1000000	1.0	65500000
chr7	65500001	66500000	1000000	1.0	66000000
chr7	66000001	67000000	802676	0.802676	66500000
chr7	66500001	67500000	312808	0.312808	67000000
chr7	67000001	68000000	20804	0.020804	67500000
chr7	67500001	68500000	20512	0.020512	68000000
chr7	68000001	69000000	20013	0.020013	68500000
chr7	68500001	69500000	21523	0.021523	69000000
chr7	69000001	70000000	23121	0.023121	69500000
chr7	69500001	70500000	23138	0.023138	70000000
chr7	70000001	71000000	23956	0.023956	70500000
chr7	70500001	71500000	26742	0.026742	71000000
chr7	71000001	72000000	24145	0.024145	71500000
chr7	71500001	72500000	20002	0.020002	72000000
chr7	72000001	73000000	19392	0.019392	72500000
chr7	72500001	73500000	19489	0.019489	73000000
chr7	73000001	74000000	21572	0.021572	73500000
chr7	73500001	74500000	23657	0.023657	74000000
chr7	74000001	75000000	21186	0.021186	74500000
chr7	74500001	75500000	16882	0.016882	75000000
chr7	75000001	76000000	18983	0.018983	75500000
chr7	75500001	76500000	22599	0.022599	76000000
chr7	76000001	77000000	20681	0.020681	76500000
chr7	76500001	77500000	17760	0.01776	77000000
chr7	77000001	78000000	20411	0.020411	77500000
chr7	77500001	78500000	23513	0.023513	78000000
chr7	78000001	79000000	21255	0.021255	78500000
chr7	78500001	79500000	19300	0.0193	79000000
chr7	79000001	80000000	22050	0.02205	79500000
chr7	79500001	80500000	24221	0.024221	80000000
chr7	80000001	81000000	22359	0.022359	80500000
chr7	80500001	81500000	21771	0.021771	81000000
chr7	81000001	82000000	21209	0.021209	81500000
chr7	81500001	82500000	18420	0.01842	82000000
chr7	82000001	83000000	18838	0.018838	82500000
chr7	82500001	83500000	21110	0.02111	83000000
chr7	83000001	84000000	21245	0.021245	83500000
chr7	83500001	84500000	22210	0.02221	84000000
chr7	84000001	85000000	23538	0.023538	84500000
chr7	84500001	85500000	21220	0.02122	85000000
chr7	85000001	86000000	20910	0.02091	85500000
chr7	85500001	86500000	22542	0.022542	86000000
chr7	86000001	87000000	22193	0.022193	86500000
chr7	86500001	87500000	19448	0.019448	87000000
chr7	87000001	88000000	19635	0.019635	87500000
chr7	87500001	88500000	22813	0.022813	88000000
chr7	88000001	89000000	22239	0.022239	88500000
chr7	88500001	89500000	23779	0.023779	89000000
chr7	89000001	90000000	22185	0.022185	89500000
chr7	89500001	90500000	16907	0.016907	90000000
chr7	90000001	91000000	17397	0.017397	90500000
chr7	90500001	91500000	19022	0.019022	91000000
chr7	91000001	92000000	19114	0.019114	91500000
chr7	91500001	92500000	19227	0.019227	92000000
chr7	92000001	93000000	21766	0.021766	92500000
chr7	92500001	93500000	20488	0.020488	93000000
chr7	93000001	94000000	17100	0.0171	93500000
chr7	93500001	94500000	20242	0.020242	94000000
chr7	94000001	95000000	21120	0.02112	94500000
chr7	94500001	95500000	19546	0.019546	95000000
chr7	95000001	96000000	20403	0.020403	95500000
chr7	95500001	96500000	21066	0.021066	96000000
chr7	96000001	97000000	23986	0.023986	96500000
chr7	96500001	97500000	22476	0.022476	97000000
chr7	97000001	98000000	20027	0.020027	97500000
chr7	97500001	98500000	21703	0.021703	98000000
chr7	98000001	99000000	21003	0.021003	98500000
chr7	98500001	99500000	21182	0.021182	99000000
chr7	99000001	100000000	19236	0.019236	99500000
chr7	99500001	100500000	21392	0.021392	100000000
chr7	100000001	101000000	28461	0.028461	100500000
chr7	100500001	101500000	26023	0.026023	101000000
chr7	101000001	102000000	22829	0.022829	101500000
chr7	101500001	102500000	22011	0.022011	102000000
chr7	102000001	103000000	18324	0.018324	102500000
chr7	102500001	103500000	21575	0.021575	103000000
chr7	103000001	104000000	22222	0.022222	103500000
chr7	103500001	104500000	22138	0.022138	104000000
chr7	104000001	105000000	24166	0.024166	104500000
chr7	104500001	105500000	23083	0.023083	105000000
chr7	105000001	106000000	22311	0.022311	105500000
chr7	105500001	106500000	20229	0.020229	106000000
chr7	106000001	107000000	19368	0.019368	106500000
chr7	106500001	107500000	19953	0.019953	107000000
chr7	107000001	108000000	22117	0.022117	107500000
chr7	107500001	108500000	20445	0.020445	108000000
chr7	108000001	109000000	20272	0.020272	108500000
chr7	108500001	109500000	24509	0.024509	109000000
chr7	109000001	110000000	24522	0.024522	109500000
chr7	109500001	110500000	20584	0.020584	110000000
chr7	110000001	111000000	20381	0.020381	110500000
chr7	110500001	111500000	24167	0.024167	111000000
chr7	111000001	112000000	21167	0.021167	111500000
chr7	111500001	112500000	20319	0.020319	112000000
chr7	112000001	113000000	20841	0.020841	112500000
chr7	112500001	113500000	18777	0.018777	113000000
chr7	113000001	114000000	17958	0.017958	113500000
chr7	113500001	114500000	17048	0.017048	114000000
chr7	114000001	115000000	19132	0.019132	114500000
chr7	114500001	115500000	21003	0.021003	115000000
chr7	115000001	116000000	23567	0.023567	115500000
chr7	115500001	116500000	23343	0.023343	116000000
chr7	116000001	117000000	21319	0.021319	116500000
chr7	116500001	117500000	20894	0.020894	117000000
chr7	117000001	118000000	20570	0.02057	117500000
chr7	117500001	118500000	23133	0.023133	118000000
chr7	118000001	119000000	22763	0.022763	118500000
chr7	118500001	119500000	20747	0.020747	119000000
chr7	119000001	120000000	18422	0.018422	119500000
chr7	119500001	120500000	19706	0.019706	120000000
chr7	120000001	121000000	25683	0.025683	120500000
chr7	120500001	121500000	26131	0.026131	121000000
chr7	121000001	122000000	23508	0.023508	121500000
chr7	121500001	122500000	19931	0.019931	122000000
chr7	122000001	123000000	18666	0.018666	122500000
chr7	122500001	123500000	18442	0.018442	123000000
chr7	123000001	124000000	24781	0.024781	123500000
chr7	123500001	124500000	26120	0.02612	124000000
chr7	124000001	125000000	18473	0.018473	124500000
chr7	124500001	125500000	19915	0.019915	125000000
chr7	125000001	126000000	22113	0.022113	125500000
chr7	125500001	126500000	24086	0.024086	126000000
chr7	126000001	127000000	24927	0.024927	126500000
chr7	126500001	127500000	26916	0.026916	127000000
chr7	127000001	128000000	27645	0.027645	127500000
chr7	127500001	128500000	33332	0.033332	128000000
chr7	128000001	129000000	35904	0.035904	128500000
chr7	128500001	129500000	26946	0.026946	129000000
chr7	129000001	130000000	29285	0.029285	129500000
chr7	129500001	130500000	33276	0.033276	130000000
chr7	130000001	131000000	30895	0.030895	130500000
chr7	130500001	131500000	37075	0.037075	131000000
chr7	131000001	132000000	39504	0.039504	131500000
chr7	131500001	132500000	35049	0.035049	132000000
chr7	132000001	133000000	27578	0.027578	132500000
chr7	132500001	133500000	33169	0.033169	133000000
chr7	133000001	134000000	347758	0.347758	133500000
chr7	133500001	134500000	824395	0.824395	134000000
chr7	134000001	135000000	1000000	1.0	134500000
chr7	134500001	135500000	1000000	1.0	135000000
chr7	135000001	136000000	1000000	1.0	135500000
chr7	135500001	136500000	999900	0.9999	136000000
chr7	136000001	137000000	999900	0.9999	136500000
chr7	136500001	137500000	1000000	1.0	137000000
chr7	137000001	138000000	1000000	1.0	137500000
chr8	1	1000000	46151	0.046151	500000
chr8	500001	1500000	45460	0.04546	1000000
chr8	1000001	2000000	42126	0.042126	1500000
chr8	1500001	2500000	31487	0.031487	2000000
chr8	2000001	3000000	28810	0.02881	2500000
chr8	2500001	3500000	20338	0.020338	3000000
chr8	3000001	4000000	20784	0.020784	3500000
chr8	3500001	4500000	18766	0.018766	4000000
chr8	4000001	5000000	26326	0.026326	4500000
chr8	4500001	5500000	26300	0.0263	5000000
chr8	5000001	6000000	14911	0.014911	5500000
chr8	5500001	6500000	15313	0.015313	6000000
chr8	6000001	7000000	20499	0.020499	6500000
chr8	6500001	7500000	20527	0.020527	7000000
chr8	7000001	8000000	20595	0.020595	7500000
chr8	7500001	8500000	23792	0.023792	8000000
chr8	8000001	9000000	23572	0.023572	8500000
chr8	8500001	9500000	22619	0.022619	9000000
chr8	9000001	10000000	20067	0.020067	9500000
chr8	9500001	10500000	22441	0.022441	10000000
chr8	10000001	11000000	26306	0.026306	10500000
chr8	10500001	11500000	24038	0.024038	11000000
chr8	11000001	12000000	20093	0.020093	11500000
chr8	11500001	12500000	17278	0.017278	12000000
chr8	12000001	13000000	18070	0.01807	12500000
chr8	12500001	13500000	19746	0.019746	13000000
chr8	13000001	14000000	18794	0.018794	13500000
chr8	13500001	14500000	19989	0.019989	14000000
chr8	14000001	15000000	23963	0.023963	14500000
chr8	14500001	15500000	22278	0.022278	15000000
chr8	15000001	16000000	19576	0.019576	15500000
chr8	15500001	16500000	20943	0.020943	16000000
chr8	16000001	17000000	23014	0.023014	16500000
chr8	16500001	17500000	24023	0.024023	17000000
chr8	17000001	18000000	21298	0.021298	17500000
chr8	17500001	18500000	17809	0.017809	18000000
chr8	18000001	19000000	20387	0.020387	18500000
chr8	18500001	19500000	22668	0.022668	19000000
chr8	19000001	20000000	21379	0.021379	19500000
chr8	19500001	20500000	22228	0.022228	20000000
chr8	20000001	21000000	22030	0.02203	20500000
chr8	20500001	21500000	24584	0.024584	21000000
chr8	21000001	22000000	20897	0.020897	21500000
chr8	21500001	22500000	17069	0.017069	22000000
chr8	22000001	23000000	21139	0.021139	22500000
chr8	22500001	23500000	23822	0.023822	23000000
chr8	23000001	24000000	25565	0.025565	23500000
chr8	23500001	24500000	22821	0.022821	24000000
chr8	24000001	25000000	19228	0.019228	24500000
chr8	24500001	25500000	23677	0.023677	25000000
chr8	25000001	26000000	26471	0.026471	25500000
chr8	25500001	26500000	21553	0.021553	26000000
chr8	26000001	27000000	18565	0.018565	26500000
chr8	26500001	27500000	20518	0.020518	27000000
chr8	27000001	28000000	20579	0.020579	27500000
chr8	27500001	28500000	18802	0.018802	28000000
chr8	28000001	29000000	20275	0.020275	28500000
chr8	28500001	29500000	23624	0.023624	29000000
chr8	29000001	30000000	25837	0.025837	29500000
chr8	29500001	30500000	23503	0.023503	30000000
chr8	30000001	31000000	25524	0.025524	30500000
chr8	30500001	31500000	25568	0.025568	31000000
chr8	31000001	32000000	18202	0.018202	31500000
chr8	31500001	32500000	14250	0.01425	32000000
chr8	32000001	33000000	16488	0.016488	32500000
chr8	32500001	33500000	20968	0.020968	33000000
chr8	33000001	34000000	20352	0.020352	33500000
chr8	33500001	34500000	20293	0.020293	34000000
chr8	34000001	35000000	21759	0.021759	34500000
chr8	34500001	35500000	19754	0.019754	35000000
chr8	35000001	36000000	20666	0.020666	35500000
chr8	35500001	36500000	20327	0.020327	36000000
chr8	36000001	37000000	21431	0.021431	36500000
chr8	36500001	37500000	26653	0.026653	37000000
chr8	37000001	38000000	25992	0.025992	37500000
chr8	37500001	38500000	24079	0.024079	38000000
chr8	38000001	39000000	23730	0.02373	38500000
chr8	38500001	39500000	21349	0.021349	39000000
chr8	39000001	40000000	21988	0.021988	39500000
chr8	39500001	40500000	18914	0.018914	40000000
chr8	40000001	41000000	17996	0.017996	40500000
chr8	40500001	41500000	19545	0.019545	41000000
chr8	41000001	42000000	17254	0.017254	41500000
chr8	41500001	42500000	18187	0.018187	42000000
chr8	42000001	43000000	18618	0.018618	42500000
chr8	42500001	43500000	18755	0.018755	43000000
chr8	43000001	44000000	21996	0.021996	43500000
chr8	43500001	44500000	24470	0.02447	44000000
chr8	44000001	45000000	25507	0.025507	44500000
chr8	44500001	45500000	24621	0.024621	45000000
chr8	45000001	46000000	23742	0.023742	45500000
chr8	45500001	46500000	25797	0.025797	46000000
chr8	46000001	47000000	21622	0.021622	46500000
chr8	46500001	47500000	17733	0.017733	47000000
chr8	47000001	48000000	17206	0.017206	47500000
chr8	47500001	48500000	17206	0.017206	48000000
chr8	48000001	49000000	17929	0.017929	48500000
chr8	48500001	49500000	18131	0.018131	49000000
chr8	49000001	50000000	19432	0.019432	49500000
chr8	49500001	50500000	16824	0.016824	50000000
chr8	50000001	51000000	15276	0.015276	50500000
chr8	50500001	51500000	17220	0.01722	51000000
chr8	51000001	52000000	18243	0.018243	51500000
chr8	51500001	52500000	20131	0.020131	52000000
chr8	52000001	53000000	19550	0.01955	52500000
chr8	52500001	53500000	18066	0.018066	53000000
chr8	53000001	54000000	18706	0.018706	53500000
chr8	53500001	54500000	17053	0.017053	54000000
chr8	54000001	55000000	15121	0.015121	54500000
chr8	54500001	55500000	16063	0.016063	55000000
chr8	55000001	56000000	17640	0.01764	55500000
chr8	55500001	56500000	17053	0.017053	56000000
chr8	56000001	57000000	23624	0.023624	56500000
chr8	56500001	57500000	32145	0.032145	57000000
chr8	57000001	58000000	31759	0.031759	57500000
chr8	57500001	58500000	25883	0.025883	58000000
chr8	58000001	59000000	37490	0.03749	58500000
chr8	58500001	59500000	42848	0.042848	59000000
chr8	59000001	60000000	28904	0.028904	59500000
chr8	59500001	60500000	24859	0.024859	60000000
chr8	60000001	61000000	23536	0.023536	60500000
chr8	60500001	61500000	20625	0.020625	61000000
chr8	61000001	62000000	412864	0.412864	61500000
chr8	61500001	62500000	903890	0.90389	62000000
chr8	62000001	63000000	1000000	1.0	62500000
chr8	62500001	63500000	1000000	1.0	63000000
chr8	63000001	64000000	1000000	1.0	63500000
chr8	63500001	64500000	964762	0.964762	64000000
chr8	64000001	65000000	481397	0.481397	64500000
chr8	64500001	65500000	30660	0.03066	65000000
chr8	65000001	66000000	25077	0.025077	65500000
chr8	65500001	66500000	22134	0.022134	66000000
chr8	66000001	67000000	23235	0.023235	66500000
chr8	66500001	67500000	21648	0.021648	67000000
chr8	67000001	68000000	19271	0.019271	67500000
chr8	67500001	68500000	20786	0.020786	68000000
chr8	68000001	69000000	20375	0.020375	68500000
chr8	68500001	69500000	18930	0.01893	69000000
chr8	69000001	70000000	18868	0.018868	69500000
chr8	69500001	70500000	15884	0.015884	70000000
chr8	70000001	71000000	15973	0.015973	70500000
chr8	70500001	71500000	18122	0.018122	71000000
chr8	71000001	72000000	18418	0.018418	71500000
chr8	71500001	72500000	22805	0.022805	72000000
chr8	72000001	73000000	20211	0.020211	72500000
chr8	72500001	73500000	15287	0.015287	73000000
chr8	73000001	74000000	20222	0.020222	73500000
chr8	73500001	74500000	20830	0.02083	74000000
chr8	74000001	75000000	16346	0.016346	74500000
chr8	74500001	75500000	18310	0.01831	75000000
chr8	75000001	76000000	23094	0.023094	75500000
chr8	75500001	76500000	20539	0.020539	76000000
chr8	76000001	77000000	15642	0.015642	76500000
chr8	76500001	77500000	19118	0.019118	77000000
chr8	77000001	78000000	24926	0.024926	77500000
chr8	77500001	78500000	26742	0.026742	78000000
chr8	78000001	79000000	23163	0.023163	78500000
chr8	78500001	79500000	20890	0.02089	79000000
chr8	79000001	80000000	19217	0.019217	79500000
chr8	79500001	80500000	17543	0.017543	80000000
chr8	80000001	81000000	17954	0.017954	80500000
chr8	80500001	81500000	19838	0.019838	81000000
chr8	81000001	82000000	21490	0.02149	81500000
chr8	81500001	82500000	19198	0.019198	82000000
chr8	82000001	83000000	18807	0.018807	82500000
chr8	82500001	83500000	20381	0.020381	83000000
chr8	83000001	84000000	21518	0.021518	83500000
chr8	83500001	84500000	20439	0.020439	84000000
chr8	84000001	85000000	17997	0.017997	84500000
chr8	84500001	85500000	20635	0.020635	85000000
chr8	85000001	86000000	23218	0.023218	85500000
chr8	85500001	86500000	20946	0.020946	86000000
chr8	86000001	87000000	19866	0.019866	86500000
chr8	86500001	87500000	19659	0.019659	87000000
chr8	87000001	88000000	20383	0.020383	87500000
chr8	87500001	88500000	19540	0.01954	88000000
chr8	88000001	89000000	21536	0.021536	88500000
chr8	88500001	89500000	25595	0.025595	89000000
chr8	89000001	90000000	22855	0.022855	89500000
chr8	89500001	90500000	19630	0.01963	90000000
chr8	90000001	91000000	19516	0.019516	90500000
chr8	90500001	91500000	19885	0.019885	91000000
chr8	91000001	92000000	23114	0.023114	91500000
chr8	91500001	92500000	24060	0.02406	92000000
chr8	92000001	93000000	20527	0.020527	92500000
chr8	92500001	93500000	20212	0.020212	93000000
chr8	93000001	94000000	20075	0.020075	93500000
chr8	93500001	94500000	17330	0.01733	94000000
chr8	94000001	95000000	16164	0.016164	94500000
chr8	94500001	95500000	18809	0.018809	95000000
chr8	95000001	96000000	21269	0.021269	95500000
chr8	95500001	96500000	21905	0.021905	96000000
chr8	96000001	97000000	23602	0.023602	96500000
chr8	96500001	97500000	19437	0.019437	97000000
chr8	97000001	98000000	17494	0.017494	97500000
chr8	97500001	98500000	18245	0.018245	98000000
chr8	98000001	99000000	16085	0.016085	98500000
chr8	98500001	99500000	18285	0.018285	99000000
chr8	99000001	100000000	23958	0.023958	99500000
chr8	99500001	100500000	21987	0.021987	100000000
chr8	100000001	101000000	16625	0.016625	100500000
chr8	100500001	101500000	19020	0.01902	101000000
chr8	101000001	102000000	21172	0.021172	101500000
chr8	101500001	102500000	18611	0.018611	102000000
chr8	102000001	103000000	19772	0.019772	102500000
chr8	102500001	103500000	21204	0.021204	103000000
chr8	103000001	104000000	19051	0.019051	103500000
chr8	103500001	104500000	19703	0.019703	104000000
chr8	104000001	105000000	19877	0.019877	104500000
chr8	104500001	105500000	19899	0.019899	105000000
chr8	105000001	106000000	18833	0.018833	105500000
chr8	105500001	106500000	17584	0.017584	106000000
chr8	106000001	107000000	19197	0.019197	106500000
chr8	106500001	107500000	20015	0.020015	107000000
chr8	107000001	108000000	22572	0.022572	107500000
chr8	107500001	108500000	22963	0.022963	108000000
chr8	108000001	109000000	19500	0.0195	108500000
chr8	108500001	109500000	18832	0.018832	109000000
chr8	109000001	110000000	18065	0.018065	109500000
chr8	109500001	110500000	16581	0.016581	110000000
chr8	110000001	111000000	17433	0.017433	110500000
chr8	110500001	111500000	18212	0.018212	111000000
chr8	111000001	112000000	17679	0.017679	111500000
chr8	111500001	112500000	19125	0.019125	112000000
chr8	112000001	113000000	17995	0.017995	112500000
chr8	112500001	113500000	14437	0.014437	113000000
chr8	113000001	114000000	16496	0.016496	113500000
chr8	113500001	114500000	17355	0.017355	114000000
chr8	114000001	115000000	19235	0.019235	114500000
chr8	114500001	115500000	20975	0.020975	115000000
chr8	115000001	116000000	17405	0.017405	115500000
chr8	115500001	116500000	22115	0.022115	116000000
chr8	116000001	117000000	23740	0.02374	116500000
chr8	116500001	117500000	22815	0.022815	117000000
chr8	117000001	118000000	22543	0.022543	117500000
chr8	117500001	118500000	26828	0.026828	118000000
chr8	118000001	119000000	26895	0.026895	118500000
chr8	118500001	119500000	23447	0.023447	119000000
chr8	119000001	120000000	25905	0.025905	119500000
chr8	119500001	120500000	24077	0.024077	120000000
chr8	120000001	121000000	22132	0.022132	120500000
chr8	120500001	121500000	23529	0.023529	121000000
chr8	121000001	122000000	27462	0.027462	121500000
chr8	121500001	122500000	26969	0.026969	122000000
chr8	122000001	123000000	33044	0.033044	122500000
chr8	122500001	123500000	43816	0.043816	123000000
chr8	123000001	124000000	45970	0.04597	123500000
chr8	123500001	124500000	46794	0.046794	124000000
chr8	124000001	125000000	40914	0.040914	124500000
chr8	124500001	125500000	33412	0.033412	125000000
chr8	125000001	126000000	26955	0.026955	125500000
chr8	125500001	126500000	44892	0.044892	126000000
chr8	126000001	127000000	99723	0.099723	126500000
chr8	126500001	127500000	564837	0.564837	127000000
chr8	127000001	128000000	1000000	1.0	127500000
chr8	127500001	128500000	999900	0.9999	128000000
chr8	128000001	129000000	999900	0.9999	128500000
chr8	128500001	129500000	1000000	1.0	129000000
chr8	129000001	130000000	799858	0.799858	129500000
chr8	129500001	130500000	521139	0.521139	130000000
chr8	130000001	131000000	721281	0.721281	130500000
chr8	130500001	131500000	1000000	1.0	131000000
chr8	131000001	132000000	1000000	1.0	131500000
chr8	131500001	132500000	1000000	1.0	132000000
chr8	132000001	133000000	1000000	1.0	132500000
chr8	132500001	133500000	1000000	1.0	133000000
chr8	133000001	134000000	1000000	1.0	133500000
chr9	1	1000000	1000000	1.0	500000
chr9	500001	1500000	1000000	1.0	1000000
chr9	1000001	2000000	1000000	1.0	1500000
chr9	1500001	2500000	613760	0.61376	2000000
chr9	2000001	3000000	120595	0.120595	2500000
chr9	2500001	3500000	13363	0.013363	3000000
chr9	3000001	4000000	14588	0.014588	3500000
chr9	3500001	4500000	446048	0.446048	4000000
chr9	4000001	5000000	937988	0.937988	4500000
chr9	4500001	5500000	1000000	1.0	5000000
chr9	5000001	6000000	1000000	1.0	5500000
chr9	5500001	6500000	1000000	1.0	6000000
chr9	6000001	7000000	1000000	1.0	6500000
chr9	6500001	7500000	1000000	1.0	7000000
chr9	7000001	8000000	1000000	1.0	7500000
chr9	7500001	8500000	1000000	1.0	8000000
chr9	8000001	9000000	957163	0.957163	8500000
chr9	8500001	9500000	476514	0.476514	9000000
chr9	9000001	10000000	32429	0.032429	9500000
chr9	9500001	10500000	21800	0.0218	10000000
chr9	10000001	11000000	21103	0.021103	10500000
chr9	10500001	11500000	23878	0.023878	11000000
chr9	11000001	12000000	23997	0.023997	11500000
chr9	11500001	12500000	21624	0.021624	12000000
chr9	12000001	13000000	20641	0.020641	12500000
chr9	12500001	13500000	21250	0.02125	13000000
chr9	13000001	14000000	19097	0.019097	13500000
chr9	13500001	14500000	19126	0.019126	14000000
chr9	14000001	15000000	21917	0.021917	14500000
chr9	14500001	15500000	20650	0.02065	15000000
chr9	15000001	16000000	15818	0.015818	15500000
chr9	15500001	16500000	14821	0.014821	16000000
chr9	16000001	17000000	17746	0.017746	16500000
chr9	16500001	17500000	18375	0.018375	17000000
chr9	17000001	18000000	17608	0.017608	17500000
chr9	17500001	18500000	19580	0.01958	18000000
chr9	18000001	19000000	18569	0.018569	18500000
chr9	18500001	19500000	16493	0.016493	19000000
chr9	19000001	20000000	16961	0.016961	19500000
chr9	19500001	20500000	17658	0.017658	20000000
chr9	20000001	21000000	20325	0.020325	20500000
chr9	20500001	21500000	24145	0.024145	21000000
chr9	21000001	22000000	24243	0.024243	21500000
chr9	21500001	22500000	19659	0.019659	22000000
chr9	22000001	23000000	18039	0.018039	22500000
chr9	22500001	23500000	19943	0.019943	23000000
chr9	23000001	24000000	21499	0.021499	23500000
chr9	23500001	24500000	21627	0.021627	24000000
chr9	24000001	25000000	20985	0.020985	24500000
chr9	24500001	25500000	20470	0.02047	25000000
chr9	25000001	26000000	19347	0.019347	25500000
chr9	25500001	26500000	18992	0.018992	26000000
chr9	26000001	27000000	18997	0.018997	26500000
chr9	26500001	27500000	23131	0.023131	27000000
chr9	27000001	28000000	21172	0.021172	27500000
chr9	27500001	28500000	17881	0.017881	28000000
chr9	28000001	29000000	18417	0.018417	28500000
chr9	28500001	29500000	19674	0.019674	29000000
chr9	29000001	30000000	22316	0.022316	29500000
chr9	29500001	30500000	20975	0.020975	30000000
chr9	30000001	31000000	18862	0.018862	30500000
chr9	30500001	31500000	17541	0.017541	31000000
chr9	31000001	32000000	19530	0.01953	31500000
chr9	31500001	32500000	20165	0.020165	32000000
chr9	32000001	33000000	20264	0.020264	32500000
chr9	32500001	33500000	20755	0.020755	33000000
chr9	33000001	34000000	17159	0.017159	33500000
chr9	33500001	34500000	16510	0.01651	34000000
chr9	34000001	35000000	21696	0.021696	34500000
chr9	34500001	35500000	23172	0.023172	35000000
chr9	35000001	36000000	19343	0.019343	35500000
chr9	35500001	36500000	18476	0.018476	36000000
chr9	36000001	37000000	16613	0.016613	36500000
chr9	36500001	37500000	15521	0.015521	37000000
chr9	37000001	38000000	17645	0.017645	37500000
chr9	37500001	38500000	19469	0.019469	38000000
chr9	38000001	39000000	20023	0.020023	38500000
chr9	38500001	39500000	16846	0.016846	39000000
chr9	39000001	40000000	14709	0.014709	39500000
chr9	39500001	40500000	18508	0.018508	40000000
chr9	40000001	41000000	20715	0.020715	40500000
chr9	40500001	41500000	18497	0.018497	41000000
chr9	41000001	42000000	18326	0.018326	41500000
chr9	41500001	42500000	18869	0.018869	42000000
chr9	42000001	43000000	21477	0.021477	42500000
chr9	42500001	43500000	22571	0.022571	43000000
chr9	43000001	44000000	21798	0.021798	43500000
chr9	43500001	44500000	22241	0.022241	44000000
chr9	44000001	45000000	23239	0.023239	44500000
chr9	44500001	45500000	22878	0.022878	45000000
chr9	45000001	46000000	19206	0.019206	45500000
chr9	45500001	46500000	22095	0.022095	46000000
chr9	46000001	47000000	24323	0.024323	46500000
chr9	46500001	47500000	20542	0.020542	47000000
chr9	47000001	48000000	18979	0.018979	47500000
chr9	47500001	48500000	17748	0.017748	48000000
chr9	48000001	49000000	21937	0.021937	48500000
chr9	48500001	49500000	23456	0.023456	49000000
chr9	49000001	50000000	20870	0.02087	49500000
chr9	49500001	50500000	20590	0.02059	50000000
chr9	50000001	51000000	21184	0.021184	50500000
chr9	50500001	51500000	21004	0.021004	51000000
chr9	51000001	52000000	19135	0.019135	51500000
chr9	51500001	52500000	21567	0.021567	52000000
chr9	52000001	53000000	25884	0.025884	52500000
chr9	52500001	53500000	22456	0.022456	53000000
chr9	53000001	54000000	16677	0.016677	53500000
chr9	53500001	54500000	20352	0.020352	54000000
chr9	54000001	55000000	30709	0.030709	54500000
chr9	54500001	55500000	35740	0.03574	55000000
chr9	55000001	56000000	32133	0.032133	55500000
chr9	55500001	56500000	39590	0.03959	56000000
chr9	56000001	57000000	44902	0.044902	56500000
chr9	56500001	57500000	30349	0.030349	57000000
chr9	57000001	58000000	326617	0.326617	57500000
chr9	57500001	58500000	384390	0.38439	58000000
chr9	58000001	59000000	76886	0.076886	58500000
chr9	58500001	59500000	22618	0.022618	59000000
chr9	59000001	60000000	23916	0.023916	59500000
chr9	59500001	60500000	19623	0.019623	60000000
chr9	60000001	61000000	18480	0.01848	60500000
chr9	60500001	61500000	19795	0.019795	61000000
chr9	61000001	62000000	19883	0.019883	61500000
chr9	61500001	62500000	19423	0.019423	62000000
chr9	62000001	63000000	20479	0.020479	62500000
chr9	62500001	63500000	18197	0.018197	63000000
chr9	63000001	64000000	19187	0.019187	63500000
chr9	63500001	64500000	22139	0.022139	64000000
chr9	64000001	65000000	19669	0.019669	64500000
chr9	64500001	65500000	18517	0.018517	65000000
chr9	65000001	66000000	22641	0.022641	65500000
chr9	65500001	66500000	24949	0.024949	66000000
chr9	66000001	67000000	19221	0.019221	66500000
chr9	66500001	67500000	18658	0.018658	67000000
chr9	67000001	68000000	26751	0.026751	67500000
chr9	67500001	68500000	24802	0.024802	68000000
chr9	68000001	69000000	21006	0.021006	68500000
chr9	68500001	69500000	21555	0.021555	69000000
chr9	69000001	70000000	18993	0.018993	69500000
chr9	69500001	70500000	18832	0.018832	70000000
chr9	70000001	71000000	23952	0.023952	70500000
chr9	70500001	71500000	21200	0.0212	71000000
chr9	71000001	72000000	17116	0.017116	71500000
chr9	71500001	72500000	17934	0.017934	72000000
chr9	72000001	73000000	18286	0.018286	72500000
chr9	72500001	73500000	21891	0.021891	73000000
chr9	73000001	74000000	24358	0.024358	73500000
chr9	73500001	74500000	22974	0.022974	74000000
chr9	74000001	75000000	19373	0.019373	74500000
chr9	74500001	75500000	19587	0.019587	75000000
chr9	75000001	76000000	16932	0.016932	75500000
chr9	75500001	76500000	19180	0.01918	76000000
chr9	76000001	77000000	22442	0.022442	76500000
chr9	76500001	77500000	19712	0.019712	77000000
chr9	77000001	78000000	19630	0.01963	77500000
chr9	77500001	78500000	20629	0.020629	78000000
chr9	78000001	79000000	19199	0.019199	78500000
chr9	78500001	79500000	20376	0.020376	79000000
chr9	79000001	80000000	27663	0.027663	79500000
chr9	79500001	80500000	28269	0.028269	80000000
chr9	80000001	81000000	21746	0.021746	80500000
chr9	80500001	81500000	21949	0.021949	81000000
chr9	81000001	82000000	21025	0.021025	81500000
chr9	81500001	82500000	17433	0.017433	82000000
chr9	82000001	83000000	20854	0.020854	82500000
chr9	82500001	83500000	20208	0.020208	83000000
chr9	83000001	84000000	18498	0.018498	83500000
chr9	83500001	84500000	20836	0.020836	84000000
chr9	84000001	85000000	19587	0.019587	84500000
chr9	84500001	85500000	16641	0.016641	85000000
chr9	85000001	86000000	19355	0.019355	85500000
chr9	85500001	86500000	23600	0.0236	86000000
chr9	86000001	87000000	22682	0.022682	86500000
chr9	86500001	87500000	20312	0.020312	87000000
chr9	87000001	88000000	17572	0.017572	87500000
chr9	87500001	88500000	15812	0.015812	88000000
chr9	88000001	89000000	19170	0.01917	88500000
chr9	88500001	89500000	20545	0.020545	89000000
chr9	89000001	90000000	26014	0.026014	89500000
chr9	89500001	90500000	25924	0.025924	90000000
chr9	90000001	91000000	18442	0.018442	90500000
chr9	90500001	91500000	17092	0.017092	91000000
chr9	91000001	92000000	15760	0.01576	91500000
chr9	91500001	92500000	19527	0.019527	92000000
chr9	92000001	93000000	21080	0.02108	92500000
chr9	92500001	93500000	18873	0.018873	93000000
chr9	93000001	94000000	21329	0.021329	93500000
chr9	93500001	94500000	25046	0.025046	94000000
chr9	94000001	95000000	23022	0.023022	94500000
chr9	94500001	95500000	17294	0.017294	95000000
chr9	95000001	96000000	17500	0.0175	95500000
chr9	95500001	96500000	18472	0.018472	96000000
chr9	96000001	97000000	17611	0.017611	96500000
chr9	96500001	97500000	18740	0.01874	97000000
chr9	97000001	98000000	17585	0.017585	97500000
chr9	97500001	98500000	19426	0.019426	98000000
chr9	98000001	99000000	24315	0.024315	98500000
chr9	98500001	99500000	22006	0.022006	99000000
chr9	99000001	100000000	19334	0.019334	99500000
chr9	99500001	100500000	20956	0.020956	100000000
chr9	100000001	101000000	20877	0.020877	100500000
chr9	100500001	101500000	20289	0.020289	101000000
chr9	101000001	102000000	20199	0.020199	101500000
chr9	101500001	102500000	21854	0.021854	102000000
chr9	102000001	103000000	23182	0.023182	102500000
chr9	102500001	103500000	21442	0.021442	103000000
chr9	103000001	104000000	18169	0.018169	103500000
chr9	103500001	104500000	14857	0.014857	104000000
chr9	104000001	105000000	16258	0.016258	104500000
chr9	104500001	105500000	20554	0.020554	105000000
chr9	105000001	106000000	18405	0.018405	105500000
chr9	105500001	106500000	17272	0.017272	106000000
chr9	106000001	107000000	20306	0.020306	106500000
chr9	106500001	107500000	18645	0.018645	107000000
chr9	107000001	108000000	16643	0.016643	107500000
chr9	107500001	108500000	17985	0.017985	108000000
chr9	108000001	109000000	19541	0.019541	108500000
chr9	108500001	109500000	18975	0.018975	109000000
chr9	109000001	110000000	16684	0.016684	109500000
chr9	109500001	110500000	17107	0.017107	110000000
chr9	110000001	111000000	16350	0.01635	110500000
chr9	110500001	111500000	14894	0.014894	111000000
chr9	111000001	112000000	18345	0.018345	111500000
chr9	111500001	112500000	19252	0.019252	112000000
chr9	112000001	113000000	19918	0.019918	112500000
chr9	112500001	113500000	20490	0.02049	113000000
chr9	113000001	114000000	19861	0.019861	113500000
chr9	113500001	114500000	22118	0.022118	114000000
chr9	114000001	115000000	24562	0.024562	114500000
chr9	114500001	115500000	20090	0.02009	115000000
chr9	115000001	116000000	16393	0.016393	115500000
chr9	115500001	116500000	18059	0.018059	116000000
chr9	116000001	117000000	18506	0.018506	116500000
chr9	116500001	117500000	19146	0.019146	117000000
chr9	117000001	118000000	20157	0.020157	117500000
chr9	117500001	118500000	22097	0.022097	118000000
chr9	118000001	119000000	23930	0.02393	118500000
chr9	118500001	119500000	24018	0.024018	119000000
chr9	119000001	120000000	24644	0.024644	119500000
chr9	119500001	120500000	23817	0.023817	120000000
chr9	120000001	121000000	19917	0.019917	120500000
chr9	120500001	121500000	16799	0.016799	121000000
chr9	121000001	122000000	18516	0.018516	121500000
chr9	121500001	122500000	20449	0.020449	122000000
chr9	122000001	123000000	20962	0.020962	122500000
chr9	122500001	123500000	22752	0.022752	123000000
chr9	123000001	124000000	19564	0.019564	123500000
chr9	123500001	124500000	16881	0.016881	124000000
chr9	124000001	125000000	29950	0.02995	124500000
chr9	124500001	125500000	36416	0.036416	125000000
chr9	125000001	126000000	31724	0.031724	125500000
chr9	125500001	126500000	37043	0.037043	126000000
chr9	126000001	127000000	49377	0.049377	126500000
chr9	126500001	127500000	44075	0.044075	127000000
chr9	127000001	128000000	32861	0.032861	127500000
chr9	127500001	128500000	283476	0.283476	128000000
chr9	128000001	129000000	765879	0.765879	128500000
chr9	128500001	129500000	1000000	1.0	129000000
chr9	129000001	130000000	1000000	1.0	129500000
chr9	129500001	130500000	1000000	1.0	130000000
chr9	130000001	131000000	1000000	1.0	130500000
chr9	130500001	131500000	1000000	1.0	131000000
chr9	131000001	132000000	1000000	1.0	131500000
chr9	131500001	132500000	1000000	1.0	132000000
chr9	132000001	133000000	999900	0.9999	132500000
chr9	132500001	133500000	999900	0.9999	133000000
chr10	1	1000000	37843	0.037843	500000
chr10	500001	1500000	25407	0.025407	1000000
chr10	1000001	2000000	28170	0.02817	1500000
chr10	1500001	2500000	40915	0.040915	2000000
chr10	2000001	3000000	39450	0.03945	2500000
chr10	2500001	3500000	26368	0.026368	3000000
chr10	3000001	4000000	21220	0.02122	3500000
chr10	3500001	4500000	26656	0.026656	4000000
chr10	4000001	5000000	28678	0.028678	4500000
chr10	4500001	5500000	28550	0.02855	5000000
chr10	5000001	6000000	36060	0.03606	5500000
chr10	5500001	6500000	31227	0.031227	6000000
chr10	6000001	7000000	23469	0.023469	6500000
chr10	6500001	7500000	22239	0.022239	7000000
chr10	7000001	8000000	18481	0.018481	7500000
chr10	7500001	8500000	20955	0.020955	8000000
chr10	8000001	9000000	25592	0.025592	8500000
chr10	8500001	9500000	24133	0.024133	9000000
chr10	9000001	10000000	24174	0.024174	9500000
chr10	9500001	10500000	24148	0.024148	10000000
chr10	10000001	11000000	22410	0.02241	10500000
chr10	10500001	11500000	19024	0.019024	11000000
chr10	11000001	12000000	16774	0.016774	11500000
chr10	11500001	12500000	19401	0.019401	12000000
chr10	12000001	13000000	24111	0.024111	12500000
chr10	12500001	13500000	21624	0.021624	13000000
chr10	13000001	14000000	16024	0.016024	13500000
chr10	13500001	14500000	16919	0.016919	14000000
chr10	14000001	15000000	15906	0.015906	14500000
chr10	14500001	15500000	18030	0.01803	15000000
chr10	15000001	16000000	19523	0.019523	15500000
chr10	15500001	16500000	17710	0.01771	16000000
chr10	16000001	17000000	18254	0.018254	16500000
chr10	16500001	17500000	19075	0.019075	17000000
chr10	17000001	18000000	21457	0.021457	17500000
chr10	17500001	18500000	21338	0.021338	18000000
chr10	18000001	19000000	18757	0.018757	18500000
chr10	18500001	19500000	17529	0.017529	19000000
chr10	19000001	20000000	21768	0.021768	19500000
chr10	19500001	20500000	25974	0.025974	20000000
chr10	20000001	21000000	26530	0.02653	20500000
chr10	20500001	21500000	24559	0.024559	21000000
chr10	21000001	22000000	21285	0.021285	21500000
chr10	21500001	22500000	19531	0.019531	22000000
chr10	22000001	23000000	50758	0.050758	22500000
chr10	22500001	23500000	52206	0.052206	23000000
chr10	23000001	24000000	20003	0.020003	23500000
chr10	23500001	24500000	16075	0.016075	24000000
chr10	24000001	25000000	19195	0.019195	24500000
chr10	24500001	25500000	21805	0.021805	25000000
chr10	25000001	26000000	18439	0.018439	25500000
chr10	25500001	26500000	21520	0.02152	26000000
chr10	26000001	27000000	24412	0.024412	26500000
chr10	26500001	27500000	21166	0.021166	27000000
chr10	27000001	28000000	17869	0.017869	27500000
chr10	27500001	28500000	16612	0.016612	28000000
chr10	28000001	29000000	17859	0.017859	28500000
chr10	28500001	29500000	21489	0.021489	29000000
chr10	29000001	30000000	22880	0.02288	29500000
chr10	29500001	30500000	21800	0.0218	30000000
chr10	30000001	31000000	21468	0.021468	30500000
chr10	30500001	31500000	20118	0.020118	31000000
chr10	31000001	32000000	20262	0.020262	31500000
chr10	31500001	32500000	21970	0.02197	32000000
chr10	32000001	33000000	23392	0.023392	32500000
chr10	32500001	33500000	22928	0.022928	33000000
chr10	33000001	34000000	17972	0.017972	33500000
chr10	33500001	34500000	15660	0.01566	34000000
chr10	34000001	35000000	18029	0.018029	34500000
chr10	34500001	35500000	18284	0.018284	35000000
chr10	35000001	36000000	18337	0.018337	35500000
chr10	35500001	36500000	18535	0.018535	36000000
chr10	36000001	37000000	16547	0.016547	36500000
chr10	36500001	37500000	14463	0.014463	37000000
chr10	37000001	38000000	22215	0.022215	37500000
chr10	37500001	38500000	23962	0.023962	38000000
chr10	38000001	39000000	18727	0.018727	38500000
chr10	38500001	39500000	17815	0.017815	39000000
chr10	39000001	40000000	13683	0.013683	39500000
chr10	39500001	40500000	16128	0.016128	40000000
chr10	40000001	41000000	21507	0.021507	40500000
chr10	40500001	41500000	22207	0.022207	41000000
chr10	41000001	42000000	17016	0.017016	41500000
chr10	41500001	42500000	14964	0.014964	42000000
chr10	42000001	43000000	15924	0.015924	42500000
chr10	42500001	43500000	20660	0.02066	43000000
chr10	43000001	44000000	24844	0.024844	43500000
chr10	43500001	44500000	22739	0.022739	44000000
chr10	44000001	45000000	19142	0.019142	44500000
chr10	44500001	45500000	17644	0.017644	45000000
chr10	45000001	46000000	19272	0.019272	45500000
chr10	45500001	46500000	20523	0.020523	46000000
chr10	46000001	47000000	20805	0.020805	46500000
chr10	46500001	47500000	18964	0.018964	47000000
chr10	47000001	48000000	19283	0.019283	47500000
chr10	47500001	48500000	19582	0.019582	48000000
chr10	48000001	49000000	20769	0.020769	48500000
chr10	48500001	49500000	21184	0.021184	49000000
chr10	49000001	50000000	19863	0.019863	49500000
chr10	49500001	50500000	21557	0.021557	50000000
chr10	50000001	51000000	20521	0.020521	50500000
chr10	50500001	51500000	16778	0.016778	51000000
chr10	51000001	52000000	20502	0.020502	51500000
chr10	51500001	52500000	20986	0.020986	52000000
chr10	52000001	53000000	20473	0.020473	52500000
chr10	52500001	53500000	31110	0.03111	53000000
chr10	53000001	54000000	31207	0.031207	53500000
chr10	53500001	54500000	22970	0.02297	54000000
chr10	54000001	55000000	25131	0.025131	54500000
chr10	54500001	55500000	23172	0.023172	55000000
chr10	55000001	56000000	20235	0.020235	55500000
chr10	55500001	56500000	19274	0.019274	56000000
chr10	56000001	57000000	17209	0.017209	56500000
chr10	56500001	57500000	17639	0.017639	57000000
chr10	57000001	58000000	20739	0.020739	57500000
chr10	57500001	58500000	23254	0.023254	58000000
chr10	58000001	59000000	19415	0.019415	58500000
chr10	58500001	59500000	19781	0.019781	59000000
chr10	59000001	60000000	22437	0.022437	59500000
chr10	59500001	60500000	21505	0.021505	60000000
chr10	60000001	61000000	20615	0.020615	60500000
chr10	60500001	61500000	19441	0.019441	61000000
chr10	61000001	62000000	19447	0.019447	61500000
chr10	61500001	62500000	23021	0.023021	62000000
chr10	62000001	63000000	23234	0.023234	62500000
chr10	62500001	63500000	22382	0.022382	63000000
chr10	63000001	64000000	22199	0.022199	63500000
chr10	63500001	64500000	22106	0.022106	64000000
chr10	64000001	65000000	25219	0.025219	64500000
chr10	64500001	65500000	25463	0.025463	65000000
chr10	65000001	66000000	22345	0.022345	65500000
chr10	65500001	66500000	20428	0.020428	66000000
chr10	66000001	67000000	20498	0.020498	66500000
chr10	66500001	67500000	20127	0.020127	67000000
chr10	67000001	68000000	21537	0.021537	67500000
chr10	67500001	68500000	21589	0.021589	68000000
chr10	68000001	69000000	21563	0.021563	68500000
chr10	68500001	69500000	21651	0.021651	69000000
chr10	69000001	70000000	18824	0.018824	69500000
chr10	69500001	70500000	21397	0.021397	70000000
chr10	70000001	71000000	22082	0.022082	70500000
chr10	70500001	71500000	18576	0.018576	71000000
chr10	71000001	72000000	18586	0.018586	71500000
chr10	71500001	72500000	17482	0.017482	72000000
chr10	72000001	73000000	14142	0.014142	72500000
chr10	72500001	73500000	16257	0.016257	73000000
chr10	73000001	74000000	21699	0.021699	73500000
chr10	73500001	74500000	21524	0.021524	74000000
chr10	74000001	75000000	19643	0.019643	74500000
chr10	74500001	75500000	17855	0.017855	75000000
chr10	75000001	76000000	18099	0.018099	75500000
chr10	75500001	76500000	17481	0.017481	76000000
chr10	76000001	77000000	15859	0.015859	76500000
chr10	76500001	77500000	16745	0.016745	77000000
chr10	77000001	78000000	16020	0.01602	77500000
chr10	77500001	78500000	14580	0.01458	78000000
chr10	78000001	79000000	15693	0.015693	78500000
chr10	78500001	79500000	23929	0.023929	79000000
chr10	79000001	80000000	31804	0.031804	79500000
chr10	79500001	80500000	33972	0.033972	80000000
chr10	80000001	81000000	77087	0.077087	80500000
chr10	80500001	81500000	69752	0.069752	81000000
chr10	81000001	82000000	21987	0.021987	81500000
chr10	81500001	82500000	24447	0.024447	82000000
chr10	82000001	83000000	25444	0.025444	82500000
chr10	82500001	83500000	21562	0.021562	83000000
chr10	83000001	84000000	19586	0.019586	83500000
chr10	83500001	84500000	21960	0.02196	84000000
chr10	84000001	85000000	26743	0.026743	84500000
chr10	84500001	85500000	30236	0.030236	85000000
chr10	85000001	86000000	25424	0.025424	85500000
chr10	85500001	86500000	21562	0.021562	86000000
chr10	86000001	87000000	23119	0.023119	86500000
chr10	86500001	87500000	50020	0.05002	87000000
chr10	87000001	88000000	59888	0.059888	87500000
chr10	87500001	88500000	37006	0.037006	88000000
chr10	88000001	89000000	36518	0.036518	88500000
chr10	88500001	89500000	47496	0.047496	89000000
chr10	89000001	90000000	38499	0.038499	89500000
chr10	89500001	90500000	35104	0.035104	90000000
chr10	90000001	91000000	34454	0.034454	90500000
chr10	90500001	91500000	24772	0.024772	91000000
chr10	91000001	92000000	25653	0.025653	91500000
chr10	91500001	92500000	23612	0.023612	92000000
chr10	92000001	93000000	22558	0.022558	92500000
chr10	92500001	93500000	21752	0.021752	93000000
chr10	93000001	94000000	19476	0.019476	93500000
chr10	93500001	94500000	18817	0.018817	94000000
chr10	94000001	95000000	23352	0.023352	94500000
chr10	94500001	95500000	25012	0.025012	95000000
chr10	95000001	96000000	20729	0.020729	95500000
chr10	95500001	96500000	20081	0.020081	96000000
chr10	96000001	97000000	20381	0.020381	96500000
chr10	96500001	97500000	23778	0.023778	97000000
chr10	97000001	98000000	26778	0.026778	97500000
chr10	97500001	98500000	24870	0.02487	98000000
chr10	98000001	99000000	22168	0.022168	98500000
chr10	98500001	99500000	22494	0.022494	99000000
chr10	99000001	100000000	21778	0.021778	99500000
chr10	99500001	100500000	18266	0.018266	100000000
chr10	100000001	101000000	16964	0.016964	100500000
chr10	100500001	101500000	21943	0.021943	101000000
chr10	101000001	102000000	25607	0.025607	101500000
chr10	101500001	102500000	22948	0.022948	102000000
chr10	102000001	103000000	23498	0.023498	102500000
chr10	102500001	103500000	23537	0.023537	103000000
chr10	103000001	104000000	22285	0.022285	103500000
chr10	103500001	104500000	21361	0.021361	104000000
chr10	104000001	105000000	20661	0.020661	104500000
chr10	104500001	105500000	20425	0.020425	105000000
chr10	105000001	106000000	22400	0.0224	105500000
chr10	105500001	106500000	23879	0.023879	106000000
chr10	106000001	107000000	18360	0.01836	106500000
chr10	106500001	107500000	15435	0.015435	107000000
chr10	107000001	108000000	16581	0.016581	107500000
chr10	107500001	108500000	22233	0.022233	108000000
chr10	108000001	109000000	23924	0.023924	108500000
chr10	108500001	109500000	22867	0.022867	109000000
chr10	109000001	110000000	30476	0.030476	109500000
chr10	109500001	110500000	32434	0.032434	110000000
chr10	110000001	111000000	29850	0.02985	110500000
chr10	110500001	111500000	25984	0.025984	111000000
chr10	111000001	112000000	31456	0.031456	111500000
chr10	111500001	112500000	33617	0.033617	112000000
chr10	112000001	113000000	29595	0.029595	112500000
chr10	112500001	113500000	32993	0.032993	113000000
chr10	113000001	114000000	29120	0.02912	113500000
chr10	113500001	114500000	26492	0.026492	114000000
chr10	114000001	115000000	24036	0.024036	114500000
chr10	114500001	115500000	21515	0.021515	115000000
chr10	115000001	116000000	22336	0.022336	115500000
chr10	115500001	116500000	23361	0.023361	116000000
chr10	116000001	117000000	24699	0.024699	116500000
chr10	116500001	117500000	24707	0.024707	117000000
chr10	117000001	118000000	22939	0.022939	117500000
chr10	117500001	118500000	22754	0.022754	118000000
chr10	118000001	119000000	18278	0.018278	118500000
chr10	118500001	119500000	20874	0.020874	119000000
chr10	119000001	120000000	31601	0.031601	119500000
chr10	119500001	120500000	27290	0.02729	120000000
chr10	120000001	121000000	16241	0.016241	120500000
chr10	120500001	121500000	21882	0.021882	121000000
chr10	121000001	122000000	27224	0.027224	121500000
chr10	121500001	122500000	29102	0.029102	122000000
chr10	122000001	123000000	25075	0.025075	122500000
chr10	122500001	123500000	16760	0.01676	123000000
chr10	123000001	124000000	20716	0.020716	123500000
chr10	123500001	124500000	22139	0.022139	124000000
chr10	124000001	125000000	26963	0.026963	124500000
chr10	124500001	125500000	22200	0.0222	125000000
chr10	125000001	126000000	17531	0.017531	125500000
chr10	125500001	126500000	21855	0.021855	126000000
chr11	1	1000000	545453	0.545453	500000
chr11	500001	1500000	1000000	1.0	1000000
chr11	1000001	2000000	1000000	1.0	1500000
chr11	1500001	2500000	1000000	1.0	2000000
chr11	2000001	3000000	1000000	1.0	2500000
chr11	2500001	3500000	1000000	1.0	3000000
chr11	3000001	4000000	729386	0.729386	3500000
chr11	3500001	4500000	231556	0.231556	4000000
chr11	4000001	5000000	4536	0.004536	4500000
chr11	4500001	5500000	5055	0.005055	5000000
chr11	5000001	6000000	12698	0.012698	5500000
chr11	5500001	6500000	15870	0.01587	6000000
chr11	6000001	7000000	25220	0.02522	6500000
chr11	6500001	7500000	33608	0.033608	7000000
chr11	7000001	8000000	28669	0.028669	7500000
chr11	7500001	8500000	32827	0.032827	8000000
chr11	8000001	9000000	37066	0.037066	8500000
chr11	8500001	9500000	33218	0.033218	9000000
chr11	9000001	10000000	32585	0.032585	9500000
chr11	9500001	10500000	28497	0.028497	10000000
chr11	10000001	11000000	21010	0.02101	10500000
chr11	10500001	11500000	20211	0.020211	11000000
chr11	11000001	12000000	20833	0.020833	11500000
chr11	11500001	12500000	21642	0.021642	12000000
chr11	12000001	13000000	20359	0.020359	12500000
chr11	12500001	13500000	20485	0.020485	13000000
chr11	13000001	14000000	19532	0.019532	13500000
chr11	13500001	14500000	16754	0.016754	14000000
chr11	14000001	15000000	15359	0.015359	14500000
chr11	14500001	15500000	16008	0.016008	15000000
chr11	15000001	16000000	19266	0.019266	15500000
chr11	15500001	16500000	21525	0.021525	16000000
chr11	16000001	17000000	20690	0.02069	16500000
chr11	16500001	17500000	19736	0.019736	17000000
chr11	17000001	18000000	19484	0.019484	17500000
chr11	17500001	18500000	21120	0.02112	18000000
chr11	18000001	19000000	24693	0.024693	18500000
chr11	18500001	19500000	27706	0.027706	19000000
chr11	19000001	20000000	26339	0.026339	19500000
chr11	19500001	20500000	21583	0.021583	20000000
chr11	20000001	21000000	20427	0.020427	20500000
chr11	20500001	21500000	20855	0.020855	21000000
chr11	21000001	22000000	22331	0.022331	21500000
chr11	21500001	22500000	20936	0.020936	22000000
chr11	22000001	23000000	20188	0.020188	22500000
chr11	22500001	23500000	22214	0.022214	23000000
chr11	23000001	24000000	21992	0.021992	23500000
chr11	23500001	24500000	18432	0.018432	24000000
chr11	24000001	25000000	15501	0.015501	24500000
chr11	24500001	25500000	17540	0.01754	25000000
chr11	25000001	26000000	19120	0.01912	25500000
chr11	25500001	26500000	21453	0.021453	26000000
chr11	26000001	27000000	21196	0.021196	26500000
chr11	26500001	27500000	26969	0.026969	27000000
chr11	27000001	28000000	28244	0.028244	27500000
chr11	27500001	28500000	18372	0.018372	28000000
chr11	28000001	29000000	15266	0.015266	28500000
chr11	28500001	29500000	18013	0.018013	29000000
chr11	29000001	30000000	23247	0.023247	29500000
chr11	29500001	30500000	20370	0.02037	30000000
chr11	30000001	31000000	22617	0.022617	30500000
chr11	30500001	31500000	26385	0.026385	31000000
chr11	31000001	32000000	20517	0.020517	31500000
chr11	31500001	32500000	19858	0.019858	32000000
chr11	32000001	33000000	20442	0.020442	32500000
chr11	32500001	33500000	18232	0.018232	33000000
chr11	33000001	34000000	20976	0.020976	33500000
chr11	33500001	34500000	23143	0.023143	34000000
chr11	34000001	35000000	20172	0.020172	34500000
chr11	34500001	35500000	19639	0.019639	35000000
chr11	35000001	36000000	18605	0.018605	35500000
chr11	35500001	36500000	21701	0.021701	36000000
chr11	36000001	37000000	23048	0.023048	36500000
chr11	36500001	37500000	19524	0.019524	37000000
chr11	37000001	38000000	20611	0.020611	37500000
chr11	37500001	38500000	23121	0.023121	38000000
chr11	38000001	39000000	20898	0.020898	38500000
chr11	38500001	39500000	18102	0.018102	39000000
chr11	39000001	40000000	20706	0.020706	39500000
chr11	39500001	40500000	22518	0.022518	40000000
chr11	40000001	41000000	18858	0.018858	40500000
chr11	40500001	41500000	17313	0.017313	41000000
chr11	41000001	42000000	20070	0.02007	41500000
chr11	41500001	42500000	21128	0.021128	42000000
chr11	42000001	43000000	20530	0.02053	42500000
chr11	42500001	43500000	19099	0.019099	43000000
chr11	43000001	44000000	17137	0.017137	43500000
chr11	43500001	44500000	16790	0.01679	44000000
chr11	44000001	45000000	16914	0.016914	44500000
chr11	44500001	45500000	19913	0.019913	45000000
chr11	45000001	46000000	21282	0.021282	45500000
chr11	45500001	46500000	18227	0.018227	46000000
chr11	46000001	47000000	16028	0.016028	46500000
chr11	46500001	47500000	20876	0.020876	47000000
chr11	47000001	48000000	24164	0.024164	47500000
chr11	47500001	48500000	21888	0.021888	48000000
chr11	48000001	49000000	19763	0.019763	48500000
chr11	48500001	49500000	18568	0.018568	49000000
chr11	49000001	50000000	21801	0.021801	49500000
chr11	49500001	50500000	24130	0.02413	50000000
chr11	50000001	51000000	22963	0.022963	50500000
chr11	50500001	51500000	25194	0.025194	51000000
chr11	51000001	52000000	28108	0.028108	51500000
chr11	51500001	52500000	25402	0.025402	52000000
chr11	52000001	53000000	24973	0.024973	52500000
chr11	52500001	53500000	24296	0.024296	53000000
chr11	53000001	54000000	21603	0.021603	53500000
chr11	53500001	54500000	24421	0.024421	54000000
chr11	54000001	55000000	28433	0.028433	54500000
chr11	54500001	55500000	22861	0.022861	55000000
chr11	55000001	56000000	15986	0.015986	55500000
chr11	55500001	56500000	23486	0.023486	56000000
chr11	56000001	57000000	26787	0.026787	56500000
chr11	56500001	57500000	19150	0.01915	57000000
chr11	57000001	58000000	18413	0.018413	57500000
chr11	57500001	58500000	20017	0.020017	58000000
chr11	58000001	59000000	19727	0.019727	58500000
chr11	58500001	59500000	16851	0.016851	59000000
chr11	59000001	60000000	18308	0.018308	59500000
chr11	59500001	60500000	24536	0.024536	60000000
chr11	60000001	61000000	26600	0.0266	60500000
chr11	60500001	61500000	24175	0.024175	61000000
chr11	61000001	62000000	23161	0.023161	61500000
chr11	61500001	62500000	22132	0.022132	62000000
chr11	62000001	63000000	20586	0.020586	62500000
chr11	62500001	63500000	22777	0.022777	63000000
chr11	63000001	64000000	22721	0.022721	63500000
chr11	63500001	64500000	21363	0.021363	64000000
chr11	64000001	65000000	20780	0.02078	64500000
chr11	64500001	65500000	22933	0.022933	65000000
chr11	65000001	66000000	23094	0.023094	65500000
chr11	65500001	66500000	19891	0.019891	66000000
chr11	66000001	67000000	24190	0.02419	66500000
chr11	66500001	67500000	25168	0.025168	67000000
chr11	67000001	68000000	20495	0.020495	67500000
chr11	67500001	68500000	20492	0.020492	68000000
chr11	68000001	69000000	22692	0.022692	68500000
chr11	68500001	69500000	22815	0.022815	69000000
chr11	69000001	70000000	17433	0.017433	69500000
chr11	69500001	70500000	8488	0.008488	70000000
chr11	70000001	71000000	8823	0.008823	70500000
chr11	70500001	71500000	19490	0.01949	71000000
chr11	71000001	72000000	22650	0.02265	71500000
chr11	71500001	72500000	21469	0.021469	72000000
chr11	72000001	73000000	21004	0.021004	72500000
chr11	72500001	73500000	17815	0.017815	73000000
chr11	73000001	74000000	19973	0.019973	73500000
chr11	73500001	74500000	25020	0.02502	74000000
chr11	74000001	75000000	22797	0.022797	74500000
chr11	74500001	75500000	21615	0.021615	75000000
chr11	75000001	76000000	24725	0.024725	75500000
chr11	75500001	76500000	26114	0.026114	76000000
chr11	76000001	77000000	25598	0.025598	76500000
chr11	76500001	77500000	20669	0.020669	77000000
chr11	77000001	78000000	18558	0.018558	77500000
chr11	77500001	78500000	23630	0.02363	78000000
chr11	78000001	79000000	23849	0.023849	78500000
chr11	78500001	79500000	20014	0.020014	79000000
chr11	79000001	80000000	18995	0.018995	79500000
chr11	79500001	80500000	20966	0.020966	80000000
chr11	80000001	81000000	25222	0.025222	80500000
chr11	80500001	81500000	23974	0.023974	81000000
chr11	81000001	82000000	21033	0.021033	81500000
chr11	81500001	82500000	17031	0.017031	82000000
chr11	82000001	83000000	15131	0.015131	82500000
chr11	82500001	83500000	22005	0.022005	83000000
chr11	83000001	84000000	21110	0.02111	83500000
chr11	83500001	84500000	16534	0.016534	84000000
chr11	84000001	85000000	18283	0.018283	84500000
chr11	84500001	85500000	20858	0.020858	85000000
chr11	85000001	86000000	24923	0.024923	85500000
chr11	85500001	86500000	24258	0.024258	86000000
chr11	86000001	87000000	26928	0.026928	86500000
chr11	86500001	87500000	27141	0.027141	87000000
chr11	87000001	88000000	23376	0.023376	87500000
chr11	87500001	88500000	22965	0.022965	88000000
chr11	88000001	89000000	21907	0.021907	88500000
chr11	88500001	89500000	18218	0.018218	89000000
chr11	89000001	90000000	16171	0.016171	89500000
chr11	89500001	90500000	19164	0.019164	90000000
chr11	90000001	91000000	17333	0.017333	90500000
chr11	90500001	91500000	17090	0.01709	91000000
chr11	91000001	92000000	19002	0.019002	91500000
chr11	91500001	92500000	18011	0.018011	92000000
chr11	92000001	93000000	18040	0.01804	92500000
chr11	92500001	93500000	18417	0.018417	93000000
chr11	93000001	94000000	17790	0.01779	93500000
chr11	93500001	94500000	15031	0.015031	94000000
chr11	94000001	95000000	16234	0.016234	94500000
chr11	94500001	95500000	17913	0.017913	95000000
chr11	95000001	96000000	15359	0.015359	95500000
chr11	95500001	96500000	15293	0.015293	96000000
chr11	96000001	97000000	15822	0.015822	96500000
chr11	96500001	97500000	17512	0.017512	97000000
chr11	97000001	98000000	20641	0.020641	97500000
chr11	97500001	98500000	21138	0.021138	98000000
chr11	98000001	99000000	18093	0.018093	98500000
chr11	98500001	99500000	17037	0.017037	99000000
chr11	99000001	100000000	20301	0.020301	99500000
chr11	99500001	100500000	28290	0.02829	100000000
chr11	100000001	101000000	24915	0.024915	100500000
chr11	100500001	101500000	18687	0.018687	101000000
chr11	101000001	102000000	22248	0.022248	101500000
chr11	101500001	102500000	20125	0.020125	102000000
chr11	102000001	103000000	16354	0.016354	102500000
chr11	102500001	103500000	25304	0.025304	103000000
chr11	103000001	104000000	27221	0.027221	103500000
chr11	103500001	104500000	20185	0.020185	104000000
chr11	104000001	105000000	17153	0.017153	104500000
chr11	104500001	105500000	18083	0.018083	105000000
chr11	105000001	106000000	21730	0.02173	105500000
chr11	105500001	106500000	21373	0.021373	106000000
chr11	106000001	107000000	24494	0.024494	106500000
chr11	106500001	107500000	23440	0.02344	107000000
chr11	107000001	108000000	20360	0.02036	107500000
chr11	107500001	108500000	18616	0.018616	108000000
chr11	108000001	109000000	19143	0.019143	108500000
chr11	108500001	109500000	22310	0.02231	109000000
chr11	109000001	110000000	18654	0.018654	109500000
chr11	109500001	110500000	15724	0.015724	110000000
chr11	110000001	111000000	17576	0.017576	110500000
chr11	110500001	111500000	16351	0.016351	111000000
chr11	111000001	112000000	16972	0.016972	111500000
chr11	111500001	112500000	20873	0.020873	112000000
chr11	112000001	113000000	23450	0.02345	112500000
chr11	112500001	113500000	23487	0.023487	113000000
chr11	113000001	114000000	19299	0.019299	113500000
chr11	113500001	114500000	15859	0.015859	114000000
chr11	114000001	115000000	19091	0.019091	114500000
chr11	114500001	115500000	25865	0.025865	115000000
chr11	115000001	116000000	26228	0.026228	115500000
chr11	115500001	116500000	23760	0.02376	116000000
chr11	116000001	117000000	32056	0.032056	116500000
chr11	116500001	117500000	32092	0.032092	117000000
chr11	117000001	118000000	23585	0.023585	117500000
chr11	117500001	118500000	26691	0.026691	118000000
chr11	118000001	119000000	44838	0.044838	118500000
chr11	118500001	119500000	40975	0.040975	119000000
chr11	119000001	120000000	16793	0.016793	119500000
chr11	119500001	120500000	449024	0.449024	120000000
chr11	120000001	121000000	943404	0.943404	120500000
chr11	120500001	121500000	1000000	1.0	121000000
chr11	121000001	122000000	1000000	1.0	121500000
chr11	121500001	122500000	1000000	1.0	122000000
chr11	122000001	123000000	1000000	1.0	122500000
chr11	122500001	123500000	1000000	1.0	123000000
chr11	123000001	124000000	812463	0.812463	123500000
chr11	123500001	124500000	812463	0.812463	124000000
chr11	124000001	125000000	999900	0.9999	124500000
chr11	124500001	125500000	999900	0.9999	125000000
chr12	1	1000000	569271	0.569271	500000
chr12	500001	1500000	1000000	1.0	1000000
chr12	1000001	2000000	1000000	1.0	1500000
chr12	1500001	2500000	1000000	1.0	2000000
chr12	2000001	3000000	1000000	1.0	2500000
chr12	2500001	3500000	1000000	1.0	3000000
chr12	3000001	4000000	1000000	1.0	3500000
chr12	3500001	4500000	1000000	1.0	4000000
chr12	4000001	5000000	1000000	1.0	4500000
chr12	4500001	5500000	1000000	1.0	5000000
chr12	5000001	6000000	1000000	1.0	5500000
chr12	5500001	6500000	1000000	1.0	6000000
chr12	6000001	7000000	999900	0.9999	6500000
chr12	6500001	7500000	999900	0.9999	7000000
chr12	7000001	8000000	1000000	1.0	7500000
chr12	7500001	8500000	1000000	1.0	8000000
chr12	8000001	9000000	896466	0.896466	8500000
chr12	8500001	9500000	398202	0.398202	9000000
chr12	9000001	10000000	5494	0.005494	9500000
chr12	9500001	10500000	100492	0.100492	10000000
chr12	10000001	11000000	248329	0.248329	10500000
chr12	10500001	11500000	306764	0.306764	11000000
chr12	11000001	12000000	162586	0.162586	11500000
chr12	11500001	12500000	20466	0.020466	12000000
chr12	12000001	13000000	23805	0.023805	12500000
chr12	12500001	13500000	24027	0.024027	13000000
chr12	13000001	14000000	27111	0.027111	13500000
chr12	13500001	14500000	23977	0.023977	14000000
chr12	14000001	15000000	19214	0.019214	14500000
chr12	14500001	15500000	21042	0.021042	15000000
chr12	15000001	16000000	24082	0.024082	15500000
chr12	15500001	16500000	20428	0.020428	16000000
chr12	16000001	17000000	16787	0.016787	16500000
chr12	16500001	17500000	19461	0.019461	17000000
chr12	17000001	18000000	19112	0.019112	17500000
chr12	17500001	18500000	15965	0.015965	18000000
chr12	18000001	19000000	18714	0.018714	18500000
chr12	18500001	19500000	23529	0.023529	19000000
chr12	19000001	20000000	23828	0.023828	19500000
chr12	19500001	20500000	21567	0.021567	20000000
chr12	20000001	21000000	21199	0.021199	20500000
chr12	20500001	21500000	20674	0.020674	21000000
chr12	21000001	22000000	18379	0.018379	21500000
chr12	21500001	22500000	17837	0.017837	22000000
chr12	22000001	23000000	19215	0.019215	22500000
chr12	22500001	23500000	18128	0.018128	23000000
chr12	23000001	24000000	17941	0.017941	23500000
chr12	23500001	24500000	20168	0.020168	24000000
chr12	24000001	25000000	22951	0.022951	24500000
chr12	24500001	25500000	25914	0.025914	25000000
chr12	25000001	26000000	23039	0.023039	25500000
chr12	25500001	26500000	19075	0.019075	26000000
chr12	26000001	27000000	18602	0.018602	26500000
chr12	26500001	27500000	18012	0.018012	27000000
chr12	27000001	28000000	20048	0.020048	27500000
chr12	27500001	28500000	20910	0.02091	28000000
chr12	28000001	29000000	18631	0.018631	28500000
chr12	28500001	29500000	20557	0.020557	29000000
chr12	29000001	30000000	21353	0.021353	29500000
chr12	29500001	30500000	21851	0.021851	30000000
chr12	30000001	31000000	26029	0.026029	30500000
chr12	30500001	31500000	24516	0.024516	31000000
chr12	31000001	32000000	23599	0.023599	31500000
chr12	31500001	32500000	23539	0.023539	32000000
chr12	32000001	33000000	25349	0.025349	32500000
chr12	32500001	33500000	26165	0.026165	33000000
chr12	33000001	34000000	21965	0.021965	33500000
chr12	33500001	34500000	19687	0.019687	34000000
chr12	34000001	35000000	20685	0.020685	34500000
chr12	34500001	35500000	22752	0.022752	35000000
chr12	35000001	36000000	20553	0.020553	35500000
chr12	35500001	36500000	19898	0.019898	36000000
chr12	36000001	37000000	21505	0.021505	36500000
chr12	36500001	37500000	21759	0.021759	37000000
chr12	37000001	38000000	23905	0.023905	37500000
chr12	37500001	38500000	21192	0.021192	38000000
chr12	38000001	39000000	20585	0.020585	38500000
chr12	38500001	39500000	21394	0.021394	39000000
chr12	39000001	40000000	18990	0.01899	39500000
chr12	39500001	40500000	19926	0.019926	40000000
chr12	40000001	41000000	19142	0.019142	40500000
chr12	40500001	41500000	20052	0.020052	41000000
chr12	41000001	42000000	21838	0.021838	41500000
chr12	41500001	42500000	23122	0.023122	42000000
chr12	42000001	43000000	23567	0.023567	42500000
chr12	42500001	43500000	22170	0.02217	43000000
chr12	43000001	44000000	22437	0.022437	43500000
chr12	43500001	44500000	22317	0.022317	44000000
chr12	44000001	45000000	18289	0.018289	44500000
chr12	44500001	45500000	16553	0.016553	45000000
chr12	45000001	46000000	20492	0.020492	45500000
chr12	45500001	46500000	21618	0.021618	46000000
chr12	46000001	47000000	20582	0.020582	46500000
chr12	46500001	47500000	17635	0.017635	47000000
chr12	47000001	48000000	16148	0.016148	47500000
chr12	47500001	48500000	16327	0.016327	48000000
chr12	48000001	49000000	20385	0.020385	48500000
chr12	48500001	49500000	24009	0.024009	49000000
chr12	49000001	50000000	21927	0.021927	49500000
chr12	49500001	50500000	21133	0.021133	50000000
chr12	50000001	51000000	21499	0.021499	50500000
chr12	50500001	51500000	22776	0.022776	51000000
chr12	51000001	52000000	22777	0.022777	51500000
chr12	51500001	52500000	21905	0.021905	52000000
chr12	52000001	53000000	19656	0.019656	52500000
chr12	52500001	53500000	22299	0.022299	53000000
chr12	53000001	54000000	25959	0.025959	53500000
chr12	53500001	54500000	22164	0.022164	54000000
chr12	54000001	55000000	20135	0.020135	54500000
chr12	54500001	55500000	15970	0.01597	55000000
chr12	55000001	56000000	15911	0.015911	55500000
chr12	55500001	56500000	21959	0.021959	56000000
chr12	56000001	57000000	23253	0.023253	56500000
chr12	56500001	57500000	20906	0.020906	57000000
chr12	57000001	58000000	17556	0.017556	57500000
chr12	57500001	58500000	29266	0.029266	58000000
chr12	58000001	59000000	42825	0.042825	58500000
chr12	58500001	59500000	37833	0.037833	59000000
chr12	59000001	60000000	23544	0.023544	59500000
chr12	59500001	60500000	23145	0.023145	60000000
chr12	60000001	61000000	31471	0.031471	60500000
chr12	60500001	61500000	48430	0.04843	61000000
chr12	61000001	62000000	40330	0.04033	61500000
chr12	61500001	62500000	29883	0.029883	62000000
chr12	62000001	63000000	45058	0.045058	62500000
chr12	62500001	63500000	43465	0.043465	63000000
chr12	63000001	64000000	37384	0.037384	63500000
chr12	63500001	64500000	28974	0.028974	64000000
chr12	64000001	65000000	24762	0.024762	64500000
chr12	64500001	65500000	22861	0.022861	65000000
chr12	65000001	66000000	22230	0.02223	65500000
chr12	65500001	66500000	28464	0.028464	66000000
chr12	66000001	67000000	27287	0.027287	66500000
chr12	66500001	67500000	20534	0.020534	67000000
chr12	67000001	68000000	18723	0.018723	67500000
chr12	67500001	68500000	27458	0.027458	68000000
chr12	68000001	69000000	29847	0.029847	68500000
chr12	68500001	69500000	22174	0.022174	69000000
chr12	69000001	70000000	16654	0.016654	69500000
chr12	69500001	70500000	15220	0.01522	70000000
chr12	70000001	71000000	21499	0.021499	70500000
chr12	70500001	71500000	21939	0.021939	71000000
chr12	71000001	72000000	22460	0.02246	71500000
chr12	71500001	72500000	21039	0.021039	72000000
chr12	72000001	73000000	17085	0.017085	72500000
chr12	72500001	73500000	22364	0.022364	73000000
chr12	73000001	74000000	24177	0.024177	73500000
chr12	73500001	74500000	22913	0.022913	74000000
chr12	74000001	75000000	23914	0.023914	74500000
chr12	74500001	75500000	21484	0.021484	75000000
chr12	75000001	76000000	19549	0.019549	75500000
chr12	75500001	76500000	22113	0.022113	76000000
chr12	76000001	77000000	19860	0.01986	76500000
chr12	76500001	77500000	15683	0.015683	77000000
chr12	77000001	78000000	18399	0.018399	77500000
chr12	77500001	78500000	20369	0.020369	78000000
chr12	78000001	79000000	20160	0.02016	78500000
chr12	78500001	79500000	20114	0.020114	79000000
chr12	79000001	80000000	17790	0.01779	79500000
chr12	79500001	80500000	18117	0.018117	80000000
chr12	80000001	81000000	21887	0.021887	80500000
chr12	80500001	81500000	23030	0.02303	81000000
chr12	81000001	82000000	22210	0.02221	81500000
chr12	81500001	82500000	21862	0.021862	82000000
chr12	82000001	83000000	24139	0.024139	82500000
chr12	82500001	83500000	20149	0.020149	83000000
chr12	83000001	84000000	18501	0.018501	83500000
chr12	83500001	84500000	27168	0.027168	84000000
chr12	84000001	85000000	28485	0.028485	84500000
chr12	84500001	85500000	21067	0.021067	85000000
chr12	85000001	86000000	15955	0.015955	85500000
chr12	85500001	86500000	17435	0.017435	86000000
chr12	86000001	87000000	22128	0.022128	86500000
chr12	86500001	87500000	24063	0.024063	87000000
chr12	87000001	88000000	21790	0.02179	87500000
chr12	87500001	88500000	16322	0.016322	88000000
chr12	88000001	89000000	13617	0.013617	88500000
chr12	88500001	89500000	19301	0.019301	89000000
chr12	89000001	90000000	21757	0.021757	89500000
chr12	89500001	90500000	18641	0.018641	90000000
chr12	90000001	91000000	20231	0.020231	90500000
chr12	90500001	91500000	23595	0.023595	91000000
chr12	91000001	92000000	23934	0.023934	91500000
chr12	91500001	92500000	23225	0.023225	92000000
chr12	92000001	93000000	20937	0.020937	92500000
chr12	92500001	93500000	18552	0.018552	93000000
chr12	93000001	94000000	18010	0.01801	93500000
chr12	93500001	94500000	17228	0.017228	94000000
chr12	94000001	95000000	19188	0.019188	94500000
chr12	94500001	95500000	22182	0.022182	95000000
chr12	95000001	96000000	20136	0.020136	95500000
chr12	95500001	96500000	18302	0.018302	96000000
chr12	96000001	97000000	21211	0.021211	96500000
chr12	96500001	97500000	21795	0.021795	97000000
chr12	97000001	98000000	18309	0.018309	97500000
chr12	97500001	98500000	21407	0.021407	98000000
chr12	98000001	99000000	23400	0.0234	98500000
chr12	98500001	99500000	19072	0.019072	99000000
chr12	99000001	100000000	18118	0.018118	99500000
chr12	99500001	100500000	18474	0.018474	100000000
chr12	100000001	101000000	21235	0.021235	100500000
chr12	100500001	101500000	25232	0.025232	101000000
chr12	101000001	102000000	23555	0.023555	101500000
chr12	101500001	102500000	21746	0.021746	102000000
chr12	102000001	103000000	22091	0.022091	102500000
chr12	102500001	103500000	19353	0.019353	103000000
chr12	103000001	104000000	19918	0.019918	103500000
chr12	103500001	104500000	21188	0.021188	104000000
chr12	104000001	105000000	17323	0.017323	104500000
chr12	104500001	105500000	18141	0.018141	105000000
chr12	105000001	106000000	18809	0.018809	105500000
chr12	105500001	106500000	18378	0.018378	106000000
chr12	106000001	107000000	25642	0.025642	106500000
chr12	106500001	107500000	23417	0.023417	107000000
chr12	107000001	108000000	20548	0.020548	107500000
chr12	107500001	108500000	22830	0.02283	108000000
chr12	108000001	109000000	20909	0.020909	108500000
chr12	108500001	109500000	21503	0.021503	109000000
chr12	109000001	110000000	20580	0.02058	109500000
chr12	109500001	110500000	20198	0.020198	110000000
chr12	110000001	111000000	22798	0.022798	110500000
chr12	110500001	111500000	26749	0.026749	111000000
chr12	111000001	112000000	26051	0.026051	111500000
chr12	111500001	112500000	22470	0.02247	112000000
chr12	112000001	113000000	23424	0.023424	112500000
chr12	112500001	113500000	23466	0.023466	113000000
chr12	113000001	114000000	20133	0.020133	113500000
chr12	113500001	114500000	21714	0.021714	114000000
chr12	114000001	115000000	25580	0.02558	114500000
chr12	114500001	115500000	25195	0.025195	115000000
chr12	115000001	116000000	19867	0.019867	115500000
chr12	115500001	116500000	18675	0.018675	116000000
chr12	116000001	117000000	21328	0.021328	116500000
chr12	116500001	117500000	21928	0.021928	117000000
chr12	117000001	118000000	20394	0.020394	117500000
chr12	117500001	118500000	18781	0.018781	118000000
chr12	118000001	119000000	20282	0.020282	118500000
chr12	118500001	119500000	21967	0.021967	119000000
chr12	119000001	120000000	20964	0.020964	119500000
chr12	119500001	120500000	22496	0.022496	120000000
chr12	120000001	121000000	27207	0.027207	120500000
chr12	120500001	121500000	22778	0.022778	121000000
chr12	121000001	122000000	18589	0.018589	121500000
chr12	121500001	122500000	20594	0.020594	122000000
chr12	122000001	123000000	22419	0.022419	122500000
chr13	1	1000000	45940	0.04594	500000
chr13	500001	1500000	37567	0.037567	1000000
chr13	1000001	2000000	37876	0.037876	1500000
chr13	1500001	2500000	29677	0.029677	2000000
chr13	2000001	3000000	27463	0.027463	2500000
chr13	2500001	3500000	38135	0.038135	3000000
chr13	3000001	4000000	37361	0.037361	3500000
chr13	3500001	4500000	23187	0.023187	4000000
chr13	4000001	5000000	20323	0.020323	4500000
chr13	4500001	5500000	22827	0.022827	5000000
chr13	5000001	6000000	25957	0.025957	5500000
chr13	5500001	6500000	23853	0.023853	6000000
chr13	6000001	7000000	22415	0.022415	6500000
chr13	6500001	7500000	21569	0.021569	7000000
chr13	7000001	8000000	20303	0.020303	7500000
chr13	7500001	8500000	19820	0.01982	8000000
chr13	8000001	9000000	22890	0.02289	8500000
chr13	8500001	9500000	25331	0.025331	9000000
chr13	9000001	10000000	25722	0.025722	9500000
chr13	9500001	10500000	22721	0.022721	10000000
chr13	10000001	11000000	21483	0.021483	10500000
chr13	10500001	11500000	24091	0.024091	11000000
chr13	11000001	12000000	21220	0.02122	11500000
chr13	11500001	12500000	18958	0.018958	12000000
chr13	12000001	13000000	21409	0.021409	12500000
chr13	12500001	13500000	23497	0.023497	13000000
chr13	13000001	14000000	22018	0.022018	13500000
chr13	13500001	14500000	22782	0.022782	14000000
chr13	14000001	15000000	24091	0.024091	14500000
chr13	14500001	15500000	19587	0.019587	15000000
chr13	15000001	16000000	19910	0.01991	15500000
chr13	15500001	16500000	24077	0.024077	16000000
chr13	16000001	17000000	23256	0.023256	16500000
chr13	16500001	17500000	24415	0.024415	17000000
chr13	17000001	18000000	25838	0.025838	17500000
chr13	17500001	18500000	18167	0.018167	18000000
chr13	18000001	19000000	12459	0.012459	18500000
chr13	18500001	19500000	14727	0.014727	19000000
chr13	19000001	20000000	18557	0.018557	19500000
chr13	19500001	20500000	18548	0.018548	20000000
chr13	20000001	21000000	18242	0.018242	20500000
chr13	20500001	21500000	21871	0.021871	21000000
chr13	21000001	22000000	21967	0.021967	21500000
chr13	21500001	22500000	20573	0.020573	22000000
chr13	22000001	23000000	19470	0.01947	22500000
chr13	22500001	23500000	20162	0.020162	23000000
chr13	23000001	24000000	22874	0.022874	23500000
chr13	23500001	24500000	19663	0.019663	24000000
chr13	24000001	25000000	15258	0.015258	24500000
chr13	24500001	25500000	18608	0.018608	25000000
chr13	25000001	26000000	22110	0.02211	25500000
chr13	25500001	26500000	19975	0.019975	26000000
chr13	26000001	27000000	18190	0.01819	26500000
chr13	26500001	27500000	22714	0.022714	27000000
chr13	27000001	28000000	23090	0.02309	27500000
chr13	27500001	28500000	19639	0.019639	28000000
chr13	28000001	29000000	20477	0.020477	28500000
chr13	28500001	29500000	20110	0.02011	29000000
chr13	29000001	30000000	15949	0.015949	29500000
chr13	29500001	30500000	18039	0.018039	30000000
chr13	30000001	31000000	20880	0.02088	30500000
chr13	30500001	31500000	19770	0.01977	31000000
chr13	31000001	32000000	20813	0.020813	31500000
chr13	31500001	32500000	19675	0.019675	32000000
chr13	32000001	33000000	20057	0.020057	32500000
chr13	32500001	33500000	19324	0.019324	33000000
chr13	33000001	34000000	20619	0.020619	33500000
chr13	33500001	34500000	20202	0.020202	34000000
chr13	34000001	35000000	17764	0.017764	34500000
chr13	34500001	35500000	20287	0.020287	35000000
chr13	35000001	36000000	20776	0.020776	35500000
chr13	35500001	36500000	18656	0.018656	36000000
chr13	36000001	37000000	16852	0.016852	36500000
chr13	36500001	37500000	16137	0.016137	37000000
chr13	37000001	38000000	23170	0.02317	37500000
chr13	37500001	38500000	26054	0.026054	38000000
chr13	38000001	39000000	19758	0.019758	38500000
chr13	38500001	39500000	18011	0.018011	39000000
chr13	39000001	40000000	18038	0.018038	39500000
chr13	39500001	40500000	20264	0.020264	40000000
chr13	40000001	41000000	21331	0.021331	40500000
chr13	40500001	41500000	18858	0.018858	41000000
chr13	41000001	42000000	18545	0.018545	41500000
chr13	41500001	42500000	19168	0.019168	42000000
chr13	42000001	43000000	20305	0.020305	42500000
chr13	42500001	43500000	20606	0.020606	43000000
chr13	43000001	44000000	19862	0.019862	43500000
chr13	43500001	44500000	18906	0.018906	44000000
chr13	44000001	45000000	15947	0.015947	44500000
chr13	44500001	45500000	16285	0.016285	45000000
chr13	45000001	46000000	18235	0.018235	45500000
chr13	45500001	46500000	19595	0.019595	46000000
chr13	46000001	47000000	18690	0.01869	46500000
chr13	46500001	47500000	16351	0.016351	47000000
chr13	47000001	48000000	16947	0.016947	47500000
chr13	47500001	48500000	18141	0.018141	48000000
chr13	48000001	49000000	16971	0.016971	48500000
chr13	48500001	49500000	13939	0.013939	49000000
chr13	49000001	50000000	17197	0.017197	49500000
chr13	49500001	50500000	18357	0.018357	50000000
chr13	50000001	51000000	21840	0.02184	50500000
chr13	50500001	51500000	21893	0.021893	51000000
chr13	51000001	52000000	16091	0.016091	51500000
chr13	51500001	52500000	16756	0.016756	52000000
chr13	52000001	53000000	20222	0.020222	52500000
chr13	52500001	53500000	26113	0.026113	53000000
chr13	53000001	54000000	23843	0.023843	53500000
chr13	53500001	54500000	19445	0.019445	54000000
chr13	54000001	55000000	18342	0.018342	54500000
chr13	54500001	55500000	19284	0.019284	55000000
chr13	55000001	56000000	19797	0.019797	55500000
chr13	55500001	56500000	16959	0.016959	56000000
chr13	56000001	57000000	14836	0.014836	56500000
chr13	56500001	57500000	14556	0.014556	57000000
chr13	57000001	58000000	17193	0.017193	57500000
chr13	57500001	58500000	26075	0.026075	58000000
chr13	58000001	59000000	25528	0.025528	58500000
chr13	58500001	59500000	19176	0.019176	59000000
chr13	59000001	60000000	26594	0.026594	59500000
chr13	59500001	60500000	28664	0.028664	60000000
chr13	60000001	61000000	25468	0.025468	60500000
chr13	60500001	61500000	24190	0.02419	61000000
chr13	61000001	62000000	22510	0.02251	61500000
chr13	61500001	62500000	24791	0.024791	62000000
chr13	62000001	63000000	21368	0.021368	62500000
chr13	62500001	63500000	17928	0.017928	63000000
chr13	63000001	64000000	18982	0.018982	63500000
chr13	63500001	64500000	18561	0.018561	64000000
chr13	64000001	65000000	18414	0.018414	64500000
chr13	64500001	65500000	20392	0.020392	65000000
chr13	65000001	66000000	21127	0.021127	65500000
chr13	65500001	66500000	21327	0.021327	66000000
chr13	66000001	67000000	22260	0.02226	66500000
chr13	66500001	67500000	22032	0.022032	67000000
chr13	67000001	68000000	20363	0.020363	67500000
chr13	67500001	68500000	18586	0.018586	68000000
chr13	68000001	69000000	18355	0.018355	68500000
chr13	68500001	69500000	17658	0.017658	69000000
chr13	69000001	70000000	21426	0.021426	69500000
chr13	69500001	70500000	23257	0.023257	70000000
chr13	70000001	71000000	20377	0.020377	70500000
chr13	70500001	71500000	21840	0.02184	71000000
chr13	71000001	72000000	23339	0.023339	71500000
chr13	71500001	72500000	19280	0.01928	72000000
chr13	72000001	73000000	16985	0.016985	72500000
chr13	72500001	73500000	19318	0.019318	73000000
chr13	73000001	74000000	20646	0.020646	73500000
chr13	73500001	74500000	20588	0.020588	74000000
chr13	74000001	75000000	20700	0.0207	74500000
chr13	74500001	75500000	20244	0.020244	75000000
chr13	75000001	76000000	19175	0.019175	75500000
chr13	75500001	76500000	17916	0.017916	76000000
chr13	76000001	77000000	17893	0.017893	76500000
chr13	76500001	77500000	17939	0.017939	77000000
chr13	77000001	78000000	21549	0.021549	77500000
chr13	77500001	78500000	24563	0.024563	78000000
chr13	78000001	79000000	25395	0.025395	78500000
chr13	78500001	79500000	24296	0.024296	79000000
chr13	79000001	80000000	19519	0.019519	79500000
chr13	79500001	80500000	17046	0.017046	80000000
chr13	80000001	81000000	14459	0.014459	80500000
chr13	80500001	81500000	17169	0.017169	81000000
chr13	81000001	82000000	18890	0.01889	81500000
chr13	81500001	82500000	16556	0.016556	82000000
chr13	82000001	83000000	18254	0.018254	82500000
chr13	82500001	83500000	17887	0.017887	83000000
chr13	83000001	84000000	16267	0.016267	83500000
chr13	83500001	84500000	14591	0.014591	84000000
chr13	84000001	85000000	14760	0.01476	84500000
chr13	84500001	85500000	20020	0.02002	85000000
chr13	85000001	86000000	21773	0.021773	85500000
chr13	85500001	86500000	17860	0.01786	86000000
chr13	86000001	87000000	15282	0.015282	86500000
chr13	86500001	87500000	13354	0.013354	87000000
chr13	87000001	88000000	12286	0.012286	87500000
chr13	87500001	88500000	13035	0.013035	88000000
chr13	88000001	89000000	16462	0.016462	88500000
chr13	88500001	89500000	17810	0.01781	89000000
chr13	89000001	90000000	16695	0.016695	89500000
chr13	89500001	90500000	19032	0.019032	90000000
chr13	90000001	91000000	23677	0.023677	90500000
chr13	90500001	91500000	24034	0.024034	91000000
chr13	91000001	92000000	21079	0.021079	91500000
chr13	91500001	92500000	21750	0.02175	92000000
chr13	92000001	93000000	24408	0.024408	92500000
chr13	92500001	93500000	22236	0.022236	93000000
chr13	93000001	94000000	20694	0.020694	93500000
chr13	93500001	94500000	21962	0.021962	94000000
chr13	94000001	95000000	22873	0.022873	94500000
chr13	94500001	95500000	20989	0.020989	95000000
chr13	95000001	96000000	16827	0.016827	95500000
chr13	95500001	96500000	16799	0.016799	96000000
chr13	96000001	97000000	17691	0.017691	96500000
chr13	96500001	97500000	19303	0.019303	97000000
chr13	97000001	98000000	18762	0.018762	97500000
chr13	97500001	98500000	16315	0.016315	98000000
chr13	98000001	99000000	18230	0.01823	98500000
chr13	98500001	99500000	20914	0.020914	99000000
chr13	99000001	100000000	24734	0.024734	99500000
chr13	99500001	100500000	24707	0.024707	100000000
chr13	100000001	101000000	21736	0.021736	100500000
chr13	100500001	101500000	19627	0.019627	101000000
chr13	101000001	102000000	18207	0.018207	101500000
chr13	101500001	102500000	20368	0.020368	102000000
chr13	102000001	103000000	23481	0.023481	102500000
chr13	102500001	103500000	21867	0.021867	103000000
chr13	103000001	104000000	17899	0.017899	103500000
chr13	103500001	104500000	20305	0.020305	104000000
chr13	104000001	105000000	19542	0.019542	104500000
chr13	104500001	105500000	16967	0.016967	105000000
chr13	105000001	106000000	18276	0.018276	105500000
chr13	105500001	106500000	19418	0.019418	106000000
chr13	106000001	107000000	19772	0.019772	106500000
chr13	106500001	107500000	20239	0.020239	107000000
chr13	107000001	108000000	21275	0.021275	107500000
chr13	107500001	108500000	21157	0.021157	108000000
chr13	108000001	109000000	21135	0.021135	108500000
chr13	108500001	109500000	19936	0.019936	109000000
chr13	109000001	110000000	18772	0.018772	109500000
chr13	109500001	110500000	17826	0.017826	110000000
chr13	110000001	111000000	18456	0.018456	110500000
chr13	110500001	111500000	23491	0.023491	111000000
chr13	111000001	112000000	22414	0.022414	111500000
chr13	111500001	112500000	18265	0.018265	112000000
chr13	112000001	113000000	16159	0.016159	112500000
chr13	112500001	113500000	19585	0.019585	113000000
chr13	113000001	114000000	24201	0.024201	113500000
chr13	113500001	114500000	22567	0.022567	114000000
chr13	114000001	115000000	19570	0.01957	114500000
chr13	114500001	115500000	17950	0.01795	115000000
chr13	115000001	116000000	20209	0.020209	115500000
chr13	115500001	116500000	21527	0.021527	116000000
chr13	116000001	117000000	23274	0.023274	116500000
chr13	116500001	117500000	27488	0.027488	117000000
chr13	117000001	118000000	26972	0.026972	117500000
chr13	117500001	118500000	20487	0.020487	118000000
chr13	118000001	119000000	21348	0.021348	118500000
chr13	118500001	119500000	35777	0.035777	119000000
chr13	119000001	120000000	31522	0.031522	119500000
chr13	119500001	120500000	23384	0.023384	120000000
chr13	120000001	121000000	36261	0.036261	120500000
chr13	120500001	121500000	33900	0.0339	121000000
chr14	1	1000000	45048	0.045048	500000
chr14	500001	1500000	28801	0.028801	1000000
chr14	1000001	2000000	30058	0.030058	1500000
chr14	1500001	2500000	34997	0.034997	2000000
chr14	2000001	3000000	32955	0.032955	2500000
chr14	2500001	3500000	41002	0.041002	3000000
chr14	3000001	4000000	35065	0.035065	3500000
chr14	3500001	4500000	39411	0.039411	4000000
chr14	4000001	5000000	42558	0.042558	4500000
chr14	4500001	5500000	23253	0.023253	5000000
chr14	5000001	6000000	20275	0.020275	5500000
chr14	5500001	6500000	18818	0.018818	6000000
chr14	6000001	7000000	17445	0.017445	6500000
chr14	6500001	7500000	18733	0.018733	7000000
chr14	7000001	8000000	21690	0.02169	7500000
chr14	7500001	8500000	23011	0.023011	8000000
chr14	8000001	9000000	22040	0.02204	8500000
chr14	8500001	9500000	20271	0.020271	9000000
chr14	9000001	10000000	19846	0.019846	9500000
chr14	9500001	10500000	20159	0.020159	10000000
chr14	10000001	11000000	20879	0.020879	10500000
chr14	10500001	11500000	20817	0.020817	11000000
chr14	11000001	12000000	22004	0.022004	11500000
chr14	11500001	12500000	19922	0.019922	12000000
chr14	12000001	13000000	19044	0.019044	12500000
chr14	12500001	13500000	19111	0.019111	13000000
chr14	13000001	14000000	18303	0.018303	13500000
chr14	13500001	14500000	21358	0.021358	14000000
chr14	14000001	15000000	22216	0.022216	14500000
chr14	14500001	15500000	22532	0.022532	15000000
chr14	15000001	16000000	23257	0.023257	15500000
chr14	15500001	16500000	21302	0.021302	16000000
chr14	16000001	17000000	19137	0.019137	16500000
chr14	16500001	17500000	18222	0.018222	17000000
chr14	17000001	18000000	17745	0.017745	17500000
chr14	17500001	18500000	18487	0.018487	18000000
chr14	18000001	19000000	23289	0.023289	18500000
chr14	18500001	19500000	23722	0.023722	19000000
chr14	19000001	20000000	19540	0.01954	19500000
chr14	19500001	20500000	19121	0.019121	20000000
chr14	20000001	21000000	18554	0.018554	20500000
chr14	20500001	21500000	22257	0.022257	21000000
chr14	21000001	22000000	23522	0.023522	21500000
chr14	21500001	22500000	18040	0.01804	22000000
chr14	22000001	23000000	15580	0.01558	22500000
chr14	22500001	23500000	17296	0.017296	23000000
chr14	23000001	24000000	20770	0.02077	23500000
chr14	23500001	24500000	21430	0.02143	24000000
chr14	24000001	25000000	20531	0.020531	24500000
chr14	24500001	25500000	21473	0.021473	25000000
chr14	25000001	26000000	22592	0.022592	25500000
chr14	25500001	26500000	22720	0.02272	26000000
chr14	26000001	27000000	21944	0.021944	26500000
chr14	26500001	27500000	22179	0.022179	27000000
chr14	27000001	28000000	22345	0.022345	27500000
chr14	27500001	28500000	20129	0.020129	28000000
chr14	28000001	29000000	19799	0.019799	28500000
chr14	28500001	29500000	21335	0.021335	29000000
chr14	29000001	30000000	21082	0.021082	29500000
chr14	29500001	30500000	19912	0.019912	30000000
chr14	30000001	31000000	21131	0.021131	30500000
chr14	30500001	31500000	21588	0.021588	31000000
chr14	31000001	32000000	19881	0.019881	31500000
chr14	31500001	32500000	18192	0.018192	32000000
chr14	32000001	33000000	18832	0.018832	32500000
chr14	32500001	33500000	18919	0.018919	33000000
chr14	33000001	34000000	17096	0.017096	33500000
chr14	33500001	34500000	22231	0.022231	34000000
chr14	34000001	35000000	25677	0.025677	34500000
chr14	34500001	35500000	24630	0.02463	35000000
chr14	35000001	36000000	25298	0.025298	35500000
chr14	35500001	36500000	22334	0.022334	36000000
chr14	36000001	37000000	19297	0.019297	36500000
chr14	36500001	37500000	20545	0.020545	37000000
chr14	37000001	38000000	27346	0.027346	37500000
chr14	37500001	38500000	33280	0.03328	38000000
chr14	38000001	39000000	26172	0.026172	38500000
chr14	38500001	39500000	17278	0.017278	39000000
chr14	39000001	40000000	19448	0.019448	39500000
chr14	39500001	40500000	22832	0.022832	40000000
chr14	40000001	41000000	21699	0.021699	40500000
chr14	40500001	41500000	21367	0.021367	41000000
chr14	41000001	42000000	24243	0.024243	41500000
chr14	41500001	42500000	21779	0.021779	42000000
chr14	42000001	43000000	20095	0.020095	42500000
chr14	42500001	43500000	20728	0.020728	43000000
chr14	43000001	44000000	21252	0.021252	43500000
chr14	43500001	44500000	19639	0.019639	44000000
chr14	44000001	45000000	14969	0.014969	44500000
chr14	44500001	45500000	18084	0.018084	45000000
chr14	45000001	46000000	20599	0.020599	45500000
chr14	45500001	46500000	18892	0.018892	46000000
chr14	46000001	47000000	16705	0.016705	46500000
chr14	46500001	47500000	18536	0.018536	47000000
chr14	47000001	48000000	19333	0.019333	47500000
chr14	47500001	48500000	17325	0.017325	48000000
chr14	48000001	49000000	18099	0.018099	48500000
chr14	48500001	49500000	17880	0.01788	49000000
chr14	49000001	50000000	16454	0.016454	49500000
chr14	49500001	50500000	16177	0.016177	50000000
chr14	50000001	51000000	19130	0.01913	50500000
chr14	50500001	51500000	20588	0.020588	51000000
chr14	51000001	52000000	18493	0.018493	51500000
chr14	51500001	52500000	16129	0.016129	52000000
chr14	52000001	53000000	17834	0.017834	52500000
chr14	52500001	53500000	21782	0.021782	53000000
chr14	53000001	54000000	21346	0.021346	53500000
chr14	53500001	54500000	17315	0.017315	54000000
chr14	54000001	55000000	15930	0.01593	54500000
chr14	54500001	55500000	21410	0.02141	55000000
chr14	55000001	56000000	24601	0.024601	55500000
chr14	55500001	56500000	23496	0.023496	56000000
chr14	56000001	57000000	21329	0.021329	56500000
chr14	56500001	57500000	22427	0.022427	57000000
chr14	57000001	58000000	25356	0.025356	57500000
chr14	57500001	58500000	21908	0.021908	58000000
chr14	58000001	59000000	22267	0.022267	58500000
chr14	58500001	59500000	25891	0.025891	59000000
chr14	59000001	60000000	24182	0.024182	59500000
chr14	59500001	60500000	22708	0.022708	60000000
chr14	60000001	61000000	19728	0.019728	60500000
chr14	60500001	61500000	19858	0.019858	61000000
chr14	61000001	62000000	22723	0.022723	61500000
chr14	61500001	62500000	20662	0.020662	62000000
chr14	62000001	63000000	18537	0.018537	62500000
chr14	62500001	63500000	19010	0.01901	63000000
chr14	63000001	64000000	19795	0.019795	63500000
chr14	63500001	64500000	23620	0.02362	64000000
chr14	64000001	65000000	25986	0.025986	64500000
chr14	64500001	65500000	22166	0.022166	65000000
chr14	65000001	66000000	19248	0.019248	65500000
chr14	65500001	66500000	18267	0.018267	66000000
chr14	66000001	67000000	20966	0.020966	66500000
chr14	66500001	67500000	23176	0.023176	67000000
chr14	67000001	68000000	23706	0.023706	67500000
chr14	67500001	68500000	20465	0.020465	68000000
chr14	68000001	69000000	18219	0.018219	68500000
chr14	68500001	69500000	21839	0.021839	69000000
chr14	69000001	70000000	22572	0.022572	69500000
chr14	69500001	70500000	22751	0.022751	70000000
chr14	70000001	71000000	21465	0.021465	70500000
chr14	70500001	71500000	25352	0.025352	71000000
chr14	71000001	72000000	24801	0.024801	71500000
chr14	71500001	72500000	20429	0.020429	72000000
chr14	72000001	73000000	17645	0.017645	72500000
chr14	72500001	73500000	17930	0.01793	73000000
chr14	73000001	74000000	20615	0.020615	73500000
chr14	73500001	74500000	18959	0.018959	74000000
chr14	74000001	75000000	17446	0.017446	74500000
chr14	74500001	75500000	21408	0.021408	75000000
chr14	75000001	76000000	23414	0.023414	75500000
chr14	75500001	76500000	19554	0.019554	76000000
chr14	76000001	77000000	21123	0.021123	76500000
chr14	76500001	77500000	23926	0.023926	77000000
chr14	77000001	78000000	22961	0.022961	77500000
chr14	77500001	78500000	25066	0.025066	78000000
chr14	78000001	79000000	25029	0.025029	78500000
chr14	78500001	79500000	20172	0.020172	79000000
chr14	79000001	80000000	19644	0.019644	79500000
chr14	79500001	80500000	19036	0.019036	80000000
chr14	80000001	81000000	23011	0.023011	80500000
chr14	80500001	81500000	24888	0.024888	81000000
chr14	81000001	82000000	20892	0.020892	81500000
chr14	81500001	82500000	18748	0.018748	82000000
chr14	82000001	83000000	17709	0.017709	82500000
chr14	82500001	83500000	26607	0.026607	83000000
chr14	83000001	84000000	26192	0.026192	83500000
chr14	83500001	84500000	18433	0.018433	84000000
chr14	84000001	85000000	20919	0.020919	84500000
chr14	84500001	85500000	21930	0.02193	85000000
chr14	85000001	86000000	21534	0.021534	85500000
chr14	85500001	86500000	22375	0.022375	86000000
chr14	86000001	87000000	21189	0.021189	86500000
chr14	86500001	87500000	20026	0.020026	87000000
chr14	87000001	88000000	21397	0.021397	87500000
chr14	87500001	88500000	23797	0.023797	88000000
chr14	88000001	89000000	25152	0.025152	88500000
chr14	88500001	89500000	22278	0.022278	89000000
chr14	89000001	90000000	21879	0.021879	89500000
chr14	89500001	90500000	26116	0.026116	90000000
chr14	90000001	91000000	26479	0.026479	90500000
chr14	90500001	91500000	20739	0.020739	91000000
chr14	91000001	92000000	18121	0.018121	91500000
chr14	91500001	92500000	19894	0.019894	92000000
chr14	92000001	93000000	21540	0.02154	92500000
chr14	92500001	93500000	23089	0.023089	93000000
chr14	93000001	94000000	25006	0.025006	93500000
chr14	93500001	94500000	22668	0.022668	94000000
chr14	94000001	95000000	21360	0.02136	94500000
chr14	94500001	95500000	21801	0.021801	95000000
chr14	95000001	96000000	23651	0.023651	95500000
chr14	95500001	96500000	22747	0.022747	96000000
chr14	96000001	97000000	17191	0.017191	96500000
chr14	96500001	97500000	15648	0.015648	97000000
chr14	97000001	98000000	17366	0.017366	97500000
chr14	97500001	98500000	21647	0.021647	98000000
chr14	98000001	99000000	24232	0.024232	98500000
chr14	98500001	99500000	22375	0.022375	99000000
chr14	99000001	100000000	24272	0.024272	99500000
chr14	99500001	100500000	22368	0.022368	100000000
chr14	100000001	101000000	19904	0.019904	100500000
chr14	100500001	101500000	24895	0.024895	101000000
chr14	101000001	102000000	27734	0.027734	101500000
chr14	101500001	102500000	23467	0.023467	102000000
chr14	102000001	103000000	21912	0.021912	102500000
chr14	102500001	103500000	21739	0.021739	103000000
chr14	103000001	104000000	19273	0.019273	103500000
chr14	103500001	104500000	24462	0.024462	104000000
chr14	104000001	105000000	30068	0.030068	104500000
chr14	104500001	105500000	28560	0.02856	105000000
chr14	105000001	106000000	28248	0.028248	105500000
chr14	105500001	106500000	26703	0.026703	106000000
chr14	106000001	107000000	22822	0.022822	106500000
chr14	106500001	107500000	29927	0.029927	107000000
chr14	107000001	108000000	32215	0.032215	107500000
chr14	107500001	108500000	25616	0.025616	108000000
chr14	108000001	109000000	24924	0.024924	108500000
chr14	108500001	109500000	28348	0.028348	109000000
chr14	109000001	110000000	27452	0.027452	109500000
chr14	109500001	110500000	22195	0.022195	110000000
chr14	110000001	111000000	22930	0.02293	110500000
chr14	110500001	111500000	29648	0.029648	111000000
chr14	111000001	112000000	42397	0.042397	111500000
chr14	111500001	112500000	45132	0.045132	112000000
chr14	112000001	113000000	39132	0.039132	112500000
chr14	112500001	113500000	34887	0.034887	113000000
chr14	113000001	114000000	28112	0.028112	113500000
chr14	113500001	114500000	31267	0.031267	114000000
chr15	1	1000000	41613	0.041613	500000
chr15	500001	1500000	33694	0.033694	1000000
chr15	1000001	2000000	38534	0.038534	1500000
chr15	1500001	2500000	44110	0.04411	2000000
chr15	2000001	3000000	36947	0.036947	2500000
chr15	2500001	3500000	52396	0.052396	3000000
chr15	3000001	4000000	60164	0.060164	3500000
chr15	3500001	4500000	34886	0.034886	4000000
chr15	4000001	5000000	21045	0.021045	4500000
chr15	4500001	5500000	19863	0.019863	5000000
chr15	5000001	6000000	22930	0.02293	5500000
chr15	5500001	6500000	23501	0.023501	6000000
chr15	6000001	7000000	24408	0.024408	6500000
chr15	6500001	7500000	23982	0.023982	7000000
chr15	7000001	8000000	23612	0.023612	7500000
chr15	7500001	8500000	22921	0.022921	8000000
chr15	8000001	9000000	21169	0.021169	8500000
chr15	8500001	9500000	24738	0.024738	9000000
chr15	9000001	10000000	25121	0.025121	9500000
chr15	9500001	10500000	21999	0.021999	10000000
chr15	10000001	11000000	20350	0.02035	10500000
chr15	10500001	11500000	19533	0.019533	11000000
chr15	11000001	12000000	17108	0.017108	11500000
chr15	11500001	12500000	15568	0.015568	12000000
chr15	12000001	13000000	17078	0.017078	12500000
chr15	12500001	13500000	18245	0.018245	13000000
chr15	13000001	14000000	23908	0.023908	13500000
chr15	13500001	14500000	25806	0.025806	14000000
chr15	14000001	15000000	24109	0.024109	14500000
chr15	14500001	15500000	23256	0.023256	15000000
chr15	15000001	16000000	21979	0.021979	15500000
chr15	15500001	16500000	19969	0.019969	16000000
chr15	16000001	17000000	17826	0.017826	16500000
chr15	16500001	17500000	20208	0.020208	17000000
chr15	17000001	18000000	25705	0.025705	17500000
chr15	17500001	18500000	31363	0.031363	18000000
chr15	18000001	19000000	24232	0.024232	18500000
chr15	18500001	19500000	21326	0.021326	19000000
chr15	19000001	20000000	22835	0.022835	19500000
chr15	19500001	20500000	19784	0.019784	20000000
chr15	20000001	21000000	22648	0.022648	20500000
chr15	20500001	21500000	22637	0.022637	21000000
chr15	21000001	22000000	22336	0.022336	21500000
chr15	21500001	22500000	20720	0.02072	22000000
chr15	22000001	23000000	20456	0.020456	22500000
chr15	22500001	23500000	24780	0.02478	23000000
chr15	23000001	24000000	23884	0.023884	23500000
chr15	23500001	24500000	22831	0.022831	24000000
chr15	24000001	25000000	21995	0.021995	24500000
chr15	24500001	25500000	20066	0.020066	25000000
chr15	25000001	26000000	23141	0.023141	25500000
chr15	25500001	26500000	24968	0.024968	26000000
chr15	26000001	27000000	18948	0.018948	26500000
chr15	26500001	27500000	18314	0.018314	27000000
chr15	27000001	28000000	22505	0.022505	27500000
chr15	27500001	28500000	23797	0.023797	28000000
chr15	28000001	29000000	22348	0.022348	28500000
chr15	28500001	29500000	20322	0.020322	29000000
chr15	29000001	30000000	22889	0.022889	29500000
chr15	29500001	30500000	21080	0.02108	30000000
chr15	30000001	31000000	22266	0.022266	30500000
chr15	30500001	31500000	25962	0.025962	31000000
chr15	31000001	32000000	21426	0.021426	31500000
chr15	31500001	32500000	17093	0.017093	32000000
chr15	32000001	33000000	20500	0.0205	32500000
chr15	32500001	33500000	25729	0.025729	33000000
chr15	33000001	34000000	24845	0.024845	33500000
chr15	33500001	34500000	21665	0.021665	34000000
chr15	34000001	35000000	19820	0.01982	34500000
chr15	34500001	35500000	18340	0.01834	35000000
chr15	35000001	36000000	18362	0.018362	35500000
chr15	35500001	36500000	19495	0.019495	36000000
chr15	36000001	37000000	19393	0.019393	36500000
chr15	36500001	37500000	21136	0.021136	37000000
chr15	37000001	38000000	28875	0.028875	37500000
chr15	37500001	38500000	25850	0.02585	38000000
chr15	38000001	39000000	17461	0.017461	38500000
chr15	38500001	39500000	17293	0.017293	39000000
chr15	39000001	40000000	16779	0.016779	39500000
chr15	39500001	40500000	20868	0.020868	40000000
chr15	40000001	41000000	22572	0.022572	40500000
chr15	40500001	41500000	21168	0.021168	41000000
chr15	41000001	42000000	24008	0.024008	41500000
chr15	41500001	42500000	22536	0.022536	42000000
chr15	42000001	43000000	18137	0.018137	42500000
chr15	42500001	43500000	24839	0.024839	43000000
chr15	43000001	44000000	28861	0.028861	43500000
chr15	43500001	44500000	23902	0.023902	44000000
chr15	44000001	45000000	22227	0.022227	44500000
chr15	44500001	45500000	23028	0.023028	45000000
chr15	45000001	46000000	22834	0.022834	45500000
chr15	45500001	46500000	22605	0.022605	46000000
chr15	46000001	47000000	23555	0.023555	46500000
chr15	46500001	47500000	26620	0.02662	47000000
chr15	47000001	48000000	29674	0.029674	47500000
chr15	47500001	48500000	25987	0.025987	48000000
chr15	48000001	49000000	19974	0.019974	48500000
chr15	48500001	49500000	22540	0.02254	49000000
chr15	49000001	50000000	24292	0.024292	49500000
chr15	49500001	50500000	19999	0.019999	50000000
chr15	50000001	51000000	18520	0.01852	50500000
chr15	50500001	51500000	18918	0.018918	51000000
chr15	51000001	52000000	19605	0.019605	51500000
chr15	51500001	52500000	18150	0.01815	52000000
chr15	52000001	53000000	18575	0.018575	52500000
chr15	52500001	53500000	20380	0.02038	53000000
chr15	53000001	54000000	20219	0.020219	53500000
chr15	53500001	54500000	25444	0.025444	54000000
chr15	54000001	55000000	57103	0.057103	54500000
chr15	54500001	55500000	53765	0.053765	55000000
chr15	55000001	56000000	38151	0.038151	55500000
chr15	55500001	56500000	489364	0.489364	56000000
chr15	56000001	57000000	963250	0.96325	56500000
chr15	56500001	57500000	1000000	1.0	57000000
chr15	57000001	58000000	855088	0.855088	57500000
chr15	57500001	58500000	363153	0.363153	58000000
chr15	58000001	59000000	25868	0.025868	58500000
chr15	58500001	59500000	38254	0.038254	59000000
chr15	59000001	60000000	41838	0.041838	59500000
chr15	59500001	60500000	46323	0.046323	60000000
chr15	60000001	61000000	38286	0.038286	60500000
chr15	60500001	61500000	30776	0.030776	61000000
chr15	61000001	62000000	33759	0.033759	61500000
chr15	61500001	62500000	33465	0.033465	62000000
chr15	62000001	63000000	17132	0.017132	62500000
chr15	62500001	63500000	14301	0.014301	63000000
chr15	63000001	64000000	25237	0.025237	63500000
chr15	63500001	64500000	22444	0.022444	64000000
chr15	64000001	65000000	20720	0.02072	64500000
chr15	64500001	65500000	19591	0.019591	65000000
chr15	65000001	66000000	21695	0.021695	65500000
chr15	65500001	66500000	29196	0.029196	66000000
chr15	66000001	67000000	28576	0.028576	66500000
chr15	66500001	67500000	19152	0.019152	67000000
chr15	67000001	68000000	19715	0.019715	67500000
chr15	67500001	68500000	19725	0.019725	68000000
chr15	68000001	69000000	16132	0.016132	68500000
chr15	68500001	69500000	14939	0.014939	69000000
chr15	69000001	70000000	17598	0.017598	69500000
chr15	69500001	70500000	20958	0.020958	70000000
chr15	70000001	71000000	22127	0.022127	70500000
chr15	70500001	71500000	21624	0.021624	71000000
chr15	71000001	72000000	22877	0.022877	71500000
chr15	71500001	72500000	26903	0.026903	72000000
chr15	72000001	73000000	24467	0.024467	72500000
chr15	72500001	73500000	19526	0.019526	73000000
chr15	73000001	74000000	19181	0.019181	73500000
chr15	73500001	74500000	20280	0.02028	74000000
chr15	74000001	75000000	22585	0.022585	74500000
chr15	74500001	75500000	23416	0.023416	75000000
chr15	75000001	76000000	20086	0.020086	75500000
chr15	75500001	76500000	18764	0.018764	76000000
chr15	76000001	77000000	21005	0.021005	76500000
chr15	76500001	77500000	24719	0.024719	77000000
chr15	77000001	78000000	22676	0.022676	77500000
chr15	77500001	78500000	21505	0.021505	78000000
chr15	78000001	79000000	22260	0.02226	78500000
chr15	78500001	79500000	22607	0.022607	79000000
chr15	79000001	80000000	22646	0.022646	79500000
chr15	79500001	80500000	21315	0.021315	80000000
chr15	80000001	81000000	19909	0.019909	80500000
chr15	80500001	81500000	22017	0.022017	81000000
chr15	81000001	82000000	24486	0.024486	81500000
chr15	81500001	82500000	27162	0.027162	82000000
chr15	82000001	83000000	27730	0.02773	82500000
chr15	82500001	83500000	23399	0.023399	83000000
chr15	83000001	84000000	17597	0.017597	83500000
chr15	83500001	84500000	13463	0.013463	84000000
chr15	84000001	85000000	16536	0.016536	84500000
chr15	84500001	85500000	18304	0.018304	85000000
chr15	85000001	86000000	18810	0.01881	85500000
chr15	85500001	86500000	17862	0.017862	86000000
chr15	86000001	87000000	20117	0.020117	86500000
chr15	86500001	87500000	23199	0.023199	87000000
chr15	87000001	88000000	21896	0.021896	87500000
chr15	87500001	88500000	20990	0.02099	88000000
chr15	88000001	89000000	22083	0.022083	88500000
chr15	88500001	89500000	25322	0.025322	89000000
chr15	89000001	90000000	22612	0.022612	89500000
chr15	89500001	90500000	27327	0.027327	90000000
chr15	90000001	91000000	33452	0.033452	90500000
chr15	90500001	91500000	30322	0.030322	91000000
chr15	91000001	92000000	28056	0.028056	91500000
chr15	91500001	92500000	22645	0.022645	92000000
chr15	92000001	93000000	21926	0.021926	92500000
chr15	92500001	93500000	23158	0.023158	93000000
chr15	93000001	94000000	20356	0.020356	93500000
chr15	93500001	94500000	19807	0.019807	94000000
chr15	94000001	95000000	21178	0.021178	94500000
chr15	94500001	95500000	21615	0.021615	95000000
chr15	95000001	96000000	21019	0.021019	95500000
chr15	95500001	96500000	18086	0.018086	96000000
chr15	96000001	97000000	17300	0.0173	96500000
chr15	96500001	97500000	20562	0.020562	97000000
chr15	97000001	98000000	26137	0.026137	97500000
chr15	97500001	98500000	24879	0.024879	98000000
chr15	98000001	99000000	17913	0.017913	98500000
chr15	98500001	99500000	15593	0.015593	99000000
chr15	99000001	100000000	19364	0.019364	99500000
chr15	99500001	100500000	22400	0.0224	100000000
chr15	100000001	101000000	250402	0.250402	100500000
chr15	100500001	101500000	415832	0.415832	101000000
chr15	101000001	102000000	188771	0.188771	101500000
chr15	101500001	102500000	24748	0.024748	102000000
chr15	102000001	103000000	24829	0.024829	102500000
chr15	102500001	103500000	25053	0.025053	103000000
chr15	103000001	104000000	25052	0.025052	103500000
chr15	103500001	104500000	25054	0.025054	104000000
chr15	104000001	105000000	24407	0.024407	104500000
chr15	104500001	105500000	24480	0.02448	105000000
chr15	105000001	106000000	26493	0.026493	105500000
chr15	105500001	106500000	27794	0.027794	106000000
chr15	106000001	107000000	277322	0.277322	106500000
chr15	106500001	107500000	763298	0.763298	107000000
chr15	107000001	108000000	1000000	1.0	107500000
chr15	107500001	108500000	999900	0.9999	108000000
chr15	108000001	109000000	999900	0.9999	108500000
chr15	108500001	109500000	999839	0.999839	109000000
chr15	109000001	110000000	999678	0.999678	109500000
chr15	109500001	110500000	999739	0.999739	110000000
chr16	1	1000000	19134	0.019134	500000
chr16	500001	1500000	21136	0.021136	1000000
chr16	1000001	2000000	24300	0.0243	1500000
chr16	1500001	2500000	22191	0.022191	2000000
chr16	2000001	3000000	19441	0.019441	2500000
chr16	2500001	3500000	26214	0.026214	3000000
chr16	3000001	4000000	25606	0.025606	3500000
chr16	3500001	4500000	19442	0.019442	4000000
chr16	4000001	5000000	17055	0.017055	4500000
chr16	4500001	5500000	21592	0.021592	5000000
chr16	5000001	6000000	33788	0.033788	5500000
chr16	5500001	6500000	33945	0.033945	6000000
chr16	6000001	7000000	26808	0.026808	6500000
chr16	6500001	7500000	50241	0.050241	7000000
chr16	7000001	8000000	51913	0.051913	7500000
chr16	7500001	8500000	34845	0.034845	8000000
chr16	8000001	9000000	34501	0.034501	8500000
chr16	8500001	9500000	30672	0.030672	9000000
chr16	9000001	10000000	30785	0.030785	9500000
chr16	9500001	10500000	29039	0.029039	10000000
chr16	10000001	11000000	27532	0.027532	10500000
chr16	10500001	11500000	22672	0.022672	11000000
chr16	11000001	12000000	22387	0.022387	11500000
chr16	11500001	12500000	26420	0.02642	12000000
chr16	12000001	13000000	22774	0.022774	12500000
chr16	12500001	13500000	20753	0.020753	13000000
chr16	13000001	14000000	22150	0.02215	13500000
chr16	13500001	14500000	22957	0.022957	14000000
chr16	14000001	15000000	24579	0.024579	14500000
chr16	14500001	15500000	22862	0.022862	15000000
chr16	15000001	16000000	19764	0.019764	15500000
chr16	15500001	16500000	19281	0.019281	16000000
chr16	16000001	17000000	19346	0.019346	16500000
chr16	16500001	17500000	18556	0.018556	17000000
chr16	17000001	18000000	18732	0.018732	17500000
chr16	17500001	18500000	18718	0.018718	18000000
chr16	18000001	19000000	17925	0.017925	18500000
chr16	18500001	19500000	16688	0.016688	19000000
chr16	19000001	20000000	22951	0.022951	19500000
chr16	19500001	20500000	24074	0.024074	20000000
chr16	20000001	21000000	27088	0.027088	20500000
chr16	20500001	21500000	33290	0.03329	21000000
chr16	21000001	22000000	30530	0.03053	21500000
chr16	21500001	22500000	24526	0.024526	22000000
chr16	22000001	23000000	21197	0.021197	22500000
chr16	22500001	23500000	24667	0.024667	23000000
chr16	23000001	24000000	25295	0.025295	23500000
chr16	23500001	24500000	23716	0.023716	24000000
chr16	24000001	25000000	21478	0.021478	24500000
chr16	24500001	25500000	23006	0.023006	25000000
chr16	25000001	26000000	25979	0.025979	25500000
chr16	25500001	26500000	25045	0.025045	26000000
chr16	26000001	27000000	25362	0.025362	26500000
chr16	26500001	27500000	26487	0.026487	27000000
chr16	27000001	28000000	25053	0.025053	27500000
chr16	27500001	28500000	24340	0.02434	28000000
chr16	28000001	29000000	22351	0.022351	28500000
chr16	28500001	29500000	23926	0.023926	29000000
chr16	29000001	30000000	27395	0.027395	29500000
chr16	29500001	30500000	23587	0.023587	30000000
chr16	30000001	31000000	18370	0.01837	30500000
chr16	30500001	31500000	16860	0.01686	31000000
chr16	31000001	32000000	20083	0.020083	31500000
chr16	31500001	32500000	21920	0.02192	32000000
chr16	32000001	33000000	21829	0.021829	32500000
chr16	32500001	33500000	22917	0.022917	33000000
chr16	33000001	34000000	22447	0.022447	33500000
chr16	33500001	34500000	21508	0.021508	34000000
chr16	34000001	35000000	22453	0.022453	34500000
chr16	34500001	35500000	17965	0.017965	35000000
chr16	35000001	36000000	17194	0.017194	35500000
chr16	35500001	36500000	21706	0.021706	36000000
chr16	36000001	37000000	21750	0.02175	36500000
chr16	36500001	37500000	20644	0.020644	37000000
chr16	37000001	38000000	19731	0.019731	37500000
chr16	37500001	38500000	20789	0.020789	38000000
chr16	38000001	39000000	21699	0.021699	38500000
chr16	38500001	39500000	20972	0.020972	39000000
chr16	39000001	40000000	27797	0.027797	39500000
chr16	39500001	40500000	29228	0.029228	40000000
chr16	40000001	41000000	24900	0.0249	40500000
chr16	40500001	41500000	24735	0.024735	41000000
chr16	41000001	42000000	25580	0.02558	41500000
chr16	41500001	42500000	29688	0.029688	42000000
chr16	42000001	43000000	31234	0.031234	42500000
chr16	42500001	43500000	30288	0.030288	43000000
chr16	43000001	44000000	32617	0.032617	43500000
chr16	43500001	44500000	27366	0.027366	44000000
chr16	44000001	45000000	18671	0.018671	44500000
chr16	44500001	45500000	20674	0.020674	45000000
chr16	45000001	46000000	24284	0.024284	45500000
chr16	45500001	46500000	23208	0.023208	46000000
chr16	46000001	47000000	20746	0.020746	46500000
chr16	46500001	47500000	27252	0.027252	47000000
chr16	47000001	48000000	29696	0.029696	47500000
chr16	47500001	48500000	22217	0.022217	48000000
chr16	48000001	49000000	19192	0.019192	48500000
chr16	48500001	49500000	23977	0.023977	49000000
chr16	49000001	50000000	25423	0.025423	49500000
chr16	49500001	50500000	29287	0.029287	50000000
chr16	50000001	51000000	29168	0.029168	50500000
chr16	50500001	51500000	22548	0.022548	51000000
chr16	51000001	52000000	21255	0.021255	51500000
chr16	51500001	52500000	26220	0.02622	52000000
chr16	52000001	53000000	27562	0.027562	52500000
chr16	52500001	53500000	22586	0.022586	53000000
chr16	53000001	54000000	20776	0.020776	53500000
chr16	53500001	54500000	16914	0.016914	54000000
chr16	54000001	55000000	16835	0.016835	54500000
chr16	54500001	55500000	19847	0.019847	55000000
chr16	55000001	56000000	20533	0.020533	55500000
chr16	55500001	56500000	19608	0.019608	56000000
chr16	56000001	57000000	18014	0.018014	56500000
chr16	56500001	57500000	20387	0.020387	57000000
chr16	57000001	58000000	24070	0.02407	57500000
chr16	57500001	58500000	23081	0.023081	58000000
chr16	58000001	59000000	25038	0.025038	58500000
chr16	58500001	59500000	27706	0.027706	59000000
chr16	59000001	60000000	24723	0.024723	59500000
chr16	59500001	60500000	23436	0.023436	60000000
chr16	60000001	61000000	23583	0.023583	60500000
chr16	60500001	61500000	22004	0.022004	61000000
chr16	61000001	62000000	18403	0.018403	61500000
chr16	61500001	62500000	17193	0.017193	62000000
chr16	62000001	63000000	20469	0.020469	62500000
chr16	62500001	63500000	33305	0.033305	63000000
chr16	63000001	64000000	31477	0.031477	63500000
chr16	63500001	64500000	21352	0.021352	64000000
chr16	64000001	65000000	58418	0.058418	64500000
chr16	64500001	65500000	132318	0.132318	65000000
chr16	65000001	66000000	96792	0.096792	65500000
chr16	65500001	66500000	22198	0.022198	66000000
chr16	66000001	67000000	23044	0.023044	66500000
chr16	66500001	67500000	21712	0.021712	67000000
chr16	67000001	68000000	17720	0.01772	67500000
chr16	67500001	68500000	18359	0.018359	68000000
chr16	68000001	69000000	18954	0.018954	68500000
chr16	68500001	69500000	16941	0.016941	69000000
chr16	69000001	70000000	16461	0.016461	69500000
chr16	69500001	70500000	17676	0.017676	70000000
chr16	70000001	71000000	18999	0.018999	70500000
chr16	70500001	71500000	18776	0.018776	71000000
chr16	71000001	72000000	18005	0.018005	71500000
chr16	71500001	72500000	19881	0.019881	72000000
chr16	72000001	73000000	21186	0.021186	72500000
chr16	72500001	73500000	25293	0.025293	73000000
chr16	73000001	74000000	25531	0.025531	73500000
chr16	73500001	74500000	22260	0.02226	74000000
chr16	74000001	75000000	24380	0.02438	74500000
chr16	74500001	75500000	22045	0.022045	75000000
chr16	75000001	76000000	19345	0.019345	75500000
chr16	75500001	76500000	23172	0.023172	76000000
chr16	76000001	77000000	25160	0.02516	76500000
chr16	76500001	77500000	21403	0.021403	77000000
chr16	77000001	78000000	24321	0.024321	77500000
chr16	77500001	78500000	24694	0.024694	78000000
chr16	78000001	79000000	21867	0.021867	78500000
chr16	78500001	79500000	22339	0.022339	79000000
chr16	79000001	80000000	19562	0.019562	79500000
chr16	79500001	80500000	19875	0.019875	80000000
chr16	80000001	81000000	24071	0.024071	80500000
chr16	80500001	81500000	19799	0.019799	81000000
chr16	81000001	82000000	15699	0.015699	81500000
chr16	81500001	82500000	18049	0.018049	82000000
chr16	82000001	83000000	19083	0.019083	82500000
chr16	82500001	83500000	17104	0.017104	83000000
chr16	83000001	84000000	15508	0.015508	83500000
chr16	83500001	84500000	16030	0.01603	84000000
chr16	84000001	85000000	19065	0.019065	84500000
chr16	84500001	85500000	21587	0.021587	85000000
chr16	85000001	86000000	20394	0.020394	85500000
chr16	85500001	86500000	20993	0.020993	86000000
chr16	86000001	87000000	19773	0.019773	86500000
chr16	86500001	87500000	19253	0.019253	87000000
chr16	87000001	88000000	20735	0.020735	87500000
chr16	87500001	88500000	20161	0.020161	88000000
chr16	88000001	89000000	18076	0.018076	88500000
chr16	88500001	89500000	19198	0.019198	89000000
chr16	89000001	90000000	20116	0.020116	89500000
chr16	89500001	90500000	19698	0.019698	90000000
chr16	90000001	91000000	22943	0.022943	90500000
chr16	90500001	91500000	22702	0.022702	91000000
chr16	91000001	92000000	24070	0.02407	91500000
chr16	91500001	92500000	24464	0.024464	92000000
chr16	92000001	93000000	19523	0.019523	92500000
chr16	92500001	93500000	21432	0.021432	93000000
chr16	93000001	94000000	20555	0.020555	93500000
chr16	93500001	94500000	19206	0.019206	94000000
chr16	94000001	95000000	26902	0.026902	94500000
chr16	94500001	95500000	28625	0.028625	95000000
chr16	95000001	96000000	22955	0.022955	95500000
chr16	95500001	96500000	20734	0.020734	96000000
chr16	96000001	97000000	23944	0.023944	96500000
chr16	96500001	97500000	22314	0.022314	97000000
chr16	97000001	98000000	20424	0.020424	97500000
chr16	97500001	98500000	20777	0.020777	98000000
chr16	98000001	99000000	20220	0.02022	98500000
chr16	98500001	99500000	21067	0.021067	99000000
chr16	99000001	100000000	21570	0.02157	99500000
chr16	99500001	100500000	21005	0.021005	100000000
chr16	100000001	101000000	19302	0.019302	100500000
chr16	100500001	101500000	20515	0.020515	101000000
chr16	101000001	102000000	21221	0.021221	101500000
chr16	101500001	102500000	21104	0.021104	102000000
chr16	102000001	103000000	22530	0.02253	102500000
chr16	102500001	103500000	25237	0.025237	103000000
chr16	103000001	104000000	23386	0.023386	103500000
chr16	103500001	104500000	19868	0.019868	104000000
chr16	104000001	105000000	19608	0.019608	104500000
chr16	104500001	105500000	21150	0.02115	105000000
chr16	105000001	106000000	24412	0.024412	105500000
chr16	105500001	106500000	23632	0.023632	106000000
chr16	106000001	107000000	18999	0.018999	106500000
chr16	106500001	107500000	17579	0.017579	107000000
chr16	107000001	108000000	16137	0.016137	107500000
chr17	1	1000000	918445	0.918445	500000
chr17	500001	1500000	430424	0.430424	1000000
chr17	1000001	2000000	19722	0.019722	1500000
chr17	1500001	2500000	26816	0.026816	2000000
chr17	2000001	3000000	39664	0.039664	2500000
chr17	2500001	3500000	38428	0.038428	3000000
chr17	3000001	4000000	31754	0.031754	3500000
chr17	3500001	4500000	32347	0.032347	4000000
chr17	4000001	5000000	33364	0.033364	4500000
chr17	4500001	5500000	28488	0.028488	5000000
chr17	5000001	6000000	24856	0.024856	5500000
chr17	5500001	6500000	22509	0.022509	6000000
chr17	6000001	7000000	24350	0.02435	6500000
chr17	6500001	7500000	22609	0.022609	7000000
chr17	7000001	8000000	19232	0.019232	7500000
chr17	7500001	8500000	20364	0.020364	8000000
chr17	8000001	9000000	23398	0.023398	8500000
chr17	8500001	9500000	25771	0.025771	9000000
chr17	9000001	10000000	22695	0.022695	9500000
chr17	9500001	10500000	21241	0.021241	10000000
chr17	10000001	11000000	20282	0.020282	10500000
chr17	10500001	11500000	16678	0.016678	11000000
chr17	11000001	12000000	18767	0.018767	11500000
chr17	11500001	12500000	23101	0.023101	12000000
chr17	12000001	13000000	19613	0.019613	12500000
chr17	12500001	13500000	18926	0.018926	13000000
chr17	13000001	14000000	22187	0.022187	13500000
chr17	13500001	14500000	21355	0.021355	14000000
chr17	14000001	15000000	23246	0.023246	14500000
chr17	14500001	15500000	23570	0.02357	15000000
chr17	15000001	16000000	19180	0.01918	15500000
chr17	15500001	16500000	18287	0.018287	16000000
chr17	16000001	17000000	20381	0.020381	16500000
chr17	16500001	17500000	23649	0.023649	17000000
chr17	17000001	18000000	22218	0.022218	17500000
chr17	17500001	18500000	15288	0.015288	18000000
chr17	18000001	19000000	15324	0.015324	18500000
chr17	18500001	19500000	17276	0.017276	19000000
chr17	19000001	20000000	24202	0.024202	19500000
chr17	19500001	20500000	35125	0.035125	20000000
chr17	20000001	21000000	38149	0.038149	20500000
chr17	20500001	21500000	29304	0.029304	21000000
chr17	21000001	22000000	22733	0.022733	21500000
chr17	21500001	22500000	20371	0.020371	22000000
chr17	22000001	23000000	18393	0.018393	22500000
chr17	22500001	23500000	23506	0.023506	23000000
chr17	23000001	24000000	39840	0.03984	23500000
chr17	23500001	24500000	44896	0.044896	24000000
chr17	24000001	25000000	33226	0.033226	24500000
chr17	24500001	25500000	28548	0.028548	25000000
chr17	25000001	26000000	28939	0.028939	25500000
chr17	25500001	26500000	29743	0.029743	26000000
chr17	26000001	27000000	26161	0.026161	26500000
chr17	26500001	27500000	27304	0.027304	27000000
chr17	27000001	28000000	28860	0.02886	27500000
chr17	27500001	28500000	26757	0.026757	28000000
chr17	28000001	29000000	25693	0.025693	28500000
chr17	28500001	29500000	25444	0.025444	29000000
chr17	29000001	30000000	29433	0.029433	29500000
chr17	29500001	30500000	30534	0.030534	30000000
chr17	30000001	31000000	27553	0.027553	30500000
chr17	30500001	31500000	24923	0.024923	31000000
chr17	31000001	32000000	21566	0.021566	31500000
chr17	31500001	32500000	17856	0.017856	32000000
chr17	32000001	33000000	18543	0.018543	32500000
chr17	32500001	33500000	21023	0.021023	33000000
chr17	33000001	34000000	25515	0.025515	33500000
chr17	33500001	34500000	26546	0.026546	34000000
chr17	34000001	35000000	22975	0.022975	34500000
chr17	34500001	35500000	22256	0.022256	35000000
chr17	35000001	36000000	21279	0.021279	35500000
chr17	35500001	36500000	21297	0.021297	36000000
chr17	36000001	37000000	24879	0.024879	36500000
chr17	36500001	37500000	24552	0.024552	37000000
chr17	37000001	38000000	21389	0.021389	37500000
chr17	37500001	38500000	64707	0.064707	38000000
chr17	38000001	39000000	541452	0.541452	38500000
chr17	38500001	39500000	987639	0.987639	39000000
chr17	39000001	40000000	1000000	1.0	39500000
chr17	39500001	40500000	1000000	1.0	40000000
chr17	40000001	41000000	1000000	1.0	40500000
chr17	40500001	41500000	1000000	1.0	41000000
chr17	41000001	42000000	1000000	1.0	41500000
chr17	41500001	42500000	1000000	1.0	42000000
chr17	42000001	43000000	1000000	1.0	42500000
chr17	42500001	43500000	1000000	1.0	43000000
chr17	43000001	44000000	1000000	1.0	43500000
chr17	43500001	44500000	1000000	1.0	44000000
chr17	44000001	45000000	1000000	1.0	44500000
chr17	44500001	45500000	617405	0.617405	45000000
chr17	45000001	46000000	128311	0.128311	45500000
chr17	45500001	46500000	21286	0.021286	46000000
chr17	46000001	47000000	24425	0.024425	46500000
chr17	46500001	47500000	25983	0.025983	47000000
chr17	47000001	48000000	24921	0.024921	47500000
chr17	47500001	48500000	20598	0.020598	48000000
chr17	48000001	49000000	16338	0.016338	48500000
chr17	48500001	49500000	18215	0.018215	49000000
chr17	49000001	50000000	21944	0.021944	49500000
chr17	49500001	50500000	24919	0.024919	50000000
chr17	50000001	51000000	21932	0.021932	50500000
chr17	50500001	51500000	18603	0.018603	51000000
chr17	51000001	52000000	17269	0.017269	51500000
chr17	51500001	52500000	19638	0.019638	52000000
chr17	52000001	53000000	23456	0.023456	52500000
chr17	52500001	53500000	22348	0.022348	53000000
chr17	53000001	54000000	20503	0.020503	53500000
chr17	53500001	54500000	23852	0.023852	54000000
chr17	54000001	55000000	25233	0.025233	54500000
chr17	54500001	55500000	22795	0.022795	55000000
chr17	55000001	56000000	20250	0.02025	55500000
chr17	55500001	56500000	18293	0.018293	56000000
chr17	56000001	57000000	16693	0.016693	56500000
chr17	56500001	57500000	17876	0.017876	57000000
chr17	57000001	58000000	22219	0.022219	57500000
chr17	57500001	58500000	23997	0.023997	58000000
chr17	58000001	59000000	24579	0.024579	58500000
chr17	58500001	59500000	22440	0.02244	59000000
chr17	59000001	60000000	18943	0.018943	59500000
chr17	59500001	60500000	20118	0.020118	60000000
chr17	60000001	61000000	21050	0.02105	60500000
chr17	60500001	61500000	17134	0.017134	61000000
chr17	61000001	62000000	17248	0.017248	61500000
chr17	61500001	62500000	19632	0.019632	62000000
chr17	62000001	63000000	17565	0.017565	62500000
chr17	62500001	63500000	15720	0.01572	63000000
chr17	63000001	64000000	20559	0.020559	63500000
chr17	63500001	64500000	22452	0.022452	64000000
chr17	64000001	65000000	21298	0.021298	64500000
chr17	64500001	65500000	23680	0.02368	65000000
chr17	65000001	66000000	20514	0.020514	65500000
chr17	65500001	66500000	18987	0.018987	66000000
chr17	66000001	67000000	21011	0.021011	66500000
chr17	66500001	67500000	20241	0.020241	67000000
chr17	67000001	68000000	20458	0.020458	67500000
chr17	67500001	68500000	20074	0.020074	68000000
chr17	68000001	69000000	21631	0.021631	68500000
chr17	68500001	69500000	24091	0.024091	69000000
chr17	69000001	70000000	23157	0.023157	69500000
chr17	69500001	70500000	20920	0.02092	70000000
chr17	70000001	71000000	18669	0.018669	70500000
chr17	70500001	71500000	17888	0.017888	71000000
chr17	71000001	72000000	19298	0.019298	71500000
chr17	71500001	72500000	22040	0.02204	72000000
chr17	72000001	73000000	25497	0.025497	72500000
chr17	72500001	73500000	26338	0.026338	73000000
chr17	73000001	74000000	20680	0.02068	73500000
chr17	73500001	74500000	17044	0.017044	74000000
chr17	74000001	75000000	16970	0.01697	74500000
chr17	74500001	75500000	21523	0.021523	75000000
chr17	75000001	76000000	26652	0.026652	75500000
chr17	75500001	76500000	23439	0.023439	76000000
chr17	76000001	77000000	20563	0.020563	76500000
chr17	76500001	77500000	17644	0.017644	77000000
chr17	77000001	78000000	17693	0.017693	77500000
chr17	77500001	78500000	19420	0.01942	78000000
chr17	78000001	79000000	19518	0.019518	78500000
chr17	78500001	79500000	19183	0.019183	79000000
chr17	79000001	80000000	18049	0.018049	79500000
chr17	79500001	80500000	21234	0.021234	80000000
chr17	80000001	81000000	22924	0.022924	80500000
chr17	80500001	81500000	21940	0.02194	81000000
chr17	81000001	82000000	20964	0.020964	81500000
chr17	81500001	82500000	19718	0.019718	82000000
chr17	82000001	83000000	18528	0.018528	82500000
chr17	82500001	83500000	18781	0.018781	83000000
chr17	83000001	84000000	18827	0.018827	83500000
chr17	83500001	84500000	15735	0.015735	84000000
chr17	84000001	85000000	15169	0.015169	84500000
chr17	84500001	85500000	17287	0.017287	85000000
chr17	85000001	86000000	17664	0.017664	85500000
chr17	85500001	86500000	19429	0.019429	86000000
chr17	86000001	87000000	20386	0.020386	86500000
chr17	86500001	87500000	20430	0.02043	87000000
chr17	87000001	88000000	20789	0.020789	87500000
chr17	87500001	88500000	19360	0.01936	88000000
chr17	88000001	89000000	18554	0.018554	88500000
chr17	88500001	89500000	22741	0.022741	89000000
chr17	89000001	90000000	25582	0.025582	89500000
chr17	89500001	90500000	20655	0.020655	90000000
chr17	90000001	91000000	16540	0.01654	90500000
chr17	90500001	91500000	18663	0.018663	91000000
chr17	91000001	92000000	21995	0.021995	91500000
chr17	91500001	92500000	30546	0.030546	92000000
chr17	92000001	93000000	27625	0.027625	92500000
chr17	92500001	93500000	18602	0.018602	93000000
chr17	93000001	94000000	19984	0.019984	93500000
chr17	93500001	94500000	19721	0.019721	94000000
chr17	94000001	95000000	19476	0.019476	94500000
chr17	94500001	95500000	17598	0.017598	95000000
chr17	95000001	96000000	18468	0.018468	95500000
chr17	95500001	96500000	21738	0.021738	96000000
chr17	96000001	97000000	20939	0.020939	96500000
chr17	96500001	97500000	18544	0.018544	97000000
chr17	97000001	98000000	28002	0.028002	97500000
chr17	97500001	98500000	31845	0.031845	98000000
chr17	98000001	99000000	24239	0.024239	98500000
chr17	98500001	99500000	24866	0.024866	99000000
chr17	99000001	100000000	34472	0.034472	99500000
chr17	99500001	100500000	31926	0.031926	100000000
chr17	100000001	101000000	27226	0.027226	100500000
chr17	100500001	101500000	48084	0.048084	101000000
chr17	101000001	102000000	66543	0.066543	101500000
chr17	101500001	102500000	64755	0.064755	102000000
chr17	102000001	103000000	41852	0.041852	102500000
chr17	102500001	103500000	371378	0.371378	103000000
chr17	103000001	104000000	859548	0.859548	103500000
chr18	1	1000000	135977	0.135977	500000
chr18	500001	1500000	174995	0.174995	1000000
chr18	1000001	2000000	126618	0.126618	1500000
chr18	1500001	2500000	88116	0.088116	2000000
chr18	2000001	3000000	25467	0.025467	2500000
chr18	2500001	3500000	110886	0.110886	3000000
chr18	3000001	4000000	122327	0.122327	3500000
chr18	3500001	4500000	47127	0.047127	4000000
chr18	4000001	5000000	32280	0.03228	4500000
chr18	4500001	5500000	29579	0.029579	5000000
chr18	5000001	6000000	36568	0.036568	5500000
chr18	5500001	6500000	36246	0.036246	6000000
chr18	6000001	7000000	24117	0.024117	6500000
chr18	6500001	7500000	22125	0.022125	7000000
chr18	7000001	8000000	27243	0.027243	7500000
chr18	7500001	8500000	30422	0.030422	8000000
chr18	8000001	9000000	28255	0.028255	8500000
chr18	8500001	9500000	21655	0.021655	9000000
chr18	9000001	10000000	18435	0.018435	9500000
chr18	9500001	10500000	21338	0.021338	10000000
chr18	10000001	11000000	26829	0.026829	10500000
chr18	10500001	11500000	26782	0.026782	11000000
chr18	11000001	12000000	25663	0.025663	11500000
chr18	11500001	12500000	26664	0.026664	12000000
chr18	12000001	13000000	27150	0.02715	12500000
chr18	12500001	13500000	28283	0.028283	13000000
chr18	13000001	14000000	29223	0.029223	13500000
chr18	13500001	14500000	30417	0.030417	14000000
chr18	14000001	15000000	33891	0.033891	14500000
chr18	14500001	15500000	33126	0.033126	15000000
chr18	15000001	16000000	29829	0.029829	15500000
chr18	15500001	16500000	26745	0.026745	16000000
chr18	16000001	17000000	23787	0.023787	16500000
chr18	16500001	17500000	24475	0.024475	17000000
chr18	17000001	18000000	26337	0.026337	17500000
chr18	17500001	18500000	24795	0.024795	18000000
chr18	18000001	19000000	29518	0.029518	18500000
chr18	18500001	19500000	32396	0.032396	19000000
chr18	19000001	20000000	27925	0.027925	19500000
chr18	19500001	20500000	29749	0.029749	20000000
chr18	20000001	21000000	31186	0.031186	20500000
chr18	20500001	21500000	29334	0.029334	21000000
chr18	21000001	22000000	44856	0.044856	21500000
chr18	21500001	22500000	150230	0.15023	22000000
chr18	22000001	23000000	129881	0.129881	22500000
chr18	22500001	23500000	20498	0.020498	23000000
chr18	23000001	24000000	135445	0.135445	23500000
chr18	23500001	24500000	137312	0.137312	24000000
chr18	24000001	25000000	19532	0.019532	24500000
chr18	24500001	25500000	16104	0.016104	25000000
chr18	25000001	26000000	17790	0.01779	25500000
chr18	25500001	26500000	21672	0.021672	26000000
chr18	26000001	27000000	20096	0.020096	26500000
chr18	26500001	27500000	21218	0.021218	27000000
chr18	27000001	28000000	21820	0.02182	27500000
chr18	27500001	28500000	17904	0.017904	28000000
chr18	28000001	29000000	18927	0.018927	28500000
chr18	28500001	29500000	21781	0.021781	29000000
chr18	29000001	30000000	23507	0.023507	29500000
chr18	29500001	30500000	22589	0.022589	30000000
chr18	30000001	31000000	22011	0.022011	30500000
chr18	30500001	31500000	21825	0.021825	31000000
chr18	31000001	32000000	21612	0.021612	31500000
chr18	31500001	32500000	16982	0.016982	32000000
chr18	32000001	33000000	19893	0.019893	32500000
chr18	32500001	33500000	27248	0.027248	33000000
chr18	33000001	34000000	23513	0.023513	33500000
chr18	33500001	34500000	18354	0.018354	34000000
chr18	34000001	35000000	12325	0.012325	34500000
chr18	34500001	35500000	3457	0.003457	35000000
chr18	35000001	36000000	168796	0.168796	35500000
chr18	35500001	36500000	189995	0.189995	36000000
chr18	36000001	37000000	28263	0.028263	36500000
chr18	36500001	37500000	19359	0.019359	37000000
chr18	37000001	38000000	28435	0.028435	37500000
chr18	37500001	38500000	28692	0.028692	38000000
chr18	38000001	39000000	20884	0.020884	38500000
chr18	38500001	39500000	17627	0.017627	39000000
chr18	39000001	40000000	18503	0.018503	39500000
chr18	39500001	40500000	18133	0.018133	40000000
chr18	40000001	41000000	17134	0.017134	40500000
chr18	40500001	41500000	43144	0.043144	41000000
chr18	41000001	42000000	70420	0.07042	41500000
chr18	41500001	42500000	42734	0.042734	42000000
chr18	42000001	43000000	17689	0.017689	42500000
chr18	42500001	43500000	21098	0.021098	43000000
chr18	43000001	44000000	21285	0.021285	43500000
chr18	43500001	44500000	23911	0.023911	44000000
chr18	44000001	45000000	25365	0.025365	44500000
chr18	44500001	45500000	23705	0.023705	45000000
chr18	45000001	46000000	21453	0.021453	45500000
chr18	45500001	46500000	22520	0.02252	46000000
chr18	46000001	47000000	24176	0.024176	46500000
chr18	46500001	47500000	22097	0.022097	47000000
chr18	47000001	48000000	19816	0.019816	47500000
chr18	47500001	48500000	15993	0.015993	48000000
chr18	48000001	49000000	16124	0.016124	48500000
chr18	48500001	49500000	19003	0.019003	49000000
chr18	49000001	50000000	21790	0.02179	49500000
chr18	49500001	50500000	20414	0.020414	50000000
chr18	50000001	51000000	17393	0.017393	50500000
chr18	50500001	51500000	19360	0.01936	51000000
chr18	51000001	52000000	18929	0.018929	51500000
chr18	51500001	52500000	21257	0.021257	52000000
chr18	52000001	53000000	28859	0.028859	52500000
chr18	52500001	53500000	27212	0.027212	53000000
chr18	53000001	54000000	24270	0.02427	53500000
chr18	53500001	54500000	23508	0.023508	54000000
chr18	54000001	55000000	21062	0.021062	54500000
chr18	54500001	55500000	19970	0.01997	55000000
chr18	55000001	56000000	19743	0.019743	55500000
chr18	55500001	56500000	21018	0.021018	56000000
chr18	56000001	57000000	25675	0.025675	56500000
chr18	56500001	57500000	27112	0.027112	57000000
chr18	57000001	58000000	22134	0.022134	57500000
chr18	57500001	58500000	22351	0.022351	58000000
chr18	58000001	59000000	21466	0.021466	58500000
chr18	58500001	59500000	18663	0.018663	59000000
chr18	59000001	60000000	19913	0.019913	59500000
chr18	59500001	60500000	21643	0.021643	60000000
chr18	60000001	61000000	19838	0.019838	60500000
chr18	60500001	61500000	20991	0.020991	61000000
chr18	61000001	62000000	21699	0.021699	61500000
chr18	61500001	62500000	18494	0.018494	62000000
chr18	62000001	63000000	19214	0.019214	62500000
chr18	62500001	63500000	19299	0.019299	63000000
chr18	63000001	64000000	19291	0.019291	63500000
chr18	63500001	64500000	18872	0.018872	64000000
chr18	64000001	65000000	19807	0.019807	64500000
chr18	64500001	65500000	22075	0.022075	65000000
chr18	65000001	66000000	20559	0.020559	65500000
chr18	65500001	66500000	17345	0.017345	66000000
chr18	66000001	67000000	17127	0.017127	66500000
chr18	66500001	67500000	22726	0.022726	67000000
chr18	67000001	68000000	21190	0.02119	67500000
chr18	67500001	68500000	22519	0.022519	68000000
chr18	68000001	69000000	25279	0.025279	68500000
chr18	68500001	69500000	21548	0.021548	69000000
chr18	69000001	70000000	25042	0.025042	69500000
chr18	69500001	70500000	25637	0.025637	70000000
chr18	70000001	71000000	20966	0.020966	70500000
chr18	70500001	71500000	19095	0.019095	71000000
chr18	71000001	72000000	20030	0.02003	71500000
chr18	71500001	72500000	19103	0.019103	72000000
chr18	72000001	73000000	19097	0.019097	72500000
chr18	72500001	73500000	19633	0.019633	73000000
chr18	73000001	74000000	18242	0.018242	73500000
chr18	73500001	74500000	19990	0.01999	74000000
chr18	74000001	75000000	22334	0.022334	74500000
chr18	74500001	75500000	21072	0.021072	75000000
chr18	75000001	76000000	19370	0.01937	75500000
chr18	75500001	76500000	19202	0.019202	76000000
chr18	76000001	77000000	19620	0.01962	76500000
chr18	76500001	77500000	22177	0.022177	77000000
chr18	77000001	78000000	24665	0.024665	77500000
chr18	77500001	78500000	27839	0.027839	78000000
chr18	78000001	79000000	25774	0.025774	78500000
chr18	78500001	79500000	23792	0.023792	79000000
chr18	79000001	80000000	25168	0.025168	79500000
chr18	79500001	80500000	29914	0.029914	80000000
chr18	80000001	81000000	26546	0.026546	80500000
chr18	80500001	81500000	28875	0.028875	81000000
chr18	81000001	82000000	39190	0.03919	81500000
chr18	81500001	82500000	32747	0.032747	82000000
chr18	82000001	83000000	60319	0.060319	82500000
chr18	82500001	83500000	117603	0.117603	83000000
chr18	83000001	84000000	84112	0.084112	83500000
chr18	83500001	84500000	25252	0.025252	84000000
chr18	84000001	85000000	23014	0.023014	84500000
chr18	84500001	85500000	20925	0.020925	85000000
chr18	85000001	86000000	20567	0.020567	85500000
chr18	85500001	86500000	31766	0.031766	86000000
chr18	86000001	87000000	32368	0.032368	86500000
chr18	86500001	87500000	21993	0.021993	87000000
chr18	87000001	88000000	21997	0.021997	87500000
chr18	87500001	88500000	26678	0.026678	88000000
chr18	88000001	89000000	36810	0.03681	88500000
chr18	88500001	89500000	28189	0.028189	89000000
chr18	89000001	90000000	17403	0.017403	89500000
chr18	89500001	90500000	64528	0.064528	90000000
chr18	90000001	91000000	69049	0.069049	90500000
chr18	90500001	91500000	123477	0.123477	91000000
chr18	91000001	92000000	119345	0.119345	91500000
chr18	91500001	92500000	22690	0.02269	92000000
chr18	92000001	93000000	135541	0.135541	92500000
chr18	92500001	93500000	148467	0.148467	93000000
chr18	93000001	94000000	77397	0.077397	93500000
chr18	93500001	94500000	75879	0.075879	94000000
chr18	94000001	95000000	96851	0.096851	94500000
chr18	94500001	95500000	84170	0.08417	95000000
chr18	95000001	96000000	17631	0.017631	95500000
chr18	95500001	96500000	21660	0.02166	96000000
chr18	96000001	97000000	116434	0.116434	96500000
chr18	96500001	97500000	113002	0.113002	97000000
chr18	97000001	98000000	18166	0.018166	97500000
chr18	97500001	98500000	18934	0.018934	98000000
chr18	98000001	99000000	281928	0.281928	98500000
chr18	98500001	99500000	280368	0.280368	99000000
chr18	99000001	100000000	68028	0.068028	99500000
chr18	99500001	100500000	164717	0.164717	100000000
chr19	1	1000000	39357	0.039357	500000
chr19	500001	1500000	22016	0.022016	1000000
chr19	1000001	2000000	22522	0.022522	1500000
chr19	1500001	2500000	22854	0.022854	2000000
chr19	2000001	3000000	21647	0.021647	2500000
chr19	2500001	3500000	25756	0.025756	3000000
chr19	3000001	4000000	25600	0.0256	3500000
chr19	3500001	4500000	21305	0.021305	4000000
chr19	4000001	5000000	22455	0.022455	4500000
chr19	4500001	5500000	23701	0.023701	5000000
chr19	5000001	6000000	23426	0.023426	5500000
chr19	5500001	6500000	23384	0.023384	6000000
chr19	6000001	7000000	21949	0.021949	6500000
chr19	6500001	7500000	21662	0.021662	7000000
chr19	7000001	8000000	25216	0.025216	7500000
chr19	7500001	8500000	27839	0.027839	8000000
chr19	8000001	9000000	24168	0.024168	8500000
chr19	8500001	9500000	25955	0.025955	9000000
chr19	9000001	10000000	30016	0.030016	9500000
chr19	9500001	10500000	28234	0.028234	10000000
chr19	10000001	11000000	28550	0.02855	10500000
chr19	10500001	11500000	29292	0.029292	11000000
chr19	11000001	12000000	29080	0.02908	11500000
chr19	11500001	12500000	25786	0.025786	12000000
chr19	12000001	13000000	22903	0.022903	12500000
chr19	12500001	13500000	22815	0.022815	13000000
chr19	13000001	14000000	22918	0.022918	13500000
chr19	13500001	14500000	25402	0.025402	14000000
chr19	14000001	15000000	28032	0.028032	14500000
chr19	14500001	15500000	24229	0.024229	15000000
chr19	15000001	16000000	26129	0.026129	15500000
chr19	15500001	16500000	33142	0.033142	16000000
chr19	16000001	17000000	31968	0.031968	16500000
chr19	16500001	17500000	28672	0.028672	17000000
chr19	17000001	18000000	25039	0.025039	17500000
chr19	17500001	18500000	27280	0.02728	18000000
chr19	18000001	19000000	29895	0.029895	18500000
chr19	18500001	19500000	26685	0.026685	19000000
chr19	19000001	20000000	27930	0.02793	19500000
chr19	19500001	20500000	30429	0.030429	20000000
chr19	20000001	21000000	31700	0.0317	20500000
chr19	20500001	21500000	27442	0.027442	21000000
chr19	21000001	22000000	20488	0.020488	21500000
chr19	21500001	22500000	17989	0.017989	22000000
chr19	22000001	23000000	22254	0.022254	22500000
chr19	22500001	23500000	23356	0.023356	23000000
chr19	23000001	24000000	26554	0.026554	23500000
chr19	23500001	24500000	39817	0.039817	24000000
chr19	24000001	25000000	39442	0.039442	24500000
chr19	24500001	25500000	25537	0.025537	25000000
chr19	25000001	26000000	16860	0.01686	25500000
chr19	25500001	26500000	17975	0.017975	26000000
chr19	26000001	27000000	21887	0.021887	26500000
chr19	26500001	27500000	24838	0.024838	27000000
chr19	27000001	28000000	30993	0.030993	27500000
chr19	27500001	28500000	32299	0.032299	28000000
chr19	28000001	29000000	22871	0.022871	28500000
chr19	28500001	29500000	19603	0.019603	29000000
chr19	29000001	30000000	19709	0.019709	29500000
chr19	29500001	30500000	17737	0.017737	30000000
chr19	30000001	31000000	19650	0.01965	30500000
chr19	30500001	31500000	18740	0.01874	31000000
chr19	31000001	32000000	18494	0.018494	31500000
chr19	31500001	32500000	28734	0.028734	32000000
chr19	32000001	33000000	33861	0.033861	32500000
chr19	32500001	33500000	23462	0.023462	33000000
chr19	33000001	34000000	22876	0.022876	33500000
chr19	33500001	34500000	27268	0.027268	34000000
chr19	34000001	35000000	22845	0.022845	34500000
chr19	34500001	35500000	25350	0.02535	35000000
chr19	35000001	36000000	29864	0.029864	35500000
chr19	35500001	36500000	26950	0.02695	36000000
chr19	36000001	37000000	23731	0.023731	36500000
chr19	36500001	37500000	26126	0.026126	37000000
chr19	37000001	38000000	26052	0.026052	37500000
chr19	37500001	38500000	33794	0.033794	38000000
chr19	38000001	39000000	53536	0.053536	38500000
chr19	38500001	39500000	48863	0.048863	39000000
chr19	39000001	40000000	30960	0.03096	39500000
chr19	39500001	40500000	32307	0.032307	40000000
chr19	40000001	41000000	32446	0.032446	40500000
chr19	40500001	41500000	23500	0.0235	41000000
chr19	41000001	42000000	42060	0.04206	41500000
chr19	41500001	42500000	44034	0.044034	42000000
chr19	42000001	43000000	20047	0.020047	42500000
chr19	42500001	43500000	16442	0.016442	43000000
chr19	43000001	44000000	19620	0.01962	43500000
chr19	43500001	44500000	23889	0.023889	44000000
chr19	44000001	45000000	23905	0.023905	44500000
chr19	44500001	45500000	22241	0.022241	45000000
chr19	45000001	46000000	22324	0.022324	45500000
chr19	45500001	46500000	66621	0.066621	46000000
chr19	46000001	47000000	146474	0.146474	46500000
chr19	46500001	47500000	99674	0.099674	47000000
chr19	47000001	48000000	20814	0.020814	47500000
chr19	47500001	48500000	28313	0.028313	48000000
chr19	48000001	49000000	30380	0.03038	48500000
chr19	48500001	49500000	27549	0.027549	49000000
chr19	49000001	50000000	23345	0.023345	49500000
chr19	49500001	50500000	20814	0.020814	50000000
chr19	50000001	51000000	18812	0.018812	50500000
chr19	50500001	51500000	17226	0.017226	51000000
chr19	51000001	52000000	19025	0.019025	51500000
chr19	51500001	52500000	22409	0.022409	52000000
chr19	52000001	53000000	23203	0.023203	52500000
chr19	52500001	53500000	22120	0.02212	53000000
chr19	53000001	54000000	23561	0.023561	53500000
chr19	53500001	54500000	22848	0.022848	54000000
chr19	54000001	55000000	20999	0.020999	54500000
chr19	54500001	55500000	22879	0.022879	55000000
chr19	55000001	56000000	26004	0.026004	55500000
chr19	55500001	56500000	21118	0.021118	56000000
chr19	56000001	57000000	18849	0.018849	56500000
chr19	56500001	57500000	22082	0.022082	57000000
chr19	57000001	58000000	20549	0.020549	57500000
chr19	57500001	58500000	21933	0.021933	58000000
chr19	58000001	59000000	23054	0.023054	58500000
chr19	58500001	59500000	19772	0.019772	59000000
chr19	59000001	60000000	16114	0.016114	59500000
chr19	59500001	60500000	17839	0.017839	60000000
chr19	60000001	61000000	17795	0.017795	60500000
chr19	60500001	61500000	16468	0.016468	61000000
chr19	61000001	62000000	18136	0.018136	61500000
chr19	61500001	62500000	19709	0.019709	62000000
chr19	62000001	63000000	24605	0.024605	62500000
chr19	62500001	63500000	24256	0.024256	63000000
chr19	63000001	64000000	18458	0.018458	63500000
chr19	63500001	64500000	18714	0.018714	64000000
chr19	64000001	65000000	25037	0.025037	64500000
chr19	64500001	65500000	23800	0.0238	65000000
chr19	65000001	66000000	19630	0.01963	65500000
chr19	65500001	66500000	20722	0.020722	66000000
chr19	66000001	67000000	24923	0.024923	66500000
chr19	66500001	67500000	26329	0.026329	67000000
chr19	67000001	68000000	22080	0.02208	67500000
chr19	67500001	68500000	21830	0.02183	68000000
chr19	68000001	69000000	22320	0.02232	68500000
chr19	68500001	69500000	24464	0.024464	69000000
chr19	69000001	70000000	24747	0.024747	69500000
chr19	69500001	70500000	20950	0.02095	70000000
chr19	70000001	71000000	19964	0.019964	70500000
chr19	70500001	71500000	20781	0.020781	71000000
chr19	71000001	72000000	19829	0.019829	71500000
chr19	71500001	72500000	21415	0.021415	72000000
chr19	72000001	73000000	21309	0.021309	72500000
chr19	72500001	73500000	19679	0.019679	73000000
chr19	73000001	74000000	22705	0.022705	73500000
chr19	73500001	74500000	21276	0.021276	74000000
chr19	74000001	75000000	22146	0.022146	74500000
chr19	74500001	75500000	22197	0.022197	75000000
chr19	75000001	76000000	20239	0.020239	75500000
chr19	75500001	76500000	20556	0.020556	76000000
chr19	76000001	77000000	20738	0.020738	76500000
chr19	76500001	77500000	21548	0.021548	77000000
chr19	77000001	78000000	21484	0.021484	77500000
chr19	77500001	78500000	29828	0.029828	78000000
chr19	78000001	79000000	28668	0.028668	78500000
chr19	78500001	79500000	21410	0.02141	79000000
chr19	79000001	80000000	20185	0.020185	79500000
chr19	79500001	80500000	19227	0.019227	80000000
chr19	80000001	81000000	18602	0.018602	80500000
chr19	80500001	81500000	15453	0.015453	81000000
chr19	81000001	82000000	19502	0.019502	81500000
chr19	81500001	82500000	23931	0.023931	82000000
chr19	82000001	83000000	20266	0.020266	82500000
chr19	82500001	83500000	21047	0.021047	83000000
chr19	83000001	84000000	26104	0.026104	83500000
chr19	83500001	84500000	24167	0.024167	84000000
chr19	84000001	85000000	22581	0.022581	84500000
chr19	84500001	85500000	18529	0.018529	85000000
chr19	85000001	86000000	15541	0.015541	85500000
chr19	85500001	86500000	19106	0.019106	86000000
chr19	86000001	87000000	17089	0.017089	86500000
chr19	86500001	87500000	15764	0.015764	87000000
chr19	87000001	88000000	17196	0.017196	87500000
chr19	87500001	88500000	17706	0.017706	88000000
chr19	88000001	89000000	16575	0.016575	88500000
chr19	88500001	89500000	18496	0.018496	89000000
chr19	89000001	90000000	24675	0.024675	89500000
chr19	89500001	90500000	23918	0.023918	90000000
chr19	90000001	91000000	21805	0.021805	90500000
chr19	90500001	91500000	21995	0.021995	91000000
chr19	91000001	92000000	22159	0.022159	91500000
chr19	91500001	92500000	21774	0.021774	92000000
chr19	92000001	93000000	21809	0.021809	92500000
chr19	92500001	93500000	28090	0.02809	93000000
chr19	93000001	94000000	23619	0.023619	93500000
chr19	93500001	94500000	19582	0.019582	94000000
chr19	94000001	95000000	22933	0.022933	94500000
chr19	94500001	95500000	25746	0.025746	95000000
chr19	95000001	96000000	34679	0.034679	95500000
chr19	95500001	96500000	36104	0.036104	96000000
chr19	96000001	97000000	34656	0.034656	96500000
chr19	96500001	97500000	34725	0.034725	97000000
chr19	97000001	98000000	88241	0.088241	97500000
chr19	97500001	98500000	183252	0.183252	98000000
chr20	1	1000000	38780	0.03878	500000
chr20	500001	1500000	38698	0.038698	1000000
chr20	1000001	2000000	54589	0.054589	1500000
chr20	1500001	2500000	49754	0.049754	2000000
chr20	2000001	3000000	43835	0.043835	2500000
chr20	2500001	3500000	34619	0.034619	3000000
chr20	3000001	4000000	27827	0.027827	3500000
chr20	3500001	4500000	32860	0.03286	4000000
chr20	4000001	5000000	35406	0.035406	4500000
chr20	4500001	5500000	29630	0.02963	5000000
chr20	5000001	6000000	26521	0.026521	5500000
chr20	5500001	6500000	25814	0.025814	6000000
chr20	6000001	7000000	23412	0.023412	6500000
chr20	6500001	7500000	24816	0.024816	7000000
chr20	7000001	8000000	24011	0.024011	7500000
chr20	7500001	8500000	23084	0.023084	8000000
chr20	8000001	9000000	23038	0.023038	8500000
chr20	8500001	9500000	22567	0.022567	9000000
chr20	9000001	10000000	26219	0.026219	9500000
chr20	9500001	10500000	25118	0.025118	10000000
chr20	10000001	11000000	22928	0.022928	10500000
chr20	10500001	11500000	14412	0.014412	11000000
chr20	11000001	12000000	6918	0.006918	11500000
chr20	11500001	12500000	18243	0.018243	12000000
chr20	12000001	13000000	33012	0.033012	12500000
chr20	12500001	13500000	37758	0.037758	13000000
chr20	13000001	14000000	29159	0.029159	13500000
chr20	13500001	14500000	22773	0.022773	14000000
chr20	14000001	15000000	25710	0.02571	14500000
chr20	14500001	15500000	25506	0.025506	15000000
chr20	15000001	16000000	23001	0.023001	15500000
chr20	15500001	16500000	22921	0.022921	16000000
chr20	16000001	17000000	22447	0.022447	16500000
chr20	16500001	17500000	19751	0.019751	17000000
chr20	17000001	18000000	27124	0.027124	17500000
chr20	17500001	18500000	29004	0.029004	18000000
chr20	18000001	19000000	23668	0.023668	18500000
chr20	18500001	19500000	24748	0.024748	19000000
chr20	19000001	20000000	21947	0.021947	19500000
chr20	19500001	20500000	19254	0.019254	20000000
chr20	20000001	21000000	18470	0.01847	20500000
chr20	20500001	21500000	18519	0.018519	21000000
chr20	21000001	22000000	19025	0.019025	21500000
chr20	21500001	22500000	16859	0.016859	22000000
chr20	22000001	23000000	18804	0.018804	22500000
chr20	22500001	23500000	18057	0.018057	23000000
chr20	23000001	24000000	17263	0.017263	23500000
chr20	23500001	24500000	20773	0.020773	24000000
chr20	24000001	25000000	22081	0.022081	24500000
chr20	24500001	25500000	25955	0.025955	25000000
chr20	25000001	26000000	25251	0.025251	25500000
chr20	25500001	26500000	21737	0.021737	26000000
chr20	26000001	27000000	21663	0.021663	26500000
chr20	26500001	27500000	25941	0.025941	27000000
chr20	27000001	28000000	24975	0.024975	27500000
chr20	27500001	28500000	23851	0.023851	28000000
chr20	28000001	29000000	21441	0.021441	28500000
chr20	28500001	29500000	19555	0.019555	29000000
chr20	29000001	30000000	25446	0.025446	29500000
chr20	29500001	30500000	27452	0.027452	30000000
chr20	30000001	31000000	25494	0.025494	30500000
chr20	30500001	31500000	21030	0.02103	31000000
chr20	31000001	32000000	18184	0.018184	31500000
chr20	31500001	32500000	21475	0.021475	32000000
chr20	32000001	33000000	22384	0.022384	32500000
chr20	32500001	33500000	21328	0.021328	33000000
chr20	33000001	34000000	22163	0.022163	33500000
chr20	33500001	34500000	21539	0.021539	34000000
chr20	34000001	35000000	23617	0.023617	34500000
chr20	34500001	35500000	19380	0.01938	35000000
chr20	35000001	36000000	18661	0.018661	35500000
chr20	35500001	36500000	22530	0.02253	36000000
chr20	36000001	37000000	19666	0.019666	36500000
chr20	36500001	37500000	20016	0.020016	37000000
chr20	37000001	38000000	22203	0.022203	37500000
chr20	37500001	38500000	25180	0.02518	38000000
chr20	38000001	39000000	25548	0.025548	38500000
chr20	38500001	39500000	25366	0.025366	39000000
chr20	39000001	40000000	22430	0.02243	39500000
chr20	39500001	40500000	20091	0.020091	40000000
chr20	40000001	41000000	20061	0.020061	40500000
chr20	40500001	41500000	19551	0.019551	41000000
chr20	41000001	42000000	21771	0.021771	41500000
chr20	41500001	42500000	27484	0.027484	42000000
chr20	42000001	43000000	28028	0.028028	42500000
chr20	42500001	43500000	23650	0.02365	43000000
chr20	43000001	44000000	22779	0.022779	43500000
chr20	43500001	44500000	19142	0.019142	44000000
chr20	44000001	45000000	16455	0.016455	44500000
chr20	44500001	45500000	15799	0.015799	45000000
chr20	45000001	46000000	16799	0.016799	45500000
chr20	45500001	46500000	23754	0.023754	46000000
chr20	46000001	47000000	22898	0.022898	46500000
chr20	46500001	47500000	18944	0.018944	47000000
chr20	47000001	48000000	18576	0.018576	47500000
chr20	47500001	48500000	19002	0.019002	48000000
chr20	48000001	49000000	20319	0.020319	48500000
chr20	48500001	49500000	18617	0.018617	49000000
chr20	49000001	50000000	19128	0.019128	49500000
chr20	49500001	50500000	17925	0.017925	50000000
chr20	50000001	51000000	17466	0.017466	50500000
chr20	50500001	51500000	22472	0.022472	51000000
chr20	51000001	52000000	25062	0.025062	51500000
chr20	51500001	52500000	24212	0.024212	52000000
chr20	52000001	53000000	23596	0.023596	52500000
chr20	52500001	53500000	20683	0.020683	53000000
chr20	53000001	54000000	17186	0.017186	53500000
chr20	53500001	54500000	14812	0.014812	54000000
chr20	54000001	55000000	211506	0.211506	54500000
chr20	54500001	55500000	222831	0.222831	55000000
chr20	55000001	56000000	28704	0.028704	55500000
chr20	55500001	56500000	21684	0.021684	56000000
chr20	56000001	57000000	24527	0.024527	56500000
chr20	56500001	57500000	25694	0.025694	57000000
chr20	57000001	58000000	22312	0.022312	57500000
chr20	57500001	58500000	19988	0.019988	58000000
chr20	58000001	59000000	22109	0.022109	58500000
chr20	58500001	59500000	23101	0.023101	59000000
chr20	59000001	60000000	21084	0.021084	59500000
chr20	59500001	60500000	22612	0.022612	60000000
chr20	60000001	61000000	28071	0.028071	60500000
chr20	60500001	61500000	30388	0.030388	61000000
chr20	61000001	62000000	29600	0.0296	61500000
chr20	61500001	62500000	24189	0.024189	62000000
chr20	62000001	63000000	20772	0.020772	62500000
chr20	62500001	63500000	26992	0.026992	63000000
chr20	63000001	64000000	26743	0.026743	63500000
chr20	63500001	64500000	23581	0.023581	64000000
chr20	64000001	65000000	23608	0.023608	64500000
chr20	64500001	65500000	19333	0.019333	65000000
chr20	65000001	66000000	21307	0.021307	65500000
chr20	65500001	66500000	24688	0.024688	66000000
chr20	66000001	67000000	23201	0.023201	66500000
chr20	66500001	67500000	19853	0.019853	67000000
chr20	67000001	68000000	19132	0.019132	67500000
chr20	67500001	68500000	22676	0.022676	68000000
chr20	68000001	69000000	20778	0.020778	68500000
chr20	68500001	69500000	18835	0.018835	69000000
chr20	69000001	70000000	20218	0.020218	69500000
chr20	69500001	70500000	19913	0.019913	70000000
chr20	70000001	71000000	18683	0.018683	70500000
chr20	70500001	71500000	24104	0.024104	71000000
chr20	71000001	72000000	28539	0.028539	71500000
chr20	71500001	72500000	26666	0.026666	72000000
chr20	72000001	73000000	27120	0.02712	72500000
chr20	72500001	73500000	26820	0.02682	73000000
chr20	73000001	74000000	24536	0.024536	73500000
chr20	73500001	74500000	24029	0.024029	74000000
chr20	74000001	75000000	22666	0.022666	74500000
chr20	74500001	75500000	22122	0.022122	75000000
chr20	75000001	76000000	25300	0.0253	75500000
chr20	75500001	76500000	21850	0.02185	76000000
chr20	76000001	77000000	18448	0.018448	76500000
chr20	76500001	77500000	22762	0.022762	77000000
chr20	77000001	78000000	26319	0.026319	77500000
chr20	77500001	78500000	24918	0.024918	78000000
chr20	78000001	79000000	21886	0.021886	78500000
chr20	78500001	79500000	28839	0.028839	79000000
chr20	79000001	80000000	33074	0.033074	79500000
chr20	79500001	80500000	26181	0.026181	80000000
chr20	80000001	81000000	29900	0.0299	80500000
chr20	80500001	81500000	33949	0.033949	81000000
chr20	81000001	82000000	27206	0.027206	81500000
chr20	81500001	82500000	24359	0.024359	82000000
chr20	82000001	83000000	25673	0.025673	82500000
chr20	82500001	83500000	25386	0.025386	83000000
chr20	83000001	84000000	27723	0.027723	83500000
chr20	83500001	84500000	26276	0.026276	84000000
chr20	84000001	85000000	21497	0.021497	84500000
chr20	84500001	85500000	21302	0.021302	85000000
chr20	85000001	86000000	19947	0.019947	85500000
chr20	85500001	86500000	22272	0.022272	86000000
chr20	86000001	87000000	23385	0.023385	86500000
chr20	86500001	87500000	20864	0.020864	87000000
chr20	87000001	88000000	24317	0.024317	87500000
chr20	87500001	88500000	25447	0.025447	88000000
chr20	88000001	89000000	25569	0.025569	88500000
chr20	88500001	89500000	31515	0.031515	89000000
chr20	89000001	90000000	42375	0.042375	89500000
chr20	89500001	90500000	37404	0.037404	90000000
chr20	90000001	91000000	23919	0.023919	90500000
chr20	90500001	91500000	36154	0.036154	91000000
chr20	91000001	92000000	41458	0.041458	91500000
chr21	1	1000000	37972	0.037972	500000
chr21	500001	1500000	20754	0.020754	1000000
chr21	1000001	2000000	23088	0.023088	1500000
chr21	1500001	2500000	21628	0.021628	2000000
chr21	2000001	3000000	19374	0.019374	2500000
chr21	2500001	3500000	24023	0.024023	3000000
chr21	3000001	4000000	22898	0.022898	3500000
chr21	3500001	4500000	19444	0.019444	4000000
chr21	4000001	5000000	22463	0.022463	4500000
chr21	4500001	5500000	20312	0.020312	5000000
chr21	5000001	6000000	17900	0.0179	5500000
chr21	5500001	6500000	20797	0.020797	6000000
chr21	6000001	7000000	22924	0.022924	6500000
chr21	6500001	7500000	21236	0.021236	7000000
chr21	7000001	8000000	24181	0.024181	7500000
chr21	7500001	8500000	24857	0.024857	8000000
chr21	8000001	9000000	22280	0.02228	8500000
chr21	8500001	9500000	24258	0.024258	9000000
chr21	9000001	10000000	20367	0.020367	9500000
chr21	9500001	10500000	18398	0.018398	10000000
chr21	10000001	11000000	28047	0.028047	10500000
chr21	10500001	11500000	30363	0.030363	11000000
chr21	11000001	12000000	22689	0.022689	11500000
chr21	11500001	12500000	23602	0.023602	12000000
chr21	12000001	13000000	23825	0.023825	12500000
chr21	12500001	13500000	21014	0.021014	13000000
chr21	13000001	14000000	18475	0.018475	13500000
chr21	13500001	14500000	16444	0.016444	14000000
chr21	14000001	15000000	19998	0.019998	14500000
chr21	14500001	15500000	22326	0.022326	15000000
chr21	15000001	16000000	21234	0.021234	15500000
chr21	15500001	16500000	19241	0.019241	16000000
chr21	16000001	17000000	21700	0.0217	16500000
chr21	16500001	17500000	24239	0.024239	17000000
chr21	17000001	18000000	22806	0.022806	17500000
chr21	17500001	18500000	22207	0.022207	18000000
chr21	18000001	19000000	23605	0.023605	18500000
chr21	18500001	19500000	23187	0.023187	19000000
chr21	19000001	20000000	29224	0.029224	19500000
chr21	19500001	20500000	36550	0.03655	20000000
chr21	20000001	21000000	31412	0.031412	20500000
chr21	20500001	21500000	27131	0.027131	21000000
chr21	21000001	22000000	35514	0.035514	21500000
chr21	21500001	22500000	51835	0.051835	22000000
chr21	22000001	23000000	43417	0.043417	22500000
chr21	22500001	23500000	35110	0.03511	23000000
chr21	23000001	24000000	53765	0.053765	23500000
chr21	23500001	24500000	42780	0.04278	24000000
chr21	24000001	25000000	29319	0.029319	24500000
chr21	24500001	25500000	32218	0.032218	25000000
chr21	25000001	26000000	27565	0.027565	25500000
chr21	25500001	26500000	37155	0.037155	26000000
chr21	26000001	27000000	38204	0.038204	26500000
chr21	26500001	27500000	29796	0.029796	27000000
chr21	27000001	28000000	26532	0.026532	27500000
chr21	27500001	28500000	29025	0.029025	28000000
chr21	28000001	29000000	35084	0.035084	28500000
chr21	28500001	29500000	31839	0.031839	29000000
chr21	29000001	30000000	26650	0.02665	29500000
chr21	29500001	30500000	24353	0.024353	30000000
chr21	30000001	31000000	20110	0.02011	30500000
chr21	30500001	31500000	17846	0.017846	31000000
chr21	31000001	32000000	16921	0.016921	31500000
chr21	31500001	32500000	17668	0.017668	32000000
chr21	32000001	33000000	19894	0.019894	32500000
chr21	32500001	33500000	18822	0.018822	33000000
chr21	33000001	34000000	19354	0.019354	33500000
chr21	33500001	34500000	25665	0.025665	34000000
chr21	34000001	35000000	30190	0.03019	34500000
chr21	34500001	35500000	22963	0.022963	35000000
chr21	35000001	36000000	17622	0.017622	35500000
chr21	35500001	36500000	19130	0.01913	36000000
chr21	36000001	37000000	20454	0.020454	36500000
chr21	36500001	37500000	20339	0.020339	37000000
chr21	37000001	38000000	19582	0.019582	37500000
chr21	37500001	38500000	19467	0.019467	38000000
chr21	38000001	39000000	16881	0.016881	38500000
chr21	38500001	39500000	16553	0.016553	39000000
chr21	39000001	40000000	20862	0.020862	39500000
chr21	39500001	40500000	24423	0.024423	40000000
chr21	40000001	41000000	22974	0.022974	40500000
chr21	40500001	41500000	23278	0.023278	41000000
chr21	41000001	42000000	22797	0.022797	41500000
chr21	41500001	42500000	21329	0.021329	42000000
chr21	42000001	43000000	20804	0.020804	42500000
chr21	42500001	43500000	22746	0.022746	43000000
chr21	43000001	44000000	21463	0.021463	43500000
chr21	43500001	44500000	19958	0.019958	44000000
chr21	44000001	45000000	23024	0.023024	44500000
chr21	44500001	45500000	22045	0.022045	45000000
chr21	45000001	46000000	21164	0.021164	45500000
chr21	45500001	46500000	20019	0.020019	46000000
chr21	46000001	47000000	19420	0.01942	46500000
chr21	46500001	47500000	19769	0.019769	47000000
chr21	47000001	48000000	20366	0.020366	47500000
chr21	47500001	48500000	19866	0.019866	48000000
chr21	48000001	49000000	20242	0.020242	48500000
chr21	48500001	49500000	21443	0.021443	49000000
chr21	49000001	50000000	18543	0.018543	49500000
chr21	49500001	50500000	18204	0.018204	50000000
chr21	50000001	51000000	19794	0.019794	50500000
chr21	50500001	51500000	18416	0.018416	51000000
chr21	51000001	52000000	20040	0.02004	51500000
chr21	51500001	52500000	21288	0.021288	52000000
chr21	52000001	53000000	19822	0.019822	52500000
chr21	52500001	53500000	19663	0.019663	53000000
chr21	53000001	54000000	20592	0.020592	53500000
chr21	53500001	54500000	19197	0.019197	54000000
chr21	54000001	55000000	20989	0.020989	54500000
chr21	54500001	55500000	29537	0.029537	55000000
chr21	55000001	56000000	27358	0.027358	55500000
chr21	55500001	56500000	23778	0.023778	56000000
chr21	56000001	57000000	24581	0.024581	56500000
chr21	56500001	57500000	22974	0.022974	57000000
chr21	57000001	58000000	20962	0.020962	57500000
chr21	57500001	58500000	21347	0.021347	58000000
chr21	58000001	59000000	19604	0.019604	58500000
chr21	58500001	59500000	16447	0.016447	59000000
chr21	59000001	60000000	20249	0.020249	59500000
chr21	59500001	60500000	20818	0.020818	60000000
chr21	60000001	61000000	17872	0.017872	60500000
chr21	60500001	61500000	15836	0.015836	61000000
chr21	61000001	62000000	18374	0.018374	61500000
chr21	61500001	62500000	20833	0.020833	62000000
chr21	62000001	63000000	20002	0.020002	62500000
chr21	62500001	63500000	21904	0.021904	63000000
chr21	63000001	64000000	22677	0.022677	63500000
chr21	63500001	64500000	20893	0.020893	64000000
chr21	64000001	65000000	27424	0.027424	64500000
chr21	64500001	65500000	33576	0.033576	65000000
chr21	65000001	66000000	30194	0.030194	65500000
chr21	65500001	66500000	27327	0.027327	66000000
chr21	66000001	67000000	26138	0.026138	66500000
chr21	66500001	67500000	25892	0.025892	67000000
chr21	67000001	68000000	24912	0.024912	67500000
chr21	67500001	68500000	24476	0.024476	68000000
chr21	68000001	69000000	25358	0.025358	68500000
chr21	68500001	69500000	25006	0.025006	69000000
chr21	69000001	70000000	27653	0.027653	69500000
chr21	69500001	70500000	26835	0.026835	70000000
chr21	70000001	71000000	23918	0.023918	70500000
chr21	70500001	71500000	25142	0.025142	71000000
chr21	71000001	72000000	27004	0.027004	71500000
chr21	71500001	72500000	28209	0.028209	72000000
chr21	72000001	73000000	26459	0.026459	72500000
chr21	72500001	73500000	26316	0.026316	73000000
chr21	73000001	74000000	26265	0.026265	73500000
chr21	73500001	74500000	25309	0.025309	74000000
chr21	74000001	75000000	29137	0.029137	74500000
chr21	74500001	75500000	33939	0.033939	75000000
chr21	75000001	76000000	34882	0.034882	75500000
chr21	75500001	76500000	135413	0.135413	76000000
chr21	76000001	77000000	195569	0.195569	76500000
chr21	76500001	77500000	105748	0.105748	77000000
chr21	77000001	78000000	128820	0.12882	77500000
chr21	77500001	78500000	118122	0.118122	78000000
chr21	78000001	79000000	33668	0.033668	78500000
chr21	78500001	79500000	101060	0.10106	79000000
chr21	79000001	80000000	111349	0.111349	79500000
chr21	79500001	80500000	115687	0.115687	80000000
chr21	80000001	81000000	189240	0.18924	80500000
chr21	80500001	81500000	183770	0.18377	81000000
chr21	81000001	82000000	186153	0.186153	81500000
chr21	81500001	82500000	144528	0.144528	82000000
chr21	82000001	83000000	84316	0.084316	82500000
chr21	82500001	83500000	183553	0.183553	83000000
chr21	83000001	84000000	217109	0.217109	83500000
chr21	83500001	84500000	119887	0.119887	84000000
chr21	84000001	85000000	107029	0.107029	84500000
chr21	84500001	85500000	136006	0.136006	85000000
chr21	85000001	86000000	99344	0.099344	85500000
chr21	85500001	86500000	41794	0.041794	86000000
chr21	86000001	87000000	88991	0.088991	86500000
chr21	86500001	87500000	188705	0.188705	87000000
chr21	87000001	88000000	147393	0.147393	87500000
chr21	87500001	88500000	71354	0.071354	88000000
chr21	88000001	89000000	174706	0.174706	88500000
chr21	88500001	89500000	187699	0.187699	89000000
chr21	89000001	90000000	100225	0.100225	89500000
chr21	89500001	90500000	98105	0.098105	90000000
chr21	90000001	91000000	122474	0.122474	90500000
chr22	1	1000000	251324	0.251324	500000
chr22	500001	1500000	237045	0.237045	1000000
chr22	1000001	2000000	46678	0.046678	1500000
chr22	1500001	2500000	40798	0.040798	2000000
chr22	2000001	3000000	23701	0.023701	2500000
chr22	2500001	3500000	17930	0.01793	3000000
chr22	3000001	4000000	24744	0.024744	3500000
chr22	3500001	4500000	32242	0.032242	4000000
chr22	4000001	5000000	26015	0.026015	4500000
chr22	4500001	5500000	22238	0.022238	5000000
chr22	5000001	6000000	21880	0.02188	5500000
chr22	5500001	6500000	16652	0.016652	6000000
chr22	6000001	7000000	13623	0.013623	6500000
chr22	6500001	7500000	15334	0.015334	7000000
chr22	7000001	8000000	19784	0.019784	7500000
chr22	7500001	8500000	17195	0.017195	8000000
chr22	8000001	9000000	16252	0.016252	8500000
chr22	8500001	9500000	21319	0.021319	9000000
chr22	9000001	10000000	22926	0.022926	9500000
chr22	9500001	10500000	19969	0.019969	10000000
chr22	10000001	11000000	17928	0.017928	10500000
chr22	10500001	11500000	22279	0.022279	11000000
chr22	11000001	12000000	24991	0.024991	11500000
chr22	11500001	12500000	20728	0.020728	12000000
chr22	12000001	13000000	20473	0.020473	12500000
chr22	12500001	13500000	22643	0.022643	13000000
chr22	13000001	14000000	26934	0.026934	13500000
chr22	13500001	14500000	24613	0.024613	14000000
chr22	14000001	15000000	16595	0.016595	14500000
chr22	14500001	15500000	19336	0.019336	15000000
chr22	15000001	16000000	25640	0.02564	15500000
chr22	15500001	16500000	28379	0.028379	16000000
chr22	16000001	17000000	25437	0.025437	16500000
chr22	16500001	17500000	23323	0.023323	17000000
chr22	17000001	18000000	21836	0.021836	17500000
chr22	17500001	18500000	21750	0.02175	18000000
chr22	18000001	19000000	24388	0.024388	18500000
chr22	18500001	19500000	26061	0.026061	19000000
chr22	19000001	20000000	25158	0.025158	19500000
chr22	19500001	20500000	23175	0.023175	20000000
chr22	20000001	21000000	22962	0.022962	20500000
chr22	20500001	21500000	21225	0.021225	21000000
chr22	21000001	22000000	20816	0.020816	21500000
chr22	21500001	22500000	21792	0.021792	22000000
chr22	22000001	23000000	25611	0.025611	22500000
chr22	22500001	23500000	24622	0.024622	23000000
chr22	23000001	24000000	21671	0.021671	23500000
chr22	23500001	24500000	23403	0.023403	24000000
chr22	24000001	25000000	23266	0.023266	24500000
chr22	24500001	25500000	21538	0.021538	25000000
chr22	25000001	26000000	20425	0.020425	25500000
chr22	25500001	26500000	20679	0.020679	26000000
chr22	26000001	27000000	19453	0.019453	26500000
chr22	26500001	27500000	18158	0.018158	27000000
chr22	27000001	28000000	22297	0.022297	27500000
chr22	27500001	28500000	24226	0.024226	28000000
chr22	28000001	29000000	24318	0.024318	28500000
chr22	28500001	29500000	23336	0.023336	29000000
chr22	29000001	30000000	21972	0.021972	29500000
chr22	29500001	30500000	22380	0.02238	30000000
chr22	30000001	31000000	27933	0.027933	30500000
chr22	30500001	31500000	27807	0.027807	31000000
chr22	31000001	32000000	21448	0.021448	31500000
chr22	31500001	32500000	22152	0.022152	32000000
chr22	32000001	33000000	21245	0.021245	32500000
chr22	32500001	33500000	19713	0.019713	33000000
chr22	33000001	34000000	22293	0.022293	33500000
chr22	33500001	34500000	23175	0.023175	34000000
chr22	34000001	35000000	20045	0.020045	34500000
chr22	34500001	35500000	18660	0.01866	35000000
chr22	35000001	36000000	20932	0.020932	35500000
chr22	35500001	36500000	25252	0.025252	36000000
chr22	36000001	37000000	23121	0.023121	36500000
chr22	36500001	37500000	21129	0.021129	37000000
chr22	37000001	38000000	20737	0.020737	37500000
chr22	37500001	38500000	22427	0.022427	38000000
chr22	38000001	39000000	25807	0.025807	38500000
chr22	38500001	39500000	26582	0.026582	39000000
chr22	39000001	40000000	30028	0.030028	39500000
chr22	39500001	40500000	30696	0.030696	40000000
chr22	40000001	41000000	26467	0.026467	40500000
chr22	40500001	41500000	23417	0.023417	41000000
chr22	41000001	42000000	21287	0.021287	41500000
chr22	41500001	42500000	18852	0.018852	42000000
chr22	42000001	43000000	20818	0.020818	42500000
chr22	42500001	43500000	20231	0.020231	43000000
chr22	43000001	44000000	22773	0.022773	43500000
chr22	43500001	44500000	24263	0.024263	44000000
chr22	44000001	45000000	13440	0.01344	44500000
chr22	44500001	45500000	4277	0.004277	45000000
chr22	45000001	46000000	10516	0.010516	45500000
chr22	45500001	46500000	16373	0.016373	46000000
chr22	46000001	47000000	8208	0.008208	46500000
chr22	46500001	47500000	13305	0.013305	47000000
chr22	47000001	48000000	24442	0.024442	47500000
chr22	47500001	48500000	21893	0.021893	48000000
chr22	48000001	49000000	17686	0.017686	48500000
chr22	48500001	49500000	20096	0.020096	49000000
chr22	49000001	50000000	18875	0.018875	49500000
chr22	49500001	50500000	14626	0.014626	50000000
chr22	50000001	51000000	17615	0.017615	50500000
chr22	50500001	51500000	25712	0.025712	51000000
chr22	51000001	52000000	29246	0.029246	51500000
chr22	51500001	52500000	25556	0.025556	52000000
chr22	52000001	53000000	25501	0.025501	52500000
chr22	52500001	53500000	31710	0.03171	53000000
chr22	53000001	54000000	50333	0.050333	53500000
chr22	53500001	54500000	47168	0.047168	54000000
chr22	54000001	55000000	26006	0.026006	54500000
chr22	54500001	55500000	23669	0.023669	55000000
chr22	55000001	56000000	25396	0.025396	55500000
chr22	55500001	56500000	28980	0.02898	56000000
chr22	56000001	57000000	30044	0.030044	56500000
chr22	56500001	57500000	26339	0.026339	57000000
chr22	57000001	58000000	24703	0.024703	57500000
chr22	57500001	58500000	28614	0.028614	58000000
chr22	58000001	59000000	27367	0.027367	58500000
chr22	58500001	59500000	19389	0.019389	59000000
chr22	59000001	60000000	20561	0.020561	59500000
chr22	59500001	60500000	22563	0.022563	60000000
chr22	60000001	61000000	19933	0.019933	60500000
chr22	60500001	61500000	22181	0.022181	61000000
chr22	61000001	62000000	23323	0.023323	61500000
chr22	61500001	62500000	23737	0.023737	62000000
chr22	62000001	63000000	24495	0.024495	62500000
chr22	62500001	63500000	24440	0.02444	63000000
chr22	63000001	64000000	28263	0.028263	63500000
chr22	63500001	64500000	31998	0.031998	64000000
chr22	64000001	65000000	30479	0.030479	64500000
chr22	64500001	65500000	25474	0.025474	65000000
chr22	65000001	66000000	22438	0.022438	65500000
chr22	65500001	66500000	24431	0.024431	66000000
chr22	66000001	67000000	24714	0.024714	66500000
chr22	66500001	67500000	22608	0.022608	67000000
chr22	67000001	68000000	21586	0.021586	67500000
chr22	67500001	68500000	20233	0.020233	68000000
chr22	68000001	69000000	20365	0.020365	68500000
chr22	68500001	69500000	18237	0.018237	69000000
chr22	69000001	70000000	21045	0.021045	69500000
chr22	69500001	70500000	22752	0.022752	70000000
chr22	70000001	71000000	22702	0.022702	70500000
chr22	70500001	71500000	27613	0.027613	71000000
chr22	71000001	72000000	27138	0.027138	71500000
chr22	71500001	72500000	26071	0.026071	72000000
chr22	72000001	73000000	28264	0.028264	72500000
chr22	72500001	73500000	24075	0.024075	73000000
chr22	73000001	74000000	21667	0.021667	73500000
chr22	73500001	74500000	24099	0.024099	74000000
chr22	74000001	75000000	22766	0.022766	74500000
chr22	74500001	75500000	20772	0.020772	75000000
chr22	75000001	76000000	21440	0.02144	75500000
chr22	75500001	76500000	23089	0.023089	76000000
chr22	76000001	77000000	23838	0.023838	76500000
chr22	76500001	77500000	25681	0.025681	77000000
chr22	77000001	78000000	31613	0.031613	77500000
chr22	77500001	78500000	34268	0.034268	78000000
chr22	78000001	79000000	29941	0.029941	78500000
chr22	78500001	79500000	40155	0.040155	79000000
chr22	79000001	80000000	47301	0.047301	79500000
chr22	79500001	80500000	48409	0.048409	80000000
chr22	80000001	81000000	57535	0.057535	80500000
chr22	80500001	81500000	63245	0.063245	81000000
chr22	81000001	82000000	61589	0.061589	81500000
chr22	81500001	82500000	41763	0.041763	82000000
chr22	82000001	83000000	16818	0.016818	82500000
chr22	82500001	83500000	9078	0.009078	83000000
chr22	83000001	84000000	21216	0.021216	83500000
chr22	83500001	84500000	20303	0.020303	84000000
chr22	84000001	85000000	10181	0.010181	84500000
chr23	1	1000000	39964	0.039964	500000
chr23	500001	1500000	43504	0.043504	1000000
chr23	1000001	2000000	47168	0.047168	1500000
chr23	1500001	2500000	54760	0.05476	2000000
chr23	2000001	3000000	55299	0.055299	2500000
chr23	2500001	3500000	36554	0.036554	3000000
chr23	3000001	4000000	25572	0.025572	3500000
chr23	3500001	4500000	25407	0.025407	4000000
chr23	4000001	5000000	34204	0.034204	4500000
chr23	4500001	5500000	38766	0.038766	5000000
chr23	5000001	6000000	32035	0.032035	5500000
chr23	5500001	6500000	23811	0.023811	6000000
chr23	6000001	7000000	21767	0.021767	6500000
chr23	6500001	7500000	22384	0.022384	7000000
chr23	7000001	8000000	20500	0.0205	7500000
chr23	7500001	8500000	21283	0.021283	8000000
chr23	8000001	9000000	19866	0.019866	8500000
chr23	8500001	9500000	22007	0.022007	9000000
chr23	9000001	10000000	23604	0.023604	9500000
chr23	9500001	10500000	19737	0.019737	10000000
chr23	10000001	11000000	17464	0.017464	10500000
chr23	10500001	11500000	18540	0.01854	11000000
chr23	11000001	12000000	19613	0.019613	11500000
chr23	11500001	12500000	18245	0.018245	12000000
chr23	12000001	13000000	22920	0.02292	12500000
chr23	12500001	13500000	25566	0.025566	13000000
chr23	13000001	14000000	24256	0.024256	13500000
chr23	13500001	14500000	21097	0.021097	14000000
chr23	14000001	15000000	16326	0.016326	14500000
chr23	14500001	15500000	15590	0.01559	15000000
chr23	15000001	16000000	17974	0.017974	15500000
chr23	15500001	16500000	19750	0.01975	16000000
chr23	16000001	17000000	21354	0.021354	16500000
chr23	16500001	17500000	20484	0.020484	17000000
chr23	17000001	18000000	18214	0.018214	17500000
chr23	17500001	18500000	18124	0.018124	18000000
chr23	18000001	19000000	40106	0.040106	18500000
chr23	18500001	19500000	41001	0.041001	19000000
chr23	19000001	20000000	20216	0.020216	19500000
chr23	19500001	20500000	22494	0.022494	20000000
chr23	20000001	21000000	20417	0.020417	20500000
chr23	20500001	21500000	17547	0.017547	21000000
chr23	21000001	22000000	17484	0.017484	21500000
chr23	21500001	22500000	16619	0.016619	22000000
chr23	22000001	23000000	19247	0.019247	22500000
chr23	22500001	23500000	22651	0.022651	23000000
chr23	23000001	24000000	21787	0.021787	23500000
chr23	23500001	24500000	18212	0.018212	24000000
chr23	24000001	25000000	23331	0.023331	24500000
chr23	24500001	25500000	27357	0.027357	25000000
chr23	25000001	26000000	20449	0.020449	25500000
chr23	25500001	26500000	16709	0.016709	26000000
chr23	26000001	27000000	19124	0.019124	26500000
chr23	26500001	27500000	20930	0.02093	27000000
chr23	27000001	28000000	24601	0.024601	27500000
chr23	27500001	28500000	25207	0.025207	28000000
chr23	28000001	29000000	22329	0.022329	28500000
chr23	28500001	29500000	23465	0.023465	29000000
chr23	29000001	30000000	21301	0.021301	29500000
chr23	29500001	30500000	20278	0.020278	30000000
chr23	30000001	31000000	21594	0.021594	30500000
chr23	30500001	31500000	19518	0.019518	31000000
chr23	31000001	32000000	20034	0.020034	31500000
chr23	31500001	32500000	20296	0.020296	32000000
chr23	32000001	33000000	20163	0.020163	32500000
chr23	32500001	33500000	21059	0.021059	33000000
chr23	33000001	34000000	21368	0.021368	33500000
chr23	33500001	34500000	23381	0.023381	34000000
chr23	34000001	35000000	21391	0.021391	34500000
chr23	34500001	35500000	20909	0.020909	35000000
chr23	35000001	36000000	24248	0.024248	35500000
chr23	35500001	36500000	25122	0.025122	36000000
chr23	36000001	37000000	25578	0.025578	36500000
chr23	36500001	37500000	27008	0.027008	37000000
chr23	37000001	38000000	23311	0.023311	37500000
chr23	37500001	38500000	19839	0.019839	38000000
chr23	38000001	39000000	21714	0.021714	38500000
chr23	38500001	39500000	23388	0.023388	39000000
chr23	39000001	40000000	23095	0.023095	39500000
chr23	39500001	40500000	22061	0.022061	40000000
chr23	40000001	41000000	22938	0.022938	40500000
chr23	40500001	41500000	25773	0.025773	41000000
chr23	41000001	42000000	25280	0.02528	41500000
chr23	41500001	42500000	21717	0.021717	42000000
chr23	42000001	43000000	21021	0.021021	42500000
chr23	42500001	43500000	19804	0.019804	43000000
chr23	43000001	44000000	23172	0.023172	43500000
chr23	43500001	44500000	27982	0.027982	44000000
chr23	44000001	45000000	23091	0.023091	44500000
chr23	44500001	45500000	22548	0.022548	45000000
chr23	45000001	46000000	24548	0.024548	45500000
chr23	45500001	46500000	20426	0.020426	46000000
chr23	46000001	47000000	18700	0.0187	46500000
chr23	46500001	47500000	19049	0.019049	47000000
chr23	47000001	48000000	20232	0.020232	47500000
chr23	47500001	48500000	22513	0.022513	48000000
chr23	48000001	49000000	23135	0.023135	48500000
chr23	48500001	49500000	21343	0.021343	49000000
chr23	49000001	50000000	21440	0.02144	49500000
chr23	49500001	50500000	20151	0.020151	50000000
chr23	50000001	51000000	19660	0.01966	50500000
chr23	50500001	51500000	22225	0.022225	51000000
chr23	51000001	52000000	20264	0.020264	51500000
chr23	51500001	52500000	18336	0.018336	52000000
chr23	52000001	53000000	19697	0.019697	52500000
chr23	52500001	53500000	23623	0.023623	53000000
chr23	53000001	54000000	24187	0.024187	53500000
chr23	53500001	54500000	25028	0.025028	54000000
chr23	54000001	55000000	27018	0.027018	54500000
chr23	54500001	55500000	25081	0.025081	55000000
chr23	55000001	56000000	21225	0.021225	55500000
chr23	55500001	56500000	22126	0.022126	56000000
chr23	56000001	57000000	21396	0.021396	56500000
chr23	56500001	57500000	19417	0.019417	57000000
chr23	57000001	58000000	21664	0.021664	57500000
chr23	57500001	58500000	22057	0.022057	58000000
chr23	58000001	59000000	18924	0.018924	58500000
chr23	58500001	59500000	23029	0.023029	59000000
chr23	59000001	60000000	26717	0.026717	59500000
chr23	59500001	60500000	24266	0.024266	60000000
chr23	60000001	61000000	22377	0.022377	60500000
chr23	60500001	61500000	19481	0.019481	61000000
chr23	61000001	62000000	23780	0.02378	61500000
chr23	61500001	62500000	22843	0.022843	62000000
chr23	62000001	63000000	18204	0.018204	62500000
chr23	62500001	63500000	21594	0.021594	63000000
chr23	63000001	64000000	24113	0.024113	63500000
chr23	63500001	64500000	19450	0.01945	64000000
chr23	64000001	65000000	15758	0.015758	64500000
chr23	64500001	65500000	19471	0.019471	65000000
chr23	65000001	66000000	20412	0.020412	65500000
chr23	65500001	66500000	19447	0.019447	66000000
chr23	66000001	67000000	23030	0.02303	66500000
chr23	66500001	67500000	26823	0.026823	67000000
chr23	67000001	68000000	27122	0.027122	67500000
chr23	67500001	68500000	22991	0.022991	68000000
chr23	68000001	69000000	21054	0.021054	68500000
chr23	68500001	69500000	23445	0.023445	69000000
chr23	69000001	70000000	23054	0.023054	69500000
chr23	69500001	70500000	23814	0.023814	70000000
chr23	70000001	71000000	24775	0.024775	70500000
chr23	70500001	71500000	22115	0.022115	71000000
chr23	71000001	72000000	20266	0.020266	71500000
chr23	71500001	72500000	21188	0.021188	72000000
chr23	72000001	73000000	25029	0.025029	72500000
chr23	72500001	73500000	24661	0.024661	73000000
chr23	73000001	74000000	24103	0.024103	73500000
chr23	73500001	74500000	25242	0.025242	74000000
chr23	74000001	75000000	25533	0.025533	74500000
chr23	74500001	75500000	23903	0.023903	75000000
chr23	75000001	76000000	22285	0.022285	75500000
chr23	75500001	76500000	22928	0.022928	76000000
chr23	76000001	77000000	22881	0.022881	76500000
chr23	76500001	77500000	21728	0.021728	77000000
chr23	77000001	78000000	20286	0.020286	77500000
chr23	77500001	78500000	21587	0.021587	78000000
chr23	78000001	79000000	22916	0.022916	78500000
chr23	78500001	79500000	28300	0.0283	79000000
chr23	79000001	80000000	30883	0.030883	79500000
chr23	79500001	80500000	31343	0.031343	80000000
chr23	80000001	81000000	33155	0.033155	80500000
chr23	80500001	81500000	33048	0.033048	81000000
chr23	81000001	82000000	26267	0.026267	81500000
chr23	81500001	82500000	19060	0.01906	82000000
chr24	1	1000000	53140	0.05314	500000
chr24	500001	1500000	29355	0.029355	1000000
chr24	1000001	2000000	31450	0.03145	1500000
chr24	1500001	2500000	35130	0.03513	2000000
chr24	2000001	3000000	33007	0.033007	2500000
chr24	2500001	3500000	28959	0.028959	3000000
chr24	3000001	4000000	31818	0.031818	3500000
chr24	3500001	4500000	28641	0.028641	4000000
chr24	4000001	5000000	23270	0.02327	4500000
chr24	4500001	5500000	26343	0.026343	5000000
chr24	5000001	6000000	22803	0.022803	5500000
chr24	5500001	6500000	22736	0.022736	6000000
chr24	6000001	7000000	28433	0.028433	6500000
chr24	6500001	7500000	27238	0.027238	7000000
chr24	7000001	8000000	21919	0.021919	7500000
chr24	7500001	8500000	19927	0.019927	8000000
chr24	8000001	9000000	20596	0.020596	8500000
chr24	8500001	9500000	21606	0.021606	9000000
chr24	9000001	10000000	19454	0.019454	9500000
chr24	9500001	10500000	17844	0.017844	10000000
chr24	10000001	11000000	17560	0.01756	10500000
chr24	10500001	11500000	18193	0.018193	11000000
chr24	11000001	12000000	17769	0.017769	11500000
chr24	11500001	12500000	18578	0.018578	12000000
chr24	12000001	13000000	21314	0.021314	12500000
chr24	12500001	13500000	25799	0.025799	13000000
chr24	13000001	14000000	24518	0.024518	13500000
chr24	13500001	14500000	20282	0.020282	14000000
chr24	14000001	15000000	24753	0.024753	14500000
chr24	14500001	15500000	21461	0.021461	15000000
chr24	15000001	16000000	16590	0.01659	15500000
chr24	15500001	16500000	18977	0.018977	16000000
chr24	16000001	17000000	23186	0.023186	16500000
chr24	16500001	17500000	27600	0.0276	17000000
chr24	17000001	18000000	26912	0.026912	17500000
chr24	17500001	18500000	22352	0.022352	18000000
chr24	18000001	19000000	18174	0.018174	18500000
chr24	18500001	19500000	19996	0.019996	19000000
chr24	19000001	20000000	23078	0.023078	19500000
chr24	19500001	20500000	23304	0.023304	20000000
chr24	20000001	21000000	20630	0.02063	20500000
chr24	20500001	21500000	18369	0.018369	21000000
chr24	21000001	22000000	21435	0.021435	21500000
chr24	21500001	22500000	27867	0.027867	22000000
chr24	22000001	23000000	25313	0.025313	22500000
chr24	22500001	23500000	19304	0.019304	23000000
chr24	23000001	24000000	21349	0.021349	23500000
chr24	23500001	24500000	21527	0.021527	24000000
chr24	24000001	25000000	20778	0.020778	24500000
chr24	24500001	25500000	22893	0.022893	25000000
chr24	25000001	26000000	20685	0.020685	25500000
chr24	25500001	26500000	18868	0.018868	26000000
chr24	26000001	27000000	22761	0.022761	26500000
chr24	26500001	27500000	24093	0.024093	27000000
chr24	27000001	28000000	23786	0.023786	27500000
chr24	27500001	28500000	27565	0.027565	28000000
chr24	28000001	29000000	27057	0.027057	28500000
chr24	28500001	29500000	23145	0.023145	29000000
chr24	29000001	30000000	19331	0.019331	29500000
chr24	29500001	30500000	18204	0.018204	30000000
chr24	30000001	31000000	24221	0.024221	30500000
chr24	30500001	31500000	27959	0.027959	31000000
chr24	31000001	32000000	24184	0.024184	31500000
chr24	31500001	32500000	21793	0.021793	32000000
chr24	32000001	33000000	24469	0.024469	32500000
chr24	32500001	33500000	29929	0.029929	33000000
chr24	33000001	34000000	30345	0.030345	33500000
chr24	33500001	34500000	24505	0.024505	34000000
chr24	34000001	35000000	23871	0.023871	34500000
chr24	34500001	35500000	23110	0.02311	35000000
chr24	35000001	36000000	25266	0.025266	35500000
chr24	35500001	36500000	25851	0.025851	36000000
chr24	36000001	37000000	20733	0.020733	36500000
chr24	36500001	37500000	20489	0.020489	37000000
chr24	37000001	38000000	19919	0.019919	37500000
chr24	37500001	38500000	20985	0.020985	38000000
chr24	38000001	39000000	20946	0.020946	38500000
chr24	38500001	39500000	18398	0.018398	39000000
chr24	39000001	40000000	20647	0.020647	39500000
chr24	39500001	40500000	25018	0.025018	40000000
chr24	40000001	41000000	24956	0.024956	40500000
chr24	40500001	41500000	24012	0.024012	41000000
chr24	41000001	42000000	21239	0.021239	41500000
chr24	41500001	42500000	24144	0.024144	42000000
chr24	42000001	43000000	31114	0.031114	42500000
chr24	42500001	43500000	31510	0.03151	43000000
chr24	43000001	44000000	29631	0.029631	43500000
chr24	43500001	44500000	21720	0.02172	44000000
chr24	44000001	45000000	18139	0.018139	44500000
chr24	44500001	45500000	18285	0.018285	45000000
chr24	45000001	46000000	17825	0.017825	45500000
chr24	45500001	46500000	19819	0.019819	46000000
chr24	46000001	47000000	21171	0.021171	46500000
chr24	46500001	47500000	21294	0.021294	47000000
chr24	47000001	48000000	20139	0.020139	47500000
chr24	47500001	48500000	24981	0.024981	48000000
chr24	48000001	49000000	28216	0.028216	48500000
chr24	48500001	49500000	23149	0.023149	49000000
chr24	49000001	50000000	22765	0.022765	49500000
chr24	49500001	50500000	25021	0.025021	50000000
chr24	50000001	51000000	234157	0.234157	50500000
chr24	50500001	51500000	722030	0.72203	51000000
chr24	51000001	52000000	1000000	1.0	51500000
chr24	51500001	52500000	1000000	1.0	52000000
chr24	52000001	53000000	1000000	1.0	52500000
chr24	52500001	53500000	1000000	1.0	53000000
chr24	53000001	54000000	1000000	1.0	53500000
chr24	53500001	54500000	1000000	1.0	54000000
chr24	54000001	55000000	1000000	1.0	54500000
chr24	54500001	55500000	828797	0.828797	55000000
chr24	55000001	56000000	339230	0.33923	55500000
chr24	55500001	56500000	22384	0.022384	56000000
chr24	56000001	57000000	25293	0.025293	56500000
chr24	56500001	57500000	27805	0.027805	57000000
chr24	57000001	58000000	23688	0.023688	57500000
chr24	57500001	58500000	21712	0.021712	58000000
chr24	58000001	59000000	30756	0.030756	58500000
chr24	58500001	59500000	32108	0.032108	59000000
chr24	59000001	60000000	31516	0.031516	59500000
chr24	59500001	60500000	30399	0.030399	60000000
chr24	60000001	61000000	23837	0.023837	60500000
chr24	60500001	61500000	34407	0.034407	61000000
chr24	61000001	62000000	37010	0.03701	61500000
chr24	61500001	62500000	52679	0.052679	62000000
chr24	62000001	63000000	49953	0.049953	62500000
chr24	62500001	63500000	292103	0.292103	63000000
chr24	63000001	64000000	781111	0.781111	63500000
chr24	63500001	64500000	1000000	1.0	64000000
chr25	1	1000000	11946	0.011946	500000
chr25	500001	1500000	133719	0.133719	1000000
chr25	1000001	2000000	239276	0.239276	1500000
chr25	1500001	2500000	229979	0.229979	2000000
chr25	2000001	3000000	235092	0.235092	2500000
chr25	2500001	3500000	231657	0.231657	3000000
chr25	3000001	4000000	224537	0.224537	3500000
chr25	3500001	4500000	140248	0.140248	4000000
chr25	4000001	5000000	39237	0.039237	4500000
chr25	4500001	5500000	23037	0.023037	5000000
chr25	5000001	6000000	24100	0.0241	5500000
chr25	5500001	6500000	26937	0.026937	6000000
chr25	6000001	7000000	25921	0.025921	6500000
chr25	6500001	7500000	23486	0.023486	7000000
chr25	7000001	8000000	20417	0.020417	7500000
chr25	7500001	8500000	17556	0.017556	8000000
chr25	8000001	9000000	18536	0.018536	8500000
chr25	8500001	9500000	19624	0.019624	9000000
chr25	9000001	10000000	26043	0.026043	9500000
chr25	9500001	10500000	24801	0.024801	10000000
chr25	10000001	11000000	20776	0.020776	10500000
chr25	10500001	11500000	24759	0.024759	11000000
chr25	11000001	12000000	42770	0.04277	11500000
chr25	11500001	12500000	44639	0.044639	12000000
chr25	12000001	13000000	32479	0.032479	12500000
chr25	12500001	13500000	32514	0.032514	13000000
chr25	13000001	14000000	29884	0.029884	13500000
chr25	13500001	14500000	31955	0.031955	14000000
chr25	14000001	15000000	28542	0.028542	14500000
chr25	14500001	15500000	30809	0.030809	15000000
chr25	15000001	16000000	36306	0.036306	15500000
chr25	15500001	16500000	28139	0.028139	16000000
chr25	16000001	17000000	38166	0.038166	16500000
chr25	16500001	17500000	68069	0.068069	17000000
chr25	17000001	18000000	64595	0.064595	17500000
chr25	17500001	18500000	37247	0.037247	18000000
chr25	18000001	19000000	29645	0.029645	18500000
chr25	18500001	19500000	32170	0.03217	19000000
chr25	19000001	20000000	32550	0.03255	19500000
chr25	19500001	20500000	41393	0.041393	20000000
chr25	20000001	21000000	36068	0.036068	20500000
chr25	20500001	21500000	23494	0.023494	21000000
chr25	21000001	22000000	39450	0.03945	21500000
chr25	21500001	22500000	37097	0.037097	22000000
chr25	22000001	23000000	20726	0.020726	22500000
chr25	22500001	23500000	21949	0.021949	23000000
chr25	23000001	24000000	25157	0.025157	23500000
chr25	23500001	24500000	23918	0.023918	24000000
chr25	24000001	25000000	21753	0.021753	24500000
chr25	24500001	25500000	21476	0.021476	25000000
chr25	25000001	26000000	19443	0.019443	25500000
chr25	25500001	26500000	20787	0.020787	26000000
chr25	26000001	27000000	21823	0.021823	26500000
chr25	26500001	27500000	21187	0.021187	27000000
chr25	27000001	28000000	20242	0.020242	27500000
chr25	27500001	28500000	18688	0.018688	28000000
chr25	28000001	29000000	23333	0.023333	28500000
chr25	28500001	29500000	23903	0.023903	29000000
chr25	29000001	30000000	21016	0.021016	29500000
chr25	29500001	30500000	20122	0.020122	30000000
chr25	30000001	31000000	22086	0.022086	30500000
chr25	30500001	31500000	22044	0.022044	31000000
chr25	31000001	32000000	15373	0.015373	31500000
chr25	31500001	32500000	14183	0.014183	32000000
chr25	32000001	33000000	18475	0.018475	32500000
chr25	32500001	33500000	19977	0.019977	33000000
chr25	33000001	34000000	17175	0.017175	33500000
chr25	33500001	34500000	16944	0.016944	34000000
chr25	34000001	35000000	19359	0.019359	34500000
chr25	34500001	35500000	19813	0.019813	35000000
chr25	35000001	36000000	21833	0.021833	35500000
chr25	35500001	36500000	26712	0.026712	36000000
chr25	36000001	37000000	30420	0.03042	36500000
chr25	36500001	37500000	26690	0.02669	37000000
chr25	37000001	38000000	17744	0.017744	37500000
chr25	37500001	38500000	17608	0.017608	38000000
chr25	38000001	39000000	23892	0.023892	38500000
chr25	38500001	39500000	27676	0.027676	39000000
chr25	39000001	40000000	23020	0.02302	39500000
chr25	39500001	40500000	20817	0.020817	40000000
chr25	40000001	41000000	23711	0.023711	40500000
chr25	40500001	41500000	23710	0.02371	41000000
chr25	41000001	42000000	23225	0.023225	41500000
chr25	41500001	42500000	17842	0.017842	42000000
chr25	42000001	43000000	17361	0.017361	42500000
chr25	42500001	43500000	20448	0.020448	43000000
chr25	43000001	44000000	22612	0.022612	43500000
chr25	43500001	44500000	21751	0.021751	44000000
chr25	44000001	45000000	18949	0.018949	44500000
chr25	44500001	45500000	21019	0.021019	45000000
chr25	45000001	46000000	24566	0.024566	45500000
chr25	45500001	46500000	26119	0.026119	46000000
chr25	46000001	47000000	21735	0.021735	46500000
chr25	46500001	47500000	18606	0.018606	47000000
chr25	47000001	48000000	12837	0.012837	47500000
chr25	47500001	48500000	6730	0.00673	48000000
chr25	48000001	49000000	5488	0.005488	48500000
chr25	48500001	49500000	4410	0.00441	49000000
chr25	49000001	50000000	3835	0.003835	49500000
chr25	49500001	50500000	3561	0.003561	50000000
chr25	50000001	51000000	2292	0.002292	50500000
chr25	50500001	51500000	631	0.000631	51000000
chr25	51000001	52000000	1294	0.001294	51500000
chr25	51500001	52500000	1512	0.001512	52000000
chr25	52000001	53000000	12501	0.012501	52500000
chr25	52500001	53500000	24916	0.024916	53000000
chr25	53000001	54000000	26057	0.026057	53500000
chr25	53500001	54500000	13300	0.0133	54000000
chr25	54000001	55000000	698	0.000698	54500000
chr25	54500001	55500000	1357	0.001357	55000000
chr25	55000001	56000000	1522	0.001522	55500000
chr25	55500001	56500000	1328	0.001328	56000000
chr25	56000001	57000000	2438	0.002438	56500000
chr25	56500001	57500000	3729	0.003729	57000000
chr25	57000001	58000000	4598	0.004598	57500000
chr25	57500001	58500000	5868	0.005868	58000000
chr25	58000001	59000000	6337	0.006337	58500000
chr25	58500001	59500000	9589	0.009589	59000000
chr25	59000001	60000000	19411	0.019411	59500000
chr26	1	1000000	49976	0.049976	500000
chr26	500001	1500000	38094	0.038094	1000000
chr26	1000001	2000000	37569	0.037569	1500000
chr26	1500001	2500000	39092	0.039092	2000000
chr26	2000001	3000000	45653	0.045653	2500000
chr26	2500001	3500000	47115	0.047115	3000000
chr26	3000001	4000000	29599	0.029599	3500000
chr26	3500001	4500000	24446	0.024446	4000000
chr26	4000001	5000000	22219	0.022219	4500000
chr26	4500001	5500000	21466	0.021466	5000000
chr26	5000001	6000000	28005	0.028005	5500000
chr26	5500001	6500000	26512	0.026512	6000000
chr26	6000001	7000000	22644	0.022644	6500000
chr26	6500001	7500000	27450	0.02745	7000000
chr26	7000001	8000000	29515	0.029515	7500000
chr26	7500001	8500000	27243	0.027243	8000000
chr26	8000001	9000000	24648	0.024648	8500000
chr26	8500001	9500000	21109	0.021109	9000000
chr26	9000001	10000000	21519	0.021519	9500000
chr26	9500001	10500000	22158	0.022158	10000000
chr26	10000001	11000000	20107	0.020107	10500000
chr26	10500001	11500000	18395	0.018395	11000000
chr26	11000001	12000000	20513	0.020513	11500000
chr26	11500001	12500000	21860	0.02186	12000000
chr26	12000001	13000000	23020	0.02302	12500000
chr26	12500001	13500000	22202	0.022202	13000000
chr26	13000001	14000000	20202	0.020202	13500000
chr26	13500001	14500000	20621	0.020621	14000000
chr26	14000001	15000000	19507	0.019507	14500000
chr26	14500001	15500000	20166	0.020166	15000000
chr26	15000001	16000000	23740	0.02374	15500000
chr26	15500001	16500000	25544	0.025544	16000000
chr26	16000001	17000000	23991	0.023991	16500000
chr26	16500001	17500000	23517	0.023517	17000000
chr26	17000001	18000000	23487	0.023487	17500000
chr26	17500001	18500000	23423	0.023423	18000000
chr26	18000001	19000000	25792	0.025792	18500000
chr26	18500001	19500000	26294	0.026294	19000000
chr26	19000001	20000000	34939	0.034939	19500000
chr26	19500001	20500000	46637	0.046637	20000000
chr26	20000001	21000000	52614	0.052614	20500000
chr26	20500001	21500000	66726	0.066726	21000000
chr26	21000001	22000000	65583	0.065583	21500000
chr26	21500001	22500000	37305	0.037305	22000000
chr26	22000001	23000000	20842	0.020842	22500000
chr26	22500001	23500000	19643	0.019643	23000000
chr26	23000001	24000000	16815	0.016815	23500000
chr26	23500001	24500000	18146	0.018146	24000000
chr26	24000001	25000000	20844	0.020844	24500000
chr26	24500001	25500000	19787	0.019787	25000000
chr26	25000001	26000000	17736	0.017736	25500000
chr26	25500001	26500000	30769	0.030769	26000000
chr26	26000001	27000000	31845	0.031845	26500000
chr26	26500001	27500000	26199	0.026199	27000000
chr26	27000001	28000000	32994	0.032994	27500000
chr26	27500001	28500000	31232	0.031232	28000000
chr26	28000001	29000000	38431	0.038431	28500000
chr26	28500001	29500000	52003	0.052003	29000000
chr26	29000001	30000000	46248	0.046248	29500000
chr26	29500001	30500000	38107	0.038107	30000000
chr26	30000001	31000000	32349	0.032349	30500000
chr26	30500001	31500000	23642	0.023642	31000000
chr26	31000001	32000000	21377	0.021377	31500000
chr26	31500001	32500000	17967	0.017967	32000000
chr26	32000001	33000000	15973	0.015973	32500000
chr26	32500001	33500000	21436	0.021436	33000000
chr26	33000001	34000000	22559	0.022559	33500000
chr26	33500001	34500000	17880	0.01788	34000000
chr26	34000001	35000000	22609	0.022609	34500000
chr26	34500001	35500000	24298	0.024298	35000000
chr26	35000001	36000000	22131	0.022131	35500000
chr26	35500001	36500000	21917	0.021917	36000000
chr26	36000001	37000000	20133	0.020133	36500000
chr26	36500001	37500000	22025	0.022025	37000000
chr26	37000001	38000000	23660	0.02366	37500000
chr26	37500001	38500000	23301	0.023301	38000000
chr26	38000001	39000000	25812	0.025812	38500000
chr26	38500001	39500000	25194	0.025194	39000000
chr26	39000001	40000000	25513	0.025513	39500000
chr26	39500001	40500000	29789	0.029789	40000000
chr26	40000001	41000000	29621	0.029621	40500000
chr26	40500001	41500000	26244	0.026244	41000000
chr26	41000001	42000000	31199	0.031199	41500000
chr26	41500001	42500000	29516	0.029516	42000000
chr26	42000001	43000000	23418	0.023418	42500000
chr26	42500001	43500000	24068	0.024068	43000000
chr26	43000001	44000000	23176	0.023176	43500000
chr26	43500001	44500000	23303	0.023303	44000000
chr26	44000001	45000000	23474	0.023474	44500000
chr26	44500001	45500000	26266	0.026266	45000000
chr26	45000001	46000000	28019	0.028019	45500000
chr26	45500001	46500000	29894	0.029894	46000000
chr26	46000001	47000000	38171	0.038171	46500000
chr26	46500001	47500000	36359	0.036359	47000000
chr26	47000001	48000000	26190	0.02619	47500000
chr26	47500001	48500000	25919	0.025919	48000000
chr26	48000001	49000000	30842	0.030842	48500000
chr26	48500001	49500000	29412	0.029412	49000000
chr26	49000001	50000000	30567	0.030567	49500000
chr26	49500001	50500000	33226	0.033226	50000000
chr26	50000001	51000000	35599	0.035599	50500000
chr26	50500001	51500000	36403	0.036403	51000000
chr26	51000001	52000000	76448	0.076448	51500000
chr26	51500001	52500000	91701	0.091701	52000000
chr26	52000001	53000000	75987	0.075987	52500000
chr27	1	1000000	48778	0.048778	500000
chr27	500001	1500000	30362	0.030362	1000000
chr27	1000001	2000000	31708	0.031708	1500000
chr27	1500001	2500000	28220	0.02822	2000000
chr27	2000001	3000000	26918	0.026918	2500000
chr27	2500001	3500000	29421	0.029421	3000000
chr27	3000001	4000000	25948	0.025948	3500000
chr27	3500001	4500000	31084	0.031084	4000000
chr27	4000001	5000000	30941	0.030941	4500000
chr27	4500001	5500000	22615	0.022615	5000000
chr27	5000001	6000000	23365	0.023365	5500000
chr27	5500001	6500000	22185	0.022185	6000000
chr27	6000001	7000000	21518	0.021518	6500000
chr27	6500001	7500000	22416	0.022416	7000000
chr27	7000001	8000000	27140	0.02714	7500000
chr27	7500001	8500000	31604	0.031604	8000000
chr27	8000001	9000000	24994	0.024994	8500000
chr27	8500001	9500000	22242	0.022242	9000000
chr27	9000001	10000000	25728	0.025728	9500000
chr27	9500001	10500000	30079	0.030079	10000000
chr27	10000001	11000000	32547	0.032547	10500000
chr27	10500001	11500000	28185	0.028185	11000000
chr27	11000001	12000000	23634	0.023634	11500000
chr27	11500001	12500000	19006	0.019006	12000000
chr27	12000001	13000000	16767	0.016767	12500000
chr27	12500001	13500000	17169	0.017169	13000000
chr27	13000001	14000000	19299	0.019299	13500000
chr27	13500001	14500000	20862	0.020862	14000000
chr27	14000001	15000000	22494	0.022494	14500000
chr27	14500001	15500000	21250	0.02125	15000000
chr27	15000001	16000000	25829	0.025829	15500000
chr27	15500001	16500000	31595	0.031595	16000000
chr27	16000001	17000000	24694	0.024694	16500000
chr27	16500001	17500000	21629	0.021629	17000000
chr27	17000001	18000000	20685	0.020685	17500000
chr27	17500001	18500000	20577	0.020577	18000000
chr27	18000001	19000000	22153	0.022153	18500000
chr27	18500001	19500000	19277	0.019277	19000000
chr27	19000001	20000000	18102	0.018102	19500000
chr27	19500001	20500000	20671	0.020671	20000000
chr27	20000001	21000000	23220	0.02322	20500000
chr27	20500001	21500000	22905	0.022905	21000000
chr27	21000001	22000000	19623	0.019623	21500000
chr27	21500001	22500000	27769	0.027769	22000000
chr27	22000001	23000000	27006	0.027006	22500000
chr27	22500001	23500000	19576	0.019576	23000000
chr27	23000001	24000000	24789	0.024789	23500000
chr27	23500001	24500000	25677	0.025677	24000000
chr27	24000001	25000000	24013	0.024013	24500000
chr27	24500001	25500000	17677	0.017677	25000000
chr27	25000001	26000000	13781	0.013781	25500000
chr27	25500001	26500000	16055	0.016055	26000000
chr27	26000001	27000000	19912	0.019912	26500000
chr27	26500001	27500000	19765	0.019765	27000000
chr27	27000001	28000000	15329	0.015329	27500000
chr27	27500001	28500000	19561	0.019561	28000000
chr27	28000001	29000000	24913	0.024913	28500000
chr27	28500001	29500000	26358	0.026358	29000000
chr27	29000001	30000000	23674	0.023674	29500000
chr27	29500001	30500000	24057	0.024057	30000000
chr27	30000001	31000000	25397	0.025397	30500000
chr27	30500001	31500000	22993	0.022993	31000000
chr27	31000001	32000000	24351	0.024351	31500000
chr27	31500001	32500000	25412	0.025412	32000000
chr27	32000001	33000000	23662	0.023662	32500000
chr27	32500001	33500000	20897	0.020897	33000000
chr27	33000001	34000000	20711	0.020711	33500000
chr27	33500001	34500000	23273	0.023273	34000000
chr27	34000001	35000000	22975	0.022975	34500000
chr27	34500001	35500000	22607	0.022607	35000000
chr27	35000001	36000000	131129	0.131129	35500000
chr27	35500001	36500000	305121	0.305121	36000000
chr27	36000001	37000000	194908	0.194908	36500000
chr27	36500001	37500000	20046	0.020046	37000000
chr27	37000001	38000000	23105	0.023105	37500000
chr27	37500001	38500000	21143	0.021143	38000000
chr27	38000001	39000000	17119	0.017119	38500000
chr27	38500001	39500000	16587	0.016587	39000000
chr27	39000001	40000000	18813	0.018813	39500000
chr27	39500001	40500000	19855	0.019855	40000000
chr27	40000001	41000000	19670	0.01967	40500000
chr27	40500001	41500000	21791	0.021791	41000000
chr27	41000001	42000000	21704	0.021704	41500000
chr27	41500001	42500000	19765	0.019765	42000000
chr27	42000001	43000000	21289	0.021289	42500000
chr27	42500001	43500000	22214	0.022214	43000000
chr27	43000001	44000000	20795	0.020795	43500000
chr27	43500001	44500000	21045	0.021045	44000000
chr27	44000001	45000000	23068	0.023068	44500000
chr27	44500001	45500000	33589	0.033589	45000000
chr27	45000001	46000000	33881	0.033881	45500000
chr27	45500001	46500000	26389	0.026389	46000000
chr27	46000001	47000000	28473	0.028473	46500000
chr27	46500001	47500000	28902	0.028902	47000000
chr27	47000001	48000000	26212	0.026212	47500000
chr27	47500001	48500000	26334	0.026334	48000000
chr27	48000001	49000000	37367	0.037367	48500000
chr27	48500001	49500000	26694	0.026694	49000000
chr27	49000001	50000000	16334	0.016334	49500000
chr27	49500001	50500000	26271	0.026271	50000000
chr27	50000001	51000000	31997	0.031997	50500000
chr27	50500001	51500000	36362	0.036362	51000000
chr27	51000001	52000000	37409	0.037409	51500000
chr27	51500001	52500000	33970	0.03397	52000000
chr27	52000001	53000000	40753	0.040753	52500000
chr28	1	1000000	35328	0.035328	500000
chr28	500001	1500000	45200	0.0452	1000000
chr28	1000001	2000000	45457	0.045457	1500000
chr28	1500001	2500000	50103	0.050103	2000000
chr28	2000001	3000000	57628	0.057628	2500000
chr28	2500001	3500000	41177	0.041177	3000000
chr28	3000001	4000000	34951	0.034951	3500000
chr28	3500001	4500000	25916	0.025916	4000000
chr28	4000001	5000000	23127	0.023127	4500000
chr28	4500001	5500000	24043	0.024043	5000000
chr28	5000001	6000000	19963	0.019963	5500000
chr28	5500001	6500000	19213	0.019213	6000000
chr28	6000001	7000000	20620	0.02062	6500000
chr28	6500001	7500000	23158	0.023158	7000000
chr28	7000001	8000000	22055	0.022055	7500000
chr28	7500001	8500000	22227	0.022227	8000000
chr28	8000001	9000000	27809	0.027809	8500000
chr28	8500001	9500000	26174	0.026174	9000000
chr28	9000001	10000000	20449	0.020449	9500000
chr28	9500001	10500000	22076	0.022076	10000000
chr28	10000001	11000000	26524	0.026524	10500000
chr28	10500001	11500000	23077	0.023077	11000000
chr28	11000001	12000000	20286	0.020286	11500000
chr28	11500001	12500000	24031	0.024031	12000000
chr28	12000001	13000000	27911	0.027911	12500000
chr28	12500001	13500000	20289	0.020289	13000000
chr28	13000001	14000000	13980	0.01398	13500000
chr28	13500001	14500000	18533	0.018533	14000000
chr28	14000001	15000000	22018	0.022018	14500000
chr28	14500001	15500000	25242	0.025242	15000000
chr28	15000001	16000000	23780	0.02378	15500000
chr28	15500001	16500000	20554	0.020554	16000000
chr28	16000001	17000000	20032	0.020032	16500000
chr28	16500001	17500000	18803	0.018803	17000000
chr28	17000001	18000000	21764	0.021764	17500000
chr28	17500001	18500000	22707	0.022707	18000000
chr28	18000001	19000000	21093	0.021093	18500000
chr28	18500001	19500000	19045	0.019045	19000000
chr28	19000001	20000000	20912	0.020912	19500000
chr28	19500001	20500000	23685	0.023685	20000000
chr28	20000001	21000000	20154	0.020154	20500000
chr28	20500001	21500000	19461	0.019461	21000000
chr28	21000001	22000000	19823	0.019823	21500000
chr28	21500001	22500000	20202	0.020202	22000000
chr28	22000001	23000000	28556	0.028556	22500000
chr28	22500001	23500000	28176	0.028176	23000000
chr28	23000001	24000000	21720	0.02172	23500000
chr28	23500001	24500000	23642	0.023642	24000000
chr28	24000001	25000000	23441	0.023441	24500000
chr28	24500001	25500000	22788	0.022788	25000000
chr28	25000001	26000000	21063	0.021063	25500000
chr28	25500001	26500000	16741	0.016741	26000000
chr28	26000001	27000000	16250	0.01625	26500000
chr28	26500001	27500000	19974	0.019974	27000000
chr28	27000001	28000000	21573	0.021573	27500000
chr28	27500001	28500000	18571	0.018571	28000000
chr28	28000001	29000000	20569	0.020569	28500000
chr28	28500001	29500000	24143	0.024143	29000000
chr28	29000001	30000000	20825	0.020825	29500000
chr28	29500001	30500000	25180	0.02518	30000000
chr28	30000001	31000000	23452	0.023452	30500000
chr28	30500001	31500000	16938	0.016938	31000000
chr28	31000001	32000000	18299	0.018299	31500000
chr28	31500001	32500000	17938	0.017938	32000000
chr28	32000001	33000000	18516	0.018516	32500000
chr28	32500001	33500000	16264	0.016264	33000000
chr28	33000001	34000000	17422	0.017422	33500000
chr28	33500001	34500000	20209	0.020209	34000000
chr28	34000001	35000000	21296	0.021296	34500000
chr28	34500001	35500000	23875	0.023875	35000000
chr28	35000001	36000000	25507	0.025507	35500000
chr28	35500001	36500000	25583	0.025583	36000000
chr28	36000001	37000000	26338	0.026338	36500000
chr28	36500001	37500000	24479	0.024479	37000000
chr28	37000001	38000000	21847	0.021847	37500000
chr28	37500001	38500000	22584	0.022584	38000000
chr28	38000001	39000000	20405	0.020405	38500000
chr28	38500001	39500000	22252	0.022252	39000000
chr28	39000001	40000000	23704	0.023704	39500000
chr28	39500001	40500000	36636	0.036636	40000000
chr28	40000001	41000000	39737	0.039737	40500000
chr28	40500001	41500000	23097	0.023097	41000000
chr28	41000001	42000000	24786	0.024786	41500000
chr28	41500001	42500000	32505	0.032505	42000000
chr28	42000001	43000000	32864	0.032864	42500000
chr28	42500001	43500000	26180	0.02618	43000000
chr28	43000001	44000000	23256	0.023256	43500000
chr28	43500001	44500000	31898	0.031898	44000000
chrX	1	1000000	34964	0.034964	500000
chrX	500001	1500000	20373	0.020373	1000000
chrX	1000001	2000000	21936	0.021936	1500000
chrX	1500001	2500000	24629	0.024629	2000000
chrX	2000001	3000000	25010	0.02501	2500000
chrX	2500001	3500000	22649	0.022649	3000000
chrX	3000001	4000000	20426	0.020426	3500000
chrX	3500001	4500000	19482	0.019482	4000000
chrX	4000001	5000000	19199	0.019199	4500000
chrX	4500001	5500000	17904	0.017904	5000000
chrX	5000001	6000000	17332	0.017332	5500000
chrX	5500001	6500000	18905	0.018905	6000000
chrX	6000001	7000000	20103	0.020103	6500000
chrX	6500001	7500000	19209	0.019209	7000000
chrX	7000001	8000000	19406	0.019406	7500000
chrX	7500001	8500000	23012	0.023012	8000000
chrX	8000001	9000000	19725	0.019725	8500000
chrX	8500001	9500000	15465	0.015465	9000000
chrX	9000001	10000000	16786	0.016786	9500000
chrX	9500001	10500000	20322	0.020322	10000000
chrX	10000001	11000000	19223	0.019223	10500000
chrX	10500001	11500000	20212	0.020212	11000000
chrX	11000001	12000000	33091	0.033091	11500000
chrX	11500001	12500000	30769	0.030769	12000000
chrX	12000001	13000000	17408	0.017408	12500000
chrX	12500001	13500000	16536	0.016536	13000000
chrX	13000001	14000000	19652	0.019652	13500000
chrX	13500001	14500000	23218	0.023218	14000000
chrX	14000001	15000000	22047	0.022047	14500000
chrX	14500001	15500000	17566	0.017566	15000000
chrX	15000001	16000000	18259	0.018259	15500000
chrX	15500001	16500000	21007	0.021007	16000000
chrX	16000001	17000000	19711	0.019711	16500000
chrX	16500001	17500000	17209	0.017209	17000000
chrX	17000001	18000000	17613	0.017613	17500000
chrX	17500001	18500000	17716	0.017716	18000000
chrX	18000001	19000000	21015	0.021015	18500000
chrX	18500001	19500000	22064	0.022064	19000000
chrX	19000001	20000000	20166	0.020166	19500000
chrX	19500001	20500000	23314	0.023314	20000000
chrX	20000001	21000000	24109	0.024109	20500000
chrX	20500001	21500000	20493	0.020493	21000000
chrX	21000001	22000000	18150	0.01815	21500000
chrX	21500001	22500000	16822	0.016822	22000000
chrX	22000001	23000000	17607	0.017607	22500000
chrX	22500001	23500000	19264	0.019264	23000000
chrX	23000001	24000000	24149	0.024149	23500000
chrX	23500001	24500000	22861	0.022861	24000000
chrX	24000001	25000000	20467	0.020467	24500000
chrX	24500001	25500000	26925	0.026925	25000000
chrX	25000001	26000000	26173	0.026173	25500000
chrX	25500001	26500000	23866	0.023866	26000000
chrX	26000001	27000000	21662	0.021662	26500000
chrX	26500001	27500000	20971	0.020971	27000000
chrX	27000001	28000000	18761	0.018761	27500000
chrX	27500001	28500000	17185	0.017185	28000000
chrX	28000001	29000000	22475	0.022475	28500000
chrX	28500001	29500000	21766	0.021766	29000000
chrX	29000001	30000000	18291	0.018291	29500000
chrX	29500001	30500000	16735	0.016735	30000000
chrX	30000001	31000000	18888	0.018888	30500000
chrX	30500001	31500000	19853	0.019853	31000000
chrX	31000001	32000000	16942	0.016942	31500000
chrX	31500001	32500000	15430	0.01543	32000000
chrX	32000001	33000000	16925	0.016925	32500000
chrX	32500001	33500000	23504	0.023504	33000000
chrX	33000001	34000000	26542	0.026542	33500000
chrX	33500001	34500000	26673	0.026673	34000000
chrX	34000001	35000000	25980	0.02598	34500000
chrX	34500001	35500000	24008	0.024008	35000000
chrX	35000001	36000000	22706	0.022706	35500000
chrX	35500001	36500000	22478	0.022478	36000000
chrX	36000001	37000000	20718	0.020718	36500000
chrX	36500001	37500000	19395	0.019395	37000000
chrX	37000001	38000000	23181	0.023181	37500000
chrX	37500001	38500000	22293	0.022293	38000000
chrX	38000001	39000000	20978	0.020978	38500000
chrX	38500001	39500000	21849	0.021849	39000000
chrX	39000001	40000000	22544	0.022544	39500000
chrX	39500001	40500000	23240	0.02324	40000000
chrX	40000001	41000000	20320	0.02032	40500000
chrX	40500001	41500000	17597	0.017597	41000000
chrX	41000001	42000000	19578	0.019578	41500000
chrX	41500001	42500000	20396	0.020396	42000000
chrX	42000001	43000000	17421	0.017421	42500000
chrX	42500001	43500000	18822	0.018822	43000000
chrX	43000001	44000000	21934	0.021934	43500000
chrX	43500001	44500000	17664	0.017664	44000000
chrX	44000001	45000000	16290	0.01629	44500000
chrX	44500001	45500000	21323	0.021323	45000000
chrX	45000001	46000000	23841	0.023841	45500000
chrX	45500001	46500000	22391	0.022391	46000000
chrX	46000001	47000000	18335	0.018335	46500000
chrX	46500001	47500000	16970	0.01697	47000000
chrX	47000001	48000000	18201	0.018201	47500000
chrX	47500001	48500000	19202	0.019202	48000000
chrX	48000001	49000000	24453	0.024453	48500000
chrX	48500001	49500000	24979	0.024979	49000000
chrX	49000001	50000000	22251	0.022251	49500000
chrX	49500001	50500000	24555	0.024555	50000000
chrX	50000001	51000000	21032	0.021032	50500000
chrX	50500001	51500000	17087	0.017087	51000000
chrX	51000001	52000000	19993	0.019993	51500000
chrX	51500001	52500000	23546	0.023546	52000000
chrX	52000001	53000000	24272	0.024272	52500000
chrX	52500001	53500000	22215	0.022215	53000000
chrX	53000001	54000000	21188	0.021188	53500000
chrX	53500001	54500000	20528	0.020528	54000000
chrX	54000001	55000000	24327	0.024327	54500000
chrX	54500001	55500000	24733	0.024733	55000000
chrX	55000001	56000000	28540	0.02854	55500000
chrX	55500001	56500000	31314	0.031314	56000000
chrX	56000001	57000000	38356	0.038356	56500000
chrX	56500001	57500000	42401	0.042401	57000000
chrX	57000001	58000000	35199	0.035199	57500000
chrX	57500001	58500000	31758	0.031758	58000000
chrX	58000001	59000000	28330	0.02833	58500000
chrX	58500001	59500000	26030	0.02603	59000000
chrX	59000001	60000000	22644	0.022644	59500000
chrX	59500001	60500000	24282	0.024282	60000000
chrX	60000001	61000000	24191	0.024191	60500000
chrX	60500001	61500000	23880	0.02388	61000000
chrX	61000001	62000000	23466	0.023466	61500000
chrX	61500001	62500000	21315	0.021315	62000000
chrX	62000001	63000000	20780	0.02078	62500000
chrX	62500001	63500000	20461	0.020461	63000000
chrX	63000001	64000000	20580	0.02058	63500000
chrX	63500001	64500000	20952	0.020952	64000000
chrX	64000001	65000000	25434	0.025434	64500000
chrX	64500001	65500000	25170	0.02517	65000000
chrX	65000001	66000000	18689	0.018689	65500000
chrX	65500001	66500000	19383	0.019383	66000000
chrX	66000001	67000000	22947	0.022947	66500000
chrX	66500001	67500000	23763	0.023763	67000000
chrX	67000001	68000000	23038	0.023038	67500000
chrX	67500001	68500000	20880	0.02088	68000000
chrX	68000001	69000000	21126	0.021126	68500000
chrX	68500001	69500000	20063	0.020063	69000000
chrX	69000001	70000000	18149	0.018149	69500000
chrX	69500001	70500000	20182	0.020182	70000000
chrX	70000001	71000000	24408	0.024408	70500000
chrX	70500001	71500000	27101	0.027101	71000000
chrX	71000001	72000000	22478	0.022478	71500000
chrX	71500001	72500000	20927	0.020927	72000000
chrX	72000001	73000000	18955	0.018955	72500000
chrX	72500001	73500000	14123	0.014123	73000000
chrX	73000001	74000000	17938	0.017938	73500000
chrX	73500001	74500000	21062	0.021062	74000000
chrX	74000001	75000000	20545	0.020545	74500000
chrX	74500001	75500000	19095	0.019095	75000000
chrX	75000001	76000000	16630	0.01663	75500000
chrX	75500001	76500000	18834	0.018834	76000000
chrX	76000001	77000000	24030	0.02403	76500000
chrX	76500001	77500000	25877	0.025877	77000000
chrX	77000001	78000000	21055	0.021055	77500000
chrX	77500001	78500000	19181	0.019181	78000000
chrX	78000001	79000000	22235	0.022235	78500000
chrX	78500001	79500000	21782	0.021782	79000000
chrX	79000001	80000000	19632	0.019632	79500000
chrX	79500001	80500000	19764	0.019764	80000000
chrX	80000001	81000000	20196	0.020196	80500000
chrX	80500001	81500000	19295	0.019295	81000000
chrX	81000001	82000000	19350	0.01935	81500000
chrX	81500001	82500000	19336	0.019336	82000000
chrX	82000001	83000000	16617	0.016617	82500000
chrX	82500001	83500000	17256	0.017256	83000000
chrX	83000001	84000000	18694	0.018694	83500000
chrX	83500001	84500000	19069	0.019069	84000000
chrX	84000001	85000000	19816	0.019816	84500000
chrX	84500001	85500000	16839	0.016839	85000000
chrX	85000001	86000000	16620	0.01662	85500000
chrX	85500001	86500000	17827	0.017827	86000000
chrX	86000001	87000000	20388	0.020388	86500000
chrX	86500001	87500000	18603	0.018603	87000000
chrX	87000001	88000000	16453	0.016453	87500000
chrX	87500001	88500000	21023	0.021023	88000000
chrX	88000001	89000000	23764	0.023764	88500000
chrX	88500001	89500000	23233	0.023233	89000000
chrX	89000001	90000000	18706	0.018706	89500000
chrX	89500001	90500000	17655	0.017655	90000000
chrX	90000001	91000000	20088	0.020088	90500000
chrX	90500001	91500000	20059	0.020059	91000000
chrX	91000001	92000000	20210	0.02021	91500000
chrX	91500001	92500000	20323	0.020323	92000000
chrX	92000001	93000000	21544	0.021544	92500000
chrX	92500001	93500000	22898	0.022898	93000000
chrX	93000001	94000000	21992	0.021992	93500000
chrX	93500001	94500000	19982	0.019982	94000000
chrX	94000001	95000000	17057	0.017057	94500000
chrX	94500001	95500000	18716	0.018716	95000000
chrX	95000001	96000000	21124	0.021124	95500000
chrX	95500001	96500000	17606	0.017606	96000000
chrX	96000001	97000000	17320	0.01732	96500000
chrX	96500001	97500000	21993	0.021993	97000000
chrX	97000001	98000000	20481	0.020481	97500000
chrX	97500001	98500000	22726	0.022726	98000000
chrX	98000001	99000000	26324	0.026324	98500000
chrX	98500001	99500000	30460	0.03046	99000000
chrX	99000001	100000000	33058	0.033058	99500000
chrX	99500001	100500000	28063	0.028063	100000000
chrX	100000001	101000000	29430	0.02943	100500000
chrX	100500001	101500000	30620	0.03062	101000000
chrX	101000001	102000000	27136	0.027136	101500000
chrX	101500001	102500000	24189	0.024189	102000000
chrX	102000001	103000000	25338	0.025338	102500000
chrX	102500001	103500000	25975	0.025975	103000000
chrX	103000001	104000000	25248	0.025248	103500000
chrX	103500001	104500000	27501	0.027501	104000000
chrX	104000001	105000000	30247	0.030247	104500000
chrX	104500001	105500000	32321	0.032321	105000000
chrX	105000001	106000000	30190	0.03019	105500000
chrX	105500001	106500000	30375	0.030375	106000000
chrX	106000001	107000000	38128	0.038128	106500000
chrX	106500001	107500000	35685	0.035685	107000000
chrX	107000001	108000000	26823	0.026823	107500000
chrX	107500001	108500000	27726	0.027726	108000000
chrX	108000001	109000000	33653	0.033653	108500000
chrX	108500001	109500000	33351	0.033351	109000000
chrX	109000001	110000000	27759	0.027759	109500000
chrX	109500001	110500000	23312	0.023312	110000000
chrX	110000001	111000000	20771	0.020771	110500000
chrX	110500001	111500000	26164	0.026164	111000000
chrX	111000001	112000000	25084	0.025084	111500000
chrX	111500001	112500000	20888	0.020888	112000000
chrX	112000001	113000000	24356	0.024356	112500000
chrX	112500001	113500000	22417	0.022417	113000000
chrX	113000001	114000000	25972	0.025972	113500000
chrX	113500001	114500000	30445	0.030445	114000000
chrX	114000001	115000000	24823	0.024823	114500000
chrX	114500001	115500000	22087	0.022087	115000000
chrX	115000001	116000000	19243	0.019243	115500000
chrX	115500001	116500000	17164	0.017164	116000000
chrX	116000001	117000000	25105	0.025105	116500000
chrX	116500001	117500000	28010	0.02801	117000000
chrX	117000001	118000000	25879	0.025879	117500000
chrX	117500001	118500000	25250	0.02525	118000000
chrX	118000001	119000000	20359	0.020359	118500000
chrX	118500001	119500000	52898	0.052898	119000000
chrX	119000001	120000000	168999	0.168999	119500000
chrX	119500001	120500000	227705	0.227705	120000000
chrX	120000001	121000000	465289	0.465289	120500000
chrX	120500001	121500000	862231	0.862231	121000000
chrX	121000001	122000000	1000000	1.0	121500000
chrX	121500001	122500000	1000000	1.0	122000000
chrX	122000001	123000000	1000000	1.0	122500000
chrX	122500001	123500000	1000000	1.0	123000000
chrX	123000001	124000000	1000000	1.0	123500000
chrX	123500001	124500000	1000000	1.0	124000000
chrX	124000001	125000000	761173	0.761173	124500000
chrX	124500001	125500000	325270	0.32527	125000000
chrX	125000001	126000000	174583	0.174583	125500000
chrX	125500001	126500000	120373	0.120373	126000000
chrX	126000001	127000000	22646	0.022646	126500000
chrX	126500001	127500000	24555	0.024555	127000000
chrX	127000001	128000000	21955	0.021955	127500000
chrX	127500001	128500000	21430	0.02143	128000000
chrX	128000001	129000000	24578	0.024578	128500000
chrX	128500001	129500000	22549	0.022549	129000000
chrX	129000001	130000000	21986	0.021986	129500000
chrX	129500001	130500000	23709	0.023709	130000000
chrX	130000001	131000000	25824	0.025824	130500000
chrX	130500001	131500000	27681	0.027681	131000000
chrX	131000001	132000000	25777	0.025777	131500000
chrX	131500001	132500000	25070	0.02507	132000000
chrX	132000001	133000000	26809	0.026809	132500000
chrX	132500001	133500000	29168	0.029168	133000000
chrX	133000001	134000000	28204	0.028204	133500000
chrX	133500001	134500000	27511	0.027511	134000000
chrX	134000001	135000000	27470	0.02747	134500000
chrX	134500001	135500000	23491	0.023491	135000000
chrX	135000001	136000000	22568	0.022568	135500000
chrX	135500001	136500000	24244	0.024244	136000000
chrX	136000001	137000000	23616	0.023616	136500000
chrX	136500001	137500000	26785	0.026785	137000000
chrX	137000001	138000000	27116	0.027116	137500000
chrX	137500001	138500000	26339	0.026339	138000000
chrX	138000001	139000000	29702	0.029702	138500000
chrX	138500001	139500000	34185	0.034185	139000000
chrX	139000001	140000000	33624	0.033624	139500000
chrX	139500001	140500000	32597	0.032597	140000000
chrX	140000001	141000000	31359	0.031359	140500000
chrX	140500001	141500000	24840	0.02484	141000000
chrX	141000001	142000000	25644	0.025644	141500000
chrX	141500001	142500000	30054	0.030054	142000000
chrX	142000001	143000000	27361	0.027361	142500000
chrX	142500001	143500000	25744	0.025744	143000000
chrX	143000001	144000000	25804	0.025804	143500000
chrX	143500001	144500000	21280	0.02128	144000000
chrX	144000001	145000000	19973	0.019973	144500000
chrX	144500001	145500000	22296	0.022296	145000000
chrX	145000001	146000000	22276	0.022276	145500000
chrX	145500001	146500000	23635	0.023635	146000000
chrX	146000001	147000000	23690	0.02369	146500000
chrX	146500001	147500000	21353	0.021353	147000000
chrX	147000001	148000000	18910	0.01891	147500000
chrX	147500001	148500000	19860	0.01986	148000000
chrX	148000001	149000000	20209	0.020209	148500000
chrX	148500001	149500000	18696	0.018696	149000000
chrX	149000001	150000000	19470	0.01947	149500000
chrX	149500001	150500000	20741	0.020741	150000000
chrX	150000001	151000000	21262	0.021262	150500000
chrX	150500001	151500000	20340	0.02034	151000000
chrX	151000001	152000000	21789	0.021789	151500000
chrX	151500001	152500000	21171	0.021171	152000000
chrX	152000001	153000000	20845	0.020845	152500000
chrX	152500001	153500000	22107	0.022107	153000000
chrX	153000001	154000000	17888	0.017888	153500000
chrX	153500001	154500000	16695	0.016695	154000000
chrX	154000001	155000000	23063	0.023063	154500000
chrX	154500001	155500000	27756	0.027756	155000000
chrX	155000001	156000000	31067	0.031067	155500000
chrX	155500001	156500000	31612	0.031612	156000000
chrX	156000001	157000000	26596	0.026596	156500000
chrX	156500001	157500000	21736	0.021736	157000000
chrX	157000001	158000000	17612	0.017612	157500000
chrX	157500001	158500000	16747	0.016747	158000000
chrX	158000001	159000000	19157	0.019157	158500000
chrX	158500001	159500000	18889	0.018889	159000000
chrX	159000001	160000000	14755	0.014755	159500000
chrX	159500001	160500000	14845	0.014845	160000000
chrX	160000001	161000000	19582	0.019582	160500000
chrX	160500001	161500000	20486	0.020486	161000000
chrX	161000001	162000000	21765	0.021765	161500000
chrX	161500001	162500000	21835	0.021835	162000000
chrX	162000001	163000000	19594	0.019594	162500000
chrX	162500001	163500000	18019	0.018019	163000000
chrX	163000001	164000000	16427	0.016427	163500000
chrX	163500001	164500000	17464	0.017464	164000000
chrX	164000001	165000000	19415	0.019415	164500000
chrX	164500001	165500000	18745	0.018745	165000000
chrX	165000001	166000000	19315	0.019315	165500000
chrX	165500001	166500000	21290	0.02129	166000000
chrX	166000001	167000000	23187	0.023187	166500000
chrX	166500001	167500000	23682	0.023682	167000000
chrX	167000001	168000000	25294	0.025294	167500000
chrX	167500001	168500000	25164	0.025164	168000000
chrX	168000001	169000000	25435	0.025435	168500000
chrX	168500001	169500000	23585	0.023585	169000000
chrX	169000001	170000000	17281	0.017281	169500000
chrX	169500001	170500000	22794	0.022794	170000000
chrX	170000001	171000000	29418	0.029418	170500000
chrX	170500001	171500000	29388	0.029388	171000000
chrX	171000001	172000000	24557	0.024557	171500000
chrX	171500001	172500000	21195	0.021195	172000000
chrX	172000001	173000000	19436	0.019436	172500000
chrX	172500001	173500000	16717	0.016717	173000000
chrX	173000001	174000000	18148	0.018148	173500000
chrX	173500001	174500000	17079	0.017079	174000000
chrX	174000001	175000000	15710	0.01571	174500000
chrX	174500001	175500000	18849	0.018849	175000000
chrX	175000001	176000000	19473	0.019473	175500000
chrX	175500001	176500000	16149	0.016149	176000000
chrX	176000001	177000000	14675	0.014675	176500000
chrX	176500001	177500000	15888	0.015888	177000000
chrX	177000001	178000000	21694	0.021694	177500000
chrX	177500001	178500000	24999	0.024999	178000000
chrX	178000001	179000000	22751	0.022751	178500000
chrX	178500001	179500000	20968	0.020968	179000000
chrX	179000001	180000000	19059	0.019059	179500000
chrX	179500001	180500000	19968	0.019968	180000000
chrX	180000001	181000000	21230	0.02123	180500000
chrX	180500001	181500000	17383	0.017383	181000000
chrX	181000001	182000000	19069	0.019069	181500000
chrX	181500001	182500000	21601	0.021601	182000000
chrX	182000001	183000000	19398	0.019398	182500000
chrX	182500001	183500000	22283	0.022283	183000000
chrX	183000001	184000000	21066	0.021066	183500000
chrX	183500001	184500000	20883	0.020883	184000000
chrX	184000001	185000000	19446	0.019446	184500000
chrX	184500001	185500000	15531	0.015531	185000000
chrX	185000001	186000000	20056	0.020056	185500000
chrX	185500001	186500000	18231	0.018231	186000000
chrX	186000001	187000000	15829	0.015829	186500000
chrX	186500001	187500000	24966	0.024966	187000000
chrX	187000001	188000000	27173	0.027173	187500000
chrX	187500001	188500000	20540	0.02054	188000000
chrX	188000001	189000000	20707	0.020707	188500000
chrX	188500001	189500000	24286	0.024286	189000000
chrX	189000001	190000000	24247	0.024247	189500000
chrX	189500001	190500000	45588	0.045588	190000000
chrX	190000001	191000000	55646	0.055646	190500000
chrX	190500001	191500000	39990	0.03999	191000000
chrX	191000001	192000000	44862	0.044862	191500000
chrX	191500001	192500000	55090	0.05509	192000000
chrX	192000001	193000000	55748	0.055748	192500000
chrX	192500001	193500000	62635	0.062635	193000000
chrX	193000001	194000000	77559	0.077559	193500000
chrX	193500001	194500000	86497	0.086497	194000000
chrX	194000001	195000000	84046	0.084046	194500000
chrX	194500001	195500000	82788	0.082788	195000000
chrX	195000001	196000000	99441	0.099441	195500000
chrX	195500001	196500000	129490	0.12949	196000000
chrX	196000001	197000000	152017	0.152017	196500000
chrX	196500001	197500000	124753	0.124753	197000000
chrY	1	1000000	0	0.0	500000
chrY	500001	1500000	0	0.0	1000000
chrY	1000001	2000000	0	0.0	1500000
chrY	1500001	2500000	0	0.0	2000000
chrY	2000001	3000000	0	0.0	2500000
chrY	2500001	3500000	0	0.0	3000000
chrY	3000001	4000000	0	0.0	3500000
chrY	3500001	4500000	0	0.0	4000000
chrY	4000001	5000000	0	0.0	4500000
chrY	4500001	5500000	0	0.0	5000000
chrY	5000001	6000000	0	0.0	5500000
chrY	5500001	6500000	0	0.0	6000000
chrY	6000001	7000000	0	0.0	6500000
chrY	6500001	7500000	0	0.0	7000000
chrY	7000001	8000000	0	0.0	7500000
chrY	7500001	8500000	0	0.0	8000000
chrY	8000001	9000000	0	0.0	8500000
chrY	8500001	9500000	0	0.0	9000000
chrY	9000001	10000000	0	0.0	9500000
chrY	9500001	10500000	0	0.0	10000000
chrY	10000001	11000000	0	0.0	10500000
chrY	10500001	11500000	0	0.0	11000000
chrY	11000001	12000000	0	0.0	11500000
chrY	11500001	12500000	0	0.0	12000000
chrY	12000001	13000000	0	0.0	12500000
chrY	12500001	13500000	0	0.0	13000000
chrY	13000001	14000000	0	0.0	13500000
chrY	13500001	14500000	0	0.0	14000000
chrY	14000001	15000000	0	0.0	14500000
chrY	14500001	15500000	0	0.0	15000000
chrY	15000001	16000000	0	0.0	15500000
chrY	15500001	16500000	0	0.0	16000000
chrY	16000001	17000000	0	0.0	16500000
chrY	16500001	17500000	0	0.0	17000000
chrY	17000001	18000000	0	0.0	17500000
chrY	17500001	18500000	0	0.0	18000000
chrY	18000001	19000000	0	0.0	18500000
chrY	18500001	19500000	0	0.0	19000000
chrY	19000001	20000000	0	0.0	19500000
chrY	19500001	20500000	0	0.0	20000000
chrY	20000001	21000000	0	0.0	20500000
chrY	20500001	21500000	0	0.0	21000000
chrY	21000001	22000000	0	0.0	21500000
chrY	21500001	22500000	0	0.0	22000000
chrY	22000001	23000000	0	0.0	22500000
chrY	22500001	23500000	0	0.0	23000000
chrY	23000001	24000000	0	0.0	23500000
chrY	23500001	24500000	0	0.0	24000000
chrY	24000001	25000000	0	0.0	24500000
chrY	24500001	25500000	0	0.0	25000000
chrY	25000001	26000000	0	0.0	25500000
chrY	25500001	26500000	0	0.0	26000000
chrY	26000001	27000000	0	0.0	26500000
chrY	26500001	27500000	0	0.0	27000000
chrY	27000001	28000000	0	0.0	27500000
chrY	27500001	28500000	0	0.0	28000000
chrY	28000001	29000000	0	0.0	28500000
chrY	28500001	29500000	0	0.0	29000000
chrY	29000001	30000000	0	0.0	29500000
chrY	29500001	30500000	0	0.0	30000000
chrY	30000001	31000000	0	0.0	30500000
chrY	30500001	31500000	0	0.0	31000000
chrY	31000001	32000000	0	0.0	31500000
chrY	31500001	32500000	0	0.0	32000000
chrY	32000001	33000000	0	0.0	32500000
chrY	32500001	33500000	0	0.0	33000000
chrY	33000001	34000000	0	0.0	33500000
chrY	33500001	34500000	0	0.0	34000000
chrY	34000001	35000000	0	0.0	34500000
chrY	34500001	35500000	0	0.0	35000000
chrY	35000001	36000000	0	0.0	35500000
chrY	35500001	36500000	0	0.0	36000000
chrY	36000001	37000000	0	0.0	36500000
chrY	36500001	37500000	0	0.0	37000000
chrY	37000001	38000000	0	0.0	37500000
chrY	37500001	38500000	0	0.0	38000000
chrY	38000001	39000000	0	0.0	38500000
chrY	38500001	39500000	0	0.0	39000000
chrY	39000001	40000000	0	0.0	39500000
chrY	39500001	40500000	0	0.0	40000000
chrY	40000001	41000000	0	0.0	40500000
chrY	40500001	41500000	0	0.0	41000000
chrY	41000001	42000000	0	0.0	41500000
chrY	41500001	42500000	0	0.0	42000000
chrY	42000001	43000000	0	0.0	42500000
chrY	42500001	43500000	0	0.0	43000000
chrY	43000001	44000000	0	0.0	43500000
chrY	43500001	44500000	0	0.0	44000000
chrY	44000001	45000000	0	0.0	44500000
chrY	44500001	45500000	0	0.0	45000000
chrY	45000001	46000000	0	0.0	45500000
chrY	45500001	46500000	0	0.0	46000000
chrY	46000001	47000000	0	0.0	46500000
chrY	46500001	47500000	0	0.0	47000000
chrY	47000001	48000000	0	0.0	47500000
chrY	47500001	48500000	0	0.0	48000000
chrY	48000001	49000000	0	0.0	48500000
chrY	48500001	49500000	0	0.0	49000000
chrY	49000001	50000000	0	0.0	49500000
chrY	49500001	50500000	0	0.0	50000000
chrY	50000001	51000000	0	0.0	50500000
chrY	50500001	51500000	0	0.0	51000000
chrY	51000001	52000000	0	0.0	51500000
chrY	51500001	52500000	0	0.0	52000000
chrY	52000001	53000000	0	0.0	52500000
chrY	52500001	53500000	0	0.0	53000000
chrY	53000001	54000000	0	0.0	53500000
chrY	53500001	54500000	0	0.0	54000000
chrY	54000001	55000000	0	0.0	54500000
chrY	54500001	55500000	0	0.0	55000000
chrY	55000001	56000000	0	0.0	55500000
chrY	55500001	56500000	0	0.0	56000000
chrY	56000001	57000000	0	0.0	56500000
chrY	56500001	57500000	0	0.0	57000000
chrY	57000001	58000000	0	0.0	57500000
chrY	57500001	58500000	0	0.0	58000000
chrY	58000001	59000000	0	0.0	58500000
chrY	58500001	59500000	0	0.0	59000000
chrY	59000001	60000000	0	0.0	59500000
chrY	59500001	60500000	0	0.0	60000000
chrY	60000001	61000000	0	0.0	60500000
chrY	60500001	61500000	0	0.0	61000000
chrY	61000001	62000000	0	0.0	61500000
chrY	61500001	62500000	0	0.0	62000000
chrY	62000001	63000000	0	0.0	62500000
chrY	62500001	63500000	0	0.0	63000000
chrY	63000001	64000000	0	0.0	63500000
chrY	63500001	64500000	0	0.0	64000000
chrY	64000001	65000000	0	0.0	64500000
chrY	64500001	65500000	0	0.0	65000000
chrY	65000001	66000000	0	0.0	65500000
chrY	65500001	66500000	0	0.0	66000000
chrY	66000001	67000000	0	0.0	66500000
chrY	66500001	67500000	0	0.0	67000000
chrY	67000001	68000000	0	0.0	67500000
chrY	67500001	68500000	0	0.0	68000000
chrY	68000001	69000000	0	0.0	68500000
chrY	68500001	69500000	0	0.0	69000000
chrY	69000001	70000000	0	0.0	69500000
chrY	69500001	70500000	0	0.0	70000000
chrY	70000001	71000000	0	0.0	70500000
chrY	70500001	71500000	0	0.0	71000000
chrY	71000001	72000000	0	0.0	71500000
chrY	71500001	72500000	0	0.0	72000000
chrY	72000001	73000000	0	0.0	72500000
chrY	72500001	73500000	0	0.0	73000000
chrY	73000001	74000000	0	0.0	73500000
chrY	73500001	74500000	0	0.0	74000000
chrY	74000001	75000000	0	0.0	74500000
chrY	74500001	75500000	0	0.0	75000000
chrY	75000001	76000000	0	0.0	75500000
chrY	75500001	76500000	0	0.0	76000000
chrY	76000001	77000000	0	0.0	76500000
chrY	76500001	77500000	0	0.0	77000000
chrY	77000001	78000000	0	0.0	77500000
chrY	77500001	78500000	0	0.0	78000000
chrY	78000001	79000000	0	0.0	78500000
chrY	78500001	79500000	0	0.0	79000000
chrY	79000001	80000000	0	0.0	79500000
chrY	79500001	80500000	0	0.0	80000000
chrY	80000001	81000000	0	0.0	80500000
chrY	80500001	81500000	0	0.0	81000000
chrY	81000001	82000000	0	0.0	81500000
chrY	81500001	82500000	0	0.0	82000000
chrY	82000001	83000000	0	0.0	82500000
chrY	82500001	83500000	0	0.0	83000000
chrY	83000001	84000000	0	0.0	83500000
chrY	83500001	84500000	0	0.0	84000000
chrY	84000001	85000000	0	0.0	84500000
chrY	84500001	85500000	0	0.0	85000000
chrY	85000001	86000000	0	0.0	85500000
