Chromosome	Start	End	Overlap	density	midpoint
chr1	1	1000000	504205	0.504205	500000
chr1	500001	1500000	435483	0.435483	1000000
chr1	1000001	2000000	425775	0.425775	1500000
chr1	1500001	2500000	401233	0.401233	2000000
chr1	2000001	3000000	481556	0.481556	2500000
chr1	2500001	3500000	534622	0.534622	3000000
chr1	3000001	4000000	421620	0.42162	3500000
chr1	3500001	4500000	347760	0.34776	4000000
chr1	4000001	5000000	397122	0.397122	4500000
chr1	4500001	5500000	417181	0.417181	5000000
chr1	5000001	6000000	391248	0.391248	5500000
chr1	5500001	6500000	379156	0.379156	6000000
chr1	6000001	7000000	367848	0.367848	6500000
chr1	6500001	7500000	357509	0.357509	7000000
chr1	7000001	8000000	331780	0.33178	7500000
chr1	7500001	8500000	354594	0.354594	8000000
chr1	8000001	9000000	337017	0.337017	8500000
chr1	8500001	9500000	284684	0.284684	9000000
chr1	9000001	10000000	273333	0.273333	9500000
chr1	9500001	10500000	312832	0.312832	10000000
chr1	10000001	11000000	362559	0.362559	10500000
chr1	10500001	11500000	381546	0.381546	11000000
chr1	11000001	12000000	358256	0.358256	11500000
chr1	11500001	12500000	301864	0.301864	12000000
chr1	12000001	13000000	317780	0.31778	12500000
chr1	12500001	13500000	305194	0.305194	13000000
chr1	13000001	14000000	263447	0.263447	13500000
chr1	13500001	14500000	275332	0.275332	14000000
chr1	14000001	15000000	301172	0.301172	14500000
chr1	14500001	15500000	343421	0.343421	15000000
chr1	15000001	16000000	453968	0.453968	15500000
chr1	15500001	16500000	372566	0.372566	16000000
chr1	16000001	17000000	211603	0.211603	16500000
chr1	16500001	17500000	266618	0.266618	17000000
chr1	17000001	18000000	264080	0.26408	17500000
chr1	17500001	18500000	242734	0.242734	18000000
chr1	18000001	19000000	286319	0.286319	18500000
chr1	18500001	19500000	245575	0.245575	19000000
chr1	19000001	20000000	307888	0.307888	19500000
chr1	19500001	20500000	419498	0.419498	20000000
chr1	20000001	21000000	419322	0.419322	20500000
chr1	20500001	21500000	430781	0.430781	21000000
chr1	21000001	22000000	460154	0.460154	21500000
chr1	21500001	22500000	459061	0.459061	22000000
chr1	22000001	23000000	466751	0.466751	22500000
chr1	22500001	23500000	361383	0.361383	23000000
chr1	23000001	24000000	263090	0.26309	23500000
chr1	23500001	24500000	336998	0.336998	24000000
chr1	24000001	25000000	359040	0.35904	24500000
chr1	24500001	25500000	364994	0.364994	25000000
chr1	25000001	26000000	442772	0.442772	25500000
chr1	25500001	26500000	513880	0.51388	26000000
chr1	26000001	27000000	500823	0.500823	26500000
chr1	26500001	27500000	462179	0.462179	27000000
chr1	27000001	28000000	487729	0.487729	27500000
chr1	27500001	28500000	543214	0.543214	28000000
chr1	28000001	29000000	503888	0.503888	28500000
chr1	28500001	29500000	426626	0.426626	29000000
chr1	29000001	30000000	378228	0.378228	29500000
chr1	29500001	30500000	372808	0.372808	30000000
chr1	30000001	31000000	451877	0.451877	30500000
chr1	30500001	31500000	530621	0.530621	31000000
chr1	31000001	32000000	481630	0.48163	31500000
chr1	31500001	32500000	379401	0.379401	32000000
chr1	32000001	33000000	337623	0.337623	32500000
chr1	32500001	33500000	286319	0.286319	33000000
chr1	33000001	34000000	356469	0.356469	33500000
chr1	33500001	34500000	522900	0.5229	34000000
chr1	34000001	35000000	596688	0.596688	34500000
chr1	34500001	35500000	534173	0.534173	35000000
chr1	35000001	36000000	465192	0.465192	35500000
chr1	35500001	36500000	430428	0.430428	36000000
chr1	36000001	37000000	440954	0.440954	36500000
chr1	36500001	37500000	484013	0.484013	37000000
chr1	37000001	38000000	520197	0.520197	37500000
chr1	37500001	38500000	552471	0.552471	38000000
chr1	38000001	39000000	515713	0.515713	38500000
chr1	38500001	39500000	486180	0.48618	39000000
chr1	39000001	40000000	478015	0.478015	39500000
chr1	39500001	40500000	467645	0.467645	40000000
chr1	40000001	41000000	485197	0.485197	40500000
chr1	40500001	41500000	469545	0.469545	41000000
chr1	41000001	42000000	501972	0.501972	41500000
chr1	41500001	42500000	538629	0.538629	42000000
chr1	42000001	43000000	561674	0.561674	42500000
chr1	42500001	43500000	487807	0.487807	43000000
chr1	43000001	44000000	357349	0.357349	43500000
chr1	43500001	44500000	326241	0.326241	44000000
chr1	44000001	45000000	348595	0.348595	44500000
chr1	44500001	45500000	448711	0.448711	45000000
chr1	45000001	46000000	466565	0.466565	45500000
chr1	45500001	46500000	462787	0.462787	46000000
chr1	46000001	47000000	507783	0.507783	46500000
chr1	46500001	47500000	475757	0.475757	47000000
chr1	47000001	48000000	387574	0.387574	47500000
chr1	47500001	48500000	319450	0.31945	48000000
chr1	48000001	49000000	317624	0.317624	48500000
chr1	48500001	49500000	361798	0.361798	49000000
chr1	49000001	50000000	379135	0.379135	49500000
chr1	49500001	50500000	350519	0.350519	50000000
chr1	50000001	51000000	417698	0.417698	50500000
chr1	50500001	51500000	449797	0.449797	51000000
chr1	51000001	52000000	386765	0.386765	51500000
chr1	51500001	52500000	581296	0.581296	52000000
chr1	52000001	53000000	623198	0.623198	52500000
chr1	52500001	53500000	381631	0.381631	53000000
chr1	53000001	54000000	348615	0.348615	53500000
chr1	53500001	54500000	370049	0.370049	54000000
chr1	54000001	55000000	257839	0.257839	54500000
chr1	54500001	55500000	250128	0.250128	55000000
chr1	55000001	56000000	276960	0.27696	55500000
chr1	55500001	56500000	239693	0.239693	56000000
chr1	56000001	57000000	218248	0.218248	56500000
chr1	56500001	57500000	213590	0.21359	57000000
chr1	57000001	58000000	255140	0.25514	57500000
chr1	57500001	58500000	327704	0.327704	58000000
chr1	58000001	59000000	423594	0.423594	58500000
chr1	58500001	59500000	430146	0.430146	59000000
chr1	59000001	60000000	376224	0.376224	59500000
chr1	59500001	60500000	382165	0.382165	60000000
chr1	60000001	61000000	430129	0.430129	60500000
chr1	60500001	61500000	419506	0.419506	61000000
chr1	61000001	62000000	394506	0.394506	61500000
chr1	61500001	62500000	362776	0.362776	62000000
chr1	62000001	63000000	328481	0.328481	62500000
chr1	62500001	63500000	395580	0.39558	63000000
chr1	63000001	64000000	406379	0.406379	63500000
chr1	63500001	64500000	347546	0.347546	64000000
chr1	64000001	65000000	298846	0.298846	64500000
chr1	64500001	65500000	334644	0.334644	65000000
chr1	65000001	66000000	372639	0.372639	65500000
chr1	65500001	66500000	357374	0.357374	66000000
chr1	66000001	67000000	346200	0.3462	66500000
chr1	66500001	67500000	383421	0.383421	67000000
chr1	67000001	68000000	395724	0.395724	67500000
chr1	67500001	68500000	422495	0.422495	68000000
chr1	68000001	69000000	452681	0.452681	68500000
chr1	68500001	69500000	379532	0.379532	69000000
chr1	69000001	70000000	335637	0.335637	69500000
chr1	69500001	70500000	310110	0.31011	70000000
chr1	70000001	71000000	326087	0.326087	70500000
chr1	70500001	71500000	359829	0.359829	71000000
chr1	71000001	72000000	355606	0.355606	71500000
chr1	71500001	72500000	337800	0.3378	72000000
chr1	72000001	73000000	321130	0.32113	72500000
chr1	72500001	73500000	363322	0.363322	73000000
chr1	73000001	74000000	402271	0.402271	73500000
chr1	73500001	74500000	395170	0.39517	74000000
chr1	74000001	75000000	391164	0.391164	74500000
chr1	74500001	75500000	364497	0.364497	75000000
chr1	75000001	76000000	346089	0.346089	75500000
chr1	75500001	76500000	437767	0.437767	76000000
chr1	76000001	77000000	504735	0.504735	76500000
chr1	76500001	77500000	416423	0.416423	77000000
chr1	77000001	78000000	381880	0.38188	77500000
chr1	77500001	78500000	401983	0.401983	78000000
chr1	78000001	79000000	390789	0.390789	78500000
chr1	78500001	79500000	422210	0.42221	79000000
chr1	79000001	80000000	416206	0.416206	79500000
chr1	79500001	80500000	320334	0.320334	80000000
chr1	80000001	81000000	290219	0.290219	80500000
chr1	80500001	81500000	311592	0.311592	81000000
chr1	81000001	82000000	371503	0.371503	81500000
chr1	81500001	82500000	402218	0.402218	82000000
chr1	82000001	83000000	374335	0.374335	82500000
chr1	82500001	83500000	364316	0.364316	83000000
chr1	83000001	84000000	487440	0.48744	83500000
chr1	83500001	84500000	620464	0.620464	84000000
chr1	84000001	85000000	545575	0.545575	84500000
chr1	84500001	85500000	429310	0.42931	85000000
chr1	85000001	86000000	343478	0.343478	85500000
chr1	85500001	86500000	351022	0.351022	86000000
chr1	86000001	87000000	468195	0.468195	86500000
chr1	86500001	87500000	500227	0.500227	87000000
chr1	87000001	88000000	361826	0.361826	87500000
chr1	87500001	88500000	302953	0.302953	88000000
chr1	88000001	89000000	390317	0.390317	88500000
chr1	88500001	89500000	397656	0.397656	89000000
chr1	89000001	90000000	416731	0.416731	89500000
chr1	89500001	90500000	505051	0.505051	90000000
chr1	90000001	91000000	557183	0.557183	90500000
chr1	90500001	91500000	562516	0.562516	91000000
chr1	91000001	92000000	495228	0.495228	91500000
chr1	91500001	92500000	527666	0.527666	92000000
chr1	92000001	93000000	593188	0.593188	92500000
chr1	92500001	93500000	511586	0.511586	93000000
chr1	93000001	94000000	456636	0.456636	93500000
chr1	93500001	94500000	410985	0.410985	94000000
chr1	94000001	95000000	410450	0.41045	94500000
chr1	94500001	95500000	451727	0.451727	95000000
chr1	95000001	96000000	443383	0.443383	95500000
chr1	95500001	96500000	402644	0.402644	96000000
chr1	96000001	97000000	394593	0.394593	96500000
chr1	96500001	97500000	371887	0.371887	97000000
chr1	97000001	98000000	295747	0.295747	97500000
chr1	97500001	98500000	384123	0.384123	98000000
chr1	98000001	99000000	459625	0.459625	98500000
chr1	98500001	99500000	475987	0.475987	99000000
chr1	99000001	100000000	493015	0.493015	99500000
chr1	99500001	100500000	449865	0.449865	100000000
chr1	100000001	101000000	434036	0.434036	100500000
chr1	100500001	101500000	408591	0.408591	101000000
chr1	101000001	102000000	496057	0.496057	101500000
chr1	101500001	102500000	588244	0.588244	102000000
chr1	102000001	103000000	622273	0.622273	102500000
chr1	102500001	103500000	533853	0.533853	103000000
chr1	103000001	104000000	409594	0.409594	103500000
chr1	103500001	104500000	455471	0.455471	104000000
chr1	104000001	105000000	410016	0.410016	104500000
chr1	104500001	105500000	435247	0.435247	105000000
chr1	105000001	106000000	509201	0.509201	105500000
chr1	105500001	106500000	482012	0.482012	106000000
chr1	106000001	107000000	487818	0.487818	106500000
chr1	106500001	107500000	524553	0.524553	107000000
chr1	107000001	108000000	503463	0.503463	107500000
chr1	107500001	108500000	708145	0.708145	108000000
chr1	108000001	109000000	739207	0.739207	108500000
chr1	108500001	109500000	523200	0.5232	109000000
chr1	109000001	110000000	586693	0.586693	109500000
chr1	109500001	110500000	604950	0.60495	110000000
chr1	110000001	111000000	588073	0.588073	110500000
chr1	110500001	111500000	542105	0.542105	111000000
chr1	111000001	112000000	464742	0.464742	111500000
chr1	111500001	112500000	454215	0.454215	112000000
chr1	112000001	113000000	414832	0.414832	112500000
chr1	112500001	113500000	394762	0.394762	113000000
chr1	113000001	114000000	397674	0.397674	113500000
chr1	113500001	114500000	423035	0.423035	114000000
chr1	114000001	115000000	486631	0.486631	114500000
chr1	114500001	115500000	402526	0.402526	115000000
chr1	115000001	116000000	321949	0.321949	115500000
chr1	115500001	116500000	352881	0.352881	116000000
chr1	116000001	117000000	452293	0.452293	116500000
chr1	116500001	117500000	471979	0.471979	117000000
chr1	117000001	118000000	409324	0.409324	117500000
chr1	117500001	118500000	324718	0.324718	118000000
chr1	118000001	119000000	351342	0.351342	118500000
chr1	118500001	119500000	467010	0.46701	119000000
chr1	119000001	120000000	485142	0.485142	119500000
chr1	119500001	120500000	485572	0.485572	120000000
chr1	120000001	121000000	472515	0.472515	120500000
chr1	120500001	121500000	575044	0.575044	121000000
chr1	121000001	122000000	590603	0.590603	121500000
chr1	121500001	122500000	574884	0.574884	122000000
chr1	122000001	123000000	664736	0.664736	122500000
chr1	122500001	123500000	683392	0.683392	123000000
chr1	123000001	124000000	547996	0.547996	123500000
chr1	123500001	124500000	710041	0.710041	124000000
chr1	124000001	125000000	998531	0.998531	124500000
chr1	124500001	125500000	998555	0.998555	125000000
chr1	125000001	126000000	767031	0.767031	125500000
chr1	125500001	126500000	469031	0.469031	126000000
chr1	126000001	127000000	485253	0.485253	126500000
chr1	126500001	127500000	774779	0.774779	127000000
chr1	127000001	128000000	984289	0.984289	127500000
chr1	127500001	128500000	994165	0.994165	128000000
chr1	128000001	129000000	696530	0.69653	128500000
chr1	128500001	129500000	472126	0.472126	129000000
chr1	129000001	130000000	507460	0.50746	129500000
chr1	129500001	130500000	429269	0.429269	130000000
chr1	130000001	131000000	401081	0.401081	130500000
chr1	130500001	131500000	430197	0.430197	131000000
chr1	131000001	132000000	447492	0.447492	131500000
chr1	131500001	132500000	469568	0.469568	132000000
chr1	132000001	133000000	545625	0.545625	132500000
chr1	132500001	133500000	538914	0.538914	133000000
chr1	133000001	134000000	510786	0.510786	133500000
chr1	133500001	134500000	428344	0.428344	134000000
chr1	134000001	135000000	438669	0.438669	134500000
chr1	134500001	135500000	483980	0.48398	135000000
chr1	135000001	136000000	418921	0.418921	135500000
chr1	135500001	136500000	348595	0.348595	136000000
chr1	136000001	137000000	309082	0.309082	136500000
chr1	136500001	137500000	328130	0.32813	137000000
chr1	137000001	138000000	288137	0.288137	137500000
chr1	137500001	138500000	314687	0.314687	138000000
chr1	138000001	139000000	371536	0.371536	138500000
chr1	138500001	139500000	378734	0.378734	139000000
chr1	139000001	140000000	382098	0.382098	139500000
chr1	139500001	140500000	453298	0.453298	140000000
chr1	140000001	141000000	446650	0.44665	140500000
chr1	140500001	141500000	290225	0.290225	141000000
chr1	141000001	142000000	241823	0.241823	141500000
chr1	141500001	142500000	292512	0.292512	142000000
chr1	142000001	143000000	378635	0.378635	142500000
chr1	142500001	143500000	536587	0.536587	143000000
chr1	143000001	144000000	564139	0.564139	143500000
chr1	143500001	144500000	441564	0.441564	144000000
chr1	144000001	145000000	362785	0.362785	144500000
chr1	144500001	145500000	350659	0.350659	145000000
chr1	145000001	146000000	337086	0.337086	145500000
chr1	145500001	146500000	395267	0.395267	146000000
chr1	146000001	147000000	526513	0.526513	146500000
chr1	146500001	147500000	490112	0.490112	147000000
chr1	147000001	148000000	450856	0.450856	147500000
chr1	147500001	148500000	487051	0.487051	148000000
chr1	148000001	149000000	438987	0.438987	148500000
chr1	148500001	149500000	418096	0.418096	149000000
chr1	149000001	150000000	384414	0.384414	149500000
chr1	149500001	150500000	374654	0.374654	150000000
chr1	150000001	151000000	423352	0.423352	150500000
chr1	150500001	151500000	431000	0.431	151000000
chr1	151000001	152000000	404924	0.404924	151500000
chr1	151500001	152500000	402898	0.402898	152000000
chr1	152000001	153000000	414715	0.414715	152500000
chr1	152500001	153500000	361431	0.361431	153000000
chr1	153000001	154000000	320676	0.320676	153500000
chr1	153500001	154500000	318502	0.318502	154000000
chr1	154000001	155000000	328846	0.328846	154500000
chr1	154500001	155500000	344368	0.344368	155000000
chr1	155000001	156000000	409757	0.409757	155500000
chr1	155500001	156500000	423417	0.423417	156000000
chr1	156000001	157000000	412674	0.412674	156500000
chr1	156500001	157500000	457218	0.457218	157000000
chr1	157000001	158000000	485710	0.48571	157500000
chr1	157500001	158500000	507102	0.507102	158000000
chr1	158000001	159000000	479931	0.479931	158500000
chr1	158500001	159500000	411683	0.411683	159000000
chr1	159000001	160000000	287225	0.287225	159500000
chr1	159500001	160500000	213160	0.21316	160000000
chr1	160000001	161000000	415956	0.415956	160500000
chr1	160500001	161500000	538510	0.53851	161000000
chr1	161000001	162000000	475934	0.475934	161500000
chr1	161500001	162500000	420971	0.420971	162000000
chr1	162000001	163000000	345694	0.345694	162500000
chr1	162500001	163500000	421499	0.421499	163000000
chr1	163000001	164000000	491330	0.49133	163500000
chr1	163500001	164500000	485773	0.485773	164000000
chr1	164000001	165000000	539499	0.539499	164500000
chr1	164500001	165500000	484571	0.484571	165000000
chr1	165000001	166000000	387430	0.38743	165500000
chr1	165500001	166500000	370860	0.37086	166000000
chr1	166000001	167000000	333944	0.333944	166500000
chr1	166500001	167500000	297403	0.297403	167000000
chr1	167000001	168000000	210615	0.210615	167500000
chr1	167500001	168500000	159984	0.159984	168000000
chr1	168000001	169000000	177765	0.177765	168500000
chr1	168500001	169500000	265859	0.265859	169000000
chr1	169000001	170000000	395883	0.395883	169500000
chr1	169500001	170500000	382744	0.382744	170000000
chr1	170000001	171000000	312923	0.312923	170500000
chr1	170500001	171500000	362569	0.362569	171000000
chr1	171000001	172000000	309883	0.309883	171500000
chr1	171500001	172500000	206084	0.206084	172000000
chr1	172000001	173000000	228649	0.228649	172500000
chr1	172500001	173500000	259875	0.259875	173000000
chr1	173000001	174000000	215499	0.215499	173500000
chr1	173500001	174500000	178760	0.17876	174000000
chr1	174000001	175000000	202524	0.202524	174500000
chr1	174500001	175500000	244029	0.244029	175000000
chr1	175000001	176000000	288964	0.288964	175500000
chr1	175500001	176500000	228359	0.228359	176000000
chr1	176000001	177000000	459213	0.459213	176500000
chr1	176500001	177500000	877552	0.877552	177000000
chr1	177000001	178000000	999774	0.999774	177500000
chr1	177500001	178500000	999887	0.999887	178000000
chr1	178000001	179000000	999900	0.9999	178500000
chr1	178500001	179500000	999868	0.999868	179000000
chr1	179000001	180000000	999953	0.999953	179500000
chr1	179500001	180500000	999985	0.999985	180000000
chr1	180000001	181000000	1000000	1.0	180500000
chr1	180500001	181500000	1000000	1.0	181000000
chr1	181000001	182000000	999891	0.999891	181500000
chr1	181500001	182500000	999780	0.99978	182000000
chr1	182000001	183000000	999889	0.999889	182500000
chr1	182500001	183500000	999898	0.999898	183000000
chr1	183000001	184000000	999898	0.999898	183500000
chr1	183500001	184500000	1000000	1.0	184000000
chr1	184000001	185000000	999898	0.999898	184500000
chr2	1	1000000	763821	0.763821	500000
chr2	500001	1500000	769054	0.769054	1000000
chr2	1000001	2000000	669178	0.669178	1500000
chr2	1500001	2500000	793833	0.793833	2000000
chr2	2000001	3000000	817651	0.817651	2500000
chr2	2500001	3500000	758200	0.7582	3000000
chr2	3000001	4000000	727447	0.727447	3500000
chr2	3500001	4500000	788572	0.788572	4000000
chr2	4000001	5000000	910857	0.910857	4500000
chr2	4500001	5500000	883980	0.88398	5000000
chr2	5000001	6000000	800980	0.80098	5500000
chr2	5500001	6500000	696610	0.69661	6000000
chr2	6000001	7000000	720807	0.720807	6500000
chr2	6500001	7500000	813049	0.813049	7000000
chr2	7000001	8000000	700650	0.70065	7500000
chr2	7500001	8500000	587425	0.587425	8000000
chr2	8000001	9000000	756650	0.75665	8500000
chr2	8500001	9500000	872240	0.87224	9000000
chr2	9000001	10000000	698458	0.698458	9500000
chr2	9500001	10500000	729243	0.729243	10000000
chr2	10000001	11000000	757111	0.757111	10500000
chr2	10500001	11500000	738695	0.738695	11000000
chr2	11000001	12000000	730799	0.730799	11500000
chr2	11500001	12500000	549301	0.549301	12000000
chr2	12000001	13000000	465703	0.465703	12500000
chr2	12500001	13500000	416320	0.41632	13000000
chr2	13000001	14000000	392125	0.392125	13500000
chr2	13500001	14500000	362906	0.362906	14000000
chr2	14000001	15000000	263187	0.263187	14500000
chr2	14500001	15500000	225691	0.225691	15000000
chr2	15000001	16000000	275730	0.27573	15500000
chr2	15500001	16500000	310346	0.310346	16000000
chr2	16000001	17000000	360370	0.36037	16500000
chr2	16500001	17500000	463790	0.46379	17000000
chr2	17000001	18000000	467089	0.467089	17500000
chr2	17500001	18500000	447694	0.447694	18000000
chr2	18000001	19000000	539060	0.53906	18500000
chr2	18500001	19500000	466018	0.466018	19000000
chr2	19000001	20000000	345006	0.345006	19500000
chr2	19500001	20500000	371546	0.371546	20000000
chr2	20000001	21000000	484550	0.48455	20500000
chr2	20500001	21500000	516218	0.516218	21000000
chr2	21000001	22000000	418879	0.418879	21500000
chr2	21500001	22500000	403063	0.403063	22000000
chr2	22000001	23000000	414213	0.414213	22500000
chr2	22500001	23500000	551724	0.551724	23000000
chr2	23000001	24000000	725365	0.725365	23500000
chr2	23500001	24500000	600613	0.600613	24000000
chr2	24000001	25000000	464349	0.464349	24500000
chr2	24500001	25500000	616468	0.616468	25000000
chr2	25000001	26000000	756270	0.75627	25500000
chr2	25500001	26500000	755832	0.755832	26000000
chr2	26000001	27000000	614064	0.614064	26500000
chr2	26500001	27500000	425797	0.425797	27000000
chr2	27000001	28000000	390337	0.390337	27500000
chr2	27500001	28500000	417979	0.417979	28000000
chr2	28000001	29000000	422636	0.422636	28500000
chr2	28500001	29500000	430887	0.430887	29000000
chr2	29000001	30000000	429432	0.429432	29500000
chr2	29500001	30500000	415428	0.415428	30000000
chr2	30000001	31000000	414448	0.414448	30500000
chr2	30500001	31500000	566605	0.566605	31000000
chr2	31000001	32000000	704273	0.704273	31500000
chr2	31500001	32500000	728097	0.728097	32000000
chr2	32000001	33000000	598841	0.598841	32500000
chr2	32500001	33500000	403193	0.403193	33000000
chr2	33000001	34000000	377878	0.377878	33500000
chr2	33500001	34500000	334480	0.33448	34000000
chr2	34000001	35000000	498286	0.498286	34500000
chr2	34500001	35500000	713681	0.713681	35000000
chr2	35000001	36000000	626494	0.626494	35500000
chr2	35500001	36500000	456721	0.456721	36000000
chr2	36000001	37000000	545746	0.545746	36500000
chr2	36500001	37500000	648138	0.648138	37000000
chr2	37000001	38000000	596271	0.596271	37500000
chr2	37500001	38500000	518688	0.518688	38000000
chr2	38000001	39000000	567885	0.567885	38500000
chr2	38500001	39500000	709009	0.709009	39000000
chr2	39000001	40000000	738058	0.738058	39500000
chr2	39500001	40500000	587833	0.587833	40000000
chr2	40000001	41000000	595730	0.59573	40500000
chr2	40500001	41500000	658175	0.658175	41000000
chr2	41000001	42000000	558118	0.558118	41500000
chr2	41500001	42500000	530294	0.530294	42000000
chr2	42000001	43000000	424711	0.424711	42500000
chr2	42500001	43500000	454097	0.454097	43000000
chr2	43000001	44000000	548047	0.548047	43500000
chr2	43500001	44500000	561368	0.561368	44000000
chr2	44000001	45000000	629666	0.629666	44500000
chr2	44500001	45500000	680847	0.680847	45000000
chr2	45000001	46000000	626588	0.626588	45500000
chr2	45500001	46500000	690659	0.690659	46000000
chr2	46000001	47000000	621180	0.62118	46500000
chr2	46500001	47500000	431546	0.431546	47000000
chr2	47000001	48000000	353792	0.353792	47500000
chr2	47500001	48500000	270600	0.2706	48000000
chr2	48000001	49000000	379101	0.379101	48500000
chr2	48500001	49500000	466413	0.466413	49000000
chr2	49000001	50000000	518391	0.518391	49500000
chr2	49500001	50500000	454619	0.454619	50000000
chr2	50000001	51000000	283148	0.283148	50500000
chr2	50500001	51500000	306177	0.306177	51000000
chr2	51000001	52000000	321996	0.321996	51500000
chr2	51500001	52500000	435006	0.435006	52000000
chr2	52000001	53000000	566941	0.566941	52500000
chr2	52500001	53500000	490888	0.490888	53000000
chr2	53000001	54000000	391954	0.391954	53500000
chr2	53500001	54500000	410412	0.410412	54000000
chr2	54000001	55000000	527623	0.527623	54500000
chr2	54500001	55500000	513465	0.513465	55000000
chr2	55000001	56000000	571438	0.571438	55500000
chr2	55500001	56500000	754882	0.754882	56000000
chr2	56000001	57000000	623079	0.623079	56500000
chr2	56500001	57500000	464222	0.464222	57000000
chr2	57000001	58000000	462078	0.462078	57500000
chr2	57500001	58500000	418839	0.418839	58000000
chr2	58000001	59000000	411409	0.411409	58500000
chr2	58500001	59500000	395599	0.395599	59000000
chr2	59000001	60000000	486989	0.486989	59500000
chr2	59500001	60500000	489183	0.489183	60000000
chr2	60000001	61000000	437925	0.437925	60500000
chr2	60500001	61500000	403692	0.403692	61000000
chr2	61000001	62000000	278575	0.278575	61500000
chr2	61500001	62500000	334918	0.334918	62000000
chr2	62000001	63000000	421037	0.421037	62500000
chr2	62500001	63500000	383070	0.38307	63000000
chr2	63000001	64000000	367824	0.367824	63500000
chr2	63500001	64500000	359170	0.35917	64000000
chr2	64000001	65000000	386026	0.386026	64500000
chr2	64500001	65500000	461006	0.461006	65000000
chr2	65000001	66000000	528430	0.52843	65500000
chr2	65500001	66500000	505433	0.505433	66000000
chr2	66000001	67000000	343962	0.343962	66500000
chr2	66500001	67500000	429481	0.429481	67000000
chr2	67000001	68000000	514458	0.514458	67500000
chr2	67500001	68500000	487523	0.487523	68000000
chr2	68000001	69000000	531664	0.531664	68500000
chr2	68500001	69500000	525997	0.525997	69000000
chr2	69000001	70000000	690836	0.690836	69500000
chr2	69500001	70500000	786236	0.786236	70000000
chr2	70000001	71000000	729712	0.729712	70500000
chr2	70500001	71500000	686670	0.68667	71000000
chr2	71000001	72000000	655724	0.655724	71500000
chr2	71500001	72500000	691537	0.691537	72000000
chr2	72000001	73000000	788792	0.788792	72500000
chr2	72500001	73500000	740447	0.740447	73000000
chr2	73000001	74000000	765997	0.765997	73500000
chr2	73500001	74500000	741705	0.741705	74000000
chr2	74000001	75000000	536542	0.536542	74500000
chr2	74500001	75500000	461117	0.461117	75000000
chr2	75000001	76000000	512823	0.512823	75500000
chr2	75500001	76500000	587165	0.587165	76000000
chr2	76000001	77000000	666926	0.666926	76500000
chr2	76500001	77500000	659905	0.659905	77000000
chr2	77000001	78000000	658965	0.658965	77500000
chr2	77500001	78500000	826637	0.826637	78000000
chr2	78000001	79000000	868308	0.868308	78500000
chr2	78500001	79500000	888366	0.888366	79000000
chr2	79000001	80000000	959382	0.959382	79500000
chr2	79500001	80500000	989396	0.989396	80000000
chr2	80000001	81000000	992006	0.992006	80500000
chr2	80500001	81500000	992106	0.992106	81000000
chr2	81000001	82000000	1000000	1.0	81500000
chr2	81500001	82500000	998339	0.998339	82000000
chr2	82000001	83000000	981642	0.981642	82500000
chr2	82500001	83500000	934971	0.934971	83000000
chr2	83000001	84000000	935827	0.935827	83500000
chr2	83500001	84500000	972220	0.97222	84000000
chr2	84000001	85000000	988033	0.988033	84500000
chr2	84500001	85500000	997288	0.997288	85000000
chr2	85000001	86000000	994243	0.994243	85500000
chr2	85500001	86500000	996927	0.996927	86000000
chr2	86000001	87000000	1000000	1.0	86500000
chr2	86500001	87500000	997191	0.997191	87000000
chr2	87000001	88000000	981676	0.981676	87500000
chr2	87500001	88500000	969439	0.969439	88000000
chr2	88000001	89000000	964488	0.964488	88500000
chr2	88500001	89500000	954665	0.954665	89000000
chr2	89000001	90000000	924129	0.924129	89500000
chr2	89500001	90500000	929042	0.929042	90000000
chr2	90000001	91000000	962390	0.96239	90500000
chr2	90500001	91500000	902364	0.902364	91000000
chr2	91000001	92000000	848061	0.848061	91500000
chr2	91500001	92500000	892304	0.892304	92000000
chr2	92000001	93000000	908116	0.908116	92500000
chr2	92500001	93500000	918899	0.918899	93000000
chr2	93000001	94000000	962090	0.96209	93500000
chr2	93500001	94500000	958942	0.958942	94000000
chr2	94000001	95000000	953542	0.953542	94500000
chr2	94500001	95500000	965325	0.965325	95000000
chr2	95000001	96000000	909950	0.90995	95500000
chr2	95500001	96500000	897168	0.897168	96000000
chr2	96000001	97000000	922287	0.922287	96500000
chr2	96500001	97500000	907622	0.907622	97000000
chr2	97000001	98000000	942221	0.942221	97500000
chr2	97500001	98500000	961814	0.961814	98000000
chr2	98000001	99000000	952001	0.952001	98500000
chr2	98500001	99500000	959151	0.959151	99000000
chr2	99000001	100000000	967748	0.967748	99500000
chr2	99500001	100500000	951191	0.951191	100000000
chr2	100000001	101000000	939316	0.939316	100500000
chr2	100500001	101500000	948658	0.948658	101000000
chr2	101000001	102000000	935436	0.935436	101500000
chr2	101500001	102500000	937379	0.937379	102000000
chr2	102000001	103000000	926810	0.92681	102500000
chr2	102500001	103500000	934033	0.934033	103000000
chr2	103000001	104000000	955982	0.955982	103500000
chr2	103500001	104500000	941828	0.941828	104000000
chr2	104000001	105000000	954860	0.95486	104500000
chr2	104500001	105500000	964946	0.964946	105000000
chr2	105000001	106000000	937024	0.937024	105500000
chr2	105500001	106500000	948614	0.948614	106000000
chr2	106000001	107000000	992448	0.992448	106500000
chr2	106500001	107500000	999997	0.999997	107000000
chr2	107000001	108000000	999997	0.999997	107500000
chr2	107500001	108500000	1000000	1.0	108000000
chr2	108000001	109000000	999889	0.999889	108500000
chr2	108500001	109500000	999879	0.999879	109000000
chr2	109000001	110000000	997305	0.997305	109500000
chr2	109500001	110500000	997315	0.997315	110000000
chr2	110000001	111000000	1000000	1.0	110500000
chr2	110500001	111500000	1000000	1.0	111000000
chr2	111000001	112000000	982797	0.982797	111500000
chr2	111500001	112500000	967971	0.967971	112000000
chr2	112000001	113000000	941466	0.941466	112500000
chr2	112500001	113500000	931804	0.931804	113000000
chr2	113000001	114000000	960962	0.960962	113500000
chr2	113500001	114500000	939486	0.939486	114000000
chr2	114000001	115000000	937987	0.937987	114500000
chr2	114500001	115500000	962366	0.962366	115000000
chr2	115000001	116000000	952971	0.952971	115500000
chr2	115500001	116500000	961922	0.961922	116000000
chr2	116000001	117000000	943660	0.94366	116500000
chr2	116500001	117500000	931533	0.931533	117000000
chr2	117000001	118000000	950168	0.950168	117500000
chr2	117500001	118500000	928699	0.928699	118000000
chr2	118000001	119000000	911880	0.91188	118500000
chr2	118500001	119500000	934476	0.934476	119000000
chr2	119000001	120000000	954326	0.954326	119500000
chr2	119500001	120500000	857030	0.85703	120000000
chr2	120000001	121000000	731698	0.731698	120500000
chr2	120500001	121500000	658403	0.658403	121000000
chr2	121000001	122000000	583733	0.583733	121500000
chr2	121500001	122500000	557603	0.557603	122000000
chr2	122000001	123000000	567450	0.56745	122500000
chr2	122500001	123500000	503493	0.503493	123000000
chr2	123000001	124000000	514977	0.514977	123500000
chr2	123500001	124500000	518371	0.518371	124000000
chr2	124000001	125000000	414959	0.414959	124500000
chr2	124500001	125500000	441963	0.441963	125000000
chr2	125000001	126000000	458783	0.458783	125500000
chr2	125500001	126500000	389320	0.38932	126000000
chr2	126000001	127000000	334597	0.334597	126500000
chr2	126500001	127500000	353985	0.353985	127000000
chr2	127000001	128000000	408213	0.408213	127500000
chr2	127500001	128500000	344400	0.3444	128000000
chr2	128000001	129000000	331890	0.33189	128500000
chr2	128500001	129500000	375217	0.375217	129000000
chr2	129000001	130000000	369110	0.36911	129500000
chr2	129500001	130500000	365110	0.36511	130000000
chr2	130000001	131000000	385908	0.385908	130500000
chr2	130500001	131500000	467987	0.467987	131000000
chr2	131000001	132000000	425622	0.425622	131500000
chr2	131500001	132500000	375023	0.375023	132000000
chr2	132000001	133000000	421988	0.421988	132500000
chr2	132500001	133500000	453736	0.453736	133000000
chr2	133000001	134000000	448301	0.448301	133500000
chr2	133500001	134500000	435315	0.435315	134000000
chr2	134000001	135000000	423874	0.423874	134500000
chr2	134500001	135500000	388585	0.388585	135000000
chr2	135000001	136000000	376479	0.376479	135500000
chr2	135500001	136500000	410365	0.410365	136000000
chr2	136000001	137000000	457390	0.45739	136500000
chr2	136500001	137500000	446030	0.44603	137000000
chr2	137000001	138000000	413375	0.413375	137500000
chr2	137500001	138500000	407197	0.407197	138000000
chr2	138000001	139000000	374983	0.374983	138500000
chr2	138500001	139500000	332842	0.332842	139000000
chr2	139000001	140000000	377466	0.377466	139500000
chr2	139500001	140500000	456070	0.45607	140000000
chr2	140000001	141000000	414828	0.414828	140500000
chr2	140500001	141500000	360725	0.360725	141000000
chr2	141000001	142000000	375235	0.375235	141500000
chr2	141500001	142500000	367566	0.367566	142000000
chr2	142000001	143000000	400931	0.400931	142500000
chr2	142500001	143500000	430317	0.430317	143000000
chr2	143000001	144000000	406165	0.406165	143500000
chr2	143500001	144500000	404318	0.404318	144000000
chr2	144000001	145000000	454680	0.45468	144500000
chr2	144500001	145500000	404397	0.404397	145000000
chr2	145000001	146000000	342665	0.342665	145500000
chr2	145500001	146500000	342332	0.342332	146000000
chr2	146000001	147000000	315281	0.315281	146500000
chr2	146500001	147500000	369046	0.369046	147000000
chr2	147000001	148000000	432754	0.432754	147500000
chr2	147500001	148500000	355248	0.355248	148000000
chr2	148000001	149000000	373399	0.373399	148500000
chr2	148500001	149500000	515389	0.515389	149000000
chr2	149000001	150000000	465023	0.465023	149500000
chr2	149500001	150500000	358643	0.358643	150000000
chr2	150000001	151000000	356283	0.356283	150500000
chr2	150500001	151500000	333138	0.333138	151000000
chr2	151000001	152000000	308357	0.308357	151500000
chr2	151500001	152500000	322374	0.322374	152000000
chr2	152000001	153000000	327905	0.327905	152500000
chr2	152500001	153500000	347363	0.347363	153000000
chr2	153000001	154000000	303370	0.30337	153500000
chr2	153500001	154500000	253037	0.253037	154000000
chr2	154000001	155000000	282826	0.282826	154500000
chr2	154500001	155500000	247582	0.247582	155000000
chr2	155000001	156000000	173112	0.173112	155500000
chr2	155500001	156500000	188928	0.188928	156000000
chr2	156000001	157000000	260056	0.260056	156500000
chr2	156500001	157500000	441184	0.441184	157000000
chr2	157000001	158000000	788006	0.788006	157500000
chr3	1	1000000	810395	0.810395	500000
chr3	500001	1500000	570637	0.570637	1000000
chr3	1000001	2000000	501128	0.501128	1500000
chr3	1500001	2500000	470274	0.470274	2000000
chr3	2000001	3000000	373541	0.373541	2500000
chr3	2500001	3500000	313748	0.313748	3000000
chr3	3000001	4000000	414185	0.414185	3500000
chr3	3500001	4500000	468394	0.468394	4000000
chr3	4000001	5000000	386616	0.386616	4500000
chr3	4500001	5500000	413386	0.413386	5000000
chr3	5000001	6000000	462279	0.462279	5500000
chr3	5500001	6500000	383254	0.383254	6000000
chr3	6000001	7000000	357807	0.357807	6500000
chr3	6500001	7500000	361870	0.36187	7000000
chr3	7000001	8000000	335759	0.335759	7500000
chr3	7500001	8500000	341167	0.341167	8000000
chr3	8000001	9000000	407362	0.407362	8500000
chr3	8500001	9500000	563771	0.563771	9000000
chr3	9000001	10000000	837329	0.837329	9500000
chr3	9500001	10500000	999800	0.9998	10000000
chr3	10000001	11000000	999900	0.9999	10500000
chr3	10500001	11500000	1000000	1.0	11000000
chr3	11000001	12000000	1000000	1.0	11500000
chr3	11500001	12500000	1000000	1.0	12000000
chr3	12000001	13000000	999950	0.99995	12500000
chr3	12500001	13500000	999877	0.999877	13000000
chr3	13000001	14000000	956825	0.956825	13500000
chr3	13500001	14500000	914673	0.914673	14000000
chr3	14000001	15000000	941641	0.941641	14500000
chr3	14500001	15500000	956905	0.956905	15000000
chr3	15000001	16000000	954947	0.954947	15500000
chr3	15500001	16500000	964041	0.964041	16000000
chr3	16000001	17000000	956946	0.956946	16500000
chr3	16500001	17500000	952273	0.952273	17000000
chr3	17000001	18000000	955527	0.955527	17500000
chr3	17500001	18500000	959447	0.959447	18000000
chr3	18000001	19000000	965512	0.965512	18500000
chr3	18500001	19500000	893723	0.893723	19000000
chr3	19000001	20000000	615472	0.615472	19500000
chr3	19500001	20500000	458519	0.458519	20000000
chr3	20000001	21000000	467367	0.467367	20500000
chr3	20500001	21500000	443931	0.443931	21000000
chr3	21000001	22000000	523943	0.523943	21500000
chr3	21500001	22500000	516489	0.516489	22000000
chr3	22000001	23000000	384578	0.384578	22500000
chr3	22500001	23500000	378963	0.378963	23000000
chr3	23000001	24000000	452304	0.452304	23500000
chr3	23500001	24500000	492917	0.492917	24000000
chr3	24000001	25000000	527661	0.527661	24500000
chr3	24500001	25500000	447049	0.447049	25000000
chr3	25000001	26000000	420344	0.420344	25500000
chr3	25500001	26500000	465343	0.465343	26000000
chr3	26000001	27000000	423718	0.423718	26500000
chr3	26500001	27500000	445220	0.44522	27000000
chr3	27000001	28000000	504198	0.504198	27500000
chr3	27500001	28500000	488125	0.488125	28000000
chr3	28000001	29000000	430936	0.430936	28500000
chr3	28500001	29500000	490272	0.490272	29000000
chr3	29000001	30000000	610349	0.610349	29500000
chr3	29500001	30500000	543922	0.543922	30000000
chr3	30000001	31000000	347273	0.347273	30500000
chr3	30500001	31500000	288401	0.288401	31000000
chr3	31000001	32000000	283759	0.283759	31500000
chr3	31500001	32500000	314925	0.314925	32000000
chr3	32000001	33000000	399135	0.399135	32500000
chr3	32500001	33500000	378990	0.37899	33000000
chr3	33000001	34000000	335451	0.335451	33500000
chr3	33500001	34500000	369856	0.369856	34000000
chr3	34000001	35000000	392269	0.392269	34500000
chr3	34500001	35500000	475926	0.475926	35000000
chr3	35000001	36000000	553124	0.553124	35500000
chr3	35500001	36500000	512981	0.512981	36000000
chr3	36000001	37000000	478060	0.47806	36500000
chr3	36500001	37500000	432242	0.432242	37000000
chr3	37000001	38000000	385297	0.385297	37500000
chr3	37500001	38500000	332751	0.332751	38000000
chr3	38000001	39000000	336184	0.336184	38500000
chr3	38500001	39500000	420582	0.420582	39000000
chr3	39000001	40000000	382522	0.382522	39500000
chr3	39500001	40500000	365964	0.365964	40000000
chr3	40000001	41000000	465009	0.465009	40500000
chr3	40500001	41500000	461975	0.461975	41000000
chr3	41000001	42000000	384939	0.384939	41500000
chr3	41500001	42500000	401909	0.401909	42000000
chr3	42000001	43000000	436991	0.436991	42500000
chr3	42500001	43500000	448630	0.44863	43000000
chr3	43000001	44000000	540159	0.540159	43500000
chr3	43500001	44500000	518099	0.518099	44000000
chr3	44000001	45000000	441628	0.441628	44500000
chr3	44500001	45500000	423391	0.423391	45000000
chr3	45000001	46000000	418957	0.418957	45500000
chr3	45500001	46500000	519572	0.519572	46000000
chr3	46000001	47000000	540085	0.540085	46500000
chr3	46500001	47500000	411310	0.41131	47000000
chr3	47000001	48000000	378438	0.378438	47500000
chr3	47500001	48500000	444407	0.444407	48000000
chr3	48000001	49000000	506631	0.506631	48500000
chr3	48500001	49500000	415470	0.41547	49000000
chr3	49000001	50000000	253389	0.253389	49500000
chr3	49500001	50500000	300468	0.300468	50000000
chr3	50000001	51000000	444490	0.44449	50500000
chr3	50500001	51500000	450178	0.450178	51000000
chr3	51000001	52000000	430466	0.430466	51500000
chr3	51500001	52500000	460104	0.460104	52000000
chr3	52000001	53000000	421020	0.42102	52500000
chr3	52500001	53500000	386719	0.386719	53000000
chr3	53000001	54000000	353290	0.35329	53500000
chr3	53500001	54500000	309272	0.309272	54000000
chr3	54000001	55000000	363868	0.363868	54500000
chr3	54500001	55500000	478719	0.478719	55000000
chr3	55000001	56000000	530630	0.53063	55500000
chr3	55500001	56500000	467114	0.467114	56000000
chr3	56000001	57000000	426213	0.426213	56500000
chr3	56500001	57500000	453480	0.45348	57000000
chr3	57000001	58000000	460701	0.460701	57500000
chr3	57500001	58500000	511276	0.511276	58000000
chr3	58000001	59000000	481924	0.481924	58500000
chr3	58500001	59500000	395077	0.395077	59000000
chr3	59000001	60000000	412701	0.412701	59500000
chr3	59500001	60500000	438132	0.438132	60000000
chr3	60000001	61000000	397294	0.397294	60500000
chr3	60500001	61500000	362663	0.362663	61000000
chr3	61000001	62000000	357687	0.357687	61500000
chr3	61500001	62500000	371484	0.371484	62000000
chr3	62000001	63000000	329609	0.329609	62500000
chr3	62500001	63500000	306057	0.306057	63000000
chr3	63000001	64000000	345784	0.345784	63500000
chr3	63500001	64500000	348607	0.348607	64000000
chr3	64000001	65000000	336155	0.336155	64500000
chr3	64500001	65500000	336354	0.336354	65000000
chr3	65000001	66000000	388617	0.388617	65500000
chr3	65500001	66500000	358969	0.358969	66000000
chr3	66000001	67000000	331885	0.331885	66500000
chr3	66500001	67500000	356639	0.356639	67000000
chr3	67000001	68000000	326287	0.326287	67500000
chr3	67500001	68500000	244149	0.244149	68000000
chr3	68000001	69000000	289449	0.289449	68500000
chr3	68500001	69500000	385190	0.38519	69000000
chr3	69000001	70000000	376313	0.376313	69500000
chr3	69500001	70500000	379105	0.379105	70000000
chr3	70000001	71000000	401410	0.40141	70500000
chr3	70500001	71500000	441076	0.441076	71000000
chr3	71000001	72000000	458741	0.458741	71500000
chr3	71500001	72500000	384425	0.384425	72000000
chr3	72000001	73000000	323451	0.323451	72500000
chr3	72500001	73500000	318914	0.318914	73000000
chr3	73000001	74000000	307428	0.307428	73500000
chr3	73500001	74500000	316850	0.31685	74000000
chr3	74000001	75000000	334808	0.334808	74500000
chr3	74500001	75500000	304837	0.304837	75000000
chr3	75000001	76000000	275334	0.275334	75500000
chr3	75500001	76500000	368671	0.368671	76000000
chr3	76000001	77000000	505624	0.505624	76500000
chr3	76500001	77500000	584302	0.584302	77000000
chr3	77000001	78000000	598299	0.598299	77500000
chr3	77500001	78500000	559960	0.55996	78000000
chr3	78000001	79000000	491332	0.491332	78500000
chr3	78500001	79500000	472533	0.472533	79000000
chr3	79000001	80000000	448786	0.448786	79500000
chr3	79500001	80500000	413420	0.41342	80000000
chr3	80000001	81000000	491370	0.49137	80500000
chr3	80500001	81500000	565357	0.565357	81000000
chr3	81000001	82000000	553934	0.553934	81500000
chr3	81500001	82500000	533790	0.53379	82000000
chr3	82000001	83000000	456138	0.456138	82500000
chr3	82500001	83500000	428619	0.428619	83000000
chr3	83000001	84000000	459732	0.459732	83500000
chr3	83500001	84500000	496615	0.496615	84000000
chr3	84000001	85000000	465340	0.46534	84500000
chr3	84500001	85500000	390527	0.390527	85000000
chr3	85000001	86000000	449409	0.449409	85500000
chr3	85500001	86500000	549616	0.549616	86000000
chr3	86000001	87000000	598066	0.598066	86500000
chr3	86500001	87500000	548183	0.548183	87000000
chr3	87000001	88000000	495333	0.495333	87500000
chr3	87500001	88500000	444303	0.444303	88000000
chr3	88000001	89000000	419631	0.419631	88500000
chr3	88500001	89500000	441817	0.441817	89000000
chr3	89000001	90000000	443589	0.443589	89500000
chr3	89500001	90500000	433567	0.433567	90000000
chr3	90000001	91000000	447188	0.447188	90500000
chr3	90500001	91500000	456136	0.456136	91000000
chr3	91000001	92000000	464020	0.46402	91500000
chr3	91500001	92500000	388515	0.388515	92000000
chr3	92000001	93000000	327139	0.327139	92500000
chr3	92500001	93500000	393871	0.393871	93000000
chr3	93000001	94000000	395895	0.395895	93500000
chr3	93500001	94500000	446892	0.446892	94000000
chr3	94000001	95000000	479048	0.479048	94500000
chr3	94500001	95500000	413080	0.41308	95000000
chr3	95000001	96000000	385150	0.38515	95500000
chr3	95500001	96500000	363681	0.363681	96000000
chr3	96000001	97000000	383935	0.383935	96500000
chr3	96500001	97500000	430031	0.430031	97000000
chr3	97000001	98000000	418865	0.418865	97500000
chr3	97500001	98500000	463435	0.463435	98000000
chr3	98000001	99000000	480665	0.480665	98500000
chr3	98500001	99500000	424764	0.424764	99000000
chr3	99000001	100000000	432417	0.432417	99500000
chr3	99500001	100500000	398783	0.398783	100000000
chr3	100000001	101000000	400051	0.400051	100500000
chr3	100500001	101500000	453385	0.453385	101000000
chr3	101000001	102000000	549955	0.549955	101500000
chr3	101500001	102500000	667759	0.667759	102000000
chr3	102000001	103000000	779508	0.779508	102500000
chr3	102500001	103500000	760849	0.760849	103000000
chr3	103000001	104000000	489123	0.489123	103500000
chr3	103500001	104500000	464222	0.464222	104000000
chr3	104000001	105000000	694169	0.694169	104500000
chr3	104500001	105500000	570883	0.570883	105000000
chr3	105000001	106000000	318266	0.318266	105500000
chr3	105500001	106500000	425651	0.425651	106000000
chr3	106000001	107000000	698721	0.698721	106500000
chr3	106500001	107500000	786634	0.786634	107000000
chr3	107000001	108000000	784638	0.784638	107500000
chr3	107500001	108500000	690579	0.690579	108000000
chr3	108000001	109000000	539911	0.539911	108500000
chr3	108500001	109500000	465648	0.465648	109000000
chr3	109000001	110000000	433709	0.433709	109500000
chr3	109500001	110500000	514027	0.514027	110000000
chr3	110000001	111000000	580364	0.580364	110500000
chr3	110500001	111500000	580038	0.580038	111000000
chr3	111000001	112000000	591446	0.591446	111500000
chr3	111500001	112500000	578658	0.578658	112000000
chr3	112000001	113000000	595025	0.595025	112500000
chr3	112500001	113500000	681797	0.681797	113000000
chr3	113000001	114000000	695867	0.695867	113500000
chr3	113500001	114500000	649598	0.649598	114000000
chr3	114000001	115000000	668095	0.668095	114500000
chr3	114500001	115500000	683108	0.683108	115000000
chr3	115000001	116000000	628744	0.628744	115500000
chr3	115500001	116500000	662616	0.662616	116000000
chr3	116000001	117000000	747301	0.747301	116500000
chr3	116500001	117500000	649501	0.649501	117000000
chr3	117000001	118000000	479734	0.479734	117500000
chr3	117500001	118500000	420248	0.420248	118000000
chr3	118000001	119000000	454322	0.454322	118500000
chr3	118500001	119500000	541745	0.541745	119000000
chr3	119000001	120000000	486392	0.486392	119500000
chr3	119500001	120500000	350253	0.350253	120000000
chr3	120000001	121000000	345987	0.345987	120500000
chr3	120500001	121500000	397638	0.397638	121000000
chr3	121000001	122000000	410404	0.410404	121500000
chr3	121500001	122500000	381965	0.381965	122000000
chr3	122000001	123000000	363279	0.363279	122500000
chr3	122500001	123500000	350764	0.350764	123000000
chr3	123000001	124000000	366879	0.366879	123500000
chr3	123500001	124500000	528431	0.528431	124000000
chr3	124000001	125000000	571268	0.571268	124500000
chr3	124500001	125500000	609281	0.609281	125000000
chr3	125000001	126000000	634837	0.634837	125500000
chr3	125500001	126500000	505753	0.505753	126000000
chr3	126000001	127000000	440423	0.440423	126500000
chr3	126500001	127500000	371545	0.371545	127000000
chr3	127000001	128000000	473861	0.473861	127500000
chr3	127500001	128500000	466634	0.466634	128000000
chr3	128000001	129000000	456846	0.456846	128500000
chr3	128500001	129500000	488889	0.488889	129000000
chr3	129000001	130000000	361035	0.361035	129500000
chr3	129500001	130500000	337317	0.337317	130000000
chr3	130000001	131000000	353017	0.353017	130500000
chr3	130500001	131500000	386649	0.386649	131000000
chr3	131000001	132000000	341840	0.34184	131500000
chr3	131500001	132500000	270778	0.270778	132000000
chr3	132000001	133000000	328146	0.328146	132500000
chr3	132500001	133500000	410029	0.410029	133000000
chr3	133000001	134000000	398363	0.398363	133500000
chr3	133500001	134500000	392724	0.392724	134000000
chr3	134000001	135000000	350334	0.350334	134500000
chr3	134500001	135500000	358030	0.35803	135000000
chr3	135000001	136000000	361826	0.361826	135500000
chr3	135500001	136500000	331562	0.331562	136000000
chr3	136000001	137000000	344440	0.34444	136500000
chr3	136500001	137500000	420567	0.420567	137000000
chr3	137000001	138000000	465799	0.465799	137500000
chr3	137500001	138500000	393955	0.393955	138000000
chr3	138000001	139000000	444690	0.44469	138500000
chr3	138500001	139500000	439020	0.43902	139000000
chr3	139000001	140000000	384963	0.384963	139500000
chr3	139500001	140500000	366929	0.366929	140000000
chr3	140000001	141000000	323006	0.323006	140500000
chr3	140500001	141500000	304465	0.304465	141000000
chr3	141000001	142000000	330901	0.330901	141500000
chr3	141500001	142500000	315351	0.315351	142000000
chr3	142000001	143000000	299992	0.299992	142500000
chr3	142500001	143500000	318693	0.318693	143000000
chr3	143000001	144000000	362755	0.362755	143500000
chr3	143500001	144500000	443915	0.443915	144000000
chr3	144000001	145000000	414110	0.41411	144500000
chr3	144500001	145500000	387834	0.387834	145000000
chr3	145000001	146000000	476012	0.476012	145500000
chr3	145500001	146500000	500479	0.500479	146000000
chr3	146000001	147000000	448762	0.448762	146500000
chr3	146500001	147500000	487142	0.487142	147000000
chr3	147000001	148000000	519274	0.519274	147500000
chr3	147500001	148500000	449220	0.44922	148000000
chr3	148000001	149000000	454218	0.454218	148500000
chr3	148500001	149500000	437703	0.437703	149000000
chr3	149000001	150000000	397727	0.397727	149500000
chr3	149500001	150500000	629452	0.629452	150000000
chr3	150000001	151000000	902483	0.902483	150500000
chr3	150500001	151500000	984111	0.984111	151000000
chr3	151000001	152000000	998624	0.998624	151500000
chr4	1	1000000	908738	0.908738	500000
chr4	500001	1500000	812358	0.812358	1000000
chr4	1000001	2000000	536806	0.536806	1500000
chr4	1500001	2500000	563709	0.563709	2000000
chr4	2000001	3000000	837656	0.837656	2500000
chr4	2500001	3500000	753154	0.753154	3000000
chr4	3000001	4000000	673014	0.673014	3500000
chr4	3500001	4500000	621083	0.621083	4000000
chr4	4000001	5000000	678708	0.678708	4500000
chr4	4500001	5500000	887944	0.887944	5000000
chr4	5000001	6000000	831886	0.831886	5500000
chr4	5500001	6500000	840032	0.840032	6000000
chr4	6000001	7000000	913437	0.913437	6500000
chr4	6500001	7500000	908881	0.908881	7000000
chr4	7000001	8000000	899745	0.899745	7500000
chr4	7500001	8500000	925188	0.925188	8000000
chr4	8000001	9000000	909648	0.909648	8500000
chr4	8500001	9500000	678742	0.678742	9000000
chr4	9000001	10000000	601458	0.601458	9500000
chr4	9500001	10500000	672416	0.672416	10000000
chr4	10000001	11000000	791582	0.791582	10500000
chr4	10500001	11500000	960576	0.960576	11000000
chr4	11000001	12000000	944373	0.944373	11500000
chr4	11500001	12500000	690937	0.690937	12000000
chr4	12000001	13000000	535125	0.535125	12500000
chr4	12500001	13500000	556107	0.556107	13000000
chr4	13000001	14000000	536185	0.536185	13500000
chr4	13500001	14500000	610293	0.610293	14000000
chr4	14000001	15000000	684379	0.684379	14500000
chr4	14500001	15500000	686804	0.686804	15000000
chr4	15000001	16000000	568153	0.568153	15500000
chr4	15500001	16500000	495666	0.495666	16000000
chr4	16000001	17000000	605015	0.605015	16500000
chr4	16500001	17500000	707086	0.707086	17000000
chr4	17000001	18000000	566065	0.566065	17500000
chr4	17500001	18500000	421767	0.421767	18000000
chr4	18000001	19000000	421134	0.421134	18500000
chr4	18500001	19500000	435302	0.435302	19000000
chr4	19000001	20000000	367572	0.367572	19500000
chr4	19500001	20500000	348829	0.348829	20000000
chr4	20000001	21000000	471118	0.471118	20500000
chr4	20500001	21500000	496033	0.496033	21000000
chr4	21000001	22000000	407847	0.407847	21500000
chr4	21500001	22500000	403231	0.403231	22000000
chr4	22000001	23000000	441416	0.441416	22500000
chr4	22500001	23500000	421218	0.421218	23000000
chr4	23000001	24000000	428528	0.428528	23500000
chr4	23500001	24500000	453823	0.453823	24000000
chr4	24000001	25000000	410602	0.410602	24500000
chr4	24500001	25500000	387480	0.38748	25000000
chr4	25000001	26000000	418505	0.418505	25500000
chr4	25500001	26500000	468871	0.468871	26000000
chr4	26000001	27000000	511253	0.511253	26500000
chr4	26500001	27500000	411298	0.411298	27000000
chr4	27000001	28000000	423519	0.423519	27500000
chr4	27500001	28500000	467443	0.467443	28000000
chr4	28000001	29000000	418131	0.418131	28500000
chr4	28500001	29500000	469007	0.469007	29000000
chr4	29000001	30000000	417871	0.417871	29500000
chr4	29500001	30500000	310956	0.310956	30000000
chr4	30000001	31000000	283415	0.283415	30500000
chr4	30500001	31500000	311650	0.31165	31000000
chr4	31000001	32000000	383342	0.383342	31500000
chr4	31500001	32500000	418402	0.418402	32000000
chr4	32000001	33000000	386649	0.386649	32500000
chr4	32500001	33500000	355903	0.355903	33000000
chr4	33000001	34000000	401447	0.401447	33500000
chr4	33500001	34500000	478558	0.478558	34000000
chr4	34000001	35000000	493024	0.493024	34500000
chr4	34500001	35500000	367477	0.367477	35000000
chr4	35000001	36000000	243862	0.243862	35500000
chr4	35500001	36500000	275876	0.275876	36000000
chr4	36000001	37000000	325627	0.325627	36500000
chr4	36500001	37500000	380073	0.380073	37000000
chr4	37000001	38000000	364371	0.364371	37500000
chr4	37500001	38500000	343740	0.34374	38000000
chr4	38000001	39000000	453674	0.453674	38500000
chr4	38500001	39500000	477448	0.477448	39000000
chr4	39000001	40000000	404702	0.404702	39500000
chr4	39500001	40500000	433986	0.433986	40000000
chr4	40000001	41000000	481941	0.481941	40500000
chr4	40500001	41500000	400829	0.400829	41000000
chr4	41000001	42000000	284008	0.284008	41500000
chr4	41500001	42500000	267740	0.26774	42000000
chr4	42000001	43000000	272873	0.272873	42500000
chr4	42500001	43500000	248934	0.248934	43000000
chr4	43000001	44000000	211564	0.211564	43500000
chr4	43500001	44500000	212515	0.212515	44000000
chr4	44000001	45000000	264348	0.264348	44500000
chr4	44500001	45500000	234027	0.234027	45000000
chr4	45000001	46000000	229597	0.229597	45500000
chr4	45500001	46500000	275417	0.275417	46000000
chr4	46000001	47000000	315838	0.315838	46500000
chr4	46500001	47500000	438632	0.438632	47000000
chr4	47000001	48000000	518881	0.518881	47500000
chr4	47500001	48500000	474631	0.474631	48000000
chr4	48000001	49000000	330212	0.330212	48500000
chr4	48500001	49500000	329287	0.329287	49000000
chr4	49000001	50000000	436930	0.43693	49500000
chr4	49500001	50500000	504175	0.504175	50000000
chr4	50000001	51000000	507695	0.507695	50500000
chr4	50500001	51500000	473061	0.473061	51000000
chr4	51000001	52000000	478750	0.47875	51500000
chr4	51500001	52500000	471098	0.471098	52000000
chr4	52000001	53000000	466180	0.46618	52500000
chr4	52500001	53500000	360735	0.360735	53000000
chr4	53000001	54000000	363029	0.363029	53500000
chr4	53500001	54500000	442887	0.442887	54000000
chr4	54000001	55000000	475129	0.475129	54500000
chr4	54500001	55500000	487893	0.487893	55000000
chr4	55000001	56000000	527188	0.527188	55500000
chr4	55500001	56500000	595148	0.595148	56000000
chr4	56000001	57000000	585735	0.585735	56500000
chr4	56500001	57500000	521917	0.521917	57000000
chr4	57000001	58000000	476890	0.47689	57500000
chr4	57500001	58500000	558602	0.558602	58000000
chr4	58000001	59000000	629918	0.629918	58500000
chr4	58500001	59500000	625210	0.62521	59000000
chr4	59000001	60000000	670825	0.670825	59500000
chr4	59500001	60500000	721741	0.721741	60000000
chr4	60000001	61000000	645007	0.645007	60500000
chr4	60500001	61500000	513516	0.513516	61000000
chr4	61000001	62000000	427872	0.427872	61500000
chr4	61500001	62500000	429035	0.429035	62000000
chr4	62000001	63000000	402490	0.40249	62500000
chr4	62500001	63500000	304812	0.304812	63000000
chr4	63000001	64000000	281865	0.281865	63500000
chr4	63500001	64500000	274571	0.274571	64000000
chr4	64000001	65000000	275941	0.275941	64500000
chr4	64500001	65500000	411050	0.41105	65000000
chr4	65000001	66000000	481941	0.481941	65500000
chr4	65500001	66500000	411574	0.411574	66000000
chr4	66000001	67000000	388497	0.388497	66500000
chr4	66500001	67500000	385755	0.385755	67000000
chr4	67000001	68000000	373275	0.373275	67500000
chr4	67500001	68500000	360860	0.36086	68000000
chr4	68000001	69000000	415367	0.415367	68500000
chr4	68500001	69500000	458162	0.458162	69000000
chr4	69000001	70000000	447016	0.447016	69500000
chr4	69500001	70500000	455822	0.455822	70000000
chr4	70000001	71000000	466468	0.466468	70500000
chr4	70500001	71500000	448081	0.448081	71000000
chr4	71000001	72000000	428163	0.428163	71500000
chr4	71500001	72500000	390287	0.390287	72000000
chr4	72000001	73000000	354527	0.354527	72500000
chr4	72500001	73500000	333396	0.333396	73000000
chr4	73000001	74000000	338079	0.338079	73500000
chr4	73500001	74500000	328577	0.328577	74000000
chr4	74000001	75000000	373187	0.373187	74500000
chr4	74500001	75500000	418112	0.418112	75000000
chr4	75000001	76000000	438850	0.43885	75500000
chr4	75500001	76500000	421877	0.421877	76000000
chr4	76000001	77000000	337746	0.337746	76500000
chr4	76500001	77500000	307409	0.307409	77000000
chr4	77000001	78000000	349560	0.34956	77500000
chr4	77500001	78500000	332964	0.332964	78000000
chr4	78000001	79000000	284593	0.284593	78500000
chr4	78500001	79500000	295133	0.295133	79000000
chr4	79000001	80000000	271926	0.271926	79500000
chr4	79500001	80500000	331556	0.331556	80000000
chr4	80000001	81000000	382617	0.382617	80500000
chr4	80500001	81500000	398984	0.398984	81000000
chr4	81000001	82000000	422205	0.422205	81500000
chr4	81500001	82500000	457365	0.457365	82000000
chr4	82000001	83000000	433435	0.433435	82500000
chr4	82500001	83500000	436454	0.436454	83000000
chr4	83000001	84000000	395716	0.395716	83500000
chr4	83500001	84500000	292033	0.292033	84000000
chr4	84000001	85000000	397881	0.397881	84500000
chr4	84500001	85500000	443377	0.443377	85000000
chr4	85000001	86000000	413666	0.413666	85500000
chr4	85500001	86500000	445912	0.445912	86000000
chr4	86000001	87000000	469824	0.469824	86500000
chr4	86500001	87500000	495016	0.495016	87000000
chr4	87000001	88000000	486153	0.486153	87500000
chr4	87500001	88500000	547173	0.547173	88000000
chr4	88000001	89000000	709780	0.70978	88500000
chr4	88500001	89500000	668915	0.668915	89000000
chr4	89000001	90000000	528797	0.528797	89500000
chr4	89500001	90500000	464727	0.464727	90000000
chr4	90000001	91000000	372343	0.372343	90500000
chr4	90500001	91500000	429078	0.429078	91000000
chr4	91000001	92000000	570449	0.570449	91500000
chr4	91500001	92500000	693175	0.693175	92000000
chr4	92000001	93000000	765838	0.765838	92500000
chr4	92500001	93500000	764476	0.764476	93000000
chr4	93000001	94000000	764431	0.764431	93500000
chr4	93500001	94500000	712874	0.712874	94000000
chr4	94000001	95000000	601025	0.601025	94500000
chr4	94500001	95500000	484142	0.484142	95000000
chr4	95000001	96000000	408073	0.408073	95500000
chr4	95500001	96500000	401932	0.401932	96000000
chr4	96000001	97000000	436139	0.436139	96500000
chr4	96500001	97500000	452602	0.452602	97000000
chr4	97000001	98000000	557718	0.557718	97500000
chr4	97500001	98500000	623584	0.623584	98000000
chr4	98000001	99000000	708553	0.708553	98500000
chr4	98500001	99500000	868581	0.868581	99000000
chr4	99000001	100000000	781677	0.781677	99500000
chr4	99500001	100500000	533168	0.533168	100000000
chr4	100000001	101000000	411066	0.411066	100500000
chr4	100500001	101500000	363522	0.363522	101000000
chr4	101000001	102000000	295092	0.295092	101500000
chr4	101500001	102500000	321149	0.321149	102000000
chr4	102000001	103000000	392839	0.392839	102500000
chr4	102500001	103500000	457798	0.457798	103000000
chr4	103000001	104000000	489392	0.489392	103500000
chr4	103500001	104500000	649511	0.649511	104000000
chr4	104000001	105000000	751698	0.751698	104500000
chr4	104500001	105500000	656694	0.656694	105000000
chr4	105000001	106000000	725428	0.725428	105500000
chr4	105500001	106500000	892856	0.892856	106000000
chr4	106000001	107000000	923593	0.923593	106500000
chr4	106500001	107500000	892830	0.89283	107000000
chr4	107000001	108000000	891942	0.891942	107500000
chr4	107500001	108500000	890647	0.890647	108000000
chr4	108000001	109000000	891245	0.891245	108500000
chr4	108500001	109500000	922554	0.922554	109000000
chr4	109000001	110000000	930851	0.930851	109500000
chr4	109500001	110500000	898146	0.898146	110000000
chr4	110000001	111000000	921245	0.921245	110500000
chr4	110500001	111500000	917758	0.917758	111000000
chr4	111000001	112000000	872924	0.872924	111500000
chr4	111500001	112500000	770334	0.770334	112000000
chr4	112000001	113000000	548822	0.548822	112500000
chr4	112500001	113500000	604812	0.604812	113000000
chr4	113000001	114000000	739541	0.739541	113500000
chr4	113500001	114500000	669532	0.669532	114000000
chr4	114000001	115000000	719051	0.719051	114500000
chr4	114500001	115500000	872285	0.872285	115000000
chr4	115000001	116000000	954078	0.954078	115500000
chr4	115500001	116500000	926354	0.926354	116000000
chr4	116000001	117000000	898917	0.898917	116500000
chr4	116500001	117500000	866878	0.866878	117000000
chr4	117000001	118000000	802028	0.802028	117500000
chr4	117500001	118500000	861632	0.861632	118000000
chr4	118000001	119000000	928803	0.928803	118500000
chr4	118500001	119500000	887268	0.887268	119000000
chr4	119000001	120000000	863124	0.863124	119500000
chr4	119500001	120500000	894671	0.894671	120000000
chr4	120000001	121000000	867075	0.867075	120500000
chr4	120500001	121500000	886078	0.886078	121000000
chr4	121000001	122000000	936757	0.936757	121500000
chr4	121500001	122500000	913032	0.913032	122000000
chr4	122000001	123000000	891409	0.891409	122500000
chr4	122500001	123500000	862617	0.862617	123000000
chr4	123000001	124000000	861992	0.861992	123500000
chr4	123500001	124500000	873872	0.873872	124000000
chr4	124000001	125000000	944441	0.944441	124500000
chr4	124500001	125500000	999379	0.999379	125000000
chr4	125000001	126000000	999977	0.999977	125500000
chr4	125500001	126500000	999977	0.999977	126000000
chr4	126000001	127000000	999909	0.999909	126500000
chr4	126500001	127500000	999911	0.999911	127000000
chr4	127000001	128000000	994136	0.994136	127500000
chr4	127500001	128500000	978190	0.97819	128000000
chr4	128000001	129000000	984033	0.984033	128500000
chr4	128500001	129500000	1000000	1.0	129000000
chr4	129000001	130000000	1000000	1.0	129500000
chr4	129500001	130500000	999945	0.999945	130000000
chr4	130000001	131000000	999944	0.999944	130500000
chr4	130500001	131500000	999938	0.999938	131000000
chr4	131000001	132000000	999908	0.999908	131500000
chr4	131500001	132500000	999860	0.99986	132000000
chr4	132000001	133000000	999890	0.99989	132500000
chr4	132500001	133500000	955015	0.955015	133000000
chr4	133000001	134000000	815275	0.815275	133500000
chr4	133500001	134500000	685587	0.685587	134000000
chr4	134000001	135000000	672933	0.672933	134500000
chr4	134500001	135500000	758757	0.758757	135000000
chr4	135000001	136000000	804484	0.804484	135500000
chr4	135500001	136500000	858680	0.85868	136000000
chr4	136000001	137000000	881023	0.881023	136500000
chr4	136500001	137500000	869345	0.869345	137000000
chr4	137000001	138000000	886639	0.886639	137500000
chr4	137500001	138500000	853816	0.853816	138000000
chr4	138000001	139000000	831452	0.831452	138500000
chr4	138500001	139500000	865491	0.865491	139000000
chr4	139000001	140000000	833027	0.833027	139500000
chr4	139500001	140500000	861180	0.86118	140000000
chr4	140000001	141000000	914397	0.914397	140500000
chr4	140500001	141500000	858703	0.858703	141000000
chr4	141000001	142000000	883692	0.883692	141500000
chr4	141500001	142500000	894348	0.894348	142000000
chr4	142000001	143000000	739269	0.739269	142500000
chr4	142500001	143500000	696235	0.696235	143000000
chr4	143000001	144000000	831809	0.831809	143500000
chr4	143500001	144500000	882227	0.882227	144000000
chr4	144000001	145000000	909696	0.909696	144500000
chr4	144500001	145500000	913033	0.913033	145000000
chr4	145000001	146000000	865003	0.865003	145500000
chr4	145500001	146500000	810750	0.81075	146000000
chr4	146000001	147000000	858697	0.858697	146500000
chr4	146500001	147500000	917481	0.917481	147000000
chr4	147000001	148000000	933534	0.933534	147500000
chr4	147500001	148500000	962094	0.962094	148000000
chr4	148000001	149000000	968254	0.968254	148500000
chr4	148500001	149500000	986409	0.986409	149000000
chr4	149000001	150000000	999936	0.999936	149500000
chr4	149500001	150500000	999859	0.999859	150000000
chr4	150000001	151000000	999859	0.999859	150500000
chr4	150500001	151500000	999968	0.999968	151000000
chr5	1	1000000	999993	0.999993	500000
chr5	500001	1500000	1000000	1.0	1000000
chr5	1000001	2000000	1000000	1.0	1500000
chr5	1500001	2500000	999987	0.999987	2000000
chr5	2000001	3000000	999987	0.999987	2500000
chr5	2500001	3500000	1000000	1.0	3000000
chr5	3000001	4000000	997121	0.997121	3500000
chr5	3500001	4500000	997020	0.99702	4000000
chr5	4000001	5000000	797132	0.797132	4500000
chr5	4500001	5500000	504573	0.504573	5000000
chr5	5000001	6000000	299776	0.299776	5500000
chr5	5500001	6500000	243243	0.243243	6000000
chr5	6000001	7000000	289548	0.289548	6500000
chr5	6500001	7500000	251803	0.251803	7000000
chr5	7000001	8000000	221255	0.221255	7500000
chr5	7500001	8500000	244925	0.244925	8000000
chr5	8000001	9000000	298022	0.298022	8500000
chr5	8500001	9500000	320293	0.320293	9000000
chr5	9000001	10000000	321550	0.32155	9500000
chr5	9500001	10500000	347081	0.347081	10000000
chr5	10000001	11000000	458069	0.458069	10500000
chr5	10500001	11500000	560344	0.560344	11000000
chr5	11000001	12000000	568957	0.568957	11500000
chr5	11500001	12500000	452533	0.452533	12000000
chr5	12000001	13000000	262194	0.262194	12500000
chr5	12500001	13500000	251351	0.251351	13000000
chr5	13000001	14000000	337183	0.337183	13500000
chr5	13500001	14500000	397516	0.397516	14000000
chr5	14000001	15000000	374715	0.374715	14500000
chr5	14500001	15500000	331882	0.331882	15000000
chr5	15000001	16000000	365926	0.365926	15500000
chr5	15500001	16500000	372242	0.372242	16000000
chr5	16000001	17000000	347321	0.347321	16500000
chr5	16500001	17500000	309846	0.309846	17000000
chr5	17000001	18000000	345724	0.345724	17500000
chr5	17500001	18500000	373691	0.373691	18000000
chr5	18000001	19000000	347304	0.347304	18500000
chr5	18500001	19500000	366124	0.366124	19000000
chr5	19000001	20000000	335035	0.335035	19500000
chr5	19500001	20500000	323804	0.323804	20000000
chr5	20000001	21000000	365459	0.365459	20500000
chr5	20500001	21500000	349759	0.349759	21000000
chr5	21000001	22000000	324734	0.324734	21500000
chr5	21500001	22500000	354682	0.354682	22000000
chr5	22000001	23000000	414991	0.414991	22500000
chr5	22500001	23500000	380110	0.38011	23000000
chr5	23000001	24000000	325684	0.325684	23500000
chr5	23500001	24500000	398455	0.398455	24000000
chr5	24000001	25000000	459603	0.459603	24500000
chr5	24500001	25500000	394589	0.394589	25000000
chr5	25000001	26000000	365147	0.365147	25500000
chr5	25500001	26500000	491811	0.491811	26000000
chr5	26000001	27000000	530720	0.53072	26500000
chr5	26500001	27500000	435904	0.435904	27000000
chr5	27000001	28000000	403657	0.403657	27500000
chr5	27500001	28500000	450127	0.450127	28000000
chr5	28000001	29000000	448177	0.448177	28500000
chr5	28500001	29500000	452696	0.452696	29000000
chr5	29000001	30000000	462434	0.462434	29500000
chr5	29500001	30500000	366959	0.366959	30000000
chr5	30000001	31000000	387613	0.387613	30500000
chr5	30500001	31500000	441145	0.441145	31000000
chr5	31000001	32000000	471694	0.471694	31500000
chr5	31500001	32500000	494370	0.49437	32000000
chr5	32000001	33000000	462954	0.462954	32500000
chr5	32500001	33500000	449659	0.449659	33000000
chr5	33000001	34000000	428241	0.428241	33500000
chr5	33500001	34500000	386283	0.386283	34000000
chr5	34000001	35000000	363547	0.363547	34500000
chr5	34500001	35500000	416395	0.416395	35000000
chr5	35000001	36000000	445983	0.445983	35500000
chr5	35500001	36500000	435317	0.435317	36000000
chr5	36000001	37000000	446469	0.446469	36500000
chr5	36500001	37500000	432875	0.432875	37000000
chr5	37000001	38000000	394556	0.394556	37500000
chr5	37500001	38500000	403143	0.403143	38000000
chr5	38000001	39000000	443175	0.443175	38500000
chr5	38500001	39500000	461780	0.46178	39000000
chr5	39000001	40000000	445544	0.445544	39500000
chr5	39500001	40500000	414500	0.4145	40000000
chr5	40000001	41000000	426179	0.426179	40500000
chr5	40500001	41500000	370828	0.370828	41000000
chr5	41000001	42000000	310280	0.31028	41500000
chr5	41500001	42500000	288258	0.288258	42000000
chr5	42000001	43000000	246204	0.246204	42500000
chr5	42500001	43500000	230016	0.230016	43000000
chr5	43000001	44000000	276009	0.276009	43500000
chr5	43500001	44500000	386405	0.386405	44000000
chr5	44000001	45000000	435027	0.435027	44500000
chr5	44500001	45500000	428880	0.42888	45000000
chr5	45000001	46000000	439824	0.439824	45500000
chr5	45500001	46500000	445323	0.445323	46000000
chr5	46000001	47000000	359198	0.359198	46500000
chr5	46500001	47500000	354483	0.354483	47000000
chr5	47000001	48000000	403839	0.403839	47500000
chr5	47500001	48500000	439441	0.439441	48000000
chr5	48000001	49000000	471967	0.471967	48500000
chr5	48500001	49500000	484941	0.484941	49000000
chr5	49000001	50000000	540896	0.540896	49500000
chr5	49500001	50500000	514681	0.514681	50000000
chr5	50000001	51000000	488068	0.488068	50500000
chr5	50500001	51500000	544463	0.544463	51000000
chr5	51000001	52000000	529663	0.529663	51500000
chr5	51500001	52500000	460879	0.460879	52000000
chr5	52000001	53000000	551675	0.551675	52500000
chr5	52500001	53500000	700934	0.700934	53000000
chr5	53000001	54000000	601976	0.601976	53500000
chr5	53500001	54500000	454386	0.454386	54000000
chr5	54000001	55000000	447906	0.447906	54500000
chr5	54500001	55500000	364805	0.364805	55000000
chr5	55000001	56000000	360896	0.360896	55500000
chr5	55500001	56500000	440353	0.440353	56000000
chr5	56000001	57000000	431818	0.431818	56500000
chr5	56500001	57500000	370165	0.370165	57000000
chr5	57000001	58000000	374226	0.374226	57500000
chr5	57500001	58500000	479767	0.479767	58000000
chr5	58000001	59000000	516213	0.516213	58500000
chr5	58500001	59500000	497423	0.497423	59000000
chr5	59000001	60000000	495416	0.495416	59500000
chr5	59500001	60500000	487029	0.487029	60000000
chr5	60000001	61000000	363534	0.363534	60500000
chr5	60500001	61500000	303544	0.303544	61000000
chr5	61000001	62000000	429836	0.429836	61500000
chr5	61500001	62500000	535714	0.535714	62000000
chr5	62000001	63000000	570286	0.570286	62500000
chr5	62500001	63500000	504934	0.504934	63000000
chr5	63000001	64000000	549175	0.549175	63500000
chr5	63500001	64500000	524625	0.524625	64000000
chr5	64000001	65000000	373479	0.373479	64500000
chr5	64500001	65500000	359784	0.359784	65000000
chr5	65000001	66000000	392326	0.392326	65500000
chr5	65500001	66500000	431520	0.43152	66000000
chr5	66000001	67000000	403144	0.403144	66500000
chr5	66500001	67500000	387773	0.387773	67000000
chr5	67000001	68000000	473220	0.47322	67500000
chr5	67500001	68500000	440458	0.440458	68000000
chr5	68000001	69000000	362494	0.362494	68500000
chr5	68500001	69500000	435214	0.435214	69000000
chr5	69000001	70000000	458812	0.458812	69500000
chr5	69500001	70500000	480723	0.480723	70000000
chr5	70000001	71000000	500064	0.500064	70500000
chr5	70500001	71500000	480125	0.480125	71000000
chr5	71000001	72000000	484588	0.484588	71500000
chr5	71500001	72500000	422475	0.422475	72000000
chr5	72000001	73000000	527294	0.527294	72500000
chr5	72500001	73500000	547175	0.547175	73000000
chr5	73000001	74000000	414117	0.414117	73500000
chr5	73500001	74500000	452719	0.452719	74000000
chr5	74000001	75000000	475757	0.475757	74500000
chr5	74500001	75500000	487475	0.487475	75000000
chr5	75000001	76000000	534067	0.534067	75500000
chr5	75500001	76500000	540631	0.540631	76000000
chr5	76000001	77000000	529865	0.529865	76500000
chr5	76500001	77500000	500527	0.500527	77000000
chr5	77000001	78000000	449164	0.449164	77500000
chr5	77500001	78500000	499295	0.499295	78000000
chr5	78000001	79000000	548006	0.548006	78500000
chr5	78500001	79500000	596576	0.596576	79000000
chr5	79000001	80000000	581624	0.581624	79500000
chr5	79500001	80500000	474567	0.474567	80000000
chr5	80000001	81000000	421037	0.421037	80500000
chr5	80500001	81500000	491733	0.491733	81000000
chr5	81000001	82000000	790859	0.790859	81500000
chr5	81500001	82500000	997365	0.997365	82000000
chr5	82000001	83000000	890303	0.890303	82500000
chr5	82500001	83500000	627120	0.62712	83000000
chr5	83000001	84000000	448804	0.448804	83500000
chr5	83500001	84500000	450950	0.45095	84000000
chr5	84000001	85000000	426052	0.426052	84500000
chr5	84500001	85500000	393008	0.393008	85000000
chr5	85000001	86000000	377158	0.377158	85500000
chr5	85500001	86500000	354149	0.354149	86000000
chr5	86000001	87000000	311756	0.311756	86500000
chr5	86500001	87500000	294503	0.294503	87000000
chr5	87000001	88000000	399931	0.399931	87500000
chr5	87500001	88500000	519388	0.519388	88000000
chr5	88000001	89000000	545252	0.545252	88500000
chr5	88500001	89500000	500254	0.500254	89000000
chr5	89000001	90000000	531373	0.531373	89500000
chr5	89500001	90500000	478716	0.478716	90000000
chr5	90000001	91000000	412701	0.412701	90500000
chr5	90500001	91500000	477341	0.477341	91000000
chr5	91000001	92000000	510778	0.510778	91500000
chr5	91500001	92500000	533829	0.533829	92000000
chr5	92000001	93000000	532531	0.532531	92500000
chr5	92500001	93500000	481447	0.481447	93000000
chr5	93000001	94000000	382139	0.382139	93500000
chr5	93500001	94500000	339223	0.339223	94000000
chr5	94000001	95000000	374238	0.374238	94500000
chr5	94500001	95500000	498387	0.498387	95000000
chr5	95000001	96000000	606366	0.606366	95500000
chr5	95500001	96500000	589833	0.589833	96000000
chr5	96000001	97000000	512997	0.512997	96500000
chr5	96500001	97500000	359389	0.359389	97000000
chr5	97000001	98000000	371185	0.371185	97500000
chr5	97500001	98500000	417228	0.417228	98000000
chr5	98000001	99000000	446666	0.446666	98500000
chr5	98500001	99500000	427466	0.427466	99000000
chr5	99000001	100000000	400147	0.400147	99500000
chr5	99500001	100500000	441798	0.441798	100000000
chr5	100000001	101000000	488617	0.488617	100500000
chr5	100500001	101500000	479993	0.479993	101000000
chr5	101000001	102000000	438318	0.438318	101500000
chr5	101500001	102500000	496068	0.496068	102000000
chr5	102000001	103000000	460710	0.46071	102500000
chr5	102500001	103500000	415499	0.415499	103000000
chr5	103000001	104000000	481774	0.481774	103500000
chr5	103500001	104500000	624857	0.624857	104000000
chr5	104000001	105000000	645626	0.645626	104500000
chr5	104500001	105500000	515030	0.51503	105000000
chr5	105000001	106000000	509309	0.509309	105500000
chr5	105500001	106500000	566529	0.566529	106000000
chr5	106000001	107000000	518747	0.518747	106500000
chr5	106500001	107500000	572008	0.572008	107000000
chr5	107000001	108000000	654307	0.654307	107500000
chr5	107500001	108500000	571680	0.57168	108000000
chr5	108000001	109000000	593052	0.593052	108500000
chr5	108500001	109500000	685698	0.685698	109000000
chr5	109000001	110000000	590948	0.590948	109500000
chr5	109500001	110500000	401575	0.401575	110000000
chr5	110000001	111000000	417354	0.417354	110500000
chr5	110500001	111500000	578244	0.578244	111000000
chr5	111000001	112000000	571071	0.571071	111500000
chr5	111500001	112500000	528878	0.528878	112000000
chr5	112000001	113000000	510770	0.51077	112500000
chr5	112500001	113500000	446431	0.446431	113000000
chr5	113000001	114000000	488545	0.488545	113500000
chr5	113500001	114500000	590628	0.590628	114000000
chr5	114000001	115000000	579149	0.579149	114500000
chr5	114500001	115500000	513605	0.513605	115000000
chr5	115000001	116000000	511818	0.511818	115500000
chr5	115500001	116500000	478802	0.478802	116000000
chr5	116000001	117000000	427769	0.427769	116500000
chr5	116500001	117500000	492411	0.492411	117000000
chr5	117000001	118000000	569207	0.569207	117500000
chr5	117500001	118500000	514457	0.514457	118000000
chr5	118000001	119000000	398531	0.398531	118500000
chr5	118500001	119500000	427813	0.427813	119000000
chr5	119000001	120000000	434769	0.434769	119500000
chr5	119500001	120500000	452900	0.4529	120000000
chr5	120000001	121000000	514523	0.514523	120500000
chr5	120500001	121500000	483177	0.483177	121000000
chr5	121000001	122000000	432122	0.432122	121500000
chr5	121500001	122500000	425294	0.425294	122000000
chr5	122000001	123000000	407347	0.407347	122500000
chr5	122500001	123500000	409217	0.409217	123000000
chr5	123000001	124000000	415065	0.415065	123500000
chr5	123500001	124500000	384436	0.384436	124000000
chr5	124000001	125000000	442762	0.442762	124500000
chr5	124500001	125500000	460863	0.460863	125000000
chr5	125000001	126000000	424140	0.42414	125500000
chr5	125500001	126500000	501485	0.501485	126000000
chr5	126000001	127000000	527934	0.527934	126500000
chr5	126500001	127500000	430307	0.430307	127000000
chr5	127000001	128000000	474577	0.474577	127500000
chr5	127500001	128500000	518374	0.518374	128000000
chr5	128000001	129000000	462563	0.462563	128500000
chr5	128500001	129500000	459402	0.459402	129000000
chr5	129000001	130000000	461608	0.461608	129500000
chr5	129500001	130500000	427105	0.427105	130000000
chr5	130000001	131000000	403383	0.403383	130500000
chr5	130500001	131500000	341322	0.341322	131000000
chr5	131000001	132000000	383539	0.383539	131500000
chr5	131500001	132500000	495741	0.495741	132000000
chr5	132000001	133000000	475739	0.475739	132500000
chr5	132500001	133500000	484066	0.484066	133000000
chr5	133000001	134000000	502053	0.502053	133500000
chr5	133500001	134500000	495995	0.495995	134000000
chr5	134000001	135000000	485000	0.485	134500000
chr5	134500001	135500000	454646	0.454646	135000000
chr5	135000001	136000000	458131	0.458131	135500000
chr5	135500001	136500000	419611	0.419611	136000000
chr5	136000001	137000000	428778	0.428778	136500000
chr5	136500001	137500000	616224	0.616224	137000000
chr5	137000001	138000000	869761	0.869761	137500000
chr5	137500001	138500000	994975	0.994975	138000000
chr5	138000001	139000000	999093	0.999093	138500000
chr5	138500001	139500000	998249	0.998249	139000000
chr5	139000001	140000000	995848	0.995848	139500000
chr5	139500001	140500000	996141	0.996141	140000000
chr5	140000001	141000000	992907	0.992907	140500000
chr5	140500001	141500000	988663	0.988663	141000000
chr5	141000001	142000000	989977	0.989977	141500000
chr5	141500001	142500000	989034	0.989034	142000000
chr6	1	1000000	503143	0.503143	500000
chr6	500001	1500000	595392	0.595392	1000000
chr6	1000001	2000000	609476	0.609476	1500000
chr6	1500001	2500000	444762	0.444762	2000000
chr6	2000001	3000000	317269	0.317269	2500000
chr6	2500001	3500000	342192	0.342192	3000000
chr6	3000001	4000000	413300	0.4133	3500000
chr6	3500001	4500000	437413	0.437413	4000000
chr6	4000001	5000000	421668	0.421668	4500000
chr6	4500001	5500000	351147	0.351147	5000000
chr6	5000001	6000000	351788	0.351788	5500000
chr6	5500001	6500000	448428	0.448428	6000000
chr6	6000001	7000000	488719	0.488719	6500000
chr6	6500001	7500000	479539	0.479539	7000000
chr6	7000001	8000000	495571	0.495571	7500000
chr6	7500001	8500000	499607	0.499607	8000000
chr6	8000001	9000000	428339	0.428339	8500000
chr6	8500001	9500000	338535	0.338535	9000000
chr6	9000001	10000000	295270	0.29527	9500000
chr6	9500001	10500000	398452	0.398452	10000000
chr6	10000001	11000000	508807	0.508807	10500000
chr6	10500001	11500000	467960	0.46796	11000000
chr6	11000001	12000000	496167	0.496167	11500000
chr6	11500001	12500000	503697	0.503697	12000000
chr6	12000001	13000000	483776	0.483776	12500000
chr6	12500001	13500000	521337	0.521337	13000000
chr6	13000001	14000000	504503	0.504503	13500000
chr6	13500001	14500000	451559	0.451559	14000000
chr6	14000001	15000000	411881	0.411881	14500000
chr6	14500001	15500000	454030	0.45403	15000000
chr6	15000001	16000000	446112	0.446112	15500000
chr6	15500001	16500000	373028	0.373028	16000000
chr6	16000001	17000000	323286	0.323286	16500000
chr6	16500001	17500000	310649	0.310649	17000000
chr6	17000001	18000000	358411	0.358411	17500000
chr6	17500001	18500000	415948	0.415948	18000000
chr6	18000001	19000000	362367	0.362367	18500000
chr6	18500001	19500000	379129	0.379129	19000000
chr6	19000001	20000000	401597	0.401597	19500000
chr6	19500001	20500000	341149	0.341149	20000000
chr6	20000001	21000000	376869	0.376869	20500000
chr6	20500001	21500000	357989	0.357989	21000000
chr6	21000001	22000000	340860	0.34086	21500000
chr6	21500001	22500000	387215	0.387215	22000000
chr6	22000001	23000000	388820	0.38882	22500000
chr6	22500001	23500000	381735	0.381735	23000000
chr6	23000001	24000000	342361	0.342361	23500000
chr6	23500001	24500000	301768	0.301768	24000000
chr6	24000001	25000000	270684	0.270684	24500000
chr6	24500001	25500000	375420	0.37542	25000000
chr6	25000001	26000000	468060	0.46806	25500000
chr6	25500001	26500000	387665	0.387665	26000000
chr6	26000001	27000000	310040	0.31004	26500000
chr6	26500001	27500000	350586	0.350586	27000000
chr6	27000001	28000000	399760	0.39976	27500000
chr6	27500001	28500000	347366	0.347366	28000000
chr6	28000001	29000000	385556	0.385556	28500000
chr6	28500001	29500000	490540	0.49054	29000000
chr6	29000001	30000000	447975	0.447975	29500000
chr6	29500001	30500000	393579	0.393579	30000000
chr6	30000001	31000000	440371	0.440371	30500000
chr6	30500001	31500000	630408	0.630408	31000000
chr6	31000001	32000000	803942	0.803942	31500000
chr6	31500001	32500000	661478	0.661478	32000000
chr6	32000001	33000000	452465	0.452465	32500000
chr6	32500001	33500000	360140	0.36014	33000000
chr6	33000001	34000000	315319	0.315319	33500000
chr6	33500001	34500000	330322	0.330322	34000000
chr6	34000001	35000000	397603	0.397603	34500000
chr6	34500001	35500000	406647	0.406647	35000000
chr6	35000001	36000000	398786	0.398786	35500000
chr6	35500001	36500000	436752	0.436752	36000000
chr6	36000001	37000000	407595	0.407595	36500000
chr6	36500001	37500000	393969	0.393969	37000000
chr6	37000001	38000000	399377	0.399377	37500000
chr6	37500001	38500000	338126	0.338126	38000000
chr6	38000001	39000000	330320	0.33032	38500000
chr6	38500001	39500000	279418	0.279418	39000000
chr6	39000001	40000000	279524	0.279524	39500000
chr6	39500001	40500000	356003	0.356003	40000000
chr6	40000001	41000000	397027	0.397027	40500000
chr6	40500001	41500000	432118	0.432118	41000000
chr6	41000001	42000000	463816	0.463816	41500000
chr6	41500001	42500000	474544	0.474544	42000000
chr6	42000001	43000000	444680	0.44468	42500000
chr6	42500001	43500000	421114	0.421114	43000000
chr6	43000001	44000000	427120	0.42712	43500000
chr6	43500001	44500000	411737	0.411737	44000000
chr6	44000001	45000000	351893	0.351893	44500000
chr6	44500001	45500000	371482	0.371482	45000000
chr6	45000001	46000000	399838	0.399838	45500000
chr6	45500001	46500000	406112	0.406112	46000000
chr6	46000001	47000000	343250	0.34325	46500000
chr6	46500001	47500000	258383	0.258383	47000000
chr6	47000001	48000000	290273	0.290273	47500000
chr6	47500001	48500000	376603	0.376603	48000000
chr6	48000001	49000000	462674	0.462674	48500000
chr6	48500001	49500000	423317	0.423317	49000000
chr6	49000001	50000000	283042	0.283042	49500000
chr6	49500001	50500000	320936	0.320936	50000000
chr6	50000001	51000000	479556	0.479556	50500000
chr6	50500001	51500000	485458	0.485458	51000000
chr6	51000001	52000000	514704	0.514704	51500000
chr6	51500001	52500000	433697	0.433697	52000000
chr6	52000001	53000000	379655	0.379655	52500000
chr6	52500001	53500000	511637	0.511637	53000000
chr6	53000001	54000000	446429	0.446429	53500000
chr6	53500001	54500000	359944	0.359944	54000000
chr6	54000001	55000000	409821	0.409821	54500000
chr6	54500001	55500000	407845	0.407845	55000000
chr6	55000001	56000000	376639	0.376639	55500000
chr6	55500001	56500000	386289	0.386289	56000000
chr6	56000001	57000000	372402	0.372402	56500000
chr6	56500001	57500000	339784	0.339784	57000000
chr6	57000001	58000000	319216	0.319216	57500000
chr6	57500001	58500000	357905	0.357905	58000000
chr6	58000001	59000000	355484	0.355484	58500000
chr6	58500001	59500000	341000	0.341	59000000
chr6	59000001	60000000	291060	0.29106	59500000
chr6	59500001	60500000	345979	0.345979	60000000
chr6	60000001	61000000	428650	0.42865	60500000
chr6	60500001	61500000	422142	0.422142	61000000
chr6	61000001	62000000	603326	0.603326	61500000
chr6	61500001	62500000	559462	0.559462	62000000
chr6	62000001	63000000	405106	0.405106	62500000
chr6	62500001	63500000	472813	0.472813	63000000
chr6	63000001	64000000	520921	0.520921	63500000
chr6	63500001	64500000	463141	0.463141	64000000
chr6	64000001	65000000	420479	0.420479	64500000
chr6	64500001	65500000	464853	0.464853	65000000
chr6	65000001	66000000	438233	0.438233	65500000
chr6	65500001	66500000	368832	0.368832	66000000
chr6	66000001	67000000	344374	0.344374	66500000
chr6	66500001	67500000	415049	0.415049	67000000
chr6	67000001	68000000	436697	0.436697	67500000
chr6	67500001	68500000	456255	0.456255	68000000
chr6	68000001	69000000	473384	0.473384	68500000
chr6	68500001	69500000	474389	0.474389	69000000
chr6	69000001	70000000	454334	0.454334	69500000
chr6	69500001	70500000	386144	0.386144	70000000
chr6	70000001	71000000	406648	0.406648	70500000
chr6	70500001	71500000	369236	0.369236	71000000
chr6	71000001	72000000	316447	0.316447	71500000
chr6	71500001	72500000	408923	0.408923	72000000
chr6	72000001	73000000	506449	0.506449	72500000
chr6	72500001	73500000	544747	0.544747	73000000
chr6	73000001	74000000	549674	0.549674	73500000
chr6	73500001	74500000	563801	0.563801	74000000
chr6	74000001	75000000	538207	0.538207	74500000
chr6	74500001	75500000	441618	0.441618	75000000
chr6	75000001	76000000	499398	0.499398	75500000
chr6	75500001	76500000	501713	0.501713	76000000
chr6	76000001	77000000	389452	0.389452	76500000
chr6	76500001	77500000	343344	0.343344	77000000
chr6	77000001	78000000	416318	0.416318	77500000
chr6	77500001	78500000	463636	0.463636	78000000
chr6	78000001	79000000	433581	0.433581	78500000
chr6	78500001	79500000	490306	0.490306	79000000
chr6	79000001	80000000	505108	0.505108	79500000
chr6	79500001	80500000	445945	0.445945	80000000
chr6	80000001	81000000	389099	0.389099	80500000
chr6	80500001	81500000	410050	0.41005	81000000
chr6	81000001	82000000	457544	0.457544	81500000
chr6	81500001	82500000	488354	0.488354	82000000
chr6	82000001	83000000	495158	0.495158	82500000
chr6	82500001	83500000	497341	0.497341	83000000
chr6	83000001	84000000	506414	0.506414	83500000
chr6	83500001	84500000	499274	0.499274	84000000
chr6	84000001	85000000	553954	0.553954	84500000
chr6	84500001	85500000	525547	0.525547	85000000
chr6	85000001	86000000	523082	0.523082	85500000
chr6	85500001	86500000	556649	0.556649	86000000
chr6	86000001	87000000	549014	0.549014	86500000
chr6	86500001	87500000	461811	0.461811	87000000
chr6	87000001	88000000	439263	0.439263	87500000
chr6	87500001	88500000	535147	0.535147	88000000
chr6	88000001	89000000	493797	0.493797	88500000
chr6	88500001	89500000	481172	0.481172	89000000
chr6	89000001	90000000	485437	0.485437	89500000
chr6	89500001	90500000	523111	0.523111	90000000
chr6	90000001	91000000	542216	0.542216	90500000
chr6	90500001	91500000	511740	0.51174	91000000
chr6	91000001	92000000	482728	0.482728	91500000
chr6	91500001	92500000	545951	0.545951	92000000
chr6	92000001	93000000	478266	0.478266	92500000
chr6	92500001	93500000	321591	0.321591	93000000
chr6	93000001	94000000	397547	0.397547	93500000
chr6	93500001	94500000	449542	0.449542	94000000
chr6	94000001	95000000	495748	0.495748	94500000
chr6	94500001	95500000	472423	0.472423	95000000
chr6	95000001	96000000	439159	0.439159	95500000
chr6	95500001	96500000	440239	0.440239	96000000
chr6	96000001	97000000	375836	0.375836	96500000
chr6	96500001	97500000	449657	0.449657	97000000
chr6	97000001	98000000	548160	0.54816	97500000
chr6	97500001	98500000	567211	0.567211	98000000
chr6	98000001	99000000	584814	0.584814	98500000
chr6	98500001	99500000	482264	0.482264	99000000
chr6	99000001	100000000	400276	0.400276	99500000
chr6	99500001	100500000	431107	0.431107	100000000
chr6	100000001	101000000	385636	0.385636	100500000
chr6	100500001	101500000	308345	0.308345	101000000
chr6	101000001	102000000	356092	0.356092	101500000
chr6	101500001	102500000	412475	0.412475	102000000
chr6	102000001	103000000	367855	0.367855	102500000
chr6	102500001	103500000	396090	0.39609	103000000
chr6	103000001	104000000	442162	0.442162	103500000
chr6	103500001	104500000	493198	0.493198	104000000
chr6	104000001	105000000	536243	0.536243	104500000
chr6	104500001	105500000	486524	0.486524	105000000
chr6	105000001	106000000	457490	0.45749	105500000
chr6	105500001	106500000	406684	0.406684	106000000
chr6	106000001	107000000	411830	0.41183	106500000
chr6	106500001	107500000	465347	0.465347	107000000
chr6	107000001	108000000	404213	0.404213	107500000
chr6	107500001	108500000	289220	0.28922	108000000
chr6	108000001	109000000	256529	0.256529	108500000
chr6	108500001	109500000	265039	0.265039	109000000
chr6	109000001	110000000	256277	0.256277	109500000
chr6	109500001	110500000	347321	0.347321	110000000
chr6	110000001	111000000	485591	0.485591	110500000
chr6	110500001	111500000	441579	0.441579	111000000
chr6	111000001	112000000	340713	0.340713	111500000
chr6	111500001	112500000	385764	0.385764	112000000
chr6	112000001	113000000	444641	0.444641	112500000
chr6	112500001	113500000	502142	0.502142	113000000
chr6	113000001	114000000	548726	0.548726	113500000
chr6	113500001	114500000	481996	0.481996	114000000
chr6	114000001	115000000	443127	0.443127	114500000
chr6	114500001	115500000	435909	0.435909	115000000
chr6	115000001	116000000	401618	0.401618	115500000
chr6	115500001	116500000	477665	0.477665	116000000
chr6	116000001	117000000	579005	0.579005	116500000
chr6	116500001	117500000	622403	0.622403	117000000
chr6	117000001	118000000	544376	0.544376	117500000
chr6	117500001	118500000	422914	0.422914	118000000
chr6	118000001	119000000	431831	0.431831	118500000
chr6	118500001	119500000	387386	0.387386	119000000
chr6	119000001	120000000	324984	0.324984	119500000
chr6	119500001	120500000	394430	0.39443	120000000
chr6	120000001	121000000	438638	0.438638	120500000
chr6	120500001	121500000	403860	0.40386	121000000
chr6	121000001	122000000	355678	0.355678	121500000
chr6	121500001	122500000	411679	0.411679	122000000
chr6	122000001	123000000	470763	0.470763	122500000
chr6	122500001	123500000	484317	0.484317	123000000
chr6	123000001	124000000	511146	0.511146	123500000
chr6	123500001	124500000	509743	0.509743	124000000
chr6	124000001	125000000	475217	0.475217	124500000
chr6	124500001	125500000	496726	0.496726	125000000
chr6	125000001	126000000	568662	0.568662	125500000
chr6	125500001	126500000	619342	0.619342	126000000
chr6	126000001	127000000	621910	0.62191	126500000
chr6	126500001	127500000	519074	0.519074	127000000
chr6	127000001	128000000	521252	0.521252	127500000
chr6	127500001	128500000	484544	0.484544	128000000
chr6	128000001	129000000	442728	0.442728	128500000
chr6	128500001	129500000	523408	0.523408	129000000
chr6	129000001	130000000	493016	0.493016	129500000
chr6	129500001	130500000	594392	0.594392	130000000
chr6	130000001	131000000	616287	0.616287	130500000
chr6	130500001	131500000	487635	0.487635	131000000
chr6	131000001	132000000	486703	0.486703	131500000
chr6	131500001	132500000	491670	0.49167	132000000
chr6	132000001	133000000	588907	0.588907	132500000
chr6	132500001	133500000	565926	0.565926	133000000
chr6	133000001	134000000	405036	0.405036	133500000
chr6	133500001	134500000	357146	0.357146	134000000
chr6	134000001	135000000	317273	0.317273	134500000
chr6	134500001	135500000	298561	0.298561	135000000
chr6	135000001	136000000	298527	0.298527	135500000
chr6	135500001	136500000	283897	0.283897	136000000
chr6	136000001	137000000	398006	0.398006	136500000
chr6	136500001	137500000	578923	0.578923	137000000
chr6	137000001	138000000	637402	0.637402	137500000
chr6	137500001	138500000	569821	0.569821	138000000
chr7	1	1000000	749137	0.749137	500000
chr7	500001	1500000	431241	0.431241	1000000
chr7	1000001	2000000	317295	0.317295	1500000
chr7	1500001	2500000	319855	0.319855	2000000
chr7	2000001	3000000	316967	0.316967	2500000
chr7	2500001	3500000	325739	0.325739	3000000
chr7	3000001	4000000	338213	0.338213	3500000
chr7	3500001	4500000	311190	0.31119	4000000
chr7	4000001	5000000	384184	0.384184	4500000
chr7	4500001	5500000	418814	0.418814	5000000
chr7	5000001	6000000	393818	0.393818	5500000
chr7	5500001	6500000	352039	0.352039	6000000
chr7	6000001	7000000	363220	0.36322	6500000
chr7	6500001	7500000	354169	0.354169	7000000
chr7	7000001	8000000	314860	0.31486	7500000
chr7	7500001	8500000	375241	0.375241	8000000
chr7	8000001	9000000	383704	0.383704	8500000
chr7	8500001	9500000	349752	0.349752	9000000
chr7	9000001	10000000	389228	0.389228	9500000
chr7	9500001	10500000	416929	0.416929	10000000
chr7	10000001	11000000	393973	0.393973	10500000
chr7	10500001	11500000	392586	0.392586	11000000
chr7	11000001	12000000	437285	0.437285	11500000
chr7	11500001	12500000	423342	0.423342	12000000
chr7	12000001	13000000	361425	0.361425	12500000
chr7	12500001	13500000	331881	0.331881	13000000
chr7	13000001	14000000	317051	0.317051	13500000
chr7	13500001	14500000	300663	0.300663	14000000
chr7	14000001	15000000	278651	0.278651	14500000
chr7	14500001	15500000	344532	0.344532	15000000
chr7	15000001	16000000	521635	0.521635	15500000
chr7	15500001	16500000	589114	0.589114	16000000
chr7	16000001	17000000	467706	0.467706	16500000
chr7	16500001	17500000	423682	0.423682	17000000
chr7	17000001	18000000	381517	0.381517	17500000
chr7	17500001	18500000	377964	0.377964	18000000
chr7	18000001	19000000	473942	0.473942	18500000
chr7	18500001	19500000	403126	0.403126	19000000
chr7	19000001	20000000	347611	0.347611	19500000
chr7	19500001	20500000	384500	0.3845	20000000
chr7	20000001	21000000	404315	0.404315	20500000
chr7	20500001	21500000	543307	0.543307	21000000
chr7	21000001	22000000	653760	0.65376	21500000
chr7	21500001	22500000	553630	0.55363	22000000
chr7	22000001	23000000	346222	0.346222	22500000
chr7	22500001	23500000	301091	0.301091	23000000
chr7	23000001	24000000	314525	0.314525	23500000
chr7	23500001	24500000	274174	0.274174	24000000
chr7	24000001	25000000	359522	0.359522	24500000
chr7	24500001	25500000	461814	0.461814	25000000
chr7	25000001	26000000	466610	0.46661	25500000
chr7	25500001	26500000	451027	0.451027	26000000
chr7	26000001	27000000	428159	0.428159	26500000
chr7	26500001	27500000	404455	0.404455	27000000
chr7	27000001	28000000	435177	0.435177	27500000
chr7	27500001	28500000	472832	0.472832	28000000
chr7	28000001	29000000	434396	0.434396	28500000
chr7	28500001	29500000	425697	0.425697	29000000
chr7	29000001	30000000	510279	0.510279	29500000
chr7	29500001	30500000	491955	0.491955	30000000
chr7	30000001	31000000	384297	0.384297	30500000
chr7	30500001	31500000	384870	0.38487	31000000
chr7	31000001	32000000	428253	0.428253	31500000
chr7	31500001	32500000	404157	0.404157	32000000
chr7	32000001	33000000	414111	0.414111	32500000
chr7	32500001	33500000	521572	0.521572	33000000
chr7	33000001	34000000	563076	0.563076	33500000
chr7	33500001	34500000	454888	0.454888	34000000
chr7	34000001	35000000	404990	0.40499	34500000
chr7	34500001	35500000	394925	0.394925	35000000
chr7	35000001	36000000	393090	0.39309	35500000
chr7	35500001	36500000	492169	0.492169	36000000
chr7	36000001	37000000	543085	0.543085	36500000
chr7	36500001	37500000	506628	0.506628	37000000
chr7	37000001	38000000	580424	0.580424	37500000
chr7	37500001	38500000	541685	0.541685	38000000
chr7	38000001	39000000	396708	0.396708	38500000
chr7	38500001	39500000	403919	0.403919	39000000
chr7	39000001	40000000	411303	0.411303	39500000
chr7	39500001	40500000	358322	0.358322	40000000
chr7	40000001	41000000	361103	0.361103	40500000
chr7	40500001	41500000	348921	0.348921	41000000
chr7	41000001	42000000	340496	0.340496	41500000
chr7	41500001	42500000	427222	0.427222	42000000
chr7	42000001	43000000	396031	0.396031	42500000
chr7	42500001	43500000	399982	0.399982	43000000
chr7	43000001	44000000	474823	0.474823	43500000
chr7	43500001	44500000	414859	0.414859	44000000
chr7	44000001	45000000	415475	0.415475	44500000
chr7	44500001	45500000	462662	0.462662	45000000
chr7	45000001	46000000	409355	0.409355	45500000
chr7	45500001	46500000	357449	0.357449	46000000
chr7	46000001	47000000	397426	0.397426	46500000
chr7	46500001	47500000	473657	0.473657	47000000
chr7	47000001	48000000	504464	0.504464	47500000
chr7	47500001	48500000	468412	0.468412	48000000
chr7	48000001	49000000	515552	0.515552	48500000
chr7	48500001	49500000	534271	0.534271	49000000
chr7	49000001	50000000	582266	0.582266	49500000
chr7	49500001	50500000	743334	0.743334	50000000
chr7	50000001	51000000	791797	0.791797	50500000
chr7	50500001	51500000	802918	0.802918	51000000
chr7	51000001	52000000	811085	0.811085	51500000
chr7	51500001	52500000	633331	0.633331	52000000
chr7	52000001	53000000	440800	0.4408	52500000
chr7	52500001	53500000	364376	0.364376	53000000
chr7	53000001	54000000	310885	0.310885	53500000
chr7	53500001	54500000	421409	0.421409	54000000
chr7	54000001	55000000	469296	0.469296	54500000
chr7	54500001	55500000	437042	0.437042	55000000
chr7	55000001	56000000	425930	0.42593	55500000
chr7	55500001	56500000	422599	0.422599	56000000
chr7	56000001	57000000	408326	0.408326	56500000
chr7	56500001	57500000	386639	0.386639	57000000
chr7	57000001	58000000	409331	0.409331	57500000
chr7	57500001	58500000	420381	0.420381	58000000
chr7	58000001	59000000	429709	0.429709	58500000
chr7	58500001	59500000	458155	0.458155	59000000
chr7	59000001	60000000	568550	0.56855	59500000
chr7	59500001	60500000	635005	0.635005	60000000
chr7	60000001	61000000	806601	0.806601	60500000
chr7	60500001	61500000	995843	0.995843	61000000
chr7	61000001	62000000	999951	0.999951	61500000
chr7	61500001	62500000	999993	0.999993	62000000
chr7	62000001	63000000	1000000	1.0	62500000
chr7	62500001	63500000	999998	0.999998	63000000
chr7	63000001	64000000	999753	0.999753	63500000
chr7	63500001	64500000	999639	0.999639	64000000
chr7	64000001	65000000	999778	0.999778	64500000
chr7	64500001	65500000	999894	0.999894	65000000
chr7	65000001	66000000	999862	0.999862	65500000
chr7	65500001	66500000	995084	0.995084	66000000
chr7	66000001	67000000	923727	0.923727	66500000
chr7	66500001	67500000	682510	0.68251	67000000
chr7	67000001	68000000	457422	0.457422	67500000
chr7	67500001	68500000	414324	0.414324	68000000
chr7	68000001	69000000	501846	0.501846	68500000
chr7	68500001	69500000	570653	0.570653	69000000
chr7	69000001	70000000	566568	0.566568	69500000
chr7	69500001	70500000	575385	0.575385	70000000
chr7	70000001	71000000	573681	0.573681	70500000
chr7	70500001	71500000	542106	0.542106	71000000
chr7	71000001	72000000	530063	0.530063	71500000
chr7	71500001	72500000	564982	0.564982	72000000
chr7	72000001	73000000	511610	0.51161	72500000
chr7	72500001	73500000	475280	0.47528	73000000
chr7	73000001	74000000	474695	0.474695	73500000
chr7	73500001	74500000	448545	0.448545	74000000
chr7	74000001	75000000	397948	0.397948	74500000
chr7	74500001	75500000	332414	0.332414	75000000
chr7	75000001	76000000	354870	0.35487	75500000
chr7	75500001	76500000	442976	0.442976	76000000
chr7	76000001	77000000	501461	0.501461	76500000
chr7	76500001	77500000	488948	0.488948	77000000
chr7	77000001	78000000	449137	0.449137	77500000
chr7	77500001	78500000	460318	0.460318	78000000
chr7	78000001	79000000	483076	0.483076	78500000
chr7	78500001	79500000	493835	0.493835	79000000
chr7	79000001	80000000	510983	0.510983	79500000
chr7	79500001	80500000	450578	0.450578	80000000
chr7	80000001	81000000	468637	0.468637	80500000
chr7	80500001	81500000	487882	0.487882	81000000
chr7	81000001	82000000	459620	0.45962	81500000
chr7	81500001	82500000	365665	0.365665	82000000
chr7	82000001	83000000	249793	0.249793	82500000
chr7	82500001	83500000	311302	0.311302	83000000
chr7	83000001	84000000	421965	0.421965	83500000
chr7	83500001	84500000	486368	0.486368	84000000
chr7	84000001	85000000	519015	0.519015	84500000
chr7	84500001	85500000	530890	0.53089	85000000
chr7	85000001	86000000	538507	0.538507	85500000
chr7	85500001	86500000	530942	0.530942	86000000
chr7	86000001	87000000	527131	0.527131	86500000
chr7	86500001	87500000	551063	0.551063	87000000
chr7	87000001	88000000	542367	0.542367	87500000
chr7	87500001	88500000	522725	0.522725	88000000
chr7	88000001	89000000	528955	0.528955	88500000
chr7	88500001	89500000	497141	0.497141	89000000
chr7	89000001	90000000	468628	0.468628	89500000
chr7	89500001	90500000	440799	0.440799	90000000
chr7	90000001	91000000	415013	0.415013	90500000
chr7	90500001	91500000	363464	0.363464	91000000
chr7	91000001	92000000	325952	0.325952	91500000
chr7	91500001	92500000	356724	0.356724	92000000
chr7	92000001	93000000	389586	0.389586	92500000
chr7	92500001	93500000	367593	0.367593	93000000
chr7	93000001	94000000	344669	0.344669	93500000
chr7	93500001	94500000	428651	0.428651	94000000
chr7	94000001	95000000	495693	0.495693	94500000
chr7	94500001	95500000	456559	0.456559	95000000
chr7	95000001	96000000	450301	0.450301	95500000
chr7	95500001	96500000	502048	0.502048	96000000
chr7	96000001	97000000	490597	0.490597	96500000
chr7	96500001	97500000	418603	0.418603	97000000
chr7	97000001	98000000	435231	0.435231	97500000
chr7	97500001	98500000	478663	0.478663	98000000
chr7	98000001	99000000	397877	0.397877	98500000
chr7	98500001	99500000	368589	0.368589	99000000
chr7	99000001	100000000	398308	0.398308	99500000
chr7	99500001	100500000	437875	0.437875	100000000
chr7	100000001	101000000	502294	0.502294	100500000
chr7	100500001	101500000	563988	0.563988	101000000
chr7	101000001	102000000	529284	0.529284	101500000
chr7	101500001	102500000	435905	0.435905	102000000
chr7	102000001	103000000	436393	0.436393	102500000
chr7	102500001	103500000	492926	0.492926	103000000
chr7	103000001	104000000	491089	0.491089	103500000
chr7	103500001	104500000	442964	0.442964	104000000
chr7	104000001	105000000	515035	0.515035	104500000
chr7	104500001	105500000	545302	0.545302	105000000
chr7	105000001	106000000	455879	0.455879	105500000
chr7	105500001	106500000	405325	0.405325	106000000
chr7	106000001	107000000	402320	0.40232	106500000
chr7	106500001	107500000	423282	0.423282	107000000
chr7	107000001	108000000	436507	0.436507	107500000
chr7	107500001	108500000	424420	0.42442	108000000
chr7	108000001	109000000	421818	0.421818	108500000
chr7	108500001	109500000	467297	0.467297	109000000
chr7	109000001	110000000	467170	0.46717	109500000
chr7	109500001	110500000	466107	0.466107	110000000
chr7	110000001	111000000	488522	0.488522	110500000
chr7	110500001	111500000	485874	0.485874	111000000
chr7	111000001	112000000	432223	0.432223	111500000
chr7	111500001	112500000	379803	0.379803	112000000
chr7	112000001	113000000	383688	0.383688	112500000
chr7	112500001	113500000	377390	0.37739	113000000
chr7	113000001	114000000	367210	0.36721	113500000
chr7	113500001	114500000	367560	0.36756	114000000
chr7	114000001	115000000	310780	0.31078	114500000
chr7	114500001	115500000	258623	0.258623	115000000
chr7	115000001	116000000	306458	0.306458	115500000
chr7	115500001	116500000	368830	0.36883	116000000
chr7	116000001	117000000	459131	0.459131	116500000
chr7	116500001	117500000	469278	0.469278	117000000
chr7	117000001	118000000	370914	0.370914	117500000
chr7	117500001	118500000	294003	0.294003	118000000
chr7	118000001	119000000	334658	0.334658	118500000
chr7	118500001	119500000	392320	0.39232	119000000
chr7	119000001	120000000	365192	0.365192	119500000
chr7	119500001	120500000	377537	0.377537	120000000
chr7	120000001	121000000	408116	0.408116	120500000
chr7	120500001	121500000	452478	0.452478	121000000
chr7	121000001	122000000	476993	0.476993	121500000
chr7	121500001	122500000	404432	0.404432	122000000
chr7	122000001	123000000	314496	0.314496	122500000
chr7	122500001	123500000	283516	0.283516	123000000
chr7	123000001	124000000	328464	0.328464	123500000
chr7	123500001	124500000	363144	0.363144	124000000
chr7	124000001	125000000	388498	0.388498	124500000
chr7	124500001	125500000	381472	0.381472	125000000
chr7	125000001	126000000	312492	0.312492	125500000
chr7	125500001	126500000	324828	0.324828	126000000
chr7	126000001	127000000	323782	0.323782	126500000
chr7	126500001	127500000	263527	0.263527	127000000
chr7	127000001	128000000	261562	0.261562	127500000
chr7	127500001	128500000	270966	0.270966	128000000
chr7	128000001	129000000	234275	0.234275	128500000
chr7	128500001	129500000	295459	0.295459	129000000
chr7	129000001	130000000	331528	0.331528	129500000
chr7	129500001	130500000	246504	0.246504	130000000
chr7	130000001	131000000	228072	0.228072	130500000
chr7	130500001	131500000	244671	0.244671	131000000
chr7	131000001	132000000	225579	0.225579	131500000
chr7	131500001	132500000	208106	0.208106	132000000
chr7	132000001	133000000	247657	0.247657	132500000
chr7	132500001	133500000	440673	0.440673	133000000
chr7	133000001	134000000	735261	0.735261	133500000
chr7	133500001	134500000	938093	0.938093	134000000
chr7	134000001	135000000	999894	0.999894	134500000
chr7	134500001	135500000	999941	0.999941	135000000
chr7	135000001	136000000	1000000	1.0	135500000
chr7	135500001	136500000	999884	0.999884	136000000
chr7	136000001	137000000	999884	0.999884	136500000
chr7	136500001	137500000	1000000	1.0	137000000
chr7	137000001	138000000	1000000	1.0	137500000
chr8	1	1000000	470275	0.470275	500000
chr8	500001	1500000	324395	0.324395	1000000
chr8	1000001	2000000	242061	0.242061	1500000
chr8	1500001	2500000	258447	0.258447	2000000
chr8	2000001	3000000	307317	0.307317	2500000
chr8	2500001	3500000	360803	0.360803	3000000
chr8	3000001	4000000	409607	0.409607	3500000
chr8	3500001	4500000	455273	0.455273	4000000
chr8	4000001	5000000	416639	0.416639	4500000
chr8	4500001	5500000	379787	0.379787	5000000
chr8	5000001	6000000	340543	0.340543	5500000
chr8	5500001	6500000	263704	0.263704	6000000
chr8	6000001	7000000	228967	0.228967	6500000
chr8	6500001	7500000	264960	0.26496	7000000
chr8	7000001	8000000	327002	0.327002	7500000
chr8	7500001	8500000	390864	0.390864	8000000
chr8	8000001	9000000	429599	0.429599	8500000
chr8	8500001	9500000	413533	0.413533	9000000
chr8	9000001	10000000	344557	0.344557	9500000
chr8	9500001	10500000	321798	0.321798	10000000
chr8	10000001	11000000	361855	0.361855	10500000
chr8	10500001	11500000	373804	0.373804	11000000
chr8	11000001	12000000	388081	0.388081	11500000
chr8	11500001	12500000	372653	0.372653	12000000
chr8	12000001	13000000	348205	0.348205	12500000
chr8	12500001	13500000	323533	0.323533	13000000
chr8	13000001	14000000	357427	0.357427	13500000
chr8	13500001	14500000	438637	0.438637	14000000
chr8	14000001	15000000	460416	0.460416	14500000
chr8	14500001	15500000	466721	0.466721	15000000
chr8	15000001	16000000	445953	0.445953	15500000
chr8	15500001	16500000	428158	0.428158	16000000
chr8	16000001	17000000	379756	0.379756	16500000
chr8	16500001	17500000	349253	0.349253	17000000
chr8	17000001	18000000	427297	0.427297	17500000
chr8	17500001	18500000	475655	0.475655	18000000
chr8	18000001	19000000	508152	0.508152	18500000
chr8	18500001	19500000	543551	0.543551	19000000
chr8	19000001	20000000	501141	0.501141	19500000
chr8	19500001	20500000	450210	0.45021	20000000
chr8	20000001	21000000	483866	0.483866	20500000
chr8	20500001	21500000	492758	0.492758	21000000
chr8	21000001	22000000	475507	0.475507	21500000
chr8	21500001	22500000	482903	0.482903	22000000
chr8	22000001	23000000	433416	0.433416	22500000
chr8	22500001	23500000	439751	0.439751	23000000
chr8	23000001	24000000	505301	0.505301	23500000
chr8	23500001	24500000	522152	0.522152	24000000
chr8	24000001	25000000	491997	0.491997	24500000
chr8	24500001	25500000	490728	0.490728	25000000
chr8	25000001	26000000	540232	0.540232	25500000
chr8	25500001	26500000	531980	0.53198	26000000
chr8	26000001	27000000	498928	0.498928	26500000
chr8	26500001	27500000	510795	0.510795	27000000
chr8	27000001	28000000	460397	0.460397	27500000
chr8	27500001	28500000	363066	0.363066	28000000
chr8	28000001	29000000	371597	0.371597	28500000
chr8	28500001	29500000	460481	0.460481	29000000
chr8	29000001	30000000	485854	0.485854	29500000
chr8	29500001	30500000	459886	0.459886	30000000
chr8	30000001	31000000	524910	0.52491	30500000
chr8	30500001	31500000	499107	0.499107	31000000
chr8	31000001	32000000	369483	0.369483	31500000
chr8	31500001	32500000	271682	0.271682	32000000
chr8	32000001	33000000	258624	0.258624	32500000
chr8	32500001	33500000	377917	0.377917	33000000
chr8	33000001	34000000	461603	0.461603	33500000
chr8	33500001	34500000	506182	0.506182	34000000
chr8	34000001	35000000	512570	0.51257	34500000
chr8	34500001	35500000	450610	0.45061	35000000
chr8	35000001	36000000	393945	0.393945	35500000
chr8	35500001	36500000	393289	0.393289	36000000
chr8	36000001	37000000	445833	0.445833	36500000
chr8	36500001	37500000	555727	0.555727	37000000
chr8	37000001	38000000	604755	0.604755	37500000
chr8	37500001	38500000	522085	0.522085	38000000
chr8	38000001	39000000	473974	0.473974	38500000
chr8	38500001	39500000	454171	0.454171	39000000
chr8	39000001	40000000	402051	0.402051	39500000
chr8	39500001	40500000	362313	0.362313	40000000
chr8	40000001	41000000	350369	0.350369	40500000
chr8	40500001	41500000	389811	0.389811	41000000
chr8	41000001	42000000	448584	0.448584	41500000
chr8	41500001	42500000	525468	0.525468	42000000
chr8	42000001	43000000	645588	0.645588	42500000
chr8	42500001	43500000	735045	0.735045	43000000
chr8	43000001	44000000	647338	0.647338	43500000
chr8	43500001	44500000	472768	0.472768	44000000
chr8	44000001	45000000	539265	0.539265	44500000
chr8	44500001	45500000	512160	0.51216	45000000
chr8	45000001	46000000	434275	0.434275	45500000
chr8	45500001	46500000	465786	0.465786	46000000
chr8	46000001	47000000	475677	0.475677	46500000
chr8	46500001	47500000	540214	0.540214	47000000
chr8	47000001	48000000	574250	0.57425	47500000
chr8	47500001	48500000	537252	0.537252	48000000
chr8	48000001	49000000	503588	0.503588	48500000
chr8	48500001	49500000	536615	0.536615	49000000
chr8	49000001	50000000	504096	0.504096	49500000
chr8	49500001	50500000	485617	0.485617	50000000
chr8	50000001	51000000	494500	0.4945	50500000
chr8	50500001	51500000	468363	0.468363	51000000
chr8	51000001	52000000	496940	0.49694	51500000
chr8	51500001	52500000	582685	0.582685	52000000
chr8	52000001	53000000	534040	0.53404	52500000
chr8	52500001	53500000	496149	0.496149	53000000
chr8	53000001	54000000	584092	0.584092	53500000
chr8	53500001	54500000	547949	0.547949	54000000
chr8	54000001	55000000	488541	0.488541	54500000
chr8	54500001	55500000	484681	0.484681	55000000
chr8	55000001	56000000	481001	0.481001	55500000
chr8	55500001	56500000	477339	0.477339	56000000
chr8	56000001	57000000	597284	0.597284	56500000
chr8	56500001	57500000	639307	0.639307	57000000
chr8	57000001	58000000	556832	0.556832	57500000
chr8	57500001	58500000	612440	0.61244	58000000
chr8	58000001	59000000	592397	0.592397	58500000
chr8	58500001	59500000	558211	0.558211	59000000
chr8	59000001	60000000	612652	0.612652	59500000
chr8	59500001	60500000	694319	0.694319	60000000
chr8	60000001	61000000	752481	0.752481	60500000
chr8	60500001	61500000	710516	0.710516	61000000
chr8	61000001	62000000	808666	0.808666	61500000
chr8	61500001	62500000	972371	0.972371	62000000
chr8	62000001	63000000	999960	0.99996	62500000
chr8	62500001	63500000	999960	0.99996	63000000
chr8	63000001	64000000	1000000	1.0	63500000
chr8	63500001	64500000	999900	0.9999	64000000
chr8	64000001	65000000	943972	0.943972	64500000
chr8	64500001	65500000	837786	0.837786	65000000
chr8	65000001	66000000	622836	0.622836	65500000
chr8	65500001	66500000	422773	0.422773	66000000
chr8	66000001	67000000	467442	0.467442	66500000
chr8	66500001	67500000	476028	0.476028	67000000
chr8	67000001	68000000	455793	0.455793	67500000
chr8	67500001	68500000	454450	0.45445	68000000
chr8	68000001	69000000	407389	0.407389	68500000
chr8	68500001	69500000	386870	0.38687	69000000
chr8	69000001	70000000	277719	0.277719	69500000
chr8	69500001	70500000	241617	0.241617	70000000
chr8	70000001	71000000	371243	0.371243	70500000
chr8	70500001	71500000	356484	0.356484	71000000
chr8	71000001	72000000	285730	0.28573	71500000
chr8	71500001	72500000	339640	0.33964	72000000
chr8	72000001	73000000	318038	0.318038	72500000
chr8	72500001	73500000	300788	0.300788	73000000
chr8	73000001	74000000	402472	0.402472	73500000
chr8	73500001	74500000	395557	0.395557	74000000
chr8	74000001	75000000	363044	0.363044	74500000
chr8	74500001	75500000	387583	0.387583	75000000
chr8	75000001	76000000	368213	0.368213	75500000
chr8	75500001	76500000	334206	0.334206	76000000
chr8	76000001	77000000	263794	0.263794	76500000
chr8	76500001	77500000	340805	0.340805	77000000
chr8	77000001	78000000	404905	0.404905	77500000
chr8	77500001	78500000	434189	0.434189	78000000
chr8	78000001	79000000	531558	0.531558	78500000
chr8	78500001	79500000	452453	0.452453	79000000
chr8	79000001	80000000	349084	0.349084	79500000
chr8	79500001	80500000	381057	0.381057	80000000
chr8	80000001	81000000	372879	0.372879	80500000
chr8	80500001	81500000	361040	0.36104	81000000
chr8	81000001	82000000	397910	0.39791	81500000
chr8	81500001	82500000	467962	0.467962	82000000
chr8	82000001	83000000	494809	0.494809	82500000
chr8	82500001	83500000	472241	0.472241	83000000
chr8	83000001	84000000	492691	0.492691	83500000
chr8	83500001	84500000	500564	0.500564	84000000
chr8	84000001	85000000	508657	0.508657	84500000
chr8	84500001	85500000	503287	0.503287	85000000
chr8	85000001	86000000	480077	0.480077	85500000
chr8	85500001	86500000	466885	0.466885	86000000
chr8	86000001	87000000	465737	0.465737	86500000
chr8	86500001	87500000	445942	0.445942	87000000
chr8	87000001	88000000	414598	0.414598	87500000
chr8	87500001	88500000	436640	0.43664	88000000
chr8	88000001	89000000	486477	0.486477	88500000
chr8	88500001	89500000	494093	0.494093	89000000
chr8	89000001	90000000	479540	0.47954	89500000
chr8	89500001	90500000	436511	0.436511	90000000
chr8	90000001	91000000	427606	0.427606	90500000
chr8	90500001	91500000	423957	0.423957	91000000
chr8	91000001	92000000	452076	0.452076	91500000
chr8	91500001	92500000	460780	0.46078	92000000
chr8	92000001	93000000	415867	0.415867	92500000
chr8	92500001	93500000	466372	0.466372	93000000
chr8	93000001	94000000	440631	0.440631	93500000
chr8	93500001	94500000	375376	0.375376	94000000
chr8	94000001	95000000	354968	0.354968	94500000
chr8	94500001	95500000	342425	0.342425	95000000
chr8	95000001	96000000	559086	0.559086	95500000
chr8	95500001	96500000	740564	0.740564	96000000
chr8	96000001	97000000	566677	0.566677	96500000
chr8	96500001	97500000	388526	0.388526	97000000
chr8	97000001	98000000	375406	0.375406	97500000
chr8	97500001	98500000	379031	0.379031	98000000
chr8	98000001	99000000	366144	0.366144	98500000
chr8	98500001	99500000	428686	0.428686	99000000
chr8	99000001	100000000	533127	0.533127	99500000
chr8	99500001	100500000	495987	0.495987	100000000
chr8	100000001	101000000	417367	0.417367	100500000
chr8	100500001	101500000	382521	0.382521	101000000
chr8	101000001	102000000	363743	0.363743	101500000
chr8	101500001	102500000	280039	0.280039	102000000
chr8	102000001	103000000	356116	0.356116	102500000
chr8	102500001	103500000	461761	0.461761	103000000
chr8	103000001	104000000	316398	0.316398	103500000
chr8	103500001	104500000	291023	0.291023	104000000
chr8	104000001	105000000	404842	0.404842	104500000
chr8	104500001	105500000	461075	0.461075	105000000
chr8	105000001	106000000	455104	0.455104	105500000
chr8	105500001	106500000	407477	0.407477	106000000
chr8	106000001	107000000	365043	0.365043	106500000
chr8	106500001	107500000	410644	0.410644	107000000
chr8	107000001	108000000	429804	0.429804	107500000
chr8	107500001	108500000	383413	0.383413	108000000
chr8	108000001	109000000	373279	0.373279	108500000
chr8	108500001	109500000	392186	0.392186	109000000
chr8	109000001	110000000	433265	0.433265	109500000
chr8	109500001	110500000	467702	0.467702	110000000
chr8	110000001	111000000	434552	0.434552	110500000
chr8	110500001	111500000	366616	0.366616	111000000
chr8	111000001	112000000	354153	0.354153	111500000
chr8	111500001	112500000	437866	0.437866	112000000
chr8	112000001	113000000	409884	0.409884	112500000
chr8	112500001	113500000	309980	0.30998	113000000
chr8	113000001	114000000	372534	0.372534	113500000
chr8	113500001	114500000	432042	0.432042	114000000
chr8	114000001	115000000	409562	0.409562	114500000
chr8	114500001	115500000	367431	0.367431	115000000
chr8	115000001	116000000	337263	0.337263	115500000
chr8	115500001	116500000	360567	0.360567	116000000
chr8	116000001	117000000	307955	0.307955	116500000
chr8	116500001	117500000	257476	0.257476	117000000
chr8	117000001	118000000	341032	0.341032	117500000
chr8	117500001	118500000	371369	0.371369	118000000
chr8	118000001	119000000	299851	0.299851	118500000
chr8	118500001	119500000	242555	0.242555	119000000
chr8	119000001	120000000	231561	0.231561	119500000
chr8	119500001	120500000	269263	0.269263	120000000
chr8	120000001	121000000	288108	0.288108	120500000
chr8	120500001	121500000	290683	0.290683	121000000
chr8	121000001	122000000	316787	0.316787	121500000
chr8	121500001	122500000	334506	0.334506	122000000
chr8	122000001	123000000	309946	0.309946	122500000
chr8	122500001	123500000	246863	0.246863	123000000
chr8	123000001	124000000	269727	0.269727	123500000
chr8	123500001	124500000	288425	0.288425	124000000
chr8	124000001	125000000	321190	0.32119	124500000
chr8	124500001	125500000	420625	0.420625	125000000
chr8	125000001	126000000	435551	0.435551	125500000
chr8	125500001	126500000	682213	0.682213	126000000
chr8	126000001	127000000	967757	0.967757	126500000
chr8	126500001	127500000	993256	0.993256	127000000
chr8	127000001	128000000	998048	0.998048	127500000
chr8	127500001	128500000	999880	0.99988	128000000
chr8	128000001	129000000	999828	0.999828	128500000
chr8	128500001	129500000	999933	0.999933	129000000
chr8	129000001	130000000	990945	0.990945	129500000
chr8	129500001	130500000	990669	0.990669	130000000
chr8	130000001	131000000	999724	0.999724	130500000
chr8	130500001	131500000	1000000	1.0	131000000
chr8	131000001	132000000	1000000	1.0	131500000
chr8	131500001	132500000	999972	0.999972	132000000
chr8	132000001	133000000	999972	0.999972	132500000
chr8	132500001	133500000	999985	0.999985	133000000
chr8	133000001	134000000	999985	0.999985	133500000
chr9	1	1000000	999992	0.999992	500000
chr9	500001	1500000	999988	0.999988	1000000
chr9	1000001	2000000	999988	0.999988	1500000
chr9	1500001	2500000	996478	0.996478	2000000
chr9	2000001	3000000	996485	0.996485	2500000
chr9	2500001	3500000	999999	0.999999	3000000
chr9	3000001	4000000	999994	0.999994	3500000
chr9	3500001	4500000	999287	0.999287	4000000
chr9	4000001	5000000	999293	0.999293	4500000
chr9	4500001	5500000	999980	0.99998	5000000
chr9	5000001	6000000	999980	0.99998	5500000
chr9	5500001	6500000	1000000	1.0	6000000
chr9	6000001	7000000	1000000	1.0	6500000
chr9	6500001	7500000	1000000	1.0	7000000
chr9	7000001	8000000	1000000	1.0	7500000
chr9	7500001	8500000	1000000	1.0	8000000
chr9	8000001	9000000	999250	0.99925	8500000
chr9	8500001	9500000	890384	0.890384	9000000
chr9	9000001	10000000	781507	0.781507	9500000
chr9	9500001	10500000	752969	0.752969	10000000
chr9	10000001	11000000	731289	0.731289	10500000
chr9	10500001	11500000	755516	0.755516	11000000
chr9	11000001	12000000	735457	0.735457	11500000
chr9	11500001	12500000	587265	0.587265	12000000
chr9	12000001	13000000	516297	0.516297	12500000
chr9	12500001	13500000	480188	0.480188	13000000
chr9	13000001	14000000	410354	0.410354	13500000
chr9	13500001	14500000	496402	0.496402	14000000
chr9	14000001	15000000	501834	0.501834	14500000
chr9	14500001	15500000	436486	0.436486	15000000
chr9	15000001	16000000	409005	0.409005	15500000
chr9	15500001	16500000	374816	0.374816	16000000
chr9	16000001	17000000	419544	0.419544	16500000
chr9	16500001	17500000	376677	0.376677	17000000
chr9	17000001	18000000	382625	0.382625	17500000
chr9	17500001	18500000	429499	0.429499	18000000
chr9	18000001	19000000	469079	0.469079	18500000
chr9	18500001	19500000	396345	0.396345	19000000
chr9	19000001	20000000	265003	0.265003	19500000
chr9	19500001	20500000	346288	0.346288	20000000
chr9	20000001	21000000	363557	0.363557	20500000
chr9	20500001	21500000	358951	0.358951	21000000
chr9	21000001	22000000	377528	0.377528	21500000
chr9	21500001	22500000	386773	0.386773	22000000
chr9	22000001	23000000	347066	0.347066	22500000
chr9	22500001	23500000	331264	0.331264	23000000
chr9	23000001	24000000	407784	0.407784	23500000
chr9	23500001	24500000	472255	0.472255	24000000
chr9	24000001	25000000	452837	0.452837	24500000
chr9	24500001	25500000	353944	0.353944	25000000
chr9	25000001	26000000	337743	0.337743	25500000
chr9	25500001	26500000	344699	0.344699	26000000
chr9	26000001	27000000	373389	0.373389	26500000
chr9	26500001	27500000	478075	0.478075	27000000
chr9	27000001	28000000	465008	0.465008	27500000
chr9	27500001	28500000	401541	0.401541	28000000
chr9	28000001	29000000	416720	0.41672	28500000
chr9	28500001	29500000	432164	0.432164	29000000
chr9	29000001	30000000	380512	0.380512	29500000
chr9	29500001	30500000	328552	0.328552	30000000
chr9	30000001	31000000	359340	0.35934	30500000
chr9	30500001	31500000	373337	0.373337	31000000
chr9	31000001	32000000	405421	0.405421	31500000
chr9	31500001	32500000	420497	0.420497	32000000
chr9	32000001	33000000	360174	0.360174	32500000
chr9	32500001	33500000	361049	0.361049	33000000
chr9	33000001	34000000	320037	0.320037	33500000
chr9	33500001	34500000	276409	0.276409	34000000
chr9	34000001	35000000	342069	0.342069	34500000
chr9	34500001	35500000	404502	0.404502	35000000
chr9	35000001	36000000	405820	0.40582	35500000
chr9	35500001	36500000	292280	0.29228	36000000
chr9	36000001	37000000	278830	0.27883	36500000
chr9	36500001	37500000	342577	0.342577	37000000
chr9	37000001	38000000	408767	0.408767	37500000
chr9	37500001	38500000	429431	0.429431	38000000
chr9	38000001	39000000	357402	0.357402	38500000
chr9	38500001	39500000	300458	0.300458	39000000
chr9	39000001	40000000	288497	0.288497	39500000
chr9	39500001	40500000	402070	0.40207	40000000
chr9	40000001	41000000	474225	0.474225	40500000
chr9	40500001	41500000	449152	0.449152	41000000
chr9	41000001	42000000	439765	0.439765	41500000
chr9	41500001	42500000	400439	0.400439	42000000
chr9	42000001	43000000	390358	0.390358	42500000
chr9	42500001	43500000	430830	0.43083	43000000
chr9	43000001	44000000	503532	0.503532	43500000
chr9	43500001	44500000	495071	0.495071	44000000
chr9	44000001	45000000	441756	0.441756	44500000
chr9	44500001	45500000	446352	0.446352	45000000
chr9	45000001	46000000	413160	0.41316	45500000
chr9	45500001	46500000	384655	0.384655	46000000
chr9	46000001	47000000	362588	0.362588	46500000
chr9	46500001	47500000	356039	0.356039	47000000
chr9	47000001	48000000	384334	0.384334	47500000
chr9	47500001	48500000	342036	0.342036	48000000
chr9	48000001	49000000	279238	0.279238	48500000
chr9	48500001	49500000	274526	0.274526	49000000
chr9	49000001	50000000	275126	0.275126	49500000
chr9	49500001	50500000	353147	0.353147	50000000
chr9	50000001	51000000	416727	0.416727	50500000
chr9	50500001	51500000	389229	0.389229	51000000
chr9	51000001	52000000	372195	0.372195	51500000
chr9	51500001	52500000	389159	0.389159	52000000
chr9	52000001	53000000	392637	0.392637	52500000
chr9	52500001	53500000	341286	0.341286	53000000
chr9	53000001	54000000	315990	0.31599	53500000
chr9	53500001	54500000	370108	0.370108	54000000
chr9	54000001	55000000	337995	0.337995	54500000
chr9	54500001	55500000	227395	0.227395	55000000
chr9	55000001	56000000	205771	0.205771	55500000
chr9	55500001	56500000	221228	0.221228	56000000
chr9	56000001	57000000	271707	0.271707	56500000
chr9	56500001	57500000	362174	0.362174	57000000
chr9	57000001	58000000	622262	0.622262	57500000
chr9	57500001	58500000	922106	0.922106	58000000
chr9	58000001	59000000	944436	0.944436	58500000
chr9	58500001	59500000	843718	0.843718	59000000
chr9	59000001	60000000	755150	0.75515	59500000
chr9	59500001	60500000	716491	0.716491	60000000
chr9	60000001	61000000	567082	0.567082	60500000
chr9	60500001	61500000	397629	0.397629	61000000
chr9	61000001	62000000	421372	0.421372	61500000
chr9	61500001	62500000	483343	0.483343	62000000
chr9	62000001	63000000	494890	0.49489	62500000
chr9	62500001	63500000	488076	0.488076	63000000
chr9	63000001	64000000	505295	0.505295	63500000
chr9	63500001	64500000	480075	0.480075	64000000
chr9	64000001	65000000	395239	0.395239	64500000
chr9	64500001	65500000	373559	0.373559	65000000
chr9	65000001	66000000	481687	0.481687	65500000
chr9	65500001	66500000	493441	0.493441	66000000
chr9	66000001	67000000	404225	0.404225	66500000
chr9	66500001	67500000	451654	0.451654	67000000
chr9	67000001	68000000	487559	0.487559	67500000
chr9	67500001	68500000	417363	0.417363	68000000
chr9	68000001	69000000	419292	0.419292	68500000
chr9	68500001	69500000	390517	0.390517	69000000
chr9	69000001	70000000	381144	0.381144	69500000
chr9	69500001	70500000	483011	0.483011	70000000
chr9	70000001	71000000	577265	0.577265	70500000
chr9	70500001	71500000	478481	0.478481	71000000
chr9	71000001	72000000	386733	0.386733	71500000
chr9	71500001	72500000	425871	0.425871	72000000
chr9	72000001	73000000	353636	0.353636	72500000
chr9	72500001	73500000	421745	0.421745	73000000
chr9	73000001	74000000	523805	0.523805	73500000
chr9	73500001	74500000	562942	0.562942	74000000
chr9	74000001	75000000	719678	0.719678	74500000
chr9	74500001	75500000	658690	0.65869	75000000
chr9	75000001	76000000	366361	0.366361	75500000
chr9	75500001	76500000	358924	0.358924	76000000
chr9	76000001	77000000	469185	0.469185	76500000
chr9	76500001	77500000	427312	0.427312	77000000
chr9	77000001	78000000	389388	0.389388	77500000
chr9	77500001	78500000	423832	0.423832	78000000
chr9	78000001	79000000	436240	0.43624	78500000
chr9	78500001	79500000	410241	0.410241	79000000
chr9	79000001	80000000	450098	0.450098	79500000
chr9	79500001	80500000	473102	0.473102	80000000
chr9	80000001	81000000	403556	0.403556	80500000
chr9	80500001	81500000	367672	0.367672	81000000
chr9	81000001	82000000	354914	0.354914	81500000
chr9	81500001	82500000	334113	0.334113	82000000
chr9	82000001	83000000	437481	0.437481	82500000
chr9	82500001	83500000	471380	0.47138	83000000
chr9	83000001	84000000	472340	0.47234	83500000
chr9	83500001	84500000	484002	0.484002	84000000
chr9	84000001	85000000	372986	0.372986	84500000
chr9	84500001	85500000	316214	0.316214	85000000
chr9	85000001	86000000	413090	0.41309	85500000
chr9	85500001	86500000	425840	0.42584	86000000
chr9	86000001	87000000	398360	0.39836	86500000
chr9	86500001	87500000	380605	0.380605	87000000
chr9	87000001	88000000	346314	0.346314	87500000
chr9	87500001	88500000	459237	0.459237	88000000
chr9	88000001	89000000	517420	0.51742	88500000
chr9	88500001	89500000	488409	0.488409	89000000
chr9	89000001	90000000	609819	0.609819	89500000
chr9	89500001	90500000	621445	0.621445	90000000
chr9	90000001	91000000	488116	0.488116	90500000
chr9	90500001	91500000	464496	0.464496	91000000
chr9	91000001	92000000	424653	0.424653	91500000
chr9	91500001	92500000	444622	0.444622	92000000
chr9	92000001	93000000	492926	0.492926	92500000
chr9	92500001	93500000	510662	0.510662	93000000
chr9	93000001	94000000	480418	0.480418	93500000
chr9	93500001	94500000	381631	0.381631	94000000
chr9	94000001	95000000	332132	0.332132	94500000
chr9	94500001	95500000	387480	0.38748	95000000
chr9	95000001	96000000	438172	0.438172	95500000
chr9	95500001	96500000	403054	0.403054	96000000
chr9	96000001	97000000	434749	0.434749	96500000
chr9	96500001	97500000	419101	0.419101	97000000
chr9	97000001	98000000	326974	0.326974	97500000
chr9	97500001	98500000	388389	0.388389	98000000
chr9	98000001	99000000	473481	0.473481	98500000
chr9	98500001	99500000	398705	0.398705	99000000
chr9	99000001	100000000	408778	0.408778	99500000
chr9	99500001	100500000	469176	0.469176	100000000
chr9	100000001	101000000	420489	0.420489	100500000
chr9	100500001	101500000	401492	0.401492	101000000
chr9	101000001	102000000	472915	0.472915	101500000
chr9	101500001	102500000	483498	0.483498	102000000
chr9	102000001	103000000	451709	0.451709	102500000
chr9	102500001	103500000	467270	0.46727	103000000
chr9	103000001	104000000	406601	0.406601	103500000
chr9	103500001	104500000	330392	0.330392	104000000
chr9	104000001	105000000	377829	0.377829	104500000
chr9	104500001	105500000	436981	0.436981	105000000
chr9	105000001	106000000	432794	0.432794	105500000
chr9	105500001	106500000	435513	0.435513	106000000
chr9	106000001	107000000	413310	0.41331	106500000
chr9	106500001	107500000	358381	0.358381	107000000
chr9	107000001	108000000	384815	0.384815	107500000
chr9	107500001	108500000	413126	0.413126	108000000
chr9	108000001	109000000	403261	0.403261	108500000
chr9	108500001	109500000	409758	0.409758	109000000
chr9	109000001	110000000	389227	0.389227	109500000
chr9	109500001	110500000	416940	0.41694	110000000
chr9	110000001	111000000	357676	0.357676	110500000
chr9	110500001	111500000	295650	0.29565	111000000
chr9	111000001	112000000	389456	0.389456	111500000
chr9	111500001	112500000	478406	0.478406	112000000
chr9	112000001	113000000	519189	0.519189	112500000
chr9	112500001	113500000	543183	0.543183	113000000
chr9	113000001	114000000	508114	0.508114	113500000
chr9	113500001	114500000	469128	0.469128	114000000
chr9	114000001	115000000	416337	0.416337	114500000
chr9	114500001	115500000	350773	0.350773	115000000
chr9	115000001	116000000	282225	0.282225	115500000
chr9	115500001	116500000	268120	0.26812	116000000
chr9	116000001	117000000	312603	0.312603	116500000
chr9	116500001	117500000	321754	0.321754	117000000
chr9	117000001	118000000	345223	0.345223	117500000
chr9	117500001	118500000	428224	0.428224	118000000
chr9	118000001	119000000	485275	0.485275	118500000
chr9	118500001	119500000	500488	0.500488	119000000
chr9	119000001	120000000	447421	0.447421	119500000
chr9	119500001	120500000	373886	0.373886	120000000
chr9	120000001	121000000	355164	0.355164	120500000
chr9	120500001	121500000	282210	0.28221	121000000
chr9	121000001	122000000	248369	0.248369	121500000
chr9	121500001	122500000	357773	0.357773	122000000
chr9	122000001	123000000	524022	0.524022	122500000
chr9	122500001	123500000	424230	0.42423	123000000
chr9	123000001	124000000	239318	0.239318	123500000
chr9	123500001	124500000	372056	0.372056	124000000
chr9	124000001	125000000	451189	0.451189	124500000
chr9	124500001	125500000	343961	0.343961	125000000
chr9	125000001	126000000	302949	0.302949	125500000
chr9	125500001	126500000	429284	0.429284	126000000
chr9	126000001	127000000	413660	0.41366	126500000
chr9	126500001	127500000	318536	0.318536	127000000
chr9	127000001	128000000	406271	0.406271	127500000
chr9	127500001	128500000	625256	0.625256	128000000
chr9	128000001	129000000	898155	0.898155	128500000
chr9	128500001	129500000	1000000	1.0	129000000
chr9	129000001	130000000	999961	0.999961	129500000
chr9	129500001	130500000	999903	0.999903	130000000
chr9	130000001	131000000	999942	0.999942	130500000
chr9	130500001	131500000	999928	0.999928	131000000
chr9	131000001	132000000	999928	0.999928	131500000
chr9	131500001	132500000	1000000	1.0	132000000
chr9	132000001	133000000	999900	0.9999	132500000
chr9	132500001	133500000	999899	0.999899	133000000
chr10	1	1000000	621863	0.621863	500000
chr10	500001	1500000	542317	0.542317	1000000
chr10	1000001	2000000	379450	0.37945	1500000
chr10	1500001	2500000	317297	0.317297	2000000
chr10	2000001	3000000	316170	0.31617	2500000
chr10	2500001	3500000	361836	0.361836	3000000
chr10	3000001	4000000	378852	0.378852	3500000
chr10	3500001	4500000	320635	0.320635	4000000
chr10	4000001	5000000	266198	0.266198	4500000
chr10	4500001	5500000	279311	0.279311	5000000
chr10	5000001	6000000	318217	0.318217	5500000
chr10	5500001	6500000	299069	0.299069	6000000
chr10	6000001	7000000	327233	0.327233	6500000
chr10	6500001	7500000	422280	0.42228	7000000
chr10	7000001	8000000	412184	0.412184	7500000
chr10	7500001	8500000	358949	0.358949	8000000
chr10	8000001	9000000	369794	0.369794	8500000
chr10	8500001	9500000	453415	0.453415	9000000
chr10	9000001	10000000	512382	0.512382	9500000
chr10	9500001	10500000	495573	0.495573	10000000
chr10	10000001	11000000	531385	0.531385	10500000
chr10	10500001	11500000	516883	0.516883	11000000
chr10	11000001	12000000	432199	0.432199	11500000
chr10	11500001	12500000	416994	0.416994	12000000
chr10	12000001	13000000	433301	0.433301	12500000
chr10	12500001	13500000	441314	0.441314	13000000
chr10	13000001	14000000	400441	0.400441	13500000
chr10	13500001	14500000	369559	0.369559	14000000
chr10	14000001	15000000	364680	0.36468	14500000
chr10	14500001	15500000	336977	0.336977	15000000
chr10	15000001	16000000	285442	0.285442	15500000
chr10	15500001	16500000	295075	0.295075	16000000
chr10	16000001	17000000	361145	0.361145	16500000
chr10	16500001	17500000	356182	0.356182	17000000
chr10	17000001	18000000	396061	0.396061	17500000
chr10	17500001	18500000	405919	0.405919	18000000
chr10	18000001	19000000	332260	0.33226	18500000
chr10	18500001	19500000	316818	0.316818	19000000
chr10	19000001	20000000	404026	0.404026	19500000
chr10	19500001	20500000	466019	0.466019	20000000
chr10	20000001	21000000	470952	0.470952	20500000
chr10	20500001	21500000	468142	0.468142	21000000
chr10	21000001	22000000	434310	0.43431	21500000
chr10	21500001	22500000	386498	0.386498	22000000
chr10	22000001	23000000	472120	0.47212	22500000
chr10	22500001	23500000	518719	0.518719	23000000
chr10	23000001	24000000	408063	0.408063	23500000
chr10	23500001	24500000	406454	0.406454	24000000
chr10	24000001	25000000	401507	0.401507	24500000
chr10	24500001	25500000	369279	0.369279	25000000
chr10	25000001	26000000	354224	0.354224	25500000
chr10	25500001	26500000	368867	0.368867	26000000
chr10	26000001	27000000	437827	0.437827	26500000
chr10	26500001	27500000	451437	0.451437	27000000
chr10	27000001	28000000	407743	0.407743	27500000
chr10	27500001	28500000	383292	0.383292	28000000
chr10	28000001	29000000	326714	0.326714	28500000
chr10	28500001	29500000	355751	0.355751	29000000
chr10	29000001	30000000	418075	0.418075	29500000
chr10	29500001	30500000	368812	0.368812	30000000
chr10	30000001	31000000	338695	0.338695	30500000
chr10	30500001	31500000	325947	0.325947	31000000
chr10	31000001	32000000	337059	0.337059	31500000
chr10	31500001	32500000	343323	0.343323	32000000
chr10	32000001	33000000	389886	0.389886	32500000
chr10	32500001	33500000	369852	0.369852	33000000
chr10	33000001	34000000	373792	0.373792	33500000
chr10	33500001	34500000	415327	0.415327	34000000
chr10	34000001	35000000	376972	0.376972	34500000
chr10	34500001	35500000	385989	0.385989	35000000
chr10	35000001	36000000	447216	0.447216	35500000
chr10	35500001	36500000	431328	0.431328	36000000
chr10	36000001	37000000	316037	0.316037	36500000
chr10	36500001	37500000	261987	0.261987	37000000
chr10	37000001	38000000	366103	0.366103	37500000
chr10	37500001	38500000	381819	0.381819	38000000
chr10	38000001	39000000	340306	0.340306	38500000
chr10	38500001	39500000	362033	0.362033	39000000
chr10	39000001	40000000	286430	0.28643	39500000
chr10	39500001	40500000	264474	0.264474	40000000
chr10	40000001	41000000	406891	0.406891	40500000
chr10	40500001	41500000	533979	0.533979	41000000
chr10	41000001	42000000	439151	0.439151	41500000
chr10	41500001	42500000	380243	0.380243	42000000
chr10	42000001	43000000	450317	0.450317	42500000
chr10	42500001	43500000	521328	0.521328	43000000
chr10	43000001	44000000	536573	0.536573	43500000
chr10	43500001	44500000	505354	0.505354	44000000
chr10	44000001	45000000	383080	0.38308	44500000
chr10	44500001	45500000	314449	0.314449	45000000
chr10	45000001	46000000	389602	0.389602	45500000
chr10	45500001	46500000	476965	0.476965	46000000
chr10	46000001	47000000	514633	0.514633	46500000
chr10	46500001	47500000	461917	0.461917	47000000
chr10	47000001	48000000	335822	0.335822	47500000
chr10	47500001	48500000	287279	0.287279	48000000
chr10	48000001	49000000	378489	0.378489	48500000
chr10	48500001	49500000	424206	0.424206	49000000
chr10	49000001	50000000	396866	0.396866	49500000
chr10	49500001	50500000	368892	0.368892	50000000
chr10	50000001	51000000	401596	0.401596	50500000
chr10	50500001	51500000	335169	0.335169	51000000
chr10	51000001	52000000	350425	0.350425	51500000
chr10	51500001	52500000	445785	0.445785	52000000
chr10	52000001	53000000	474888	0.474888	52500000
chr10	52500001	53500000	647119	0.647119	53000000
chr10	53000001	54000000	715688	0.715688	53500000
chr10	53500001	54500000	603304	0.603304	54000000
chr10	54000001	55000000	503503	0.503503	54500000
chr10	54500001	55500000	447273	0.447273	55000000
chr10	55000001	56000000	462734	0.462734	55500000
chr10	55500001	56500000	431956	0.431956	56000000
chr10	56000001	57000000	382894	0.382894	56500000
chr10	56500001	57500000	400633	0.400633	57000000
chr10	57000001	58000000	464079	0.464079	57500000
chr10	57500001	58500000	459981	0.459981	58000000
chr10	58000001	59000000	429789	0.429789	58500000
chr10	58500001	59500000	498563	0.498563	59000000
chr10	59000001	60000000	543444	0.543444	59500000
chr10	59500001	60500000	537763	0.537763	60000000
chr10	60000001	61000000	497196	0.497196	60500000
chr10	60500001	61500000	472733	0.472733	61000000
chr10	61000001	62000000	496829	0.496829	61500000
chr10	61500001	62500000	528487	0.528487	62000000
chr10	62000001	63000000	500822	0.500822	62500000
chr10	62500001	63500000	512809	0.512809	63000000
chr10	63000001	64000000	597226	0.597226	63500000
chr10	63500001	64500000	570115	0.570115	64000000
chr10	64000001	65000000	544361	0.544361	64500000
chr10	64500001	65500000	537283	0.537283	65000000
chr10	65000001	66000000	467963	0.467963	65500000
chr10	65500001	66500000	486290	0.48629	66000000
chr10	66000001	67000000	582437	0.582437	66500000
chr10	66500001	67500000	601196	0.601196	67000000
chr10	67000001	68000000	573706	0.573706	67500000
chr10	67500001	68500000	560225	0.560225	68000000
chr10	68000001	69000000	565743	0.565743	68500000
chr10	68500001	69500000	582414	0.582414	69000000
chr10	69000001	70000000	473614	0.473614	69500000
chr10	69500001	70500000	476856	0.476856	70000000
chr10	70000001	71000000	551406	0.551406	70500000
chr10	70500001	71500000	529313	0.529313	71000000
chr10	71000001	72000000	572124	0.572124	71500000
chr10	71500001	72500000	509608	0.509608	72000000
chr10	72000001	73000000	365450	0.36545	72500000
chr10	72500001	73500000	325231	0.325231	73000000
chr10	73000001	74000000	428771	0.428771	73500000
chr10	73500001	74500000	466127	0.466127	74000000
chr10	74000001	75000000	438572	0.438572	74500000
chr10	74500001	75500000	492496	0.492496	75000000
chr10	75000001	76000000	588758	0.588758	75500000
chr10	75500001	76500000	483465	0.483465	76000000
chr10	76000001	77000000	340236	0.340236	76500000
chr10	76500001	77500000	386040	0.38604	77000000
chr10	77000001	78000000	422480	0.42248	77500000
chr10	77500001	78500000	443900	0.4439	78000000
chr10	78000001	79000000	516779	0.516779	78500000
chr10	78500001	79500000	727014	0.727014	79000000
chr10	79000001	80000000	920696	0.920696	79500000
chr10	79500001	80500000	974551	0.974551	80000000
chr10	80000001	81000000	928843	0.928843	80500000
chr10	80500001	81500000	751254	0.751254	81000000
chr10	81000001	82000000	602223	0.602223	81500000
chr10	81500001	82500000	594776	0.594776	82000000
chr10	82000001	83000000	549840	0.54984	82500000
chr10	82500001	83500000	479937	0.479937	83000000
chr10	83000001	84000000	433241	0.433241	83500000
chr10	83500001	84500000	432978	0.432978	84000000
chr10	84000001	85000000	483714	0.483714	84500000
chr10	84500001	85500000	674706	0.674706	85000000
chr10	85000001	86000000	844317	0.844317	85500000
chr10	85500001	86500000	864521	0.864521	86000000
chr10	86000001	87000000	878136	0.878136	86500000
chr10	86500001	87500000	796167	0.796167	87000000
chr10	87000001	88000000	570748	0.570748	87500000
chr10	87500001	88500000	455563	0.455563	88000000
chr10	88000001	89000000	451315	0.451315	88500000
chr10	88500001	89500000	398442	0.398442	89000000
chr10	89000001	90000000	402796	0.402796	89500000
chr10	89500001	90500000	452176	0.452176	90000000
chr10	90000001	91000000	408645	0.408645	90500000
chr10	90500001	91500000	375320	0.37532	91000000
chr10	91000001	92000000	358243	0.358243	91500000
chr10	91500001	92500000	330035	0.330035	92000000
chr10	92000001	93000000	318647	0.318647	92500000
chr10	92500001	93500000	385917	0.385917	93000000
chr10	93000001	94000000	441955	0.441955	93500000
chr10	93500001	94500000	396311	0.396311	94000000
chr10	94000001	95000000	424990	0.42499	94500000
chr10	94500001	95500000	411637	0.411637	95000000
chr10	95000001	96000000	410134	0.410134	95500000
chr10	95500001	96500000	423915	0.423915	96000000
chr10	96000001	97000000	420169	0.420169	96500000
chr10	96500001	97500000	411867	0.411867	97000000
chr10	97000001	98000000	365064	0.365064	97500000
chr10	97500001	98500000	343689	0.343689	98000000
chr10	98000001	99000000	315575	0.315575	98500000
chr10	98500001	99500000	265791	0.265791	99000000
chr10	99000001	100000000	290637	0.290637	99500000
chr10	99500001	100500000	379554	0.379554	100000000
chr10	100000001	101000000	426222	0.426222	100500000
chr10	100500001	101500000	348167	0.348167	101000000
chr10	101000001	102000000	340043	0.340043	101500000
chr10	101500001	102500000	441118	0.441118	102000000
chr10	102000001	103000000	534216	0.534216	102500000
chr10	102500001	103500000	560856	0.560856	103000000
chr10	103000001	104000000	525600	0.5256	103500000
chr10	103500001	104500000	556840	0.55684	104000000
chr10	104000001	105000000	535696	0.535696	104500000
chr10	104500001	105500000	427648	0.427648	105000000
chr10	105000001	106000000	445137	0.445137	105500000
chr10	105500001	106500000	499278	0.499278	106000000
chr10	106000001	107000000	451785	0.451785	106500000
chr10	106500001	107500000	306361	0.306361	107000000
chr10	107000001	108000000	295247	0.295247	107500000
chr10	107500001	108500000	410363	0.410363	108000000
chr10	108000001	109000000	388156	0.388156	108500000
chr10	108500001	109500000	458240	0.45824	109000000
chr10	109000001	110000000	570350	0.57035	109500000
chr10	109500001	110500000	588715	0.588715	110000000
chr10	110000001	111000000	532780	0.53278	110500000
chr10	110500001	111500000	397481	0.397481	111000000
chr10	111000001	112000000	381276	0.381276	111500000
chr10	111500001	112500000	424739	0.424739	112000000
chr10	112000001	113000000	413566	0.413566	112500000
chr10	112500001	113500000	406417	0.406417	113000000
chr10	113000001	114000000	390119	0.390119	113500000
chr10	113500001	114500000	467901	0.467901	114000000
chr10	114000001	115000000	522891	0.522891	114500000
chr10	114500001	115500000	557180	0.55718	115000000
chr10	115000001	116000000	547477	0.547477	115500000
chr10	115500001	116500000	469846	0.469846	116000000
chr10	116000001	117000000	630626	0.630626	116500000
chr10	116500001	117500000	826768	0.826768	117000000
chr10	117000001	118000000	852210	0.85221	117500000
chr10	117500001	118500000	857149	0.857149	118000000
chr10	118000001	119000000	868773	0.868773	118500000
chr10	118500001	119500000	856927	0.856927	119000000
chr10	119000001	120000000	858810	0.85881	119500000
chr10	119500001	120500000	876822	0.876822	120000000
chr10	120000001	121000000	887112	0.887112	120500000
chr10	120500001	121500000	870844	0.870844	121000000
chr10	121000001	122000000	865799	0.865799	121500000
chr10	121500001	122500000	888648	0.888648	122000000
chr10	122000001	123000000	869943	0.869943	122500000
chr10	122500001	123500000	870923	0.870923	123000000
chr10	123000001	124000000	878579	0.878579	123500000
chr10	123500001	124500000	855099	0.855099	124000000
chr10	124000001	125000000	855119	0.855119	124500000
chr10	124500001	125500000	871329	0.871329	125000000
chr10	125000001	126000000	879860	0.87986	125500000
chr10	125500001	126500000	877272	0.877272	126000000
chr11	1	1000000	967335	0.967335	500000
chr11	500001	1500000	997585	0.997585	1000000
chr11	1000001	2000000	1000000	1.0	1500000
chr11	1500001	2500000	1000000	1.0	2000000
chr11	2000001	3000000	1000000	1.0	2500000
chr11	2500001	3500000	999995	0.999995	3000000
chr11	3000001	4000000	982976	0.982976	3500000
chr11	3500001	4500000	951848	0.951848	4000000
chr11	4000001	5000000	937399	0.937399	4500000
chr11	4500001	5500000	934867	0.934867	5000000
chr11	5000001	6000000	929204	0.929204	5500000
chr11	5500001	6500000	939298	0.939298	6000000
chr11	6000001	7000000	887988	0.887988	6500000
chr11	6500001	7500000	649329	0.649329	7000000
chr11	7000001	8000000	399450	0.39945	7500000
chr11	7500001	8500000	280198	0.280198	8000000
chr11	8000001	9000000	229623	0.229623	8500000
chr11	8500001	9500000	230198	0.230198	9000000
chr11	9000001	10000000	223545	0.223545	9500000
chr11	9500001	10500000	233422	0.233422	10000000
chr11	10000001	11000000	308324	0.308324	10500000
chr11	10500001	11500000	397849	0.397849	11000000
chr11	11000001	12000000	431123	0.431123	11500000
chr11	11500001	12500000	384550	0.38455	12000000
chr11	12000001	13000000	305111	0.305111	12500000
chr11	12500001	13500000	301030	0.30103	13000000
chr11	13000001	14000000	339792	0.339792	13500000
chr11	13500001	14500000	332252	0.332252	14000000
chr11	14000001	15000000	322410	0.32241	14500000
chr11	14500001	15500000	278934	0.278934	15000000
chr11	15000001	16000000	329995	0.329995	15500000
chr11	15500001	16500000	429511	0.429511	16000000
chr11	16000001	17000000	408232	0.408232	16500000
chr11	16500001	17500000	312751	0.312751	17000000
chr11	17000001	18000000	200095	0.200095	17500000
chr11	17500001	18500000	291569	0.291569	18000000
chr11	18000001	19000000	417585	0.417585	18500000
chr11	18500001	19500000	405934	0.405934	19000000
chr11	19000001	20000000	384003	0.384003	19500000
chr11	19500001	20500000	343607	0.343607	20000000
chr11	20000001	21000000	330062	0.330062	20500000
chr11	20500001	21500000	365374	0.365374	21000000
chr11	21000001	22000000	428540	0.42854	21500000
chr11	21500001	22500000	434899	0.434899	22000000
chr11	22000001	23000000	408490	0.40849	22500000
chr11	22500001	23500000	400144	0.400144	23000000
chr11	23000001	24000000	388055	0.388055	23500000
chr11	23500001	24500000	347254	0.347254	24000000
chr11	24000001	25000000	323275	0.323275	24500000
chr11	24500001	25500000	372913	0.372913	25000000
chr11	25000001	26000000	459733	0.459733	25500000
chr11	25500001	26500000	500181	0.500181	26000000
chr11	26000001	27000000	422479	0.422479	26500000
chr11	26500001	27500000	438928	0.438928	27000000
chr11	27000001	28000000	481856	0.481856	27500000
chr11	27500001	28500000	422301	0.422301	28000000
chr11	28000001	29000000	352379	0.352379	28500000
chr11	28500001	29500000	414211	0.414211	29000000
chr11	29000001	30000000	526609	0.526609	29500000
chr11	29500001	30500000	470782	0.470782	30000000
chr11	30000001	31000000	478858	0.478858	30500000
chr11	30500001	31500000	469665	0.469665	31000000
chr11	31000001	32000000	395290	0.39529	31500000
chr11	31500001	32500000	375123	0.375123	32000000
chr11	32000001	33000000	364669	0.364669	32500000
chr11	32500001	33500000	362006	0.362006	33000000
chr11	33000001	34000000	351149	0.351149	33500000
chr11	33500001	34500000	350868	0.350868	34000000
chr11	34000001	35000000	400053	0.400053	34500000
chr11	34500001	35500000	486776	0.486776	35000000
chr11	35000001	36000000	518177	0.518177	35500000
chr11	35500001	36500000	526686	0.526686	36000000
chr11	36000001	37000000	510661	0.510661	36500000
chr11	36500001	37500000	446064	0.446064	37000000
chr11	37000001	38000000	438188	0.438188	37500000
chr11	37500001	38500000	483717	0.483717	38000000
chr11	38000001	39000000	489330	0.48933	38500000
chr11	38500001	39500000	420545	0.420545	39000000
chr11	39000001	40000000	358548	0.358548	39500000
chr11	39500001	40500000	458411	0.458411	40000000
chr11	40000001	41000000	470190	0.47019	40500000
chr11	40500001	41500000	389276	0.389276	41000000
chr11	41000001	42000000	439463	0.439463	41500000
chr11	41500001	42500000	473096	0.473096	42000000
chr11	42000001	43000000	502154	0.502154	42500000
chr11	42500001	43500000	515542	0.515542	43000000
chr11	43000001	44000000	427868	0.427868	43500000
chr11	43500001	44500000	349386	0.349386	44000000
chr11	44000001	45000000	352765	0.352765	44500000
chr11	44500001	45500000	372419	0.372419	45000000
chr11	45000001	46000000	462149	0.462149	45500000
chr11	45500001	46500000	539754	0.539754	46000000
chr11	46000001	47000000	517937	0.517937	46500000
chr11	46500001	47500000	492537	0.492537	47000000
chr11	47000001	48000000	460976	0.460976	47500000
chr11	47500001	48500000	454379	0.454379	48000000
chr11	48000001	49000000	396263	0.396263	48500000
chr11	48500001	49500000	370513	0.370513	49000000
chr11	49000001	50000000	417405	0.417405	49500000
chr11	49500001	50500000	467960	0.46796	50000000
chr11	50000001	51000000	517174	0.517174	50500000
chr11	50500001	51500000	567085	0.567085	51000000
chr11	51000001	52000000	556687	0.556687	51500000
chr11	51500001	52500000	464342	0.464342	52000000
chr11	52000001	53000000	483231	0.483231	52500000
chr11	52500001	53500000	465243	0.465243	53000000
chr11	53000001	54000000	429473	0.429473	53500000
chr11	53500001	54500000	469054	0.469054	54000000
chr11	54000001	55000000	389413	0.389413	54500000
chr11	54500001	55500000	425672	0.425672	55000000
chr11	55000001	56000000	469016	0.469016	55500000
chr11	55500001	56500000	488924	0.488924	56000000
chr11	56000001	57000000	546151	0.546151	56500000
chr11	56500001	57500000	510139	0.510139	57000000
chr11	57000001	58000000	502378	0.502378	57500000
chr11	57500001	58500000	431838	0.431838	58000000
chr11	58000001	59000000	430365	0.430365	58500000
chr11	58500001	59500000	484412	0.484412	59000000
chr11	59000001	60000000	468243	0.468243	59500000
chr11	59500001	60500000	483600	0.4836	60000000
chr11	60000001	61000000	568055	0.568055	60500000
chr11	60500001	61500000	578897	0.578897	61000000
chr11	61000001	62000000	546172	0.546172	61500000
chr11	61500001	62500000	504560	0.50456	62000000
chr11	62000001	63000000	477150	0.47715	62500000
chr11	62500001	63500000	544735	0.544735	63000000
chr11	63000001	64000000	514102	0.514102	63500000
chr11	63500001	64500000	461263	0.461263	64000000
chr11	64000001	65000000	451116	0.451116	64500000
chr11	64500001	65500000	482433	0.482433	65000000
chr11	65000001	66000000	591006	0.591006	65500000
chr11	65500001	66500000	528274	0.528274	66000000
chr11	66000001	67000000	434161	0.434161	66500000
chr11	66500001	67500000	427363	0.427363	67000000
chr11	67000001	68000000	478159	0.478159	67500000
chr11	67500001	68500000	524189	0.524189	68000000
chr11	68000001	69000000	505684	0.505684	68500000
chr11	68500001	69500000	468716	0.468716	69000000
chr11	69000001	70000000	679578	0.679578	69500000
chr11	69500001	70500000	939354	0.939354	70000000
chr11	70000001	71000000	945271	0.945271	70500000
chr11	70500001	71500000	869412	0.869412	71000000
chr11	71000001	72000000	699641	0.699641	71500000
chr11	71500001	72500000	626093	0.626093	72000000
chr11	72000001	73000000	653175	0.653175	72500000
chr11	72500001	73500000	573946	0.573946	73000000
chr11	73000001	74000000	531642	0.531642	73500000
chr11	73500001	74500000	556807	0.556807	74000000
chr11	74000001	75000000	503392	0.503392	74500000
chr11	74500001	75500000	509617	0.509617	75000000
chr11	75000001	76000000	520433	0.520433	75500000
chr11	75500001	76500000	527978	0.527978	76000000
chr11	76000001	77000000	501578	0.501578	76500000
chr11	76500001	77500000	413563	0.413563	77000000
chr11	77000001	78000000	447777	0.447777	77500000
chr11	77500001	78500000	523799	0.523799	78000000
chr11	78000001	79000000	519225	0.519225	78500000
chr11	78500001	79500000	514441	0.514441	79000000
chr11	79000001	80000000	538445	0.538445	79500000
chr11	79500001	80500000	615595	0.615595	80000000
chr11	80000001	81000000	655721	0.655721	80500000
chr11	80500001	81500000	494350	0.49435	81000000
chr11	81000001	82000000	422283	0.422283	81500000
chr11	81500001	82500000	375378	0.375378	82000000
chr11	82000001	83000000	363568	0.363568	82500000
chr11	82500001	83500000	470858	0.470858	83000000
chr11	83000001	84000000	385813	0.385813	83500000
chr11	83500001	84500000	350302	0.350302	84000000
chr11	84000001	85000000	384699	0.384699	84500000
chr11	84500001	85500000	385247	0.385247	85000000
chr11	85000001	86000000	485467	0.485467	85500000
chr11	85500001	86500000	473326	0.473326	86000000
chr11	86000001	87000000	433534	0.433534	86500000
chr11	86500001	87500000	520047	0.520047	87000000
chr11	87000001	88000000	552917	0.552917	87500000
chr11	87500001	88500000	515013	0.515013	88000000
chr11	88000001	89000000	462452	0.462452	88500000
chr11	88500001	89500000	386800	0.3868	89000000
chr11	89000001	90000000	405619	0.405619	89500000
chr11	89500001	90500000	415063	0.415063	90000000
chr11	90000001	91000000	360403	0.360403	90500000
chr11	90500001	91500000	443283	0.443283	91000000
chr11	91000001	92000000	446757	0.446757	91500000
chr11	91500001	92500000	407481	0.407481	92000000
chr11	92000001	93000000	343775	0.343775	92500000
chr11	92500001	93500000	244356	0.244356	93000000
chr11	93000001	94000000	340507	0.340507	93500000
chr11	93500001	94500000	314522	0.314522	94000000
chr11	94000001	95000000	282853	0.282853	94500000
chr11	94500001	95500000	268342	0.268342	95000000
chr11	95000001	96000000	165246	0.165246	95500000
chr11	95500001	96500000	199159	0.199159	96000000
chr11	96000001	97000000	254799	0.254799	96500000
chr11	96500001	97500000	330364	0.330364	97000000
chr11	97000001	98000000	370771	0.370771	97500000
chr11	97500001	98500000	352204	0.352204	98000000
chr11	98000001	99000000	332688	0.332688	98500000
chr11	98500001	99500000	366012	0.366012	99000000
chr11	99000001	100000000	463564	0.463564	99500000
chr11	99500001	100500000	559392	0.559392	100000000
chr11	100000001	101000000	532572	0.532572	100500000
chr11	100500001	101500000	437877	0.437877	101000000
chr11	101000001	102000000	390852	0.390852	101500000
chr11	101500001	102500000	374672	0.374672	102000000
chr11	102000001	103000000	364667	0.364667	102500000
chr11	102500001	103500000	415143	0.415143	103000000
chr11	103000001	104000000	441655	0.441655	103500000
chr11	103500001	104500000	419444	0.419444	104000000
chr11	104000001	105000000	311630	0.31163	104500000
chr11	104500001	105500000	261212	0.261212	105000000
chr11	105000001	106000000	357690	0.35769	105500000
chr11	105500001	106500000	383712	0.383712	106000000
chr11	106000001	107000000	449728	0.449728	106500000
chr11	106500001	107500000	434666	0.434666	107000000
chr11	107000001	108000000	345533	0.345533	107500000
chr11	107500001	108500000	362613	0.362613	108000000
chr11	108000001	109000000	438527	0.438527	108500000
chr11	108500001	109500000	443726	0.443726	109000000
chr11	109000001	110000000	355691	0.355691	109500000
chr11	109500001	110500000	300198	0.300198	110000000
chr11	110000001	111000000	347301	0.347301	110500000
chr11	110500001	111500000	425387	0.425387	111000000
chr11	111000001	112000000	461160	0.46116	111500000
chr11	111500001	112500000	484520	0.48452	112000000
chr11	112000001	113000000	454776	0.454776	112500000
chr11	112500001	113500000	443759	0.443759	113000000
chr11	113000001	114000000	391408	0.391408	113500000
chr11	113500001	114500000	271668	0.271668	114000000
chr11	114000001	115000000	337302	0.337302	114500000
chr11	114500001	115500000	444634	0.444634	115000000
chr11	115000001	116000000	461337	0.461337	115500000
chr11	115500001	116500000	482643	0.482643	116000000
chr11	116000001	117000000	455387	0.455387	116500000
chr11	116500001	117500000	385812	0.385812	117000000
chr11	117000001	118000000	313471	0.313471	117500000
chr11	117500001	118500000	370908	0.370908	118000000
chr11	118000001	119000000	464512	0.464512	118500000
chr11	118500001	119500000	535277	0.535277	119000000
chr11	119000001	120000000	772430	0.77243	119500000
chr11	119500001	120500000	958279	0.958279	120000000
chr11	120000001	121000000	988461	0.988461	120500000
chr11	120500001	121500000	999889	0.999889	121000000
chr11	121000001	122000000	999889	0.999889	121500000
chr11	121500001	122500000	1000000	1.0	122000000
chr11	122000001	123000000	1000000	1.0	122500000
chr11	122500001	123500000	1000000	1.0	123000000
chr11	123000001	124000000	982469	0.982469	123500000
chr11	123500001	124500000	982362	0.982362	124000000
chr11	124000001	125000000	999790	0.99979	124500000
chr11	124500001	125500000	999897	0.999897	125000000
chr12	1	1000000	992194	0.992194	500000
chr12	500001	1500000	1000000	1.0	1000000
chr12	1000001	2000000	1000000	1.0	1500000
chr12	1500001	2500000	1000000	1.0	2000000
chr12	2000001	3000000	1000000	1.0	2500000
chr12	2500001	3500000	999894	0.999894	3000000
chr12	3000001	4000000	999894	0.999894	3500000
chr12	3500001	4500000	999990	0.99999	4000000
chr12	4000001	5000000	999964	0.999964	4500000
chr12	4500001	5500000	999782	0.999782	5000000
chr12	5000001	6000000	998795	0.998795	5500000
chr12	5500001	6500000	998886	0.998886	6000000
chr12	6000001	7000000	999790	0.99979	6500000
chr12	6500001	7500000	999891	0.999891	7000000
chr12	7000001	8000000	1000000	1.0	7500000
chr12	7500001	8500000	1000000	1.0	8000000
chr12	8000001	9000000	964364	0.964364	8500000
chr12	8500001	9500000	956771	0.956771	9000000
chr12	9000001	10000000	983451	0.983451	9500000
chr12	9500001	10500000	978706	0.978706	10000000
chr12	10000001	11000000	973101	0.973101	10500000
chr12	10500001	11500000	969737	0.969737	11000000
chr12	11000001	12000000	810828	0.810828	11500000
chr12	11500001	12500000	568347	0.568347	12000000
chr12	12000001	13000000	565837	0.565837	12500000
chr12	12500001	13500000	749075	0.749075	13000000
chr12	13000001	14000000	807729	0.807729	13500000
chr12	13500001	14500000	719017	0.719017	14000000
chr12	14000001	15000000	616704	0.616704	14500000
chr12	14500001	15500000	652582	0.652582	15000000
chr12	15000001	16000000	662048	0.662048	15500000
chr12	15500001	16500000	531172	0.531172	16000000
chr12	16000001	17000000	431256	0.431256	16500000
chr12	16500001	17500000	378834	0.378834	17000000
chr12	17000001	18000000	466456	0.466456	17500000
chr12	17500001	18500000	495661	0.495661	18000000
chr12	18000001	19000000	479223	0.479223	18500000
chr12	18500001	19500000	529247	0.529247	19000000
chr12	19000001	20000000	511906	0.511906	19500000
chr12	19500001	20500000	480329	0.480329	20000000
chr12	20000001	21000000	500573	0.500573	20500000
chr12	20500001	21500000	510844	0.510844	21000000
chr12	21000001	22000000	524429	0.524429	21500000
chr12	21500001	22500000	471122	0.471122	22000000
chr12	22000001	23000000	408774	0.408774	22500000
chr12	22500001	23500000	383512	0.383512	23000000
chr12	23000001	24000000	351755	0.351755	23500000
chr12	23500001	24500000	381986	0.381986	24000000
chr12	24000001	25000000	475346	0.475346	24500000
chr12	24500001	25500000	557173	0.557173	25000000
chr12	25000001	26000000	487317	0.487317	25500000
chr12	25500001	26500000	417249	0.417249	26000000
chr12	26000001	27000000	390054	0.390054	26500000
chr12	26500001	27500000	378245	0.378245	27000000
chr12	27000001	28000000	425277	0.425277	27500000
chr12	27500001	28500000	517805	0.517805	28000000
chr12	28000001	29000000	471790	0.47179	28500000
chr12	28500001	29500000	409165	0.409165	29000000
chr12	29000001	30000000	455147	0.455147	29500000
chr12	29500001	30500000	456019	0.456019	30000000
chr12	30000001	31000000	444659	0.444659	30500000
chr12	30500001	31500000	438832	0.438832	31000000
chr12	31000001	32000000	468537	0.468537	31500000
chr12	31500001	32500000	470475	0.470475	32000000
chr12	32000001	33000000	474477	0.474477	32500000
chr12	32500001	33500000	473113	0.473113	33000000
chr12	33000001	34000000	416316	0.416316	33500000
chr12	33500001	34500000	355176	0.355176	34000000
chr12	34000001	35000000	352491	0.352491	34500000
chr12	34500001	35500000	421239	0.421239	35000000
chr12	35000001	36000000	460149	0.460149	35500000
chr12	35500001	36500000	466533	0.466533	36000000
chr12	36000001	37000000	452339	0.452339	36500000
chr12	36500001	37500000	427282	0.427282	37000000
chr12	37000001	38000000	418580	0.41858	37500000
chr12	37500001	38500000	375250	0.37525	38000000
chr12	38000001	39000000	394482	0.394482	38500000
chr12	38500001	39500000	357751	0.357751	39000000
chr12	39000001	40000000	332766	0.332766	39500000
chr12	39500001	40500000	379972	0.379972	40000000
chr12	40000001	41000000	287597	0.287597	40500000
chr12	40500001	41500000	216876	0.216876	41000000
chr12	41000001	42000000	331510	0.33151	41500000
chr12	41500001	42500000	369323	0.369323	42000000
chr12	42000001	43000000	370419	0.370419	42500000
chr12	42500001	43500000	381434	0.381434	43000000
chr12	43000001	44000000	294719	0.294719	43500000
chr12	43500001	44500000	280194	0.280194	44000000
chr12	44000001	45000000	283599	0.283599	44500000
chr12	44500001	45500000	334542	0.334542	45000000
chr12	45000001	46000000	389548	0.389548	45500000
chr12	45500001	46500000	374505	0.374505	46000000
chr12	46000001	47000000	372237	0.372237	46500000
chr12	46500001	47500000	381143	0.381143	47000000
chr12	47000001	48000000	388158	0.388158	47500000
chr12	47500001	48500000	356356	0.356356	48000000
chr12	48000001	49000000	339104	0.339104	48500000
chr12	48500001	49500000	356496	0.356496	49000000
chr12	49000001	50000000	349471	0.349471	49500000
chr12	49500001	50500000	328115	0.328115	50000000
chr12	50000001	51000000	333363	0.333363	50500000
chr12	50500001	51500000	438767	0.438767	51000000
chr12	51000001	52000000	513869	0.513869	51500000
chr12	51500001	52500000	487211	0.487211	52000000
chr12	52000001	53000000	427460	0.42746	52500000
chr12	52500001	53500000	390526	0.390526	53000000
chr12	53000001	54000000	426032	0.426032	53500000
chr12	53500001	54500000	375261	0.375261	54000000
chr12	54000001	55000000	289699	0.289699	54500000
chr12	54500001	55500000	285179	0.285179	55000000
chr12	55000001	56000000	297771	0.297771	55500000
chr12	55500001	56500000	297809	0.297809	56000000
chr12	56000001	57000000	294766	0.294766	56500000
chr12	56500001	57500000	263290	0.26329	57000000
chr12	57000001	58000000	243720	0.24372	57500000
chr12	57500001	58500000	204321	0.204321	58000000
chr12	58000001	59000000	161879	0.161879	58500000
chr12	58500001	59500000	246675	0.246675	59000000
chr12	59000001	60000000	328619	0.328619	59500000
chr12	59500001	60500000	348603	0.348603	60000000
chr12	60000001	61000000	309393	0.309393	60500000
chr12	60500001	61500000	407027	0.407027	61000000
chr12	61000001	62000000	478345	0.478345	61500000
chr12	61500001	62500000	437457	0.437457	62000000
chr12	62000001	63000000	470645	0.470645	62500000
chr12	62500001	63500000	435293	0.435293	63000000
chr12	63000001	64000000	403191	0.403191	63500000
chr12	63500001	64500000	438517	0.438517	64000000
chr12	64000001	65000000	464793	0.464793	64500000
chr12	64500001	65500000	433164	0.433164	65000000
chr12	65000001	66000000	294080	0.29408	65500000
chr12	65500001	66500000	253083	0.253083	66000000
chr12	66000001	67000000	310751	0.310751	66500000
chr12	66500001	67500000	308151	0.308151	67000000
chr12	67000001	68000000	368742	0.368742	67500000
chr12	67500001	68500000	447306	0.447306	68000000
chr12	68000001	69000000	433572	0.433572	68500000
chr12	68500001	69500000	365050	0.36505	69000000
chr12	69000001	70000000	299144	0.299144	69500000
chr12	69500001	70500000	284013	0.284013	70000000
chr12	70000001	71000000	300943	0.300943	70500000
chr12	70500001	71500000	309035	0.309035	71000000
chr12	71000001	72000000	410762	0.410762	71500000
chr12	71500001	72500000	418026	0.418026	72000000
chr12	72000001	73000000	338097	0.338097	72500000
chr12	72500001	73500000	431029	0.431029	73000000
chr12	73000001	74000000	445034	0.445034	73500000
chr12	73500001	74500000	460664	0.460664	74000000
chr12	74000001	75000000	504176	0.504176	74500000
chr12	74500001	75500000	454813	0.454813	75000000
chr12	75000001	76000000	356245	0.356245	75500000
chr12	75500001	76500000	324991	0.324991	76000000
chr12	76000001	77000000	405983	0.405983	76500000
chr12	76500001	77500000	430721	0.430721	77000000
chr12	77000001	78000000	431094	0.431094	77500000
chr12	77500001	78500000	394496	0.394496	78000000
chr12	78000001	79000000	382136	0.382136	78500000
chr12	78500001	79500000	433536	0.433536	79000000
chr12	79000001	80000000	381338	0.381338	79500000
chr12	79500001	80500000	380158	0.380158	80000000
chr12	80000001	81000000	499169	0.499169	80500000
chr12	80500001	81500000	518879	0.518879	81000000
chr12	81000001	82000000	446732	0.446732	81500000
chr12	81500001	82500000	441667	0.441667	82000000
chr12	82000001	83000000	486602	0.486602	82500000
chr12	82500001	83500000	400623	0.400623	83000000
chr12	83000001	84000000	410100	0.4101	83500000
chr12	83500001	84500000	534507	0.534507	84000000
chr12	84000001	85000000	602335	0.602335	84500000
chr12	84500001	85500000	490274	0.490274	85000000
chr12	85000001	86000000	330803	0.330803	85500000
chr12	85500001	86500000	350899	0.350899	86000000
chr12	86000001	87000000	393795	0.393795	86500000
chr12	86500001	87500000	335614	0.335614	87000000
chr12	87000001	88000000	363698	0.363698	87500000
chr12	87500001	88500000	381089	0.381089	88000000
chr12	88000001	89000000	379940	0.37994	88500000
chr12	88500001	89500000	451838	0.451838	89000000
chr12	89000001	90000000	417317	0.417317	89500000
chr12	89500001	90500000	355514	0.355514	90000000
chr12	90000001	91000000	419625	0.419625	90500000
chr12	90500001	91500000	558926	0.558926	91000000
chr12	91000001	92000000	498493	0.498493	91500000
chr12	91500001	92500000	468545	0.468545	92000000
chr12	92000001	93000000	512919	0.512919	92500000
chr12	92500001	93500000	426501	0.426501	93000000
chr12	93000001	94000000	347199	0.347199	93500000
chr12	93500001	94500000	332013	0.332013	94000000
chr12	94000001	95000000	357914	0.357914	94500000
chr12	94500001	95500000	420645	0.420645	95000000
chr12	95000001	96000000	429004	0.429004	95500000
chr12	95500001	96500000	422067	0.422067	96000000
chr12	96000001	97000000	446282	0.446282	96500000
chr12	96500001	97500000	436649	0.436649	97000000
chr12	97000001	98000000	393021	0.393021	97500000
chr12	97500001	98500000	456642	0.456642	98000000
chr12	98000001	99000000	478458	0.478458	98500000
chr12	98500001	99500000	377101	0.377101	99000000
chr12	99000001	100000000	432506	0.432506	99500000
chr12	99500001	100500000	476064	0.476064	100000000
chr12	100000001	101000000	483058	0.483058	100500000
chr12	100500001	101500000	490111	0.490111	101000000
chr12	101000001	102000000	449406	0.449406	101500000
chr12	101500001	102500000	447867	0.447867	102000000
chr12	102000001	103000000	480826	0.480826	102500000
chr12	102500001	103500000	455149	0.455149	103000000
chr12	103000001	104000000	437536	0.437536	103500000
chr12	103500001	104500000	446393	0.446393	104000000
chr12	104000001	105000000	385307	0.385307	104500000
chr12	104500001	105500000	456767	0.456767	105000000
chr12	105000001	106000000	540984	0.540984	105500000
chr12	105500001	106500000	485504	0.485504	106000000
chr12	106000001	107000000	488098	0.488098	106500000
chr12	106500001	107500000	455384	0.455384	107000000
chr12	107000001	108000000	430143	0.430143	107500000
chr12	107500001	108500000	468769	0.468769	108000000
chr12	108000001	109000000	471773	0.471773	108500000
chr12	108500001	109500000	470338	0.470338	109000000
chr12	109000001	110000000	450535	0.450535	109500000
chr12	109500001	110500000	454172	0.454172	110000000
chr12	110000001	111000000	472408	0.472408	110500000
chr12	110500001	111500000	448724	0.448724	111000000
chr12	111000001	112000000	365520	0.36552	111500000
chr12	111500001	112500000	327165	0.327165	112000000
chr12	112000001	113000000	438525	0.438525	112500000
chr12	112500001	113500000	510887	0.510887	113000000
chr12	113000001	114000000	513239	0.513239	113500000
chr12	113500001	114500000	535603	0.535603	114000000
chr12	114000001	115000000	512004	0.512004	114500000
chr12	114500001	115500000	504978	0.504978	115000000
chr12	115000001	116000000	406102	0.406102	115500000
chr12	115500001	116500000	436682	0.436682	116000000
chr12	116000001	117000000	544014	0.544014	116500000
chr12	116500001	117500000	496847	0.496847	117000000
chr12	117000001	118000000	473375	0.473375	117500000
chr12	117500001	118500000	501611	0.501611	118000000
chr12	118000001	119000000	513803	0.513803	118500000
chr12	118500001	119500000	548800	0.5488	119000000
chr12	119000001	120000000	663740	0.66374	119500000
chr12	119500001	120500000	726947	0.726947	120000000
chr12	120000001	121000000	676865	0.676865	120500000
chr12	120500001	121500000	660681	0.660681	121000000
chr12	121000001	122000000	674289	0.674289	121500000
chr12	121500001	122500000	649050	0.64905	122000000
chr12	122000001	123000000	589663	0.589663	122500000
chr13	1	1000000	584764	0.584764	500000
chr13	500001	1500000	461987	0.461987	1000000
chr13	1000001	2000000	487104	0.487104	1500000
chr13	1500001	2500000	485094	0.485094	2000000
chr13	2000001	3000000	419301	0.419301	2500000
chr13	2500001	3500000	495880	0.49588	3000000
chr13	3000001	4000000	527736	0.527736	3500000
chr13	3500001	4500000	447129	0.447129	4000000
chr13	4000001	5000000	448419	0.448419	4500000
chr13	4500001	5500000	414136	0.414136	5000000
chr13	5000001	6000000	310773	0.310773	5500000
chr13	5500001	6500000	351178	0.351178	6000000
chr13	6000001	7000000	469261	0.469261	6500000
chr13	6500001	7500000	496259	0.496259	7000000
chr13	7000001	8000000	464146	0.464146	7500000
chr13	7500001	8500000	466158	0.466158	8000000
chr13	8000001	9000000	465733	0.465733	8500000
chr13	8500001	9500000	371565	0.371565	9000000
chr13	9000001	10000000	283082	0.283082	9500000
chr13	9500001	10500000	379418	0.379418	10000000
chr13	10000001	11000000	473380	0.47338	10500000
chr13	10500001	11500000	440170	0.44017	11000000
chr13	11000001	12000000	406299	0.406299	11500000
chr13	11500001	12500000	423549	0.423549	12000000
chr13	12000001	13000000	499289	0.499289	12500000
chr13	12500001	13500000	570375	0.570375	13000000
chr13	13000001	14000000	584764	0.584764	13500000
chr13	13500001	14500000	573387	0.573387	14000000
chr13	14000001	15000000	629391	0.629391	14500000
chr13	14500001	15500000	577758	0.577758	15000000
chr13	15000001	16000000	437149	0.437149	15500000
chr13	15500001	16500000	369130	0.36913	16000000
chr13	16000001	17000000	341882	0.341882	16500000
chr13	16500001	17500000	461447	0.461447	17000000
chr13	17000001	18000000	533195	0.533195	17500000
chr13	17500001	18500000	363733	0.363733	18000000
chr13	18000001	19000000	247812	0.247812	18500000
chr13	18500001	19500000	314478	0.314478	19000000
chr13	19000001	20000000	377070	0.37707	19500000
chr13	19500001	20500000	401335	0.401335	20000000
chr13	20000001	21000000	466182	0.466182	20500000
chr13	20500001	21500000	510200	0.5102	21000000
chr13	21000001	22000000	450569	0.450569	21500000
chr13	21500001	22500000	461174	0.461174	22000000
chr13	22000001	23000000	455852	0.455852	22500000
chr13	22500001	23500000	397969	0.397969	23000000
chr13	23000001	24000000	447664	0.447664	23500000
chr13	23500001	24500000	449158	0.449158	24000000
chr13	24000001	25000000	409084	0.409084	24500000
chr13	24500001	25500000	408622	0.408622	25000000
chr13	25000001	26000000	431347	0.431347	25500000
chr13	25500001	26500000	424606	0.424606	26000000
chr13	26000001	27000000	391441	0.391441	26500000
chr13	26500001	27500000	380282	0.380282	27000000
chr13	27000001	28000000	331691	0.331691	27500000
chr13	27500001	28500000	291820	0.29182	28000000
chr13	28000001	29000000	404108	0.404108	28500000
chr13	28500001	29500000	448018	0.448018	29000000
chr13	29000001	30000000	298169	0.298169	29500000
chr13	29500001	30500000	258191	0.258191	30000000
chr13	30000001	31000000	287078	0.287078	30500000
chr13	30500001	31500000	327245	0.327245	31000000
chr13	31000001	32000000	386329	0.386329	31500000
chr13	31500001	32500000	376354	0.376354	32000000
chr13	32000001	33000000	362923	0.362923	32500000
chr13	32500001	33500000	394464	0.394464	33000000
chr13	33000001	34000000	430249	0.430249	33500000
chr13	33500001	34500000	396228	0.396228	34000000
chr13	34000001	35000000	405274	0.405274	34500000
chr13	34500001	35500000	440228	0.440228	35000000
chr13	35000001	36000000	359009	0.359009	35500000
chr13	35500001	36500000	363642	0.363642	36000000
chr13	36000001	37000000	452100	0.4521	36500000
chr13	36500001	37500000	447771	0.447771	37000000
chr13	37000001	38000000	446447	0.446447	37500000
chr13	37500001	38500000	518682	0.518682	38000000
chr13	38000001	39000000	508920	0.50892	38500000
chr13	38500001	39500000	427823	0.427823	39000000
chr13	39000001	40000000	408551	0.408551	39500000
chr13	39500001	40500000	537304	0.537304	40000000
chr13	40000001	41000000	623542	0.623542	40500000
chr13	40500001	41500000	501285	0.501285	41000000
chr13	41000001	42000000	405305	0.405305	41500000
chr13	41500001	42500000	427411	0.427411	42000000
chr13	42000001	43000000	568052	0.568052	42500000
chr13	42500001	43500000	572263	0.572263	43000000
chr13	43000001	44000000	433384	0.433384	43500000
chr13	43500001	44500000	433789	0.433789	44000000
chr13	44000001	45000000	480278	0.480278	44500000
chr13	44500001	45500000	473494	0.473494	45000000
chr13	45000001	46000000	441132	0.441132	45500000
chr13	45500001	46500000	444905	0.444905	46000000
chr13	46000001	47000000	436559	0.436559	46500000
chr13	46500001	47500000	387419	0.387419	47000000
chr13	47000001	48000000	311249	0.311249	47500000
chr13	47500001	48500000	309301	0.309301	48000000
chr13	48000001	49000000	329026	0.329026	48500000
chr13	48500001	49500000	230444	0.230444	49000000
chr13	49000001	50000000	260863	0.260863	49500000
chr13	49500001	50500000	319189	0.319189	50000000
chr13	50000001	51000000	401156	0.401156	50500000
chr13	50500001	51500000	434867	0.434867	51000000
chr13	51000001	52000000	365860	0.36586	51500000
chr13	51500001	52500000	389626	0.389626	52000000
chr13	52000001	53000000	411933	0.411933	52500000
chr13	52500001	53500000	437226	0.437226	53000000
chr13	53000001	54000000	433757	0.433757	53500000
chr13	53500001	54500000	443321	0.443321	54000000
chr13	54000001	55000000	445833	0.445833	54500000
chr13	54500001	55500000	426968	0.426968	55000000
chr13	55000001	56000000	451822	0.451822	55500000
chr13	55500001	56500000	397749	0.397749	56000000
chr13	56000001	57000000	346991	0.346991	56500000
chr13	56500001	57500000	400792	0.400792	57000000
chr13	57000001	58000000	451548	0.451548	57500000
chr13	57500001	58500000	541446	0.541446	58000000
chr13	58000001	59000000	501350	0.50135	58500000
chr13	58500001	59500000	442825	0.442825	59000000
chr13	59000001	60000000	595045	0.595045	59500000
chr13	59500001	60500000	637803	0.637803	60000000
chr13	60000001	61000000	576489	0.576489	60500000
chr13	60500001	61500000	570653	0.570653	61000000
chr13	61000001	62000000	554597	0.554597	61500000
chr13	61500001	62500000	464721	0.464721	62000000
chr13	62000001	63000000	391592	0.391592	62500000
chr13	62500001	63500000	424722	0.424722	63000000
chr13	63000001	64000000	494356	0.494356	63500000
chr13	63500001	64500000	472098	0.472098	64000000
chr13	64000001	65000000	433099	0.433099	64500000
chr13	64500001	65500000	464014	0.464014	65000000
chr13	65000001	66000000	444929	0.444929	65500000
chr13	65500001	66500000	479144	0.479144	66000000
chr13	66000001	67000000	481036	0.481036	66500000
chr13	66500001	67500000	464271	0.464271	67000000
chr13	67000001	68000000	494844	0.494844	67500000
chr13	67500001	68500000	480707	0.480707	68000000
chr13	68000001	69000000	462274	0.462274	68500000
chr13	68500001	69500000	470544	0.470544	69000000
chr13	69000001	70000000	494028	0.494028	69500000
chr13	69500001	70500000	510134	0.510134	70000000
chr13	70000001	71000000	483074	0.483074	70500000
chr13	70500001	71500000	441927	0.441927	71000000
chr13	71000001	72000000	424077	0.424077	71500000
chr13	71500001	72500000	345881	0.345881	72000000
chr13	72000001	73000000	333309	0.333309	72500000
chr13	72500001	73500000	346523	0.346523	73000000
chr13	73000001	74000000	333563	0.333563	73500000
chr13	73500001	74500000	370770	0.37077	74000000
chr13	74000001	75000000	479184	0.479184	74500000
chr13	74500001	75500000	495766	0.495766	75000000
chr13	75000001	76000000	369466	0.369466	75500000
chr13	75500001	76500000	280751	0.280751	76000000
chr13	76000001	77000000	295314	0.295314	76500000
chr13	76500001	77500000	362858	0.362858	77000000
chr13	77000001	78000000	449178	0.449178	77500000
chr13	77500001	78500000	512338	0.512338	78000000
chr13	78000001	79000000	521784	0.521784	78500000
chr13	78500001	79500000	508429	0.508429	79000000
chr13	79000001	80000000	404141	0.404141	79500000
chr13	79500001	80500000	360024	0.360024	80000000
chr13	80000001	81000000	379647	0.379647	80500000
chr13	80500001	81500000	341515	0.341515	81000000
chr13	81000001	82000000	370832	0.370832	81500000
chr13	81500001	82500000	450712	0.450712	82000000
chr13	82000001	83000000	510999	0.510999	82500000
chr13	82500001	83500000	500121	0.500121	83000000
chr13	83000001	84000000	386204	0.386204	83500000
chr13	83500001	84500000	340723	0.340723	84000000
chr13	84000001	85000000	383269	0.383269	84500000
chr13	84500001	85500000	438502	0.438502	85000000
chr13	85000001	86000000	430369	0.430369	85500000
chr13	85500001	86500000	325682	0.325682	86000000
chr13	86000001	87000000	331556	0.331556	86500000
chr13	86500001	87500000	348558	0.348558	87000000
chr13	87000001	88000000	311214	0.311214	87500000
chr13	87500001	88500000	332877	0.332877	88000000
chr13	88000001	89000000	391072	0.391072	88500000
chr13	88500001	89500000	386986	0.386986	89000000
chr13	89000001	90000000	323902	0.323902	89500000
chr13	89500001	90500000	319477	0.319477	90000000
chr13	90000001	91000000	435980	0.43598	90500000
chr13	90500001	91500000	488243	0.488243	91000000
chr13	91000001	92000000	412543	0.412543	91500000
chr13	91500001	92500000	371438	0.371438	92000000
chr13	92000001	93000000	479079	0.479079	92500000
chr13	92500001	93500000	479482	0.479482	93000000
chr13	93000001	94000000	389127	0.389127	93500000
chr13	93500001	94500000	451076	0.451076	94000000
chr13	94000001	95000000	466591	0.466591	94500000
chr13	94500001	95500000	436572	0.436572	95000000
chr13	95000001	96000000	390781	0.390781	95500000
chr13	95500001	96500000	324570	0.32457	96000000
chr13	96000001	97000000	361078	0.361078	96500000
chr13	96500001	97500000	412717	0.412717	97000000
chr13	97000001	98000000	391615	0.391615	97500000
chr13	97500001	98500000	350224	0.350224	98000000
chr13	98000001	99000000	343760	0.34376	98500000
chr13	98500001	99500000	425989	0.425989	99000000
chr13	99000001	100000000	468377	0.468377	99500000
chr13	99500001	100500000	427329	0.427329	100000000
chr13	100000001	101000000	390792	0.390792	100500000
chr13	100500001	101500000	362462	0.362462	101000000
chr13	101000001	102000000	304679	0.304679	101500000
chr13	101500001	102500000	345001	0.345001	102000000
chr13	102000001	103000000	387477	0.387477	102500000
chr13	102500001	103500000	343726	0.343726	103000000
chr13	103000001	104000000	338853	0.338853	103500000
chr13	103500001	104500000	394630	0.39463	104000000
chr13	104000001	105000000	380325	0.380325	104500000
chr13	104500001	105500000	298580	0.29858	105000000
chr13	105000001	106000000	335820	0.33582	105500000
chr13	105500001	106500000	373354	0.373354	106000000
chr13	106000001	107000000	342698	0.342698	106500000
chr13	106500001	107500000	378056	0.378056	107000000
chr13	107000001	108000000	427760	0.42776	107500000
chr13	107500001	108500000	443695	0.443695	108000000
chr13	108000001	109000000	392184	0.392184	108500000
chr13	108500001	109500000	328060	0.32806	109000000
chr13	109000001	110000000	362524	0.362524	109500000
chr13	109500001	110500000	377221	0.377221	110000000
chr13	110000001	111000000	354329	0.354329	110500000
chr13	110500001	111500000	351722	0.351722	111000000
chr13	111000001	112000000	383895	0.383895	111500000
chr13	111500001	112500000	359299	0.359299	112000000
chr13	112000001	113000000	304915	0.304915	112500000
chr13	112500001	113500000	344963	0.344963	113000000
chr13	113000001	114000000	414352	0.414352	113500000
chr13	113500001	114500000	373782	0.373782	114000000
chr13	114000001	115000000	348723	0.348723	114500000
chr13	114500001	115500000	454576	0.454576	115000000
chr13	115000001	116000000	408430	0.40843	115500000
chr13	115500001	116500000	281427	0.281427	116000000
chr13	116000001	117000000	267710	0.26771	116500000
chr13	116500001	117500000	283928	0.283928	117000000
chr13	117000001	118000000	327423	0.327423	117500000
chr13	117500001	118500000	537015	0.537015	118000000
chr13	118000001	119000000	559836	0.559836	118500000
chr13	118500001	119500000	412023	0.412023	119000000
chr13	119000001	120000000	564355	0.564355	119500000
chr13	119500001	120500000	706054	0.706054	120000000
chr13	120000001	121000000	625469	0.625469	120500000
chr13	120500001	121500000	609400	0.6094	121000000
chr14	1	1000000	541332	0.541332	500000
chr14	500001	1500000	489342	0.489342	1000000
chr14	1000001	2000000	469111	0.469111	1500000
chr14	1500001	2500000	476666	0.476666	2000000
chr14	2000001	3000000	510276	0.510276	2500000
chr14	2500001	3500000	529091	0.529091	3000000
chr14	3000001	4000000	494782	0.494782	3500000
chr14	3500001	4500000	402980	0.40298	4000000
chr14	4000001	5000000	388415	0.388415	4500000
chr14	4500001	5500000	417900	0.4179	5000000
chr14	5000001	6000000	405173	0.405173	5500000
chr14	5500001	6500000	411513	0.411513	6000000
chr14	6000001	7000000	462000	0.462	6500000
chr14	6500001	7500000	510055	0.510055	7000000
chr14	7000001	8000000	448357	0.448357	7500000
chr14	7500001	8500000	416806	0.416806	8000000
chr14	8000001	9000000	455263	0.455263	8500000
chr14	8500001	9500000	359782	0.359782	9000000
chr14	9000001	10000000	265147	0.265147	9500000
chr14	9500001	10500000	373883	0.373883	10000000
chr14	10000001	11000000	501264	0.501264	10500000
chr14	10500001	11500000	516468	0.516468	11000000
chr14	11000001	12000000	524360	0.52436	11500000
chr14	11500001	12500000	533413	0.533413	12000000
chr14	12000001	13000000	483225	0.483225	12500000
chr14	12500001	13500000	408742	0.408742	13000000
chr14	13000001	14000000	351379	0.351379	13500000
chr14	13500001	14500000	389193	0.389193	14000000
chr14	14000001	15000000	442589	0.442589	14500000
chr14	14500001	15500000	425482	0.425482	15000000
chr14	15000001	16000000	378669	0.378669	15500000
chr14	15500001	16500000	288470	0.28847	16000000
chr14	16000001	17000000	310853	0.310853	16500000
chr14	16500001	17500000	394845	0.394845	17000000
chr14	17000001	18000000	405334	0.405334	17500000
chr14	17500001	18500000	329030	0.32903	18000000
chr14	18000001	19000000	291279	0.291279	18500000
chr14	18500001	19500000	324205	0.324205	19000000
chr14	19000001	20000000	371175	0.371175	19500000
chr14	19500001	20500000	425553	0.425553	20000000
chr14	20000001	21000000	374860	0.37486	20500000
chr14	20500001	21500000	388300	0.3883	21000000
chr14	21000001	22000000	421413	0.421413	21500000
chr14	21500001	22500000	340837	0.340837	22000000
chr14	22000001	23000000	399216	0.399216	22500000
chr14	22500001	23500000	540021	0.540021	23000000
chr14	23000001	24000000	569573	0.569573	23500000
chr14	23500001	24500000	453450	0.45345	24000000
chr14	24000001	25000000	379745	0.379745	24500000
chr14	24500001	25500000	442523	0.442523	25000000
chr14	25000001	26000000	495322	0.495322	25500000
chr14	25500001	26500000	491977	0.491977	26000000
chr14	26000001	27000000	444839	0.444839	26500000
chr14	26500001	27500000	393862	0.393862	27000000
chr14	27000001	28000000	422506	0.422506	27500000
chr14	27500001	28500000	476698	0.476698	28000000
chr14	28000001	29000000	488310	0.48831	28500000
chr14	28500001	29500000	468888	0.468888	29000000
chr14	29000001	30000000	457525	0.457525	29500000
chr14	29500001	30500000	472086	0.472086	30000000
chr14	30000001	31000000	489221	0.489221	30500000
chr14	30500001	31500000	528752	0.528752	31000000
chr14	31000001	32000000	507162	0.507162	31500000
chr14	31500001	32500000	424317	0.424317	32000000
chr14	32000001	33000000	396313	0.396313	32500000
chr14	32500001	33500000	397831	0.397831	33000000
chr14	33000001	34000000	418941	0.418941	33500000
chr14	33500001	34500000	476194	0.476194	34000000
chr14	34000001	35000000	499128	0.499128	34500000
chr14	34500001	35500000	566398	0.566398	35000000
chr14	35000001	36000000	569681	0.569681	35500000
chr14	35500001	36500000	440830	0.44083	36000000
chr14	36000001	37000000	377807	0.377807	36500000
chr14	36500001	37500000	393939	0.393939	37000000
chr14	37000001	38000000	470508	0.470508	37500000
chr14	37500001	38500000	530848	0.530848	38000000
chr14	38000001	39000000	449621	0.449621	38500000
chr14	38500001	39500000	359090	0.35909	39000000
chr14	39000001	40000000	388760	0.38876	39500000
chr14	39500001	40500000	393141	0.393141	40000000
chr14	40000001	41000000	411489	0.411489	40500000
chr14	40500001	41500000	402729	0.402729	41000000
chr14	41000001	42000000	424036	0.424036	41500000
chr14	41500001	42500000	432512	0.432512	42000000
chr14	42000001	43000000	346950	0.34695	42500000
chr14	42500001	43500000	328813	0.328813	43000000
chr14	43000001	44000000	386839	0.386839	43500000
chr14	43500001	44500000	441076	0.441076	44000000
chr14	44000001	45000000	401359	0.401359	44500000
chr14	44500001	45500000	402514	0.402514	45000000
chr14	45000001	46000000	423701	0.423701	45500000
chr14	45500001	46500000	368166	0.368166	46000000
chr14	46000001	47000000	324302	0.324302	46500000
chr14	46500001	47500000	418339	0.418339	47000000
chr14	47000001	48000000	443268	0.443268	47500000
chr14	47500001	48500000	352089	0.352089	48000000
chr14	48000001	49000000	290863	0.290863	48500000
chr14	48500001	49500000	334003	0.334003	49000000
chr14	49000001	50000000	348275	0.348275	49500000
chr14	49500001	50500000	283361	0.283361	50000000
chr14	50000001	51000000	285914	0.285914	50500000
chr14	50500001	51500000	345545	0.345545	51000000
chr14	51000001	52000000	396226	0.396226	51500000
chr14	51500001	52500000	361944	0.361944	52000000
chr14	52000001	53000000	374186	0.374186	52500000
chr14	52500001	53500000	407479	0.407479	53000000
chr14	53000001	54000000	396886	0.396886	53500000
chr14	53500001	54500000	342069	0.342069	54000000
chr14	54000001	55000000	388052	0.388052	54500000
chr14	54500001	55500000	469023	0.469023	55000000
chr14	55000001	56000000	415699	0.415699	55500000
chr14	55500001	56500000	451985	0.451985	56000000
chr14	56000001	57000000	462553	0.462553	56500000
chr14	56500001	57500000	476824	0.476824	57000000
chr14	57000001	58000000	501219	0.501219	57500000
chr14	57500001	58500000	495501	0.495501	58000000
chr14	58000001	59000000	536960	0.53696	58500000
chr14	58500001	59500000	584221	0.584221	59000000
chr14	59000001	60000000	571781	0.571781	59500000
chr14	59500001	60500000	530549	0.530549	60000000
chr14	60000001	61000000	533436	0.533436	60500000
chr14	60500001	61500000	509332	0.509332	61000000
chr14	61000001	62000000	507665	0.507665	61500000
chr14	61500001	62500000	471899	0.471899	62000000
chr14	62000001	63000000	401867	0.401867	62500000
chr14	62500001	63500000	362831	0.362831	63000000
chr14	63000001	64000000	428862	0.428862	63500000
chr14	63500001	64500000	446261	0.446261	64000000
chr14	64000001	65000000	472405	0.472405	64500000
chr14	64500001	65500000	497687	0.497687	65000000
chr14	65000001	66000000	429125	0.429125	65500000
chr14	65500001	66500000	395813	0.395813	66000000
chr14	66000001	67000000	424905	0.424905	66500000
chr14	66500001	67500000	488020	0.48802	67000000
chr14	67000001	68000000	505632	0.505632	67500000
chr14	67500001	68500000	457137	0.457137	68000000
chr14	68000001	69000000	418953	0.418953	68500000
chr14	68500001	69500000	484005	0.484005	69000000
chr14	69000001	70000000	546484	0.546484	69500000
chr14	69500001	70500000	483422	0.483422	70000000
chr14	70000001	71000000	407233	0.407233	70500000
chr14	70500001	71500000	378736	0.378736	71000000
chr14	71000001	72000000	354654	0.354654	71500000
chr14	71500001	72500000	396271	0.396271	72000000
chr14	72000001	73000000	357571	0.357571	72500000
chr14	72500001	73500000	303610	0.30361	73000000
chr14	73000001	74000000	375967	0.375967	73500000
chr14	73500001	74500000	450826	0.450826	74000000
chr14	74000001	75000000	474067	0.474067	74500000
chr14	74500001	75500000	493265	0.493265	75000000
chr14	75000001	76000000	483876	0.483876	75500000
chr14	75500001	76500000	435050	0.43505	76000000
chr14	76000001	77000000	438362	0.438362	76500000
chr14	76500001	77500000	467184	0.467184	77000000
chr14	77000001	78000000	496735	0.496735	77500000
chr14	77500001	78500000	521122	0.521122	78000000
chr14	78000001	79000000	480814	0.480814	78500000
chr14	78500001	79500000	475295	0.475295	79000000
chr14	79000001	80000000	417573	0.417573	79500000
chr14	79500001	80500000	388271	0.388271	80000000
chr14	80000001	81000000	434703	0.434703	80500000
chr14	80500001	81500000	441404	0.441404	81000000
chr14	81000001	82000000	403644	0.403644	81500000
chr14	81500001	82500000	371870	0.37187	82000000
chr14	82000001	83000000	369480	0.36948	82500000
chr14	82500001	83500000	359795	0.359795	83000000
chr14	83000001	84000000	354002	0.354002	83500000
chr14	83500001	84500000	335792	0.335792	84000000
chr14	84000001	85000000	326875	0.326875	84500000
chr14	84500001	85500000	387594	0.387594	85000000
chr14	85000001	86000000	436924	0.436924	85500000
chr14	85500001	86500000	504665	0.504665	86000000
chr14	86000001	87000000	577325	0.577325	86500000
chr14	86500001	87500000	551167	0.551167	87000000
chr14	87000001	88000000	506399	0.506399	87500000
chr14	87500001	88500000	501255	0.501255	88000000
chr14	88000001	89000000	452056	0.452056	88500000
chr14	88500001	89500000	301442	0.301442	89000000
chr14	89000001	90000000	284653	0.284653	89500000
chr14	89500001	90500000	351920	0.35192	90000000
chr14	90000001	91000000	376528	0.376528	90500000
chr14	90500001	91500000	343128	0.343128	91000000
chr14	91000001	92000000	323868	0.323868	91500000
chr14	91500001	92500000	305731	0.305731	92000000
chr14	92000001	93000000	305771	0.305771	92500000
chr14	92500001	93500000	351495	0.351495	93000000
chr14	93000001	94000000	388763	0.388763	93500000
chr14	93500001	94500000	423819	0.423819	94000000
chr14	94000001	95000000	383611	0.383611	94500000
chr14	94500001	95500000	390397	0.390397	95000000
chr14	95000001	96000000	422459	0.422459	95500000
chr14	95500001	96500000	391267	0.391267	96000000
chr14	96000001	97000000	373440	0.37344	96500000
chr14	96500001	97500000	372314	0.372314	97000000
chr14	97000001	98000000	318503	0.318503	97500000
chr14	97500001	98500000	321522	0.321522	98000000
chr14	98000001	99000000	538902	0.538902	98500000
chr14	98500001	99500000	616758	0.616758	99000000
chr14	99000001	100000000	462483	0.462483	99500000
chr14	99500001	100500000	335531	0.335531	100000000
chr14	100000001	101000000	303634	0.303634	100500000
chr14	100500001	101500000	393782	0.393782	101000000
chr14	101000001	102000000	471403	0.471403	101500000
chr14	101500001	102500000	391982	0.391982	102000000
chr14	102000001	103000000	325907	0.325907	102500000
chr14	102500001	103500000	328799	0.328799	103000000
chr14	103000001	104000000	330991	0.330991	103500000
chr14	103500001	104500000	386255	0.386255	104000000
chr14	104000001	105000000	540753	0.540753	104500000
chr14	104500001	105500000	649921	0.649921	105000000
chr14	105000001	106000000	585679	0.585679	105500000
chr14	105500001	106500000	634963	0.634963	106000000
chr14	106000001	107000000	720520	0.72052	106500000
chr14	106500001	107500000	706579	0.706579	107000000
chr14	107000001	108000000	580390	0.58039	107500000
chr14	107500001	108500000	426793	0.426793	108000000
chr14	108000001	109000000	383334	0.383334	108500000
chr14	108500001	109500000	336593	0.336593	109000000
chr14	109000001	110000000	297854	0.297854	109500000
chr14	109500001	110500000	256454	0.256454	110000000
chr14	110000001	111000000	256073	0.256073	110500000
chr14	110500001	111500000	293941	0.293941	111000000
chr14	111000001	112000000	236347	0.236347	111500000
chr14	111500001	112500000	187560	0.18756	112000000
chr14	112000001	113000000	184191	0.184191	112500000
chr14	112500001	113500000	150992	0.150992	113000000
chr14	113000001	114000000	194571	0.194571	113500000
chr14	113500001	114500000	307161	0.307161	114000000
chr15	1	1000000	518502	0.518502	500000
chr15	500001	1500000	392683	0.392683	1000000
chr15	1000001	2000000	359619	0.359619	1500000
chr15	1500001	2500000	341279	0.341279	2000000
chr15	2000001	3000000	354127	0.354127	2500000
chr15	2500001	3500000	420898	0.420898	3000000
chr15	3000001	4000000	366235	0.366235	3500000
chr15	3500001	4500000	378188	0.378188	4000000
chr15	4000001	5000000	415023	0.415023	4500000
chr15	4500001	5500000	302714	0.302714	5000000
chr15	5000001	6000000	345585	0.345585	5500000
chr15	5500001	6500000	382093	0.382093	6000000
chr15	6000001	7000000	324174	0.324174	6500000
chr15	6500001	7500000	361884	0.361884	7000000
chr15	7000001	8000000	407227	0.407227	7500000
chr15	7500001	8500000	380585	0.380585	8000000
chr15	8000001	9000000	357025	0.357025	8500000
chr15	8500001	9500000	377155	0.377155	9000000
chr15	9000001	10000000	426607	0.426607	9500000
chr15	9500001	10500000	446332	0.446332	10000000
chr15	10000001	11000000	427385	0.427385	10500000
chr15	10500001	11500000	447023	0.447023	11000000
chr15	11000001	12000000	392780	0.39278	11500000
chr15	11500001	12500000	375912	0.375912	12000000
chr15	12000001	13000000	411965	0.411965	12500000
chr15	12500001	13500000	422289	0.422289	13000000
chr15	13000001	14000000	471923	0.471923	13500000
chr15	13500001	14500000	542421	0.542421	14000000
chr15	14000001	15000000	655535	0.655535	14500000
chr15	14500001	15500000	689878	0.689878	15000000
chr15	15000001	16000000	600703	0.600703	15500000
chr15	15500001	16500000	470051	0.470051	16000000
chr15	16000001	17000000	441449	0.441449	16500000
chr15	16500001	17500000	477632	0.477632	17000000
chr15	17000001	18000000	515700	0.5157	17500000
chr15	17500001	18500000	545669	0.545669	18000000
chr15	18000001	19000000	464111	0.464111	18500000
chr15	18500001	19500000	386518	0.386518	19000000
chr15	19000001	20000000	388120	0.38812	19500000
chr15	19500001	20500000	372175	0.372175	20000000
chr15	20000001	21000000	395714	0.395714	20500000
chr15	20500001	21500000	448204	0.448204	21000000
chr15	21000001	22000000	434591	0.434591	21500000
chr15	21500001	22500000	414638	0.414638	22000000
chr15	22000001	23000000	349215	0.349215	22500000
chr15	22500001	23500000	357118	0.357118	23000000
chr15	23000001	24000000	400268	0.400268	23500000
chr15	23500001	24500000	432131	0.432131	24000000
chr15	24000001	25000000	441994	0.441994	24500000
chr15	24500001	25500000	453975	0.453975	25000000
chr15	25000001	26000000	471055	0.471055	25500000
chr15	25500001	26500000	443675	0.443675	26000000
chr15	26000001	27000000	414015	0.414015	26500000
chr15	26500001	27500000	445907	0.445907	27000000
chr15	27000001	28000000	439993	0.439993	27500000
chr15	27500001	28500000	387003	0.387003	28000000
chr15	28000001	29000000	371988	0.371988	28500000
chr15	28500001	29500000	409632	0.409632	29000000
chr15	29000001	30000000	555347	0.555347	29500000
chr15	29500001	30500000	533110	0.53311	30000000
chr15	30000001	31000000	476067	0.476067	30500000
chr15	30500001	31500000	574614	0.574614	31000000
chr15	31000001	32000000	506640	0.50664	31500000
chr15	31500001	32500000	380339	0.380339	32000000
chr15	32000001	33000000	437883	0.437883	32500000
chr15	32500001	33500000	530764	0.530764	33000000
chr15	33000001	34000000	539893	0.539893	33500000
chr15	33500001	34500000	494997	0.494997	34000000
chr15	34000001	35000000	469789	0.469789	34500000
chr15	34500001	35500000	467024	0.467024	35000000
chr15	35000001	36000000	455905	0.455905	35500000
chr15	35500001	36500000	412304	0.412304	36000000
chr15	36000001	37000000	357786	0.357786	36500000
chr15	36500001	37500000	400267	0.400267	37000000
chr15	37000001	38000000	497306	0.497306	37500000
chr15	37500001	38500000	438827	0.438827	38000000
chr15	38000001	39000000	366254	0.366254	38500000
chr15	38500001	39500000	379085	0.379085	39000000
chr15	39000001	40000000	415581	0.415581	39500000
chr15	39500001	40500000	463205	0.463205	40000000
chr15	40000001	41000000	433621	0.433621	40500000
chr15	40500001	41500000	476198	0.476198	41000000
chr15	41000001	42000000	568732	0.568732	41500000
chr15	41500001	42500000	547549	0.547549	42000000
chr15	42000001	43000000	396207	0.396207	42500000
chr15	42500001	43500000	511071	0.511071	43000000
chr15	43000001	44000000	757033	0.757033	43500000
chr15	43500001	44500000	769684	0.769684	44000000
chr15	44000001	45000000	736012	0.736012	44500000
chr15	44500001	45500000	737967	0.737967	45000000
chr15	45000001	46000000	753925	0.753925	45500000
chr15	45500001	46500000	718616	0.718616	46000000
chr15	46000001	47000000	729210	0.72921	46500000
chr15	46500001	47500000	727111	0.727111	47000000
chr15	47000001	48000000	745517	0.745517	47500000
chr15	47500001	48500000	711100	0.7111	48000000
chr15	48000001	49000000	517296	0.517296	48500000
chr15	48500001	49500000	460108	0.460108	49000000
chr15	49000001	50000000	490210	0.49021	49500000
chr15	49500001	50500000	420589	0.420589	50000000
chr15	50000001	51000000	348021	0.348021	50500000
chr15	50500001	51500000	400537	0.400537	51000000
chr15	51000001	52000000	550195	0.550195	51500000
chr15	51500001	52500000	606343	0.606343	52000000
chr15	52000001	53000000	576744	0.576744	52500000
chr15	52500001	53500000	580996	0.580996	53000000
chr15	53000001	54000000	595747	0.595747	53500000
chr15	53500001	54500000	608593	0.608593	54000000
chr15	54000001	55000000	531031	0.531031	54500000
chr15	54500001	55500000	395683	0.395683	55000000
chr15	55000001	56000000	324196	0.324196	55500000
chr15	55500001	56500000	641149	0.641149	56000000
chr15	56000001	57000000	993814	0.993814	56500000
chr15	56500001	57500000	999998	0.999998	57000000
chr15	57000001	58000000	945853	0.945853	57500000
chr15	57500001	58500000	599631	0.599631	58000000
chr15	58000001	59000000	339553	0.339553	58500000
chr15	58500001	59500000	393677	0.393677	59000000
chr15	59000001	60000000	439850	0.43985	59500000
chr15	59500001	60500000	429397	0.429397	60000000
chr15	60000001	61000000	363230	0.36323	60500000
chr15	60500001	61500000	330503	0.330503	61000000
chr15	61000001	62000000	342379	0.342379	61500000
chr15	61500001	62500000	422382	0.422382	62000000
chr15	62000001	63000000	744723	0.744723	62500000
chr15	62500001	63500000	825535	0.825535	63000000
chr15	63000001	64000000	527677	0.527677	63500000
chr15	63500001	64500000	452321	0.452321	64000000
chr15	64000001	65000000	433793	0.433793	64500000
chr15	64500001	65500000	329782	0.329782	65000000
chr15	65000001	66000000	288979	0.288979	65500000
chr15	65500001	66500000	369311	0.369311	66000000
chr15	66000001	67000000	423108	0.423108	66500000
chr15	66500001	67500000	328635	0.328635	67000000
chr15	67000001	68000000	293082	0.293082	67500000
chr15	67500001	68500000	325551	0.325551	68000000
chr15	68000001	69000000	347670	0.34767	68500000
chr15	68500001	69500000	300569	0.300569	69000000
chr15	69000001	70000000	276335	0.276335	69500000
chr15	69500001	70500000	338642	0.338642	70000000
chr15	70000001	71000000	381370	0.38137	70500000
chr15	70500001	71500000	389936	0.389936	71000000
chr15	71000001	72000000	326544	0.326544	71500000
chr15	71500001	72500000	296814	0.296814	72000000
chr15	72000001	73000000	301087	0.301087	72500000
chr15	72500001	73500000	287208	0.287208	73000000
chr15	73000001	74000000	280616	0.280616	73500000
chr15	73500001	74500000	336891	0.336891	74000000
chr15	74000001	75000000	395062	0.395062	74500000
chr15	74500001	75500000	396442	0.396442	75000000
chr15	75000001	76000000	410575	0.410575	75500000
chr15	75500001	76500000	347567	0.347567	76000000
chr15	76000001	77000000	392655	0.392655	76500000
chr15	76500001	77500000	459416	0.459416	77000000
chr15	77000001	78000000	404364	0.404364	77500000
chr15	77500001	78500000	415559	0.415559	78000000
chr15	78000001	79000000	399504	0.399504	78500000
chr15	78500001	79500000	390914	0.390914	79000000
chr15	79000001	80000000	445538	0.445538	79500000
chr15	79500001	80500000	354744	0.354744	80000000
chr15	80000001	81000000	288950	0.28895	80500000
chr15	80500001	81500000	358570	0.35857	81000000
chr15	81000001	82000000	359024	0.359024	81500000
chr15	81500001	82500000	387266	0.387266	82000000
chr15	82000001	83000000	428740	0.42874	82500000
chr15	82500001	83500000	425545	0.425545	83000000
chr15	83000001	84000000	399407	0.399407	83500000
chr15	83500001	84500000	384405	0.384405	84000000
chr15	84000001	85000000	424844	0.424844	84500000
chr15	84500001	85500000	397968	0.397968	85000000
chr15	85000001	86000000	379643	0.379643	85500000
chr15	85500001	86500000	352667	0.352667	86000000
chr15	86000001	87000000	350761	0.350761	86500000
chr15	86500001	87500000	530457	0.530457	87000000
chr15	87000001	88000000	578491	0.578491	87500000
chr15	87500001	88500000	461192	0.461192	88000000
chr15	88000001	89000000	477760	0.47776	88500000
chr15	88500001	89500000	526688	0.526688	89000000
chr15	89000001	90000000	426572	0.426572	89500000
chr15	89500001	90500000	450189	0.450189	90000000
chr15	90000001	91000000	520810	0.52081	90500000
chr15	90500001	91500000	460756	0.460756	91000000
chr15	91000001	92000000	492084	0.492084	91500000
chr15	91500001	92500000	543229	0.543229	92000000
chr15	92000001	93000000	490601	0.490601	92500000
chr15	92500001	93500000	461227	0.461227	93000000
chr15	93000001	94000000	430170	0.43017	93500000
chr15	93500001	94500000	389402	0.389402	94000000
chr15	94000001	95000000	456503	0.456503	94500000
chr15	94500001	95500000	402774	0.402774	95000000
chr15	95000001	96000000	317113	0.317113	95500000
chr15	95500001	96500000	388622	0.388622	96000000
chr15	96000001	97000000	419848	0.419848	96500000
chr15	96500001	97500000	478164	0.478164	97000000
chr15	97000001	98000000	555481	0.555481	97500000
chr15	97500001	98500000	470526	0.470526	98000000
chr15	98000001	99000000	377301	0.377301	98500000
chr15	98500001	99500000	367872	0.367872	99000000
chr15	99000001	100000000	421768	0.421768	99500000
chr15	99500001	100500000	553117	0.553117	100000000
chr15	100000001	101000000	784864	0.784864	100500000
chr15	100500001	101500000	875996	0.875996	101000000
chr15	101000001	102000000	790939	0.790939	101500000
chr15	101500001	102500000	748147	0.748147	102000000
chr15	102000001	103000000	747215	0.747215	102500000
chr15	102500001	103500000	755471	0.755471	103000000
chr15	103000001	104000000	736678	0.736678	103500000
chr15	103500001	104500000	758434	0.758434	104000000
chr15	104000001	105000000	779844	0.779844	104500000
chr15	104500001	105500000	724300	0.7243	105000000
chr15	105000001	106000000	703133	0.703133	105500000
chr15	105500001	106500000	754515	0.754515	106000000
chr15	106000001	107000000	835752	0.835752	106500000
chr15	106500001	107500000	948345	0.948345	107000000
chr15	107000001	108000000	999426	0.999426	107500000
chr15	107500001	108500000	999900	0.9999	108000000
chr15	108000001	109000000	999836	0.999836	108500000
chr15	108500001	109500000	999876	0.999876	109000000
chr15	109000001	110000000	999938	0.999938	109500000
chr15	109500001	110500000	999888	0.999888	110000000
chr16	1	1000000	411949	0.411949	500000
chr16	500001	1500000	416760	0.41676	1000000
chr16	1000001	2000000	449033	0.449033	1500000
chr16	1500001	2500000	494714	0.494714	2000000
chr16	2000001	3000000	405251	0.405251	2500000
chr16	2500001	3500000	333985	0.333985	3000000
chr16	3000001	4000000	332449	0.332449	3500000
chr16	3500001	4500000	356166	0.356166	4000000
chr16	4000001	5000000	318676	0.318676	4500000
chr16	4500001	5500000	258652	0.258652	5000000
chr16	5000001	6000000	267584	0.267584	5500000
chr16	5500001	6500000	262339	0.262339	6000000
chr16	6000001	7000000	267888	0.267888	6500000
chr16	6500001	7500000	409048	0.409048	7000000
chr16	7000001	8000000	564553	0.564553	7500000
chr16	7500001	8500000	545629	0.545629	8000000
chr16	8000001	9000000	565780	0.56578	8500000
chr16	8500001	9500000	451313	0.451313	9000000
chr16	9000001	10000000	349533	0.349533	9500000
chr16	9500001	10500000	404220	0.40422	10000000
chr16	10000001	11000000	397978	0.397978	10500000
chr16	10500001	11500000	473744	0.473744	11000000
chr16	11000001	12000000	449632	0.449632	11500000
chr16	11500001	12500000	371339	0.371339	12000000
chr16	12000001	13000000	383707	0.383707	12500000
chr16	12500001	13500000	382025	0.382025	13000000
chr16	13000001	14000000	357146	0.357146	13500000
chr16	13500001	14500000	341128	0.341128	14000000
chr16	14000001	15000000	425786	0.425786	14500000
chr16	14500001	15500000	492174	0.492174	15000000
chr16	15000001	16000000	389804	0.389804	15500000
chr16	15500001	16500000	346328	0.346328	16000000
chr16	16000001	17000000	355895	0.355895	16500000
chr16	16500001	17500000	366443	0.366443	17000000
chr16	17000001	18000000	456613	0.456613	17500000
chr16	17500001	18500000	460478	0.460478	18000000
chr16	18000001	19000000	425153	0.425153	18500000
chr16	18500001	19500000	454115	0.454115	19000000
chr16	19000001	20000000	546506	0.546506	19500000
chr16	19500001	20500000	493293	0.493293	20000000
chr16	20000001	21000000	489138	0.489138	20500000
chr16	20500001	21500000	573626	0.573626	21000000
chr16	21000001	22000000	526525	0.526525	21500000
chr16	21500001	22500000	467230	0.46723	22000000
chr16	22000001	23000000	418774	0.418774	22500000
chr16	22500001	23500000	432206	0.432206	23000000
chr16	23000001	24000000	441519	0.441519	23500000
chr16	23500001	24500000	398989	0.398989	24000000
chr16	24000001	25000000	354132	0.354132	24500000
chr16	24500001	25500000	413798	0.413798	25000000
chr16	25000001	26000000	459705	0.459705	25500000
chr16	25500001	26500000	439480	0.43948	26000000
chr16	26000001	27000000	380099	0.380099	26500000
chr16	26500001	27500000	366819	0.366819	27000000
chr16	27000001	28000000	438825	0.438825	27500000
chr16	27500001	28500000	508263	0.508263	28000000
chr16	28000001	29000000	504918	0.504918	28500000
chr16	28500001	29500000	428843	0.428843	29000000
chr16	29000001	30000000	398710	0.39871	29500000
chr16	29500001	30500000	394433	0.394433	30000000
chr16	30000001	31000000	360006	0.360006	30500000
chr16	30500001	31500000	301414	0.301414	31000000
chr16	31000001	32000000	292236	0.292236	31500000
chr16	31500001	32500000	364470	0.36447	32000000
chr16	32000001	33000000	419835	0.419835	32500000
chr16	32500001	33500000	440820	0.44082	33000000
chr16	33000001	34000000	440581	0.440581	33500000
chr16	33500001	34500000	548983	0.548983	34000000
chr16	34000001	35000000	611517	0.611517	34500000
chr16	34500001	35500000	447105	0.447105	35000000
chr16	35000001	36000000	388531	0.388531	35500000
chr16	35500001	36500000	416961	0.416961	36000000
chr16	36000001	37000000	470806	0.470806	36500000
chr16	36500001	37500000	537950	0.53795	37000000
chr16	37000001	38000000	515520	0.51552	37500000
chr16	37500001	38500000	459604	0.459604	38000000
chr16	38000001	39000000	430072	0.430072	38500000
chr16	38500001	39500000	438532	0.438532	39000000
chr16	39000001	40000000	493160	0.49316	39500000
chr16	39500001	40500000	531253	0.531253	40000000
chr16	40000001	41000000	491982	0.491982	40500000
chr16	40500001	41500000	414826	0.414826	41000000
chr16	41000001	42000000	512642	0.512642	41500000
chr16	41500001	42500000	618901	0.618901	42000000
chr16	42000001	43000000	535315	0.535315	42500000
chr16	42500001	43500000	543356	0.543356	43000000
chr16	43000001	44000000	705673	0.705673	43500000
chr16	43500001	44500000	751654	0.751654	44000000
chr16	44000001	45000000	690915	0.690915	44500000
chr16	44500001	45500000	683999	0.683999	45000000
chr16	45000001	46000000	578780	0.57878	45500000
chr16	45500001	46500000	402342	0.402342	46000000
chr16	46000001	47000000	322701	0.322701	46500000
chr16	46500001	47500000	402804	0.402804	47000000
chr16	47000001	48000000	440069	0.440069	47500000
chr16	47500001	48500000	369172	0.369172	48000000
chr16	48000001	49000000	335234	0.335234	48500000
chr16	48500001	49500000	394510	0.39451	49000000
chr16	49000001	50000000	500276	0.500276	49500000
chr16	49500001	50500000	523605	0.523605	50000000
chr16	50000001	51000000	449505	0.449505	50500000
chr16	50500001	51500000	454723	0.454723	51000000
chr16	51000001	52000000	497468	0.497468	51500000
chr16	51500001	52500000	502219	0.502219	52000000
chr16	52000001	53000000	624459	0.624459	52500000
chr16	52500001	53500000	636138	0.636138	53000000
chr16	53000001	54000000	491327	0.491327	53500000
chr16	53500001	54500000	390188	0.390188	54000000
chr16	54000001	55000000	335322	0.335322	54500000
chr16	54500001	55500000	456660	0.45666	55000000
chr16	55000001	56000000	546023	0.546023	55500000
chr16	55500001	56500000	445473	0.445473	56000000
chr16	56000001	57000000	407231	0.407231	56500000
chr16	56500001	57500000	464966	0.464966	57000000
chr16	57000001	58000000	562962	0.562962	57500000
chr16	57500001	58500000	566097	0.566097	58000000
chr16	58000001	59000000	751061	0.751061	58500000
chr16	58500001	59500000	999272	0.999272	59000000
chr16	59000001	60000000	998700	0.9987	59500000
chr16	59500001	60500000	998745	0.998745	60000000
chr16	60000001	61000000	999367	0.999367	60500000
chr16	60500001	61500000	999342	0.999342	61000000
chr16	61000001	62000000	999760	0.99976	61500000
chr16	61500001	62500000	999994	0.999994	62000000
chr16	62000001	63000000	999990	0.99999	62500000
chr16	62500001	63500000	993794	0.993794	63000000
chr16	63000001	64000000	993112	0.993112	63500000
chr16	63500001	64500000	998174	0.998174	64000000
chr16	64000001	65000000	997235	0.997235	64500000
chr16	64500001	65500000	957508	0.957508	65000000
chr16	65000001	66000000	774264	0.774264	65500000
chr16	65500001	66500000	591637	0.591637	66000000
chr16	66000001	67000000	523675	0.523675	66500000
chr16	66500001	67500000	505473	0.505473	67000000
chr16	67000001	68000000	428606	0.428606	67500000
chr16	67500001	68500000	396787	0.396787	68000000
chr16	68000001	69000000	442860	0.44286	68500000
chr16	68500001	69500000	418969	0.418969	69000000
chr16	69000001	70000000	428579	0.428579	69500000
chr16	69500001	70500000	422226	0.422226	70000000
chr16	70000001	71000000	382749	0.382749	70500000
chr16	70500001	71500000	366712	0.366712	71000000
chr16	71000001	72000000	415480	0.41548	71500000
chr16	71500001	72500000	481474	0.481474	72000000
chr16	72000001	73000000	512607	0.512607	72500000
chr16	72500001	73500000	508221	0.508221	73000000
chr16	73000001	74000000	455253	0.455253	73500000
chr16	73500001	74500000	454193	0.454193	74000000
chr16	74000001	75000000	512014	0.512014	74500000
chr16	74500001	75500000	535223	0.535223	75000000
chr16	75000001	76000000	512384	0.512384	75500000
chr16	75500001	76500000	499719	0.499719	76000000
chr16	76000001	77000000	463445	0.463445	76500000
chr16	76500001	77500000	492009	0.492009	77000000
chr16	77000001	78000000	531172	0.531172	77500000
chr16	77500001	78500000	511761	0.511761	78000000
chr16	78000001	79000000	466732	0.466732	78500000
chr16	78500001	79500000	392458	0.392458	79000000
chr16	79000001	80000000	416897	0.416897	79500000
chr16	79500001	80500000	415340	0.41534	80000000
chr16	80000001	81000000	382708	0.382708	80500000
chr16	80500001	81500000	305057	0.305057	81000000
chr16	81000001	82000000	287795	0.287795	81500000
chr16	81500001	82500000	377383	0.377383	82000000
chr16	82000001	83000000	430475	0.430475	82500000
chr16	82500001	83500000	369957	0.369957	83000000
chr16	83000001	84000000	326569	0.326569	83500000
chr16	83500001	84500000	323049	0.323049	84000000
chr16	84000001	85000000	357400	0.3574	84500000
chr16	84500001	85500000	434159	0.434159	85000000
chr16	85000001	86000000	380282	0.380282	85500000
chr16	85500001	86500000	292981	0.292981	86000000
chr16	86000001	87000000	360913	0.360913	86500000
chr16	86500001	87500000	428174	0.428174	87000000
chr16	87000001	88000000	395238	0.395238	87500000
chr16	87500001	88500000	398113	0.398113	88000000
chr16	88000001	89000000	377912	0.377912	88500000
chr16	88500001	89500000	455245	0.455245	89000000
chr16	89000001	90000000	426165	0.426165	89500000
chr16	89500001	90500000	337233	0.337233	90000000
chr16	90000001	91000000	355296	0.355296	90500000
chr16	90500001	91500000	367007	0.367007	91000000
chr16	91000001	92000000	431990	0.43199	91500000
chr16	91500001	92500000	409611	0.409611	92000000
chr16	92000001	93000000	442307	0.442307	92500000
chr16	92500001	93500000	534814	0.534814	93000000
chr16	93000001	94000000	557337	0.557337	93500000
chr16	93500001	94500000	467492	0.467492	94000000
chr16	94000001	95000000	402148	0.402148	94500000
chr16	94500001	95500000	400509	0.400509	95000000
chr16	95000001	96000000	412797	0.412797	95500000
chr16	95500001	96500000	472284	0.472284	96000000
chr16	96000001	97000000	502608	0.502608	96500000
chr16	96500001	97500000	494655	0.494655	97000000
chr16	97000001	98000000	428314	0.428314	97500000
chr16	97500001	98500000	379700	0.3797	98000000
chr16	98000001	99000000	357401	0.357401	98500000
chr16	98500001	99500000	359350	0.35935	99000000
chr16	99000001	100000000	370517	0.370517	99500000
chr16	99500001	100500000	342465	0.342465	100000000
chr16	100000001	101000000	311106	0.311106	100500000
chr16	100500001	101500000	368515	0.368515	101000000
chr16	101000001	102000000	410838	0.410838	101500000
chr16	101500001	102500000	364956	0.364956	102000000
chr16	102000001	103000000	297854	0.297854	102500000
chr16	102500001	103500000	268830	0.26883	103000000
chr16	103000001	104000000	288297	0.288297	103500000
chr16	103500001	104500000	259857	0.259857	104000000
chr16	104000001	105000000	218745	0.218745	104500000
chr16	104500001	105500000	291083	0.291083	105000000
chr16	105000001	106000000	354697	0.354697	105500000
chr16	105500001	106500000	308925	0.308925	106000000
chr16	106000001	107000000	349445	0.349445	106500000
chr16	106500001	107500000	421031	0.421031	107000000
chr16	107000001	108000000	353547	0.353547	107500000
chr17	1	1000000	972980	0.97298	500000
chr17	500001	1500000	773793	0.773793	1000000
chr17	1000001	2000000	525708	0.525708	1500000
chr17	1500001	2500000	360625	0.360625	2000000
chr17	2000001	3000000	272467	0.272467	2500000
chr17	2500001	3500000	338480	0.33848	3000000
chr17	3000001	4000000	369914	0.369914	3500000
chr17	3500001	4500000	367289	0.367289	4000000
chr17	4000001	5000000	329879	0.329879	4500000
chr17	4500001	5500000	218481	0.218481	5000000
chr17	5000001	6000000	216884	0.216884	5500000
chr17	5500001	6500000	300550	0.30055	6000000
chr17	6000001	7000000	308149	0.308149	6500000
chr17	6500001	7500000	309638	0.309638	7000000
chr17	7000001	8000000	338630	0.33863	7500000
chr17	7500001	8500000	395446	0.395446	8000000
chr17	8000001	9000000	439878	0.439878	8500000
chr17	8500001	9500000	424749	0.424749	9000000
chr17	9000001	10000000	400779	0.400779	9500000
chr17	9500001	10500000	345411	0.345411	10000000
chr17	10000001	11000000	291511	0.291511	10500000
chr17	10500001	11500000	288820	0.28882	11000000
chr17	11000001	12000000	354003	0.354003	11500000
chr17	11500001	12500000	407625	0.407625	12000000
chr17	12000001	13000000	339853	0.339853	12500000
chr17	12500001	13500000	235463	0.235463	13000000
chr17	13000001	14000000	280647	0.280647	13500000
chr17	13500001	14500000	336807	0.336807	14000000
chr17	14000001	15000000	389821	0.389821	14500000
chr17	14500001	15500000	460391	0.460391	15000000
chr17	15000001	16000000	390000	0.39	15500000
chr17	15500001	16500000	300051	0.300051	16000000
chr17	16000001	17000000	314848	0.314848	16500000
chr17	16500001	17500000	384461	0.384461	17000000
chr17	17000001	18000000	347938	0.347938	17500000
chr17	17500001	18500000	356970	0.35697	18000000
chr17	18000001	19000000	424975	0.424975	18500000
chr17	18500001	19500000	388415	0.388415	19000000
chr17	19000001	20000000	424693	0.424693	19500000
chr17	19500001	20500000	613424	0.613424	20000000
chr17	20000001	21000000	658459	0.658459	20500000
chr17	20500001	21500000	482730	0.48273	21000000
chr17	21000001	22000000	395864	0.395864	21500000
chr17	21500001	22500000	373594	0.373594	22000000
chr17	22000001	23000000	411318	0.411318	22500000
chr17	22500001	23500000	571833	0.571833	23000000
chr17	23000001	24000000	659175	0.659175	23500000
chr17	23500001	24500000	620612	0.620612	24000000
chr17	24000001	25000000	609381	0.609381	24500000
chr17	24500001	25500000	600858	0.600858	25000000
chr17	25000001	26000000	537031	0.537031	25500000
chr17	25500001	26500000	486524	0.486524	26000000
chr17	26000001	27000000	434628	0.434628	26500000
chr17	26500001	27500000	402983	0.402983	27000000
chr17	27000001	28000000	387239	0.387239	27500000
chr17	27500001	28500000	365914	0.365914	28000000
chr17	28000001	29000000	409837	0.409837	28500000
chr17	28500001	29500000	430238	0.430238	29000000
chr17	29000001	30000000	472584	0.472584	29500000
chr17	29500001	30500000	563218	0.563218	30000000
chr17	30000001	31000000	532502	0.532502	30500000
chr17	30500001	31500000	431079	0.431079	31000000
chr17	31000001	32000000	337722	0.337722	31500000
chr17	31500001	32500000	306963	0.306963	32000000
chr17	32000001	33000000	372778	0.372778	32500000
chr17	32500001	33500000	431380	0.43138	33000000
chr17	33000001	34000000	467564	0.467564	33500000
chr17	33500001	34500000	415162	0.415162	34000000
chr17	34000001	35000000	446255	0.446255	34500000
chr17	34500001	35500000	542830	0.54283	35000000
chr17	35000001	36000000	547737	0.547737	35500000
chr17	35500001	36500000	529041	0.529041	36000000
chr17	36000001	37000000	493205	0.493205	36500000
chr17	36500001	37500000	446907	0.446907	37000000
chr17	37000001	38000000	399905	0.399905	37500000
chr17	37500001	38500000	617952	0.617952	38000000
chr17	38000001	39000000	919953	0.919953	38500000
chr17	38500001	39500000	999987	0.999987	39000000
chr17	39000001	40000000	1000000	1.0	39500000
chr17	39500001	40500000	1000000	1.0	40000000
chr17	40000001	41000000	999992	0.999992	40500000
chr17	40500001	41500000	999992	0.999992	41000000
chr17	41000001	42000000	1000000	1.0	41500000
chr17	41500001	42500000	1000000	1.0	42000000
chr17	42000001	43000000	999898	0.999898	42500000
chr17	42500001	43500000	996307	0.996307	43000000
chr17	43000001	44000000	996409	0.996409	43500000
chr17	43500001	44500000	993048	0.993048	44000000
chr17	44000001	45000000	988405	0.988405	44500000
chr17	44500001	45500000	929320	0.92932	45000000
chr17	45000001	46000000	761406	0.761406	45500000
chr17	45500001	46500000	631664	0.631664	46000000
chr17	46000001	47000000	650696	0.650696	46500000
chr17	46500001	47500000	677455	0.677455	47000000
chr17	47000001	48000000	606066	0.606066	47500000
chr17	47500001	48500000	435082	0.435082	48000000
chr17	48000001	49000000	331230	0.33123	48500000
chr17	48500001	49500000	339209	0.339209	49000000
chr17	49000001	50000000	417103	0.417103	49500000
chr17	49500001	50500000	486092	0.486092	50000000
chr17	50000001	51000000	408339	0.408339	50500000
chr17	50500001	51500000	382089	0.382089	51000000
chr17	51000001	52000000	408327	0.408327	51500000
chr17	51500001	52500000	474855	0.474855	52000000
chr17	52000001	53000000	542202	0.542202	52500000
chr17	52500001	53500000	481263	0.481263	53000000
chr17	53000001	54000000	487000	0.487	53500000
chr17	53500001	54500000	562805	0.562805	54000000
chr17	54000001	55000000	571102	0.571102	54500000
chr17	54500001	55500000	482110	0.48211	55000000
chr17	55000001	56000000	390834	0.390834	55500000
chr17	55500001	56500000	462223	0.462223	56000000
chr17	56000001	57000000	395844	0.395844	56500000
chr17	56500001	57500000	312971	0.312971	57000000
chr17	57000001	58000000	402655	0.402655	57500000
chr17	57500001	58500000	467805	0.467805	58000000
chr17	58000001	59000000	504477	0.504477	58500000
chr17	58500001	59500000	427013	0.427013	59000000
chr17	59000001	60000000	387177	0.387177	59500000
chr17	59500001	60500000	415101	0.415101	60000000
chr17	60000001	61000000	387387	0.387387	60500000
chr17	60500001	61500000	294017	0.294017	61000000
chr17	61000001	62000000	266346	0.266346	61500000
chr17	61500001	62500000	384102	0.384102	62000000
chr17	62000001	63000000	418165	0.418165	62500000
chr17	62500001	63500000	367256	0.367256	63000000
chr17	63000001	64000000	431317	0.431317	63500000
chr17	63500001	64500000	434294	0.434294	64000000
chr17	64000001	65000000	368214	0.368214	64500000
chr17	64500001	65500000	319694	0.319694	65000000
chr17	65000001	66000000	305809	0.305809	65500000
chr17	65500001	66500000	369920	0.36992	66000000
chr17	66000001	67000000	316080	0.31608	66500000
chr17	66500001	67500000	221294	0.221294	67000000
chr17	67000001	68000000	283611	0.283611	67500000
chr17	67500001	68500000	362503	0.362503	68000000
chr17	68000001	69000000	338168	0.338168	68500000
chr17	68500001	69500000	347576	0.347576	69000000
chr17	69000001	70000000	382468	0.382468	69500000
chr17	69500001	70500000	341773	0.341773	70000000
chr17	70000001	71000000	346549	0.346549	70500000
chr17	70500001	71500000	400799	0.400799	71000000
chr17	71000001	72000000	393870	0.39387	71500000
chr17	71500001	72500000	482545	0.482545	72000000
chr17	72000001	73000000	545330	0.54533	72500000
chr17	72500001	73500000	499430	0.49943	73000000
chr17	73000001	74000000	420112	0.420112	73500000
chr17	73500001	74500000	364924	0.364924	74000000
chr17	74000001	75000000	418205	0.418205	74500000
chr17	74500001	75500000	414630	0.41463	75000000
chr17	75000001	76000000	405586	0.405586	75500000
chr17	75500001	76500000	425129	0.425129	76000000
chr17	76000001	77000000	409208	0.409208	76500000
chr17	76500001	77500000	351852	0.351852	77000000
chr17	77000001	78000000	285020	0.28502	77500000
chr17	77500001	78500000	327705	0.327705	78000000
chr17	78000001	79000000	412825	0.412825	78500000
chr17	78500001	79500000	420689	0.420689	79000000
chr17	79000001	80000000	380403	0.380403	79500000
chr17	79500001	80500000	358265	0.358265	80000000
chr17	80000001	81000000	369610	0.36961	80500000
chr17	80500001	81500000	373208	0.373208	81000000
chr17	81000001	82000000	317314	0.317314	81500000
chr17	81500001	82500000	309728	0.309728	82000000
chr17	82000001	83000000	410030	0.41003	82500000
chr17	82500001	83500000	449304	0.449304	83000000
chr17	83000001	84000000	440141	0.440141	83500000
chr17	83500001	84500000	357747	0.357747	84000000
chr17	84000001	85000000	318011	0.318011	84500000
chr17	84500001	85500000	335659	0.335659	85000000
chr17	85000001	86000000	329236	0.329236	85500000
chr17	85500001	86500000	402201	0.402201	86000000
chr17	86000001	87000000	455881	0.455881	86500000
chr17	86500001	87500000	446617	0.446617	87000000
chr17	87000001	88000000	460346	0.460346	87500000
chr17	87500001	88500000	427317	0.427317	88000000
chr17	88000001	89000000	398363	0.398363	88500000
chr17	88500001	89500000	375886	0.375886	89000000
chr17	89000001	90000000	533006	0.533006	89500000
chr17	89500001	90500000	678086	0.678086	90000000
chr17	90000001	91000000	448084	0.448084	90500000
chr17	90500001	91500000	361277	0.361277	91000000
chr17	91000001	92000000	401062	0.401062	91500000
chr17	91500001	92500000	386085	0.386085	92000000
chr17	92000001	93000000	348477	0.348477	92500000
chr17	92500001	93500000	338848	0.338848	93000000
chr17	93000001	94000000	373666	0.373666	93500000
chr17	93500001	94500000	382590	0.38259	94000000
chr17	94000001	95000000	345141	0.345141	94500000
chr17	94500001	95500000	303460	0.30346	95000000
chr17	95000001	96000000	308110	0.30811	95500000
chr17	95500001	96500000	322602	0.322602	96000000
chr17	96000001	97000000	301760	0.30176	96500000
chr17	96500001	97500000	252772	0.252772	97000000
chr17	97000001	98000000	252045	0.252045	97500000
chr17	97500001	98500000	226039	0.226039	98000000
chr17	98000001	99000000	288971	0.288971	98500000
chr17	98500001	99500000	429260	0.42926	99000000
chr17	99000001	100000000	421673	0.421673	99500000
chr17	99500001	100500000	268300	0.2683	100000000
chr17	100000001	101000000	202004	0.202004	100500000
chr17	100500001	101500000	216177	0.216177	101000000
chr17	101000001	102000000	265050	0.26505	101500000
chr17	101500001	102500000	312056	0.312056	102000000
chr17	102000001	103000000	373783	0.373783	102500000
chr17	102500001	103500000	670525	0.670525	103000000
chr17	103000001	104000000	944946	0.944946	103500000
chr18	1	1000000	696671	0.696671	500000
chr18	500001	1500000	536695	0.536695	1000000
chr18	1000001	2000000	599694	0.599694	1500000
chr18	1500001	2500000	746743	0.746743	2000000
chr18	2000001	3000000	719706	0.719706	2500000
chr18	2500001	3500000	659962	0.659962	3000000
chr18	3000001	4000000	552622	0.552622	3500000
chr18	3500001	4500000	425966	0.425966	4000000
chr18	4000001	5000000	363236	0.363236	4500000
chr18	4500001	5500000	496401	0.496401	5000000
chr18	5000001	6000000	543667	0.543667	5500000
chr18	5500001	6500000	493615	0.493615	6000000
chr18	6000001	7000000	493382	0.493382	6500000
chr18	6500001	7500000	424210	0.42421	7000000
chr18	7000001	8000000	408633	0.408633	7500000
chr18	7500001	8500000	471264	0.471264	8000000
chr18	8000001	9000000	453434	0.453434	8500000
chr18	8500001	9500000	310004	0.310004	9000000
chr18	9000001	10000000	355836	0.355836	9500000
chr18	9500001	10500000	465963	0.465963	10000000
chr18	10000001	11000000	401780	0.40178	10500000
chr18	10500001	11500000	370195	0.370195	11000000
chr18	11000001	12000000	422338	0.422338	11500000
chr18	11500001	12500000	453880	0.45388	12000000
chr18	12000001	13000000	424154	0.424154	12500000
chr18	12500001	13500000	386838	0.386838	13000000
chr18	13000001	14000000	376579	0.376579	13500000
chr18	13500001	14500000	370105	0.370105	14000000
chr18	14000001	15000000	332911	0.332911	14500000
chr18	14500001	15500000	298012	0.298012	15000000
chr18	15000001	16000000	283016	0.283016	15500000
chr18	15500001	16500000	390741	0.390741	16000000
chr18	16000001	17000000	383477	0.383477	16500000
chr18	16500001	17500000	304624	0.304624	17000000
chr18	17000001	18000000	391543	0.391543	17500000
chr18	17500001	18500000	450563	0.450563	18000000
chr18	18000001	19000000	478549	0.478549	18500000
chr18	18500001	19500000	484007	0.484007	19000000
chr18	19000001	20000000	428130	0.42813	19500000
chr18	19500001	20500000	401046	0.401046	20000000
chr18	20000001	21000000	351015	0.351015	20500000
chr18	20500001	21500000	325116	0.325116	21000000
chr18	21000001	22000000	364471	0.364471	21500000
chr18	21500001	22500000	584690	0.58469	22000000
chr18	22000001	23000000	757150	0.75715	22500000
chr18	22500001	23500000	719746	0.719746	23000000
chr18	23000001	24000000	750582	0.750582	23500000
chr18	23500001	24500000	545185	0.545185	24000000
chr18	24000001	25000000	265382	0.265382	24500000
chr18	24500001	25500000	230538	0.230538	25000000
chr18	25000001	26000000	332407	0.332407	25500000
chr18	25500001	26500000	393500	0.3935	26000000
chr18	26000001	27000000	319717	0.319717	26500000
chr18	26500001	27500000	314623	0.314623	27000000
chr18	27000001	28000000	355537	0.355537	27500000
chr18	27500001	28500000	373161	0.373161	28000000
chr18	28000001	29000000	405811	0.405811	28500000
chr18	28500001	29500000	419772	0.419772	29000000
chr18	29000001	30000000	421817	0.421817	29500000
chr18	29500001	30500000	411789	0.411789	30000000
chr18	30000001	31000000	361317	0.361317	30500000
chr18	30500001	31500000	369945	0.369945	31000000
chr18	31000001	32000000	391432	0.391432	31500000
chr18	31500001	32500000	317574	0.317574	32000000
chr18	32000001	33000000	311657	0.311657	32500000
chr18	32500001	33500000	408415	0.408415	33000000
chr18	33000001	34000000	591092	0.591092	33500000
chr18	33500001	34500000	698948	0.698948	34000000
chr18	34000001	35000000	687288	0.687288	34500000
chr18	34500001	35500000	691163	0.691163	35000000
chr18	35000001	36000000	759822	0.759822	35500000
chr18	35500001	36500000	778247	0.778247	36000000
chr18	36000001	37000000	725585	0.725585	36500000
chr18	36500001	37500000	709617	0.709617	37000000
chr18	37000001	38000000	669738	0.669738	37500000
chr18	37500001	38500000	568847	0.568847	38000000
chr18	38000001	39000000	422443	0.422443	38500000
chr18	38500001	39500000	341536	0.341536	39000000
chr18	39000001	40000000	334855	0.334855	39500000
chr18	39500001	40500000	356332	0.356332	40000000
chr18	40000001	41000000	424158	0.424158	40500000
chr18	40500001	41500000	488070	0.48807	41000000
chr18	41000001	42000000	603984	0.603984	41500000
chr18	41500001	42500000	721523	0.721523	42000000
chr18	42000001	43000000	632045	0.632045	42500000
chr18	42500001	43500000	437616	0.437616	43000000
chr18	43000001	44000000	379188	0.379188	43500000
chr18	43500001	44500000	449416	0.449416	44000000
chr18	44000001	45000000	403133	0.403133	44500000
chr18	44500001	45500000	379457	0.379457	45000000
chr18	45000001	46000000	514499	0.514499	45500000
chr18	45500001	46500000	590823	0.590823	46000000
chr18	46000001	47000000	568284	0.568284	46500000
chr18	46500001	47500000	484908	0.484908	47000000
chr18	47000001	48000000	382690	0.38269	47500000
chr18	47500001	48500000	324238	0.324238	48000000
chr18	48000001	49000000	310202	0.310202	48500000
chr18	48500001	49500000	373899	0.373899	49000000
chr18	49000001	50000000	439263	0.439263	49500000
chr18	49500001	50500000	379059	0.379059	50000000
chr18	50000001	51000000	331597	0.331597	50500000
chr18	50500001	51500000	379968	0.379968	51000000
chr18	51000001	52000000	420206	0.420206	51500000
chr18	51500001	52500000	448923	0.448923	52000000
chr18	52000001	53000000	494878	0.494878	52500000
chr18	52500001	53500000	475414	0.475414	53000000
chr18	53000001	54000000	403695	0.403695	53500000
chr18	53500001	54500000	342718	0.342718	54000000
chr18	54000001	55000000	354236	0.354236	54500000
chr18	54500001	55500000	399840	0.39984	55000000
chr18	55000001	56000000	370635	0.370635	55500000
chr18	55500001	56500000	358146	0.358146	56000000
chr18	56000001	57000000	366943	0.366943	56500000
chr18	56500001	57500000	352006	0.352006	57000000
chr18	57000001	58000000	331949	0.331949	57500000
chr18	57500001	58500000	375946	0.375946	58000000
chr18	58000001	59000000	376307	0.376307	58500000
chr18	58500001	59500000	368198	0.368198	59000000
chr18	59000001	60000000	437651	0.437651	59500000
chr18	59500001	60500000	493784	0.493784	60000000
chr18	60000001	61000000	527507	0.527507	60500000
chr18	60500001	61500000	551978	0.551978	61000000
chr18	61000001	62000000	503796	0.503796	61500000
chr18	61500001	62500000	377726	0.377726	62000000
chr18	62000001	63000000	320696	0.320696	62500000
chr18	62500001	63500000	365126	0.365126	63000000
chr18	63000001	64000000	386916	0.386916	63500000
chr18	63500001	64500000	340384	0.340384	64000000
chr18	64000001	65000000	372666	0.372666	64500000
chr18	64500001	65500000	472811	0.472811	65000000
chr18	65000001	66000000	456015	0.456015	65500000
chr18	65500001	66500000	416514	0.416514	66000000
chr18	66000001	67000000	347766	0.347766	66500000
chr18	66500001	67500000	368744	0.368744	67000000
chr18	67000001	68000000	437156	0.437156	67500000
chr18	67500001	68500000	376509	0.376509	68000000
chr18	68000001	69000000	389220	0.38922	68500000
chr18	68500001	69500000	455939	0.455939	69000000
chr18	69000001	70000000	446329	0.446329	69500000
chr18	69500001	70500000	438804	0.438804	70000000
chr18	70000001	71000000	373974	0.373974	70500000
chr18	70500001	71500000	274957	0.274957	71000000
chr18	71000001	72000000	345469	0.345469	71500000
chr18	71500001	72500000	327386	0.327386	72000000
chr18	72000001	73000000	337999	0.337999	72500000
chr18	72500001	73500000	388636	0.388636	73000000
chr18	73000001	74000000	358955	0.358955	73500000
chr18	73500001	74500000	413100	0.4131	74000000
chr18	74000001	75000000	399980	0.39998	74500000
chr18	74500001	75500000	318985	0.318985	75000000
chr18	75000001	76000000	295360	0.29536	75500000
chr18	75500001	76500000	303684	0.303684	76000000
chr18	76000001	77000000	303921	0.303921	76500000
chr18	76500001	77500000	309871	0.309871	77000000
chr18	77000001	78000000	337593	0.337593	77500000
chr18	77500001	78500000	301334	0.301334	78000000
chr18	78000001	79000000	356652	0.356652	78500000
chr18	78500001	79500000	457805	0.457805	79000000
chr18	79000001	80000000	431943	0.431943	79500000
chr18	79500001	80500000	372914	0.372914	80000000
chr18	80000001	81000000	306516	0.306516	80500000
chr18	80500001	81500000	282323	0.282323	81000000
chr18	81000001	82000000	354015	0.354015	81500000
chr18	81500001	82500000	440841	0.440841	82000000
chr18	82000001	83000000	553254	0.553254	82500000
chr18	82500001	83500000	695375	0.695375	83000000
chr18	83000001	84000000	631508	0.631508	83500000
chr18	83500001	84500000	466051	0.466051	84000000
chr18	84000001	85000000	394968	0.394968	84500000
chr18	84500001	85500000	401948	0.401948	85000000
chr18	85000001	86000000	410031	0.410031	85500000
chr18	85500001	86500000	474784	0.474784	86000000
chr18	86000001	87000000	559004	0.559004	86500000
chr18	86500001	87500000	450982	0.450982	87000000
chr18	87000001	88000000	396269	0.396269	87500000
chr18	87500001	88500000	418831	0.418831	88000000
chr18	88000001	89000000	548380	0.54838	88500000
chr18	88500001	89500000	727691	0.727691	89000000
chr18	89000001	90000000	713425	0.713425	89500000
chr18	89500001	90500000	745965	0.745965	90000000
chr18	90000001	91000000	753158	0.753158	90500000
chr18	90500001	91500000	668744	0.668744	91000000
chr18	91000001	92000000	676133	0.676133	91500000
chr18	91500001	92500000	712188	0.712188	92000000
chr18	92000001	93000000	726994	0.726994	92500000
chr18	92500001	93500000	700229	0.700229	93000000
chr18	93000001	94000000	611795	0.611795	93500000
chr18	93500001	94500000	617503	0.617503	94000000
chr18	94000001	95000000	663829	0.663829	94500000
chr18	94500001	95500000	676029	0.676029	95000000
chr18	95000001	96000000	712810	0.71281	95500000
chr18	95500001	96500000	722444	0.722444	96000000
chr18	96000001	97000000	672748	0.672748	96500000
chr18	96500001	97500000	660875	0.660875	97000000
chr18	97000001	98000000	710467	0.710467	97500000
chr18	97500001	98500000	725111	0.725111	98000000
chr18	98000001	99000000	851046	0.851046	98500000
chr18	98500001	99500000	849790	0.84979	99000000
chr18	99000001	100000000	676418	0.676418	99500000
chr18	99500001	100500000	733580	0.73358	100000000
chr19	1	1000000	659882	0.659882	500000
chr19	500001	1500000	709429	0.709429	1000000
chr19	1000001	2000000	702640	0.70264	1500000
chr19	1500001	2500000	710101	0.710101	2000000
chr19	2000001	3000000	732095	0.732095	2500000
chr19	2500001	3500000	696093	0.696093	3000000
chr19	3000001	4000000	662102	0.662102	3500000
chr19	3500001	4500000	670119	0.670119	4000000
chr19	4000001	5000000	686441	0.686441	4500000
chr19	4500001	5500000	702026	0.702026	5000000
chr19	5000001	6000000	700710	0.70071	5500000
chr19	5500001	6500000	704051	0.704051	6000000
chr19	6000001	7000000	703367	0.703367	6500000
chr19	6500001	7500000	667379	0.667379	7000000
chr19	7000001	8000000	476391	0.476391	7500000
chr19	7500001	8500000	286681	0.286681	8000000
chr19	8000001	9000000	266437	0.266437	8500000
chr19	8500001	9500000	363123	0.363123	9000000
chr19	9000001	10000000	438667	0.438667	9500000
chr19	9500001	10500000	384136	0.384136	10000000
chr19	10000001	11000000	280174	0.280174	10500000
chr19	10500001	11500000	222324	0.222324	11000000
chr19	11000001	12000000	277027	0.277027	11500000
chr19	11500001	12500000	343105	0.343105	12000000
chr19	12000001	13000000	376635	0.376635	12500000
chr19	12500001	13500000	365549	0.365549	13000000
chr19	13000001	14000000	385079	0.385079	13500000
chr19	13500001	14500000	398598	0.398598	14000000
chr19	14000001	15000000	345702	0.345702	14500000
chr19	14500001	15500000	283558	0.283558	15000000
chr19	15000001	16000000	337270	0.33727	15500000
chr19	15500001	16500000	449176	0.449176	16000000
chr19	16000001	17000000	432394	0.432394	16500000
chr19	16500001	17500000	381035	0.381035	17000000
chr19	17000001	18000000	346420	0.34642	17500000
chr19	17500001	18500000	397493	0.397493	18000000
chr19	18000001	19000000	484815	0.484815	18500000
chr19	18500001	19500000	468582	0.468582	19000000
chr19	19000001	20000000	442745	0.442745	19500000
chr19	19500001	20500000	498156	0.498156	20000000
chr19	20000001	21000000	544020	0.54402	20500000
chr19	20500001	21500000	458996	0.458996	21000000
chr19	21000001	22000000	340018	0.340018	21500000
chr19	21500001	22500000	282045	0.282045	22000000
chr19	22000001	23000000	334629	0.334629	22500000
chr19	22500001	23500000	369140	0.36914	23000000
chr19	23000001	24000000	426553	0.426553	23500000
chr19	23500001	24500000	559788	0.559788	24000000
chr19	24000001	25000000	518482	0.518482	24500000
chr19	24500001	25500000	388015	0.388015	25000000
chr19	25000001	26000000	276464	0.276464	25500000
chr19	25500001	26500000	323195	0.323195	26000000
chr19	26000001	27000000	438417	0.438417	26500000
chr19	26500001	27500000	490379	0.490379	27000000
chr19	27000001	28000000	517495	0.517495	27500000
chr19	27500001	28500000	489134	0.489134	28000000
chr19	28000001	29000000	354282	0.354282	28500000
chr19	28500001	29500000	272628	0.272628	29000000
chr19	29000001	30000000	314981	0.314981	29500000
chr19	29500001	30500000	300134	0.300134	30000000
chr19	30000001	31000000	339080	0.33908	30500000
chr19	30500001	31500000	382443	0.382443	31000000
chr19	31000001	32000000	418976	0.418976	31500000
chr19	31500001	32500000	571174	0.571174	32000000
chr19	32000001	33000000	708242	0.708242	32500000
chr19	32500001	33500000	532777	0.532777	33000000
chr19	33000001	34000000	352504	0.352504	33500000
chr19	33500001	34500000	349429	0.349429	34000000
chr19	34000001	35000000	283631	0.283631	34500000
chr19	34500001	35500000	337822	0.337822	35000000
chr19	35000001	36000000	407084	0.407084	35500000
chr19	35500001	36500000	378077	0.378077	36000000
chr19	36000001	37000000	297262	0.297262	36500000
chr19	36500001	37500000	206857	0.206857	37000000
chr19	37000001	38000000	250948	0.250948	37500000
chr19	37500001	38500000	294265	0.294265	38000000
chr19	38000001	39000000	248745	0.248745	38500000
chr19	38500001	39500000	211971	0.211971	39000000
chr19	39000001	40000000	165349	0.165349	39500000
chr19	39500001	40500000	122548	0.122548	40000000
chr19	40000001	41000000	199812	0.199812	40500000
chr19	40500001	41500000	291553	0.291553	41000000
chr19	41000001	42000000	410461	0.410461	41500000
chr19	41500001	42500000	567130	0.56713	42000000
chr19	42000001	43000000	465043	0.465043	42500000
chr19	42500001	43500000	294958	0.294958	43000000
chr19	43000001	44000000	314494	0.314494	43500000
chr19	43500001	44500000	422654	0.422654	44000000
chr19	44000001	45000000	496636	0.496636	44500000
chr19	44500001	45500000	463309	0.463309	45000000
chr19	45000001	46000000	424067	0.424067	45500000
chr19	45500001	46500000	561932	0.561932	46000000
chr19	46000001	47000000	817507	0.817507	46500000
chr19	46500001	47500000	605035	0.605035	47000000
chr19	47000001	48000000	395872	0.395872	47500000
chr19	47500001	48500000	559644	0.559644	48000000
chr19	48000001	49000000	608227	0.608227	48500000
chr19	48500001	49500000	561957	0.561957	49000000
chr19	49000001	50000000	457010	0.45701	49500000
chr19	49500001	50500000	411658	0.411658	50000000
chr19	50000001	51000000	330186	0.330186	50500000
chr19	50500001	51500000	330104	0.330104	51000000
chr19	51000001	52000000	383803	0.383803	51500000
chr19	51500001	52500000	431929	0.431929	52000000
chr19	52000001	53000000	548961	0.548961	52500000
chr19	52500001	53500000	476039	0.476039	53000000
chr19	53000001	54000000	442261	0.442261	53500000
chr19	53500001	54500000	506070	0.50607	54000000
chr19	54000001	55000000	479960	0.47996	54500000
chr19	54500001	55500000	478472	0.478472	55000000
chr19	55000001	56000000	491036	0.491036	55500000
chr19	55500001	56500000	403925	0.403925	56000000
chr19	56000001	57000000	369911	0.369911	56500000
chr19	56500001	57500000	371716	0.371716	57000000
chr19	57000001	58000000	368272	0.368272	57500000
chr19	57500001	58500000	417881	0.417881	58000000
chr19	58000001	59000000	408791	0.408791	58500000
chr19	58500001	59500000	382542	0.382542	59000000
chr19	59000001	60000000	275624	0.275624	59500000
chr19	59500001	60500000	237059	0.237059	60000000
chr19	60000001	61000000	271118	0.271118	60500000
chr19	60500001	61500000	306023	0.306023	61000000
chr19	61000001	62000000	360765	0.360765	61500000
chr19	61500001	62500000	392373	0.392373	62000000
chr19	62000001	63000000	649593	0.649593	62500000
chr19	62500001	63500000	935320	0.93532	63000000
chr19	63000001	64000000	988524	0.988524	63500000
chr19	63500001	64500000	776983	0.776983	64000000
chr19	64000001	65000000	529059	0.529059	64500000
chr19	64500001	65500000	459191	0.459191	65000000
chr19	65000001	66000000	445946	0.445946	65500000
chr19	65500001	66500000	410334	0.410334	66000000
chr19	66000001	67000000	421858	0.421858	66500000
chr19	66500001	67500000	386291	0.386291	67000000
chr19	67000001	68000000	286589	0.286589	67500000
chr19	67500001	68500000	332283	0.332283	68000000
chr19	68000001	69000000	466896	0.466896	68500000
chr19	68500001	69500000	500590	0.50059	69000000
chr19	69000001	70000000	411461	0.411461	69500000
chr19	69500001	70500000	394071	0.394071	70000000
chr19	70000001	71000000	399309	0.399309	70500000
chr19	70500001	71500000	437208	0.437208	71000000
chr19	71000001	72000000	394067	0.394067	71500000
chr19	71500001	72500000	323453	0.323453	72000000
chr19	72000001	73000000	359149	0.359149	72500000
chr19	72500001	73500000	412338	0.412338	73000000
chr19	73000001	74000000	447179	0.447179	73500000
chr19	73500001	74500000	441652	0.441652	74000000
chr19	74000001	75000000	481431	0.481431	74500000
chr19	74500001	75500000	471500	0.4715	75000000
chr19	75000001	76000000	453152	0.453152	75500000
chr19	75500001	76500000	440512	0.440512	76000000
chr19	76000001	77000000	447765	0.447765	76500000
chr19	76500001	77500000	507524	0.507524	77000000
chr19	77000001	78000000	532728	0.532728	77500000
chr19	77500001	78500000	607071	0.607071	78000000
chr19	78000001	79000000	547708	0.547708	78500000
chr19	78500001	79500000	389152	0.389152	79000000
chr19	79000001	80000000	306247	0.306247	79500000
chr19	79500001	80500000	329407	0.329407	80000000
chr19	80000001	81000000	431564	0.431564	80500000
chr19	80500001	81500000	433995	0.433995	81000000
chr19	81000001	82000000	419226	0.419226	81500000
chr19	81500001	82500000	426168	0.426168	82000000
chr19	82000001	83000000	405288	0.405288	82500000
chr19	82500001	83500000	451539	0.451539	83000000
chr19	83000001	84000000	516967	0.516967	83500000
chr19	83500001	84500000	475304	0.475304	84000000
chr19	84000001	85000000	448004	0.448004	84500000
chr19	84500001	85500000	430483	0.430483	85000000
chr19	85000001	86000000	311780	0.31178	85500000
chr19	85500001	86500000	276239	0.276239	86000000
chr19	86000001	87000000	302730	0.30273	86500000
chr19	86500001	87500000	324706	0.324706	87000000
chr19	87000001	88000000	361440	0.36144	87500000
chr19	87500001	88500000	398245	0.398245	88000000
chr19	88000001	89000000	405263	0.405263	88500000
chr19	88500001	89500000	394048	0.394048	89000000
chr19	89000001	90000000	410462	0.410462	89500000
chr19	89500001	90500000	451972	0.451972	90000000
chr19	90000001	91000000	458625	0.458625	90500000
chr19	90500001	91500000	351883	0.351883	91000000
chr19	91000001	92000000	295964	0.295964	91500000
chr19	91500001	92500000	357031	0.357031	92000000
chr19	92000001	93000000	399442	0.399442	92500000
chr19	92500001	93500000	325768	0.325768	93000000
chr19	93000001	94000000	278509	0.278509	93500000
chr19	93500001	94500000	266135	0.266135	94000000
chr19	94000001	95000000	301095	0.301095	94500000
chr19	94500001	95500000	326021	0.326021	95000000
chr19	95000001	96000000	250486	0.250486	95500000
chr19	95500001	96500000	229156	0.229156	96000000
chr19	96000001	97000000	261685	0.261685	96500000
chr19	96500001	97500000	309353	0.309353	97000000
chr19	97000001	98000000	576341	0.576341	97500000
chr19	97500001	98500000	889219	0.889219	98000000
chr20	1	1000000	421476	0.421476	500000
chr20	500001	1500000	219910	0.21991	1000000
chr20	1000001	2000000	178598	0.178598	1500000
chr20	1500001	2500000	184234	0.184234	2000000
chr20	2000001	3000000	214860	0.21486	2500000
chr20	2500001	3500000	271697	0.271697	3000000
chr20	3000001	4000000	349442	0.349442	3500000
chr20	3500001	4500000	338147	0.338147	4000000
chr20	4000001	5000000	322228	0.322228	4500000
chr20	4500001	5500000	300091	0.300091	5000000
chr20	5000001	6000000	314837	0.314837	5500000
chr20	5500001	6500000	377969	0.377969	6000000
chr20	6000001	7000000	409132	0.409132	6500000
chr20	6500001	7500000	457791	0.457791	7000000
chr20	7000001	8000000	463884	0.463884	7500000
chr20	7500001	8500000	414922	0.414922	8000000
chr20	8000001	9000000	376288	0.376288	8500000
chr20	8500001	9500000	434322	0.434322	9000000
chr20	9000001	10000000	454263	0.454263	9500000
chr20	9500001	10500000	342102	0.342102	10000000
chr20	10000001	11000000	242983	0.242983	10500000
chr20	10500001	11500000	242720	0.24272	11000000
chr20	11000001	12000000	257123	0.257123	11500000
chr20	11500001	12500000	278367	0.278367	12000000
chr20	12000001	13000000	297387	0.297387	12500000
chr20	12500001	13500000	278901	0.278901	13000000
chr20	13000001	14000000	290186	0.290186	13500000
chr20	13500001	14500000	313480	0.31348	14000000
chr20	14000001	15000000	278928	0.278928	14500000
chr20	14500001	15500000	317648	0.317648	15000000
chr20	15000001	16000000	418223	0.418223	15500000
chr20	15500001	16500000	412495	0.412495	16000000
chr20	16000001	17000000	344560	0.34456	16500000
chr20	16500001	17500000	339493	0.339493	17000000
chr20	17000001	18000000	442650	0.44265	17500000
chr20	17500001	18500000	481311	0.481311	18000000
chr20	18000001	19000000	447305	0.447305	18500000
chr20	18500001	19500000	410851	0.410851	19000000
chr20	19000001	20000000	352526	0.352526	19500000
chr20	19500001	20500000	300264	0.300264	20000000
chr20	20000001	21000000	346276	0.346276	20500000
chr20	20500001	21500000	412020	0.41202	21000000
chr20	21000001	22000000	390229	0.390229	21500000
chr20	21500001	22500000	434397	0.434397	22000000
chr20	22000001	23000000	513296	0.513296	22500000
chr20	22500001	23500000	493201	0.493201	23000000
chr20	23000001	24000000	480453	0.480453	23500000
chr20	23500001	24500000	585780	0.58578	24000000
chr20	24000001	25000000	591233	0.591233	24500000
chr20	24500001	25500000	501134	0.501134	25000000
chr20	25000001	26000000	503401	0.503401	25500000
chr20	25500001	26500000	469465	0.469465	26000000
chr20	26000001	27000000	449529	0.449529	26500000
chr20	26500001	27500000	461642	0.461642	27000000
chr20	27000001	28000000	414755	0.414755	27500000
chr20	27500001	28500000	543746	0.543746	28000000
chr20	28000001	29000000	519420	0.51942	28500000
chr20	28500001	29500000	297344	0.297344	29000000
chr20	29000001	30000000	238141	0.238141	29500000
chr20	29500001	30500000	243009	0.243009	30000000
chr20	30000001	31000000	244700	0.2447	30500000
chr20	30500001	31500000	294643	0.294643	31000000
chr20	31000001	32000000	412575	0.412575	31500000
chr20	31500001	32500000	438197	0.438197	32000000
chr20	32000001	33000000	452756	0.452756	32500000
chr20	32500001	33500000	419232	0.419232	33000000
chr20	33000001	34000000	344007	0.344007	33500000
chr20	33500001	34500000	375773	0.375773	34000000
chr20	34000001	35000000	435715	0.435715	34500000
chr20	34500001	35500000	339097	0.339097	35000000
chr20	35000001	36000000	317163	0.317163	35500000
chr20	35500001	36500000	399998	0.399998	36000000
chr20	36000001	37000000	348975	0.348975	36500000
chr20	36500001	37500000	383406	0.383406	37000000
chr20	37000001	38000000	462820	0.46282	37500000
chr20	37500001	38500000	494459	0.494459	38000000
chr20	38000001	39000000	503179	0.503179	38500000
chr20	38500001	39500000	468406	0.468406	39000000
chr20	39000001	40000000	425040	0.42504	39500000
chr20	39500001	40500000	359205	0.359205	40000000
chr20	40000001	41000000	274629	0.274629	40500000
chr20	40500001	41500000	234085	0.234085	41000000
chr20	41000001	42000000	206303	0.206303	41500000
chr20	41500001	42500000	288512	0.288512	42000000
chr20	42000001	43000000	378824	0.378824	42500000
chr20	42500001	43500000	375342	0.375342	43000000
chr20	43000001	44000000	439584	0.439584	43500000
chr20	43500001	44500000	420072	0.420072	44000000
chr20	44000001	45000000	458577	0.458577	44500000
chr20	44500001	45500000	432590	0.43259	45000000
chr20	45000001	46000000	303576	0.303576	45500000
chr20	45500001	46500000	419416	0.419416	46000000
chr20	46000001	47000000	433498	0.433498	46500000
chr20	46500001	47500000	378638	0.378638	47000000
chr20	47000001	48000000	409445	0.409445	47500000
chr20	47500001	48500000	442988	0.442988	48000000
chr20	48000001	49000000	475899	0.475899	48500000
chr20	48500001	49500000	444079	0.444079	49000000
chr20	49000001	50000000	451799	0.451799	49500000
chr20	49500001	50500000	427663	0.427663	50000000
chr20	50000001	51000000	451935	0.451935	50500000
chr20	50500001	51500000	522004	0.522004	51000000
chr20	51000001	52000000	507504	0.507504	51500000
chr20	51500001	52500000	480354	0.480354	52000000
chr20	52000001	53000000	443200	0.4432	52500000
chr20	52500001	53500000	457113	0.457113	53000000
chr20	53000001	54000000	444147	0.444147	53500000
chr20	53500001	54500000	420961	0.420961	54000000
chr20	54000001	55000000	621429	0.621429	54500000
chr20	54500001	55500000	702650	0.70265	55000000
chr20	55000001	56000000	536452	0.536452	55500000
chr20	55500001	56500000	570572	0.570572	56000000
chr20	56000001	57000000	742455	0.742455	56500000
chr20	56500001	57500000	800434	0.800434	57000000
chr20	57000001	58000000	767777	0.767777	57500000
chr20	57500001	58500000	608797	0.608797	58000000
chr20	58000001	59000000	493561	0.493561	58500000
chr20	58500001	59500000	447551	0.447551	59000000
chr20	59000001	60000000	356735	0.356735	59500000
chr20	59500001	60500000	380092	0.380092	60000000
chr20	60000001	61000000	485643	0.485643	60500000
chr20	60500001	61500000	494158	0.494158	61000000
chr20	61000001	62000000	495793	0.495793	61500000
chr20	61500001	62500000	495560	0.49556	62000000
chr20	62000001	63000000	432066	0.432066	62500000
chr20	62500001	63500000	481653	0.481653	63000000
chr20	63000001	64000000	435643	0.435643	63500000
chr20	63500001	64500000	413854	0.413854	64000000
chr20	64000001	65000000	434499	0.434499	64500000
chr20	64500001	65500000	333341	0.333341	65000000
chr20	65000001	66000000	338745	0.338745	65500000
chr20	65500001	66500000	359600	0.3596	66000000
chr20	66000001	67000000	361863	0.361863	66500000
chr20	66500001	67500000	378085	0.378085	67000000
chr20	67000001	68000000	362888	0.362888	67500000
chr20	67500001	68500000	344345	0.344345	68000000
chr20	68000001	69000000	380713	0.380713	68500000
chr20	68500001	69500000	430122	0.430122	69000000
chr20	69000001	70000000	380259	0.380259	69500000
chr20	69500001	70500000	329781	0.329781	70000000
chr20	70000001	71000000	307022	0.307022	70500000
chr20	70500001	71500000	367156	0.367156	71000000
chr20	71000001	72000000	398820	0.39882	71500000
chr20	71500001	72500000	381557	0.381557	72000000
chr20	72000001	73000000	437773	0.437773	72500000
chr20	72500001	73500000	518689	0.518689	73000000
chr20	73000001	74000000	650973	0.650973	73500000
chr20	73500001	74500000	598079	0.598079	74000000
chr20	74000001	75000000	353424	0.353424	74500000
chr20	74500001	75500000	278943	0.278943	75000000
chr20	75000001	76000000	374791	0.374791	75500000
chr20	75500001	76500000	332389	0.332389	76000000
chr20	76000001	77000000	315475	0.315475	76500000
chr20	76500001	77500000	388744	0.388744	77000000
chr20	77000001	78000000	392372	0.392372	77500000
chr20	77500001	78500000	349897	0.349897	78000000
chr20	78000001	79000000	285451	0.285451	78500000
chr20	78500001	79500000	354347	0.354347	79000000
chr20	79000001	80000000	383238	0.383238	79500000
chr20	79500001	80500000	277348	0.277348	80000000
chr20	80000001	81000000	277380	0.27738	80500000
chr20	80500001	81500000	348142	0.348142	81000000
chr20	81000001	82000000	366206	0.366206	81500000
chr20	81500001	82500000	385423	0.385423	82000000
chr20	82000001	83000000	391184	0.391184	82500000
chr20	82500001	83500000	394718	0.394718	83000000
chr20	83000001	84000000	406546	0.406546	83500000
chr20	83500001	84500000	326441	0.326441	84000000
chr20	84000001	85000000	252074	0.252074	84500000
chr20	84500001	85500000	401631	0.401631	85000000
chr20	85000001	86000000	425407	0.425407	85500000
chr20	85500001	86500000	346098	0.346098	86000000
chr20	86000001	87000000	405097	0.405097	86500000
chr20	86500001	87500000	591350	0.59135	87000000
chr20	87000001	88000000	684923	0.684923	87500000
chr20	87500001	88500000	443974	0.443974	88000000
chr20	88000001	89000000	271224	0.271224	88500000
chr20	88500001	89500000	264381	0.264381	89000000
chr20	89000001	90000000	192810	0.19281	89500000
chr20	89500001	90500000	167704	0.167704	90000000
chr20	90000001	91000000	214746	0.214746	90500000
chr20	90500001	91500000	229082	0.229082	91000000
chr20	91000001	92000000	315826	0.315826	91500000
chr21	1	1000000	591871	0.591871	500000
chr21	500001	1500000	510919	0.510919	1000000
chr21	1000001	2000000	556364	0.556364	1500000
chr21	1500001	2500000	478164	0.478164	2000000
chr21	2000001	3000000	410410	0.41041	2500000
chr21	2500001	3500000	599881	0.599881	3000000
chr21	3000001	4000000	697623	0.697623	3500000
chr21	3500001	4500000	555600	0.5556	4000000
chr21	4000001	5000000	515394	0.515394	4500000
chr21	4500001	5500000	463531	0.463531	5000000
chr21	5000001	6000000	405153	0.405153	5500000
chr21	5500001	6500000	432590	0.43259	6000000
chr21	6000001	7000000	392498	0.392498	6500000
chr21	6500001	7500000	355650	0.35565	7000000
chr21	7000001	8000000	404043	0.404043	7500000
chr21	7500001	8500000	395619	0.395619	8000000
chr21	8000001	9000000	452771	0.452771	8500000
chr21	8500001	9500000	521600	0.5216	9000000
chr21	9000001	10000000	427009	0.427009	9500000
chr21	9500001	10500000	353170	0.35317	10000000
chr21	10000001	11000000	439361	0.439361	10500000
chr21	10500001	11500000	522639	0.522639	11000000
chr21	11000001	12000000	381408	0.381408	11500000
chr21	11500001	12500000	322900	0.3229	12000000
chr21	12000001	13000000	604655	0.604655	12500000
chr21	12500001	13500000	613612	0.613612	13000000
chr21	13000001	14000000	343257	0.343257	13500000
chr21	13500001	14500000	273064	0.273064	14000000
chr21	14000001	15000000	351483	0.351483	14500000
chr21	14500001	15500000	431491	0.431491	15000000
chr21	15000001	16000000	445863	0.445863	15500000
chr21	15500001	16500000	333581	0.333581	16000000
chr21	16000001	17000000	298523	0.298523	16500000
chr21	16500001	17500000	423746	0.423746	17000000
chr21	17000001	18000000	456660	0.45666	17500000
chr21	17500001	18500000	455123	0.455123	18000000
chr21	18000001	19000000	457289	0.457289	18500000
chr21	18500001	19500000	439421	0.439421	19000000
chr21	19000001	20000000	436912	0.436912	19500000
chr21	19500001	20500000	447493	0.447493	20000000
chr21	20000001	21000000	420229	0.420229	20500000
chr21	20500001	21500000	404951	0.404951	21000000
chr21	21000001	22000000	395690	0.39569	21500000
chr21	21500001	22500000	378124	0.378124	22000000
chr21	22000001	23000000	345457	0.345457	22500000
chr21	22500001	23500000	364168	0.364168	23000000
chr21	23000001	24000000	523551	0.523551	23500000
chr21	23500001	24500000	604513	0.604513	24000000
chr21	24000001	25000000	484059	0.484059	24500000
chr21	24500001	25500000	294502	0.294502	25000000
chr21	25000001	26000000	283587	0.283587	25500000
chr21	25500001	26500000	356702	0.356702	26000000
chr21	26000001	27000000	314141	0.314141	26500000
chr21	26500001	27500000	255164	0.255164	27000000
chr21	27000001	28000000	283251	0.283251	27500000
chr21	27500001	28500000	352495	0.352495	28000000
chr21	28000001	29000000	286935	0.286935	28500000
chr21	28500001	29500000	251400	0.2514	29000000
chr21	29000001	30000000	280802	0.280802	29500000
chr21	29500001	30500000	336589	0.336589	30000000
chr21	30000001	31000000	410306	0.410306	30500000
chr21	30500001	31500000	413083	0.413083	31000000
chr21	31000001	32000000	330843	0.330843	31500000
chr21	31500001	32500000	383747	0.383747	32000000
chr21	32000001	33000000	444414	0.444414	32500000
chr21	32500001	33500000	311244	0.311244	33000000
chr21	33000001	34000000	239362	0.239362	33500000
chr21	33500001	34500000	319598	0.319598	34000000
chr21	34000001	35000000	391282	0.391282	34500000
chr21	34500001	35500000	388051	0.388051	35000000
chr21	35000001	36000000	405707	0.405707	35500000
chr21	35500001	36500000	348030	0.34803	36000000
chr21	36000001	37000000	332119	0.332119	36500000
chr21	36500001	37500000	403183	0.403183	37000000
chr21	37000001	38000000	359103	0.359103	37500000
chr21	37500001	38500000	276984	0.276984	38000000
chr21	38000001	39000000	334302	0.334302	38500000
chr21	38500001	39500000	431199	0.431199	39000000
chr21	39000001	40000000	506629	0.506629	39500000
chr21	39500001	40500000	527897	0.527897	40000000
chr21	40000001	41000000	415950	0.41595	40500000
chr21	40500001	41500000	355334	0.355334	41000000
chr21	41000001	42000000	405681	0.405681	41500000
chr21	41500001	42500000	403620	0.40362	42000000
chr21	42000001	43000000	357431	0.357431	42500000
chr21	42500001	43500000	282184	0.282184	43000000
chr21	43000001	44000000	216676	0.216676	43500000
chr21	43500001	44500000	251056	0.251056	44000000
chr21	44000001	45000000	287447	0.287447	44500000
chr21	44500001	45500000	341186	0.341186	45000000
chr21	45000001	46000000	372322	0.372322	45500000
chr21	45500001	46500000	404955	0.404955	46000000
chr21	46000001	47000000	422964	0.422964	46500000
chr21	46500001	47500000	400585	0.400585	47000000
chr21	47000001	48000000	400171	0.400171	47500000
chr21	47500001	48500000	419435	0.419435	48000000
chr21	48000001	49000000	448683	0.448683	48500000
chr21	48500001	49500000	437165	0.437165	49000000
chr21	49000001	50000000	326437	0.326437	49500000
chr21	49500001	50500000	246468	0.246468	50000000
chr21	50000001	51000000	315789	0.315789	50500000
chr21	50500001	51500000	405784	0.405784	51000000
chr21	51000001	52000000	545612	0.545612	51500000
chr21	51500001	52500000	632998	0.632998	52000000
chr21	52000001	53000000	612766	0.612766	52500000
chr21	52500001	53500000	546251	0.546251	53000000
chr21	53000001	54000000	437674	0.437674	53500000
chr21	53500001	54500000	405224	0.405224	54000000
chr21	54000001	55000000	445099	0.445099	54500000
chr21	54500001	55500000	492096	0.492096	55000000
chr21	55000001	56000000	464081	0.464081	55500000
chr21	55500001	56500000	464384	0.464384	56000000
chr21	56000001	57000000	524522	0.524522	56500000
chr21	56500001	57500000	552134	0.552134	57000000
chr21	57000001	58000000	545928	0.545928	57500000
chr21	57500001	58500000	565599	0.565599	58000000
chr21	58000001	59000000	504583	0.504583	58500000
chr21	58500001	59500000	392419	0.392419	59000000
chr21	59000001	60000000	396812	0.396812	59500000
chr21	59500001	60500000	427407	0.427407	60000000
chr21	60000001	61000000	417466	0.417466	60500000
chr21	60500001	61500000	381359	0.381359	61000000
chr21	61000001	62000000	374175	0.374175	61500000
chr21	61500001	62500000	363144	0.363144	62000000
chr21	62000001	63000000	352494	0.352494	62500000
chr21	62500001	63500000	389965	0.389965	63000000
chr21	63000001	64000000	470029	0.470029	63500000
chr21	63500001	64500000	497766	0.497766	64000000
chr21	64000001	65000000	547303	0.547303	64500000
chr21	64500001	65500000	706438	0.706438	65000000
chr21	65000001	66000000	806500	0.8065	65500000
chr21	65500001	66500000	811308	0.811308	66000000
chr21	66000001	67000000	827221	0.827221	66500000
chr21	66500001	67500000	835706	0.835706	67000000
chr21	67000001	68000000	817146	0.817146	67500000
chr21	67500001	68500000	817934	0.817934	68000000
chr21	68000001	69000000	842007	0.842007	68500000
chr21	68500001	69500000	808329	0.808329	69000000
chr21	69000001	70000000	811354	0.811354	69500000
chr21	69500001	70500000	831910	0.83191	70000000
chr21	70000001	71000000	813247	0.813247	70500000
chr21	70500001	71500000	816579	0.816579	71000000
chr21	71000001	72000000	794994	0.794994	71500000
chr21	71500001	72500000	790824	0.790824	72000000
chr21	72000001	73000000	785739	0.785739	72500000
chr21	72500001	73500000	784142	0.784142	73000000
chr21	73000001	74000000	783300	0.7833	73500000
chr21	73500001	74500000	786224	0.786224	74000000
chr21	74000001	75000000	800449	0.800449	74500000
chr21	74500001	75500000	755033	0.755033	75000000
chr21	75000001	76000000	725465	0.725465	75500000
chr21	75500001	76500000	788523	0.788523	76000000
chr21	76000001	77000000	820090	0.82009	76500000
chr21	76500001	77500000	788903	0.788903	77000000
chr21	77000001	78000000	783851	0.783851	77500000
chr21	77500001	78500000	755054	0.755054	78000000
chr21	78000001	79000000	720503	0.720503	78500000
chr21	78500001	79500000	760017	0.760017	79000000
chr21	79000001	80000000	766026	0.766026	79500000
chr21	79500001	80500000	775572	0.775572	80000000
chr21	80000001	81000000	841760	0.84176	80500000
chr21	80500001	81500000	813372	0.813372	81000000
chr21	81000001	82000000	811037	0.811037	81500000
chr21	81500001	82500000	807048	0.807048	82000000
chr21	82000001	83000000	779041	0.779041	82500000
chr21	82500001	83500000	805776	0.805776	83000000
chr21	83000001	84000000	814336	0.814336	83500000
chr21	83500001	84500000	790372	0.790372	84000000
chr21	84000001	85000000	777671	0.777671	84500000
chr21	84500001	85500000	772515	0.772515	85000000
chr21	85000001	86000000	776645	0.776645	85500000
chr21	85500001	86500000	765256	0.765256	86000000
chr21	86000001	87000000	772149	0.772149	86500000
chr21	86500001	87500000	837450	0.83745	87000000
chr21	87000001	88000000	806510	0.80651	87500000
chr21	87500001	88500000	754785	0.754785	88000000
chr21	88000001	89000000	842514	0.842514	88500000
chr21	88500001	89500000	827395	0.827395	89000000
chr21	89000001	90000000	796487	0.796487	89500000
chr21	89500001	90500000	833977	0.833977	90000000
chr21	90000001	91000000	788816	0.788816	90500000
chr22	1	1000000	266322	0.266322	500000
chr22	500001	1500000	209283	0.209283	1000000
chr22	1000001	2000000	231985	0.231985	1500000
chr22	1500001	2500000	243481	0.243481	2000000
chr22	2000001	3000000	286218	0.286218	2500000
chr22	2500001	3500000	304833	0.304833	3000000
chr22	3000001	4000000	297298	0.297298	3500000
chr22	3500001	4500000	282548	0.282548	4000000
chr22	4000001	5000000	269827	0.269827	4500000
chr22	4500001	5500000	299543	0.299543	5000000
chr22	5000001	6000000	332898	0.332898	5500000
chr22	5500001	6500000	290546	0.290546	6000000
chr22	6000001	7000000	326534	0.326534	6500000
chr22	6500001	7500000	355404	0.355404	7000000
chr22	7000001	8000000	370950	0.37095	7500000
chr22	7500001	8500000	391234	0.391234	8000000
chr22	8000001	9000000	328505	0.328505	8500000
chr22	8500001	9500000	328731	0.328731	9000000
chr22	9000001	10000000	361233	0.361233	9500000
chr22	9500001	10500000	344202	0.344202	10000000
chr22	10000001	11000000	363555	0.363555	10500000
chr22	10500001	11500000	405799	0.405799	11000000
chr22	11000001	12000000	364348	0.364348	11500000
chr22	11500001	12500000	347726	0.347726	12000000
chr22	12000001	13000000	380655	0.380655	12500000
chr22	12500001	13500000	442607	0.442607	13000000
chr22	13000001	14000000	452225	0.452225	13500000
chr22	13500001	14500000	407300	0.4073	14000000
chr22	14000001	15000000	362633	0.362633	14500000
chr22	14500001	15500000	356819	0.356819	15000000
chr22	15000001	16000000	440051	0.440051	15500000
chr22	15500001	16500000	434015	0.434015	16000000
chr22	16000001	17000000	437306	0.437306	16500000
chr22	16500001	17500000	463531	0.463531	17000000
chr22	17000001	18000000	459869	0.459869	17500000
chr22	17500001	18500000	473390	0.47339	18000000
chr22	18000001	19000000	462852	0.462852	18500000
chr22	18500001	19500000	476181	0.476181	19000000
chr22	19000001	20000000	477900	0.4779	19500000
chr22	19500001	20500000	372769	0.372769	20000000
chr22	20000001	21000000	253006	0.253006	20500000
chr22	20500001	21500000	299237	0.299237	21000000
chr22	21000001	22000000	380536	0.380536	21500000
chr22	21500001	22500000	449166	0.449166	22000000
chr22	22000001	23000000	488689	0.488689	22500000
chr22	22500001	23500000	396972	0.396972	23000000
chr22	23000001	24000000	331296	0.331296	23500000
chr22	23500001	24500000	393529	0.393529	24000000
chr22	24000001	25000000	464074	0.464074	24500000
chr22	24500001	25500000	470663	0.470663	25000000
chr22	25000001	26000000	469917	0.469917	25500000
chr22	25500001	26500000	461706	0.461706	26000000
chr22	26000001	27000000	387574	0.387574	26500000
chr22	26500001	27500000	398310	0.39831	27000000
chr22	27000001	28000000	458855	0.458855	27500000
chr22	27500001	28500000	419936	0.419936	28000000
chr22	28000001	29000000	395744	0.395744	28500000
chr22	28500001	29500000	362082	0.362082	29000000
chr22	29000001	30000000	377171	0.377171	29500000
chr22	29500001	30500000	388331	0.388331	30000000
chr22	30000001	31000000	446001	0.446001	30500000
chr22	30500001	31500000	493599	0.493599	31000000
chr22	31000001	32000000	416360	0.41636	31500000
chr22	31500001	32500000	389204	0.389204	32000000
chr22	32000001	33000000	402379	0.402379	32500000
chr22	32500001	33500000	394828	0.394828	33000000
chr22	33000001	34000000	430908	0.430908	33500000
chr22	33500001	34500000	436620	0.43662	34000000
chr22	34000001	35000000	322984	0.322984	34500000
chr22	34500001	35500000	353903	0.353903	35000000
chr22	35000001	36000000	406237	0.406237	35500000
chr22	35500001	36500000	429106	0.429106	36000000
chr22	36000001	37000000	405636	0.405636	36500000
chr22	36500001	37500000	352319	0.352319	37000000
chr22	37000001	38000000	449036	0.449036	37500000
chr22	37500001	38500000	531673	0.531673	38000000
chr22	38000001	39000000	516045	0.516045	38500000
chr22	38500001	39500000	529751	0.529751	39000000
chr22	39000001	40000000	555403	0.555403	39500000
chr22	39500001	40500000	487108	0.487108	40000000
chr22	40000001	41000000	357245	0.357245	40500000
chr22	40500001	41500000	341763	0.341763	41000000
chr22	41000001	42000000	360954	0.360954	41500000
chr22	41500001	42500000	276364	0.276364	42000000
chr22	42000001	43000000	253863	0.253863	42500000
chr22	42500001	43500000	359870	0.35987	43000000
chr22	43000001	44000000	525750	0.52575	43500000
chr22	43500001	44500000	753666	0.753666	44000000
chr22	44000001	45000000	946463	0.946463	44500000
chr22	44500001	45500000	989979	0.989979	45000000
chr22	45000001	46000000	992004	0.992004	45500000
chr22	45500001	46500000	993059	0.993059	46000000
chr22	46000001	47000000	991351	0.991351	46500000
chr22	46500001	47500000	931586	0.931586	47000000
chr22	47000001	48000000	779481	0.779481	47500000
chr22	47500001	48500000	624744	0.624744	48000000
chr22	48000001	49000000	524617	0.524617	48500000
chr22	48500001	49500000	497154	0.497154	49000000
chr22	49000001	50000000	490605	0.490605	49500000
chr22	49500001	50500000	433294	0.433294	50000000
chr22	50000001	51000000	419512	0.419512	50500000
chr22	50500001	51500000	488998	0.488998	51000000
chr22	51000001	52000000	553366	0.553366	51500000
chr22	51500001	52500000	552381	0.552381	52000000
chr22	52000001	53000000	523727	0.523727	52500000
chr22	52500001	53500000	510951	0.510951	53000000
chr22	53000001	54000000	452718	0.452718	53500000
chr22	53500001	54500000	404277	0.404277	54000000
chr22	54000001	55000000	422917	0.422917	54500000
chr22	54500001	55500000	472213	0.472213	55000000
chr22	55000001	56000000	420381	0.420381	55500000
chr22	55500001	56500000	358250	0.35825	56000000
chr22	56000001	57000000	462352	0.462352	56500000
chr22	56500001	57500000	432277	0.432277	57000000
chr22	57000001	58000000	422436	0.422436	57500000
chr22	57500001	58500000	527115	0.527115	58000000
chr22	58000001	59000000	494267	0.494267	58500000
chr22	58500001	59500000	491191	0.491191	59000000
chr22	59000001	60000000	584861	0.584861	59500000
chr22	59500001	60500000	493367	0.493367	60000000
chr22	60000001	61000000	388270	0.38827	60500000
chr22	60500001	61500000	428854	0.428854	61000000
chr22	61000001	62000000	477503	0.477503	61500000
chr22	61500001	62500000	484270	0.48427	62000000
chr22	62000001	63000000	393404	0.393404	62500000
chr22	62500001	63500000	320872	0.320872	63000000
chr22	63000001	64000000	493988	0.493988	63500000
chr22	63500001	64500000	657480	0.65748	64000000
chr22	64000001	65000000	537784	0.537784	64500000
chr22	64500001	65500000	421174	0.421174	65000000
chr22	65000001	66000000	398230	0.39823	65500000
chr22	65500001	66500000	449524	0.449524	66000000
chr22	66000001	67000000	403054	0.403054	66500000
chr22	66500001	67500000	375173	0.375173	67000000
chr22	67000001	68000000	405309	0.405309	67500000
chr22	67500001	68500000	341289	0.341289	68000000
chr22	68000001	69000000	370723	0.370723	68500000
chr22	68500001	69500000	430298	0.430298	69000000
chr22	69000001	70000000	412586	0.412586	69500000
chr22	69500001	70500000	412129	0.412129	70000000
chr22	70000001	71000000	405379	0.405379	70500000
chr22	70500001	71500000	407656	0.407656	71000000
chr22	71000001	72000000	395652	0.395652	71500000
chr22	71500001	72500000	326064	0.326064	72000000
chr22	72000001	73000000	311984	0.311984	72500000
chr22	72500001	73500000	344145	0.344145	73000000
chr22	73000001	74000000	368780	0.36878	73500000
chr22	73500001	74500000	392912	0.392912	74000000
chr22	74000001	75000000	411671	0.411671	74500000
chr22	74500001	75500000	394728	0.394728	75000000
chr22	75000001	76000000	354727	0.354727	75500000
chr22	75500001	76500000	367490	0.36749	76000000
chr22	76000001	77000000	438375	0.438375	76500000
chr22	76500001	77500000	467202	0.467202	77000000
chr22	77000001	78000000	380743	0.380743	77500000
chr22	77500001	78500000	269372	0.269372	78000000
chr22	78000001	79000000	217932	0.217932	78500000
chr22	78500001	79500000	210845	0.210845	79000000
chr22	79000001	80000000	284020	0.28402	79500000
chr22	79500001	80500000	307897	0.307897	80000000
chr22	80000001	81000000	297089	0.297089	80500000
chr22	80500001	81500000	443481	0.443481	81000000
chr22	81000001	82000000	460182	0.460182	81500000
chr22	81500001	82500000	409152	0.409152	82000000
chr22	82000001	83000000	721161	0.721161	82500000
chr22	82500001	83500000	990026	0.990026	83000000
chr22	83000001	84000000	992742	0.992742	83500000
chr22	83500001	84500000	993414	0.993414	84000000
chr22	84000001	85000000	990666	0.990666	84500000
chr23	1	1000000	589985	0.589985	500000
chr23	500001	1500000	452583	0.452583	1000000
chr23	1000001	2000000	411862	0.411862	1500000
chr23	1500001	2500000	378343	0.378343	2000000
chr23	2000001	3000000	371877	0.371877	2500000
chr23	2500001	3500000	337754	0.337754	3000000
chr23	3000001	4000000	454334	0.454334	3500000
chr23	3500001	4500000	620079	0.620079	4000000
chr23	4000001	5000000	493965	0.493965	4500000
chr23	4500001	5500000	352266	0.352266	5000000
chr23	5000001	6000000	340060	0.34006	5500000
chr23	5500001	6500000	316185	0.316185	6000000
chr23	6000001	7000000	367198	0.367198	6500000
chr23	6500001	7500000	432292	0.432292	7000000
chr23	7000001	8000000	408062	0.408062	7500000
chr23	7500001	8500000	407112	0.407112	8000000
chr23	8000001	9000000	423017	0.423017	8500000
chr23	8500001	9500000	408295	0.408295	9000000
chr23	9000001	10000000	368774	0.368774	9500000
chr23	9500001	10500000	320220	0.32022	10000000
chr23	10000001	11000000	341551	0.341551	10500000
chr23	10500001	11500000	455001	0.455001	11000000
chr23	11000001	12000000	469656	0.469656	11500000
chr23	11500001	12500000	369459	0.369459	12000000
chr23	12000001	13000000	481770	0.48177	12500000
chr23	12500001	13500000	566814	0.566814	13000000
chr23	13000001	14000000	436430	0.43643	13500000
chr23	13500001	14500000	379604	0.379604	14000000
chr23	14000001	15000000	388675	0.388675	14500000
chr23	14500001	15500000	400424	0.400424	15000000
chr23	15000001	16000000	444357	0.444357	15500000
chr23	15500001	16500000	389011	0.389011	16000000
chr23	16000001	17000000	373798	0.373798	16500000
chr23	16500001	17500000	486465	0.486465	17000000
chr23	17000001	18000000	454404	0.454404	17500000
chr23	17500001	18500000	458902	0.458902	18000000
chr23	18000001	19000000	462085	0.462085	18500000
chr23	18500001	19500000	425546	0.425546	19000000
chr23	19000001	20000000	489843	0.489843	19500000
chr23	19500001	20500000	471433	0.471433	20000000
chr23	20000001	21000000	435985	0.435985	20500000
chr23	20500001	21500000	431369	0.431369	21000000
chr23	21000001	22000000	389543	0.389543	21500000
chr23	21500001	22500000	347429	0.347429	22000000
chr23	22000001	23000000	388536	0.388536	22500000
chr23	22500001	23500000	436541	0.436541	23000000
chr23	23000001	24000000	405862	0.405862	23500000
chr23	23500001	24500000	304775	0.304775	24000000
chr23	24000001	25000000	368431	0.368431	24500000
chr23	24500001	25500000	485168	0.485168	25000000
chr23	25000001	26000000	418380	0.41838	25500000
chr23	25500001	26500000	395053	0.395053	26000000
chr23	26000001	27000000	383991	0.383991	26500000
chr23	26500001	27500000	417605	0.417605	27000000
chr23	27000001	28000000	467546	0.467546	27500000
chr23	27500001	28500000	486198	0.486198	28000000
chr23	28000001	29000000	479605	0.479605	28500000
chr23	28500001	29500000	435303	0.435303	29000000
chr23	29000001	30000000	443086	0.443086	29500000
chr23	29500001	30500000	459234	0.459234	30000000
chr23	30000001	31000000	435056	0.435056	30500000
chr23	30500001	31500000	394943	0.394943	31000000
chr23	31000001	32000000	442317	0.442317	31500000
chr23	31500001	32500000	529731	0.529731	32000000
chr23	32000001	33000000	498202	0.498202	32500000
chr23	32500001	33500000	463368	0.463368	33000000
chr23	33000001	34000000	482927	0.482927	33500000
chr23	33500001	34500000	460771	0.460771	34000000
chr23	34000001	35000000	409390	0.40939	34500000
chr23	34500001	35500000	510365	0.510365	35000000
chr23	35000001	36000000	549573	0.549573	35500000
chr23	35500001	36500000	471907	0.471907	36000000
chr23	36000001	37000000	526696	0.526696	36500000
chr23	36500001	37500000	616434	0.616434	37000000
chr23	37000001	38000000	556560	0.55656	37500000
chr23	37500001	38500000	467277	0.467277	38000000
chr23	38000001	39000000	465771	0.465771	38500000
chr23	38500001	39500000	433431	0.433431	39000000
chr23	39000001	40000000	447420	0.44742	39500000
chr23	39500001	40500000	463257	0.463257	40000000
chr23	40000001	41000000	552835	0.552835	40500000
chr23	40500001	41500000	584116	0.584116	41000000
chr23	41000001	42000000	462279	0.462279	41500000
chr23	41500001	42500000	435904	0.435904	42000000
chr23	42000001	43000000	435214	0.435214	42500000
chr23	42500001	43500000	417408	0.417408	43000000
chr23	43000001	44000000	516241	0.516241	43500000
chr23	43500001	44500000	565099	0.565099	44000000
chr23	44000001	45000000	424114	0.424114	44500000
chr23	44500001	45500000	384606	0.384606	45000000
chr23	45000001	46000000	470197	0.470197	45500000
chr23	45500001	46500000	420279	0.420279	46000000
chr23	46000001	47000000	360890	0.36089	46500000
chr23	46500001	47500000	423297	0.423297	47000000
chr23	47000001	48000000	488559	0.488559	47500000
chr23	47500001	48500000	482638	0.482638	48000000
chr23	48000001	49000000	484588	0.484588	48500000
chr23	48500001	49500000	506854	0.506854	49000000
chr23	49000001	50000000	487867	0.487867	49500000
chr23	49500001	50500000	480419	0.480419	50000000
chr23	50000001	51000000	459315	0.459315	50500000
chr23	50500001	51500000	503287	0.503287	51000000
chr23	51000001	52000000	470689	0.470689	51500000
chr23	51500001	52500000	418986	0.418986	52000000
chr23	52000001	53000000	441447	0.441447	52500000
chr23	52500001	53500000	552732	0.552732	53000000
chr23	53000001	54000000	587535	0.587535	53500000
chr23	53500001	54500000	538359	0.538359	54000000
chr23	54000001	55000000	550795	0.550795	54500000
chr23	54500001	55500000	505126	0.505126	55000000
chr23	55000001	56000000	517449	0.517449	55500000
chr23	55500001	56500000	496511	0.496511	56000000
chr23	56000001	57000000	440462	0.440462	56500000
chr23	56500001	57500000	372517	0.372517	57000000
chr23	57000001	58000000	389232	0.389232	57500000
chr23	57500001	58500000	461491	0.461491	58000000
chr23	58000001	59000000	494906	0.494906	58500000
chr23	58500001	59500000	505131	0.505131	59000000
chr23	59000001	60000000	472668	0.472668	59500000
chr23	59500001	60500000	455298	0.455298	60000000
chr23	60000001	61000000	474558	0.474558	60500000
chr23	60500001	61500000	462284	0.462284	61000000
chr23	61000001	62000000	428690	0.42869	61500000
chr23	61500001	62500000	426042	0.426042	62000000
chr23	62000001	63000000	505389	0.505389	62500000
chr23	62500001	63500000	537331	0.537331	63000000
chr23	63000001	64000000	474636	0.474636	63500000
chr23	63500001	64500000	387439	0.387439	64000000
chr23	64000001	65000000	316723	0.316723	64500000
chr23	64500001	65500000	403744	0.403744	65000000
chr23	65000001	66000000	501907	0.501907	65500000
chr23	65500001	66500000	532367	0.532367	66000000
chr23	66000001	67000000	522777	0.522777	66500000
chr23	66500001	67500000	493154	0.493154	67000000
chr23	67000001	68000000	503278	0.503278	67500000
chr23	67500001	68500000	514058	0.514058	68000000
chr23	68000001	69000000	502134	0.502134	68500000
chr23	68500001	69500000	473081	0.473081	69000000
chr23	69000001	70000000	494467	0.494467	69500000
chr23	69500001	70500000	499043	0.499043	70000000
chr23	70000001	71000000	471674	0.471674	70500000
chr23	70500001	71500000	461922	0.461922	71000000
chr23	71000001	72000000	430009	0.430009	71500000
chr23	71500001	72500000	464596	0.464596	72000000
chr23	72000001	73000000	513663	0.513663	72500000
chr23	72500001	73500000	507168	0.507168	73000000
chr23	73000001	74000000	425515	0.425515	73500000
chr23	73500001	74500000	356044	0.356044	74000000
chr23	74000001	75000000	385353	0.385353	74500000
chr23	74500001	75500000	415400	0.4154	75000000
chr23	75000001	76000000	429250	0.42925	75500000
chr23	75500001	76500000	397391	0.397391	76000000
chr23	76000001	77000000	357501	0.357501	76500000
chr23	76500001	77500000	390716	0.390716	77000000
chr23	77000001	78000000	467748	0.467748	77500000
chr23	77500001	78500000	510488	0.510488	78000000
chr23	78000001	79000000	449322	0.449322	78500000
chr23	78500001	79500000	387591	0.387591	79000000
chr23	79000001	80000000	423969	0.423969	79500000
chr23	79500001	80500000	382473	0.382473	80000000
chr23	80000001	81000000	428592	0.428592	80500000
chr23	80500001	81500000	549871	0.549871	81000000
chr23	81000001	82000000	395923	0.395923	81500000
chr23	81500001	82500000	358263	0.358263	82000000
chr24	1	1000000	537565	0.537565	500000
chr24	500001	1500000	425349	0.425349	1000000
chr24	1000001	2000000	396728	0.396728	1500000
chr24	1500001	2500000	446271	0.446271	2000000
chr24	2000001	3000000	503981	0.503981	2500000
chr24	2500001	3500000	464551	0.464551	3000000
chr24	3000001	4000000	460928	0.460928	3500000
chr24	3500001	4500000	435132	0.435132	4000000
chr24	4000001	5000000	499813	0.499813	4500000
chr24	4500001	5500000	496952	0.496952	5000000
chr24	5000001	6000000	322876	0.322876	5500000
chr24	5500001	6500000	315134	0.315134	6000000
chr24	6000001	7000000	383725	0.383725	6500000
chr24	6500001	7500000	436975	0.436975	7000000
chr24	7000001	8000000	509558	0.509558	7500000
chr24	7500001	8500000	524344	0.524344	8000000
chr24	8000001	9000000	445958	0.445958	8500000
chr24	8500001	9500000	385396	0.385396	9000000
chr24	9000001	10000000	359411	0.359411	9500000
chr24	9500001	10500000	299849	0.299849	10000000
chr24	10000001	11000000	259912	0.259912	10500000
chr24	10500001	11500000	215109	0.215109	11000000
chr24	11000001	12000000	286681	0.286681	11500000
chr24	11500001	12500000	448672	0.448672	12000000
chr24	12000001	13000000	491594	0.491594	12500000
chr24	12500001	13500000	493389	0.493389	13000000
chr24	13000001	14000000	505723	0.505723	13500000
chr24	13500001	14500000	453756	0.453756	14000000
chr24	14000001	15000000	357926	0.357926	14500000
chr24	14500001	15500000	351947	0.351947	15000000
chr24	15000001	16000000	345265	0.345265	15500000
chr24	15500001	16500000	520926	0.520926	16000000
chr24	16000001	17000000	736405	0.736405	16500000
chr24	16500001	17500000	597767	0.597767	17000000
chr24	17000001	18000000	488370	0.48837	17500000
chr24	17500001	18500000	512098	0.512098	18000000
chr24	18000001	19000000	392064	0.392064	18500000
chr24	18500001	19500000	331911	0.331911	19000000
chr24	19000001	20000000	403350	0.40335	19500000
chr24	19500001	20500000	466754	0.466754	20000000
chr24	20000001	21000000	506606	0.506606	20500000
chr24	20500001	21500000	558097	0.558097	21000000
chr24	21000001	22000000	580233	0.580233	21500000
chr24	21500001	22500000	533854	0.533854	22000000
chr24	22000001	23000000	480559	0.480559	22500000
chr24	22500001	23500000	396717	0.396717	23000000
chr24	23000001	24000000	403566	0.403566	23500000
chr24	23500001	24500000	453789	0.453789	24000000
chr24	24000001	25000000	469926	0.469926	24500000
chr24	24500001	25500000	476192	0.476192	25000000
chr24	25000001	26000000	484138	0.484138	25500000
chr24	25500001	26500000	477344	0.477344	26000000
chr24	26000001	27000000	468059	0.468059	26500000
chr24	26500001	27500000	542746	0.542746	27000000
chr24	27000001	28000000	517827	0.517827	27500000
chr24	27500001	28500000	556103	0.556103	28000000
chr24	28000001	29000000	684212	0.684212	28500000
chr24	28500001	29500000	702985	0.702985	29000000
chr24	29000001	30000000	635873	0.635873	29500000
chr24	29500001	30500000	480891	0.480891	30000000
chr24	30000001	31000000	490441	0.490441	30500000
chr24	30500001	31500000	589286	0.589286	31000000
chr24	31000001	32000000	518865	0.518865	31500000
chr24	31500001	32500000	456021	0.456021	32000000
chr24	32000001	33000000	483521	0.483521	32500000
chr24	32500001	33500000	536123	0.536123	33000000
chr24	33000001	34000000	578922	0.578922	33500000
chr24	33500001	34500000	457242	0.457242	34000000
chr24	34000001	35000000	381563	0.381563	34500000
chr24	34500001	35500000	368068	0.368068	35000000
chr24	35000001	36000000	291605	0.291605	35500000
chr24	35500001	36500000	302704	0.302704	36000000
chr24	36000001	37000000	334342	0.334342	36500000
chr24	36500001	37500000	381302	0.381302	37000000
chr24	37000001	38000000	396029	0.396029	37500000
chr24	37500001	38500000	418363	0.418363	38000000
chr24	38000001	39000000	426333	0.426333	38500000
chr24	38500001	39500000	355039	0.355039	39000000
chr24	39000001	40000000	279127	0.279127	39500000
chr24	39500001	40500000	364292	0.364292	40000000
chr24	40000001	41000000	477069	0.477069	40500000
chr24	40500001	41500000	481898	0.481898	41000000
chr24	41000001	42000000	419717	0.419717	41500000
chr24	41500001	42500000	417438	0.417438	42000000
chr24	42000001	43000000	531890	0.53189	42500000
chr24	42500001	43500000	672824	0.672824	43000000
chr24	43000001	44000000	692340	0.69234	43500000
chr24	43500001	44500000	406147	0.406147	44000000
chr24	44000001	45000000	242527	0.242527	44500000
chr24	44500001	45500000	305296	0.305296	45000000
chr24	45000001	46000000	364097	0.364097	45500000
chr24	45500001	46500000	352636	0.352636	46000000
chr24	46000001	47000000	386327	0.386327	46500000
chr24	46500001	47500000	414150	0.41415	47000000
chr24	47000001	48000000	410108	0.410108	47500000
chr24	47500001	48500000	470571	0.470571	48000000
chr24	48000001	49000000	458098	0.458098	48500000
chr24	48500001	49500000	388358	0.388358	49000000
chr24	49000001	50000000	393951	0.393951	49500000
chr24	49500001	50500000	465195	0.465195	50000000
chr24	50000001	51000000	585457	0.585457	50500000
chr24	50500001	51500000	836218	0.836218	51000000
chr24	51000001	52000000	1000000	1.0	51500000
chr24	51500001	52500000	999998	0.999998	52000000
chr24	52000001	53000000	999998	0.999998	52500000
chr24	52500001	53500000	997502	0.997502	53000000
chr24	53000001	54000000	997502	0.997502	53500000
chr24	53500001	54500000	1000000	1.0	54000000
chr24	54000001	55000000	999888	0.999888	54500000
chr24	54500001	55500000	927383	0.927383	55000000
chr24	55000001	56000000	661624	0.661624	55500000
chr24	55500001	56500000	401627	0.401627	56000000
chr24	56000001	57000000	380381	0.380381	56500000
chr24	56500001	57500000	342243	0.342243	57000000
chr24	57000001	58000000	298768	0.298768	57500000
chr24	57500001	58500000	328769	0.328769	58000000
chr24	58000001	59000000	350338	0.350338	58500000
chr24	58500001	59500000	326366	0.326366	59000000
chr24	59000001	60000000	265389	0.265389	59500000
chr24	59500001	60500000	333453	0.333453	60000000
chr24	60000001	61000000	324015	0.324015	60500000
chr24	60500001	61500000	240281	0.240281	61000000
chr24	61000001	62000000	432136	0.432136	61500000
chr24	61500001	62500000	428477	0.428477	62000000
chr24	62000001	63000000	294315	0.294315	62500000
chr24	62500001	63500000	581853	0.581853	63000000
chr24	63000001	64000000	903596	0.903596	63500000
chr24	63500001	64500000	999998	0.999998	64000000
chr25	1	1000000	982777	0.982777	500000
chr25	500001	1500000	672964	0.672964	1000000
chr25	1000001	2000000	351326	0.351326	1500000
chr25	1500001	2500000	324296	0.324296	2000000
chr25	2000001	3000000	328866	0.328866	2500000
chr25	2500001	3500000	324977	0.324977	3000000
chr25	3000001	4000000	317084	0.317084	3500000
chr25	3500001	4500000	448647	0.448647	4000000
chr25	4000001	5000000	605952	0.605952	4500000
chr25	4500001	5500000	545243	0.545243	5000000
chr25	5000001	6000000	365585	0.365585	5500000
chr25	5500001	6500000	442241	0.442241	6000000
chr25	6000001	7000000	476028	0.476028	6500000
chr25	6500001	7500000	275999	0.275999	7000000
chr25	7000001	8000000	251141	0.251141	7500000
chr25	7500001	8500000	364509	0.364509	8000000
chr25	8000001	9000000	451984	0.451984	8500000
chr25	8500001	9500000	401358	0.401358	9000000
chr25	9000001	10000000	301173	0.301173	9500000
chr25	9500001	10500000	403501	0.403501	10000000
chr25	10000001	11000000	572943	0.572943	10500000
chr25	10500001	11500000	519825	0.519825	11000000
chr25	11000001	12000000	411910	0.41191	11500000
chr25	11500001	12500000	371785	0.371785	12000000
chr25	12000001	13000000	282956	0.282956	12500000
chr25	12500001	13500000	215143	0.215143	13000000
chr25	13000001	14000000	237777	0.237777	13500000
chr25	13500001	14500000	265268	0.265268	14000000
chr25	14000001	15000000	241046	0.241046	14500000
chr25	14500001	15500000	293899	0.293899	15000000
chr25	15000001	16000000	415046	0.415046	15500000
chr25	15500001	16500000	435135	0.435135	16000000
chr25	16000001	17000000	524458	0.524458	16500000
chr25	16500001	17500000	509598	0.509598	17000000
chr25	17000001	18000000	362340	0.36234	17500000
chr25	17500001	18500000	378055	0.378055	18000000
chr25	18000001	19000000	372190	0.37219	18500000
chr25	18500001	19500000	398895	0.398895	19000000
chr25	19000001	20000000	451196	0.451196	19500000
chr25	19500001	20500000	417492	0.417492	20000000
chr25	20000001	21000000	429377	0.429377	20500000
chr25	20500001	21500000	455404	0.455404	21000000
chr25	21000001	22000000	391727	0.391727	21500000
chr25	21500001	22500000	345265	0.345265	22000000
chr25	22000001	23000000	389272	0.389272	22500000
chr25	22500001	23500000	369239	0.369239	23000000
chr25	23000001	24000000	398415	0.398415	23500000
chr25	23500001	24500000	456428	0.456428	24000000
chr25	24000001	25000000	408529	0.408529	24500000
chr25	24500001	25500000	380407	0.380407	25000000
chr25	25000001	26000000	350435	0.350435	25500000
chr25	25500001	26500000	359721	0.359721	26000000
chr25	26000001	27000000	396218	0.396218	26500000
chr25	26500001	27500000	407340	0.40734	27000000
chr25	27000001	28000000	408023	0.408023	27500000
chr25	27500001	28500000	448208	0.448208	28000000
chr25	28000001	29000000	473160	0.47316	28500000
chr25	28500001	29500000	468287	0.468287	29000000
chr25	29000001	30000000	496437	0.496437	29500000
chr25	29500001	30500000	461756	0.461756	30000000
chr25	30000001	31000000	448618	0.448618	30500000
chr25	30500001	31500000	485963	0.485963	31000000
chr25	31000001	32000000	470969	0.470969	31500000
chr25	31500001	32500000	453799	0.453799	32000000
chr25	32000001	33000000	467385	0.467385	32500000
chr25	32500001	33500000	395491	0.395491	33000000
chr25	33000001	34000000	367774	0.367774	33500000
chr25	33500001	34500000	408628	0.408628	34000000
chr25	34000001	35000000	350913	0.350913	34500000
chr25	34500001	35500000	282999	0.282999	35000000
chr25	35000001	36000000	351220	0.35122	35500000
chr25	35500001	36500000	402131	0.402131	36000000
chr25	36000001	37000000	478858	0.478858	36500000
chr25	36500001	37500000	419595	0.419595	37000000
chr25	37000001	38000000	220272	0.220272	37500000
chr25	37500001	38500000	264963	0.264963	38000000
chr25	38000001	39000000	309912	0.309912	38500000
chr25	38500001	39500000	363675	0.363675	39000000
chr25	39000001	40000000	353030	0.35303	39500000
chr25	39500001	40500000	301152	0.301152	40000000
chr25	40000001	41000000	396429	0.396429	40500000
chr25	40500001	41500000	477644	0.477644	41000000
chr25	41000001	42000000	439465	0.439465	41500000
chr25	41500001	42500000	307557	0.307557	42000000
chr25	42000001	43000000	302626	0.302626	42500000
chr25	42500001	43500000	313839	0.313839	43000000
chr25	43000001	44000000	422723	0.422723	43500000
chr25	43500001	44500000	459696	0.459696	44000000
chr25	44000001	45000000	339298	0.339298	44500000
chr25	44500001	45500000	352021	0.352021	45000000
chr25	45000001	46000000	374093	0.374093	45500000
chr25	45500001	46500000	384358	0.384358	46000000
chr25	46000001	47000000	480620	0.48062	46500000
chr25	46500001	47500000	587152	0.587152	47000000
chr25	47000001	48000000	801188	0.801188	47500000
chr25	47500001	48500000	999546	0.999546	48000000
chr25	48000001	49000000	999420	0.99942	48500000
chr25	48500001	49500000	998928	0.998928	49000000
chr25	49000001	50000000	997931	0.997931	49500000
chr25	49500001	50500000	998088	0.998088	50000000
chr25	50000001	51000000	999153	0.999153	50500000
chr25	50500001	51500000	999395	0.999395	51000000
chr25	51000001	52000000	999015	0.999015	51500000
chr25	51500001	52500000	998454	0.998454	52000000
chr25	52000001	53000000	998711	0.998711	52500000
chr25	52500001	53500000	999222	0.999222	53000000
chr25	53000001	54000000	999192	0.999192	53500000
chr25	53500001	54500000	999193	0.999193	54000000
chr25	54000001	55000000	999424	0.999424	54500000
chr25	54500001	55500000	999046	0.999046	55000000
chr25	55000001	56000000	999044	0.999044	55500000
chr25	55500001	56500000	999135	0.999135	56000000
chr25	56000001	57000000	998814	0.998814	56500000
chr25	56500001	57500000	997994	0.997994	57000000
chr25	57000001	58000000	998278	0.998278	57500000
chr25	57500001	58500000	999168	0.999168	58000000
chr25	58000001	59000000	998946	0.998946	58500000
chr25	58500001	59500000	998952	0.998952	59000000
chr25	59000001	60000000	999029	0.999029	59500000
chr26	1	1000000	580069	0.580069	500000
chr26	500001	1500000	621002	0.621002	1000000
chr26	1000001	2000000	517427	0.517427	1500000
chr26	1500001	2500000	458336	0.458336	2000000
chr26	2000001	3000000	492522	0.492522	2500000
chr26	2500001	3500000	439531	0.439531	3000000
chr26	3000001	4000000	414480	0.41448	3500000
chr26	3500001	4500000	385845	0.385845	4000000
chr26	4000001	5000000	340755	0.340755	4500000
chr26	4500001	5500000	364085	0.364085	5000000
chr26	5000001	6000000	424981	0.424981	5500000
chr26	5500001	6500000	536165	0.536165	6000000
chr26	6000001	7000000	588215	0.588215	6500000
chr26	6500001	7500000	481596	0.481596	7000000
chr26	7000001	8000000	427901	0.427901	7500000
chr26	7500001	8500000	393890	0.39389	8000000
chr26	8000001	9000000	327907	0.327907	8500000
chr26	8500001	9500000	373465	0.373465	9000000
chr26	9000001	10000000	449980	0.44998	9500000
chr26	9500001	10500000	462947	0.462947	10000000
chr26	10000001	11000000	478518	0.478518	10500000
chr26	10500001	11500000	415583	0.415583	11000000
chr26	11000001	12000000	355813	0.355813	11500000
chr26	11500001	12500000	462941	0.462941	12000000
chr26	12000001	13000000	630490	0.63049	12500000
chr26	12500001	13500000	578605	0.578605	13000000
chr26	13000001	14000000	403835	0.403835	13500000
chr26	13500001	14500000	346332	0.346332	14000000
chr26	14000001	15000000	281265	0.281265	14500000
chr26	14500001	15500000	322378	0.322378	15000000
chr26	15000001	16000000	462021	0.462021	15500000
chr26	15500001	16500000	463267	0.463267	16000000
chr26	16000001	17000000	381927	0.381927	16500000
chr26	16500001	17500000	326992	0.326992	17000000
chr26	17000001	18000000	384164	0.384164	17500000
chr26	17500001	18500000	465378	0.465378	18000000
chr26	18000001	19000000	469198	0.469198	18500000
chr26	18500001	19500000	440035	0.440035	19000000
chr26	19000001	20000000	471611	0.471611	19500000
chr26	19500001	20500000	530740	0.53074	20000000
chr26	20000001	21000000	576844	0.576844	20500000
chr26	20500001	21500000	631162	0.631162	21000000
chr26	21000001	22000000	587046	0.587046	21500000
chr26	21500001	22500000	678896	0.678896	22000000
chr26	22000001	23000000	875964	0.875964	22500000
chr26	22500001	23500000	942614	0.942614	23000000
chr26	23000001	24000000	967887	0.967887	23500000
chr26	23500001	24500000	972327	0.972327	24000000
chr26	24000001	25000000	950382	0.950382	24500000
chr26	24500001	25500000	952333	0.952333	25000000
chr26	25000001	26000000	914447	0.914447	25500000
chr26	25500001	26500000	689640	0.68964	26000000
chr26	26000001	27000000	667237	0.667237	26500000
chr26	26500001	27500000	743145	0.743145	27000000
chr26	27000001	28000000	645550	0.64555	27500000
chr26	27500001	28500000	639553	0.639553	28000000
chr26	28000001	29000000	659250	0.65925	28500000
chr26	28500001	29500000	598705	0.598705	29000000
chr26	29000001	30000000	520569	0.520569	29500000
chr26	29500001	30500000	526170	0.52617	30000000
chr26	30000001	31000000	469733	0.469733	30500000
chr26	30500001	31500000	331936	0.331936	31000000
chr26	31000001	32000000	343211	0.343211	31500000
chr26	31500001	32500000	417982	0.417982	32000000
chr26	32000001	33000000	437277	0.437277	32500000
chr26	32500001	33500000	480173	0.480173	33000000
chr26	33000001	34000000	467486	0.467486	33500000
chr26	33500001	34500000	332844	0.332844	34000000
chr26	34000001	35000000	250837	0.250837	34500000
chr26	34500001	35500000	303246	0.303246	35000000
chr26	35000001	36000000	470345	0.470345	35500000
chr26	35500001	36500000	477706	0.477706	36000000
chr26	36000001	37000000	374638	0.374638	36500000
chr26	36500001	37500000	370671	0.370671	37000000
chr26	37000001	38000000	464140	0.46414	37500000
chr26	37500001	38500000	542058	0.542058	38000000
chr26	38000001	39000000	457515	0.457515	38500000
chr26	38500001	39500000	311709	0.311709	39000000
chr26	39000001	40000000	353360	0.35336	39500000
chr26	39500001	40500000	447036	0.447036	40000000
chr26	40000001	41000000	446981	0.446981	40500000
chr26	40500001	41500000	465961	0.465961	41000000
chr26	41000001	42000000	464527	0.464527	41500000
chr26	41500001	42500000	504965	0.504965	42000000
chr26	42000001	43000000	515419	0.515419	42500000
chr26	42500001	43500000	415499	0.415499	43000000
chr26	43000001	44000000	383432	0.383432	43500000
chr26	43500001	44500000	451419	0.451419	44000000
chr26	44000001	45000000	418967	0.418967	44500000
chr26	44500001	45500000	394367	0.394367	45000000
chr26	45000001	46000000	469785	0.469785	45500000
chr26	45500001	46500000	489668	0.489668	46000000
chr26	46000001	47000000	429793	0.429793	46500000
chr26	46500001	47500000	378758	0.378758	47000000
chr26	47000001	48000000	447340	0.44734	47500000
chr26	47500001	48500000	522189	0.522189	48000000
chr26	48000001	49000000	487458	0.487458	48500000
chr26	48500001	49500000	473057	0.473057	49000000
chr26	49000001	50000000	434673	0.434673	49500000
chr26	49500001	50500000	379042	0.379042	50000000
chr26	50000001	51000000	378300	0.3783	50500000
chr26	50500001	51500000	391490	0.39149	51000000
chr26	51000001	52000000	392385	0.392385	51500000
chr26	51500001	52500000	364411	0.364411	52000000
chr26	52000001	53000000	380421	0.380421	52500000
chr27	1	1000000	473836	0.473836	500000
chr27	500001	1500000	427172	0.427172	1000000
chr27	1000001	2000000	418833	0.418833	1500000
chr27	1500001	2500000	465095	0.465095	2000000
chr27	2000001	3000000	462231	0.462231	2500000
chr27	2500001	3500000	360775	0.360775	3000000
chr27	3000001	4000000	376101	0.376101	3500000
chr27	3500001	4500000	408206	0.408206	4000000
chr27	4000001	5000000	368110	0.36811	4500000
chr27	4500001	5500000	469119	0.469119	5000000
chr27	5000001	6000000	570744	0.570744	5500000
chr27	5500001	6500000	482386	0.482386	6000000
chr27	6000001	7000000	457353	0.457353	6500000
chr27	6500001	7500000	489700	0.4897	7000000
chr27	7000001	8000000	463792	0.463792	7500000
chr27	7500001	8500000	452676	0.452676	8000000
chr27	8000001	9000000	387012	0.387012	8500000
chr27	8500001	9500000	364304	0.364304	9000000
chr27	9000001	10000000	367264	0.367264	9500000
chr27	9500001	10500000	417809	0.417809	10000000
chr27	10000001	11000000	544271	0.544271	10500000
chr27	10500001	11500000	582628	0.582628	11000000
chr27	11000001	12000000	509489	0.509489	11500000
chr27	11500001	12500000	375263	0.375263	12000000
chr27	12000001	13000000	422596	0.422596	12500000
chr27	12500001	13500000	553206	0.553206	13000000
chr27	13000001	14000000	489048	0.489048	13500000
chr27	13500001	14500000	433058	0.433058	14000000
chr27	14000001	15000000	482339	0.482339	14500000
chr27	14500001	15500000	486300	0.4863	15000000
chr27	15000001	16000000	466060	0.46606	15500000
chr27	15500001	16500000	465402	0.465402	16000000
chr27	16000001	17000000	488836	0.488836	16500000
chr27	16500001	17500000	465798	0.465798	17000000
chr27	17000001	18000000	455457	0.455457	17500000
chr27	17500001	18500000	577518	0.577518	18000000
chr27	18000001	19000000	568216	0.568216	18500000
chr27	18500001	19500000	481870	0.48187	19000000
chr27	19000001	20000000	421394	0.421394	19500000
chr27	19500001	20500000	333565	0.333565	20000000
chr27	20000001	21000000	362555	0.362555	20500000
chr27	20500001	21500000	453785	0.453785	21000000
chr27	21000001	22000000	412012	0.412012	21500000
chr27	21500001	22500000	467827	0.467827	22000000
chr27	22000001	23000000	450835	0.450835	22500000
chr27	22500001	23500000	335308	0.335308	23000000
chr27	23000001	24000000	346363	0.346363	23500000
chr27	23500001	24500000	414032	0.414032	24000000
chr27	24000001	25000000	444292	0.444292	24500000
chr27	24500001	25500000	310936	0.310936	25000000
chr27	25000001	26000000	228051	0.228051	25500000
chr27	25500001	26500000	223528	0.223528	26000000
chr27	26000001	27000000	327908	0.327908	26500000
chr27	26500001	27500000	453582	0.453582	27000000
chr27	27000001	28000000	438310	0.43831	27500000
chr27	27500001	28500000	436299	0.436299	28000000
chr27	28000001	29000000	487633	0.487633	28500000
chr27	28500001	29500000	532592	0.532592	29000000
chr27	29000001	30000000	472361	0.472361	29500000
chr27	29500001	30500000	414604	0.414604	30000000
chr27	30000001	31000000	430617	0.430617	30500000
chr27	30500001	31500000	405638	0.405638	31000000
chr27	31000001	32000000	389122	0.389122	31500000
chr27	31500001	32500000	416996	0.416996	32000000
chr27	32000001	33000000	387329	0.387329	32500000
chr27	32500001	33500000	355663	0.355663	33000000
chr27	33000001	34000000	383299	0.383299	33500000
chr27	33500001	34500000	397384	0.397384	34000000
chr27	34000001	35000000	399815	0.399815	34500000
chr27	34500001	35500000	402505	0.402505	35000000
chr27	35000001	36000000	528391	0.528391	35500000
chr27	35500001	36500000	662812	0.662812	36000000
chr27	36000001	37000000	578940	0.57894	36500000
chr27	36500001	37500000	447812	0.447812	37000000
chr27	37000001	38000000	379276	0.379276	37500000
chr27	37500001	38500000	371907	0.371907	38000000
chr27	38000001	39000000	341898	0.341898	38500000
chr27	38500001	39500000	323459	0.323459	39000000
chr27	39000001	40000000	475225	0.475225	39500000
chr27	39500001	40500000	517777	0.517777	40000000
chr27	40000001	41000000	396285	0.396285	40500000
chr27	40500001	41500000	416831	0.416831	41000000
chr27	41000001	42000000	409111	0.409111	41500000
chr27	41500001	42500000	337303	0.337303	42000000
chr27	42000001	43000000	362180	0.36218	42500000
chr27	42500001	43500000	339196	0.339196	43000000
chr27	43000001	44000000	299518	0.299518	43500000
chr27	43500001	44500000	311387	0.311387	44000000
chr27	44000001	45000000	319113	0.319113	44500000
chr27	44500001	45500000	263643	0.263643	45000000
chr27	45000001	46000000	218736	0.218736	45500000
chr27	45500001	46500000	221549	0.221549	46000000
chr27	46000001	47000000	221123	0.221123	46500000
chr27	46500001	47500000	229477	0.229477	47000000
chr27	47000001	48000000	274026	0.274026	47500000
chr27	47500001	48500000	562577	0.562577	48000000
chr27	48000001	49000000	665478	0.665478	48500000
chr27	48500001	49500000	639523	0.639523	49000000
chr27	49000001	50000000	839172	0.839172	49500000
chr27	49500001	50500000	641728	0.641728	50000000
chr27	50000001	51000000	403574	0.403574	50500000
chr27	50500001	51500000	395299	0.395299	51000000
chr27	51000001	52000000	393211	0.393211	51500000
chr27	51500001	52500000	366920	0.36692	52000000
chr27	52000001	53000000	235138	0.235138	52500000
chr28	1	1000000	629948	0.629948	500000
chr28	500001	1500000	540049	0.540049	1000000
chr28	1000001	2000000	483342	0.483342	1500000
chr28	1500001	2500000	532230	0.53223	2000000
chr28	2000001	3000000	489052	0.489052	2500000
chr28	2500001	3500000	423135	0.423135	3000000
chr28	3000001	4000000	416833	0.416833	3500000
chr28	3500001	4500000	394291	0.394291	4000000
chr28	4000001	5000000	422722	0.422722	4500000
chr28	4500001	5500000	344939	0.344939	5000000
chr28	5000001	6000000	308950	0.30895	5500000
chr28	5500001	6500000	481189	0.481189	6000000
chr28	6000001	7000000	589127	0.589127	6500000
chr28	6500001	7500000	512217	0.512217	7000000
chr28	7000001	8000000	468327	0.468327	7500000
chr28	7500001	8500000	586767	0.586767	8000000
chr28	8000001	9000000	589301	0.589301	8500000
chr28	8500001	9500000	404202	0.404202	9000000
chr28	9000001	10000000	326566	0.326566	9500000
chr28	9500001	10500000	361412	0.361412	10000000
chr28	10000001	11000000	465627	0.465627	10500000
chr28	10500001	11500000	416473	0.416473	11000000
chr28	11000001	12000000	376060	0.37606	11500000
chr28	11500001	12500000	524980	0.52498	12000000
chr28	12000001	13000000	501558	0.501558	12500000
chr28	12500001	13500000	327784	0.327784	13000000
chr28	13000001	14000000	272475	0.272475	13500000
chr28	13500001	14500000	255541	0.255541	14000000
chr28	14000001	15000000	258413	0.258413	14500000
chr28	14500001	15500000	375474	0.375474	15000000
chr28	15000001	16000000	358907	0.358907	15500000
chr28	15500001	16500000	356834	0.356834	16000000
chr28	16000001	17000000	379391	0.379391	16500000
chr28	16500001	17500000	352217	0.352217	17000000
chr28	17000001	18000000	415999	0.415999	17500000
chr28	17500001	18500000	410289	0.410289	18000000
chr28	18000001	19000000	375720	0.37572	18500000
chr28	18500001	19500000	339364	0.339364	19000000
chr28	19000001	20000000	348150	0.34815	19500000
chr28	19500001	20500000	382523	0.382523	20000000
chr28	20000001	21000000	385182	0.385182	20500000
chr28	20500001	21500000	394876	0.394876	21000000
chr28	21000001	22000000	374668	0.374668	21500000
chr28	21500001	22500000	407910	0.40791	22000000
chr28	22000001	23000000	476176	0.476176	22500000
chr28	22500001	23500000	463671	0.463671	23000000
chr28	23000001	24000000	562715	0.562715	23500000
chr28	23500001	24500000	583661	0.583661	24000000
chr28	24000001	25000000	425667	0.425667	24500000
chr28	24500001	25500000	380489	0.380489	25000000
chr28	25000001	26000000	368565	0.368565	25500000
chr28	25500001	26500000	324765	0.324765	26000000
chr28	26000001	27000000	343703	0.343703	26500000
chr28	26500001	27500000	350647	0.350647	27000000
chr28	27000001	28000000	382439	0.382439	27500000
chr28	27500001	28500000	382089	0.382089	28000000
chr28	28000001	29000000	471766	0.471766	28500000
chr28	28500001	29500000	545424	0.545424	29000000
chr28	29000001	30000000	383144	0.383144	29500000
chr28	29500001	30500000	332390	0.33239	30000000
chr28	30000001	31000000	310988	0.310988	30500000
chr28	30500001	31500000	225848	0.225848	31000000
chr28	31000001	32000000	248626	0.248626	31500000
chr28	31500001	32500000	369890	0.36989	32000000
chr28	32000001	33000000	478418	0.478418	32500000
chr28	32500001	33500000	499008	0.499008	33000000
chr28	33000001	34000000	434171	0.434171	33500000
chr28	33500001	34500000	368625	0.368625	34000000
chr28	34000001	35000000	442971	0.442971	34500000
chr28	34500001	35500000	557423	0.557423	35000000
chr28	35000001	36000000	519199	0.519199	35500000
chr28	35500001	36500000	445196	0.445196	36000000
chr28	36000001	37000000	437308	0.437308	36500000
chr28	36500001	37500000	410412	0.410412	37000000
chr28	37000001	38000000	354859	0.354859	37500000
chr28	37500001	38500000	335364	0.335364	38000000
chr28	38000001	39000000	361833	0.361833	38500000
chr28	38500001	39500000	396274	0.396274	39000000
chr28	39000001	40000000	352128	0.352128	39500000
chr28	39500001	40500000	299840	0.29984	40000000
chr28	40000001	41000000	325201	0.325201	40500000
chr28	40500001	41500000	319646	0.319646	41000000
chr28	41000001	42000000	388729	0.388729	41500000
chr28	41500001	42500000	488007	0.488007	42000000
chr28	42000001	43000000	484181	0.484181	42500000
chr28	42500001	43500000	428409	0.428409	43000000
chr28	43000001	44000000	358073	0.358073	43500000
chr28	43500001	44500000	336839	0.336839	44000000
chrX	1	1000000	676238	0.676238	500000
chrX	500001	1500000	579435	0.579435	1000000
chrX	1000001	2000000	539042	0.539042	1500000
chrX	1500001	2500000	394680	0.39468	2000000
chrX	2000001	3000000	303252	0.303252	2500000
chrX	2500001	3500000	409932	0.409932	3000000
chrX	3000001	4000000	491929	0.491929	3500000
chrX	3500001	4500000	451458	0.451458	4000000
chrX	4000001	5000000	446629	0.446629	4500000
chrX	4500001	5500000	417815	0.417815	5000000
chrX	5000001	6000000	416727	0.416727	5500000
chrX	5500001	6500000	498777	0.498777	6000000
chrX	6000001	7000000	524742	0.524742	6500000
chrX	6500001	7500000	511135	0.511135	7000000
chrX	7000001	8000000	478472	0.478472	7500000
chrX	7500001	8500000	464029	0.464029	8000000
chrX	8000001	9000000	428750	0.42875	8500000
chrX	8500001	9500000	333895	0.333895	9000000
chrX	9000001	10000000	306510	0.30651	9500000
chrX	9500001	10500000	409260	0.40926	10000000
chrX	10000001	11000000	456420	0.45642	10500000
chrX	10500001	11500000	557068	0.557068	11000000
chrX	11000001	12000000	632649	0.632649	11500000
chrX	11500001	12500000	705018	0.705018	12000000
chrX	12000001	13000000	706460	0.70646	12500000
chrX	12500001	13500000	578338	0.578338	13000000
chrX	13000001	14000000	646933	0.646933	13500000
chrX	13500001	14500000	771652	0.771652	14000000
chrX	14000001	15000000	746818	0.746818	14500000
chrX	14500001	15500000	652720	0.65272	15000000
chrX	15000001	16000000	607618	0.607618	15500000
chrX	15500001	16500000	621834	0.621834	16000000
chrX	16000001	17000000	657478	0.657478	16500000
chrX	16500001	17500000	551173	0.551173	17000000
chrX	17000001	18000000	505128	0.505128	17500000
chrX	17500001	18500000	610126	0.610126	18000000
chrX	18000001	19000000	600932	0.600932	18500000
chrX	18500001	19500000	523325	0.523325	19000000
chrX	19000001	20000000	490320	0.49032	19500000
chrX	19500001	20500000	488864	0.488864	20000000
chrX	20000001	21000000	555611	0.555611	20500000
chrX	20500001	21500000	589786	0.589786	21000000
chrX	21000001	22000000	549461	0.549461	21500000
chrX	21500001	22500000	585114	0.585114	22000000
chrX	22000001	23000000	518895	0.518895	22500000
chrX	22500001	23500000	450720	0.45072	23000000
chrX	23000001	24000000	606762	0.606762	23500000
chrX	23500001	24500000	645484	0.645484	24000000
chrX	24000001	25000000	549113	0.549113	24500000
chrX	24500001	25500000	591980	0.59198	25000000
chrX	25000001	26000000	653636	0.653636	25500000
chrX	25500001	26500000	577515	0.577515	26000000
chrX	26000001	27000000	452451	0.452451	26500000
chrX	26500001	27500000	444163	0.444163	27000000
chrX	27000001	28000000	425031	0.425031	27500000
chrX	27500001	28500000	365310	0.36531	28000000
chrX	28000001	29000000	397186	0.397186	28500000
chrX	28500001	29500000	424634	0.424634	29000000
chrX	29000001	30000000	462599	0.462599	29500000
chrX	29500001	30500000	477156	0.477156	30000000
chrX	30000001	31000000	492554	0.492554	30500000
chrX	30500001	31500000	488182	0.488182	31000000
chrX	31000001	32000000	411562	0.411562	31500000
chrX	31500001	32500000	413453	0.413453	32000000
chrX	32000001	33000000	426062	0.426062	32500000
chrX	32500001	33500000	499197	0.499197	33000000
chrX	33000001	34000000	579382	0.579382	33500000
chrX	33500001	34500000	667555	0.667555	34000000
chrX	34000001	35000000	728802	0.728802	34500000
chrX	34500001	35500000	629035	0.629035	35000000
chrX	35000001	36000000	588080	0.58808	35500000
chrX	35500001	36500000	589017	0.589017	36000000
chrX	36000001	37000000	490031	0.490031	36500000
chrX	36500001	37500000	472898	0.472898	37000000
chrX	37000001	38000000	543609	0.543609	37500000
chrX	37500001	38500000	549304	0.549304	38000000
chrX	38000001	39000000	601045	0.601045	38500000
chrX	38500001	39500000	641830	0.64183	39000000
chrX	39000001	40000000	678637	0.678637	39500000
chrX	39500001	40500000	706073	0.706073	40000000
chrX	40000001	41000000	669092	0.669092	40500000
chrX	40500001	41500000	672222	0.672222	41000000
chrX	41000001	42000000	690293	0.690293	41500000
chrX	41500001	42500000	648431	0.648431	42000000
chrX	42000001	43000000	647269	0.647269	42500000
chrX	42500001	43500000	703956	0.703956	43000000
chrX	43000001	44000000	573614	0.573614	43500000
chrX	43500001	44500000	401634	0.401634	44000000
chrX	44000001	45000000	480518	0.480518	44500000
chrX	44500001	45500000	571894	0.571894	45000000
chrX	45000001	46000000	615060	0.61506	45500000
chrX	45500001	46500000	568351	0.568351	46000000
chrX	46000001	47000000	553240	0.55324	46500000
chrX	46500001	47500000	675662	0.675662	47000000
chrX	47000001	48000000	700538	0.700538	47500000
chrX	47500001	48500000	692794	0.692794	48000000
chrX	48000001	49000000	698894	0.698894	48500000
chrX	48500001	49500000	656248	0.656248	49000000
chrX	49000001	50000000	633797	0.633797	49500000
chrX	49500001	50500000	594254	0.594254	50000000
chrX	50000001	51000000	505968	0.505968	50500000
chrX	50500001	51500000	513399	0.513399	51000000
chrX	51000001	52000000	543323	0.543323	51500000
chrX	51500001	52500000	560077	0.560077	52000000
chrX	52000001	53000000	545297	0.545297	52500000
chrX	52500001	53500000	501073	0.501073	53000000
chrX	53000001	54000000	568937	0.568937	53500000
chrX	53500001	54500000	622429	0.622429	54000000
chrX	54000001	55000000	650141	0.650141	54500000
chrX	54500001	55500000	745098	0.745098	55000000
chrX	55000001	56000000	792615	0.792615	55500000
chrX	55500001	56500000	789317	0.789317	56000000
chrX	56000001	57000000	732091	0.732091	56500000
chrX	56500001	57500000	619535	0.619535	57000000
chrX	57000001	58000000	575384	0.575384	57500000
chrX	57500001	58500000	573767	0.573767	58000000
chrX	58000001	59000000	650546	0.650546	58500000
chrX	58500001	59500000	757141	0.757141	59000000
chrX	59000001	60000000	752488	0.752488	59500000
chrX	59500001	60500000	735237	0.735237	60000000
chrX	60000001	61000000	744626	0.744626	60500000
chrX	60500001	61500000	787299	0.787299	61000000
chrX	61000001	62000000	734796	0.734796	61500000
chrX	61500001	62500000	667139	0.667139	62000000
chrX	62000001	63000000	681973	0.681973	62500000
chrX	62500001	63500000	622617	0.622617	63000000
chrX	63000001	64000000	531117	0.531117	63500000
chrX	63500001	64500000	462121	0.462121	64000000
chrX	64000001	65000000	587064	0.587064	64500000
chrX	64500001	65500000	670993	0.670993	65000000
chrX	65000001	66000000	508281	0.508281	65500000
chrX	65500001	66500000	483253	0.483253	66000000
chrX	66000001	67000000	621721	0.621721	66500000
chrX	66500001	67500000	763496	0.763496	67000000
chrX	67000001	68000000	763545	0.763545	67500000
chrX	67500001	68500000	654487	0.654487	68000000
chrX	68000001	69000000	534939	0.534939	68500000
chrX	68500001	69500000	465706	0.465706	69000000
chrX	69000001	70000000	568930	0.56893	69500000
chrX	69500001	70500000	612492	0.612492	70000000
chrX	70000001	71000000	621226	0.621226	70500000
chrX	70500001	71500000	659382	0.659382	71000000
chrX	71000001	72000000	622375	0.622375	71500000
chrX	71500001	72500000	575326	0.575326	72000000
chrX	72000001	73000000	575953	0.575953	72500000
chrX	72500001	73500000	557925	0.557925	73000000
chrX	73000001	74000000	616800	0.6168	73500000
chrX	73500001	74500000	736511	0.736511	74000000
chrX	74000001	75000000	628132	0.628132	74500000
chrX	74500001	75500000	549520	0.54952	75000000
chrX	75000001	76000000	618214	0.618214	75500000
chrX	75500001	76500000	607948	0.607948	76000000
chrX	76000001	77000000	586240	0.58624	76500000
chrX	76500001	77500000	618269	0.618269	77000000
chrX	77000001	78000000	615362	0.615362	77500000
chrX	77500001	78500000	646780	0.64678	78000000
chrX	78000001	79000000	703378	0.703378	78500000
chrX	78500001	79500000	702319	0.702319	79000000
chrX	79000001	80000000	695976	0.695976	79500000
chrX	79500001	80500000	714214	0.714214	80000000
chrX	80000001	81000000	740921	0.740921	80500000
chrX	80500001	81500000	733773	0.733773	81000000
chrX	81000001	82000000	653972	0.653972	81500000
chrX	81500001	82500000	587742	0.587742	82000000
chrX	82000001	83000000	489458	0.489458	82500000
chrX	82500001	83500000	387747	0.387747	83000000
chrX	83000001	84000000	532343	0.532343	83500000
chrX	83500001	84500000	692677	0.692677	84000000
chrX	84000001	85000000	763908	0.763908	84500000
chrX	84500001	85500000	744353	0.744353	85000000
chrX	85000001	86000000	682751	0.682751	85500000
chrX	85500001	86500000	739370	0.73937	86000000
chrX	86000001	87000000	750457	0.750457	86500000
chrX	86500001	87500000	775516	0.775516	87000000
chrX	87000001	88000000	779322	0.779322	87500000
chrX	87500001	88500000	765342	0.765342	88000000
chrX	88000001	89000000	785453	0.785453	88500000
chrX	88500001	89500000	749924	0.749924	89000000
chrX	89000001	90000000	748984	0.748984	89500000
chrX	89500001	90500000	787916	0.787916	90000000
chrX	90000001	91000000	839089	0.839089	90500000
chrX	90500001	91500000	869013	0.869013	91000000
chrX	91000001	92000000	813905	0.813905	91500000
chrX	91500001	92500000	757031	0.757031	92000000
chrX	92000001	93000000	717195	0.717195	92500000
chrX	92500001	93500000	684388	0.684388	93000000
chrX	93000001	94000000	721569	0.721569	93500000
chrX	93500001	94500000	695278	0.695278	94000000
chrX	94000001	95000000	689341	0.689341	94500000
chrX	94500001	95500000	734694	0.734694	95000000
chrX	95000001	96000000	788462	0.788462	95500000
chrX	95500001	96500000	804117	0.804117	96000000
chrX	96000001	97000000	782350	0.78235	96500000
chrX	96500001	97500000	801282	0.801282	97000000
chrX	97000001	98000000	804728	0.804728	97500000
chrX	97500001	98500000	787783	0.787783	98000000
chrX	98000001	99000000	701269	0.701269	98500000
chrX	98500001	99500000	729171	0.729171	99000000
chrX	99000001	100000000	777336	0.777336	99500000
chrX	99500001	100500000	752264	0.752264	100000000
chrX	100000001	101000000	714623	0.714623	100500000
chrX	100500001	101500000	729495	0.729495	101000000
chrX	101000001	102000000	781044	0.781044	101500000
chrX	101500001	102500000	819968	0.819968	102000000
chrX	102000001	103000000	855447	0.855447	102500000
chrX	102500001	103500000	816234	0.816234	103000000
chrX	103000001	104000000	782794	0.782794	103500000
chrX	103500001	104500000	759405	0.759405	104000000
chrX	104000001	105000000	774528	0.774528	104500000
chrX	104500001	105500000	753227	0.753227	105000000
chrX	105000001	106000000	779009	0.779009	105500000
chrX	105500001	106500000	790470	0.79047	106000000
chrX	106000001	107000000	755409	0.755409	106500000
chrX	106500001	107500000	723133	0.723133	107000000
chrX	107000001	108000000	605002	0.605002	107500000
chrX	107500001	108500000	535081	0.535081	108000000
chrX	108000001	109000000	559156	0.559156	108500000
chrX	108500001	109500000	613007	0.613007	109000000
chrX	109000001	110000000	738819	0.738819	109500000
chrX	109500001	110500000	691917	0.691917	110000000
chrX	110000001	111000000	530473	0.530473	110500000
chrX	110500001	111500000	578649	0.578649	111000000
chrX	111000001	112000000	558373	0.558373	111500000
chrX	111500001	112500000	436531	0.436531	112000000
chrX	112000001	113000000	499586	0.499586	112500000
chrX	112500001	113500000	656226	0.656226	113000000
chrX	113000001	114000000	650308	0.650308	113500000
chrX	113500001	114500000	718948	0.718948	114000000
chrX	114000001	115000000	807099	0.807099	114500000
chrX	114500001	115500000	747059	0.747059	115000000
chrX	115000001	116000000	702303	0.702303	115500000
chrX	115500001	116500000	613740	0.61374	116000000
chrX	116000001	117000000	694703	0.694703	116500000
chrX	116500001	117500000	786012	0.786012	117000000
chrX	117000001	118000000	711394	0.711394	117500000
chrX	117500001	118500000	760015	0.760015	118000000
chrX	118000001	119000000	820890	0.82089	118500000
chrX	118500001	119500000	846875	0.846875	119000000
chrX	119000001	120000000	927074	0.927074	119500000
chrX	119500001	120500000	984968	0.984968	120000000
chrX	120000001	121000000	993783	0.993783	120500000
chrX	120500001	121500000	998896	0.998896	121000000
chrX	121000001	122000000	999899	0.999899	121500000
chrX	121500001	122500000	999945	0.999945	122000000
chrX	122000001	123000000	999945	0.999945	122500000
chrX	122500001	123500000	999749	0.999749	123000000
chrX	123000001	124000000	999719	0.999719	123500000
chrX	123500001	124500000	999970	0.99997	124000000
chrX	124000001	125000000	998952	0.998952	124500000
chrX	124500001	125500000	991010	0.99101	125000000
chrX	125000001	126000000	963886	0.963886	125500000
chrX	125500001	126500000	903838	0.903838	126000000
chrX	126000001	127000000	787696	0.787696	126500000
chrX	126500001	127500000	698186	0.698186	127000000
chrX	127000001	128000000	668918	0.668918	127500000
chrX	127500001	128500000	702128	0.702128	128000000
chrX	128000001	129000000	763087	0.763087	128500000
chrX	128500001	129500000	619352	0.619352	129000000
chrX	129000001	130000000	583252	0.583252	129500000
chrX	129500001	130500000	714123	0.714123	130000000
chrX	130000001	131000000	764891	0.764891	130500000
chrX	130500001	131500000	743173	0.743173	131000000
chrX	131000001	132000000	733417	0.733417	131500000
chrX	131500001	132500000	730280	0.73028	132000000
chrX	132000001	133000000	651370	0.65137	132500000
chrX	132500001	133500000	580532	0.580532	133000000
chrX	133000001	134000000	523213	0.523213	133500000
chrX	133500001	134500000	533664	0.533664	134000000
chrX	134000001	135000000	628983	0.628983	134500000
chrX	134500001	135500000	679564	0.679564	135000000
chrX	135000001	136000000	647924	0.647924	135500000
chrX	135500001	136500000	607483	0.607483	136000000
chrX	136000001	137000000	650153	0.650153	136500000
chrX	136500001	137500000	808631	0.808631	137000000
chrX	137000001	138000000	759888	0.759888	137500000
chrX	137500001	138500000	702259	0.702259	138000000
chrX	138000001	139000000	833952	0.833952	138500000
chrX	138500001	139500000	870618	0.870618	139000000
chrX	139000001	140000000	665470	0.66547	139500000
chrX	139500001	140500000	561329	0.561329	140000000
chrX	140000001	141000000	570432	0.570432	140500000
chrX	140500001	141500000	507122	0.507122	141000000
chrX	141000001	142000000	588535	0.588535	141500000
chrX	141500001	142500000	746984	0.746984	142000000
chrX	142000001	143000000	706907	0.706907	142500000
chrX	142500001	143500000	619598	0.619598	143000000
chrX	143000001	144000000	614690	0.61469	143500000
chrX	143500001	144500000	557739	0.557739	144000000
chrX	144000001	145000000	534564	0.534564	144500000
chrX	144500001	145500000	530240	0.53024	145000000
chrX	145000001	146000000	477258	0.477258	145500000
chrX	145500001	146500000	379340	0.37934	146000000
chrX	146000001	147000000	335900	0.3359	146500000
chrX	146500001	147500000	419763	0.419763	147000000
chrX	147000001	148000000	464734	0.464734	147500000
chrX	147500001	148500000	468698	0.468698	148000000
chrX	148000001	149000000	627136	0.627136	148500000
chrX	148500001	149500000	637046	0.637046	149000000
chrX	149000001	150000000	573019	0.573019	149500000
chrX	149500001	150500000	719681	0.719681	150000000
chrX	150000001	151000000	813464	0.813464	150500000
chrX	150500001	151500000	806160	0.80616	151000000
chrX	151000001	152000000	740880	0.74088	151500000
chrX	151500001	152500000	619578	0.619578	152000000
chrX	152000001	153000000	667923	0.667923	152500000
chrX	152500001	153500000	742526	0.742526	153000000
chrX	153000001	154000000	708745	0.708745	153500000
chrX	153500001	154500000	752977	0.752977	154000000
chrX	154000001	155000000	759240	0.75924	154500000
chrX	154500001	155500000	745904	0.745904	155000000
chrX	155000001	156000000	777196	0.777196	155500000
chrX	155500001	156500000	807160	0.80716	156000000
chrX	156000001	157000000	813071	0.813071	156500000
chrX	156500001	157500000	726108	0.726108	157000000
chrX	157000001	158000000	609936	0.609936	157500000
chrX	157500001	158500000	466416	0.466416	158000000
chrX	158000001	159000000	395499	0.395499	158500000
chrX	158500001	159500000	352534	0.352534	159000000
chrX	159000001	160000000	342482	0.342482	159500000
chrX	159500001	160500000	376714	0.376714	160000000
chrX	160000001	161000000	435201	0.435201	160500000
chrX	160500001	161500000	571970	0.57197	161000000
chrX	161000001	162000000	541546	0.541546	161500000
chrX	161500001	162500000	498016	0.498016	162000000
chrX	162000001	163000000	447484	0.447484	162500000
chrX	162500001	163500000	357048	0.357048	163000000
chrX	163000001	164000000	371211	0.371211	163500000
chrX	163500001	164500000	524207	0.524207	164000000
chrX	164000001	165000000	634945	0.634945	164500000
chrX	164500001	165500000	562233	0.562233	165000000
chrX	165000001	166000000	530901	0.530901	165500000
chrX	165500001	166500000	573216	0.573216	166000000
chrX	166000001	167000000	616609	0.616609	166500000
chrX	166500001	167500000	603896	0.603896	167000000
chrX	167000001	168000000	615859	0.615859	167500000
chrX	167500001	168500000	609327	0.609327	168000000
chrX	168000001	169000000	671656	0.671656	168500000
chrX	168500001	169500000	603751	0.603751	169000000
chrX	169000001	170000000	426981	0.426981	169500000
chrX	169500001	170500000	485187	0.485187	170000000
chrX	170000001	171000000	628342	0.628342	170500000
chrX	170500001	171500000	714415	0.714415	171000000
chrX	171000001	172000000	698337	0.698337	171500000
chrX	171500001	172500000	617710	0.61771	172000000
chrX	172000001	173000000	569050	0.56905	172500000
chrX	172500001	173500000	480194	0.480194	173000000
chrX	173000001	174000000	389220	0.38922	173500000
chrX	173500001	174500000	448011	0.448011	174000000
chrX	174000001	175000000	538700	0.5387	174500000
chrX	174500001	175500000	515779	0.515779	175000000
chrX	175000001	176000000	466478	0.466478	175500000
chrX	175500001	176500000	445272	0.445272	176000000
chrX	176000001	177000000	456171	0.456171	176500000
chrX	176500001	177500000	479831	0.479831	177000000
chrX	177000001	178000000	466183	0.466183	177500000
chrX	177500001	178500000	429474	0.429474	178000000
chrX	178000001	179000000	411562	0.411562	178500000
chrX	178500001	179500000	479036	0.479036	179000000
chrX	179000001	180000000	559857	0.559857	179500000
chrX	179500001	180500000	565037	0.565037	180000000
chrX	180000001	181000000	504505	0.504505	180500000
chrX	180500001	181500000	436440	0.43644	181000000
chrX	181000001	182000000	513489	0.513489	181500000
chrX	181500001	182500000	590757	0.590757	182000000
chrX	182000001	183000000	557738	0.557738	182500000
chrX	182500001	183500000	602452	0.602452	183000000
chrX	183000001	184000000	495485	0.495485	183500000
chrX	183500001	184500000	431568	0.431568	184000000
chrX	184000001	185000000	485761	0.485761	184500000
chrX	184500001	185500000	405059	0.405059	185000000
chrX	185000001	186000000	396796	0.396796	185500000
chrX	185500001	186500000	479109	0.479109	186000000
chrX	186000001	187000000	439596	0.439596	186500000
chrX	186500001	187500000	542317	0.542317	187000000
chrX	187000001	188000000	628151	0.628151	187500000
chrX	187500001	188500000	472799	0.472799	188000000
chrX	188000001	189000000	432046	0.432046	188500000
chrX	188500001	189500000	490021	0.490021	189000000
chrX	189000001	190000000	537601	0.537601	189500000
chrX	189500001	190500000	498789	0.498789	190000000
chrX	190000001	191000000	428213	0.428213	190500000
chrX	190500001	191500000	387528	0.387528	191000000
chrX	191000001	192000000	412336	0.412336	191500000
chrX	191500001	192500000	425506	0.425506	192000000
chrX	192000001	193000000	417892	0.417892	192500000
chrX	192500001	193500000	412114	0.412114	193000000
chrX	193000001	194000000	418180	0.41818	193500000
chrX	193500001	194500000	428908	0.428908	194000000
chrX	194000001	195000000	418899	0.418899	194500000
chrX	194500001	195500000	451798	0.451798	195000000
chrX	195000001	196000000	432999	0.432999	195500000
chrX	195500001	196500000	318245	0.318245	196000000
chrX	196000001	197000000	271055	0.271055	196500000
chrX	196500001	197500000	461432	0.461432	197000000
chrY	1	1000000	919398	0.919398	500000
chrY	500001	1500000	867478	0.867478	1000000
chrY	1000001	2000000	876578	0.876578	1500000
chrY	1500001	2500000	655673	0.655673	2000000
chrY	2000001	3000000	648810	0.64881	2500000
chrY	2500001	3500000	920657	0.920657	3000000
chrY	3000001	4000000	957523	0.957523	3500000
chrY	3500001	4500000	944080	0.94408	4000000
chrY	4000001	5000000	924675	0.924675	4500000
chrY	4500001	5500000	864858	0.864858	5000000
chrY	5000001	6000000	714944	0.714944	5500000
chrY	5500001	6500000	789680	0.78968	6000000
chrY	6000001	7000000	935104	0.935104	6500000
chrY	6500001	7500000	918769	0.918769	7000000
chrY	7000001	8000000	933234	0.933234	7500000
chrY	7500001	8500000	944527	0.944527	8000000
chrY	8000001	9000000	947638	0.947638	8500000
chrY	8500001	9500000	937265	0.937265	9000000
chrY	9000001	10000000	893348	0.893348	9500000
chrY	9500001	10500000	901889	0.901889	10000000
chrY	10000001	11000000	954698	0.954698	10500000
chrY	10500001	11500000	963897	0.963897	11000000
chrY	11000001	12000000	956012	0.956012	11500000
chrY	11500001	12500000	952304	0.952304	12000000
chrY	12000001	13000000	896506	0.896506	12500000
chrY	12500001	13500000	867812	0.867812	13000000
chrY	13000001	14000000	935289	0.935289	13500000
chrY	13500001	14500000	966295	0.966295	14000000
chrY	14000001	15000000	914295	0.914295	14500000
chrY	14500001	15500000	833207	0.833207	15000000
chrY	15000001	16000000	887030	0.88703	15500000
chrY	15500001	16500000	923285	0.923285	16000000
chrY	16000001	17000000	907432	0.907432	16500000
chrY	16500001	17500000	952717	0.952717	17000000
chrY	17000001	18000000	967419	0.967419	17500000
chrY	17500001	18500000	954410	0.95441	18000000
chrY	18000001	19000000	850225	0.850225	18500000
chrY	18500001	19500000	679808	0.679808	19000000
chrY	19000001	20000000	571179	0.571179	19500000
chrY	19500001	20500000	496867	0.496867	20000000
chrY	20000001	21000000	666718	0.666718	20500000
chrY	20500001	21500000	898063	0.898063	21000000
chrY	21000001	22000000	939871	0.939871	21500000
chrY	21500001	22500000	967676	0.967676	22000000
chrY	22000001	23000000	972811	0.972811	22500000
chrY	22500001	23500000	951840	0.95184	23000000
chrY	23000001	24000000	952888	0.952888	23500000
chrY	23500001	24500000	911085	0.911085	24000000
chrY	24000001	25000000	693774	0.693774	24500000
chrY	24500001	25500000	637125	0.637125	25000000
chrY	25000001	26000000	639883	0.639883	25500000
chrY	25500001	26500000	579693	0.579693	26000000
chrY	26000001	27000000	673358	0.673358	26500000
chrY	26500001	27500000	664815	0.664815	27000000
chrY	27000001	28000000	598762	0.598762	27500000
chrY	27500001	28500000	734428	0.734428	28000000
chrY	28000001	29000000	915580	0.91558	28500000
chrY	28500001	29500000	963942	0.963942	29000000
chrY	29000001	30000000	925864	0.925864	29500000
chrY	29500001	30500000	841851	0.841851	30000000
chrY	30000001	31000000	866577	0.866577	30500000
chrY	30500001	31500000	948841	0.948841	31000000
chrY	31000001	32000000	930261	0.930261	31500000
chrY	31500001	32500000	897330	0.89733	32000000
chrY	32000001	33000000	914786	0.914786	32500000
chrY	32500001	33500000	936672	0.936672	33000000
chrY	33000001	34000000	886802	0.886802	33500000
chrY	33500001	34500000	894527	0.894527	34000000
chrY	34000001	35000000	955804	0.955804	34500000
chrY	34500001	35500000	964952	0.964952	35000000
chrY	35000001	36000000	954385	0.954385	35500000
chrY	35500001	36500000	952723	0.952723	36000000
chrY	36000001	37000000	900092	0.900092	36500000
chrY	36500001	37500000	868432	0.868432	37000000
chrY	37000001	38000000	931061	0.931061	37500000
chrY	37500001	38500000	956665	0.956665	38000000
chrY	38000001	39000000	964170	0.96417	38500000
chrY	38500001	39500000	942689	0.942689	39000000
chrY	39000001	40000000	902450	0.90245	39500000
chrY	39500001	40500000	926860	0.92686	40000000
chrY	40000001	41000000	957885	0.957885	40500000
chrY	40500001	41500000	953988	0.953988	41000000
chrY	41000001	42000000	956274	0.956274	41500000
chrY	41500001	42500000	945764	0.945764	42000000
chrY	42000001	43000000	688333	0.688333	42500000
chrY	42500001	43500000	638744	0.638744	43000000
chrY	43000001	44000000	891114	0.891114	43500000
chrY	43500001	44500000	950124	0.950124	44000000
chrY	44000001	45000000	948416	0.948416	44500000
chrY	44500001	45500000	957756	0.957756	45000000
chrY	45000001	46000000	959693	0.959693	45500000
chrY	45500001	46500000	943831	0.943831	46000000
chrY	46000001	47000000	938280	0.93828	46500000
chrY	46500001	47500000	897821	0.897821	47000000
chrY	47000001	48000000	670972	0.670972	47500000
chrY	47500001	48500000	607627	0.607627	48000000
chrY	48000001	49000000	600574	0.600574	48500000
chrY	48500001	49500000	648223	0.648223	49000000
chrY	49000001	50000000	711853	0.711853	49500000
chrY	49500001	50500000	708395	0.708395	50000000
chrY	50000001	51000000	887555	0.887555	50500000
chrY	50500001	51500000	946063	0.946063	51000000
chrY	51000001	52000000	901248	0.901248	51500000
chrY	51500001	52500000	884041	0.884041	52000000
chrY	52000001	53000000	856890	0.85689	52500000
chrY	52500001	53500000	874476	0.874476	53000000
chrY	53000001	54000000	946769	0.946769	53500000
chrY	53500001	54500000	935343	0.935343	54000000
chrY	54000001	55000000	934601	0.934601	54500000
chrY	54500001	55500000	953565	0.953565	55000000
chrY	55000001	56000000	956574	0.956574	55500000
chrY	55500001	56500000	941585	0.941585	56000000
chrY	56000001	57000000	915542	0.915542	56500000
chrY	56500001	57500000	933046	0.933046	57000000
chrY	57000001	58000000	954496	0.954496	57500000
chrY	57500001	58500000	960435	0.960435	58000000
chrY	58000001	59000000	961381	0.961381	58500000
chrY	58500001	59500000	951003	0.951003	59000000
chrY	59000001	60000000	959785	0.959785	59500000
chrY	59500001	60500000	942476	0.942476	60000000
chrY	60000001	61000000	935649	0.935649	60500000
chrY	60500001	61500000	913107	0.913107	61000000
chrY	61000001	62000000	851756	0.851756	61500000
chrY	61500001	62500000	870948	0.870948	62000000
chrY	62000001	63000000	886818	0.886818	62500000
chrY	62500001	63500000	854608	0.854608	63000000
chrY	63000001	64000000	838349	0.838349	63500000
chrY	63500001	64500000	844913	0.844913	64000000
chrY	64000001	65000000	807254	0.807254	64500000
chrY	64500001	65500000	704154	0.704154	65000000
chrY	65000001	66000000	722106	0.722106	65500000
chrY	65500001	66500000	886704	0.886704	66000000
chrY	66000001	67000000	990152	0.990152	66500000
chrY	66500001	67500000	951036	0.951036	67000000
chrY	67000001	68000000	857166	0.857166	67500000
chrY	67500001	68500000	696006	0.696006	68000000
chrY	68000001	69000000	676373	0.676373	68500000
chrY	68500001	69500000	786653	0.786653	69000000
chrY	69000001	70000000	842581	0.842581	69500000
chrY	69500001	70500000	797465	0.797465	70000000
chrY	70000001	71000000	786835	0.786835	70500000
chrY	70500001	71500000	797683	0.797683	71000000
chrY	71000001	72000000	707868	0.707868	71500000
chrY	71500001	72500000	604596	0.604596	72000000
chrY	72000001	73000000	708941	0.708941	72500000
chrY	72500001	73500000	865677	0.865677	73000000
chrY	73000001	74000000	831826	0.831826	73500000
chrY	73500001	74500000	830414	0.830414	74000000
chrY	74000001	75000000	841167	0.841167	74500000
chrY	74500001	75500000	853272	0.853272	75000000
chrY	75000001	76000000	872313	0.872313	75500000
chrY	75500001	76500000	853455	0.853455	76000000
chrY	76000001	77000000	831191	0.831191	76500000
chrY	76500001	77500000	842461	0.842461	77000000
chrY	77000001	78000000	906614	0.906614	77500000
chrY	77500001	78500000	958089	0.958089	78000000
chrY	78000001	79000000	887753	0.887753	78500000
chrY	78500001	79500000	838738	0.838738	79000000
chrY	79000001	80000000	837970	0.83797	79500000
chrY	79500001	80500000	832211	0.832211	80000000
chrY	80000001	81000000	856232	0.856232	80500000
chrY	80500001	81500000	907100	0.9071	81000000
chrY	81000001	82000000	876597	0.876597	81500000
chrY	81500001	82500000	829650	0.82965	82000000
chrY	82000001	83000000	810804	0.810804	82500000
chrY	82500001	83500000	771906	0.771906	83000000
chrY	83000001	84000000	814022	0.814022	83500000
chrY	83500001	84500000	802540	0.80254	84000000
chrY	84000001	85000000	595538	0.595538	84500000
chrY	84500001	85500000	397785	0.397785	85000000
chrY	85000001	86000000	368139	0.368139	85500000
