family	paralog_name	paralog_type	classification	mean_TPM	median_TPM	max_TPM	tissues_detected	samples_detected	pct_samples	pearson_r_vs_parent	pearson_pvalue	tissue_specificity
Aadac	Aadac-l1	l	supported	53.0609	12.2730	271.4730	6	29	100.0000	0.7792	0.0677	0.3623
Aadac	Aadac-l2	l	low expression	14.1999	0.1730	180.4577	5	18	62.0690	-0.0465	0.9304	0.9671
Aadac	Aadac-l3	l	parent correlated	47.3018	13.1171	324.3238	6	29	100.0000	0.8948	0.0160	0.2799
Aadacl4	Aadacl4-l1	l	low expression	14.0981	0.0000	233.9915	3	9	31.0345	0.9921	0.0001	0.9889
Aadacl4	Aadacl4-l2	l	low expression	3.9472	0.0000	61.6697	4	11	37.9310	0.9862	0.0003	0.9659
Aadacl4	Aadacl4-l3	l	supported	6.5743	1.0574	61.5517	6	29	100.0000	0.7894	0.0619	0.5103
Aasdhppt	Aasdhppt-l1	l	parent correlated	275.8859	169.7439	1007.7056	6	29	100.0000	0.9757	0.0009	0.2016
Abca3	Abca3-l1	l	supported	6.8411	4.3948	18.6353	6	29	100.0000	0.5257	0.2841	0.1973
Abcb1	Abcb1-l1	l	supported	13.3971	8.1327	55.0531	6	29	100.0000	-0.2888	0.5789	0.2010
Abcg2	Abcg2-l1	l	supported	13.9805	9.1242	42.8732	6	29	100.0000	0.1760	0.7388	0.1177
Abcg2	Abcg2-l2	l	supported	32.2257	23.0579	93.7438	6	29	100.0000	0.6844	0.1337	0.0968
Abraxas2	Abraxas2-dl1	dl	supported	72.0812	61.9881	119.5173	6	29	100.0000	0.4320	0.3924	0.0193
Acad9	Acad9-l1	l	supported	132.5121	102.2231	367.4769	6	29	100.0000	0.4480	0.3730	0.0862
Acbd5	Acbd5-l1	l	parent correlated	240.3438	196.2897	648.2471	6	29	100.0000	0.8933	0.0165	0.0925
Accsl	Accsl-l1	l	low expression	0.0097	0.0000	0.1819	2	2	6.8966	0.7824	0.0659	0.6527
Accsl	Accsl-l2	l	low expression	0.2547	0.0000	2.1718	6	12	41.3793	0.6203	0.1889	0.2086
Aco1	Aco1-l1	l	parent correlated	1550.1553	1104.0960	5365.8031	6	29	100.0000	0.9929	0.0001	0.1826
Acot13	Acot13-dl1	dl	parent correlated	72.6690	69.1510	177.1194	6	29	100.0000	0.9521	0.0034	0.0913
Acot13	Acot13-dl2	dl	parent correlated	66.1812	54.0736	181.8354	6	24	82.7586	0.9681	0.0015	0.2378
Acot13	Acot13-dl3	dl	parent correlated	1089.3748	1158.3220	3060.2834	6	29	100.0000	0.9972	0.0000	0.2337
Acot2	Acot2-dl1	dl	supported	364.8440	321.8607	904.9177	6	29	100.0000	0.7465	0.0882	0.0386
Acp1	Acp1-l1	l	supported	10.0057	6.1543	45.9614	6	27	93.1034	0.7205	0.1062	0.1729
Acsbg2	Acsbg2-l1	l	supported	2.2546	1.7562	8.3424	6	23	79.3103	0.4991	0.3135	0.2221
Actb	Actb-dl1	dl	parent correlated	1894.0478	1250.8251	5198.2167	6	29	100.0000	0.9970	0.0000	0.0904
Actb	Actb-l1	l	low expression	0.7847	0.0000	13.5353	4	4	13.7931	-0.0238	0.9643	0.5322
Adam1a	Adam1a-l1	l	supported	3.5015	1.8072	19.0546	6	26	89.6552	0.7428	0.0907	0.1564
Adam20	Adam20-l1	l	low expression	1.1475	0.4237	7.6538	6	17	58.6207	0.6182	0.1908	0.1463
Adam20	Adam20-l2	l	low expression	1.2822	0.0000	14.6192	4	10	34.4828	-0.1429	0.7872	0.5498
Adam20	Adam20-l3	l	low expression	0.1111	0.0000	1.1562	3	4	13.7931	0.4587	0.3602	0.4237
Adh5	Adh5-l1	l	parent correlated	3481.0433	2068.1050	8906.7148	6	29	100.0000	0.9611	0.0022	0.1334
Adh7	Adh7-l1	l	low expression	0.4232	0.2415	2.3520	6	22	75.8621	0.7529	0.0841	0.2526
Adrm1	Adrm1-dl1	dl	supported	652.8214	614.2811	1126.4418	6	29	100.0000	0.4525	0.3676	0.0189
Aff1	Aff1-l1	l	parent correlated	1.2500	0.6595	3.5868	6	29	100.0000	0.9653	0.0018	0.1371
Ahsa1	Ahsa1-dl1	dl	parent correlated	260.1682	250.2598	416.3496	6	29	100.0000	0.8462	0.0337	0.0316
Aif1l	Aif1l-dl1	dl	supported	1172.1908	296.3979	5524.6866	6	28	96.5517	0.7035	0.1188	0.4527
Ak6	Ak6-l1	l	supported	183.6926	184.8330	300.9412	6	29	100.0000	0.2946	0.5709	0.0127
Akirin1	Akirin1-dl1	dl	parent correlated	18.1970	13.8489	46.5961	6	29	100.0000	0.9568	0.0028	0.0920
Akr1a1	Akr1a1-dl1	dl	parent correlated	3515.5140	1066.6850	9930.8763	6	29	100.0000	0.9936	0.0001	0.2797
Akr1b1	Akr1b1-dl1	dl	parent correlated	205.6572	177.7183	511.1865	6	29	100.0000	0.9879	0.0002	0.1128
Akr1b1	Akr1b1-dl2	dl	parent correlated	139.0221	116.2347	348.7182	6	29	100.0000	0.9857	0.0003	0.1048
Akr1b1	Akr1b1-dl3	dl	parent correlated	35.6195	33.8743	111.2904	6	29	100.0000	0.9981	0.0000	0.0875
Akr1b8	Akr1b8-dl1	dl	parent correlated	55.0427	43.3860	186.5046	6	29	100.0000	0.9822	0.0005	0.1053
Akr1b8	Akr1b8-dl2	dl	parent correlated	12.8014	7.2690	56.6473	6	25	86.2069	0.9576	0.0027	0.1625
Akr1b8	Akr1b8-dl3	dl	parent correlated	4.4591	1.2192	28.3237	5	15	51.7241	0.9544	0.0031	0.3764
Akr1b8	Akr1b8-rl1	rl	supported	57.1429	6.5919	328.1177	6	29	100.0000	-0.4047	0.4260	0.5709
Aldh1a1	Aldh1a1-l1	l	parent correlated	194.9611	168.1504	407.5427	6	29	100.0000	0.8289	0.0414	0.1031
Alox12e	Alox12e-l1	l	low expression	0.6301	0.1251	5.2569	6	29	100.0000	0.7886	0.0623	0.6090
Alpi	Alpi-l1	l	supported	14.6303	10.1240	39.6504	6	29	100.0000	0.1461	0.7824	0.1075
Alyref	Alyref-dl1	dl	supported	250.7421	222.8977	488.8496	6	29	100.0000	0.7094	0.1144	0.0405
Alyref	Alyref-dl2	dl	parent correlated	33.0014	28.3350	89.5955	6	29	100.0000	0.8662	0.0257	0.0614
Amd1	Amd1-dl1	dl	parent correlated	76.1252	67.4098	183.9877	6	29	100.0000	0.9877	0.0002	0.0389
Amd1	Amd1-dl2	dl	low expression	0.2638	0.0000	3.7069	5	7	24.1379	0.0111	0.9833	0.3026
Amd1	Amd1-dl3	dl	low expression	0.3169	0.0000	2.0868	4	8	27.5862	0.4556	0.3638	0.2266
Amd1	Amd1-dl4	dl	unsupported	0.0000	0.0000	0.0000	0	0	0.0000			1.0000
Amy1	Amy1-l1	l	parent correlated	243.8646	40.7287	1642.0118	6	29	100.0000	0.9711	0.0012	0.5423
Anapc10	Anapc10-l1	l	supported	150.1340	143.2670	245.7102	6	29	100.0000	0.6337	0.1766	0.0203
Anapc16	Anapc16-dl1	dl	supported	17.3365	14.8593	41.5371	6	29	100.0000	0.6659	0.1488	0.0220
Angpt4	Angpt4-l1	l	low expression	0.0111	0.0000	0.2092	1	2	6.8966	-0.3134	0.5452	1.0000
Angpt4	Angpt4-l2	l	supported	2.3367	1.7690	6.6423	6	29	100.0000	-0.4992	0.3134	0.0968
Anp32b	Anp32b-l1	l	supported	373.9378	338.3216	624.9246	6	29	100.0000	0.7103	0.1137	0.0163
Antxrl	Antxrl-l1	l	low expression	0.2567	0.1062	0.8864	6	26	89.6552	0.5755	0.2321	0.1680
Anxa1	Anxa1-l1	l	parent correlated	379.5439	149.6646	1245.1414	6	29	100.0000	0.9999	0.0000	0.2954
Ap1ar	Ap1ar-l1	l	parent correlated	38.8173	26.5307	109.7979	6	29	100.0000	0.9206	0.0092	0.1167
Ap2b1	Ap2b1-l1	l	parent correlated	225.0586	137.6239	708.9701	6	29	100.0000	0.8870	0.0184	0.1679
Ap3s1	Ap3s1-l1	l	parent correlated	4.4097	3.0124	18.0007	6	23	79.3103	0.9011	0.0142	0.0801
Ap3s1	Ap3s1-l2	l	supported	70.2443	71.9150	153.9055	6	29	100.0000	0.7632	0.0775	0.0548
Apol3	Apol3-l1	l	supported	88.1472	28.5053	407.9453	6	29	100.0000	0.1197	0.8214	0.2692
Apol3	Apol3-l2	l	low expression	0.5119	0.1318	3.0919	6	16	55.1724	0.8142	0.0486	0.1385
Apol3	Apol3-l3	l	supported	14.1778	13.0033	37.3321	6	29	100.0000	-0.2820	0.5883	0.1417
Apol3	Apol3-l4	l	supported	19.4179	6.5902	93.5916	6	29	100.0000	0.1384	0.7937	0.3642
Apol3	Apol3-l5	l	low expression	0.2651	0.0922	1.6664	6	17	58.6207	-0.0099	0.9852	0.0439
Apol3	Apol3-l6	l	supported	39.2950	12.9879	169.7902	5	24	82.7586	-0.0646	0.9033	0.3001
Apol6	Apol6-l1	l	supported	124.7413	22.5775	1072.3923	6	29	100.0000	0.3787	0.4591	0.5895
Apool	Apool-l1	l	supported	2.3006	1.8658	6.7457	6	28	96.5517	0.2447	0.6403	0.0977
Arf4	Arf4-l1	l	parent correlated	91.7292	79.3536	173.4047	6	29	100.0000	0.9244	0.0084	0.0288
Arhgdia	Arhgdia-l1	l	parent correlated	720.4260	564.0667	1318.5521	6	29	100.0000	0.9666	0.0017	0.0405
Arl1	Arl1-l1	l	parent correlated	294.9547	287.2466	424.6825	6	29	100.0000	0.9684	0.0015	0.0114
Arl2	Arl2-l1	l	parent correlated	82.4833	67.4117	183.5245	6	29	100.0000	0.9653	0.0018	0.0442
Arl2bp	Arl2bp-l1	l	parent correlated	280.1027	197.6939	870.5156	6	29	100.0000	0.9730	0.0011	0.1705
Armc3	Armc3-l1	l	parent correlated	8.6876	9.6046	17.3524	6	29	100.0000	0.9373	0.0058	0.0505
Arpc1a	Arpc1a-dl1	dl	parent correlated	393.8816	276.4052	1079.2081	6	29	100.0000	0.9633	0.0020	0.1152
Arpc1a	Arpc1a-dl2	dl	parent correlated	444.7648	312.3895	1152.0721	6	29	100.0000	0.9616	0.0022	0.1000
Arpc1b	Arpc1b-dl1	dl	supported	3.7706	1.4694	31.0675	6	22	75.8621	0.7170	0.1088	0.2181
Arpc3	Arpc3-dl1	dl	parent correlated	5682.2021	5028.9503	9091.5897	6	29	100.0000	0.8833	0.0196	0.0201
Arpc5	Arpc5-dl1	dl	low expression	0.2873	0.0000	4.5236	2	2	6.8966	0.6896	0.1296	0.6152
Arpc5	Arpc5-dl2	dl	low expression	0.0441	0.0000	1.2798	1	1	3.4483	-0.3579	0.4861	1.0000
Arpc5	Arpc5-dl3	dl	unsupported	0.0000	0.0000	0.0000	0	0	0.0000			1.0000
Arpc5	Arpc5-dl4	dl	parent correlated	46.7366	37.4258	106.1858	6	29	100.0000	0.9797	0.0006	0.0601
Arpc5	Arpc5-dl5	dl	parent correlated	734.8212	532.8244	1614.3223	6	29	100.0000	0.9840	0.0004	0.0699
Arpp19	Arpp19-l1	l	parent correlated	196.1356	135.8187	617.2588	6	29	100.0000	0.9746	0.0010	0.1479
Asns	Asns-l1	l	supported	218.8622	233.8523	376.0230	6	29	100.0000	0.5929	0.2148	0.0176
Asrgl1	Asrgl1-l1	l	supported	69.3392	46.4098	153.9494	6	29	100.0000	-0.0870	0.8698	0.0842
Ass1	Ass1-dl1	dl	parent correlated	3482.1729	323.0372	19275.0030	6	29	100.0000	0.8820	0.0201	0.5435
Ass1	Ass1-dl2	dl	parent correlated	153.7955	22.5320	937.8426	6	28	96.5517	0.8576	0.0290	0.5170
Ass1	Ass1-dl3	dl	parent correlated	199.5698	20.8865	1221.3692	6	28	96.5517	0.8673	0.0252	0.5446
Atf1	Atf1-l1	l	supported	142.1779	135.7302	209.9907	6	29	100.0000	0.7525	0.0843	0.0134
Atg12	Atg12-dl1	dl	supported	122.3947	121.8596	259.0884	6	29	100.0000	0.3235	0.5317	0.0158
Atg12	Atg12-dl2	dl	parent correlated	81.1139	75.7227	148.6113	6	29	100.0000	0.8316	0.0402	0.0069
Atg4d	Atg4d-l1	l	supported	212.0702	205.9509	413.3646	6	29	100.0000	0.7701	0.0732	0.0297
Atp1b3	Atp1b3-l1	l	parent correlated	639.5011	649.6013	1182.7751	6	29	100.0000	0.9535	0.0032	0.0568
Atp5f1b	Atp5f1b-dl1	dl	parent correlated	5832.7993	5044.1525	11929.0824	6	29	100.0000	0.9986	0.0000	0.0971
Atp5f1b	Atp5f1b-l1	l	parent correlated	184.9144	166.0305	352.1309	6	29	100.0000	0.9950	0.0000	0.0677
Atp5f1c	Atp5f1c-l1	l	supported	19.5221	4.1155	74.1654	6	29	100.0000	0.5968	0.2111	0.2686
Atp5f1e	Atp5f1e-dl1	dl	parent correlated	463.1000	420.9177	729.2571	6	29	100.0000	0.9808	0.0006	0.0180
Atp5mc3	Atp5mc3-l1	l	parent correlated	1903.4660	1396.4983	5695.4008	6	29	100.0000	0.9994	0.0000	0.1622
Atp5me	Atp5me-dl1	dl	supported	30.7261	27.4424	90.0194	6	29	100.0000	0.5865	0.2212	0.0537
Atp5me	Atp5me-dl2	dl	parent correlated	1475.8879	1050.7304	4034.1713	6	29	100.0000	0.9889	0.0002	0.1158
Atp5mf	Atp5mf-dl1	dl	low expression	1.3653	0.0000	15.7996	3	5	17.2414	-0.6403	0.1708	0.4931
Atp5mf	Atp5mf-dl2	dl	supported	1859.6916	1602.6824	3786.1102	6	29	100.0000	0.5413	0.2674	0.0681
Atp5mf	Atp5mf-dl3	dl	supported	47.9799	37.2059	114.9138	6	29	100.0000	0.3968	0.4361	0.0361
Atp5mf	Atp5mf-dl4	dl	unsupported	0.0000	0.0000	0.0000	0	0	0.0000			1.0000
Atp5mk	Atp5mk-dl1	dl	parent correlated	1930.7169	1421.7780	5292.9358	6	29	100.0000	0.9960	0.0000	0.1145
Atp5mk	Atp5mk-dl2	dl	parent correlated	3393.8366	2493.8541	9320.7405	6	29	100.0000	0.9945	0.0000	0.1159
Atp5mk	Atp5mk-dl3	dl	parent correlated	313.6839	230.5731	842.3452	6	29	100.0000	0.9581	0.0026	0.1077
Atp5mk	Atp5mk-l1	l	parent correlated	738.0514	515.5532	2260.0641	6	29	100.0000	0.9811	0.0005	0.1567
Atp5mpl	Atp5mpl-l1	l	parent correlated	42.6726	37.5044	169.1949	6	25	86.2069	0.8930	0.0166	0.1280
Atp5mpl	Atp5mpl-l2	l	parent correlated	284.0660	202.2469	889.7190	6	28	96.5517	0.8879	0.0181	0.1546
Atp6v0d1	Atp6v0d1-dl1	dl	supported	1701.2851	1695.0927	4193.8563	6	29	100.0000	0.7807	0.0669	0.1145
Atp6v1b2	Atp6v1b2-l1	l	parent correlated	808.8768	348.3422	3360.9595	6	29	100.0000	0.9785	0.0007	0.3854
Atp6v1c1	Atp6v1c1-l1	l	parent correlated	658.3113	409.9519	1966.1325	6	29	100.0000	0.9891	0.0002	0.1461
Atp6v1g1	Atp6v1g1-dl1	dl	robust expression	1060.1289	860.6345	2434.4836	6	29	100.0000			0.0592
Atp6v1g1	Atp6v1g1-dl2	dl	robust expression	147.3879	121.6290	489.3998	6	29	100.0000			0.0453
Atrn	Atrn-l1	l	supported	3.8235	0.9391	21.6651	6	29	100.0000	0.6617	0.1523	0.5336
Atxn7l3b	Atxn7l3b-dl1	dl	robust expression	662.0732	465.9404	1940.7555	6	29	100.0000			0.1391
Atxn7l3b	Atxn7l3b-dl2	dl	robust expression	365.5502	262.3014	1039.2745	6	29	100.0000			0.1342
Auts2	Auts2-l1	l	parent correlated	17.0134	10.7379	80.3309	6	29	100.0000	0.9918	0.0001	0.1955
Bccip	Bccip-dl1	dl	parent correlated	86.8024	80.1257	169.2405	6	29	100.0000	0.8036	0.0541	0.0045
Bcorl1	Bcorl1-l1	l	supported	12.7234	11.6219	27.0021	6	29	100.0000	0.1225	0.8172	0.0395
Bdp1	Bdp1-l1	l	parent correlated	21.3134	10.8068	114.6579	6	29	100.0000	0.9170	0.0101	0.2167
Birc5	Birc5-dl1	dl	parent correlated	3.7419	3.2641	12.9152	6	20	68.9655	0.8247	0.0434	0.0874
Bloc1s1	Bloc1s1-dl1	dl	parent correlated	11.9727	11.0516	32.7871	6	28	96.5517	0.8393	0.0366	0.0605
Bloc1s1	Bloc1s1-dl2	dl	low expression	0.3474	0.0000	5.1919	2	2	6.8966	0.3779	0.4601	0.6173
Bloc1s2	Bloc1s2-l1	l	low expression	0.0181	0.0000	0.3342	2	2	6.8966	-0.0296	0.9555	0.6338
Bloc1s5	Bloc1s5-dl1	dl	supported	45.9469	45.2743	97.9319	6	28	96.5517	-0.1132	0.8309	0.0617
Bloc1s6	Bloc1s6-dl1	dl	parent correlated	28.6860	22.0066	108.1815	6	27	93.1034	0.8348	0.0387	0.0435
Bloc1s6	Bloc1s6-dl2	dl	supported	19.6171	17.3714	51.8741	6	25	86.2069	0.4039	0.4271	0.0664
Bmp8b	Bmp8b-l1	l	supported	2.6068	1.9611	8.3262	6	29	100.0000	0.5668	0.2409	0.1030
Bmper	Bmper-l1	l	parent correlated	2.6936	0.7890	17.6380	6	28	96.5517	0.9220	0.0089	0.3653
Bnip3	Bnip3-dl1	dl	parent correlated	566.4271	524.4347	1326.2155	6	29	100.0000	0.9790	0.0007	0.0663
Bod1	Bod1-dl1	dl	supported	181.5006	182.0773	326.5536	6	29	100.0000	0.7040	0.1184	0.0248
Brcc3	Brcc3-l1	l	supported	72.6175	69.3945	125.4823	6	29	100.0000	0.6860	0.1324	0.0198
Brk1	Brk1-dl1	dl	parent correlated	230.2400	215.2624	443.1599	6	29	100.0000	0.9546	0.0030	0.0232
Brwd1	Brwd1-l1	l	supported	25.8493	15.7514	88.9130	6	29	100.0000	0.7687	0.0740	0.1814
Btf3l4	Btf3l4-l1	l	parent correlated	312.4870	265.9269	652.0768	6	29	100.0000	0.8314	0.0402	0.0283
Btg1	Btg1-dl1	dl	parent correlated	839.5862	590.2349	2641.4308	6	29	100.0000	0.9961	0.0000	0.0910
Btn1a1	Btn1a1-l1	l	supported	87.4725	63.5170	209.5621	6	29	100.0000	0.6421	0.1692	0.0919
Btnl8	Btnl8-l1	l	supported	3.1536	3.1184	6.8337	6	29	100.0000	-0.1331	0.8015	0.0815
C4bpa	C4bpa-l1	l	low expression	11.7124	0.2370	68.4519	6	15	51.7241	0.9167	0.0101	0.5215
C4bpa	C4bpa-l2	l	supported	25.6335	0.7610	155.1445	6	21	72.4138	0.6855	0.1328	0.6646
C5	C5-l1	l	supported	190.5355	1.7537	1355.3303	6	28	96.5517	0.5959	0.2120	0.7714
C5	C5-l2	l	supported	249.5554	6.3981	1623.0999	6	29	100.0000	0.7180	0.1081	0.7290
Calm	Calm-l1	l	parent correlated	111.1502	61.1646	337.2808	6	29	100.0000	0.9971	0.0000	0.1651
Calm	Calm-l2	l	parent correlated	221.5020	144.9255	580.3714	6	29	100.0000	0.9857	0.0003	0.1237
Calr	Calr-l1	l	low expression	19.6831	0.1145	203.1667	6	23	79.3103	-0.8253	0.0431	0.9720
Camp	Camp-l1	l	parent correlated	16.3802	5.3228	73.0039	6	24	82.7586	0.9159	0.0103	0.3104
Capza1	Capza1-l1	l	parent correlated	88.6408	80.6311	181.9121	6	29	100.0000	0.9275	0.0077	0.0419
Capza1	Capza1-l2	l	parent correlated	24.4463	17.9477	54.9631	6	29	100.0000	0.9142	0.0107	0.0583
Casp3	Casp3-l1	l	parent correlated	72.4672	62.7483	149.6253	6	29	100.0000	0.8548	0.0301	0.0280
Casp6	Casp6-dl1	dl	parent correlated	144.3588	158.3109	347.4441	6	29	100.0000	0.9944	0.0000	0.1176
Cbr1	Cbr1-l1	l	supported	438.1170	353.7209	1286.8070	6	29	100.0000	-0.3915	0.4427	0.1142
Ccdc115	Ccdc115-l1	l	parent correlated	133.2055	142.0398	222.8550	6	29	100.0000	0.9528	0.0033	0.0309
Ccdc167	Ccdc167-l1	l	supported	2.0144	1.6314	11.0031	6	21	72.4138	0.7099	0.1140	0.1494
Ccdc25	Ccdc25-dl1	dl	supported	1155.8485	1096.2873	1823.0159	6	29	100.0000	0.7838	0.0651	0.0156
Ccdc28a	Ccdc28a-l1	l	parent correlated	227.8665	222.5650	399.8292	6	29	100.0000	0.8261	0.0427	0.0755
Ccdc43	Ccdc43-l1	l	parent correlated	280.6259	233.8467	594.0746	6	29	100.0000	0.9716	0.0012	0.0367
Ccdc59	Ccdc59-dl1	dl	supported	194.7552	172.8255	332.5546	6	29	100.0000	0.2430	0.6427	0.0048
Ccdc91	Ccdc91-l1	l	supported	357.4752	335.8023	656.0166	6	29	100.0000	0.3941	0.4395	0.0437
Ccl2	Ccl2-l1	l	parent correlated	216.4877	82.2637	820.5029	6	29	100.0000	0.9885	0.0002	0.2872
Ccl3	Ccl3-l1	l	supported	31.0179	0.6671	251.6834	5	17	58.6207	-0.2659	0.6105	0.8305
Ccl3	Ccl3-l2	l	supported	53.7442	1.2880	456.3753	6	20	68.9655	-0.4947	0.3185	0.5800
Ccl3l1	Ccl3l1-l1	l	parent correlated	11.7376	0.9065	98.3245	6	17	58.6207	0.9768	0.0008	0.6407
Ccl4	Ccl4-l1	l	parent correlated	41.6082	13.9871	393.6072	6	28	96.5517	0.9992	0.0000	0.4359
Ccl4	Ccl4-l2	l	parent correlated	65.8630	10.1708	687.3756	6	25	86.2069	0.9325	0.0067	0.5774
Ccnb1	Ccnb1-dl1	dl	low expression	2.1726	0.0000	37.2562	5	9	31.0345	0.8773	0.0217	0.6358
Ccnb1	Ccnb1-dl2	dl	supported	4.6492	1.8254	23.0912	6	25	86.2069	0.4363	0.3871	0.3962
Ccnb1	Ccnb1-dl3	dl	low expression	0.9926	0.0000	9.6819	4	9	31.0345	0.5759	0.2317	0.4213
Ccnb1	Ccnb1-dl4	dl	supported	3.0794	0.8645	19.7078	6	18	62.0690	0.5802	0.2273	0.2920
Ccnb1	Ccnb1-dl5	dl	supported	10.8193	7.1479	46.7635	6	23	79.3103	0.4162	0.4117	0.0610
Ccnb1	Ccnb1-dl6	dl	low expression	1.3860	0.0000	19.3180	5	10	34.4828	0.7564	0.0818	0.4118
Ccnb1	Ccnb1-dl7	dl	parent correlated	22.1815	5.8164	340.8253	6	26	89.6552	0.9111	0.0115	0.5310
Ccnq	Ccnq-dl1	dl	parent correlated	78.3758	73.5460	144.8409	6	29	100.0000	0.9003	0.0144	0.0267
Ccr1	Ccr1-l1	l	parent correlated	88.6822	22.8258	376.2173	6	29	100.0000	0.9916	0.0001	0.3875
Cct2	Cct2-l1	l	supported	120.4534	114.0330	170.8914	6	29	100.0000	0.7957	0.0583	0.0136
Cct3	Cct3-dl1	dl	supported	36.8620	35.0352	60.2628	6	29	100.0000	-0.3993	0.4329	0.0073
Cct3	Cct3-dl2	dl	supported	689.8724	699.9282	932.5386	6	29	100.0000	-0.0508	0.9239	0.0036
Cct3	Cct3-l1	l	supported	71.0318	70.6185	116.4478	6	29	100.0000	0.3401	0.5095	0.0027
Cct4	Cct4-dl1	dl	supported	436.0585	401.9663	691.2080	6	29	100.0000	0.6732	0.1427	0.0176
Cct4	Cct4-dl2	dl	supported	334.1492	314.4850	505.3663	6	29	100.0000	0.5171	0.2934	0.0110
Cct5	Cct5-l1	l	parent correlated	271.0256	287.4707	354.1943	6	29	100.0000	0.9700	0.0013	0.0092
Cct6a	Cct6a-l1	l	parent correlated	475.8509	476.9309	740.1202	6	29	100.0000	0.9313	0.0069	0.0113
Cct7	Cct7-dl1	dl	supported	90.9983	92.5374	130.1028	6	29	100.0000	0.6751	0.1412	0.0073
Cct7	Cct7-dl2	dl	supported	12.8133	11.0771	34.2363	6	26	89.6552	0.3085	0.5519	0.0409
Cct7	Cct7-dl3	dl	parent correlated	8.0396	6.5457	37.7252	6	27	93.1034	0.8420	0.0355	0.0710
Cct7	Cct7-dl4	dl	parent correlated	19.0660	18.1612	38.9119	6	29	100.0000	0.8457	0.0339	0.0171
Cct7	Cct7-dl5	dl	parent correlated	18.4120	17.4667	36.7697	6	28	96.5517	0.8914	0.0171	0.0126
Cct7	Cct7-l1	l	supported	19.2599	20.4847	46.1403	6	26	89.6552	-0.0130	0.9806	0.0253
Cct7	Cct7-l2	l	parent correlated	8.0478	7.8488	16.1803	6	29	100.0000	0.9108	0.0116	0.0239
Cd164	Cd164-dl1	dl	supported	202.2338	199.8260	324.5419	6	29	100.0000	0.7350	0.0960	0.0120
Cd1a	Cd1a-l1	l	supported	18.5470	3.6791	173.8703	6	22	75.8621	0.4360	0.3874	0.5463
Cd209a	Cd209a-l1	l	parent correlated	58.6023	18.5251	375.7073	6	26	89.6552	0.9564	0.0028	0.4799
Cd300ld	Cd300ld-l1	l	supported	11.8153	1.4489	76.0233	6	22	75.8621	-0.2111	0.6880	0.7003
Cd33	Cd33-l1	l	supported	23.0073	0.8912	153.1634	6	24	82.7586	0.7663	0.0755	0.6664
Cd5l	Cd5l-dl1	dl	low expression	0.4070	0.0000	2.6647	6	13	44.8276	0.9259	0.0080	0.4025
Cd70	Cd70-l1	l	supported	2.1642	0.6151	14.5374	5	19	65.5172	0.6252	0.1844	0.4339
Cdc26	Cdc26-dl1	dl	supported	242.4412	234.7712	453.0490	6	29	100.0000	0.7873	0.0630	0.0179
Cdhr3	Cdhr3-l1	l	low expression	0.7065	0.0349	3.8618	5	16	55.1724	0.7591	0.0801	0.3812
Cdk1	Cdk1-dl1	dl	parent correlated	16.3277	2.5359	225.9670	6	20	68.9655	0.9514	0.0035	0.5956
Cdk1	Cdk1-dl2	dl	low expression	1.5223	0.0000	11.7520	6	11	37.9310	0.9011	0.0142	0.2431
Cdk2ap1	Cdk2ap1-dl1	dl	parent correlated	347.0151	315.8299	726.1489	6	29	100.0000	0.9776	0.0007	0.0441
Cdkn2aipnl	Cdkn2aipnl-dl1	dl	supported	12.1216	6.9686	109.8313	6	20	68.9655	0.4878	0.3263	0.1390
Cdkn2aipnl	Cdkn2aipnl-dl2	dl	supported	175.7224	174.7537	341.4396	6	29	100.0000	0.6154	0.1935	0.0060
Cdkn2aipnl	Cdkn2aipnl-l1	l	supported	338.5004	280.7084	770.4154	6	29	100.0000	0.7316	0.0984	0.0134
Cdkn2b	Cdkn2b-l1	l	supported	3.6670	1.4462	19.7497	6	25	86.2069	0.6764	0.1401	0.3358
Ceacam1	Ceacam1-l1	l	supported	11.9569	2.2946	99.0507	6	29	100.0000	0.2424	0.6435	0.6022
Cebpz	Cebpz-dl1	dl	parent correlated	46.0685	45.1573	99.7185	6	29	100.0000	0.9225	0.0088	0.0247
Cebpz	Cebpz-dl2	dl	parent correlated	87.4877	92.1727	129.2058	6	29	100.0000	0.8862	0.0187	0.0175
Cebpzos	Cebpzos-l1	l	supported	25.4787	20.5200	91.0207	6	24	82.7586	-0.6407	0.1705	0.1019
Cel	Cel-l1	l	low expression	1.5749	0.0000	11.6376	5	14	48.2759	0.0602	0.9098	0.2733
Celf3	Celf3-l1	l	low expression	107.6434	0.0000	665.1278	4	11	37.9310	0.7969	0.0577	0.9924
Cenpi	Cenpi-l1	l	supported	108.8196	114.7889	172.8679	6	29	100.0000	0.3219	0.5338	0.0240
Ces1	Ces1-l1	l	parent correlated	164.9743	14.0091	1134.1415	6	29	100.0000	0.9709	0.0013	0.5664
Ces1	Ces1-rl1	rl	parent correlated	47.4596	4.3215	254.1751	6	29	100.0000	0.8382	0.0372	0.5790
Ces1d	Ces1d-l1	l	supported	1212.6002	1.7154	13168.3821	6	29	100.0000	0.4081	0.4219	0.7877
Cfl1	Cfl1-dl1	dl	parent correlated	1013.8761	578.2925	2519.6080	6	29	100.0000	0.9976	0.0000	0.1233
Cfl1	Cfl1-dl2	dl	parent correlated	2009.5917	1285.9089	4966.0634	6	29	100.0000	0.9999	0.0000	0.1197
Chchd1	Chchd1-dl1	dl	supported	25.6225	25.0205	53.2629	6	28	96.5517	-0.4207	0.4062	0.0114
Chchd1	Chchd1-l1	l	low expression	1.8006	0.0000	11.6320	4	9	31.0345	0.7844	0.0647	0.2366
Chchd2	Chchd2-dl1	dl	parent correlated	927.0108	976.7164	1594.1853	6	29	100.0000	0.9924	0.0001	0.0446
Chchd2	Chchd2-l1	l	parent correlated	1691.7454	1680.1836	3092.6745	6	29	100.0000	0.9950	0.0000	0.0304
Chchd4	Chchd4-dl1	dl	supported	11.0025	9.9289	44.7999	6	25	86.2069	0.3607	0.4824	0.1705
Chchd4	Chchd4-dl2	dl	supported	249.6565	187.3400	580.9445	6	29	100.0000	0.7925	0.0601	0.0919
Chchd4	Chchd4-dl3	dl	supported	63.2793	64.4485	127.3560	6	28	96.5517	0.7399	0.0927	0.0151
Chchd4	Chchd4-dl4	dl	supported	3.1968	1.3859	29.3114	6	18	62.0690	0.1162	0.8265	0.1289
Chchd6	Chchd6-dl1	dl	supported	128.1087	76.4723	489.0745	6	29	100.0000	0.7509	0.0853	0.1978
Chmp4b	Chmp4b-dl1	dl	parent correlated	312.6739	302.1998	504.4434	6	29	100.0000	0.8323	0.0398	0.0413
Chmp5	Chmp5-dl1	dl	supported	176.7872	156.9156	305.9947	6	29	100.0000	0.7095	0.1143	0.0299
Chmp5	Chmp5-dl2	dl	supported	45.2808	35.6010	153.1298	6	28	96.5517	0.5846	0.2230	0.0684
Chmp5	Chmp5-l1	l	supported	797.7147	748.7180	1624.9104	6	29	100.0000	0.5219	0.2882	0.0283
Chordc1	Chordc1-dl1	dl	parent correlated	236.0165	215.9267	441.3261	6	29	100.0000	0.8537	0.0305	0.0264
Chordc1	Chordc1-l1	l	parent correlated	415.9901	343.7518	725.1758	6	29	100.0000	0.8357	0.0383	0.0282
Chrac1	Chrac1-dl1	dl	parent correlated	59.6420	60.8211	100.6689	6	29	100.0000	0.8239	0.0438	0.0280
Chtop	Chtop-l1	l	parent correlated	315.6383	284.8094	522.4508	6	29	100.0000	0.9382	0.0056	0.0344
Churc1	Churc1-dl1	dl	parent correlated	189.6485	139.9501	615.3536	6	29	100.0000	0.8921	0.0168	0.1420
Cir1	Cir1-dl1	dl	supported	80.9176	72.3981	140.2132	6	29	100.0000	0.3200	0.5363	0.0194
Cirbp	Cirbp-l1	l	low expression	0.1685	0.0000	1.5066	3	4	13.7931	0.3042	0.5577	0.4438
Cisd1	Cisd1-dl1	dl	unsupported	0.0000	0.0000	0.0000	0	0	0.0000			1.0000
Cisd2	Cisd2-dl1	dl	supported	75.5756	71.8520	135.9920	6	28	96.5517	0.6641	0.1503	0.0390
Ckb	Ckb-l1	l	parent correlated	2449.7823	207.1505	13137.0202	6	29	100.0000	0.9973	0.0000	0.7047
Cks1b	Cks1b-dl1	dl	parent correlated	216.8318	154.0459	787.7340	6	28	96.5517	0.9789	0.0007	0.1398
Clca4	Clca4-l1	l	low expression	0.1053	0.0000	0.8957	6	11	37.9310	0.8366	0.0379	0.1968
Clec4a	Clec4a-l1	l	parent correlated	17.2754	3.5142	111.3377	6	29	100.0000	0.9272	0.0078	0.5984
Clec4a	Clec4a-rl1	rl	parent correlated	45.1991	12.5506	221.4744	6	29	100.0000	0.8444	0.0345	0.4280
Clec4g	Clec4g-dl1	dl	low expression	2.0517	0.4038	18.9334	6	23	79.3103	-0.3731	0.4664	0.6112
Clic1	Clic1-l1	l	parent correlated	78.2492	71.2610	220.2449	6	29	100.0000	0.9978	0.0000	0.1759
Clint1	Clint1-l1	l	parent correlated	2.5393	1.8337	12.0546	6	23	79.3103	0.9443	0.0046	0.0333
Clns1a	Clns1a-dl1	dl	parent correlated	132.7140	101.8046	297.2452	6	29	100.0000	0.8422	0.0354	0.0513
Clns1a	Clns1a-dl2	dl	parent correlated	73.2209	55.5658	236.2789	6	29	100.0000	0.9915	0.0001	0.0839
Cmc1	Cmc1-l1	l	supported	625.4915	593.4718	1114.1912	6	29	100.0000	-0.8555	0.0298	0.0367
Cmc4	Cmc4-l1	l	supported	204.0226	184.3422	543.3037	6	29	100.0000	0.0885	0.8676	0.0288
Cmpk1	Cmpk1-dl1	dl	parent correlated	179.6223	138.4589	484.4961	6	28	96.5517	0.9050	0.0131	0.0676
Cmpk1	Cmpk1-dl2	dl	parent correlated	2504.2925	2154.3042	6206.4717	6	29	100.0000	0.8956	0.0158	0.0727
Cmtm8	Cmtm8-dl1	dl	parent correlated	158.0274	63.7527	637.2564	6	28	96.5517	0.8556	0.0298	0.2843
Cnn3	Cnn3-dl1	dl	parent correlated	207.8974	228.0980	360.2391	6	29	100.0000	0.9868	0.0003	0.0298
Cnn3	Cnn3-dl2	dl	parent correlated	1465.0405	1710.3638	2177.1985	6	29	100.0000	0.9863	0.0003	0.0295
Coa3	Coa3-l1	l	supported	1845.3039	1784.0444	2752.3492	6	29	100.0000	0.3540	0.4912	0.0242
Coa6	Coa6-dl1	dl	supported	383.9451	408.4244	571.8276	6	29	100.0000	0.5428	0.2658	0.0094
Cobll1	Cobll1-l1	l	parent correlated	58.5759	43.1369	144.7185	6	29	100.0000	0.9050	0.0131	0.0884
Coil	Coil-dl1	dl	parent correlated	38.4303	24.1729	103.5724	6	29	100.0000	0.9635	0.0020	0.1044
Copb2	Copb2-dl1	dl	supported	1228.0927	1134.2678	2056.1818	6	29	100.0000	0.7516	0.0849	0.0267
Cops2	Cops2-l1	l	parent correlated	42.9721	36.6262	110.7330	6	29	100.0000	0.8409	0.0359	0.0215
Cox15	Cox15-dl1	dl	supported	314.6158	296.1961	550.9271	6	29	100.0000	0.6228	0.1866	0.0243
Cox19	Cox19-l1	l	supported	10.1582	6.6755	40.8842	6	19	65.5172	0.7097	0.1142	0.0582
Cox6a1	Cox6a1-dl1	dl	low expression	9.1426	0.0000	63.3177	3	8	27.5862	0.5676	0.2401	0.6530
Cox6a1	Cox6a1-l1	l	parent correlated	2613.7510	2393.9870	5196.7764	6	29	100.0000	0.9946	0.0000	0.0953
Cox6b1	Cox6b1-dl1	dl	parent correlated	99.6157	68.4926	420.6925	6	24	82.7586	0.8877	0.0182	0.2898
Cox6b1	Cox6b1-dl2	dl	parent correlated	199.5215	148.7027	621.3682	6	29	100.0000	0.9636	0.0020	0.1242
Cox6b1	Cox6b1-l1	l	parent correlated	5740.8030	4861.5696	16062.9841	6	29	100.0000	0.9829	0.0004	0.0996
Cox6c	Cox6c-dl1	dl	supported	1623.1362	1360.4726	3975.7480	6	29	100.0000	0.7410	0.0919	0.0964
Cox6c	Cox6c-dl2	dl	supported	389.1868	354.3670	855.4506	6	29	100.0000	0.7989	0.0566	0.0934
Cox6c	Cox6c-dl3	dl	parent correlated	613.3520	510.8601	1737.3782	6	29	100.0000	0.8307	0.0406	0.1013
Cox6c	Cox6c-dl4	dl	supported	1400.6342	982.4570	4571.2304	6	29	100.0000	0.7392	0.0932	0.1693
Cox6c	Cox6c-l1	l	supported	171.4825	120.2440	473.6944	6	29	100.0000	0.6805	0.1368	0.1214
Cox7a2	Cox7a2-dl1	dl	parent correlated	32.1886	26.4269	77.7903	6	26	89.6552	0.9108	0.0116	0.0677
Cox7a2	Cox7a2-dl2	dl	parent correlated	1745.0970	1347.3332	4199.1794	6	29	100.0000	0.9906	0.0001	0.0749
Cox7a2	Cox7a2-dl3	dl	parent correlated	3050.3638	2512.6978	6522.3121	6	29	100.0000	0.9840	0.0004	0.0756
Cox7a2	Cox7a2-dl4	dl	parent correlated	318.5057	267.0809	902.0850	6	28	96.5517	0.9353	0.0062	0.1063
Cox7b	Cox7b-dl1	dl	parent correlated	257.9552	190.6186	840.7688	6	29	100.0000	0.9883	0.0002	0.1650
Cox7b	Cox7b-dl2	dl	low expression	40.4599	0.0000	462.5352	5	10	34.4828	0.3788	0.4590	0.1931
Cox7b	Cox7b-dl3	dl	low expression	2.4754	0.0000	18.3243	4	10	34.4828	0.9079	0.0123	0.4655
Cox7b	Cox7b-dl4	dl	parent correlated	3437.1912	2433.4919	11124.1321	6	29	100.0000	0.9792	0.0006	0.1930
Cox7b	Cox7b-dl5	dl	parent correlated	349.2327	216.9619	1159.1428	6	28	96.5517	0.9588	0.0025	0.1613
Cox7b	Cox7b-l1	l	supported	19.6103	17.7752	57.5517	6	25	86.2069	0.7772	0.0689	0.0338
Cox7b	Cox7b-l2	l	parent correlated	36.3740	33.1210	72.1798	6	29	100.0000	0.9039	0.0134	0.0396
Cox7c	Cox7c-dl1	dl	parent correlated	551.8592	395.5801	1608.6611	6	29	100.0000	0.9987	0.0000	0.1245
Cox7c	Cox7c-dl2	dl	parent correlated	153.2621	107.8383	471.7185	6	28	96.5517	0.9915	0.0001	0.1427
Cox8a	Cox8a-dl1	dl	parent correlated	870.9443	852.3333	1464.5463	6	29	100.0000	0.9857	0.0003	0.0484
Cpm	Cpm-l1	l	low expression	0.3085	0.0000	2.8753	5	11	37.9310	0.6356	0.1750	0.3264
Cpt2	Cpt2-dl1	dl	parent correlated	72.1912	49.4588	189.3777	6	29	100.0000	0.9027	0.0137	0.0775
Crcp	Crcp-dl1	dl	parent correlated	84.1775	84.3579	141.9962	6	29	100.0000	0.8227	0.0444	0.0202
Crip1	Crip1-dl1	dl	unsupported	0.0000	0.0000	0.0000	0	0	0.0000			1.0000
Crip1	Crip1-dl2	dl	parent correlated	1444.0440	900.5878	4292.6643	6	29	100.0000	0.9449	0.0045	0.2148
Cript	Cript-dl1	dl	supported	1.0041	0.7346	4.5078	6	23	79.3103	0.7697	0.0734	0.1199
Cript	Cript-dl2	dl	parent correlated	158.0590	108.7248	508.7010	6	29	100.0000	0.9161	0.0103	0.0350
Crisp3	Crisp3-l1	l	low expression	0.5925	0.0859	8.0758	5	15	51.7241	-0.3332	0.5187	0.6501
Cryz	Cryz-l1	l	parent correlated	566.9896	165.0259	2425.7926	6	29	100.0000	0.9908	0.0001	0.2974
Cs	Cs-l1	l	parent correlated	1798.9404	1255.3637	5983.6663	6	29	100.0000	0.9989	0.0000	0.2032
Cse1l	Cse1l-dl1	dl	parent correlated	423.1754	405.5826	723.5896	6	29	100.0000	0.9149	0.0105	0.0229
Csf2rb	Csf2rb-l1	l	parent correlated	16.9690	6.9936	69.1301	6	29	100.0000	0.8902	0.0174	0.2382
Cspg4	Cspg4-l1	l	supported	53.4918	33.4942	226.8404	6	29	100.0000	0.4436	0.3782	0.2273
Cst3	Cst3-dl1	dl	unsupported	0.0000	0.0000	0.0000	0	0	0.0000			1.0000
Cst3	Cst3-l1	l	low expression	1.2940	0.0000	11.9017	2	7	24.1379	0.2887	0.5790	0.8919
Cst3	Cst3-l2	l	low expression	0.5807	0.0000	2.5642	4	12	41.3793	0.4007	0.4311	0.3832
Cst3	Cst3-l3	l	low expression	0.6554	0.0000	3.0986	5	14	48.2759	0.2486	0.6348	0.2417
Cst3	Cst3-l4	l	low expression	0.6003	0.0000	4.6482	5	10	34.4828	0.3137	0.5449	0.2759
Cst3	Cst3-l5	l	supported	6340.1711	6037.1270	10175.9713	6	29	100.0000	0.3357	0.5154	0.0186
Cstf3	Cstf3-dl1	dl	unsupported	0.0000	0.0000	0.0000	0	0	0.0000			1.0000
Ctnnbl1	Ctnnbl1-l1	l	parent correlated	130.9652	94.6029	267.7651	6	29	100.0000	0.9062	0.0128	0.0541
Ctrb1	Ctrb1-dl1	dl	low expression	3.5974	0.1743	38.1275	6	15	51.7241	0.8835	0.0196	0.6526
Ctrb1	Ctrb1-l1	l	supported	3.9804	2.3179	24.6486	6	24	82.7586	0.7240	0.1037	0.1515
Ctrb1	Ctrb1-l2	l	supported	1.3495	0.8892	8.5215	6	23	79.3103	0.5490	0.2592	0.0854
Ctsg	Ctsg-l1	l	low expression	1.6898	0.3875	12.6670	4	15	51.7241	0.9452	0.0044	0.6560
Ctu1	Ctu1-l1	l	parent correlated	26.6428	20.2390	61.4296	6	29	100.0000	0.9452	0.0044	0.0789
Cuta	Cuta-l1	l	supported	37.7978	39.1885	62.4353	6	29	100.0000	0.4594	0.3593	0.0217
Cwc27	Cwc27-l1	l	supported	131.1216	105.1153	299.0445	6	29	100.0000	0.5135	0.2974	0.0740
Cxcr4	Cxcr4-l1	l	parent correlated	16.5124	5.7100	94.9792	6	28	96.5517	0.9885	0.0002	0.4073
Cyb5b	Cyb5b-dl1	dl	parent correlated	391.8568	390.5857	718.4718	6	29	100.0000	0.9815	0.0005	0.0374
Cycs	Cycs-dl1	dl	parent correlated	615.4402	476.1009	1814.2479	6	29	100.0000	0.9040	0.0134	0.1798
Cyp11b1	Cyp11b1-l1	l	low expression	58.2259	0.0000	1535.4118	4	11	37.9310	0.6855	0.1328	0.9887
Cyp11b1	Cyp11b1-l2	l	low expression	63.2850	0.0000	1660.6459	5	10	34.4828	0.8606	0.0278	0.9420
Cyp2b4	Cyp2b4-l1	l	parent correlated	381.4314	4.4721	2632.0008	6	26	89.6552	0.9670	0.0016	0.8007
Cyp2d16	Cyp2d16-l1	l	supported	277.9270	281.8216	535.8895	6	29	100.0000	-0.5951	0.2127	0.0358
Cyp2d4	Cyp2d4-l1	l	supported	350.9715	4.0310	2919.3773	6	28	96.5517	0.4073	0.4228	0.7867
Cyp2j2	Cyp2j2-l1	l	parent correlated	5.7810	5.5164	14.8285	6	29	100.0000	0.8392	0.0367	0.1668
Cyp3a4	Cyp3a4-l1	l	low expression	262.8665	0.4402	1889.1509	6	29	100.0000	0.9848	0.0003	0.8118
Dcaf12l2	Dcaf12l2-l1	l	low expression	0.1665	0.0000	2.8988	2	3	10.3448	-0.2625	0.6153	0.6245
Dcp2	Dcp2-dl1	dl	supported	31.3295	33.5446	65.4751	6	29	100.0000	0.7373	0.0945	0.0675
Dctn5	Dctn5-dl1	dl	parent correlated	205.5513	182.1009	374.6507	6	29	100.0000	0.8383	0.0371	0.0302
Dda1	Dda1-l1	l	parent correlated	656.0984	664.9059	1354.6237	6	29	100.0000	0.9160	0.0103	0.0707
Ddt	Ddt-dl1	dl	parent correlated	1289.0180	477.1553	4783.6904	6	28	96.5517	0.9716	0.0012	0.3214
Ddx4	Ddx4-l1	l	low expression	1.0092	0.0000	7.4516	5	10	34.4828	0.1934	0.7135	0.1818
Defb1	Defb1-l1	l	low expression	20.6232	0.0000	270.2695	1	4	13.7931	0.2217	0.6729	1.0000
Dek	Dek-dl1	dl	parent correlated	120.6216	98.8743	197.1999	6	29	100.0000	0.9778	0.0007	0.0306
Depdc1	Depdc1-l1	l	low expression	0.5008	0.0716	5.8133	6	21	72.4138	0.8749	0.0225	0.7072
Dhfr	Dhfr-dl1	dl	supported	55.3173	52.5754	93.4113	6	29	100.0000	0.6957	0.1248	0.0302
Dhfr	Dhfr-dl2	dl	parent correlated	23.4549	26.6138	45.2626	6	28	96.5517	0.8236	0.0439	0.0297
Dhfr	Dhfr-dl3	dl	supported	52.1480	37.4671	238.7925	6	28	96.5517	0.4639	0.3540	0.1115
Dhfr	Dhfr-dl4	dl	supported	37.2275	34.1920	97.7954	6	27	93.1034	0.6228	0.1865	0.0580
Dhfr	Dhfr-dl5	dl	parent correlated	8.6551	8.4379	27.3182	6	28	96.5517	0.8547	0.0302	0.0241
Dhfr	Dhfr-dl6	dl	supported	155.7023	145.8154	310.3478	6	29	100.0000	0.3782	0.4598	0.0416
Dhfr	Dhfr-dl7	dl	supported	10.9946	9.6630	48.3364	6	23	79.3103	0.1076	0.8393	0.0270
Dhfr	Dhfr-l1	l	supported	24.0887	25.1294	51.9725	6	28	96.5517	0.5916	0.2162	0.0316
Dhfr	Dhfr-l2	l	low expression	0.4583	0.2323	2.9997	6	15	51.7241	0.0981	0.8533	0.1361
Dhrs7	Dhrs7-l1	l	supported	87.2562	38.7249	248.4627	6	29	100.0000	-0.0581	0.9130	0.1228
Dhrs7	Dhrs7-l2	l	supported	2.8629	0.8223	11.5036	6	29	100.0000	0.3103	0.5496	0.2626
Dhx15	Dhx15-l1	l	parent correlated	186.7269	180.5940	279.7590	6	29	100.0000	0.9112	0.0115	0.0238
Diras2	Diras2-l1	l	parent correlated	195.9082	14.5506	1178.8572	6	23	79.3103	0.9790	0.0007	0.8389
Dmbt1	Dmbt1-l1	l	supported	2.2221	0.5267	14.5533	6	27	93.1034	0.1759	0.7389	0.2572
Dnah7	Dnah7-rl1	rl	parent correlated	13.0285	10.0752	41.5252	6	29	100.0000	0.9494	0.0038	0.0867
Dnaja2	Dnaja2-dl1	dl	supported	186.3319	174.0715	356.5427	6	29	100.0000	0.6222	0.1871	0.0334
Dnajb5	Dnajb5-l1	l	low expression	0.9791	0.0000	6.1843	5	11	37.9310	0.8608	0.0277	0.2587
Dnajc17	Dnajc17-l1	l	supported	200.5252	184.5738	401.1832	6	29	100.0000	0.1431	0.7868	0.0257
Dnajc24	Dnajc24-dl1	dl	supported	213.0168	167.2535	535.3682	6	29	100.0000	0.7308	0.0990	0.0805
Dnajc8	Dnajc8-l1	l	parent correlated	202.3054	228.9283	345.8716	6	29	100.0000	0.9116	0.0114	0.0327
Donson	Donson-dl1	dl	supported	239.0628	219.7559	399.0600	6	29	100.0000	0.7979	0.0571	0.0293
Dph1	Dph1-dl1	dl	supported	36.8028	37.5899	63.1718	6	28	96.5517	0.6916	0.1280	0.0133
Dph1	Dph1-dl2	dl	parent correlated	217.4333	231.3449	318.4138	6	29	100.0000	0.8535	0.0306	0.0277
Dph2	Dph2-dl1	dl	supported	32.1793	29.4058	86.8897	6	29	100.0000	0.6873	0.1314	0.0248
Dpm1	Dpm1-l1	l	supported	27.5054	25.9671	93.6354	6	28	96.5517	0.7899	0.0616	0.0473
Dpm1	Dpm1-l2	l	supported	4.4414	3.4224	17.0173	6	23	79.3103	-0.1169	0.8255	0.0868
Dpy19l2	Dpy19l2-l1	l	low expression	0.5088	0.4956	1.8625	6	27	93.1034	0.3489	0.4978	0.1389
Drg1	Drg1-l1	l	supported	137.9165	127.0698	205.0531	6	29	100.0000	0.4092	0.4205	0.0098
Dstn	Dstn-dl1	dl	supported	4596.5370	4726.0825	5994.0661	6	29	100.0000	0.5141	0.2967	0.0083
Dtx4	Dtx4-l1	l	parent correlated	25.9752	24.0570	61.3903	6	29	100.0000	0.9963	0.0000	0.2008
Dusp18	Dusp18-l1	l	supported	9.1448	4.0124	33.4466	5	17	58.6207	0.5202	0.2901	0.2680
Dynap	Dynap-dl1	dl	unsupported	0.0000	0.0000	0.0000	0	0	0.0000			1.0000
Dynll1	Dynll1-l1	l	parent correlated	2457.9896	2449.4186	5205.7369	6	29	100.0000	0.9945	0.0000	0.0812
Dynll1	Dynll1-l2	l	low expression	3.9315	0.0000	25.7343	4	11	37.9310	0.5236	0.2864	0.2873
Dynlrb1	Dynlrb1-l1	l	supported	5199.2173	4142.4150	13024.1179	6	29	100.0000	0.4801	0.3352	0.0855
Dynlt1	Dynlt1-l1	l	supported	219.3700	231.2084	411.0589	6	29	100.0000	0.1364	0.7966	0.0319
Dynlt3	Dynlt3-dl1	dl	parent correlated	360.5876	347.5476	878.8559	6	29	100.0000	0.9644	0.0019	0.0639
Eci1	Eci1-dl1	dl	parent correlated	732.5760	808.6640	1484.9813	6	29	100.0000	0.9848	0.0003	0.1129
Ect2	Ect2-l1	l	parent correlated	2.0430	0.6840	14.7928	6	28	96.5517	0.9855	0.0003	0.3334
Eef1a1	Eef1a1-dl1	dl	parent correlated	10.9975	10.1472	22.5249	6	27	93.1034	0.9812	0.0005	0.0316
Eef1a1	Eef1a1-dl10	dl	parent correlated	365.0751	348.1123	698.1199	6	29	100.0000	0.8965	0.0155	0.0399
Eef1a1	Eef1a1-dl11	dl	supported	31.7689	28.7888	71.6060	6	29	100.0000	0.2144	0.6833	0.0263
Eef1a1	Eef1a1-dl12	dl	supported	12.0350	8.8928	39.0833	6	29	100.0000	0.3441	0.5042	0.0809
Eef1a1	Eef1a1-dl13	dl	supported	17.3089	15.8913	49.0839	6	29	100.0000	0.4521	0.3680	0.0288
Eef1a1	Eef1a1-dl14	dl	parent correlated	46.6305	42.6938	78.7869	6	29	100.0000	0.8516	0.0314	0.0131
Eef1a1	Eef1a1-dl15	dl	parent correlated	91.8810	97.6004	196.3421	6	29	100.0000	0.9625	0.0021	0.0358
Eef1a1	Eef1a1-dl16	dl	supported	16.5315	13.6546	65.3781	6	29	100.0000	0.6899	0.1293	0.0568
Eef1a1	Eef1a1-dl17	dl	supported	12.3955	9.7469	74.0863	6	28	96.5517	0.3424	0.5065	0.0626
Eef1a1	Eef1a1-dl18	dl	parent correlated	196.8100	190.2970	423.9837	6	29	100.0000	0.9535	0.0032	0.0272
Eef1a1	Eef1a1-dl19	dl	supported	7.5574	7.1705	20.6347	6	25	86.2069	0.3486	0.4983	0.0260
Eef1a1	Eef1a1-dl2	dl	supported	30.4057	30.3880	63.1000	6	29	100.0000	0.1565	0.7671	0.0217
Eef1a1	Eef1a1-dl20	dl	parent correlated	178.1386	158.0475	368.3080	6	29	100.0000	0.8886	0.0179	0.0292
Eef1a1	Eef1a1-dl21	dl	supported	75.2669	55.0534	288.4648	6	29	100.0000	-0.5747	0.2329	0.0873
Eef1a1	Eef1a1-dl22	dl	parent correlated	236.4171	230.8916	431.2393	6	29	100.0000	0.8039	0.0539	0.0312
Eef1a1	Eef1a1-dl23	dl	supported	73.4926	57.1260	237.7130	6	29	100.0000	-0.5980	0.2099	0.1396
Eef1a1	Eef1a1-dl24	dl	low expression	0.1201	0.0000	2.5859	2	2	6.8966	0.5230	0.2870	0.7077
Eef1a1	Eef1a1-dl25	dl	supported	20.0393	24.0787	41.0568	6	29	100.0000	-0.3322	0.5200	0.0288
Eef1a1	Eef1a1-dl26	dl	supported	31.7377	29.6340	58.8545	6	29	100.0000	0.7916	0.0606	0.0223
Eef1a1	Eef1a1-dl27	dl	parent correlated	6.7955	6.0828	20.1897	6	26	89.6552	0.8905	0.0173	0.0328
Eef1a1	Eef1a1-dl28	dl	parent correlated	24.5874	19.3888	80.7516	6	29	100.0000	0.8972	0.0153	0.0682
Eef1a1	Eef1a1-dl29	dl	supported	35.6626	35.4788	77.5689	6	29	100.0000	0.6639	0.1504	0.0309
Eef1a1	Eef1a1-dl3	dl	supported	28.9769	14.3562	232.7066	6	29	100.0000	0.2419	0.6442	0.1404
Eef1a1	Eef1a1-dl30	dl	parent correlated	63.2997	61.3803	100.3415	6	29	100.0000	0.9545	0.0031	0.0204
Eef1a1	Eef1a1-dl31	dl	supported	46.7568	41.2857	86.8349	6	29	100.0000	0.7520	0.0846	0.0363
Eef1a1	Eef1a1-dl32	dl	supported	350.1085	331.8628	774.5914	6	29	100.0000	0.7636	0.0772	0.0342
Eef1a1	Eef1a1-dl33	dl	supported	72.1973	29.3283	695.7816	6	29	100.0000	0.7548	0.0828	0.1831
Eef1a1	Eef1a1-dl34	dl	parent correlated	19.5612	13.6606	49.8495	6	28	96.5517	0.8891	0.0178	0.0344
Eef1a1	Eef1a1-dl35	dl	parent correlated	96.0184	97.2346	216.1956	6	29	100.0000	0.8963	0.0156	0.0231
Eef1a1	Eef1a1-dl36	dl	supported	83.0516	66.5173	213.3144	6	29	100.0000	0.5637	0.2440	0.0887
Eef1a1	Eef1a1-dl37	dl	parent correlated	33.1717	29.0281	83.4142	6	29	100.0000	0.8178	0.0468	0.0095
Eef1a1	Eef1a1-dl38	dl	supported	15.1580	13.5230	39.2538	6	27	93.1034	0.7428	0.0907	0.0390
Eef1a1	Eef1a1-dl39	dl	parent correlated	95.6148	86.6056	316.1479	6	29	100.0000	0.8237	0.0439	0.0378
Eef1a1	Eef1a1-dl4	dl	supported	14.8065	15.3218	41.5872	6	28	96.5517	0.7356	0.0956	0.0221
Eef1a1	Eef1a1-dl40	dl	parent correlated	80.6109	78.6662	137.0350	6	29	100.0000	0.8695	0.0244	0.0194
Eef1a1	Eef1a1-dl41	dl	parent correlated	19.4070	14.6732	55.7020	6	29	100.0000	0.8947	0.0161	0.0384
Eef1a1	Eef1a1-dl42	dl	parent correlated	138.1184	146.2891	276.5125	6	29	100.0000	0.9983	0.0000	0.0323
Eef1a1	Eef1a1-dl43	dl	parent correlated	30.7357	20.0912	98.1344	6	27	93.1034	0.8843	0.0193	0.0855
Eef1a1	Eef1a1-dl44	dl	supported	16.2307	15.3096	32.2778	6	29	100.0000	0.6287	0.1812	0.0274
Eef1a1	Eef1a1-dl45	dl	supported	16.1830	11.1379	95.8355	6	29	100.0000	0.3603	0.4829	0.1070
Eef1a1	Eef1a1-dl46	dl	parent correlated	21.5849	19.3922	43.8647	6	29	100.0000	0.9298	0.0072	0.0255
Eef1a1	Eef1a1-dl47	dl	parent correlated	4.5864	4.3950	16.2007	6	22	75.8621	0.8319	0.0400	0.0944
Eef1a1	Eef1a1-dl48	dl	parent correlated	4928.4661	5397.6270	7485.3368	6	29	100.0000	0.8943	0.0162	0.0283
Eef1a1	Eef1a1-dl49	dl	supported	17.1498	11.3728	44.0338	6	27	93.1034	-0.5664	0.2413	0.0867
Eef1a1	Eef1a1-dl5	dl	parent correlated	25.9537	23.9589	57.5152	6	29	100.0000	0.9537	0.0032	0.0174
Eef1a1	Eef1a1-dl50	dl	supported	6.9920	6.2932	19.6750	6	27	93.1034	0.7797	0.0675	0.0619
Eef1a1	Eef1a1-dl6	dl	parent correlated	17.4043	17.3011	52.5246	6	28	96.5517	0.9727	0.0011	0.0391
Eef1a1	Eef1a1-dl7	dl	parent correlated	87.5020	96.2429	150.8833	6	29	100.0000	0.8306	0.0406	0.0336
Eef1a1	Eef1a1-dl8	dl	supported	12.2918	9.5485	47.6740	6	28	96.5517	0.4427	0.3793	0.0823
Eef1a1	Eef1a1-dl9	dl	supported	75.2938	48.4245	290.8833	6	29	100.0000	0.5443	0.2642	0.1156
Eef1b2	Eef1b2-dl1	dl	parent correlated	137.3904	128.2516	344.2927	6	29	100.0000	0.9410	0.0051	0.0278
Eef1b2	Eef1b2-dl2	dl	unsupported	0.0000	0.0000	0.0000	0	0	0.0000			1.0000
Eef1b2	Eef1b2-dl3	dl	parent correlated	402.7207	340.1373	886.6977	6	29	100.0000	0.9791	0.0007	0.0448
Eef1b2	Eef1b2-dl4	dl	parent correlated	1731.2146	1639.3950	3132.3740	6	29	100.0000	0.9929	0.0001	0.0150
Eef1d	Eef1d-l1	l	supported	65.8006	60.4484	117.2396	6	29	100.0000	0.2311	0.6595	0.0349
Eef1e1	Eef1e1-l1	l	unsupported	0.0000	0.0000	0.0000	0	0	0.0000			1.0000
Eef1g	Eef1g-dl1	dl	parent correlated	6398.9952	6361.4207	12254.9098	6	29	100.0000	0.9930	0.0001	0.0376
Eef2	Eef2-dl1	dl	parent correlated	336.1869	347.9974	479.7272	6	29	100.0000	0.9957	0.0000	0.0074
Eef2	Eef2-dl2	dl	parent correlated	858.5455	906.6016	1215.4984	6	29	100.0000	0.8383	0.0371	0.0079
Eef2	Eef2-dl3	dl	parent correlated	177.2668	173.5212	293.9079	6	29	100.0000	0.9713	0.0012	0.0095
Eef2	Eef2-dl4	dl	parent correlated	852.8351	872.5943	1069.2381	6	29	100.0000	0.9500	0.0037	0.0040
Eef2	Eef2-dl5	dl	parent correlated	228.3353	241.5381	381.3725	6	29	100.0000	0.9425	0.0049	0.0164
Eef2	Eef2-l1	l	parent correlated	224.9231	239.7791	339.2343	6	29	100.0000	0.9447	0.0045	0.0097
Eef2kmt	Eef2kmt-l1	l	supported	54.6079	42.9325	117.6128	6	29	100.0000	0.6834	0.1345	0.0435
Eid1	Eid1-dl1	dl	parent correlated	4050.0367	3176.8068	12632.9648	6	29	100.0000	0.9926	0.0001	0.0633
Eif1	Eif1-dl1	dl	supported	13.0142	7.5402	73.8784	6	22	75.8621	-0.2160	0.6810	0.1109
Eif1	Eif1-dl2	dl	supported	41.8337	39.8563	80.8520	6	27	93.1034	0.0803	0.8799	0.0051
Eif1	Eif1-dl3	dl	unsupported	0.0000	0.0000	0.0000	0	0	0.0000			1.0000
Eif1	Eif1-dl4	dl	supported	8.7521	6.2286	40.2090	6	20	68.9655	0.0218	0.9673	0.0953
Eif1	Eif1-dl5	dl	parent correlated	5.7214	4.2826	34.5552	6	28	96.5517	0.8178	0.0468	0.1034
Eif1	Eif1-dl6	dl	supported	1.2068	0.6921	7.5711	6	19	65.5172	0.7863	0.0636	0.1297
Eif1	Eif1-dl7	dl	supported	744.3024	742.7330	1194.3484	6	29	100.0000	0.1230	0.8164	0.0082
Eif1	Eif1-dl8	dl	supported	9.6898	5.6689	49.6345	6	16	55.1724	0.2548	0.6261	0.1456
Eif1	Eif1-dl9	dl	unsupported	0.0000	0.0000	0.0000	0	0	0.0000			1.0000
Eif1ax	Eif1ax-dl1	dl	parent correlated	15.9641	11.4636	83.1350	6	28	96.5517	0.8221	0.0447	0.0881
Eif1ax	Eif1ax-dl2	dl	supported	403.6312	375.5600	524.0295	6	29	100.0000	0.5338	0.2754	0.0045
Eif1ax	Eif1ax-dl3	dl	supported	3.1321	1.9424	19.4491	6	22	75.8621	0.5458	0.2626	0.1381
Eif2b1	Eif2b1-dl1	dl	parent correlated	605.2293	530.1748	1062.9959	6	29	100.0000	0.8769	0.0218	0.0223
Eif2b4	Eif2b4-l1	l	parent correlated	317.4405	266.2884	619.2074	6	29	100.0000	0.9716	0.0012	0.0301
Eif3a	Eif3a-dl1	dl	parent correlated	861.4935	820.5094	1369.7693	6	29	100.0000	0.8663	0.0256	0.0092
Eif3e	Eif3e-dl1	dl	supported	105.6045	103.2225	183.8949	6	29	100.0000	0.3084	0.5521	0.0154
Eif3e	Eif3e-dl2	dl	parent correlated	81.0725	79.4327	126.3175	6	29	100.0000	0.9864	0.0003	0.0083
Eif3e	Eif3e-dl3	dl	supported	245.4737	252.1519	331.9311	6	29	100.0000	0.6927	0.1271	0.0059
Eif3e	Eif3e-dl4	dl	parent correlated	219.1240	211.2583	380.4741	6	29	100.0000	0.9243	0.0084	0.0060
Eif3k	Eif3k-l1	l	supported	53.7481	57.8414	84.4189	6	28	96.5517	-0.4181	0.4094	0.0122
Eif4b	Eif4b-dl1	dl	parent correlated	1278.1612	1280.4180	1607.5401	6	29	100.0000	0.9054	0.0130	0.0056
Eif4b	Eif4b-dl2	dl	parent correlated	262.7302	269.8288	345.2802	6	29	100.0000	0.9697	0.0014	0.0082
Eif4ebp2	Eif4ebp2-dl1	dl	supported	11.8614	7.7439	76.0898	6	19	65.5172	0.3252	0.5294	0.1889
Eif4ebp2	Eif4ebp2-dl2	dl	parent correlated	40.9574	29.5729	203.5406	6	27	93.1034	0.8152	0.0481	0.0492
Eif4ebp2	Eif4ebp2-dl3	dl	supported	26.5806	24.6351	76.0898	6	27	93.1034	0.6276	0.1822	0.0306
Eif4g2	Eif4g2-l1	l	parent correlated	717.6178	700.2706	1275.2411	6	29	100.0000	0.9977	0.0000	0.0177
Eif5a	Eif5a-l1	l	parent correlated	94.3633	92.1007	160.0599	6	29	100.0000	0.9044	0.0133	0.0161
Eif5a2	Eif5a2-dl1	dl	parent correlated	111.9671	87.2278	308.4472	6	29	100.0000	0.9850	0.0003	0.1183
Ell2	Ell2-l1	l	low expression	0.0644	0.0418	0.2904	6	16	55.1724	0.0550	0.9175	0.0886
Elob	Elob-dl1	dl	parent correlated	2331.5623	2366.3811	3502.1475	6	29	100.0000	0.8916	0.0170	0.0117
Elob	Elob-dl2	dl	supported	657.1746	640.0006	952.7155	6	29	100.0000	0.6753	0.1411	0.0142
Elob	Elob-dl3	dl	supported	159.1783	164.6279	240.3270	6	28	96.5517	0.3838	0.4525	0.0170
Elob	Elob-dl4	dl	supported	125.7952	112.6709	301.8016	6	29	100.0000	0.4864	0.3280	0.0091
Emb	Emb-dl1	dl	parent correlated	102.6226	95.9047	412.2825	6	28	96.5517	0.9898	0.0002	0.1513
Emb	Emb-dl2	dl	parent correlated	355.1681	372.6424	988.2917	6	29	100.0000	0.9930	0.0001	0.1441
Eno1	Eno1-l1	l	parent correlated	132.5430	165.8487	221.3879	6	29	100.0000	0.9068	0.0126	0.0709
Ensa	Ensa-dl1	dl	parent correlated	426.3572	344.2518	1142.5283	6	29	100.0000	0.9926	0.0001	0.0618
Ep300	Ep300-l1	l	supported	190.2437	189.7551	465.5989	6	29	100.0000	0.2215	0.6731	0.0964
Ep300	Ep300-l2	l	supported	318.2052	271.2780	818.0214	6	29	100.0000	0.5332	0.2760	0.1031
Ercc6l	Ercc6l-dl1	dl	low expression	1.0030	0.0000	9.0334	5	12	41.3793	0.6847	0.1335	0.4427
Erh	Erh-l1	l	supported	1552.0738	1479.0941	2266.2434	6	29	100.0000	0.1259	0.8121	0.0031
Eri3	Eri3-l1	l	supported	703.6531	424.0782	2613.7506	6	29	100.0000	0.7490	0.0866	0.1907
Esd	Esd-l1	l	supported	1.8762	1.6422	9.4815	5	15	51.7241	0.7802	0.0671	0.2164
Exoc5	Exoc5-l1	l	parent correlated	139.4158	125.0063	295.5184	6	29	100.0000	0.9096	0.0119	0.0510
Exosc2	Exosc2-l1	l	parent correlated	191.0571	156.4923	430.7458	6	29	100.0000	0.9408	0.0052	0.0511
Exosc5	Exosc5-dl1	dl	parent correlated	122.5080	116.7361	229.0794	6	29	100.0000	0.8735	0.0230	0.0319
Exosc8	Exosc8-l1	l	parent correlated	109.0712	100.0626	177.2150	6	29	100.0000	0.8088	0.0514	0.0136
Fabp1	Fabp1-l1	l	supported	7522.8061	11.2069	47635.1476	6	21	72.4138	0.7926	0.0600	0.7226
Fabp1	Fabp1-l2	l	supported	3.4520	2.4558	16.4314	6	20	68.9655	0.7148	0.1104	0.1959
Fabp3	Fabp3-dl1	dl	parent correlated	3538.3188	1514.5750	16467.5791	6	29	100.0000	0.9907	0.0001	0.5338
Fabp3	Fabp3-dl2	dl	low expression	0.1298	0.0000	3.7652	1	1	3.4483	0.6775	0.1392	1.0000
Fabp6	Fabp6-l1	l	supported	9.7375	6.3735	56.7254	6	26	89.6552	0.5115	0.2997	0.1463
Fads2	Fads2-dl1	dl	parent correlated	46.8052	25.0617	165.2321	6	29	100.0000	0.9934	0.0001	0.1157
Fam162a	Fam162a-dl1	dl	parent correlated	2325.2421	1759.0749	6510.5947	6	29	100.0000	0.9086	0.0121	0.1294
Fam170a	Fam170a-l1	l	low expression	0.3145	0.0870	2.2445	6	17	58.6207	0.3526	0.4930	0.2723
Fam216a	Fam216a-dl1	dl	supported	93.5681	65.9343	261.5515	6	29	100.0000	0.5346	0.2745	0.1301
Fam32a	Fam32a-dl1	dl	supported	5.0607	1.1045	46.4410	6	19	65.5172	-0.2384	0.6492	0.4970
Fam32a	Fam32a-l1	l	parent correlated	635.3692	621.7495	886.0592	6	29	100.0000	0.9226	0.0088	0.0121
Fam32a	Fam32a-l2	l	low expression	0.0099	0.0000	0.2875	1	1	3.4483	-0.1294	0.8069	1.0000
Fam72a	Fam72a-l1	l	low expression	1.1509	0.0000	25.4363	2	2	6.8966	0.7068	0.1163	0.6687
Fbf1	Fbf1-l1	l	parent correlated	6.8369	5.7968	15.3225	6	29	100.0000	0.9578	0.0026	0.0537
Fbxo27	Fbxo27-l1	l	supported	5.1417	2.4505	43.0447	6	29	100.0000	0.5771	0.2304	0.3518
Fcf1	Fcf1-dl1	dl	low expression	2.9536	0.0000	45.1186	5	9	31.0345	0.4262	0.3993	0.4392
Fcf1	Fcf1-dl2	dl	low expression	0.1191	0.0000	3.4552	1	1	3.4483	0.4248	0.4012	1.0000
Fcf1	Fcf1-dl3	dl	low expression	1.0068	0.0000	12.4361	4	6	20.6897	-0.5611	0.2467	0.5653
Fcf1	Fcf1-dl4	dl	supported	29.8666	28.1844	69.2954	6	27	93.1034	0.2803	0.5906	0.0266
Fcf1	Fcf1-dl5	dl	supported	3.0647	2.2503	11.3981	6	19	65.5172	-0.2101	0.6895	0.1574
Fcf1	Fcf1-dl6	dl	supported	3.4796	1.7332	20.3750	6	15	51.7241	0.5370	0.2719	0.1349
Fcf1	Fcf1-dl7	dl	supported	15.9086	16.0205	40.8737	6	26	89.6552	0.1153	0.8278	0.0314
Fcf1	Fcf1-dl8	dl	supported	8.9173	8.8020	22.0446	6	23	79.3103	-0.2232	0.6708	0.0572
Fcf1	Fcf1-l1	l	supported	10.8902	10.2030	40.0319	6	26	89.6552	-0.2237	0.6701	0.0471
Fcf1	Fcf1-l2	l	low expression	0.1800	0.0000	2.6509	2	2	6.8966	-0.2051	0.6967	0.6176
Fhit	Fhit-l1	l	parent correlated	72.0581	47.5516	189.4738	6	29	100.0000	0.9559	0.0029	0.1032
Fkbp1a	Fkbp1a-l1	l	parent correlated	0.7567	0.7466	1.9557	6	28	96.5517	0.9781	0.0007	0.0785
Fkbp3	Fkbp3-dl1	dl	low expression	1.3862	0.0000	10.1359	5	13	44.8276	0.1104	0.8351	0.2645
Fkbp3	Fkbp3-dl2	dl	supported	12.0922	8.7828	34.0482	6	29	100.0000	0.6197	0.1895	0.0780
Fkbp3	Fkbp3-dl3	dl	supported	6.2362	5.3350	27.5417	6	24	82.7586	0.5408	0.2679	0.0217
Fkbp3	Fkbp3-dl4	dl	supported	31.0561	23.6796	71.1792	6	26	89.6552	0.5030	0.3092	0.1006
Fkbp3	Fkbp3-dl5	dl	supported	32.4834	34.8098	82.1578	6	26	89.6552	-0.5222	0.2879	0.0716
Fkbp3	Fkbp3-dl6	dl	parent correlated	68.6652	52.4691	168.1206	6	29	100.0000	0.8819	0.0201	0.1013
Fkbp4	Fkbp4-dl1	dl	parent correlated	3265.0039	2676.8277	7808.5909	6	29	100.0000	0.9797	0.0006	0.0699
Fmo5	Fmo5-l1	l	low expression	0.0162	0.0000	0.3061	2	3	10.3448	0.2951	0.5702	0.6594
Fndc11	Fndc11-l1	l	parent correlated	12.4273	7.9905	64.4790	6	25	86.2069	0.9859	0.0003	0.2125
Fnta	Fnta-dl1	dl	supported	350.4929	335.4273	521.1194	6	29	100.0000	0.1599	0.7622	0.0085
Fpr2	Fpr2-l1	l	low expression	4.0441	0.0000	26.4811	4	8	27.5862	0.3807	0.4565	0.7834
Fpr2	Fpr2-l2	l	low expression	22.8282	0.0000	198.6000	3	8	27.5862	0.6044	0.2037	0.9865
Fpr2	Fpr2-l3	l	low expression	5.4619	0.0000	54.4745	3	8	27.5862	0.5490	0.2592	0.8907
Fpr2	Fpr2-l4	l	low expression	0.3052	0.0000	3.8658	3	8	27.5862	0.0468	0.9299	0.7971
Fsbp	Fsbp-dl1	dl	supported	19.5378	20.3160	35.4340	6	29	100.0000	-0.5957	0.2121	0.0200
Fsip2	Fsip2-l1	l	supported	86.5471	63.5775	229.1588	6	29	100.0000	-0.0462	0.9308	0.0819
Fth1	Fth1-dl1	dl	parent correlated	331.5494	294.0235	667.5383	6	29	100.0000	0.9309	0.0070	0.0228
Fth1	Fth1-dl2	dl	parent correlated	3157.9152	2733.9296	7000.4351	6	29	100.0000	0.9617	0.0022	0.0257
Fth1	Fth1-dl3	dl	parent correlated	82.5386	65.6608	279.9665	6	29	100.0000	0.9331	0.0066	0.0706
Fth1	Fth1-dl4	dl	supported	7.2086	3.9155	22.7067	6	23	79.3103	0.1292	0.8073	0.0664
Fth1	Fth1-dl5	dl	parent correlated	84.1890	67.3713	263.4175	6	29	100.0000	0.8504	0.0319	0.0529
Fth1	Fth1-dl6	dl	parent correlated	338.9218	301.1732	908.0829	6	29	100.0000	0.9667	0.0016	0.0335
Fth1	Fth1-dl7	dl	low expression	5.4723	0.0000	79.7127	4	12	41.3793	0.2549	0.6260	0.4421
Fth1	Fth1-dl8	dl	low expression	0.1063	0.0000	3.0831	1	1	3.4483	-0.0703	0.8947	1.0000
Fundc2	Fundc2-dl1	dl	parent correlated	1111.0107	1043.7625	2404.6757	6	29	100.0000	0.9908	0.0001	0.0974
Fxyd5	Fxyd5-l1	l	parent correlated	124.7172	73.6764	414.1669	6	29	100.0000	0.9878	0.0002	0.2376
Fzd10	Fzd10-l1	l	parent correlated	43.6637	2.2218	602.8656	5	19	65.5172	0.9651	0.0018	0.6973
Gabarap	Gabarap-dl1	dl	supported	1997.1583	1931.2107	2788.8928	6	29	100.0000	0.7471	0.0879	0.0057
Gabarapl1	Gabarapl1-dl1	dl	parent correlated	749.6364	498.9371	2469.6295	6	29	100.0000	0.9801	0.0006	0.1948
Gabarapl2	Gabarapl2-dl1	dl	parent correlated	2902.6891	2643.2248	5073.1193	6	29	100.0000	0.9584	0.0026	0.0271
Gabarapl2	Gabarapl2-dl2	dl	supported	25.1417	6.9030	108.9325	6	24	82.7586	0.0950	0.8580	0.2455
Gapdh	Gapdh-l1	l	supported	42.7641	23.2479	136.1785	6	28	96.5517	0.6587	0.1549	0.1606
Gapdh	Gapdh-l2	l	low expression	0.3082	0.0000	3.3136	3	5	17.2414	0.5253	0.2845	0.5246
Gbp5	Gbp5-dl1	dl	parent correlated	107.9757	50.7289	516.4033	6	29	100.0000	0.8444	0.0344	0.2996
Gbp5	Gbp5-dl2	dl	parent correlated	9.5396	5.5850	49.2827	6	26	89.6552	0.8397	0.0365	0.2722
Gbp5	Gbp5-dl3	dl	parent correlated	13.2859	5.3698	43.5208	6	27	93.1034	0.9175	0.0099	0.2661
Gbp5	Gbp5-l1	l	parent correlated	25.4107	17.3710	125.2705	6	29	100.0000	0.9154	0.0104	0.1824
Gbp6	Gbp6-l1	l	parent correlated	122.6469	47.4217	584.8709	6	29	100.0000	0.9341	0.0064	0.2966
Gbp6	Gbp6-l2	l	parent correlated	15.7938	8.6078	84.2722	6	29	100.0000	0.9722	0.0012	0.1797
Gbp6	Gbp6-l3	l	low expression	0.3601	0.0997	1.8046	6	18	62.0690	-0.4604	0.3582	0.3516
Gdi2	Gdi2-dl1	dl	supported	1146.2428	1140.8849	2082.7803	6	29	100.0000	0.2917	0.5748	0.0271
Gdi2	Gdi2-dl2	dl	supported	433.9374	439.5499	804.7621	6	29	100.0000	0.2237	0.6700	0.0273
Gfm1	Gfm1-dl1	dl	supported	644.6122	726.9385	927.6715	6	29	100.0000	-0.3060	0.5553	0.0348
Ggta1	Ggta1-l1	l	supported	10.9437	8.1354	28.7803	6	29	100.0000	0.2987	0.5653	0.1510
Gins3	Gins3-dl1	dl	parent correlated	82.4117	70.3226	239.0799	6	29	100.0000	0.9701	0.0013	0.1149
Gja1	Gja1-l1	l	supported	66.0386	68.1019	150.1034	6	29	100.0000	0.0920	0.8624	0.0413
Glrx3	Glrx3-dl1	dl	supported	1418.1812	1458.3303	1795.5849	6	29	100.0000	0.3061	0.5552	0.0066
Gltp	Gltp-dl1	dl	parent correlated	582.8470	574.3123	1463.4516	6	29	100.0000	0.9970	0.0000	0.0862
Glud1	Glud1-dl1	dl	parent correlated	2280.2997	1527.0638	8776.4079	6	29	100.0000	0.9941	0.0001	0.2593
Glul	Glul-dl1	dl	parent correlated	1868.9738	757.3143	5220.8761	6	29	100.0000	0.8631	0.0268	0.1789
Glul	Glul-dl2	dl	parent correlated	1884.9341	894.4506	6009.6622	6	29	100.0000	0.8214	0.0450	0.1663
Glyatl3	Glyatl3-l1	l	low expression	0.0527	0.0000	1.0126	4	5	17.2414	-0.1200	0.8208	0.5131
Gnai2	Gnai2-l1	l	parent correlated	204.3333	163.1837	589.4978	6	29	100.0000	0.9928	0.0001	0.1164
Gnai2	Gnai2-l2	l	parent correlated	1183.5683	890.2409	3121.7641	6	29	100.0000	0.9963	0.0000	0.0980
Gnai3	Gnai3-dl1	dl	supported	99.8846	80.4898	233.3311	6	29	100.0000	0.5499	0.2583	0.0433
Gnai3	Gnai3-dl2	dl	supported	84.4200	75.8043	165.9146	6	29	100.0000	0.5269	0.2828	0.0334
Gnaq	Gnaq-dl1	dl	supported	94.3883	58.8490	332.6684	6	29	100.0000	0.6131	0.1956	0.1357
Gnas	Gnas-l1	l	unsupported	0.0000	0.0000	0.0000	0	0	0.0000			1.0000
Gnas	Gnas-l2	l	unsupported	0.0000	0.0000	0.0000	0	0	0.0000			1.0000
Gnas	Gnas-l3	l	unsupported	0.0000	0.0000	0.0000	0	0	0.0000			1.0000
Gnas	Gnas-l4	l	low expression	0.0864	0.0625	0.3735	6	22	75.8621	0.2878	0.5803	0.0713
Gnas	Gnas-l5	l	supported	14.8948	2.0840	79.0209	6	17	58.6207	0.4263	0.3993	0.4750
Gnas	Gnas-l6	l	parent correlated	124.1999	104.0076	291.4742	6	29	100.0000	0.9811	0.0005	0.0833
Gng10	Gng10-dl1	dl	parent correlated	41.8616	39.2419	86.6072	6	29	100.0000	0.9893	0.0002	0.0537
Gng5	Gng5-dl1	dl	supported	103.0200	93.6277	220.4817	6	29	100.0000	0.5861	0.2216	0.0509
Gng5	Gng5-dl2	dl	low expression	2.5017	0.0000	30.4748	3	5	17.2414	0.3884	0.4467	0.5913
Gng5	Gng5-dl3	dl	supported	68.2846	62.0525	166.0623	6	29	100.0000	0.6343	0.1761	0.0644
Gnl3	Gnl3-dl1	dl	supported	115.5532	106.5165	196.1390	6	29	100.0000	0.1096	0.8363	0.0303
Got1	Got1-dl1	dl	parent correlated	1448.6144	1529.9995	3241.3435	6	29	100.0000	0.9972	0.0000	0.1404
Gpkow	Gpkow-l1	l	parent correlated	214.1035	218.9954	326.0465	6	29	100.0000	0.8756	0.0223	0.0151
Gpkow	Gpkow-l2	l	supported	8.8960	7.9563	17.5893	6	29	100.0000	0.7113	0.1130	0.0438
Gpx7	Gpx7-l1	l	parent correlated	115.3362	110.7469	345.8761	6	29	100.0000	0.9894	0.0002	0.0513
Grb2	Grb2-l1	l	parent correlated	58.7600	40.4901	167.3031	6	29	100.0000	0.9283	0.0075	0.0650
Gsdmc	Gsdmc-l1	l	supported	5.9242	2.3758	47.0785	6	29	100.0000	0.6779	0.1389	0.4768
Gsta4	Gsta4-l1	l	supported	64.2032	40.9344	188.3695	6	29	100.0000	-0.1528	0.7726	0.1531
Gsto1	Gsto1-dl1	dl	parent correlated	5173.1490	3127.1180	18235.2122	6	29	100.0000	0.9959	0.0000	0.2339
Gstp1	Gstp1-l1	l	parent correlated	6284.6823	4587.8577	20246.0065	6	29	100.0000	0.9967	0.0000	0.0661
Gtf3c3	Gtf3c3-l1	l	supported	1.4732	0.8710	6.4233	6	24	82.7586	0.7728	0.0716	0.1511
Gvinp1	Gvinp1-l1	l	low expression	0.3649	0.0000	6.3571	6	11	37.9310	0.0485	0.9273	0.3448
Gvinp1	Gvinp1-l2	l	low expression	1.4479	0.0000	7.5623	5	13	44.8276	-0.0246	0.9631	0.4139
Gvinp1	Gvinp1-l3	l	parent correlated	46.9178	17.8051	262.9157	6	29	100.0000	0.9598	0.0024	0.4935
Gzmb	Gzmb-l1	l	low expression	1.0651	0.0000	8.5348	5	11	37.9310	0.8527	0.0309	0.4767
Gzmb	Gzmb-l10	l	unsupported	0.0000	0.0000	0.0000	0	0	0.0000			1.0000
Gzmb	Gzmb-l11	l	low expression	0.0242	0.0000	0.4544	2	2	6.8966	-0.1431	0.7868	0.6537
Gzmb	Gzmb-l12	l	low expression	0.3462	0.2293	1.0788	6	29	100.0000	0.4025	0.4289	0.0719
Gzmb	Gzmb-l13	l	low expression	0.0281	0.0000	0.8158	1	1	3.4483	0.7661	0.0757	1.0000
Gzmb	Gzmb-l14	l	unsupported	0.0000	0.0000	0.0000	0	0	0.0000			1.0000
Gzmb	Gzmb-l15	l	low expression	0.1375	0.0000	3.0876	2	3	10.3448	0.7564	0.0818	0.8113
Gzmb	Gzmb-l2	l	low expression	0.4190	0.0000	4.8118	3	5	17.2414	0.3267	0.5274	0.4713
Gzmb	Gzmb-l3	l	low expression	0.0515	0.0000	1.4933	1	1	3.4483	0.7661	0.0757	1.0000
Gzmb	Gzmb-l4	l	unsupported	0.0000	0.0000	0.0000	0	0	0.0000			1.0000
Gzmb	Gzmb-l5	l	unsupported	0.0000	0.0000	0.0000	0	0	0.0000			1.0000
Gzmb	Gzmb-l6	l	unsupported	0.0000	0.0000	0.0000	0	0	0.0000			1.0000
Gzmb	Gzmb-l7	l	unsupported	0.0000	0.0000	0.0000	0	0	0.0000			1.0000
Gzmb	Gzmb-l8	l	unsupported	0.0000	0.0000	0.0000	0	0	0.0000			1.0000
Gzmb	Gzmb-l9	l	unsupported	0.0000	0.0000	0.0000	0	0	0.0000			1.0000
Gzmh	Gzmh-l1	l	unsupported	0.0000	0.0000	0.0000	0	0	0.0000			1.0000
H1-0	H1-0-l1	l	low expression	1.9848	0.0000	51.6011	3	3	10.3448	-0.4802	0.3351	0.8059
H1-0	H1-0-l2	l	supported	164.8708	156.2406	401.2169	6	29	100.0000	0.7651	0.0763	0.0469
H1-3	H1-3-l1	l	parent correlated	29.5938	19.7341	129.1064	6	29	100.0000	0.8895	0.0176	0.1168
H2ab1	H2ab1-l1	l	unsupported	0.0000	0.0000	0.0000	0	0	0.0000			1.0000
H2ab1	H2ab1-l2	l	low expression	0.4913	0.0000	14.2491	1	1	3.4483			1.0000
H2ab1	H2ab1-l3	l	low expression	1.4380	0.0000	41.7008	1	1	3.4483			1.0000
H2ab1	H2ab1-l4	l	low expression	0.2054	0.0000	5.9573	1	1	3.4483			1.0000
H2ab1	H2ab1-l5	l	unsupported	0.0000	0.0000	0.0000	0	0	0.0000			1.0000
H2ab1	H2ab1-l6	l	low expression	1.5219	0.0000	44.1365	1	1	3.4483			1.0000
H2ac18	H2ac18-l1	l	parent correlated	59.6272	41.5899	294.6600	6	29	100.0000	0.9924	0.0001	0.1408
H2az1	H2az1-l1	l	parent correlated	45.9509	40.7905	107.2263	6	29	100.0000	0.8803	0.0206	0.0239
H2az2	H2az2-l1	l	supported	715.3441	694.7902	1579.0860	6	29	100.0000	0.6643	0.1501	0.0350
H2az2	H2az2-l2	l	low expression	0.6733	0.3297	3.1598	6	23	79.3103	0.5071	0.3045	0.2198
H2b-i	H2b-i-l1	l	parent correlated	160.4051	168.6246	437.1783	6	29	100.0000	0.9165	0.0102	0.0453
H2bc12	H2bc12-l1	l	parent correlated	187.6322	30.0104	2568.9625	6	29	100.0000	0.9871	0.0002	0.6900
H2bc15	H2bc15-dl1	dl	parent correlated	369.7881	52.5834	4540.7591	6	28	96.5517	0.9517	0.0034	0.6493
H2bc15	H2bc15-dl2	dl	parent correlated	288.2994	44.9693	4007.6336	6	28	96.5517	0.9534	0.0032	0.6077
H2bc15	H2bc15-l1	l	parent correlated	1222.6040	682.8895	9626.7917	6	29	100.0000	0.8516	0.0314	0.2836
H2bc15	H2bc15-l2	l	parent correlated	1264.2523	926.5907	6428.4007	6	29	100.0000	0.9448	0.0045	0.1033
H2bc15	H2bc15-l3	l	parent correlated	790.1839	591.1691	3757.8438	6	29	100.0000	0.9456	0.0044	0.0918
H2bc15	H2bc15-l4	l	parent correlated	415.8574	350.0539	961.5333	6	29	100.0000	0.9429	0.0048	0.0267
H2bc15	H2bc15-l5	l	parent correlated	682.4457	119.0960	7845.3140	6	29	100.0000	0.9523	0.0034	0.6163
H2bc15	H2bc15-l6	l	parent correlated	21.0087	4.6377	196.7029	6	28	96.5517	0.9395	0.0054	0.5269
H3c15	H3c15-dl1	dl	parent correlated	1167.6317	361.4843	13309.6214	6	29	100.0000	0.9540	0.0031	0.5508
H3c15	H3c15-dl2	dl	parent correlated	522.9241	127.8644	6202.9657	6	29	100.0000	0.9879	0.0002	0.5446
H3c15	H3c15-dl3	dl	parent correlated	464.0684	281.0551	3555.3390	6	29	100.0000	0.9729	0.0011	0.2717
H3c15	H3c15-l1	l	supported	201.9967	117.9659	1093.8795	6	29	100.0000	0.7996	0.0562	0.1808
H3c15	H3c15-l2	l	parent correlated	419.9429	70.3173	5310.3589	6	29	100.0000	0.9494	0.0038	0.6444
H3c15	H3c15-l3	l	parent correlated	126.7871	39.8944	1352.5711	6	29	100.0000	0.9440	0.0046	0.5288
H3c15	H3c15-l4	l	parent correlated	375.2772	273.2714	2020.1892	6	29	100.0000	0.9326	0.0067	0.1453
Hacd3	Hacd3-dl1	dl	parent correlated	1243.0953	784.0696	3276.4520	6	29	100.0000	0.9872	0.0002	0.1678
Hat1	Hat1-l1	l	supported	294.2366	292.6278	484.0083	6	29	100.0000	0.3900	0.4447	0.0177
Haus4	Haus4-l1	l	parent correlated	450.0492	395.4523	1121.7800	6	29	100.0000	0.9946	0.0000	0.0533
Hdac1	Hdac1-dl1	dl	supported	2.0085	1.2290	6.1411	6	19	65.5172	-0.1810	0.7314	0.0283
Hdac1	Hdac1-dl2	dl	supported	7.0447	6.2962	23.2244	6	25	86.2069	0.5305	0.2789	0.0532
Hdac1	Hdac1-dl3	dl	supported	6.2296	5.4530	20.7366	6	27	93.1034	0.6909	0.1286	0.0786
Hdac1	Hdac1-dl4	dl	parent correlated	5.2966	3.7769	29.8540	6	27	93.1034	0.8987	0.0149	0.0712
Hdac1	Hdac1-dl5	dl	supported	3.9089	4.2707	11.4817	6	23	79.3103	0.5094	0.3020	0.0745
Hdac1	Hdac1-dl6	dl	supported	3.0611	2.7593	6.5566	6	24	82.7586	0.3612	0.4818	0.0204
Hdac1	Hdac1-dl7	dl	low expression	0.1187	0.0000	2.0127	2	2	6.8966	0.8176	0.0469	0.6345
Hdac1	Hdac1-dl8	dl	supported	5.8834	4.3662	18.8142	6	26	89.6552	0.7310	0.0988	0.0733
Hdac1	Hdac1-l1	l	supported	2.1853	1.6321	11.1599	6	19	65.5172	-0.0019	0.9971	0.1426
Herc5	Herc5-l1	l	parent correlated	37.7877	18.9901	112.4145	6	29	100.0000	0.9471	0.0041	0.1458
Hesx1	Hesx1-l1	l	low expression	2.8696	0.0000	15.4830	6	14	48.2759	-0.8050	0.0533	0.1280
Hint1	Hint1-dl1	dl	parent correlated	931.0821	1024.2000	1516.8203	6	29	100.0000	0.9787	0.0007	0.0260
Hint1	Hint1-l1	l	parent correlated	550.2960	552.9224	807.6224	6	29	100.0000	0.9238	0.0085	0.0154
Hipk2	Hipk2-l1	l	supported	4.8470	4.6810	13.2734	6	28	96.5517	0.6492	0.1630	0.0382
Hla-dpb1	Hla-dpb1-l1	l	parent correlated	44.6314	10.6121	172.9200	6	29	100.0000	0.9981	0.0000	0.3890
Hmgb1	Hmgb1-dl1	dl	supported	4.3926	3.1832	19.4957	5	20	68.9655	-0.2109	0.6884	0.1681
Hmgb3	Hmgb3-l1	l	supported	6.3778	4.6592	27.9961	6	24	82.7586	0.7353	0.0958	0.1306
Hmgn2	Hmgn2-dl1	dl	supported	13.5707	11.5345	51.9328	6	27	93.1034	0.5009	0.3115	0.0679
Hmgn2	Hmgn2-dl10	dl	low expression	8.0672	0.0000	197.3318	4	7	24.1379	0.6223	0.1870	0.7680
Hmgn2	Hmgn2-dl2	dl	low expression	1.6003	0.0000	17.9079	4	5	17.2414	0.4957	0.3173	0.3238
Hmgn2	Hmgn2-dl3	dl	supported	3.9868	3.3938	10.1778	6	26	89.6552	-0.1382	0.7940	0.0873
Hmgn2	Hmgn2-dl4	dl	low expression	7.2218	0.0000	49.9299	6	12	41.3793	-0.4781	0.3375	0.1553
Hmgn2	Hmgn2-dl5	dl	supported	30.2103	27.9637	104.4511	6	26	89.6552	-0.0361	0.9459	0.0448
Hmgn2	Hmgn2-dl6	dl	low expression	0.5535	0.0000	7.0394	3	3	10.3448	-0.3573	0.4868	0.4215
Hmgn2	Hmgn2-dl7	dl	low expression	4.8049	0.0000	25.4515	6	11	37.9310	0.2469	0.6372	0.0954
Hmgn2	Hmgn2-dl8	dl	supported	206.5781	160.5819	599.1589	6	29	100.0000	0.3687	0.4720	0.0580
Hmgn2	Hmgn2-dl9	dl	supported	23.6211	20.8410	71.6728	6	29	100.0000	-0.0009	0.9987	0.0537
Hmox1	Hmox1-dl1	dl	parent correlated	455.2375	119.4218	4193.4196	6	29	100.0000	0.9888	0.0002	0.3962
Hnrnpdl	Hnrnpdl-l1	l	unsupported	0.0000	0.0000	0.0000	0	0	0.0000			1.0000
Hnrnpf	Hnrnpf-l1	l	parent correlated	131.4587	113.5117	299.0789	6	29	100.0000	0.9454	0.0044	0.0343
Hnrnph1	Hnrnph1-l1	l	parent correlated	89.8783	87.3404	184.2096	6	29	100.0000	0.8709	0.0239	0.0242
Hnrnpl	Hnrnpl-l1	l	parent correlated	819.7270	777.6731	1331.7745	6	29	100.0000	0.8419	0.0355	0.0276
Hprt1	Hprt1-dl1	dl	supported	93.7480	73.6464	247.8789	6	28	96.5517	0.7106	0.1135	0.1124
Hprt1	Hprt1-dl2	dl	supported	15.5803	15.0611	43.5678	6	29	100.0000	0.6000	0.2080	0.0486
Hprt1	Hprt1-dl3	dl	supported	108.3192	88.4746	223.4610	6	29	100.0000	0.7299	0.0996	0.0813
Hprt1	Hprt1-dl4	dl	parent correlated	32.0832	28.5447	69.8790	6	28	96.5517	0.8553	0.0299	0.0661
Hprt1	Hprt1-dl5	dl	parent correlated	170.5979	125.5033	365.7703	6	29	100.0000	0.8146	0.0483	0.0939
Hsbp1	Hsbp1-l1	l	parent correlated	2397.3125	2018.1306	4306.7719	6	29	100.0000	0.9961	0.0000	0.0399
Hsd17b10	Hsd17b10-dl1	dl	parent correlated	1964.2636	718.7405	7981.8050	6	29	100.0000	0.9924	0.0001	0.3533
Hsd17b6	Hsd17b6-l1	l	low expression	26.1083	0.0000	167.2098	6	12	41.3793	0.9852	0.0003	0.7628
Hsp90aa1	Hsp90aa1-dl1	dl	parent correlated	1864.4854	1501.9595	4392.4809	6	29	100.0000	0.9887	0.0002	0.0913
Hsp90ab1	Hsp90ab1-dl1	dl	parent correlated	2238.3454	2136.8044	4194.6767	6	29	100.0000	0.9968	0.0000	0.0391
Hspe1	Hspe1-dl1	dl	parent correlated	155.0914	133.0784	383.6568	6	29	100.0000	0.9176	0.0099	0.0765
Hspe1	Hspe1-dl2	dl	supported	77.7090	68.7094	157.9756	6	28	96.5517	0.7681	0.0745	0.0526
Hspe1	Hspe1-dl3	dl	parent correlated	57.8068	46.5280	160.0792	6	26	89.6552	0.9027	0.0137	0.0996
Hspe1	Hspe1-dl4	dl	parent correlated	114.7160	104.7634	257.5272	6	28	96.5517	0.9698	0.0014	0.0955
Hspe1	Hspe1-dl5	dl	parent correlated	28.4242	24.4401	93.4219	6	25	86.2069	0.8920	0.0169	0.1584
Hspe1	Hspe1-dl6	dl	parent correlated	69.1845	68.2048	136.2283	6	28	96.5517	0.9530	0.0033	0.0325
Hspe1	Hspe1-dl7	dl	parent correlated	52.9426	53.4044	138.1155	6	25	86.2069	0.9120	0.0113	0.1137
Hspe1	Hspe1-dl8	dl	parent correlated	160.3734	154.8802	313.9417	6	27	93.1034	0.9407	0.0052	0.0661
Hypk	Hypk-dl1	dl	unsupported	0.0000	0.0000	0.0000	0	0	0.0000			1.0000
Id4	Id4-l1	l	low expression	1.3740	0.0000	12.1400	5	9	31.0345	0.3340	0.5176	0.1933
Idh3a	Idh3a-dl1	dl	parent correlated	897.7592	627.9767	1980.3540	6	29	100.0000	0.9859	0.0003	0.1212
Idi1	Idi1-dl1	dl	parent correlated	305.9286	157.5193	1354.3532	6	29	100.0000	0.9933	0.0001	0.1931
Idi1	Idi1-dl2	dl	parent correlated	28.0341	20.6111	97.6110	6	25	86.2069	0.9226	0.0088	0.0777
Idi1	Idi1-dl3	dl	parent correlated	408.3031	246.3491	1808.5966	6	29	100.0000	0.9985	0.0000	0.1914
Ifi16	Ifi16-l1	l	parent correlated	148.8191	76.7198	471.6905	6	29	100.0000	0.9261	0.0080	0.1904
Ifi27l2	Ifi27l2-l1	l	parent correlated	4424.2831	4261.3329	12221.9905	6	29	100.0000	0.9064	0.0127	0.0707
Ifit1	Ifit1-l1	l	supported	10.0664	5.4932	44.8795	6	29	100.0000	0.7207	0.1061	0.2045
Ifit1	Ifit1-l2	l	supported	87.9847	53.6912	344.2621	6	29	100.0000	0.6935	0.1265	0.1698
Ifit1	Ifit1-l3	l	supported	36.6365	22.5112	107.4441	6	29	100.0000	0.4437	0.3781	0.0942
Ifitm3	Ifitm3-dl1	dl	supported	432.6543	299.1129	1124.8109	6	29	100.0000	0.7682	0.0744	0.1414
Ifitm3	Ifitm3-dl2	dl	supported	2192.2489	1369.0935	5698.5720	6	29	100.0000	0.6978	0.1232	0.1405
Ifitm3	Ifitm3-l1	l	supported	1204.8818	756.0636	3162.6936	6	29	100.0000	0.7586	0.0804	0.1424
Ifnb1	Ifnb1-dl1	dl	low expression	1.6947	0.0000	10.7868	5	10	34.4828	0.7153	0.1101	0.4386
Ifng	Ifng-dl1	dl	low expression	0.0537	0.0000	0.7011	2	3	10.3448	-0.0612	0.9083	0.8006
Ifnl3	Ifnl3-l1	l	unsupported	0.0000	0.0000	0.0000	0	0	0.0000			1.0000
Ifnl3	Ifnl3-l2	l	unsupported	0.0000	0.0000	0.0000	0	0	0.0000			1.0000
Ifnw1	Ifnw1-l1	l	low expression	0.0328	0.0000	0.4983	1	3	10.3448	0.5449	0.2635	1.0000
Igbp1	Igbp1-dl1	dl	supported	18.7648	19.1565	36.8315	6	27	93.1034	0.0759	0.8864	0.0132
Igbp1	Igbp1-dl2	dl	supported	363.1500	365.2966	471.2772	6	29	100.0000	0.0874	0.8693	0.0056
Igbp1	Igbp1-dl3	dl	parent correlated	86.2756	81.7799	130.9092	6	29	100.0000	0.9127	0.0111	0.0026
Ighv2-5	Ighv2-5-dl1	dl	low expression	1.9304	0.0000	35.6387	1	3	10.3448	1.0000	0.0000	1.0000
Ik	Ik-dl1	dl	parent correlated	1963.4756	1694.0481	3084.9032	6	29	100.0000	0.8482	0.0328	0.0220
Il13ra1	Il13ra1-l1	l	parent correlated	317.6625	174.5720	1104.1364	6	29	100.0000	0.9966	0.0000	0.1354
Ilf2	Ilf2-l1	l	parent correlated	1092.1629	1048.2539	1900.6169	6	29	100.0000	0.9468	0.0042	0.0226
Immp1l	Immp1l-dl1	dl	supported	144.6877	146.1787	218.3654	6	29	100.0000	-0.5623	0.2455	0.0043
Ino80c	Ino80c-dl1	dl	parent correlated	266.2195	290.6415	497.7112	6	29	100.0000	0.8718	0.0236	0.0397
Ino80c	Ino80c-dl2	dl	parent correlated	8.3933	3.0291	40.3341	6	22	75.8621	0.8095	0.0510	0.3019
Ino80c	Ino80c-dl3	dl	low expression	5.6757	0.0000	40.1919	5	14	48.2759	0.9560	0.0029	0.1467
Ipo5	Ipo5-l1	l	parent correlated	340.7822	318.6973	560.5605	6	29	100.0000	0.9807	0.0006	0.0284
Iqcf5	Iqcf5-l1	l	low expression	1.1986	0.0000	24.3372	4	4	13.7931	0.6772	0.1395	0.5719
Isca1	Isca1-dl1	dl	parent correlated	143.6395	151.6866	277.6476	6	28	96.5517	0.9614	0.0022	0.0382
Ist1	Ist1-l1	l	parent correlated	305.0297	293.4605	568.2479	6	29	100.0000	0.8416	0.0356	0.0283
Itfg2	Itfg2-dl1	dl	supported	150.2746	160.7522	218.9180	6	29	100.0000	0.3007	0.5625	0.0207
Itm2a	Itm2a-l1	l	low expression	1.6527	0.0000	21.0094	5	8	27.5862	0.6707	0.1448	0.3669
Itm2a	Itm2a-l2	l	parent correlated	65.3986	17.6464	337.0467	6	27	93.1034	0.9857	0.0003	0.4726
Itm2b	Itm2b-dl1	dl	parent correlated	1025.0191	1007.5340	2119.1897	6	29	100.0000	0.9608	0.0023	0.0426
Itm2b	Itm2b-dl2	dl	parent correlated	1015.3080	1006.0216	1969.8725	6	29	100.0000	0.8977	0.0152	0.0378
Itm2b	Itm2b-l1	l	parent correlated	2752.6068	2564.4336	5719.8887	6	29	100.0000	0.9152	0.0105	0.0464
Jpt1	Jpt1-dl1	dl	parent correlated	460.0105	330.1665	1091.7286	6	29	100.0000	0.9407	0.0052	0.0906
Jpt2	Jpt2-dl1	dl	supported	390.3054	455.1562	694.7058	6	29	100.0000	0.4796	0.3357	0.0632
Jpt2	Jpt2-dl2	dl	supported	142.8259	134.5021	297.0896	6	29	100.0000	0.5338	0.2753	0.0611
Jrk	Jrk-l1	l	parent correlated	17.0103	15.3286	27.3654	6	29	100.0000	0.8229	0.0442	0.0189
Kansl2	Kansl2-l1	l	parent correlated	90.2985	82.7525	161.6800	6	29	100.0000	0.8445	0.0344	0.0234
Katnbl1	Katnbl1-dl1	dl	parent correlated	169.8981	156.2011	449.5249	6	29	100.0000	0.9384	0.0056	0.0603
Kcmf1	Kcmf1-l1	l	supported	156.7344	149.0692	252.9367	6	29	100.0000	0.3903	0.4443	0.0150
Kdm4d	Kdm4d-l1	l	parent correlated	4.3350	2.0465	22.3557	6	24	82.7586	0.8223	0.0445	0.3342
Khdc1	Khdc1-l1	l	unsupported	0.0000	0.0000	0.0000	0	0	0.0000			1.0000
Kif4a	Kif4a-l1	l	low expression	0.3301	0.0000	7.9687	3	3	10.3448	-0.5435	0.2651	0.7356
Kifbp	Kifbp-dl1	dl	supported	38.3352	19.3079	152.4913	6	29	100.0000	0.7234	0.1042	0.3048
Kifbp	Kifbp-dl2	dl	supported	16.0961	9.6743	62.2220	6	29	100.0000	0.7944	0.0591	0.3301
Kifbp	Kifbp-dl3	dl	low expression	0.8154	0.0000	5.9617	4	11	37.9310	0.9355	0.0061	0.6871
Kifbp	Kifbp-dl4	dl	supported	7.5535	4.3810	34.6025	6	24	82.7586	0.7101	0.1138	0.3518
Kifbp	Kifbp-dl5	dl	supported	170.6537	87.1124	823.3208	6	29	100.0000	0.7717	0.0723	0.3071
Kin	Kin-l1	l	parent correlated	185.2937	158.3330	319.6668	6	29	100.0000	0.8238	0.0439	0.0257
Klf17	Klf17-dl1	dl	low expression	0.3897	0.0000	4.4266	4	4	13.7931	0.7626	0.0779	0.3061
Klf17	Klf17-dl2	dl	low expression	0.5737	0.0000	6.1595	5	10	34.4828	0.5442	0.2643	0.3356
Klf5	Klf5-dl1	dl	parent correlated	10.4067	3.0697	59.4192	6	19	65.5172	0.9874	0.0002	0.3682
Klk4	Klk4-dl1	dl	unsupported	0.0000	0.0000	0.0000	0	0	0.0000			1.0000
Klk4	Klk4-dl2	dl	unsupported	0.0000	0.0000	0.0000	0	0	0.0000			1.0000
Klk4	Klk4-l1	l	low expression	0.2776	0.0000	3.9868	6	10	34.4828	-0.1330	0.8017	0.5447
Klk4	Klk4-l2	l	unsupported	0.0000	0.0000	0.0000	0	0	0.0000			1.0000
Klk4	Klk4-l3	l	unsupported	0.0000	0.0000	0.0000	0	0	0.0000			1.0000
Klk4	Klk4-l4	l	unsupported	0.0000	0.0000	0.0000	0	0	0.0000			1.0000
Klk4	Klk4-l5	l	unsupported	0.0000	0.0000	0.0000	0	0	0.0000			1.0000
Klk4	Klk4-l6	l	low expression	1.2095	0.0000	9.5991	2	8	27.5862	-0.3156	0.5424	0.6236
Knop1	Knop1-l1	l	supported	15.6017	12.2461	45.3447	6	26	89.6552	0.6833	0.1346	0.1299
Kpna2	Kpna2-dl1	dl	parent correlated	5.1739	3.3467	20.7112	6	25	86.2069	0.9362	0.0060	0.1287
Kpna2	Kpna2-dl2	dl	parent correlated	20.7831	13.9661	68.9954	6	27	93.1034	0.8505	0.0318	0.1231
Kpna2	Kpna2-dl3	dl	parent correlated	22.1876	18.5026	92.1601	6	27	93.1034	0.9342	0.0064	0.0347
Kpna2	Kpna2-dl4	dl	parent correlated	2.8967	1.9390	16.5525	6	21	72.4138	0.8933	0.0165	0.1174
Kpna2	Kpna2-dl5	dl	parent correlated	17.4716	12.9512	62.6345	6	27	93.1034	0.8399	0.0364	0.0748
Kpna2	Kpna2-dl6	dl	supported	52.4772	40.9353	162.7571	6	29	100.0000	0.7078	0.1156	0.0572
Kpna2	Kpna2-l1	l	supported	14.1447	11.9337	55.0685	6	29	100.0000	0.6534	0.1594	0.0756
Krcc1	Krcc1-l1	l	supported	25.0764	24.4428	37.9376	6	29	100.0000	0.3941	0.4395	0.0064
Krr1	Krr1-dl1	dl	parent correlated	86.0566	77.2677	183.0900	6	29	100.0000	0.9164	0.0102	0.0461
Krr1	Krr1-dl2	dl	parent correlated	22.3274	22.5961	49.0700	6	29	100.0000	0.8349	0.0387	0.0264
Krr1	Krr1-dl3	dl	supported	17.4940	16.1402	34.5441	6	28	96.5517	0.4176	0.4100	0.0437
Krt18	Krt18-dl1	dl	parent correlated	27.8438	6.9482	89.6691	6	23	79.3103	0.9567	0.0028	0.3142
Krt18	Krt18-dl2	dl	parent correlated	35.9179	7.1153	168.3019	6	24	82.7586	0.9982	0.0000	0.3215
Krt18	Krt18-dl3	dl	parent correlated	101.0074	34.8112	394.7052	6	26	89.6552	0.9989	0.0000	0.3168
Krt18	Krt18-dl4	dl	parent correlated	365.9813	138.5852	1372.3381	6	27	93.1034	0.9960	0.0000	0.3152
Krt6a	Krt6a-l1	l	low expression	50.3912	0.0000	671.8612	4	11	37.9310	0.9940	0.0001	0.9924
Krt8	Krt8-dl1	dl	parent correlated	47.7128	35.5621	133.8216	6	24	82.7586	0.9563	0.0028	0.2935
Krt8	Krt8-l1	l	unsupported	0.0000	0.0000	0.0000	0	0	0.0000			1.0000
L3mbtl3	L3mbtl3-l1	l	supported	60.9423	23.7989	259.0480	6	29	100.0000	0.2430	0.6427	0.2697
Lage3	Lage3-dl1	dl	low expression	0.4645	0.0000	5.4893	4	5	17.2414	0.3590	0.4846	0.4670
Lage3	Lage3-l1	l	unsupported	0.0000	0.0000	0.0000	0	0	0.0000			1.0000
Lair1	Lair1-l1	l	parent correlated	1.9489	1.0372	7.0053	6	29	100.0000	0.9401	0.0053	0.2310
Lamtor1	Lamtor1-dl1	dl	parent correlated	143.7785	153.2965	215.8656	6	29	100.0000	0.9892	0.0002	0.0266
Lamtor2	Lamtor2-dl1	dl	supported	723.9075	649.9888	1166.9231	6	29	100.0000	0.6552	0.1578	0.0113
Lamtor4	Lamtor4-l1	l	supported	79.8955	74.6009	137.6855	6	29	100.0000	0.6444	0.1672	0.0122
Lamtor5	Lamtor5-l1	l	parent correlated	752.4895	739.4647	1407.6974	6	29	100.0000	0.9890	0.0002	0.0418
Lap3	Lap3-l1	l	parent correlated	1499.5128	1302.6712	6777.3337	6	29	100.0000	0.8908	0.0172	0.0509
Larp1b	Larp1b-l1	l	parent correlated	6.1698	5.1391	19.9769	6	29	100.0000	0.9526	0.0033	0.0905
Larp7	Larp7-dl1	dl	parent correlated	144.9777	154.1648	246.7035	6	28	96.5517	0.9832	0.0004	0.0299
Larp7	Larp7-dl2	dl	parent correlated	94.0651	106.2554	144.2654	6	29	100.0000	0.8915	0.0170	0.0267
Larp7	Larp7-dl3	dl	supported	23.9981	22.8863	67.2634	6	28	96.5517	0.5160	0.2947	0.0482
Larp7	Larp7-dl4	dl	unsupported	0.0000	0.0000	0.0000	0	0	0.0000			1.0000
Larp7	Larp7-dl5	dl	parent correlated	40.8535	38.5423	76.8908	6	29	100.0000	0.9682	0.0015	0.0197
Lbp	Lbp-l1	l	supported	1.2524	0.8401	5.6927	6	27	93.1034	0.0411	0.9384	0.2403
Lcn2	Lcn2-dl1	dl	low expression	0.0750	0.0000	1.5486	2	2	6.8966	0.4526	0.3675	0.6437
Lcn2	Lcn2-dl2	dl	unsupported	0.0000	0.0000	0.0000	0	0	0.0000			1.0000
Lcn2	Lcn2-dl3	dl	low expression	0.0127	0.0000	0.3680	1	1	3.4483	0.6608	0.1531	1.0000
Lcn2	Lcn2-l1	l	low expression	0.1614	0.0000	3.0745	3	4	13.7931	-0.4421	0.3800	0.5746
Lcn2	Lcn2-l10	l	unsupported	0.0000	0.0000	0.0000	0	0	0.0000			1.0000
Lcn2	Lcn2-l2	l	low expression	0.3848	0.0000	3.8418	5	9	31.0345	0.8840	0.0194	0.3774
Lcn2	Lcn2-l3	l	low expression	0.0156	0.0000	0.4534	1	1	3.4483	0.4978	0.3149	1.0000
Lcn2	Lcn2-l4	l	low expression	0.0739	0.0000	1.3208	3	3	10.3448	0.1405	0.7907	0.5212
Lcn2	Lcn2-l5	l	low expression	0.0184	0.0000	0.5335	1	1	3.4483	-0.1007	0.8494	1.0000
Lcn2	Lcn2-l6	l	unsupported	0.0000	0.0000	0.0000	0	0	0.0000			1.0000
Lcn2	Lcn2-l7	l	unsupported	0.0000	0.0000	0.0000	0	0	0.0000			1.0000
Lcn2	Lcn2-l8	l	unsupported	0.0000	0.0000	0.0000	0	0	0.0000			1.0000
Lcn2	Lcn2-l9	l	low expression	0.0423	0.0180	0.2613	6	17	58.6207	-0.1957	0.7102	0.1137
Ldha	Ldha-l1	l	parent correlated	11.6557	10.0115	29.1300	6	28	96.5517	0.9739	0.0010	0.0735
Lgals9	Lgals9-l1	l	low expression	0.6412	0.3785	3.6698	6	23	79.3103	0.3946	0.4388	0.2022
Lgals9	Lgals9-l2	l	low expression	4.2393	0.2577	26.7682	5	18	62.0690	0.8069	0.0523	0.8160
Lgals9b	Lgals9b-l1	l	low expression	0.2020	0.0968	1.5616	6	18	62.0690	0.0225	0.9663	0.1440
Lilra5	Lilra5-l1	l	low expression	0.4364	0.0000	2.9954	6	12	41.3793	0.0011	0.9983	0.2782
Lilra5	Lilra5-l2	l	supported	19.9985	9.3572	105.5553	6	27	93.1034	0.1242	0.8146	0.2342
Lilra6	Lilra6-l1	l	supported	6.4074	1.1318	48.6149	6	19	65.5172	0.7717	0.0722	0.5855
Lilra6	Lilra6-l2	l	parent correlated	8.8393	2.0037	55.6705	6	27	93.1034	0.8555	0.0298	0.5701
Lin28a	Lin28a-dl1	dl	low expression	2.7694	0.0000	36.8674	3	5	17.2414	0.5091	0.3024	0.6782
Lin28a	Lin28a-l1	l	low expression	1.5715	0.0000	22.0281	4	5	17.2414	0.2599	0.6189	0.3622
Llcfc1	Llcfc1-l1	l	low expression	0.9522	0.0000	13.1581	3	7	24.1379	0.0399	0.9402	0.6653
Loxhd1	Loxhd1-l1	l	supported	3.6985	3.4793	13.6942	6	25	86.2069	0.6795	0.1376	0.3689
Lrpap1	Lrpap1-dl1	dl	parent correlated	1543.3828	1137.9592	3740.6453	6	29	100.0000	0.9641	0.0019	0.0669
Lsm3	Lsm3-dl1	dl	supported	823.5875	859.4377	1267.2028	6	29	100.0000	-0.0095	0.9857	0.0166
Lsm3	Lsm3-dl2	dl	supported	6.9591	5.7413	36.3138	6	28	96.5517	0.0594	0.9110	0.1142
Lsm3	Lsm3-dl3	dl	unsupported	0.0000	0.0000	0.0000	0	0	0.0000			1.0000
Lsm3	Lsm3-dl4	dl	supported	32.9353	25.2751	120.1301	6	27	93.1034	0.5236	0.2863	0.1053
Lsm4	Lsm4-dl1	dl	parent correlated	88.0207	78.1191	164.3312	6	29	100.0000	0.9244	0.0084	0.0307
Lsm5	Lsm5-l1	l	supported	217.8121	228.0256	349.9056	6	29	100.0000	0.5261	0.2837	0.0124
Lsm8	Lsm8-dl1	dl	parent correlated	294.3807	288.3529	415.1339	6	29	100.0000	0.9618	0.0022	0.0071
Ly6e	Ly6e-l1	l	supported	757.4405	249.3003	2297.0510	6	29	100.0000	-0.0074	0.9889	0.2904
Lyrm2	Lyrm2-dl1	dl	supported	10.7639	11.1013	19.8488	6	26	89.6552	0.3729	0.4666	0.0406
Lyrm2	Lyrm2-dl2	dl	low expression	0.4972	0.0000	7.8134	2	2	6.8966	0.4356	0.3879	0.6134
Lyrm2	Lyrm2-l1	l	supported	62.2734	59.9124	140.7957	6	28	96.5517	0.4463	0.3750	0.0239
Lyz	Lyz-l1	l	low expression	8.6721	0.0000	101.8369	3	11	37.9310	-0.4487	0.3722	0.9651
Lyz	Lyz-l2	l	supported	178.9693	50.6945	928.1988	6	29	100.0000	-0.5096	0.3017	0.5026
Mad2l2	Mad2l2-l1	l	supported	147.3835	139.2609	283.7301	6	29	100.0000	0.4827	0.3321	0.0261
Magea10	Magea10-dl1	dl	unsupported	0.0000	0.0000	0.0000	0	0	0.0000			1.0000
Magea10	Magea10-l1	l	unsupported	0.0000	0.0000	0.0000	0	0	0.0000			1.0000
Magea10	Magea10-l10	l	unsupported	0.0000	0.0000	0.0000	0	0	0.0000			1.0000
Magea10	Magea10-l2	l	low expression	0.1618	0.0000	2.0323	2	3	10.3448	-0.3153	0.5428	0.6182
Magea10	Magea10-l3	l	low expression	0.0815	0.0000	2.3631	1	1	3.4483	-0.2000	0.7040	1.0000
Magea10	Magea10-l4	l	unsupported	0.0000	0.0000	0.0000	0	0	0.0000			1.0000
Magea10	Magea10-l5	l	unsupported	0.0000	0.0000	0.0000	0	0	0.0000			1.0000
Magea10	Magea10-l6	l	unsupported	0.0000	0.0000	0.0000	0	0	0.0000			1.0000
Magea10	Magea10-l7	l	unsupported	0.0000	0.0000	0.0000	0	0	0.0000			1.0000
Magea10	Magea10-l8	l	low expression	0.0783	0.0000	2.2707	1	1	3.4483	-0.2000	0.7040	1.0000
Magea10	Magea10-l9	l	unsupported	0.0000	0.0000	0.0000	0	0	0.0000			1.0000
Magea11	Magea11-l1	l	unsupported	0.0000	0.0000	0.0000	0	0	0.0000			1.0000
Magea11	Magea11-l2	l	unsupported	0.0000	0.0000	0.0000	0	0	0.0000			1.0000
Magea11	Magea11-l3	l	unsupported	0.0000	0.0000	0.0000	0	0	0.0000			1.0000
Magea11	Magea11-l4	l	low expression	0.0626	0.0000	1.8151	1	1	3.4483			1.0000
Magea11	Magea11-l5	l	unsupported	0.0000	0.0000	0.0000	0	0	0.0000			1.0000
Magea4	Magea4-l1	l	unsupported	0.0000	0.0000	0.0000	0	0	0.0000			1.0000
Magea4	Magea4-l2	l	unsupported	0.0000	0.0000	0.0000	0	0	0.0000			1.0000
Magea4	Magea4-l3	l	unsupported	0.0000	0.0000	0.0000	0	0	0.0000			1.0000
Magea4	Magea4-l4	l	unsupported	0.0000	0.0000	0.0000	0	0	0.0000			1.0000
Mageb16	Mageb16-l1	l	unsupported	0.0000	0.0000	0.0000	0	0	0.0000			1.0000
Mageb3	Mageb3-dl1	dl	low expression	0.1210	0.0000	3.5101	1	1	3.4483	-0.3849	0.4511	1.0000
Mageb3	Mageb3-l1	l	low expression	0.0176	0.0000	0.1389	5	8	27.5862	-0.2629	0.6148	0.2992
Mageb3	Mageb3-l2	l	unsupported	0.0000	0.0000	0.0000	0	0	0.0000			1.0000
Mageb3	Mageb3-l3	l	low expression	0.1317	0.0000	3.8204	1	1	3.4483	-0.0550	0.9176	1.0000
Mageb3	Mageb3-l4	l	unsupported	0.0000	0.0000	0.0000	0	0	0.0000			1.0000
Mageb3	Mageb3-l5	l	unsupported	0.0000	0.0000	0.0000	0	0	0.0000			1.0000
Mageb4	Mageb4-dl1	dl	unsupported	0.0000	0.0000	0.0000	0	0	0.0000			1.0000
Mageb4	Mageb4-l1	l	unsupported	0.0000	0.0000	0.0000	0	0	0.0000			1.0000
Mageb4	Mageb4-l2	l	unsupported	0.0000	0.0000	0.0000	0	0	0.0000			1.0000
Mageb4	Mageb4-l3	l	low expression	0.0144	0.0000	0.4168	1	1	3.4483	-0.2000	0.7040	1.0000
Mageb4	Mageb4-l4	l	unsupported	0.0000	0.0000	0.0000	0	0	0.0000			1.0000
Mak16	Mak16-dl1	dl	parent correlated	261.0787	268.1512	443.5610	6	29	100.0000	0.9256	0.0081	0.0247
Maoa	Maoa-dl1	dl	parent correlated	886.4923	574.6570	2185.2817	6	29	100.0000	0.8524	0.0311	0.1186
Maoa	Maoa-dl2	dl	parent correlated	1466.1216	910.9272	3612.9135	6	29	100.0000	0.9020	0.0139	0.1168
Mat2a	Mat2a-l1	l	parent correlated	488.0341	508.6874	1111.0787	6	29	100.0000	0.9899	0.0002	0.0647
Mboat7	Mboat7-l1	l	parent correlated	5.0066	2.5653	40.3268	6	28	96.5517	0.8627	0.0270	0.2422
Mdp1	Mdp1-l1	l	parent correlated	49.9929	46.6692	96.9275	6	29	100.0000	0.8988	0.0148	0.0288
Med29	Med29-dl1	dl	parent correlated	1846.5102	2086.2386	2465.6295	6	29	100.0000	0.8126	0.0494	0.0275
Med4	Med4-dl1	dl	parent correlated	313.8714	258.3044	564.9015	6	29	100.0000	0.9900	0.0002	0.0317
Med4	Med4-dl2	dl	parent correlated	67.7709	48.6720	147.3388	6	29	100.0000	0.9523	0.0034	0.0776
Melk	Melk-l1	l	parent correlated	13.4250	3.0329	112.2215	6	25	86.2069	0.9748	0.0009	0.3955
Mfsd13a	Mfsd13a-l1	l	low expression	0.5793	0.3930	1.8299	6	26	89.6552	0.8138	0.0488	0.1038
Mgat1	Mgat1-l1	l	parent correlated	134.7464	148.0336	194.9848	6	29	100.0000	0.9204	0.0093	0.0229
Mgat4c	Mgat4c-l1	l	supported	14.4057	15.7602	23.9797	6	29	100.0000	0.3479	0.4992	0.0587
Mgat4c	Mgat4c-l2	l	low expression	0.0939	0.0000	2.3291	1	3	10.3448	-0.0055	0.9917	1.0000
Mia2	Mia2-l1	l	low expression	0.5837	0.0000	7.1768	4	8	27.5862	0.1666	0.7524	0.3851
Mif	Mif-dl1	dl	parent correlated	456.5384	379.5741	781.6116	6	29	100.0000	0.9928	0.0001	0.0518
Mmgt1	Mmgt1-dl1	dl	supported	318.7032	292.3971	560.2697	6	29	100.0000	0.4581	0.3609	0.0362
Mphosph10	Mphosph10-l1	l	parent correlated	244.2006	229.0777	381.6899	6	29	100.0000	0.9232	0.0086	0.0180
Mreg	Mreg-l1	l	parent correlated	39.0443	37.2656	94.7597	6	29	100.0000	0.8313	0.0403	0.0469
Mrgprx1	Mrgprx1-l1	l	unsupported	0.0000	0.0000	0.0000	0	0	0.0000			1.0000
Mrgprx1	Mrgprx1-l2	l	low expression	0.9059	0.0000	16.7567	2	4	13.7931	-0.2941	0.5716	0.8072
Mri1	Mri1-dl1	dl	supported	113.4896	107.0320	191.2041	6	29	100.0000	0.3555	0.4892	0.0109
Mroh7	Mroh7-l1	l	low expression	0.2085	0.0650	1.8104	6	18	62.0690	0.2882	0.5796	0.4676
Mrpl11	Mrpl11-l1	l	parent correlated	448.5700	532.1347	820.4018	6	29	100.0000	0.8689	0.0247	0.0538
Mrpl15	Mrpl15-l1	l	parent correlated	325.8935	337.1773	558.7083	6	29	100.0000	0.9808	0.0006	0.0116
Mrpl17	Mrpl17-dl1	dl	supported	48.0198	36.5023	160.6509	6	28	96.5517	-0.4645	0.3533	0.1012
Mrpl3	Mrpl3-l1	l	supported	916.6487	886.4570	1771.6331	6	29	100.0000	0.5742	0.2334	0.0548
Mrpl30	Mrpl30-l1	l	supported	1439.1866	1440.6869	2221.0241	6	29	100.0000	0.7316	0.0984	0.0171
Mrpl36	Mrpl36-dl1	dl	parent correlated	81.0462	66.5581	167.6185	6	28	96.5517	0.9641	0.0019	0.0685
Mrpl41	Mrpl41-l1	l	supported	314.6902	341.6852	595.3297	6	29	100.0000	0.5384	0.2705	0.0434
Mrpl41	Mrpl41-l2	l	supported	292.8494	265.0479	583.1325	6	29	100.0000	0.3769	0.4614	0.0357
Mrpl42	Mrpl42-l1	l	supported	952.1246	725.0328	2859.8332	6	29	100.0000	0.2313	0.6592	0.0897
Mrpl45	Mrpl45-l1	l	supported	330.7634	319.0413	594.1842	6	29	100.0000	0.5547	0.2533	0.0166
Mrpl49	Mrpl49-dl1	dl	parent correlated	244.5533	220.8333	416.9439	6	29	100.0000	0.9928	0.0001	0.0169
Mrpl49	Mrpl49-dl2	dl	supported	72.7057	67.4108	114.2296	6	29	100.0000	0.7663	0.0756	0.0114
Mrpl50	Mrpl50-dl1	dl	parent correlated	35.2624	35.4626	78.1138	6	27	93.1034	0.8168	0.0473	0.0470
Mrpl50	Mrpl50-dl2	dl	supported	12.3485	5.2251	91.6183	6	18	62.0690	-0.7431	0.0905	0.1935
Mrpl50	Mrpl50-dl3	dl	parent correlated	203.5268	184.1745	358.3852	6	29	100.0000	0.9557	0.0029	0.0349
Mrpl55	Mrpl55-l1	l	supported	379.7357	382.1009	494.5654	6	29	100.0000	0.1868	0.7231	0.0057
Mrps15	Mrps15-dl1	dl	parent correlated	377.5719	336.3261	762.5413	6	29	100.0000	0.9508	0.0036	0.0389
Mrps16	Mrps16-l1	l	parent correlated	283.6444	274.1192	450.0660	6	29	100.0000	0.9730	0.0011	0.0154
Mrps18c	Mrps18c-dl1	dl	supported	252.2194	221.7377	547.1368	6	28	96.5517	0.3418	0.5072	0.0510
Mrps18c	Mrps18c-l1	l	supported	222.5820	186.9566	435.6893	6	29	100.0000	0.4048	0.4260	0.0381
Mrps21	Mrps21-dl1	dl	supported	25.7359	23.4993	68.8122	6	26	89.6552	0.7520	0.0847	0.0598
Mrps25	Mrps25-dl1	dl	parent correlated	1515.4443	1498.5983	2424.1682	6	29	100.0000	0.8772	0.0217	0.0177
Mrps25	Mrps25-dl2	dl	supported	9.7619	6.2001	45.9655	6	26	89.6552	0.7111	0.1131	0.0809
Mrps6	Mrps6-dl1	dl	supported	23.1049	14.9565	66.2151	6	24	82.7586	0.5000	0.3125	0.1092
Mrps6	Mrps6-dl2	dl	supported	85.9086	72.5428	221.5616	6	28	96.5517	0.6880	0.1309	0.0773
Mrto4	Mrto4-l1	l	parent correlated	9.6507	8.0956	45.4996	6	26	89.6552	0.9003	0.0144	0.0552
Ms4a2	Ms4a2-l1	l	supported	9.0232	2.3783	49.7770	6	25	86.2069	0.7741	0.0708	0.4820
Ms4a4a	Ms4a4a-dl1	dl	low expression	1.6507	0.4029	9.7557	6	25	86.2069	-0.1517	0.7742	0.3248
Ms4a4d	Ms4a4d-dl1	dl	parent correlated	3.0548	0.6333	23.1023	6	17	58.6207	0.8784	0.0213	0.4786
Msmb	Msmb-l1	l	low expression	2581.6483	0.0000	16829.7276	5	13	44.8276	0.3697	0.4707	0.9899
Msn	Msn-dl1	dl	parent correlated	850.4171	693.5804	2788.7223	6	29	100.0000	0.9815	0.0005	0.2236
Mtap	Mtap-dl1	dl	supported	30.7447	27.6534	66.5025	6	29	100.0000	0.7267	0.1018	0.0324
Mtap	Mtap-dl2	dl	supported	49.9000	45.7261	126.1381	6	29	100.0000	0.7531	0.0839	0.0347
Mtap	Mtap-dl3	dl	supported	37.4780	36.5121	81.8474	6	26	89.6552	0.3537	0.4916	0.0489
Mtrex	Mtrex-dl1	dl	supported	492.8617	410.0504	938.4554	6	29	100.0000	0.6295	0.1804	0.0451
Mx2	Mx2-l1	l	supported	34.7949	26.0565	64.6432	6	29	100.0000	0.7993	0.0564	0.0520
Mycbp	Mycbp-dl1	dl	supported	8.7139	5.9573	38.5053	6	18	62.0690	0.5842	0.2234	0.0794
Mycbp	Mycbp-dl2	dl	supported	14.9820	13.0994	44.3271	6	29	100.0000	0.2537	0.6276	0.0391
Mycbp	Mycbp-l1	l	parent correlated	963.0548	950.1664	1891.2070	6	29	100.0000	0.9046	0.0132	0.0767
Mycbp	Mycbp-l2	l	low expression	2.2823	0.0000	11.8467	5	12	41.3793	0.7139	0.1110	0.1906
Mycbp	Mycbp-l3	l	supported	12.7406	6.7032	52.8158	6	20	68.9655	0.7724	0.0718	0.1572
Mycbp	Mycbp-l4	l	supported	4.6162	2.4059	26.2878	6	17	58.6207	0.4805	0.3348	0.2321
Mycbp	Mycbp-l5	l	parent correlated	345.8166	325.5142	643.0479	6	29	100.0000	0.8704	0.0241	0.0810
Mycbp	Mycbp-l6	l	parent correlated	41.8839	40.0958	154.8034	6	27	93.1034	0.9615	0.0022	0.0825
Myh2	Myh2-l1	l	low expression	229.3661	0.3172	2799.6289	6	21	72.4138	0.9891	0.0002	0.9877
Myl12b	Myl12b-l1	l	parent correlated	587.9810	455.1068	1256.0709	6	29	100.0000	0.9571	0.0027	0.0505
Myl6	Myl6-l1	l	parent correlated	39.2511	32.7420	114.5869	6	28	96.5517	0.9418	0.0050	0.0879
Myl6	Myl6-l2	l	parent correlated	2437.0114	1937.3836	6126.0056	6	29	100.0000	0.8332	0.0394	0.0729
Myl9	Myl9-l1	l	parent correlated	859.8003	402.3611	2312.0610	6	29	100.0000	0.9725	0.0011	0.2041
Naa11	Naa11-l1	l	low expression	0.1389	0.0000	1.8099	5	10	34.4828	0.5271	0.2826	0.4058
Nampt	Nampt-dl1	dl	parent correlated	521.4100	461.5809	948.4084	6	29	100.0000	0.8291	0.0413	0.0277
Nanp	Nanp-l1	l	supported	24.1491	22.1557	55.7074	6	29	100.0000	0.4287	0.3964	0.0242
Napsa	Napsa-dl1	dl	parent correlated	120.6562	5.3105	497.2773	6	26	89.6552	0.9849	0.0003	0.5925
Nasp	Nasp-l1	l	parent correlated	5.8709	5.0791	22.3028	6	28	96.5517	0.9470	0.0041	0.0523
Nat8b	Nat8b-l1	l	supported	96.1046	0.6598	331.1535	6	28	96.5517	0.0362	0.9457	0.5950
Ncbp2	Ncbp2-dl1	dl	supported	71.9244	66.0615	143.7326	6	29	100.0000	0.7938	0.0594	0.0386
Ncr3lg1	Ncr3lg1-l1	l	supported	9.1948	4.2003	94.0522	6	25	86.2069	0.6092	0.1992	0.4743
Ncr3lg1	Ncr3lg1-l2	l	supported	66.0210	63.7050	123.0973	6	29	100.0000	0.7628	0.0777	0.0201
Ndufa10	Ndufa10-l1	l	parent correlated	248.4537	173.3183	689.1693	6	29	100.0000	0.9504	0.0036	0.1202
Ndufa11	Ndufa11-dl1	dl	parent correlated	6122.8904	4826.3333	16545.5811	6	29	100.0000	0.9744	0.0010	0.0956
Ndufa12	Ndufa12-dl1	dl	parent correlated	1779.9727	1442.4977	4932.3686	6	29	100.0000	0.9926	0.0001	0.0923
Ndufa12	Ndufa12-dl2	dl	parent correlated	589.5751	470.3203	1552.2663	6	29	100.0000	0.9906	0.0001	0.0902
Ndufa2	Ndufa2-dl1	dl	parent correlated	1798.7917	1997.0523	3610.7821	6	29	100.0000	0.9570	0.0027	0.0849
Ndufa2	Ndufa2-l1	l	parent correlated	189.1757	195.8360	354.5826	6	29	100.0000	0.9600	0.0024	0.0587
Ndufa2	Ndufa2-l2	l	parent correlated	61.9101	56.8133	143.0515	6	26	89.6552	0.9237	0.0085	0.0962
Ndufa3	Ndufa3-dl1	dl	supported	151.3453	145.1799	405.4820	6	29	100.0000	0.4548	0.3649	0.0786
Ndufa3	Ndufa3-l1	l	supported	1943.5544	1795.7195	4880.8870	6	29	100.0000	0.6517	0.1609	0.0410
Ndufa3	Ndufa3-l2	l	supported	369.4249	322.6991	918.8852	6	29	100.0000	0.4588	0.3601	0.0639
Ndufa4	Ndufa4-dl1	dl	parent correlated	4230.6739	3149.8144	11196.0774	6	29	100.0000	0.9924	0.0001	0.1446
Ndufa4	Ndufa4-dl2	dl	parent correlated	1221.9247	957.6830	3193.1152	6	29	100.0000	0.9906	0.0001	0.1285
Ndufa4	Ndufa4-dl3	dl	parent correlated	14450.4271	11380.9291	40508.8367	6	29	100.0000	0.9933	0.0001	0.1410
Ndufa5	Ndufa5-dl1	dl	parent correlated	236.7212	150.3280	800.5309	6	28	96.5517	0.8949	0.0160	0.1893
Ndufa5	Ndufa5-l1	l	parent correlated	1021.7597	727.1425	2494.3000	6	29	100.0000	0.9937	0.0001	0.1680
Ndufa5	Ndufa5-l2	l	supported	183.0273	124.9138	542.9040	6	28	96.5517	0.6857	0.1327	0.1773
Ndufa6	Ndufa6-dl1	dl	parent correlated	2933.4643	2481.9453	7734.3813	6	29	100.0000	0.9513	0.0035	0.0984
Ndufa8	Ndufa8-dl1	dl	robust expression	419.8592	362.0443	907.9241	6	29	100.0000			0.0641
Ndufab1	Ndufab1-l1	l	supported	811.4306	660.3573	2288.6631	6	29	100.0000	0.6383	0.1726	0.1216
Ndufaf2	Ndufaf2-l1	l	supported	286.7829	281.8905	471.7185	6	29	100.0000	-0.2372	0.6508	0.0137
Ndufaf4	Ndufaf4-dl1	dl	parent correlated	92.5601	82.9374	204.8232	6	29	100.0000	0.9529	0.0033	0.0980
Ndufaf4	Ndufaf4-dl2	dl	parent correlated	91.7875	93.1089	180.3132	6	28	96.5517	0.9441	0.0046	0.0966
Ndufb10	Ndufb10-dl1	dl	parent correlated	979.7064	960.8797	2088.7495	6	29	100.0000	0.9930	0.0001	0.0662
Ndufb4	Ndufb4-dl1	dl	parent correlated	12.2961	11.7569	62.3818	6	23	79.3103	0.8883	0.0180	0.1154
Ndufb7	Ndufb7-dl1	dl	supported	15.5537	5.5180	88.4954	6	23	79.3103	-0.3848	0.4513	0.3249
Ndufb7	Ndufb7-dl2	dl	low expression	1.6972	0.0000	15.7575	2	4	13.7931	-0.4911	0.3225	0.6349
Ndufs8	Ndufs8-l1	l	parent correlated	4391.1592	3519.3179	11006.8273	6	29	100.0000	0.9877	0.0002	0.1090
Nedd8	Nedd8-dl1	dl	supported	18.8144	15.4500	57.3089	6	25	86.2069	0.4594	0.3594	0.0481
Nedd8	Nedd8-dl2	dl	supported	10.6582	5.1206	51.9196	6	23	79.3103	0.5792	0.2283	0.2492
Nedd8	Nedd8-dl3	dl	supported	179.3469	172.9654	326.4440	6	29	100.0000	0.0264	0.9604	0.0269
Nedd8	Nedd8-dl4	dl	supported	573.4235	566.8195	1015.5640	6	29	100.0000	0.5840	0.2235	0.0210
Nedd8	Nedd8-dl5	dl	parent correlated	44.6940	44.1602	99.5861	6	28	96.5517	0.8113	0.0501	0.0150
Nedd8	Nedd8-dl6	dl	parent correlated	32.9854	22.6760	144.8161	6	23	79.3103	0.8508	0.0317	0.0795
Nedd8	Nedd8-dl7	dl	supported	12.6762	7.3201	64.0030	6	28	96.5517	0.4976	0.3152	0.1450
Nifk	Nifk-dl1	dl	supported	142.8749	137.8771	250.0012	6	29	100.0000	0.7642	0.0768	0.0214
Nifk	Nifk-dl2	dl	parent correlated	21.9398	20.6664	49.0081	6	29	100.0000	0.8055	0.0531	0.0412
Nifk	Nifk-dl3	dl	parent correlated	240.6536	233.1635	411.6556	6	29	100.0000	0.8352	0.0385	0.0126
Nifk	Nifk-dl4	dl	supported	25.0468	23.4253	48.8326	6	28	96.5517	0.4266	0.3989	0.0247
Nipsnap2	Nipsnap2-dl1	dl	parent correlated	88.6695	43.6260	356.1516	6	28	96.5517	0.9695	0.0014	0.3105
Nlrp1	Nlrp1-l1	l	parent correlated	33.3928	6.7645	169.7377	6	29	100.0000	0.8202	0.0456	0.3626
Nlrp1	Nlrp1-l2	l	supported	6.1498	2.5068	30.2539	6	29	100.0000	0.7351	0.0960	0.2291
Nop10	Nop10-dl1	dl	supported	183.0607	187.0046	240.0834	6	29	100.0000	0.1551	0.7692	0.0032
Nop10	Nop10-dl2	dl	parent correlated	267.7978	288.8375	403.9980	6	29	100.0000	0.8908	0.0172	0.0098
Notch2	Notch2-l1	l	supported	7.7681	4.8944	31.4398	6	23	79.3103	0.7454	0.0890	0.1800
Npm1	Npm1-l1	l	low expression	5.2940	0.0000	147.7958	2	4	13.7931	0.5534	0.2547	0.9692
Npm1	Npm1-l2	l	supported	1.3993	0.9922	6.6548	6	21	72.4138	0.0954	0.8573	0.1569
Nr1h4	Nr1h4-l1	l	supported	1.0972	0.5497	4.9211	6	24	82.7586	0.5581	0.2497	0.2586
Nr1i3	Nr1i3-l1	l	supported	473.6091	1.1646	2490.5964	6	20	68.9655	0.5936	0.2142	0.6751
Nsa2	Nsa2-dl1	dl	supported	158.2765	113.3318	468.4030	6	29	100.0000	0.7543	0.0831	0.1520
Nsa2	Nsa2-dl2	dl	supported	20.2038	21.0815	50.4226	6	28	96.5517	-0.0284	0.9573	0.0140
Nsfl1c	Nsfl1c-l1	l	supported	190.4558	174.3829	333.2556	6	29	100.0000	0.7148	0.1104	0.0172
Nthl1	Nthl1-l1	l	supported	10.3924	10.7032	29.7297	6	25	86.2069	-0.2287	0.6629	0.0120
Nucks1	Nucks1-l1	l	parent correlated	139.0002	107.1479	318.9349	6	29	100.0000	0.9242	0.0084	0.0561
Nudcd2	Nudcd2-dl1	dl	parent correlated	72.0652	78.3467	140.3602	6	29	100.0000	0.8538	0.0305	0.0579
Nudt11	Nudt11-dl1	dl	low expression	21.3651	0.2968	154.1545	6	18	62.0690	0.8427	0.0352	0.8550
Nudt16	Nudt16-l1	l	supported	2.8305	1.1696	11.7030	5	18	62.0690	0.6873	0.1314	0.2998
Nup43	Nup43-dl1	dl	parent correlated	85.4535	74.6538	191.6664	6	29	100.0000	0.9122	0.0112	0.0398
Nupr1	Nupr1-l1	l	supported	790.9725	553.5989	2686.9208	6	29	100.0000	0.6949	0.1254	0.2726
Nus1	Nus1-dl1	dl	parent correlated	299.9159	148.5936	1231.7955	6	29	100.0000	0.9819	0.0005	0.2956
Nusap1	Nusap1-l1	l	parent correlated	8.8571	2.1923	97.4355	6	23	79.3103	0.9439	0.0046	0.4386
Nusap1	Nusap1-l2	l	low expression	2.4238	0.0000	14.6982	6	14	48.2759	0.7830	0.0656	0.3163
Nutf2	Nutf2-l1	l	parent correlated	52.0937	49.8552	94.7264	6	29	100.0000	0.8656	0.0259	0.0375
Nxpe3	Nxpe3-l1	l	supported	21.7210	17.4160	49.7989	6	29	100.0000	0.1690	0.7488	0.0615
Nxpe3	Nxpe3-l2	l	low expression	5.2363	0.4782	31.7290	6	29	100.0000	-0.1914	0.7164	0.6405
Oat	Oat-dl1	dl	supported	1241.3814	1150.2852	1988.7210	6	29	100.0000	0.5734	0.2342	0.0237
Obp2b	Obp2b-l1	l	low expression	0.4477	0.0000	4.5103	3	6	20.6897	-0.3118	0.5475	0.5284
Obp2b	Obp2b-l2	l	supported	51.3214	27.3287	195.6050	6	29	100.0000	-0.6699	0.1455	0.2350
Olfm4	Olfm4-l1	l	low expression	0.3760	0.0000	3.0201	4	11	37.9310	-0.4983	0.3144	0.4256
Or10q1	Or10q1-l1	l	low expression	0.0723	0.0000	2.0963	1	1	3.4483	1.0000	0.0000	1.0000
Or51a7	Or51a7-l1	l	unsupported	0.0000	0.0000	0.0000	0	0	0.0000			1.0000
Or51a7	Or51a7-l2	l	unsupported	0.0000	0.0000	0.0000	0	0	0.0000			1.0000
Or51a7	Or51a7-l3	l	unsupported	0.0000	0.0000	0.0000	0	0	0.0000			1.0000
Or51a7	Or51a7-l4	l	unsupported	0.0000	0.0000	0.0000	0	0	0.0000			1.0000
Or51c1	Or51c1-l1	l	low expression	1.9796	0.0000	28.5035	3	6	20.6897	0.8105	0.0505	0.7305
Or51c1	Or51c1-l2	l	low expression	0.2722	0.0000	3.6531	3	3	10.3448	0.4458	0.3755	0.4026
Or51f1	Or51f1-l1	l	unsupported	0.0000	0.0000	0.0000	0	0	0.0000			1.0000
Or51g2	Or51g2-l1	l	unsupported	0.0000	0.0000	0.0000	0	0	0.0000			1.0000
Or51g2	Or51g2-l2	l	unsupported	0.0000	0.0000	0.0000	0	0	0.0000			1.0000
Or51g2	Or51g2-l3	l	unsupported	0.0000	0.0000	0.0000	0	0	0.0000			1.0000
Or51g2	Or51g2-l4	l	unsupported	0.0000	0.0000	0.0000	0	0	0.0000			1.0000
Or51g2	Or51g2-l5	l	unsupported	0.0000	0.0000	0.0000	0	0	0.0000			1.0000
Or51g2	Or51g2-l6	l	unsupported	0.0000	0.0000	0.0000	0	0	0.0000			1.0000
Or51i1	Or51i1-l1	l	unsupported	0.0000	0.0000	0.0000	0	0	0.0000			1.0000
Or51i1	Or51i1-l2	l	unsupported	0.0000	0.0000	0.0000	0	0	0.0000			1.0000
Or51i2	Or51i2-dl1	dl	low expression	0.1042	0.0000	1.8183	2	2	6.8966			0.6562
Or51i2	Or51i2-l1	l	low expression	0.0627	0.0000	1.8183	1	1	3.4483			1.0000
Or51i2	Or51i2-l2	l	unsupported	0.0000	0.0000	0.0000	0	0	0.0000			1.0000
Or51i2	Or51i2-l3	l	low expression	0.0376	0.0000	1.0914	1	1	3.4483			1.0000
Or51i2	Or51i2-l4	l	unsupported	0.0000	0.0000	0.0000	0	0	0.0000			1.0000
Or51i2	Or51i2-l5	l	unsupported	0.0000	0.0000	0.0000	0	0	0.0000			1.0000
Or51l1	Or51l1-l1	l	unsupported	0.0000	0.0000	0.0000	0	0	0.0000			1.0000
Or51v1	Or51v1-l1	l	unsupported	0.0000	0.0000	0.0000	0	0	0.0000			1.0000
Or52a1	Or52a1-l1	l	unsupported	0.0000	0.0000	0.0000	0	0	0.0000			1.0000
Or52a1	Or52a1-l2	l	unsupported	0.0000	0.0000	0.0000	0	0	0.0000			1.0000
Or52a1	Or52a1-l3	l	unsupported	0.0000	0.0000	0.0000	0	0	0.0000			1.0000
Or52b2	Or52b2-l1	l	low expression	0.4477	0.0000	2.8689	4	7	24.1379			0.3388
Or52b2	Or52b2-l2	l	low expression	0.3834	0.0000	3.0323	2	7	24.1379			0.7014
Or52b4	Or52b4-l1	l	supported	2.4517	1.2964	11.3845	6	25	86.2069	0.6838	0.1342	0.2377
Or52b4	Or52b4-l2	l	low expression	1.1086	0.0000	7.3651	5	9	31.0345	0.6482	0.1638	0.1998
Or52h1	Or52h1-l1	l	low expression	1.3118	0.0000	26.7370	1	3	10.3448	-0.2000	0.7040	1.0000
Or52h1	Or52h1-l2	l	low expression	0.2614	0.0000	7.5810	1	1	3.4483	1.0000	0.0000	1.0000
Or52i1	Or52i1-l1	l	supported	4.9437	3.2104	42.2191	5	19	65.5172	0.7957	0.0584	0.2670
Or52j3	Or52j3-l1	l	unsupported	0.0000	0.0000	0.0000	0	0	0.0000			1.0000
Or52j3	Or52j3-l2	l	unsupported	0.0000	0.0000	0.0000	0	0	0.0000			1.0000
Or52m1	Or52m1-l1	l	low expression	0.8416	0.0000	14.7498	4	5	17.2414	0.1916	0.7162	0.3610
Or52p1	Or52p1-l1	l	unsupported	0.0000	0.0000	0.0000	0	0	0.0000			1.0000
Or52p1	Or52p1-l2	l	low expression	0.0865	0.0000	2.5085	1	1	3.4483	1.0000	0.0000	1.0000
Or52p1	Or52p1-l3	l	unsupported	0.0000	0.0000	0.0000	0	0	0.0000			1.0000
Or52r1	Or52r1-l1	l	unsupported	0.0000	0.0000	0.0000	0	0	0.0000			1.0000
Or56a4	Or56a4-l1	l	unsupported	0.0000	0.0000	0.0000	0	0	0.0000			1.0000
Or56b1	Or56b1-dl1	dl	unsupported	0.0000	0.0000	0.0000	0	0	0.0000			1.0000
Osbpl11	Osbpl11-dl1	dl	supported	1.0316	0.7745	5.3780	6	21	72.4138	0.7954	0.0585	0.0785
Osbpl11	Osbpl11-dl2	dl	parent correlated	46.9216	42.8151	106.3371	6	29	100.0000	0.9183	0.0097	0.0154
Ostf1	Ostf1-dl1	dl	parent correlated	2172.2379	2015.9176	4120.9757	6	29	100.0000	0.8759	0.0221	0.0607
Otub1	Otub1-dl1	dl	parent correlated	758.9029	640.5840	1802.5136	6	29	100.0000	0.9874	0.0002	0.0764
Otud6b	Otud6b-l1	l	parent correlated	125.9524	111.8401	321.0758	6	29	100.0000	0.9722	0.0011	0.0893
Ovca2	Ovca2-dl1	dl	supported	154.3138	157.2661	240.3725	6	29	100.0000	0.7190	0.1074	0.0195
P2ry10	P2ry10-l1	l	supported	5.8007	4.0422	29.2822	6	27	93.1034	0.7469	0.0880	0.1650
Pa2g4	Pa2g4-dl1	dl	parent correlated	150.0008	126.5809	439.6075	6	29	100.0000	0.9953	0.0000	0.0225
Pa2g4	Pa2g4-dl2	dl	parent correlated	169.7827	139.0430	443.6128	6	29	100.0000	0.8843	0.0193	0.0265
Pa2g4	Pa2g4-dl3	dl	parent correlated	46.4351	39.4566	114.5162	6	29	100.0000	0.9320	0.0068	0.0401
Pa2g4	Pa2g4-dl4	dl	parent correlated	252.0723	216.7865	701.9697	6	29	100.0000	0.9392	0.0054	0.0223
Pabpc1l2a	Pabpc1l2a-dl1	dl	low expression	2.9038	0.0000	24.8470	1	5	17.2414	0.9469	0.0041	1.0000
Pabpn1	Pabpn1-dl1	dl	supported	27.2942	24.2867	76.8864	6	26	89.6552	0.6138	0.1949	0.0499
Pbdc1	Pbdc1-l1	l	supported	136.8775	123.1369	264.6985	6	29	100.0000	0.7905	0.0613	0.0334
Pbdc1	Pbdc1-l2	l	parent correlated	84.0520	67.7106	179.9254	6	29	100.0000	0.9951	0.0000	0.0436
Pcbp1	Pcbp1-dl1	dl	parent correlated	874.6501	674.3503	2235.3355	6	29	100.0000	0.9629	0.0020	0.0740
Pcbp1	Pcbp1-dl2	dl	parent correlated	23.6112	16.6618	67.7283	6	29	100.0000	0.9264	0.0079	0.0732
Pcbp2	Pcbp2-l1	l	low expression	0.0986	0.0592	0.7231	5	15	51.7241	0.3460	0.5017	0.1792
Pcdhb4	Pcdhb4-l1	l	parent correlated	22.1195	5.4466	116.5370	6	29	100.0000	0.9641	0.0019	0.5109
Pced1a	Pced1a-l1	l	unsupported	0.0000	0.0000	0.0000	0	0	0.0000			1.0000
Pclaf	Pclaf-dl1	dl	parent correlated	45.0124	17.1015	371.9027	6	25	86.2069	0.9317	0.0068	0.2588
Pcmt1	Pcmt1-l1	l	parent correlated	816.0893	527.8829	2590.8620	6	29	100.0000	0.8460	0.0337	0.1881
Pcna	Pcna-l1	l	supported	457.6780	377.3151	986.5000	6	29	100.0000	-0.1842	0.7268	0.0271
Pdap1	Pdap1-dl1	dl	parent correlated	82.7566	76.8635	140.0332	6	29	100.0000	0.9342	0.0064	0.0113
Pdcl3	Pdcl3-l1	l	supported	181.6571	180.9397	260.6438	6	29	100.0000	0.3938	0.4398	0.0091
Pdha1	Pdha1-dl1	dl	parent correlated	1638.5551	1638.2476	3623.5646	6	29	100.0000	0.9934	0.0001	0.0701
Pdia6	Pdia6-dl1	dl	parent correlated	668.8545	734.6884	1060.5086	6	29	100.0000	0.9816	0.0005	0.0291
Pdk1	Pdk1-l1	l	supported	263.4358	302.4938	467.5886	6	29	100.0000	0.6548	0.1582	0.0501
Pdlim5	Pdlim5-l1	l	parent correlated	510.5769	167.8588	2055.8035	6	29	100.0000	0.8691	0.0246	0.3443
Pebp1	Pebp1-dl1	dl	parent correlated	820.0299	926.8173	2329.6501	6	29	100.0000	0.9909	0.0001	0.1616
Pebp1	Pebp1-dl2	dl	parent correlated	1373.3927	1455.7661	3705.5884	6	29	100.0000	0.9946	0.0000	0.1412
Pemt	Pemt-l1	l	unsupported	0.0000	0.0000	0.0000	0	0	0.0000			1.0000
Pes1	Pes1-dl1	dl	parent correlated	36.6799	35.3538	69.8350	6	29	100.0000	0.9588	0.0025	0.0368
Pex13	Pex13-dl1	dl	supported	79.7478	72.0645	172.0272	6	29	100.0000	0.6804	0.1369	0.0499
Pfdn1	Pfdn1-dl1	dl	supported	12.1726	4.7267	55.3854	6	18	62.0690	0.7012	0.1206	0.3173
Pfdn1	Pfdn1-dl2	dl	parent correlated	1144.5017	808.2404	3396.0360	6	29	100.0000	0.8772	0.0217	0.1445
Pfdn2	Pfdn2-l1	l	supported	92.7133	92.0005	158.6756	6	29	100.0000	0.7971	0.0576	0.0267
Pfdn5	Pfdn5-dl1	dl	supported	20.3222	23.0811	44.2523	6	23	79.3103	0.3553	0.4895	0.0913
Pfdn5	Pfdn5-dl2	dl	parent correlated	818.0374	804.9901	1460.6454	6	29	100.0000	0.9097	0.0119	0.0393
Pfdn5	Pfdn5-dl3	dl	parent correlated	184.5535	180.3507	324.5802	6	29	100.0000	0.8958	0.0157	0.0280
Pfdn5	Pfdn5-dl4	dl	supported	510.6800	537.6676	958.1776	6	29	100.0000	0.7262	0.1022	0.0454
Pfn2	Pfn2-l1	l	low expression	0.5311	0.0000	5.7549	3	3	10.3448	-0.1916	0.7162	0.3877
Pgam1	Pgam1-dl1	dl	parent correlated	9.9522	6.5097	36.8304	6	23	79.3103	0.9673	0.0016	0.1766
Pgam1	Pgam1-dl2	dl	parent correlated	1872.3186	1119.3339	4657.1720	6	29	100.0000	0.9838	0.0004	0.1284
Pgam1	Pgam1-dl3	dl	parent correlated	194.5356	125.1656	541.3676	6	29	100.0000	0.9986	0.0000	0.1168
Pgam1	Pgam1-dl4	dl	parent correlated	15.1934	8.9860	41.7525	6	28	96.5517	0.9081	0.0123	0.1530
Pgam1	Pgam1-dl5	dl	parent correlated	242.0205	149.7103	676.8745	6	29	100.0000	0.9895	0.0002	0.1364
Pgam1	Pgam1-dl6	dl	parent correlated	379.1364	263.3134	1028.3373	6	29	100.0000	0.9660	0.0017	0.1181
Pgam1	Pgam1-dl7	dl	unsupported	0.0000	0.0000	0.0000	0	0	0.0000			1.0000
Pgk1	Pgk1-dl1	dl	supported	207.3130	204.4978	365.4125	6	29	100.0000	0.7586	0.0804	0.0341
Pgk1	Pgk1-dl2	dl	parent correlated	464.5692	449.1073	801.3050	6	29	100.0000	0.8736	0.0230	0.0320
Pgk1	Pgk1-dl3	dl	supported	345.6789	385.4404	557.5475	6	29	100.0000	0.7397	0.0928	0.0331
Pgk1	Pgk1-dl4	dl	parent correlated	610.5654	572.4689	1102.3066	6	29	100.0000	0.8798	0.0208	0.0423
Phb2	Phb2-dl1	dl	supported	711.5306	742.7024	1100.1071	6	29	100.0000	0.3922	0.4419	0.0279
Phgdh	Phgdh-l1	l	parent correlated	513.4083	380.6285	1424.7433	6	29	100.0000	0.9844	0.0004	0.1898
Picalm	Picalm-l1	l	supported	6.2077	4.0278	20.8534	6	29	100.0000	0.3655	0.4762	0.1489
Pin4	Pin4-dl1	dl	supported	220.4894	227.5373	314.4455	6	29	100.0000	0.4729	0.3435	0.0115
Pin4	Pin4-dl2	dl	supported	75.3594	69.6882	109.5551	6	29	100.0000	0.5348	0.2743	0.0126
Pirb	Pirb-l1	l	supported	22.3338	6.6095	94.6588	6	29	100.0000	0.5699	0.2377	0.3631
Pirb	Pirb-l2	l	supported	88.8410	23.0660	387.6851	6	29	100.0000	0.6127	0.1959	0.3665
Pirb	Pirb-l3	l	supported	2.0926	0.5202	14.9654	6	29	100.0000	0.7184	0.1078	0.4708
Pirb	Pirb-l4	l	supported	32.8734	14.7435	138.9832	6	29	100.0000	0.7438	0.0900	0.3319
Pirb	Pirb-rl1	rl	parent correlated	11.0380	1.2526	89.3863	6	25	86.2069	0.9871	0.0002	0.5732
Pkm	Pkm-l1	l	parent correlated	24.3221	17.7048	62.3654	6	29	100.0000	0.9855	0.0003	0.1628
Pkm	Pkm-l2	l	parent correlated	5.9470	3.9483	17.3990	6	29	100.0000	0.9863	0.0003	0.2067
Plcg2	Plcg2-l1	l	parent correlated	1.5532	1.0426	14.0628	6	27	93.1034	0.8459	0.0338	0.2856
Pld6	Pld6-l1	l	parent correlated	6.1283	3.4982	58.9835	6	22	75.8621	0.8054	0.0531	0.2960
Plekhf1	Plekhf1-l1	l	parent correlated	42.5826	35.9184	137.7788	6	29	100.0000	0.9769	0.0008	0.1292
Plekhf2	Plekhf2-dl1	dl	parent correlated	112.9641	63.6639	284.6757	6	29	100.0000	0.9198	0.0094	0.1094
Plekhf2	Plekhf2-dl2	dl	parent correlated	42.3383	26.4745	146.7801	6	29	100.0000	0.9158	0.0103	0.1280
Plk1	Plk1-dl1	dl	parent correlated	59.5620	36.2350	248.4977	6	29	100.0000	0.8923	0.0168	0.1363
Plrg1	Plrg1-dl1	dl	parent correlated	506.9045	419.1977	949.5486	6	29	100.0000	0.8410	0.0359	0.0331
Plscr1	Plscr1-l1	l	supported	34.3584	9.2000	118.1446	6	29	100.0000	0.7526	0.0843	0.3380
Plscr1	Plscr1-l2	l	supported	43.9186	3.4427	269.3998	6	29	100.0000	0.7252	0.1029	0.7271
Pnma5	Pnma5-l1	l	low expression	0.3275	0.0000	5.5591	4	4	13.7931	0.7214	0.1056	0.3813
Poldip2	Poldip2-dl1	dl	parent correlated	38.6190	41.9978	75.4767	6	27	93.1034	0.8668	0.0254	0.0844
Pole3	Pole3-l1	l	supported	108.9903	113.3371	168.3590	6	29	100.0000	0.5699	0.2377	0.0201
Polr1c	Polr1c-l1	l	parent correlated	15.7470	16.4783	23.8951	6	29	100.0000	0.8086	0.0514	0.0197
Polr1d	Polr1d-l1	l	supported	182.9693	175.8919	260.2624	6	29	100.0000	0.1484	0.7790	0.0070
Polr1has	Polr1has-l1	l	supported	1.5612	0.7930	13.4111	6	20	68.9655	0.4979	0.3148	0.1468
Polr2g	Polr2g-dl1	dl	parent correlated	1286.0559	1278.7576	1621.6740	6	29	100.0000	0.8645	0.0263	0.0035
Polr2h	Polr2h-l1	l	supported	284.9900	208.8757	813.0864	6	29	100.0000	0.5851	0.2225	0.1102
Polr2j	Polr2j-dl1	dl	parent correlated	1030.2458	1047.2117	1630.3255	6	29	100.0000	0.9216	0.0090	0.0262
Polr2k	Polr2k-l1	l	supported	136.8685	127.3000	239.1306	6	29	100.0000	0.5785	0.2291	0.0181
Polr2m	Polr2m-l1	l	low expression	1.1822	0.0000	15.3166	4	6	20.6897	0.2272	0.6651	0.5120
Pomp	Pomp-dl1	dl	parent correlated	766.5585	714.2672	1357.6799	6	29	100.0000	0.9645	0.0019	0.0296
Pomp	Pomp-dl2	dl	parent correlated	865.7857	861.9525	1517.9582	6	29	100.0000	0.9627	0.0021	0.0275
Pomp	Pomp-l1	l	parent correlated	219.8708	193.6101	414.2682	6	29	100.0000	0.9917	0.0001	0.0407
Pou2f3	Pou2f3-dl1	dl	parent correlated	14.1373	1.4464	210.7652	6	19	65.5172	0.9948	0.0000	0.7950
Ppa1	Ppa1-dl1	dl	parent correlated	321.8793	215.8507	801.4401	6	29	100.0000	0.9498	0.0037	0.0802
Pphln1	Pphln1-l1	l	supported	127.3326	128.1192	216.8073	6	29	100.0000	0.3852	0.4508	0.0198
Ppia	Ppia-dl1	dl	supported	93.5622	93.5640	153.9492	6	29	100.0000	0.3004	0.5630	0.0391
Ppia	Ppia-dl2	dl	supported	431.0382	354.4615	716.9430	6	29	100.0000	0.3600	0.4834	0.0311
Ppia	Ppia-dl3	dl	supported	26.6882	26.0480	58.0919	6	25	86.2069	0.1360	0.7972	0.0819
Ppia	Ppia-l1	l	unsupported	0.0000	0.0000	0.0000	0	0	0.0000			1.0000
Ppil1	Ppil1-dl1	dl	parent correlated	147.9564	144.8456	242.9858	6	29	100.0000	0.8840	0.0194	0.0185
Ppp1r14b	Ppp1r14b-dl1	dl	parent correlated	1054.1457	1019.5726	2301.7792	6	29	100.0000	0.9766	0.0008	0.0635
Ppp1r2	Ppp1r2-l1	l	supported	5.6254	5.0438	18.1604	6	29	100.0000	-0.3336	0.5182	0.0228
Ppp3cb	Ppp3cb-l1	l	parent correlated	373.5177	150.6900	1585.8682	6	29	100.0000	0.9339	0.0064	0.3626
Ppp3r1	Ppp3r1-dl1	dl	parent correlated	12.1033	4.7926	69.2592	6	28	96.5517	0.8854	0.0190	0.3552
Ppp4r1	Ppp4r1-l1	l	parent correlated	21.3072	14.2020	55.0421	6	29	100.0000	0.9346	0.0063	0.0995
Ppp4r3b	Ppp4r3b-l1	l	low expression	0.2474	0.0000	7.1753	1	1	3.4483	0.0866	0.8704	1.0000
Prdx1	Prdx1-dl1	dl	parent correlated	825.5244	403.9519	2639.3240	6	29	100.0000	0.9922	0.0001	0.1967
Prdx1	Prdx1-dl2	dl	parent correlated	2342.4031	1214.4345	8283.9837	6	29	100.0000	0.9922	0.0001	0.2015
Prdx1	Prdx1-dl3	dl	parent correlated	606.7873	319.3939	2012.1647	6	29	100.0000	0.9924	0.0001	0.1975
Prdx1	Prdx1-dl4	dl	parent correlated	737.4421	380.9903	2312.0801	6	29	100.0000	0.9966	0.0000	0.1877
Prdx1	Prdx1-dl5	dl	low expression	0.3067	0.0000	8.8937	1	1	3.4483	-0.5173	0.2932	1.0000
Prdx1	Prdx1-l1	l	low expression	10.9294	0.0000	131.0660	3	9	31.0345	0.1083	0.8383	0.7912
Prdx3	Prdx3-dl1	dl	parent correlated	42.1777	42.2092	90.4295	6	26	89.6552	0.8264	0.0426	0.1252
Prdx5	Prdx5-l1	l	parent correlated	499.5988	467.6208	900.2305	6	29	100.0000	0.9952	0.0000	0.0427
Prelid1	Prelid1-dl1	dl	parent correlated	162.1130	163.5367	218.1688	6	29	100.0000	0.9903	0.0001	0.0095
Prelid1	Prelid1-dl2	dl	parent correlated	45.7793	46.0653	80.8593	6	29	100.0000	0.9560	0.0029	0.0039
Prelid1	Prelid1-l1	l	parent correlated	219.9854	209.2753	305.7996	6	29	100.0000	0.9271	0.0078	0.0094
Prelid3b	Prelid3b-dl1	dl	parent correlated	129.1809	129.9384	241.3308	6	29	100.0000	0.9109	0.0116	0.0230
Prim1	Prim1-dl1	dl	supported	77.6442	66.0115	173.9196	6	29	100.0000	0.5790	0.2285	0.0265
Prkci	Prkci-dl1	dl	low expression	0.4273	0.0000	3.1242	4	8	27.5862	0.9344	0.0063	0.4531
Prkrip1	Prkrip1-dl1	dl	supported	287.4436	207.5331	874.1829	6	29	100.0000	-0.3872	0.4483	0.0637
Prkrip1	Prkrip1-dl2	dl	supported	46.3092	44.3592	84.8817	6	29	100.0000	0.6273	0.1825	0.0125
Prnp	Prnp-l1	l	parent correlated	52.7451	18.2928	245.0517	5	22	75.8621	0.9854	0.0003	0.4626
Prps1	Prps1-dl1	dl	supported	37.7053	33.0935	98.0317	6	29	100.0000	-0.3260	0.5283	0.0590
Prps1	Prps1-dl2	dl	supported	193.7991	155.6539	461.6490	6	29	100.0000	-0.3612	0.4818	0.0737
Prps1	Prps1-l1	l	supported	303.8536	278.5295	449.4110	6	29	100.0000	0.1590	0.7635	0.0108
Prps1	Prps1-l2	l	supported	26.0566	19.7714	58.7544	6	29	100.0000	-0.3634	0.4790	0.0675
Prss40	Prss40-l1	l	low expression	0.9988	0.0000	26.0999	2	2	6.8966	0.7526	0.0842	0.8434
Prss44	Prss44-l1	l	low expression	0.0516	0.0000	0.7834	2	2	6.8966	-0.0323	0.9516	0.6200
Prss44	Prss44-l2	l	low expression	0.3162	0.0000	2.5151	3	6	20.6897	-0.2062	0.6951	0.4048
Prss58	Prss58-l1	l	low expression	0.3518	0.1778	3.3024	6	15	51.7241	-0.3631	0.4792	0.1842
Psma2	Psma2-dl1	dl	supported	5.7907	3.8538	36.3269	6	16	55.1724	-0.2337	0.6559	0.1885
Psma2	Psma2-dl2	dl	supported	753.3614	713.4372	1164.4300	6	29	100.0000	0.5333	0.2758	0.0148
Psma2	Psma2-dl3	dl	supported	79.8539	75.3475	157.8886	6	29	100.0000	0.5542	0.2538	0.0109
Psma2	Psma2-dl4	dl	unsupported	0.0000	0.0000	0.0000	0	0	0.0000			1.0000
Psma3	Psma3-l1	l	supported	43.4751	36.4987	77.3029	6	29	100.0000	0.0377	0.9435	0.0123
Psma5	Psma5-dl1	dl	supported	612.5328	596.4340	834.3297	6	29	100.0000	0.7321	0.0981	0.0066
Psmb2	Psmb2-l1	l	supported	1997.9323	1990.0868	2598.5899	6	29	100.0000	-0.2351	0.6539	0.0049
Psmb3	Psmb3-l1	l	supported	1526.4162	1557.1423	2102.1094	6	29	100.0000	0.5099	0.3015	0.0014
Psmc1	Psmc1-dl1	dl	supported	82.1490	75.6472	208.3938	6	29	100.0000	0.5831	0.2245	0.0056
Psmc1	Psmc1-dl2	dl	supported	179.4612	171.5829	269.8771	6	29	100.0000	0.6644	0.1501	0.0114
Psmc1	Psmc1-dl3	dl	supported	5.3567	4.0635	30.9090	6	26	89.6552	0.7530	0.0840	0.0785
Psmc1	Psmc1-dl4	dl	supported	215.9147	198.7376	387.8658	6	29	100.0000	0.7306	0.0991	0.0088
Psmc3	Psmc3-dl1	dl	parent correlated	1745.5047	1523.2745	3176.1819	6	29	100.0000	0.9791	0.0007	0.0257
Psmc5	Psmc5-dl1	dl	unsupported	0.0000	0.0000	0.0000	0	0	0.0000			1.0000
Psmd1	Psmd1-dl1	dl	supported	72.2719	71.8876	128.1173	6	29	100.0000	0.3227	0.5328	0.0272
Psmd1	Psmd1-dl2	dl	unsupported	0.0000	0.0000	0.0000	0	0	0.0000			1.0000
Psmd1	Psmd1-dl3	dl	low expression	0.0214	0.0000	0.6211	1	1	3.4483	0.6298	0.1802	1.0000
Psmd1	Psmd1-dl4	dl	supported	1.9654	1.8404	6.6842	6	20	68.9655	0.6790	0.1380	0.0414
Psmd12	Psmd12-dl1	dl	parent correlated	102.6547	83.6344	237.2286	6	29	100.0000	0.9761	0.0009	0.0574
Psmd12	Psmd12-l1	l	parent correlated	127.2947	108.4109	303.6658	6	29	100.0000	0.9028	0.0137	0.0519
Psmd14	Psmd14-dl1	dl	supported	1200.7530	1049.2598	1869.4005	6	29	100.0000	0.2331	0.6567	0.0160
Psmd3	Psmd3-dl1	dl	supported	571.8713	495.8342	811.7307	6	29	100.0000	0.7125	0.1121	0.0139
Pspc1	Pspc1-l1	l	parent correlated	40.1756	23.3455	107.7715	6	29	100.0000	0.9556	0.0029	0.0999
Pten	Pten-dl1	dl	supported	1909.4345	1648.5867	3100.8676	6	29	100.0000	0.7289	0.1003	0.0279
Ptgr2	Ptgr2-l1	l	supported	960.0123	1040.0742	1461.3287	6	29	100.0000	0.7388	0.0934	0.0449
Ptms	Ptms-dl1	dl	parent correlated	2060.9734	2305.1599	4295.1987	6	29	100.0000	0.9975	0.0000	0.0603
Ptp4a2	Ptp4a2-l1	l	supported	88.3842	80.3908	144.4278	6	29	100.0000	0.7306	0.0991	0.0215
Pudp	Pudp-dl1	dl	robust expression	17.8908	17.5087	55.4208	6	29	100.0000			0.1166
Pudp	Pudp-dl2	dl	robust expression	14.2609	14.1694	43.6397	6	29	100.0000			0.0942
Pum3	Pum3-l1	l	parent correlated	84.8643	72.3966	149.0414	6	29	100.0000	0.9752	0.0009	0.0326
Pwwp3b	Pwwp3b-l1	l	parent correlated	3.0560	1.7751	10.6662	6	29	100.0000	0.8131	0.0491	0.2313
Pycr1	Pycr1-l1	l	parent correlated	11.0014	7.1308	40.2538	6	21	72.4138	0.9871	0.0002	0.2253
Pygo1	Pygo1-dl1	dl	parent correlated	6.4582	5.0409	32.0606	6	24	82.7586	0.8821	0.0200	0.0785
Pygo1	Pygo1-dl2	dl	supported	6.2261	4.6344	22.7427	6	24	82.7586	0.7302	0.0994	0.0969
Pygo1	Pygo1-dl3	dl	parent correlated	4.2889	2.6410	20.7771	6	21	72.4138	0.8467	0.0334	0.2430
Pygo1	Pygo1-dl4	dl	supported	3.8385	1.9872	25.9497	6	20	68.9655	0.6269	0.1829	0.0719
Pygo1	Pygo1-dl5	dl	low expression	0.2168	0.0000	2.3444	2	3	10.3448	0.5641	0.2436	0.6531
Pygo1	Pygo1-dl6	dl	low expression	0.8335	0.0000	16.3132	4	5	17.2414	-0.1691	0.7487	0.5161
Pyurf	Pyurf-dl1	dl	parent correlated	135.4621	127.2757	246.7498	6	29	100.0000	0.8619	0.0273	0.0192
Pyurf	Pyurf-l1	l	supported	28.0638	24.8106	71.7836	6	28	96.5517	-0.1833	0.7281	0.0445
Pyurf	Pyurf-l2	l	low expression	6.3272	0.0000	28.2242	6	13	44.8276	0.6904	0.1290	0.0247
Rab13	Rab13-dl1	dl	supported	663.2745	646.9698	1218.5330	6	29	100.0000	0.7565	0.0817	0.0440
Rab13	Rab13-l1	l	supported	17.0317	15.3741	72.6979	6	25	86.2069	0.6373	0.1735	0.0590
Rab14	Rab14-dl1	dl	supported	411.5017	408.1124	722.6343	6	29	100.0000	0.6678	0.1472	0.0417
Rab18	Rab18-l1	l	supported	926.8232	1017.6891	1615.0098	6	29	100.0000	0.6568	0.1565	0.0285
Rab1a	Rab1a-l1	l	supported	1949.2273	2130.8394	2861.8213	6	29	100.0000	0.6637	0.1506	0.0190
Rab2a	Rab2a-dl1	dl	supported	27.3221	26.6363	53.3076	6	29	100.0000	-0.3279	0.5258	0.0312
Rab2a	Rab2a-l1	l	parent correlated	3.2794	2.8023	8.1342	6	29	100.0000	0.8740	0.0228	0.0516
Rab5a	Rab5a-dl1	dl	supported	138.3988	105.0968	273.8765	6	29	100.0000	0.6459	0.1659	0.0442
Rab5if	Rab5if-dl1	dl	supported	82.6871	75.5281	159.5518	6	29	100.0000	0.0624	0.9065	0.0313
Rad23b	Rad23b-dl1	dl	parent correlated	231.3221	220.5990	378.5432	6	29	100.0000	0.9600	0.0024	0.0093
Rad51	Rad51-dl1	dl	unsupported	0.0000	0.0000	0.0000	0	0	0.0000			1.0000
Rad51	Rad51-dl2	dl	supported	3.8415	1.7569	40.3426	6	18	62.0690	0.7346	0.0963	0.2574
Ralgds	Ralgds-l1	l	supported	2.7974	0.8672	22.8036	4	15	51.7241	0.0915	0.8631	0.5024
Ralgds	Ralgds-l2	l	low expression	0.0676	0.0000	1.9599	1	1	3.4483	-0.5975	0.2104	1.0000
Ralgds	Ralgds-l3	l	low expression	0.4758	0.0000	5.4198	4	7	24.1379	0.1346	0.7993	0.5942
Ralgds	Ralgds-l4	l	low expression	0.0845	0.0000	2.4515	1	1	3.4483	-0.5975	0.2104	1.0000
Ralgds	Ralgds-l5	l	low expression	0.0179	0.0000	0.2587	3	3	10.3448	-0.1181	0.8237	0.4225
Ran	Ran-l1	l	parent correlated	274.9485	246.2356	441.9966	6	29	100.0000	0.9698	0.0014	0.0168
Ranbp1	Ranbp1-dl1	dl	low expression	1.0063	0.4692	5.9212	6	15	51.7241	0.6616	0.1524	0.3118
Ranbp1	Ranbp1-dl2	dl	parent correlated	475.1296	419.6082	745.0210	6	29	100.0000	0.9573	0.0027	0.0178
Ranbp10	Ranbp10-l1	l	parent correlated	99.8218	99.3677	202.2420	6	29	100.0000	0.9548	0.0030	0.0235
Rap1b	Rap1b-dl1	dl	parent correlated	39.2921	29.7623	114.6158	6	29	100.0000	0.8306	0.0406	0.0789
Rap1b	Rap1b-dl2	dl	parent correlated	411.5011	303.9674	1076.8974	6	29	100.0000	0.8229	0.0443	0.0784
Rap1b	Rap1b-dl3	dl	parent correlated	119.4445	83.5828	279.3273	6	29	100.0000	0.9087	0.0121	0.0823
Rbm22	Rbm22-dl1	dl	parent correlated	106.4983	100.9897	194.2641	6	29	100.0000	0.8282	0.0417	0.0273
Rbm3	Rbm3-l1	l	parent correlated	233.2308	173.7436	794.7156	6	29	100.0000	0.9551	0.0030	0.0912
Rbm39	Rbm39-l1	l	parent correlated	1892.5779	1715.2094	3373.2169	6	29	100.0000	0.8409	0.0359	0.0241
Rbm4	Rbm4-l1	l	supported	193.4534	187.2169	322.4371	6	29	100.0000	0.7939	0.0594	0.0267
Rbm5	Rbm5-l1	l	parent correlated	843.7343	646.8044	1401.5816	6	29	100.0000	0.9376	0.0057	0.0468
Rbmx	Rbmx-l1	l	supported	388.6669	301.8050	1001.7595	6	29	100.0000	0.2457	0.6388	0.1135
Rdh16	Rdh16-l1	l	parent correlated	1808.6132	13.9523	11953.7814	6	27	93.1034	0.8734	0.0230	0.7167
Rflnb	Rflnb-dl1	dl	parent correlated	61.9942	55.5257	152.5243	6	29	100.0000	0.9909	0.0001	0.0865
Rflnb	Rflnb-dl2	dl	low expression	2.5618	0.0000	11.1628	6	14	48.2759	0.6804	0.1369	0.1535
Rgs9bp	Rgs9bp-l1	l	low expression	34.1126	0.4207	537.9656	6	22	75.8621	0.4594	0.3594	0.9623
Rhoa	Rhoa-l1	l	supported	80.7032	74.1393	178.2941	6	29	100.0000	0.6771	0.1396	0.0439
Rhoa	Rhoa-l2	l	parent correlated	34.3604	29.8734	173.3677	6	29	100.0000	0.8944	0.0161	0.0924
Rhox13	Rhox13-dl1	dl	unsupported	0.0000	0.0000	0.0000	0	0	0.0000			1.0000
Rida	Rida-l1	l	parent correlated	393.9040	46.3730	2019.2616	6	26	89.6552	0.9981	0.0000	0.5773
Rida	Rida-l2	l	parent correlated	304.4345	45.5669	1491.9496	6	29	100.0000	0.9919	0.0001	0.5336
Ripply3	Ripply3-dl1	dl	low expression	2.1533	0.0000	48.7967	4	5	17.2414	0.5633	0.2444	0.7158
Rnase1	Rnase1-l1	l	supported	25.0148	11.2446	182.7040	6	23	79.3103	-0.2541	0.6271	0.3367
Rnase1	Rnase1-l2	l	low expression	0.1726	0.0000	2.8209	2	2	6.8966	-0.1272	0.8102	0.6132
Rnase6	Rnase6-l1	l	low expression	4.9958	0.0000	25.8690	5	12	41.3793	-0.4009	0.4308	0.3448
Rnase6	Rnase6-l2	l	supported	22.7369	4.1515	128.2279	6	29	100.0000	0.3791	0.4586	0.5962
Rnase6	Rnase6-l3	l	low expression	0.9382	0.0000	27.2073	1	1	3.4483	-0.2000	0.7040	1.0000
Rnase6	Rnase6-l4	l	supported	47.8361	3.3811	356.9988	6	21	72.4138	-0.1252	0.8132	0.8567
Rnase6	Rnase6-l5	l	low expression	1.9319	0.0000	56.0251	1	1	3.4483	-0.2000	0.7040	1.0000
Rnf138	Rnf138-l1	l	low expression	1.5634	0.0000	37.9993	4	4	13.7931	0.7811	0.0666	0.6487
Rnf185	Rnf185-l1	l	supported	58.1845	43.4940	165.5052	6	29	100.0000	0.5784	0.2291	0.0776
Rnf5	Rnf5-l1	l	parent correlated	636.7405	592.5758	1051.0222	6	29	100.0000	0.9080	0.0123	0.0334
Rnf7	Rnf7-l1	l	parent correlated	141.3316	143.0722	196.4979	6	29	100.0000	0.8632	0.0268	0.0037
Rnft1	Rnft1-dl1	dl	supported	247.0647	237.5834	459.6485	6	29	100.0000	-0.0361	0.9459	0.0440
Rp9	Rp9-l1	l	supported	26.9808	24.3842	60.2257	6	29	100.0000	0.6625	0.1516	0.0246
Rpa2	Rpa2-l1	l	parent correlated	228.2638	202.6716	469.6819	6	29	100.0000	0.9475	0.0041	0.0432
Rpa3	Rpa3-dl1	dl	supported	24.1621	23.2604	44.1580	6	29	100.0000	0.5976	0.2103	0.0089
Rpf2	Rpf2-dl1	dl	unsupported	0.0000	0.0000	0.0000	0	0	0.0000			1.0000
Rpl10	Rpl10-dl1	dl	low expression	2.0210	0.0000	10.3896	5	11	37.9310	0.1252	0.8131	0.1209
Rpl10	Rpl10-dl2	dl	parent correlated	5659.2277	5184.0591	11471.4831	6	29	100.0000	0.9989	0.0000	0.0507
Rpl10	Rpl10-l1	l	low expression	0.3820	0.0000	3.0192	2	4	13.7931	-0.2593	0.6198	0.6966
Rpl10	Rpl10-l2	l	supported	16.2973	11.1825	57.5191	6	29	100.0000	0.5298	0.2796	0.1388
Rpl10	Rpl10-l3	l	low expression	1.8263	0.0000	47.0041	2	2	6.8966	0.6250	0.1846	0.8037
Rpl10	Rpl10-l4	l	supported	25.9899	22.7268	85.4023	6	28	96.5517	0.4937	0.3196	0.0280
Rpl10a	Rpl10a-dl1	dl	supported	1.7365	1.0164	12.7213	6	16	55.1724	0.6738	0.1422	0.1799
Rpl10a	Rpl10a-dl10	dl	parent correlated	121.1258	119.3091	279.8683	6	29	100.0000	0.9400	0.0053	0.0323
Rpl10a	Rpl10a-dl11	dl	unsupported	0.0000	0.0000	0.0000	0	0	0.0000			1.0000
Rpl10a	Rpl10a-dl12	dl	parent correlated	142.1976	138.4991	288.3036	6	29	100.0000	0.8777	0.0215	0.0257
Rpl10a	Rpl10a-dl13	dl	unsupported	0.0000	0.0000	0.0000	0	0	0.0000			1.0000
Rpl10a	Rpl10a-dl2	dl	low expression	0.1639	0.0000	2.6561	2	2	6.8966	-0.1140	0.8298	0.6170
Rpl10a	Rpl10a-dl3	dl	parent correlated	50.8310	42.4970	123.5587	6	29	100.0000	0.9768	0.0008	0.0504
Rpl10a	Rpl10a-dl4	dl	parent correlated	219.1413	183.6553	549.6513	6	29	100.0000	0.9813	0.0005	0.0419
Rpl10a	Rpl10a-dl5	dl	parent correlated	76.1253	76.1455	152.6555	6	29	100.0000	0.9073	0.0125	0.0292
Rpl10a	Rpl10a-dl6	dl	low expression	0.5088	0.0000	8.2202	3	3	10.3448	-0.0410	0.9385	0.4969
Rpl10a	Rpl10a-dl7	dl	low expression	0.8618	0.0000	8.5760	5	6	20.6897	0.3137	0.5449	0.2641
Rpl10a	Rpl10a-dl8	dl	supported	7.7959	5.2395	35.4703	6	21	72.4138	0.0200	0.9700	0.0566
Rpl10a	Rpl10a-dl9	dl	parent correlated	215.1202	199.3548	449.8089	6	29	100.0000	0.9413	0.0051	0.0344
Rpl10a	Rpl10a-l1	l	unsupported	0.0000	0.0000	0.0000	0	0	0.0000			1.0000
Rpl11	Rpl11-l1	l	supported	2.2597	0.8297	14.8393	6	26	89.6552	0.5631	0.2446	0.2996
Rpl13	Rpl13-dl1	dl	supported	29.1649	23.8188	170.2104	6	28	96.5517	0.7332	0.0973	0.1409
Rpl13	Rpl13-dl10	dl	supported	7.2415	5.4693	24.7789	6	22	75.8621	0.4490	0.3718	0.0225
Rpl13	Rpl13-dl11	dl	parent correlated	16.8985	11.6261	78.4879	6	26	89.6552	0.9507	0.0036	0.1166
Rpl13	Rpl13-dl12	dl	parent correlated	8.7923	6.8192	33.5022	6	25	86.2069	0.9637	0.0020	0.0932
Rpl13	Rpl13-dl13	dl	parent correlated	31.7946	31.7773	94.2745	6	29	100.0000	0.9308	0.0070	0.0499
Rpl13	Rpl13-dl14	dl	parent correlated	37.6944	30.7959	129.4101	6	29	100.0000	0.9886	0.0002	0.0710
Rpl13	Rpl13-dl15	dl	low expression	0.1471	0.0000	4.2657	1	1	3.4483	0.7229	0.1045	1.0000
Rpl13	Rpl13-dl16	dl	low expression	4.4547	0.0000	35.6065	6	13	44.8276	0.1737	0.7421	0.3505
Rpl13	Rpl13-dl2	dl	parent correlated	10.2666	8.0211	33.5719	6	27	93.1034	0.8436	0.0348	0.0348
Rpl13	Rpl13-dl3	dl	low expression	3.0773	0.0000	25.6991	6	9	31.0345	-0.7633	0.0774	0.2434
Rpl13	Rpl13-dl4	dl	low expression	0.8180	0.0000	6.6317	4	7	24.1379	-0.1770	0.7373	0.3414
Rpl13	Rpl13-dl5	dl	parent correlated	136.0209	121.2236	239.6880	6	29	100.0000	0.8982	0.0150	0.0502
Rpl13	Rpl13-dl6	dl	supported	8.0849	5.3242	42.9598	6	22	75.8621	0.4578	0.3612	0.0814
Rpl13	Rpl13-dl7	dl	parent correlated	65.6010	57.7379	183.1385	6	29	100.0000	0.8017	0.0551	0.0726
Rpl13	Rpl13-dl8	dl	parent correlated	4.5881	1.8839	26.4561	6	16	55.1724	0.8057	0.0530	0.1729
Rpl13	Rpl13-dl9	dl	parent correlated	41.6460	36.7105	77.7299	6	29	100.0000	0.9640	0.0019	0.0362
Rpl13a	Rpl13a-dl1	dl	parent correlated	971.5154	943.5985	1701.2574	6	29	100.0000	0.8687	0.0247	0.0511
Rpl13a	Rpl13a-dl2	dl	parent correlated	5799.0504	5866.8059	9132.5036	6	29	100.0000	0.9352	0.0062	0.0398
Rpl13a	Rpl13a-dl3	dl	parent correlated	5113.9978	5085.2060	9448.7489	6	29	100.0000	0.9919	0.0001	0.0466
Rpl13a	Rpl13a-dl4	dl	parent correlated	436.7004	391.7275	1073.6734	6	29	100.0000	0.8056	0.0530	0.0433
Rpl13a	Rpl13a-dl5	dl	low expression	0.5297	0.0000	15.3600	1	1	3.4483	0.6048	0.2034	1.0000
Rpl13a	Rpl13a-dl6	dl	parent correlated	15.3919	10.8526	62.7874	6	25	86.2069	0.9793	0.0006	0.0904
Rpl18a	Rpl18a-dl1	dl	supported	6.8053	6.0390	21.9948	6	21	72.4138	-0.1317	0.8036	0.0521
Rpl18a	Rpl18a-dl2	dl	parent correlated	359.7595	328.5709	788.3647	6	29	100.0000	0.9816	0.0005	0.0644
Rpl18a	Rpl18a-dl3	dl	parent correlated	3694.7797	3131.6156	8800.6166	6	29	100.0000	0.9937	0.0001	0.0630
Rpl18a	Rpl18a-dl4	dl	low expression	0.8731	0.0000	7.9981	4	6	20.6897	0.9657	0.0017	0.4350
Rpl18a	Rpl18a-dl5	dl	low expression	0.3380	0.0000	9.8030	1	1	3.4483	0.1202	0.8206	1.0000
Rpl18a	Rpl18a-dl6	dl	parent correlated	19.7471	14.6921	64.8274	6	29	100.0000	0.8791	0.0211	0.0739
Rpl18a	Rpl18a-dl7	dl	unsupported	0.0000	0.0000	0.0000	0	0	0.0000			1.0000
Rpl19	Rpl19-l1	l	parent correlated	3144.4266	2519.8767	6012.4689	6	29	100.0000	0.8585	0.0286	0.0394
Rpl22	Rpl22-l1	l	supported	130.6842	128.6257	261.0004	6	29	100.0000	0.4488	0.3720	0.0254
Rpl22l1	Rpl22l1-dl1	dl	supported	8.8864	5.0740	38.2248	6	17	58.6207	-0.9698	0.0014	0.2012
Rpl23a	Rpl23a-dl1	dl	low expression	2.9860	0.0000	33.2125	6	13	44.8276	0.2751	0.5978	0.2048
Rpl23a	Rpl23a-dl2	dl	supported	4.2376	2.8927	22.4151	6	16	55.1724	-0.1544	0.7702	0.0586
Rpl23a	Rpl23a-dl3	dl	supported	16.3096	12.3664	77.3928	6	25	86.2069	0.3247	0.5301	0.0647
Rpl23a	Rpl23a-dl4	dl	supported	84.5245	84.8635	241.3989	6	29	100.0000	0.2967	0.5680	0.0342
Rpl23a	Rpl23a-dl5	dl	supported	169.4487	168.3758	269.3126	6	29	100.0000	0.2469	0.6372	0.0101
Rpl23a	Rpl23a-dl6	dl	supported	9.5515	5.8276	35.3279	6	24	82.7586	0.7147	0.1105	0.0927
Rpl23a	Rpl23a-dl7	dl	unsupported	0.0000	0.0000	0.0000	0	0	0.0000			1.0000
Rpl23a	Rpl23a-dl8	dl	supported	4.8381	3.9610	20.3905	6	22	75.8621	0.2924	0.5739	0.0769
Rpl23a	Rpl23a-dl9	dl	low expression	2.4502	0.0000	34.0972	4	9	31.0345	0.9042	0.0133	0.4217
Rpl24	Rpl24-dl1	dl	supported	553.3176	528.9067	929.2809	6	29	100.0000	0.6494	0.1628	0.0206
Rpl24	Rpl24-dl2	dl	supported	10.5885	6.4151	49.0634	6	26	89.6552	0.5906	0.2171	0.0989
Rpl24	Rpl24-dl3	dl	low expression	1.5219	0.0000	15.4018	5	8	27.5862	-0.6161	0.1928	0.1650
Rpl24	Rpl24-dl4	dl	parent correlated	103.5569	98.5128	244.1772	6	29	100.0000	0.8702	0.0242	0.0205
Rpl24	Rpl24-dl5	dl	supported	634.1145	562.0975	1098.6110	6	29	100.0000	0.4528	0.3672	0.0143
Rpl24	Rpl24-dl6	dl	supported	68.3481	45.5626	321.8355	6	29	100.0000	-0.3753	0.4634	0.1699
Rpl24	Rpl24-dl7	dl	supported	141.9295	134.8066	247.2278	6	29	100.0000	0.3617	0.4811	0.0165
Rpl24	Rpl24-l1	l	supported	24.1415	18.0983	59.9982	6	29	100.0000	0.4446	0.3770	0.0749
Rpl26	Rpl26-dl1	dl	supported	4.6025	3.8108	31.1207	6	17	58.6207	0.4341	0.3898	0.1353
Rpl26	Rpl26-dl2	dl	parent correlated	577.5948	517.3199	1168.4476	6	29	100.0000	0.9269	0.0078	0.0237
Rpl26	Rpl26-dl3	dl	supported	97.6946	89.2303	216.3817	6	29	100.0000	0.6340	0.1764	0.0105
Rpl27	Rpl27-dl1	dl	parent correlated	229.3286	197.9603	389.0071	6	29	100.0000	0.8633	0.0267	0.0288
Rpl27	Rpl27-dl2	dl	unsupported	0.0000	0.0000	0.0000	0	0	0.0000			1.0000
Rpl27	Rpl27-dl3	dl	parent correlated	2270.4950	2361.5379	3356.7642	6	29	100.0000	0.9657	0.0017	0.0153
Rpl27	Rpl27-dl4	dl	supported	145.7893	7.1224	833.7075	6	24	82.7586	0.1420	0.7884	0.7023
Rpl27	Rpl27-dl5	dl	low expression	1.3148	0.0000	12.6352	3	9	31.0345	0.1119	0.8329	0.5429
Rpl27	Rpl27-dl6	dl	unsupported	0.0000	0.0000	0.0000	0	0	0.0000			1.0000
Rpl27	Rpl27-dl7	dl	parent correlated	5958.1874	6548.3533	7758.8194	6	29	100.0000	0.9193	0.0095	0.0129
Rpl27a	Rpl27a-dl1	dl	low expression	4.6016	0.0000	43.2726	6	11	37.9310	0.0064	0.9904	0.2007
Rpl27a	Rpl27a-dl10	dl	supported	217.3774	189.7644	487.0593	6	29	100.0000	0.5961	0.2118	0.0417
Rpl27a	Rpl27a-dl11	dl	parent correlated	22.7020	14.9365	180.7771	6	25	86.2069	0.9556	0.0029	0.1207
Rpl27a	Rpl27a-dl12	dl	low expression	0.0680	0.0000	1.9719	1	1	3.4483	0.6880	0.1309	1.0000
Rpl27a	Rpl27a-dl13	dl	low expression	1.8754	0.0000	37.2247	3	6	20.6897	0.4846	0.3301	0.6872
Rpl27a	Rpl27a-dl14	dl	parent correlated	105.3579	92.7899	243.9528	6	28	96.5517	0.9328	0.0066	0.0375
Rpl27a	Rpl27a-dl15	dl	supported	17.1369	16.3322	74.4494	6	26	89.6552	0.6580	0.1555	0.0480
Rpl27a	Rpl27a-dl16	dl	parent correlated	1346.9846	1189.2536	2278.7474	6	29	100.0000	0.8728	0.0232	0.0332
Rpl27a	Rpl27a-dl17	dl	supported	10.4619	3.4718	120.5181	6	19	65.5172	0.6615	0.1525	0.3442
Rpl27a	Rpl27a-dl18	dl	parent correlated	76.3045	60.9882	186.1235	6	29	100.0000	0.9377	0.0057	0.0451
Rpl27a	Rpl27a-dl19	dl	supported	3.4128	1.9587	10.7217	6	15	51.7241	-0.7629	0.0777	0.0709
Rpl27a	Rpl27a-dl2	dl	supported	24.9654	24.0107	58.9048	6	29	100.0000	0.7739	0.0709	0.0267
Rpl27a	Rpl27a-dl20	dl	low expression	6.1307	0.0000	73.2842	3	7	24.1379	0.6811	0.1363	0.5523
Rpl27a	Rpl27a-dl21	dl	supported	49.8482	50.7308	98.2068	6	27	93.1034	0.1283	0.8086	0.0152
Rpl27a	Rpl27a-dl22	dl	supported	9.2586	6.0561	51.3212	6	17	58.6207	0.5893	0.2184	0.0658
Rpl27a	Rpl27a-dl23	dl	supported	304.5298	273.3390	735.2894	6	29	100.0000	0.6922	0.1275	0.0515
Rpl27a	Rpl27a-dl3	dl	supported	331.3942	328.0620	698.7519	6	29	100.0000	0.3932	0.4405	0.0342
Rpl27a	Rpl27a-dl4	dl	low expression	1.7562	0.0000	18.6706	5	8	27.5862	-0.0068	0.9899	0.1705
Rpl27a	Rpl27a-dl5	dl	supported	3.9246	0.6899	28.8237	6	16	55.1724	0.7979	0.0571	0.3584
Rpl27a	Rpl27a-dl6	dl	supported	4.7581	2.6292	61.0789	6	15	51.7241	0.5347	0.2744	0.3024
Rpl27a	Rpl27a-dl7	dl	supported	27.2235	8.5888	399.0488	6	17	58.6207	0.5828	0.2248	0.3905
Rpl27a	Rpl27a-dl8	dl	supported	7.8648	5.3608	25.0667	6	18	62.0690	-0.5758	0.2318	0.0219
Rpl27a	Rpl27a-dl9	dl	low expression	1.1260	0.4507	5.5750	5	16	55.1724	0.4939	0.3194	0.3566
Rpl27a	Rpl27a-l1	l	supported	30.0889	25.6150	78.6810	6	29	100.0000	0.6984	0.1227	0.1226
Rpl27a	Rpl27a-l2	l	supported	570.9797	490.7148	1639.0949	6	29	100.0000	0.7496	0.0862	0.0482
Rpl27a	Rpl27a-l3	l	supported	84.1764	74.9416	169.2766	6	29	100.0000	0.6827	0.1351	0.0288
Rpl27a	Rpl27a-l4	l	supported	14.2966	10.3736	60.0269	6	27	93.1034	0.6366	0.1741	0.0884
Rpl28	Rpl28-dl1	dl	parent correlated	1001.0468	1021.1062	1697.6981	6	29	100.0000	0.8264	0.0426	0.0265
Rpl28	Rpl28-dl2	dl	low expression	4.2692	0.0000	49.3872	6	12	41.3793	0.7419	0.0913	0.2047
Rpl28	Rpl28-dl3	dl	low expression	8.3330	0.0000	92.5629	5	11	37.9310	0.6704	0.1450	0.4752
Rpl28	Rpl28-dl4	dl	supported	29.2112	28.3622	67.8081	6	26	89.6552	-0.2396	0.6475	0.0286
Rpl28	Rpl28-dl5	dl	parent correlated	2315.8824	2046.7641	4494.1356	6	29	100.0000	0.9879	0.0002	0.0310
Rpl3	Rpl3-dl1	dl	parent correlated	1545.1865	1188.5520	3398.7611	6	29	100.0000	0.9993	0.0000	0.0672
Rpl3	Rpl3-dl2	dl	parent correlated	3164.3182	2486.2652	7082.8960	6	29	100.0000	0.9981	0.0000	0.0628
Rpl32	Rpl32-dl1	dl	parent correlated	1109.4663	1057.2302	1850.6468	6	29	100.0000	0.9810	0.0005	0.0175
Rpl32	Rpl32-dl2	dl	supported	55.0577	50.6497	148.8086	6	29	100.0000	0.6965	0.1242	0.0609
Rpl34	Rpl34-l1	l	parent correlated	5659.9336	5204.0857	8986.4068	6	29	100.0000	0.9450	0.0045	0.0192
Rpl35	Rpl35-dl1	dl	parent correlated	46.4588	41.8430	158.9653	6	29	100.0000	0.8898	0.0175	0.0469
Rpl35	Rpl35-dl10	dl	parent correlated	8.4824	8.0024	33.3158	6	29	100.0000	0.8552	0.0299	0.0716
Rpl35	Rpl35-dl11	dl	low expression	2.9258	0.0000	44.1816	1	4	13.7931	0.2287	0.6629	1.0000
Rpl35	Rpl35-dl12	dl	supported	118.6524	106.2150	357.8375	6	29	100.0000	0.7149	0.1103	0.0665
Rpl35	Rpl35-dl13	dl	parent correlated	143.9702	150.7318	336.5646	6	29	100.0000	0.8624	0.0271	0.0440
Rpl35	Rpl35-dl14	dl	supported	45.6334	44.7230	178.9188	6	27	93.1034	0.4446	0.3771	0.0580
Rpl35	Rpl35-dl15	dl	supported	335.4353	314.3351	592.6463	6	29	100.0000	0.6203	0.1889	0.0267
Rpl35	Rpl35-dl16	dl	supported	4.4352	3.5262	27.3573	6	16	55.1724	0.0012	0.9983	0.0852
Rpl35	Rpl35-dl17	dl	low expression	3.3480	0.0000	36.6421	6	11	37.9310	0.7770	0.0691	0.1538
Rpl35	Rpl35-dl18	dl	low expression	1.0253	0.0000	6.4416	3	6	20.6897	-0.0641	0.9040	0.4416
Rpl35	Rpl35-dl19	dl	supported	13.1973	12.6326	36.8458	6	22	75.8621	0.3041	0.5579	0.1023
Rpl35	Rpl35-dl2	dl	supported	275.1190	254.4808	633.2402	6	29	100.0000	0.2206	0.6744	0.0395
Rpl35	Rpl35-dl20	dl	low expression	0.5604	0.0000	10.0880	1	2	6.8966	0.2287	0.6629	1.0000
Rpl35	Rpl35-dl3	dl	parent correlated	207.0896	176.6490	542.7155	6	28	96.5517	0.8159	0.0477	0.0556
Rpl35	Rpl35-dl4	dl	supported	439.7907	434.3048	745.0497	6	29	100.0000	0.7825	0.0658	0.0343
Rpl35	Rpl35-dl5	dl	supported	2178.5348	2243.1723	3656.0405	6	29	100.0000	0.6436	0.1679	0.0316
Rpl35	Rpl35-dl6	dl	parent correlated	60.4733	51.2762	203.7615	6	29	100.0000	0.8423	0.0353	0.0596
Rpl35	Rpl35-dl7	dl	supported	7.2746	6.3450	20.2926	6	27	93.1034	0.5114	0.2998	0.0333
Rpl35	Rpl35-dl8	dl	low expression	1.4508	0.0000	11.3521	3	6	20.6897	0.4031	0.4281	0.4013
Rpl35	Rpl35-dl9	dl	low expression	2.2726	0.0000	8.6218	6	11	37.9310	-0.0898	0.8657	0.0144
Rpl35	Rpl35-l1	l	supported	37.4211	35.0677	154.0636	6	25	86.2069	0.3903	0.4442	0.0746
Rpl36	Rpl36-dl1	dl	supported	11.3585	6.1791	47.8798	6	18	62.0690	0.2616	0.6165	0.1080
Rpl36a	Rpl36a-l1	l	supported	132.3045	118.3085	305.1320	6	29	100.0000	0.5388	0.2700	0.0537
Rpl37	Rpl37-dl1	dl	supported	72.0787	62.8759	214.8505	6	28	96.5517	-0.1015	0.8483	0.0401
Rpl37	Rpl37-l1	l	supported	938.0551	847.2214	1740.8297	6	29	100.0000	0.5033	0.3088	0.0342
Rpl37a	Rpl37a-dl1	dl	supported	88.0023	83.1739	220.8776	6	28	96.5517	0.3040	0.5580	0.0273
Rpl37a	Rpl37a-dl2	dl	low expression	0.8115	0.0000	10.9095	2	3	10.3448	-0.0692	0.8964	0.6336
Rpl37a	Rpl37a-dl3	dl	unsupported	0.0000	0.0000	0.0000	0	0	0.0000			1.0000
Rpl37a	Rpl37a-dl4	dl	supported	390.9574	366.4211	662.3118	6	29	100.0000	0.5897	0.2180	0.0250
Rpl37a	Rpl37a-dl5	dl	supported	8.5006	3.7660	94.2745	6	17	58.6207	-0.0281	0.9578	0.2987
Rpl37a	Rpl37a-l1	l	supported	2436.5404	2435.3529	3989.5743	6	29	100.0000	0.6656	0.1490	0.0177
Rpl37a	Rpl37a-l2	l	low expression	1.7098	0.0000	19.1142	5	6	20.6897	-0.2464	0.6378	0.2747
Rpl37a	Rpl37a-l3	l	supported	18.4420	13.3941	66.2347	6	24	82.7586	-0.3700	0.4704	0.0266
Rpl37a	Rpl37a-l4	l	supported	20.7590	15.5366	75.5173	6	25	86.2069	0.7348	0.0962	0.0540
Rpl37a	Rpl37a-l5	l	supported	29.0007	25.7708	77.3078	6	29	100.0000	-0.0942	0.8592	0.0690
Rpl37a	Rpl37a-l6	l	supported	484.1231	446.6737	832.6665	6	29	100.0000	0.6611	0.1528	0.0197
Rpl37a	Rpl37a-l7	l	supported	114.6672	121.1906	283.7966	6	29	100.0000	0.6551	0.1580	0.0400
Rpl37a	Rpl37a-l8	l	supported	350.9831	329.3187	803.5150	6	29	100.0000	0.4917	0.3219	0.0159
Rpl4	Rpl4-dl1	dl	parent correlated	1233.3696	1192.9910	1971.8776	6	29	100.0000	0.9931	0.0001	0.0222
Rpl7	Rpl7-dl1	dl	supported	8.6268	6.9133	51.6321	6	24	82.7586	-0.1154	0.8277	0.0311
Rpl7	Rpl7-dl2	dl	supported	142.3923	140.4432	253.6789	6	29	100.0000	0.5834	0.2242	0.0121
Rpl7	Rpl7-dl3	dl	supported	14.7528	13.3473	66.8251	6	26	89.6552	0.7588	0.0803	0.0377
Rpl7	Rpl7-dl4	dl	supported	191.8760	190.5468	297.9991	6	29	100.0000	0.4246	0.4014	0.0225
Rpl7	Rpl7-dl5	dl	supported	697.8739	731.0873	1127.1265	6	29	100.0000	0.5669	0.2408	0.0166
Rpl7	Rpl7-dl6	dl	supported	22.9559	18.6051	85.9196	6	29	100.0000	0.7583	0.0806	0.0654
Rpl7	Rpl7-dl7	dl	supported	3.2111	2.4796	10.9195	6	18	62.0690	-0.3951	0.4382	0.0710
Rpl7a	Rpl7a-l1	l	low expression	1.7418	0.0000	12.6887	6	11	37.9310	0.6937	0.1263	0.0641
Rpl7a	Rpl7a-l2	l	supported	117.6822	110.4282	268.3781	6	29	100.0000	0.7839	0.0650	0.0328
Rpl7l1	Rpl7l1-dl1	dl	supported	19.2175	20.5471	34.8616	6	27	93.1034	0.5163	0.2944	0.0166
Rpl7l1	Rpl7l1-dl2	dl	supported	9.1690	7.0414	55.1857	6	25	86.2069	-0.1937	0.7131	0.0416
Rpl7l1	Rpl7l1-dl3	dl	low expression	0.3626	0.0000	5.1869	3	3	10.3448	-0.1409	0.7901	0.4464
Rpl7l1	Rpl7l1-dl4	dl	unsupported	0.0000	0.0000	0.0000	0	0	0.0000			1.0000
Rpl7l1	Rpl7l1-dl5	dl	supported	239.0620	232.9003	404.1940	6	29	100.0000	0.2330	0.6568	0.0095
Rpl8	Rpl8-dl1	dl	parent correlated	1767.8471	1723.1938	2759.0619	6	29	100.0000	0.9943	0.0000	0.0228
Rpl8	Rpl8-l1	l	parent correlated	2218.0931	2102.4554	3548.0292	6	29	100.0000	0.9470	0.0041	0.0241
Rpl9	Rpl9-dl1	dl	supported	26.0369	17.2969	94.1683	6	29	100.0000	0.3455	0.5024	0.1146
Rpl9	Rpl9-dl2	dl	parent correlated	66.5087	59.3599	129.7055	6	29	100.0000	0.8012	0.0554	0.0468
Rpl9	Rpl9-dl3	dl	supported	4.6176	2.8828	23.5421	6	17	58.6207	0.2853	0.5836	0.0684
Rplp0	Rplp0-dl1	dl	parent correlated	263.3541	248.9308	591.6130	6	29	100.0000	0.8020	0.0549	0.0555
Rplp0	Rplp0-dl10	dl	parent correlated	673.7983	629.5717	1561.0702	6	29	100.0000	0.8180	0.0467	0.0460
Rplp0	Rplp0-dl11	dl	supported	6.3857	2.1055	36.8094	6	25	86.2069	-0.4962	0.3168	0.5054
Rplp0	Rplp0-dl2	dl	low expression	0.9539	0.0000	5.7739	6	12	41.3793	0.3660	0.4755	0.0324
Rplp0	Rplp0-dl3	dl	parent correlated	194.1940	175.1762	435.6857	6	29	100.0000	0.8156	0.0479	0.0459
Rplp0	Rplp0-dl4	dl	low expression	0.3072	0.0000	3.4878	3	6	20.6897	0.4635	0.3546	0.4281
Rplp0	Rplp0-dl5	dl	parent correlated	225.7729	196.1250	682.2172	6	29	100.0000	0.8452	0.0341	0.0822
Rplp0	Rplp0-dl6	dl	parent correlated	105.7663	94.3350	269.9796	6	29	100.0000	0.8958	0.0157	0.0542
Rplp0	Rplp0-dl7	dl	supported	558.7381	531.1252	1150.8419	6	29	100.0000	0.7766	0.0693	0.0431
Rplp0	Rplp0-dl8	dl	supported	254.2552	241.2852	517.0920	6	29	100.0000	0.7104	0.1136	0.0471
Rplp0	Rplp0-dl9	dl	low expression	0.9862	0.0000	15.9042	1	4	13.7931	-0.3418	0.5072	1.0000
Rplp0	Rplp0-l1	l	unsupported	0.0000	0.0000	0.0000	0	0	0.0000			1.0000
Rplp1	Rplp1-dl1	dl	parent correlated	1285.0075	1168.0451	3520.8099	6	29	100.0000	0.9277	0.0077	0.0546
Rplp1	Rplp1-dl2	dl	parent correlated	331.5896	279.8713	826.9761	6	29	100.0000	0.9835	0.0004	0.0448
Rplp1	Rplp1-dl3	dl	parent correlated	319.5589	269.5493	846.4112	6	29	100.0000	0.9560	0.0029	0.0699
Rplp1	Rplp1-dl4	dl	low expression	0.2145	0.0000	6.2193	1	1	3.4483	-0.2317	0.6587	1.0000
Rplp1	Rplp1-dl5	dl	parent correlated	30.6413	22.9338	177.2092	6	25	86.2069	0.9458	0.0043	0.1650
Rplp1	Rplp1-dl6	dl	parent correlated	330.0367	250.2561	959.1660	6	29	100.0000	0.9583	0.0026	0.0815
Rplp1	Rplp1-l1	l	low expression	0.5846	0.0000	9.6390	1	2	6.8966	-0.2317	0.6587	1.0000
Rplp1	Rplp1-l2	l	parent correlated	5788.0314	5447.5859	12334.3724	6	29	100.0000	0.9744	0.0010	0.0510
Rps11	Rps11-dl1	dl	parent correlated	18861.0737	20465.4422	31293.2827	6	29	100.0000	0.9719	0.0012	0.0279
Rps11	Rps11-dl2	dl	low expression	0.6969	0.0000	8.1603	1	4	13.7931	-0.3141	0.5443	1.0000
Rps11	Rps11-dl3	dl	supported	32.8755	2.5307	253.2138	6	18	62.0690	-0.3339	0.5178	0.8238
Rps11	Rps11-l1	l	low expression	9.3305	0.0000	61.1785	3	10	34.4828	-0.1712	0.7457	0.8618
Rps11	Rps11-l2	l	supported	375.5433	366.2908	639.4663	6	29	100.0000	0.7630	0.0776	0.0324
Rps11	Rps11-l3	l	low expression	0.4372	0.0000	8.6488	1	2	6.8966	-0.3141	0.5443	1.0000
Rps11	Rps11-l4	l	low expression	0.4990	0.0000	6.7245	2	3	10.3448	0.6819	0.1357	0.7912
Rps13	Rps13-dl1	dl	supported	304.2912	302.9485	532.4123	6	29	100.0000	0.5899	0.2177	0.0274
Rps13	Rps13-dl2	dl	parent correlated	65.1648	57.6684	159.4835	6	29	100.0000	0.8116	0.0499	0.0382
Rps13	Rps13-dl3	dl	supported	43.2378	40.5819	106.9679	6	29	100.0000	0.7127	0.1120	0.0517
Rps13	Rps13-dl4	dl	supported	44.6239	39.2983	145.9600	6	29	100.0000	0.5364	0.2725	0.0759
Rps13	Rps13-dl5	dl	supported	475.4058	498.8567	771.2922	6	29	100.0000	0.5148	0.2960	0.0217
Rps13	Rps13-dl6	dl	supported	253.9927	245.4823	553.6229	6	29	100.0000	0.6400	0.1711	0.0398
Rps13	Rps13-l1	l	supported	44.2490	29.0630	291.1978	6	28	96.5517	0.7853	0.0642	0.1536
Rps13	Rps13-l2	l	supported	321.3551	323.5295	634.4329	6	29	100.0000	0.3704	0.4698	0.0258
Rps13	Rps13-l3	l	unsupported	0.0000	0.0000	0.0000	0	0	0.0000			1.0000
Rps13	Rps13-l4	l	supported	45.8546	42.3024	105.2179	6	29	100.0000	0.2643	0.6127	0.0262
Rps14	Rps14-dl1	dl	parent correlated	356.5106	364.7583	693.3102	6	29	100.0000	0.9768	0.0008	0.0318
Rps14	Rps14-dl2	dl	supported	23.6086	13.1962	103.5992	6	26	89.6552	0.6585	0.1551	0.2627
Rps14	Rps14-dl3	dl	parent correlated	38.2308	34.7779	83.8409	6	29	100.0000	0.8045	0.0536	0.0299
Rps14	Rps14-dl4	dl	parent correlated	58.3601	48.6690	158.1702	6	29	100.0000	0.9197	0.0094	0.1047
Rps14	Rps14-dl5	dl	parent correlated	156.3769	152.3957	413.4880	6	29	100.0000	0.8919	0.0169	0.0276
Rps14	Rps14-dl6	dl	parent correlated	332.7490	338.2092	574.5303	6	29	100.0000	0.9239	0.0085	0.0285
Rps14	Rps14-dl7	dl	supported	9.0941	7.9934	36.0109	6	23	79.3103	0.5512	0.2570	0.0452
Rps14	Rps14-dl8	dl	parent correlated	260.9254	258.5026	583.8401	6	29	100.0000	0.8740	0.0228	0.0275
Rps14	Rps14-dl9	dl	supported	495.7307	510.3789	766.2902	6	29	100.0000	0.7929	0.0599	0.0153
Rps14	Rps14-l1	l	parent correlated	271.4362	275.0951	456.6454	6	29	100.0000	0.8628	0.0270	0.0092
Rps15	Rps15-dl1	dl	supported	2469.4662	2430.8121	10051.8669	6	29	100.0000	0.3833	0.4533	0.0289
Rps15a	Rps15a-dl1	dl	low expression	1.0426	0.0000	10.5708	4	4	13.7931	-0.4755	0.3405	0.2582
Rps15a	Rps15a-dl2	dl	parent correlated	117.8324	103.4812	245.0567	6	29	100.0000	0.9361	0.0060	0.0444
Rps15a	Rps15a-dl3	dl	parent correlated	499.3883	463.4774	954.1909	6	29	100.0000	0.9701	0.0013	0.0467
Rps15a	Rps15a-dl4	dl	unsupported	0.0000	0.0000	0.0000	0	0	0.0000			1.0000
Rps15a	Rps15a-dl5	dl	low expression	4.6155	0.0000	76.0898	4	6	20.6897	0.9456	0.0044	0.4960
Rps15a	Rps15a-dl6	dl	parent correlated	1077.3077	1027.1318	2279.6979	6	29	100.0000	0.9698	0.0014	0.0502
Rps15a	Rps15a-dl7	dl	parent correlated	146.1449	142.2175	255.6672	6	29	100.0000	0.9345	0.0063	0.0317
Rps15a	Rps15a-l1	l	parent correlated	10869.0631	9925.3858	19131.8504	6	29	100.0000	0.9894	0.0002	0.0451
Rps16	Rps16-dl1	dl	parent correlated	84.0937	75.0097	166.6973	6	29	100.0000	0.9610	0.0023	0.0363
Rps16	Rps16-dl2	dl	parent correlated	132.0645	108.5693	304.5625	6	29	100.0000	0.8950	0.0159	0.0251
Rps16	Rps16-dl3	dl	parent correlated	2271.3068	1988.5327	4379.3159	6	29	100.0000	0.9956	0.0000	0.0521
Rps16	Rps16-dl4	dl	parent correlated	621.8368	544.7968	1202.4559	6	29	100.0000	0.9704	0.0013	0.0530
Rps16	Rps16-l1	l	parent correlated	447.4998	420.3348	939.1344	6	29	100.0000	0.9751	0.0009	0.0453
Rps16	Rps16-l2	l	parent correlated	101.5392	85.3749	273.7122	6	29	100.0000	0.9669	0.0016	0.0442
Rps17	Rps17-dl1	dl	supported	16.3868	12.8248	45.1820	6	24	82.7586	-0.5244	0.2855	0.0318
Rps17	Rps17-dl2	dl	supported	10.1403	5.9216	65.8374	6	18	62.0690	0.7869	0.0633	0.1036
Rps17	Rps17-dl3	dl	supported	407.0383	349.3852	805.0576	6	29	100.0000	0.6310	0.1791	0.0342
Rps17	Rps17-dl4	dl	supported	35.6392	29.9244	167.0449	6	27	93.1034	0.0433	0.9351	0.0596
Rps17	Rps17-dl5	dl	supported	5.9793	3.4345	28.0470	6	18	62.0690	-0.0223	0.9666	0.0389
Rps17	Rps17-dl6	dl	supported	11.6454	10.3376	30.9638	6	24	82.7586	-0.6410	0.1702	0.0252
Rps17	Rps17-dl7	dl	low expression	2.2680	0.0000	31.4259	5	8	27.5862	-0.4893	0.3247	0.2232
Rps17	Rps17-dl8	dl	supported	4.2935	3.7593	28.4532	5	16	55.1724	-0.0831	0.8756	0.1221
Rps18	Rps18-dl1	dl	supported	5.9316	4.8446	20.7296	6	22	75.8621	0.7033	0.1190	0.0927
Rps18	Rps18-dl2	dl	supported	475.2932	529.3673	698.9327	6	29	100.0000	0.4946	0.3186	0.0334
Rps18	Rps18-dl3	dl	supported	26.8547	26.5263	70.5601	6	27	93.1034	0.3015	0.5614	0.0064
Rps18	Rps18-dl4	dl	supported	501.5962	479.3918	1021.2478	6	29	100.0000	0.7576	0.0810	0.0361
Rps18	Rps18-dl5	dl	supported	365.3956	349.3852	833.7848	6	29	100.0000	0.7136	0.1113	0.0361
Rps18	Rps18-dl6	dl	parent correlated	207.9106	178.3469	427.9296	6	29	100.0000	0.8545	0.0302	0.0488
Rps18	Rps18-dl7	dl	parent correlated	4770.6638	4111.1927	9426.6321	6	29	100.0000	0.8364	0.0379	0.0283
Rps2	Rps2-dl1	dl	supported	483.6081	318.8925	1762.1329	6	29	100.0000	0.7851	0.0643	0.0681
Rps2	Rps2-dl2	dl	supported	58.7329	45.3201	122.1026	6	29	100.0000	0.7159	0.1096	0.0451
Rps2	Rps2-dl3	dl	parent correlated	6.8751	3.1081	30.5394	6	23	79.3103	0.9121	0.0113	0.1451
Rps2	Rps2-l1	l	supported	98.8598	100.4380	198.4743	6	29	100.0000	0.7333	0.0972	0.0472
Rps20	Rps20-dl1	dl	low expression	0.1568	0.0000	4.5470	1	1	3.4483	-0.0364	0.9454	1.0000
Rps23	Rps23-dl1	dl	parent correlated	349.4361	324.5775	685.8651	6	29	100.0000	0.9852	0.0003	0.0383
Rps23	Rps23-dl2	dl	parent correlated	213.4320	179.7719	473.2939	6	29	100.0000	0.9561	0.0028	0.0461
Rps23	Rps23-dl3	dl	parent correlated	222.6763	194.2135	430.2245	6	29	100.0000	0.9931	0.0001	0.0393
Rps23	Rps23-dl4	dl	parent correlated	574.5897	435.5668	1202.8514	6	29	100.0000	0.9780	0.0007	0.0485
Rps23	Rps23-dl5	dl	parent correlated	6404.5342	5325.7887	12832.3165	6	29	100.0000	0.9966	0.0000	0.0401
Rps23	Rps23-dl6	dl	parent correlated	233.5208	213.1121	520.8538	6	29	100.0000	0.9903	0.0001	0.0382
Rps23	Rps23-dl7	dl	supported	2.2296	0.9380	10.0571	5	18	62.0690	0.2712	0.6032	0.2336
Rps25	Rps25-dl1	dl	unsupported	0.0000	0.0000	0.0000	0	0	0.0000			1.0000
Rps25	Rps25-dl10	dl	supported	66.7316	65.4440	106.5077	6	29	100.0000	-0.0298	0.9553	0.0185
Rps25	Rps25-dl11	dl	supported	787.4863	727.5900	1739.7447	6	29	100.0000	-0.1081	0.8385	0.0591
Rps25	Rps25-dl12	dl	supported	12.8210	7.2089	66.8424	6	23	79.3103	-0.0842	0.8740	0.1266
Rps25	Rps25-dl13	dl	low expression	1.2232	0.0000	33.4212	2	2	6.8966	-0.9714	0.0012	0.8914
Rps25	Rps25-dl14	dl	low expression	2.2410	0.0000	12.8756	6	10	34.4828	0.5220	0.2881	0.2160
Rps25	Rps25-dl15	dl	supported	5.7413	2.8285	35.4031	5	15	51.7241	-0.1947	0.7116	0.2210
Rps25	Rps25-dl2	dl	supported	7.6210	4.6324	44.0197	6	18	62.0690	-0.0483	0.9276	0.0633
Rps25	Rps25-dl3	dl	unsupported	0.0000	0.0000	0.0000	0	0	0.0000			1.0000
Rps25	Rps25-dl4	dl	low expression	1.1197	0.0000	15.3088	4	4	13.7931	-0.0161	0.9758	0.2986
Rps25	Rps25-dl5	dl	low expression	0.6847	0.0000	4.6324	4	7	24.1379	0.0618	0.9074	0.2945
Rps25	Rps25-dl6	dl	supported	765.2753	765.1067	1394.7557	6	29	100.0000	-0.2838	0.5857	0.0342
Rps25	Rps25-dl7	dl	supported	7.9233	4.9024	44.0848	6	24	82.7586	-0.1533	0.7719	0.1205
Rps25	Rps25-dl8	dl	parent correlated	12.9481	11.9202	36.8946	6	27	93.1034	0.8797	0.0209	0.0685
Rps25	Rps25-dl9	dl	supported	234.0512	225.6679	482.3069	6	29	100.0000	-0.1410	0.7898	0.0424
Rps27	Rps27-dl1	dl	supported	90.1894	65.4568	211.2611	6	29	100.0000	0.7773	0.0689	0.0881
Rps27	Rps27-dl2	dl	supported	44.7534	25.3723	316.8917	6	27	93.1034	0.7387	0.0935	0.2536
Rps27	Rps27-dl3	dl	parent correlated	78.1187	64.5743	208.6066	6	29	100.0000	0.9498	0.0037	0.0415
Rps27	Rps27-dl4	dl	low expression	3.9496	0.0000	21.9949	6	9	31.0345	0.2691	0.6062	0.1121
Rps27	Rps27-dl5	dl	low expression	3.5001	0.0000	27.2481	6	9	31.0345	0.4797	0.3357	0.0957
Rps27	Rps27-dl6	dl	low expression	2.1534	0.0000	13.6240	5	9	31.0345	-0.0192	0.9713	0.1358
Rps27	Rps27-dl7	dl	supported	69.8483	57.9938	223.5705	6	28	96.5517	0.7560	0.0820	0.0784
Rps27	Rps27-dl8	dl	parent correlated	3.2856	1.9110	29.6323	6	16	55.1724	0.8386	0.0370	0.1776
Rps27	Rps27-l1	l	supported	531.1387	461.2838	969.9867	6	29	100.0000	0.6626	0.1516	0.0406
Rps27	Rps27-l2	l	parent correlated	9.0686	4.3413	63.9046	6	25	86.2069	0.8538	0.0305	0.3426
Rps27	Rps27-l3	l	low expression	5.6303	0.0000	70.9731	6	14	48.2759	0.4393	0.3834	0.1740
Rps27	Rps27-l4	l	parent correlated	218.2478	180.8527	367.2081	6	29	100.0000	0.9301	0.0072	0.0318
Rps27	Rps27-l5	l	low expression	3.6325	0.0000	96.1356	2	2	6.8966	0.5359	0.2731	0.8568
Rps27a	Rps27a-dl1	dl	unsupported	0.0000	0.0000	0.0000	0	0	0.0000			1.0000
Rps27a	Rps27a-l1	l	unsupported	0.0000	0.0000	0.0000	0	0	0.0000			1.0000
Rps27l	Rps27l-l1	l	low expression	0.3358	0.0000	7.2209	1	2	6.8966	-0.0965	0.8557	1.0000
Rps29	Rps29-dl1	dl	supported	70.7541	61.6628	291.9201	6	24	82.7586	0.5133	0.2977	0.0551
Rps29	Rps29-dl2	dl	supported	379.3509	366.1521	1070.3736	6	29	100.0000	0.4486	0.3722	0.0341
Rps29	Rps29-dl3	dl	supported	38.2826	32.4307	98.8191	6	24	82.7586	-0.0428	0.9358	0.0202
Rps29	Rps29-dl4	dl	supported	473.3956	318.8507	1362.2937	6	29	100.0000	0.3783	0.4596	0.0315
Rps29	Rps29-dl5	dl	supported	61.9003	55.3187	195.9360	6	28	96.5517	0.5410	0.2676	0.0614
Rps29	Rps29-l1	l	supported	2539.7834	2626.2590	4771.1668	6	29	100.0000	0.4311	0.3934	0.0232
Rps3	Rps3-dl1	dl	supported	9.6491	9.1123	24.9178	6	27	93.1034	0.6944	0.1258	0.0349
Rps3	Rps3-dl2	dl	parent correlated	1105.7071	1171.7901	1986.6669	6	29	100.0000	0.8421	0.0354	0.0212
Rps3	Rps3-dl3	dl	parent correlated	185.2812	150.1128	431.4621	6	29	100.0000	0.9898	0.0002	0.0297
Rps3	Rps3-dl4	dl	parent correlated	1179.3321	152.6278	3569.3605	6	29	100.0000	0.8742	0.0227	0.0232
Rps4	Rps4-l1	l	supported	4835.7863	4612.0082	10745.7546	6	29	100.0000	-0.3137	0.5449	0.0513
Rps4	Rps4-l2	l	supported	132.0195	115.5517	256.3736	6	29	100.0000	0.5017	0.3106	0.0218
Rps6	Rps6-dl1	dl	parent correlated	2741.6095	2380.8172	6487.2274	6	29	100.0000	0.9458	0.0043	0.0321
Rps6	Rps6-dl2	dl	parent correlated	429.3558	364.3219	904.4453	6	29	100.0000	0.9481	0.0040	0.0224
Rps6	Rps6-dl3	dl	parent correlated	2782.6234	2558.4839	5352.1425	6	29	100.0000	0.9590	0.0025	0.0282
Rps6	Rps6-dl4	dl	parent correlated	1452.0418	1328.1541	2952.5845	6	29	100.0000	0.9777	0.0007	0.0392
Rps7	Rps7-dl1	dl	parent correlated	5655.1946	5309.4457	9703.2249	6	29	100.0000	0.9602	0.0023	0.0328
Rps7	Rps7-dl2	dl	parent correlated	44.4520	35.3189	140.1548	6	29	100.0000	0.9777	0.0007	0.0773
Rps7	Rps7-dl3	dl	supported	173.9066	155.0371	290.9954	6	29	100.0000	0.7963	0.0580	0.0180
Rps7	Rps7-dl4	dl	supported	51.4054	50.3413	190.7897	6	28	96.5517	0.5498	0.2584	0.0457
Rps7	Rps7-dl5	dl	supported	6.0206	1.1821	43.5854	6	22	75.8621	-0.1215	0.8186	0.5207
Rps7	Rps7-dl6	dl	supported	835.8699	735.0558	1579.1011	6	29	100.0000	0.7816	0.0664	0.0257
Rps7	Rps7-dl7	dl	parent correlated	3284.7266	3101.3906	5673.6746	6	29	100.0000	0.9281	0.0076	0.0299
Rps7	Rps7-dl8	dl	parent correlated	2019.1026	1873.6203	3606.9193	6	29	100.0000	0.9748	0.0009	0.0362
Rps8	Rps8-dl1	dl	supported	22.5888	22.1586	48.5758	6	28	96.5517	-0.0273	0.9591	0.0253
Rps9	Rps9-l1	l	supported	12.1746	6.1098	64.7498	5	18	62.0690	-0.8237	0.0439	0.1789
Rpsa	Rpsa-dl1	dl	parent correlated	118.2340	105.1549	231.7555	6	29	100.0000	0.9743	0.0010	0.0341
Rpsa	Rpsa-dl2	dl	parent correlated	26.0296	18.5671	74.4965	6	29	100.0000	0.9500	0.0037	0.0669
Rrm2	Rrm2-l1	l	parent correlated	79.9583	22.2351	829.8141	6	29	100.0000	0.8647	0.0262	0.4803
Rrp15	Rrp15-dl1	dl	parent correlated	590.1863	494.4818	1360.0331	6	29	100.0000	0.9229	0.0087	0.0768
Rrs1	Rrs1-l1	l	supported	9.3860	9.2850	27.9127	6	27	93.1034	0.5520	0.2561	0.0428
Rsbn1l	Rsbn1l-l1	l	supported	92.7223	82.9645	171.8041	6	29	100.0000	0.7226	0.1047	0.0418
Rsl24d1	Rsl24d1-dl1	dl	parent correlated	1173.6258	1190.7749	1465.3948	6	29	100.0000	0.8700	0.0242	0.0047
Rtcb	Rtcb-dl1	dl	parent correlated	611.3873	554.3481	1039.7280	6	29	100.0000	0.9594	0.0024	0.0238
Rtl8c	Rtl8c-dl1	dl	parent correlated	164.3833	117.1121	565.5843	6	29	100.0000	0.9967	0.0000	0.2346
Rtraf	Rtraf-dl1	dl	supported	1629.9682	1601.7578	2132.8101	6	29	100.0000	0.3626	0.4800	0.0038
Ruvbl1	Ruvbl1-dl1	dl	parent correlated	165.0549	173.7664	276.9902	6	29	100.0000	0.8889	0.0178	0.0430
Ruvbl1	Ruvbl1-dl2	dl	parent correlated	68.0835	72.4083	109.8788	6	29	100.0000	0.8947	0.0160	0.0407
Ruvbl2	Ruvbl2-l1	l	parent correlated	157.0782	136.4423	252.0976	6	29	100.0000	0.9760	0.0009	0.0330
S100a10	S100a10-dl1	dl	supported	273.5236	212.8149	614.1812	6	29	100.0000	0.5723	0.2352	0.0828
S100a10	S100a10-dl2	dl	unsupported	0.0000	0.0000	0.0000	0	0	0.0000			1.0000
S100a10	S100a10-l1	l	unsupported	0.0000	0.0000	0.0000	0	0	0.0000			1.0000
S100a11	S100a11-dl1	dl	parent correlated	1079.5217	629.2599	3502.8449	6	29	100.0000	0.9618	0.0022	0.2381
S100a11	S100a11-dl2	dl	low expression	1.6834	0.0000	31.9506	1	3	10.3448	-0.7028	0.1194	1.0000
S100a11	S100a11-dl3	dl	parent correlated	60.9686	31.9506	186.9566	6	29	100.0000	0.9085	0.0122	0.1954
S100a11	S100a11-dl4	dl	parent correlated	314.5595	160.4972	1152.8593	6	29	100.0000	0.9879	0.0002	0.2499
S100a15a	S100a15a-l1	l	low expression	11.0940	0.0000	271.1290	1	2	6.8966	1.0000	0.0000	1.0000
S100a8	S100a8-l1	l	low expression	43.0558	0.0000	612.1771	1	4	13.7931	-0.2010	0.7026	1.0000
Saa3	Saa3-dl1	dl	low expression	28.5465	0.0000	544.8818	6	12	41.3793	0.8300	0.0409	0.8205
Saa3	Saa3-l1	l	low expression	164.5829	0.4043	3983.4199	5	15	51.7241	0.8651	0.0261	0.8599
Sap18	Sap18-dl1	dl	supported	11.0974	9.6483	40.6333	6	23	79.3103	0.1778	0.7361	0.0426
Sap18	Sap18-dl2	dl	supported	40.7243	42.7083	81.9104	6	28	96.5517	0.0973	0.8544	0.0258
Sap18	Sap18-dl3	dl	supported	204.8283	195.7414	380.3795	6	29	100.0000	-0.2408	0.6458	0.0179
Sap18	Sap18-dl4	dl	supported	43.5061	43.2194	85.6308	6	28	96.5517	-0.2500	0.6329	0.0137
Sap18	Sap18-dl5	dl	supported	253.2896	246.7986	426.6670	6	29	100.0000	-0.1148	0.8286	0.0065
Sar1a	Sar1a-l1	l	supported	601.9395	535.3830	942.9654	6	29	100.0000	0.5345	0.2746	0.0144
Sbds	Sbds-dl1	dl	supported	341.6828	328.9134	633.5728	6	29	100.0000	0.7688	0.0740	0.0107
Sbds	Sbds-dl2	dl	supported	20.3952	19.4764	32.2565	6	29	100.0000	0.5918	0.2160	0.0128
Sbds	Sbds-dl3	dl	supported	166.5220	152.3966	307.7353	6	29	100.0000	0.7936	0.0595	0.0047
Scaf11	Scaf11-l1	l	parent correlated	256.3933	225.7041	481.5549	6	29	100.0000	0.8208	0.0453	0.0261
Sco1	Sco1-dl1	dl	supported	109.0367	107.5161	176.9499	6	29	100.0000	-0.3416	0.5075	0.0119
Sdcbp	Sdcbp-l1	l	supported	95.2605	89.2065	167.3530	6	29	100.0000	0.3505	0.4957	0.0466
Sdhd	Sdhd-dl1	dl	parent correlated	775.8582	804.0064	1621.1481	6	29	100.0000	0.9955	0.0000	0.0799
Sdhd	Sdhd-dl2	dl	parent correlated	36.9909	28.3684	80.8946	6	28	96.5517	0.9710	0.0012	0.0854
Sdhd	Sdhd-l1	l	parent correlated	610.1029	572.2238	1292.1119	6	29	100.0000	0.9923	0.0001	0.0646
Sdr9c7	Sdr9c7-l1	l	low expression	6.9952	0.0000	76.4667	6	14	48.2759	0.9476	0.0040	0.9325
Sec13	Sec13-dl1	dl	parent correlated	1107.3877	870.5154	2916.3947	6	29	100.0000	0.9364	0.0059	0.0661
Sec22b	Sec22b-dl1	dl	parent correlated	290.3789	291.7504	476.7030	6	29	100.0000	0.8255	0.0430	0.0268
Sec61b	Sec61b-dl1	dl	unsupported	0.0000	0.0000	0.0000	0	0	0.0000			1.0000
Sectm1	Sectm1-l1	l	low expression	5.3215	0.0000	77.7899	5	13	44.8276	0.7857	0.0640	0.8344
Selenok	Selenok-dl1	dl	parent correlated	130.5219	129.9075	192.1874	6	29	100.0000	0.8899	0.0175	0.0124
Selenoo	Selenoo-l1	l	supported	11.6041	9.2066	22.2726	6	29	100.0000	0.5637	0.2440	0.0371
Selenot	Selenot-dl1	dl	parent correlated	118.3901	108.9883	270.8357	6	29	100.0000	0.8065	0.0525	0.0453
Sem1	Sem1-dl1	dl	supported	33.4949	32.4432	53.4607	6	29	100.0000	0.6906	0.1288	0.0129
Sem1	Sem1-dl2	dl	supported	10.4102	9.4068	45.9591	6	20	68.9655	-0.8465	0.0335	0.0971
Sem1	Sem1-l1	l	parent correlated	6399.7714	4958.9882	14072.5171	6	29	100.0000	0.9208	0.0092	0.0528
Sephs1	Sephs1-l1	l	supported	77.8927	77.7286	119.3781	6	29	100.0000	0.6229	0.1865	0.0170
Serpina2	Serpina2-l1	l	low expression	0.0175	0.0000	0.2966	2	2	6.8966			0.6500
Serpina2	Serpina2-l2	l	low expression	0.0826	0.0000	0.8208	3	3	10.3448			0.3916
Serpinb3	Serpinb3-l1	l	low expression	0.4195	0.0000	6.1973	1	3	10.3448	0.9974	0.0000	1.0000
Serpinb9	Serpinb9-l1	l	low expression	0.2176	0.0563	1.5394	6	20	68.9655	0.2610	0.6174	0.2844
Serpinb9	Serpinb9-l2	l	supported	4.8223	3.2526	13.7917	6	29	100.0000	0.0016	0.9976	0.1156
Serpinb9	Serpinb9-l3	l	unsupported	0.0000	0.0000	0.0000	0	0	0.0000			1.0000
Serpinb9	Serpinb9-l4	l	unsupported	0.0000	0.0000	0.0000	0	0	0.0000			1.0000
Serpinb9	Serpinb9-l5	l	unsupported	0.0000	0.0000	0.0000	0	0	0.0000			1.0000
Sertm1	Sertm1-l1	l	low expression	5.5308	0.0000	52.5754	2	6	20.6897	0.8822	0.0200	0.7589
Sf3a2	Sf3a2-dl1	dl	supported	4.0082	2.8653	20.1939	6	26	89.6552	0.7069	0.1163	0.0548
Sf3b4	Sf3b4-dl1	dl	parent correlated	23.4778	22.6682	46.6708	6	28	96.5517	0.9408	0.0052	0.0151
Sf3b4	Sf3b4-dl2	dl	parent correlated	10.1714	7.6970	26.9385	6	26	89.6552	0.8387	0.0369	0.0369
Sf3b4	Sf3b4-dl3	dl	parent correlated	22.5326	20.5124	52.3828	6	29	100.0000	0.8514	0.0315	0.0340
Sf3b4	Sf3b4-l1	l	supported	4.4698	4.0031	16.4602	6	26	89.6552	0.6440	0.1675	0.1109
Sfn	Sfn-dl1	dl	parent correlated	27.1639	1.8239	358.6471	5	16	55.1724	0.9478	0.0040	0.7456
Sftpd	Sftpd-l1	l	low expression	81.0433	0.1789	571.0571	6	18	62.0690	0.9741	0.0010	0.9915
Sh3bgrl	Sh3bgrl-dl1	dl	parent correlated	20.2867	14.5004	69.2615	6	29	100.0000	0.9228	0.0087	0.1024
Sh3bgrl	Sh3bgrl-dl2	dl	supported	39.2639	30.0894	123.2447	6	29	100.0000	0.5499	0.2583	0.0908
Sh3bgrl	Sh3bgrl-dl3	dl	supported	32.9834	21.4325	158.0390	6	25	86.2069	0.7229	0.1046	0.1350
Sh3bgrl	Sh3bgrl-dl4	dl	supported	20.7491	14.2491	57.8463	6	29	100.0000	0.3923	0.4417	0.0763
Shcbp1	Shcbp1-dl1	dl	parent correlated	10.7792	2.5916	92.0316	6	26	89.6552	0.9556	0.0029	0.4431
Shmt2	Shmt2-l1	l	parent correlated	893.7702	256.7513	2381.0356	6	29	100.0000	0.9980	0.0000	0.2924
Siglec10	Siglec10-l1	l	supported	4.5593	1.9116	19.9507	6	29	100.0000	0.1575	0.7657	0.2371
Siglec5	Siglec5-l1	l	supported	46.5327	5.6487	272.0008	6	28	96.5517	0.4860	0.3284	0.6889
Sirpa	Sirpa-l1	l	low expression	1.8813	0.4152	7.8094	6	29	100.0000	0.3640	0.4781	0.3789
Siva1	Siva1-dl1	dl	supported	76.8121	77.4481	151.3041	6	29	100.0000	0.3883	0.4469	0.0059
Siva1	Siva1-dl2	dl	supported	89.7643	86.3936	153.0443	6	28	96.5517	0.3055	0.5560	0.0036
Ska2	Ska2-dl1	dl	supported	69.0310	62.9565	168.2626	6	29	100.0000	-0.2016	0.7016	0.0451
Ska2	Ska2-dl10	dl	low expression	1.0268	0.0000	12.8397	4	4	13.7931	-0.5715	0.2361	0.3083
Ska2	Ska2-dl11	dl	supported	3.9218	3.6322	12.8303	5	15	51.7241	0.4647	0.3532	0.1785
Ska2	Ska2-dl12	dl	low expression	0.9039	0.0000	4.9150	4	9	31.0345	0.1972	0.7080	0.2556
Ska2	Ska2-dl13	dl	low expression	0.1103	0.0000	3.1983	1	1	3.4483	-0.0333	0.9501	1.0000
Ska2	Ska2-dl2	dl	supported	82.5345	65.0898	184.6382	6	29	100.0000	0.5922	0.2156	0.0609
Ska2	Ska2-dl3	dl	low expression	1.1896	0.0000	10.8966	2	6	20.6897	-0.2221	0.6724	0.7465
Ska2	Ska2-dl4	dl	low expression	15.1252	0.0000	189.6887	6	14	48.2759	0.9327	0.0066	0.3756
Ska2	Ska2-dl5	dl	unsupported	0.0000	0.0000	0.0000	0	0	0.0000			1.0000
Ska2	Ska2-dl6	dl	low expression	4.6621	0.0000	30.6486	5	11	37.9310	0.6191	0.1900	0.2246
Ska2	Ska2-dl7	dl	low expression	3.8705	0.0000	25.6794	6	14	48.2759	0.2915	0.5752	0.1156
Ska2	Ska2-dl8	dl	low expression	0.8145	0.0000	8.3945	4	4	13.7931	-0.1123	0.8323	0.2472
Ska2	Ska2-dl9	dl	low expression	0.8064	0.0000	11.0313	3	4	13.7931	-0.4685	0.3486	0.4684
Skp1	Skp1-l1	l	supported	76.1322	74.0808	162.4847	6	29	100.0000	0.1637	0.7566	0.0558
Skp1	Skp1-l2	l	supported	23.6718	16.8486	80.1370	6	29	100.0000	0.7148	0.1104	0.1245
Skp1	Skp1-l3	l	low expression	0.4784	0.0000	5.0863	2	4	13.7931	-0.3920	0.4421	0.7138
Skp1	Skp1-l4	l	supported	97.7802	71.8817	236.2529	6	29	100.0000	0.6870	0.1316	0.0882
Slamf8	Slamf8-dl1	dl	supported	16.4124	6.7923	64.1536	6	28	96.5517	0.7181	0.1080	0.3282
Slamf8	Slamf8-l1	l	supported	1094.5682	454.4919	3546.8498	6	29	100.0000	0.7887	0.0622	0.2489
Slc22a13	Slc22a13-l1	l	low expression	156.4649	0.4709	1092.9751	5	16	55.1724	0.3363	0.5146	0.8133
Slc22a13	Slc22a13-l2	l	low expression	16.8395	0.1418	280.0321	5	15	51.7241	-0.0704	0.8946	0.7462
Slc22a13	Slc22a13-l3	l	supported	2.4936	1.3488	10.9317	6	21	72.4138	-0.5279	0.2817	0.1612
Slc23a2	Slc23a2-l1	l	supported	34.6605	24.1151	116.9427	6	29	100.0000	-0.3482	0.4988	0.1691
Slc25a24	Slc25a24-dl1	dl	supported	100.7712	83.1972	254.0473	6	29	100.0000	0.7531	0.0839	0.1026
Slc25a24	Slc25a24-l1	l	supported	40.5090	30.3612	103.4617	6	29	100.0000	0.6551	0.1579	0.1490
Slc25a44	Slc25a44-l1	l	parent correlated	45.5521	33.4400	148.6522	6	29	100.0000	0.9691	0.0014	0.1225
Slc25a5	Slc25a5-dl1	dl	parent correlated	63.4346	57.0026	171.6287	6	29	100.0000	0.9873	0.0002	0.0708
Slc25a5	Slc25a5-dl2	dl	parent correlated	163.1500	122.6757	468.2595	6	29	100.0000	0.9803	0.0006	0.1127
Slc25a5	Slc25a5-dl3	dl	parent correlated	79.9633	65.7250	197.1220	6	28	96.5517	0.8865	0.0186	0.0936
Slc25a5	Slc25a5-dl4	dl	parent correlated	91.4925	76.1037	251.3521	6	29	100.0000	0.9939	0.0001	0.1094
Slc25a5	Slc25a5-dl5	dl	parent correlated	167.8057	146.0450	431.3277	6	29	100.0000	0.9823	0.0005	0.0857
Slc25a51	Slc25a51-l1	l	parent correlated	109.2997	94.1831	237.3208	6	29	100.0000	0.9365	0.0059	0.0492
Slc25a51	Slc25a51-l2	l	parent correlated	168.0794	119.0713	392.4010	6	29	100.0000	0.9181	0.0098	0.0997
Slc35a4	Slc35a4-l1	l	parent correlated	105.5967	99.2529	165.5033	6	29	100.0000	0.8125	0.0494	0.0097
Slc35a4	Slc35a4-l2	l	parent correlated	48.3101	46.6470	89.6587	6	29	100.0000	0.9715	0.0012	0.0298
Slc39a2	Slc39a2-l1	l	low expression	5.0803	0.0000	37.3148	3	7	24.1379	-0.4128	0.4160	0.9527
Slc5a1	Slc5a1-l1	l	low expression	0.2913	0.2497	0.8678	6	25	86.2069	-0.0202	0.9697	0.1571
Slc5a4	Slc5a4-l1	l	low expression	0.0776	0.0573	0.2103	6	24	82.7586	0.5970	0.2108	0.0602
Slc6a16	Slc6a16-l1	l	supported	1.6169	0.7827	12.3764	5	20	68.9655	0.6826	0.1351	0.4979
Slc7a12	Slc7a12-l1	l	supported	35.0303	1.2515	234.0460	6	29	100.0000	0.7878	0.0627	0.8875
Slc7a9	Slc7a9-l1	l	supported	52.2122	0.5115	329.3234	6	24	82.7586	0.7298	0.0996	0.9535
Slfn13	Slfn13-l1	l	supported	3.9334	0.7428	34.6882	6	21	72.4138	0.3889	0.4461	0.6054
Slfn13	Slfn13-l2	l	supported	7.4166	1.5880	62.7874	6	24	82.7586	0.2215	0.6732	0.6653
Slirp	Slirp-dl1	dl	parent correlated	198.5648	195.4965	342.8990	6	29	100.0000	0.9854	0.0003	0.0183
Smim10l1	Smim10l1-l1	l	parent correlated	52.5895	51.2606	92.2971	6	28	96.5517	0.9791	0.0006	0.0327
Smim15	Smim15-dl1	dl	parent correlated	27.9604	24.0806	77.8081	6	28	96.5517	0.9418	0.0050	0.0528
Smim15	Smim15-dl2	dl	supported	13.5706	7.4184	112.2952	6	17	58.6207	0.7509	0.0854	0.1826
Smim15	Smim15-l1	l	supported	10.7736	7.3528	32.9765	6	27	93.1034	0.5486	0.2597	0.1598
Smim15	Smim15-l2	l	low expression	14.1373	0.0000	304.3592	5	10	34.4828	-0.3856	0.4502	0.5692
Sms	Sms-dl1	dl	supported	290.9211	239.4899	617.8720	6	29	100.0000	0.4651	0.3527	0.0593
Smu1	Smu1-dl1	dl	supported	362.6529	325.2739	602.9618	6	29	100.0000	0.7656	0.0760	0.0174
Snap23	Snap23-l1	l	supported	5.9530	6.0974	16.6501	6	28	96.5517	0.1891	0.7197	0.0488
Snap23	Snap23-l2	l	parent correlated	677.1093	577.1902	1405.7244	6	29	100.0000	0.9189	0.0096	0.0841
Snrnp27	Snrnp27-dl1	dl	supported	121.6924	122.4387	205.7132	6	29	100.0000	0.7587	0.0803	0.0159
Snrnp27	Snrnp27-dl2	dl	supported	261.4647	272.2637	425.2292	6	29	100.0000	0.6838	0.1342	0.0247
Snrpa	Snrpa-l1	l	supported	4.1493	2.0957	29.3738	6	18	62.0690	0.5682	0.2394	0.1950
Snrpb2	Snrpb2-l1	l	low expression	0.4265	0.0000	6.9094	3	3	10.3448	0.7700	0.0732	0.4807
Snrpc	Snrpc-l1	l	parent correlated	7.7452	5.4630	18.5896	6	29	100.0000	0.8706	0.0240	0.0603
Snrpc	Snrpc-l2	l	supported	36.1573	36.8364	70.4874	6	28	96.5517	0.3700	0.4704	0.0291
Snrpd1	Snrpd1-dl1	dl	supported	10.5423	7.5462	76.4497	6	26	89.6552	0.7087	0.1149	0.1450
Snrpd1	Snrpd1-dl2	dl	parent correlated	51.9761	41.6314	116.7361	6	28	96.5517	0.9290	0.0074	0.0298
Snrpd1	Snrpd1-dl3	dl	parent correlated	5.8219	4.4298	24.0404	6	22	75.8621	0.8205	0.0455	0.1122
Snrpd1	Snrpd1-dl4	dl	parent correlated	42.6427	38.0271	90.6828	6	29	100.0000	0.9598	0.0024	0.0287
Snrpd1	Snrpd1-l1	l	parent correlated	93.2410	82.2094	198.4391	6	29	100.0000	0.9701	0.0013	0.0309
Snrpd1	Snrpd1-l2	l	parent correlated	21.3310	18.1304	56.4403	6	29	100.0000	0.9285	0.0075	0.0560
Snrpd1	Snrpd1-l3	l	supported	7.4513	4.2672	92.4414	6	15	51.7241	0.7799	0.0673	0.2181
Snrpd2	Snrpd2-dl1	dl	supported	16.3877	4.1366	94.9622	6	27	93.1034	-0.6851	0.1332	0.5191
Snrpd2	Snrpd2-l1	l	parent correlated	434.0670	437.6548	667.6087	6	29	100.0000	0.8317	0.0401	0.0092
Snrpd2	Snrpd2-l2	l	unsupported	0.0000	0.0000	0.0000	0	0	0.0000			1.0000
Snrpd3	Snrpd3-dl1	dl	supported	1664.7450	1578.6347	2629.4087	6	29	100.0000	0.4894	0.3245	0.0114
Snrpd3	Snrpd3-dl2	dl	supported	151.2300	156.9805	247.1714	6	29	100.0000	0.7017	0.1202	0.0188
Snrpd3	Snrpd3-l1	l	supported	12.9948	14.1760	33.1198	6	26	89.6552	-0.0968	0.8552	0.0115
Snrpe	Snrpe-dl1	dl	supported	3.8653	2.9140	18.1675	6	22	75.8621	-0.1705	0.7467	0.1589
Snrpe	Snrpe-dl2	dl	low expression	2.7257	0.0000	52.6384	4	4	13.7931	0.2842	0.5851	0.4613
Snrpe	Snrpe-dl3	dl	supported	53.4517	51.0721	128.4999	6	26	89.6552	0.2066	0.6945	0.0216
Snrpe	Snrpe-dl4	dl	supported	9.3209	6.2761	34.3894	6	17	58.6207	-0.5625	0.2452	0.0226
Snrpe	Snrpe-dl5	dl	supported	86.4977	71.9390	187.2057	6	28	96.5517	0.1929	0.7142	0.0463
Snrpe	Snrpe-dl6	dl	parent correlated	123.9520	112.6357	227.0429	6	29	100.0000	0.8951	0.0159	0.0205
Snrpe	Snrpe-dl7	dl	supported	85.8460	69.3214	224.6386	6	26	89.6552	0.2338	0.6557	0.0790
Snrpe	Snrpe-dl8	dl	supported	40.6108	41.5585	90.8172	6	25	86.2069	0.7053	0.1175	0.0194
Snrpe	Snrpe-dl9	dl	supported	343.8107	356.4900	488.1972	6	29	100.0000	0.7943	0.0591	0.0145
Snrpg	Snrpg-dl1	dl	unsupported	0.0000	0.0000	0.0000	0	0	0.0000			1.0000
Snrpg	Snrpg-dl2	dl	supported	9.0205	5.8080	47.5563	6	15	51.7241	0.3688	0.4719	0.1331
Snrpg	Snrpg-dl3	dl	supported	386.3950	366.3648	764.6801	6	29	100.0000	0.0480	0.9281	0.0448
Snrpg	Snrpg-dl4	dl	supported	48.4038	37.7155	139.9965	6	29	100.0000	-0.3379	0.5125	0.0882
Snrpg	Snrpg-dl5	dl	supported	175.0585	167.3830	321.6786	6	29	100.0000	0.5477	0.2605	0.0183
Snrpg	Snrpg-dl6	dl	low expression	3.7968	0.0000	37.9013	6	10	34.4828	-0.0196	0.9706	0.1635
Snrpg	Snrpg-l1	l	supported	526.8414	473.2123	925.1638	6	29	100.0000	0.6447	0.1669	0.0176
Snrpg	Snrpg-l2	l	supported	306.6423	294.3185	515.1241	6	29	100.0000	0.1570	0.7665	0.0277
Snrpn	Snrpn-l1	l	parent correlated	90.0974	6.2731	482.3340	6	20	68.9655	0.9751	0.0009	0.7094
Snurf	Snurf-dl1	dl	parent correlated	183.6335	13.4387	1005.5483	6	27	93.1034	0.9651	0.0018	0.6650
Snurf	Snurf-l1	l	parent correlated	189.9235	32.5004	977.5484	6	25	86.2069	0.8821	0.0200	0.5197
Snw1	Snw1-dl1	dl	parent correlated	985.7261	589.4457	2197.8130	6	29	100.0000	0.9151	0.0105	0.0931
Snw1	Snw1-dl2	dl	supported	5.5414	5.2525	15.7129	6	26	89.6552	0.6221	0.1872	0.0194
Snw1	Snw1-dl3	dl	parent correlated	14.4881	12.2650	29.1198	6	29	100.0000	0.8980	0.0151	0.0084
Snw1	Snw1-dl4	dl	supported	59.5453	58.0809	97.5623	6	29	100.0000	0.7377	0.0942	0.0136
Snw1	Snw1-dl5	dl	supported	35.1537	33.3158	70.3147	6	29	100.0000	0.5161	0.2946	0.0169
Snw1	Snw1-dl6	dl	supported	9.3073	8.1086	23.9018	6	28	96.5517	0.4451	0.3764	0.0410
Snw1	Snw1-dl7	dl	supported	24.3187	25.4194	46.4514	6	29	100.0000	0.6101	0.1984	0.0249
Snx17	Snx17-l1	l	parent correlated	41.1478	34.7220	73.2439	6	29	100.0000	0.8875	0.0183	0.0198
Snx3	Snx3-dl1	dl	supported	184.2922	194.5991	312.4455	6	29	100.0000	0.6198	0.1893	0.0344
Snx3	Snx3-dl2	dl	supported	35.8727	36.4951	81.1361	6	27	93.1034	0.4596	0.3591	0.0330
Snx3	Snx3-dl3	dl	supported	461.7521	471.3190	701.3366	6	29	100.0000	0.6563	0.1569	0.0114
Snx3	Snx3-dl4	dl	parent correlated	429.4082	424.7185	655.2162	6	29	100.0000	0.8853	0.0190	0.0079
Sod1	Sod1-dl1	dl	unsupported	0.0000	0.0000	0.0000	0	0	0.0000			1.0000
Sod1	Sod1-dl2	dl	low expression	8.3971	0.0000	51.5000	4	12	41.3793	-0.7559	0.0821	0.4358
Sod1	Sod1-dl3	dl	parent correlated	1306.9307	793.5918	4738.8114	6	29	100.0000	0.9878	0.0002	0.2251
Sod1	Sod1-dl4	dl	parent correlated	705.0871	461.4015	2220.1838	6	29	100.0000	0.9991	0.0000	0.1874
Sod1	Sod1-dl5	dl	parent correlated	3852.4796	2536.4253	11911.8004	6	29	100.0000	0.9956	0.0000	0.1829
Sod1	Sod1-dl6	dl	parent correlated	741.1725	477.8706	2428.3950	6	28	96.5517	0.9794	0.0006	0.2120
Sod2	Sod2-dl1	dl	parent correlated	96.7255	81.9493	198.8647	6	29	100.0000	0.9829	0.0004	0.0573
Sod2	Sod2-dl2	dl	parent correlated	597.0603	492.8628	1472.0698	6	29	100.0000	0.9926	0.0001	0.0847
Sod2	Sod2-dl3	dl	parent correlated	131.3836	109.7493	298.3857	6	28	96.5517	0.9730	0.0011	0.1030
Sod2	Sod2-dl4	dl	parent correlated	65.1408	56.5899	142.0811	6	29	100.0000	0.9533	0.0032	0.0752
Sp100	Sp100-l1	l	supported	5.6171	3.9915	13.8296	6	29	100.0000	0.4134	0.4152	0.0694
Sp100	Sp100-l2	l	parent correlated	295.9411	277.4708	565.7026	6	29	100.0000	0.8028	0.0545	0.0332
Spag6	Spag6-l1	l	supported	14.2258	13.0793	24.8615	6	29	100.0000	0.1164	0.8262	0.0429
Spart	Spart-l1	l	parent correlated	315.4894	318.2022	494.6226	6	29	100.0000	0.9865	0.0003	0.0228
Spata31d1	Spata31d1-l1	l	low expression	0.8322	0.0000	10.9226	6	13	44.8276	0.2174	0.6790	0.3724
Spdl1	Spdl1-l1	l	parent correlated	4.6640	3.4346	26.8071	6	20	68.9655	0.9460	0.0043	0.1301
Spef1	Spef1-l1	l	parent correlated	10.8367	4.3039	61.8013	6	27	93.1034	0.8141	0.0486	0.4268
Sppl2b	Sppl2b-l1	l	parent correlated	17.5383	19.1065	34.1228	6	27	93.1034	0.9462	0.0043	0.0199
Spta1	Spta1-rl1	rl	low expression	0.2606	0.0951	3.3828	6	19	65.5172	-0.1379	0.7944	0.5109
Spta1	Spta1-rl2	rl	low expression	0.6857	0.0000	12.4995	5	14	48.2759	-0.3776	0.4605	0.8636
Srm	Srm-dl1	dl	supported	15.4924	11.9118	61.0789	6	27	93.1034	0.7779	0.0685	0.0707
Srp14	Srp14-dl1	dl	low expression	3.9286	0.0000	38.9914	5	12	41.3793	0.1038	0.8449	0.2138
Srp14	Srp14-dl2	dl	parent correlated	1180.4613	1083.3030	2039.6903	6	29	100.0000	0.8449	0.0342	0.0172
Srp14	Srp14-dl3	dl	parent correlated	563.5841	510.4127	937.3477	6	29	100.0000	0.9512	0.0035	0.0159
Srp14	Srp14-l1	l	low expression	0.4628	0.0000	5.8709	2	6	20.6897	0.6713	0.1443	0.6906
Srp14	Srp14-l2	l	low expression	0.2842	0.0000	8.2426	1	1	3.4483	0.0909	0.8641	1.0000
Srp14	Srp14-l3	l	low expression	5.4052	0.0000	81.6802	3	7	24.1379	-0.0542	0.9188	0.8019
Srp14	Srp14-l4	l	supported	8.1864	3.4323	75.9825	6	22	75.8621	-0.1493	0.7778	0.3446
Srp14	Srp14-l5	l	low expression	0.8809	0.0000	10.3460	3	4	13.7931	-0.2100	0.6896	0.4559
Srp14	Srp14-l6	l	supported	1509.8663	1545.5081	2285.3774	6	29	100.0000	0.5500	0.2582	0.0196
Srp19	Srp19-l1	l	supported	50.5979	42.6946	118.0439	6	29	100.0000	0.6543	0.1586	0.0620
Srp9	Srp9-dl1	dl	parent correlated	351.6905	354.6581	523.9425	6	29	100.0000	0.8922	0.0168	0.0094
Srpk1	Srpk1-l1	l	parent correlated	212.0054	218.0792	338.3508	6	29	100.0000	0.9656	0.0018	0.0146
Srpra	Srpra-dl1	dl	parent correlated	434.3360	377.5320	1032.8956	6	29	100.0000	0.9937	0.0001	0.0652
Srrm1	Srrm1-l1	l	parent correlated	4.3200	3.2403	17.4318	6	27	93.1034	0.9493	0.0038	0.1712
Srsf6	Srsf6-dl1	dl	parent correlated	352.9571	340.2363	575.8503	6	29	100.0000	0.9771	0.0008	0.0152
Ssmem1	Ssmem1-l1	l	low expression	0.0393	0.0000	1.1403	1	1	3.4483	-0.5203	0.2900	1.0000
Ssrp1	Ssrp1-l1	l	parent correlated	106.9486	88.3486	205.6974	6	29	100.0000	0.9569	0.0027	0.0499
Ssu72	Ssu72-dl1	dl	parent correlated	39.2501	8.8421	202.2905	6	27	93.1034	0.9107	0.0116	0.4383
Stip1	Stip1-dl1	dl	parent correlated	129.9508	120.6051	247.0781	6	29	100.0000	0.9751	0.0009	0.0172
Stip1	Stip1-dl2	dl	parent correlated	93.8032	95.5734	161.0617	6	29	100.0000	0.8167	0.0473	0.0342
Stip1	Stip1-dl3	dl	parent correlated	329.4455	330.2800	524.8708	6	29	100.0000	0.8795	0.0209	0.0303
Stip1	Stip1-dl4	dl	parent correlated	161.7593	157.2666	275.7664	6	29	100.0000	0.8879	0.0182	0.0293
Stk35	Stk35-l1	l	low expression	0.3951	0.3469	1.0722	6	25	86.2069	0.9645	0.0019	0.0274
Stk38l	Stk38l-l1	l	supported	21.7097	21.7522	37.4671	6	29	100.0000	0.7876	0.0629	0.0105
Stmn1	Stmn1-dl1	dl	low expression	2.3984	0.0000	24.1081	4	8	27.5862	0.6892	0.1299	0.4549
Stmn1	Stmn1-dl2	dl	parent correlated	460.5183	57.9059	4196.0455	6	26	89.6552	0.9322	0.0067	0.7778
Stmn1	Stmn1-dl3	dl	low expression	34.8822	0.0000	213.9232	5	11	37.9310	0.9866	0.0003	0.7389
Stmn1	Stmn1-dl4	dl	low expression	6.8487	0.0000	50.7610	5	9	31.0345	0.9665	0.0017	0.6872
Stmn1	Stmn1-dl5	dl	low expression	13.1248	0.0000	74.9525	6	13	44.8276	0.8317	0.0401	0.4709
Stmn1	Stmn1-dl6	dl	parent correlated	7.3580	3.0122	24.4226	6	22	75.8621	0.9300	0.0072	0.2947
Stmp1	Stmp1-l1	l	parent correlated	39.1297	27.9483	140.3564	6	22	75.8621	0.9312	0.0069	0.1179
Stmp1	Stmp1-l2	l	parent correlated	733.6638	673.6375	1584.0560	6	29	100.0000	0.8661	0.0257	0.0288
Stub1	Stub1-dl1	dl	supported	1638.3308	1530.1059	2863.9401	6	29	100.0000	0.7792	0.0678	0.0224
Stx12	Stx12-dl1	dl	parent correlated	784.0074	553.2650	1972.9395	6	29	100.0000	0.8705	0.0241	0.0963
Styx	Styx-dl1	dl	unsupported	0.0000	0.0000	0.0000	0	0	0.0000			1.0000
Sub1	Sub1-l1	l	supported	25.0451	17.7155	83.2502	6	27	93.1034	0.6403	0.1708	0.1104
Sugt1	Sugt1-dl1	dl	supported	276.8157	289.8906	369.7733	6	29	100.0000	-0.2183	0.6777	0.0094
Sult1a1	Sult1a1-l1	l	supported	221.3765	8.9768	1446.9667	6	28	96.5517	-0.4304	0.3942	0.6841
Sult6b1	Sult6b1-l1	l	low expression	5.1240	0.2620	41.5415	6	25	86.2069			0.6459
Sumo1	Sumo1-dl1	dl	parent correlated	46.4798	44.8687	83.9468	6	29	100.0000	0.9038	0.0134	0.0044
Sumo1	Sumo1-l1	l	supported	484.1098	472.8399	769.2141	6	29	100.0000	0.3489	0.4979	0.0087
Sumo2	Sumo2-dl1	dl	parent correlated	145.0285	115.9646	272.2970	6	29	100.0000	0.8844	0.0193	0.0499
Sumo2	Sumo2-l1	l	supported	220.8059	193.3480	506.3274	6	29	100.0000	0.6286	0.1813	0.0372
Surf6	Surf6-dl1	dl	parent correlated	34.1171	32.5891	58.1781	6	29	100.0000	0.9540	0.0031	0.0132
Syap1	Syap1-dl1	dl	parent correlated	791.9964	780.3107	1365.8649	6	29	100.0000	0.8194	0.0460	0.0283
Syap1	Syap1-dl2	dl	supported	6.2527	3.7793	40.2090	6	23	79.3103	0.3898	0.4449	0.1121
Syf2	Syf2-l1	l	supported	441.8520	392.8991	899.3157	6	29	100.0000	0.7278	0.1011	0.0237
Taar4	Taar4-l1	l	low expression	0.2036	0.0000	3.3545	3	4	13.7931	0.3349	0.5164	0.5054
Taar7a	Taar7a-l1	l	low expression	0.4765	0.4449	0.9208	6	29	100.0000			0.0282
Taar7a	Taar7a-l2	l	unsupported	0.0000	0.0000	0.0000	0	0	0.0000			1.0000
Taar7a	Taar7a-l3	l	unsupported	0.0000	0.0000	0.0000	0	0	0.0000			1.0000
Taf13	Taf13-dl1	dl	parent correlated	84.7991	80.7243	171.4656	6	28	96.5517	0.8722	0.0234	0.0250
Taf13	Taf13-dl2	dl	supported	286.6592	234.0018	507.1714	6	29	100.0000	0.6888	0.1302	0.0360
Taf13	Taf13-dl3	dl	parent correlated	46.6061	39.9342	97.4967	6	29	100.0000	0.9889	0.0002	0.0448
Taf1a	Taf1a-l1	l	parent correlated	93.9100	77.2460	222.4566	6	29	100.0000	0.8719	0.0236	0.0833
Taf7l	Taf7l-l1	l	supported	1.1727	1.0682	4.7848	6	28	96.5517	0.7088	0.1148	0.0710
Taldo1	Taldo1-dl1	dl	parent correlated	1768.7454	1668.2735	2370.5618	6	29	100.0000	0.9508	0.0036	0.0077
Tank	Tank-l1	l	supported	85.3735	72.5853	174.5310	6	29	100.0000	0.6514	0.1611	0.0443
Tank	Tank-l2	l	supported	42.3374	43.1567	77.1249	6	29	100.0000	0.6484	0.1637	0.0382
Tas2r143	Tas2r143-dl1	dl	low expression	2.7727	0.0000	58.8760	4	5	17.2414	0.9203	0.0093	0.7498
Tas2r39	Tas2r39-l1	l	low expression	0.2160	0.0000	3.7269	1	2	6.8966	1.0000	0.0000	1.0000
Tbca	Tbca-l1	l	supported	717.8790	739.9807	1050.9608	6	29	100.0000	-0.5907	0.2170	0.0137
Tbca	Tbca-l2	l	supported	72.0912	65.4374	151.4255	6	29	100.0000	0.5972	0.2107	0.0070
Tbcc	Tbcc-dl1	dl	parent correlated	68.3439	59.6774	128.2036	6	29	100.0000	0.8427	0.0352	0.0298
Tbpl1	Tbpl1-l1	l	supported	140.8099	110.1210	348.8877	6	29	100.0000	0.7751	0.0702	0.0946
Tcaf2	Tcaf2-l1	l	parent correlated	23.9083	15.2279	90.1882	6	29	100.0000	0.8491	0.0325	0.1848
Tcea3	Tcea3-l1	l	supported	437.0569	363.3636	1066.7518	6	29	100.0000	-0.3922	0.4419	0.1259
Tceal5	Tceal5-l1	l	low expression	62.6220	0.0000	477.2832	4	11	37.9310	0.9043	0.0133	0.9569
Tceal5	Tceal5-l2	l	parent correlated	83.9102	2.7213	586.3428	6	19	65.5172	0.9556	0.0029	0.9012
Tcp1	Tcp1-l1	l	supported	210.5797	225.1571	329.2916	6	29	100.0000	0.7928	0.0600	0.0102
Tdrkh	Tdrkh-l1	l	parent correlated	54.4600	18.6926	242.1208	6	28	96.5517	0.9931	0.0001	0.3954
Tdrkh	Tdrkh-l2	l	parent correlated	50.2017	18.1301	221.6844	6	28	96.5517	0.9909	0.0001	0.3985
Teddm1	Teddm1-l1	l	low expression	6.4909	0.0000	85.1500	3	8	27.5862	0.9139	0.0108	0.9151
Teddm1	Teddm1-l2	l	low expression	0.2304	0.0000	6.6826	1	1	3.4483	-0.5059	0.3059	1.0000
Tep1	Tep1-l1	l	parent correlated	4.0820	2.0810	47.4374	6	29	100.0000	0.9062	0.0128	0.3204
Tep1	Tep1-l2	l	parent correlated	4.0774	1.7424	19.4081	6	29	100.0000	0.8565	0.0294	0.3815
Terf1	Terf1-l1	l	parent correlated	44.2897	34.8351	144.4570	6	29	100.0000	0.9334	0.0065	0.0972
Terf2	Terf2-l1	l	parent correlated	105.0078	88.1873	228.4969	6	29	100.0000	0.9033	0.0136	0.0597
Tex47	Tex47-l1	l	low expression	1.8864	0.0000	20.7863	3	4	13.7931	-0.1767	0.7377	0.3938
Tfam	Tfam-l1	l	supported	277.7000	292.8853	366.9782	6	29	100.0000	-0.4880	0.3261	0.0087
Tfdp1	Tfdp1-l1	l	parent correlated	24.9798	21.4084	61.1806	6	29	100.0000	0.9204	0.0093	0.0835
Tfe3	Tfe3-l1	l	parent correlated	92.9364	88.2437	192.6853	6	29	100.0000	0.9594	0.0024	0.0302
Tgas113e22.1	Tgas113e22.1-l1	l	parent correlated	451.5697	361.1381	1218.6377	6	29	100.0000	0.9773	0.0008	0.0763
Tgif2lx	Tgif2lx-l1	l	low expression	0.0438	0.0000	1.2694	1	1	3.4483	-0.2000	0.7040	1.0000
Thap1	Thap1-dl1	dl	parent correlated	61.4993	59.9422	90.6249	6	29	100.0000	0.8911	0.0171	0.0114
Them5	Them5-dl1	dl	low expression	0.2172	0.0000	1.2745	5	11	37.9310	0.0996	0.8511	0.4670
Timm17a	Timm17a-l1	l	parent correlated	552.7098	567.2398	1031.6979	6	29	100.0000	0.8489	0.0325	0.0642
Timm23	Timm23-dl1	dl	parent correlated	120.9311	108.5864	241.8039	6	29	100.0000	0.9856	0.0003	0.0417
Tle6	Tle6-l1	l	low expression	0.6059	0.0000	4.8891	5	6	20.6897	-0.1072	0.8399	0.1379
Tma7	Tma7-dl1	dl	supported	129.9370	128.5458	172.0030	6	29	100.0000	0.6738	0.1423	0.0097
Tmem11	Tmem11-l1	l	parent correlated	6.2487	6.0290	21.2965	6	22	75.8621	0.8334	0.0393	0.0732
Tmem11	Tmem11-l2	l	supported	3.3967	2.0480	16.4317	6	17	58.6207	0.1075	0.8394	0.0809
Tmem126a	Tmem126a-dl1	dl	supported	120.2726	119.2883	276.0623	6	29	100.0000	0.7111	0.1132	0.0141
Tmem14c	Tmem14c-l1	l	unsupported	0.0000	0.0000	0.0000	0	0	0.0000			1.0000
Tmem17	Tmem17-l1	l	parent correlated	251.8880	121.5386	967.2883	6	29	100.0000	0.9950	0.0000	0.3437
Tmem184c	Tmem184c-dl1	dl	low expression	0.4390	0.0312	3.3589	6	16	55.1724	0.6138	0.1949	0.5196
Tmem198	Tmem198-l1	l	supported	95.4554	96.6273	199.5992	6	29	100.0000	0.3956	0.4375	0.1318
Tmem203	Tmem203-dl1	dl	parent correlated	107.5767	101.1140	165.1089	6	29	100.0000	0.9400	0.0053	0.0203
Tmem203	Tmem203-l1	l	low expression	3.1097	0.0000	17.5875	5	14	48.2759	0.2667	0.6094	0.2464
Tmem209	Tmem209-l1	l	parent correlated	89.4548	86.7642	143.0457	6	29	100.0000	0.8442	0.0345	0.0092
Tmem238	Tmem238-l1	l	supported	69.7985	65.5647	158.6102	6	29	100.0000	-0.0276	0.9586	0.0919
Tmem242	Tmem242-dl1	dl	supported	106.4722	109.6435	244.3156	6	29	100.0000	0.7343	0.0965	0.0076
Tmem263	Tmem263-dl1	dl	parent correlated	171.3971	153.0638	289.8436	6	29	100.0000	0.9815	0.0005	0.0301
Tmem30a	Tmem30a-l1	l	supported	132.5168	96.1359	287.2181	6	29	100.0000	-0.4310	0.3935	0.0660
Tmem30a	Tmem30a-l2	l	supported	210.5415	224.0668	353.7207	6	29	100.0000	-0.3754	0.4634	0.0458
Tmem38b	Tmem38b-dl1	dl	parent correlated	25.7085	19.8641	69.7395	6	28	96.5517	0.8119	0.0497	0.0735
Tmem45a	Tmem45a-l1	l	low expression	0.5468	0.1075	6.0018	6	28	96.5517	0.8906	0.0173	0.6832
Tmem9b	Tmem9b-dl1	dl	supported	363.1245	340.2096	544.9226	6	29	100.0000	0.6792	0.1378	0.0169
Tmem9b	Tmem9b-dl2	dl	supported	15.7802	17.0140	48.7967	6	25	86.2069	0.0107	0.9839	0.0557
Tmsb10	Tmsb10-l1	l	low expression	0.2504	0.0000	2.3234	5	7	24.1379	0.3378	0.5126	0.3608
Tmsb10	Tmsb10-l2	l	parent correlated	6.1469	4.0724	26.9525	6	29	100.0000	0.8030	0.0544	0.1093
Tnfaip8	Tnfaip8-l1	l	parent correlated	151.0529	47.3142	971.4268	6	29	100.0000	0.9092	0.0120	0.3534
Tnni2	Tnni2-dl1	dl	parent correlated	61.3409	4.4067	859.1796	6	23	79.3103	0.8546	0.0302	0.8393
Tnxb	Tnxb-l1	l	parent correlated	31.2901	2.7970	284.9492	6	29	100.0000	0.9899	0.0002	0.7532
Tomm20	Tomm20-dl1	dl	parent correlated	40.7429	32.6561	94.4361	6	29	100.0000	0.9259	0.0080	0.0706
Tomm20	Tomm20-dl2	dl	parent correlated	906.5029	722.0178	2029.5721	6	29	100.0000	0.9239	0.0085	0.0732
Tomm20	Tomm20-dl3	dl	low expression	3.9406	0.0000	21.3838	6	13	44.8276	0.4693	0.3478	0.1224
Tomm22	Tomm22-l1	l	parent correlated	588.3711	584.8447	866.9123	6	29	100.0000	0.9659	0.0017	0.0106
Tomm5	Tomm5-l1	l	supported	221.2841	186.3485	481.5851	6	29	100.0000	0.6044	0.2038	0.0673
Tomm6	Tomm6-dl1	dl	low expression	1.1451	0.0000	11.4108	2	4	13.7931	0.3986	0.4338	0.6247
Tomm7	Tomm7-dl1	dl	supported	26.8259	26.7797	44.1755	6	29	100.0000	0.5964	0.2114	0.0284
Tomm7	Tomm7-dl2	dl	parent correlated	2436.0640	2141.4620	5796.7079	6	29	100.0000	0.9625	0.0021	0.0700
Topors	Topors-l1	l	low expression	0.1827	0.0000	3.0170	2	3	10.3448	-0.0009	0.9987	0.6303
Tox4	Tox4-dl1	dl	parent correlated	367.6878	271.8166	685.9970	6	29	100.0000	0.9800	0.0006	0.0533
Tpgs1	Tpgs1-dl1	dl	parent correlated	57.7220	47.8313	150.8330	6	29	100.0000	0.9286	0.0075	0.0636
Tpgs2	Tpgs2-l1	l	parent correlated	192.5668	137.9674	476.9905	6	29	100.0000	0.8439	0.0347	0.1161
Tpm4	Tpm4-dl1	dl	parent correlated	1988.8863	1022.2275	6940.7267	6	29	100.0000	0.9982	0.0000	0.2197
Tpmt	Tpmt-l1	l	parent correlated	80.0705	60.5980	196.7155	6	29	100.0000	0.9472	0.0041	0.1301
Tpt1	Tpt1-l1	l	supported	53.1733	22.7587	195.1511	6	26	89.6552	0.0621	0.9070	0.0641
Tpx2	Tpx2-l1	l	low expression	0.6605	0.3431	2.6591	6	29	100.0000	-0.1528	0.7726	0.2807
Tpx2	Tpx2-l2	l	parent correlated	16.8531	5.2364	141.4019	6	29	100.0000	0.9805	0.0006	0.3473
Trap1	Trap1-l1	l	parent correlated	904.3379	862.6018	1618.2109	6	29	100.0000	0.9875	0.0002	0.0763
Trappc1	Trappc1-dl1	dl	low expression	0.4996	0.0000	7.3742	1	2	6.8966	0.2945	0.5711	1.0000
Trappc2	Trappc2-l1	l	supported	29.1512	9.4696	141.4797	6	29	100.0000	0.3514	0.4947	0.4469
Trappc2	Trappc2-l2	l	supported	117.6351	96.9632	254.4665	6	29	100.0000	0.5791	0.2285	0.0678
Trappc2l	Trappc2l-l1	l	low expression	0.2548	0.0000	7.3901	1	1	3.4483	0.6591	0.1545	1.0000
Trav12-3	Trav12-3-dl1	dl	low expression	0.4010	0.0000	11.6304	1	1	3.4483	0.3440	0.5044	1.0000
Trav12-3	Trav12-3-dl2	dl	unsupported	0.0000	0.0000	0.0000	0	0	0.0000			1.0000
Trav12-3	Trav12-3-dl3	dl	low expression	0.0423	0.0000	1.2270	1	1	3.4483	0.3362	0.5147	1.0000
Trav12-3	Trav12-3-dl4	dl	low expression	0.2935	0.0000	4.4388	2	3	10.3448	0.0791	0.8817	0.6137
Trav12-3	Trav12-3-dl5	dl	low expression	0.8125	0.0000	21.4486	1	2	6.8966	0.3440	0.5044	1.0000
Trav12-3	Trav12-3-dl6	dl	low expression	0.1136	0.0000	3.2951	1	1	3.4483	-0.2542	0.6270	1.0000
Trav13-1	Trav13-1-dl1	dl	low expression	1.5129	0.0000	20.4975	3	4	13.7931	0.1300	0.8061	0.5574
Trav13-1	Trav13-1-dl2	dl	low expression	1.0680	0.0000	9.1074	4	9	31.0345	-0.2143	0.6835	0.2831
Trav13-1	Trav13-1-dl3	dl	low expression	0.8229	0.0000	13.6574	3	4	13.7931	-0.1859	0.7244	0.6194
Trav13-1	Trav13-1-dl4	dl	low expression	0.6193	0.0000	7.2642	3	4	13.7931	-0.1168	0.8256	0.6048
Trav13-1	Trav13-1-dl5	dl	low expression	1.0000	0.0000	11.6219	4	5	17.2414	-0.1707	0.7464	0.3319
Trav13-1	Trav13-1-dl6	dl	low expression	0.9472	0.0000	13.6574	2	3	10.3448	-0.4817	0.3333	0.7206
Trav13-1	Trav13-1-dl7	dl	low expression	1.8605	0.0000	13.2622	5	11	37.9310	-0.2855	0.5834	0.2484
Trav18	Trav18-dl1	dl	low expression	0.0954	0.0000	2.7660	1	1	3.4483	0.6217	0.1876	1.0000
Trav18	Trav18-dl2	dl	low expression	0.2575	0.0000	7.4674	1	1	3.4483	-0.3162	0.5415	1.0000
Trav18	Trav18-dl3	dl	low expression	1.3979	0.0000	30.3639	3	5	17.2414	-0.1552	0.7691	0.7781
Trav18	Trav18-dl4	dl	low expression	0.1105	0.0000	3.2037	1	1	3.4483	-0.3162	0.5415	1.0000
Trav18	Trav18-dl5	dl	low expression	0.1298	0.0000	3.7638	1	1	3.4483	-0.3162	0.5415	1.0000
Trav18	Trav18-dl6	dl	unsupported	0.0000	0.0000	0.0000	0	0	0.0000			1.0000
Trav18	Trav18-dl7	dl	unsupported	0.0000	0.0000	0.0000	0	0	0.0000			1.0000
Trav18	Trav18-dl8	dl	unsupported	0.0000	0.0000	0.0000	0	0	0.0000			1.0000
Trav18	Trav18-dl9	dl	unsupported	0.0000	0.0000	0.0000	0	0	0.0000			1.0000
Trav9-1	Trav9-1-dl1	dl	low expression	8.3541	0.0000	67.3064	4	9	31.0345	0.1245	0.8143	0.8186
Trav9-1	Trav9-1-dl2	dl	low expression	1.8798	0.0000	19.9663	3	8	27.5862	0.1927	0.7146	0.5663
Trav9-2	Trav9-2-dl1	dl	low expression	3.6922	0.0000	27.0114	2	6	20.6897	0.9298	0.0072	0.7196
Trav9-2	Trav9-2-dl2	dl	low expression	6.7075	0.0000	55.4116	4	11	37.9310	0.0598	0.9104	0.5337
Trav9-2	Trav9-2-dl3	dl	low expression	6.1175	0.0000	57.5482	4	9	31.0345	0.2400	0.6469	0.5350
Trav9-2	Trav9-2-dl4	dl	low expression	85.1545	0.0000	1036.5860	5	11	37.9310	-0.2063	0.6949	0.6702
Trdmt1	Trdmt1-l1	l	parent correlated	77.2036	71.6627	139.3107	6	29	100.0000	0.9146	0.0106	0.0529
Trdv1	Trdv1-dl1	dl	low expression	0.4460	0.0000	7.7625	1	3	10.3448			1.0000
Trdv1	Trdv1-dl10	dl	low expression	0.0533	0.0000	1.5467	1	1	3.4483			1.0000
Trdv1	Trdv1-dl2	dl	unsupported	0.0000	0.0000	0.0000	0	0	0.0000			1.0000
Trdv1	Trdv1-dl3	dl	low expression	0.1503	0.0000	2.5396	1	2	6.8966			1.0000
Trdv1	Trdv1-dl4	dl	low expression	6.9418	0.0000	88.7426	4	9	31.0345			0.6424
Trdv1	Trdv1-dl5	dl	low expression	0.0582	0.0000	1.6870	1	1	3.4483			1.0000
Trdv1	Trdv1-dl6	dl	low expression	0.2948	0.0000	8.5486	1	1	3.4483			1.0000
Trdv1	Trdv1-dl7	dl	unsupported	0.0000	0.0000	0.0000	0	0	0.0000			1.0000
Trdv1	Trdv1-dl8	dl	low expression	0.0533	0.0000	1.5467	1	1	3.4483			1.0000
Trdv1	Trdv1-dl9	dl	low expression	2.9394	0.0000	21.6659	3	8	27.5862			0.5708
Trgv4	Trgv4-dl1	dl	low expression	5.6000	0.0000	49.6055	5	12	41.3793	0.0601	0.9100	0.4084
Trhr	Trhr-l1	l	low expression	0.5726	0.0000	7.5943	2	6	20.6897	0.8349	0.0386	0.9057
Triap1	Triap1-dl1	dl	parent correlated	40.3318	34.9537	89.0439	6	29	100.0000	0.8224	0.0445	0.0485
Triap1	Triap1-dl2	dl	parent correlated	38.7378	31.7118	97.9711	6	29	100.0000	0.9338	0.0064	0.0580
Triap1	Triap1-dl3	dl	parent correlated	37.1238	35.6764	70.1782	6	28	96.5517	0.8789	0.0211	0.0400
Trim28	Trim28-dl1	dl	parent correlated	289.5975	244.3218	534.2542	6	29	100.0000	0.9225	0.0088	0.0649
Trim38	Trim38-l1	l	parent correlated	57.0237	44.3187	189.9072	6	29	100.0000	0.9125	0.0112	0.1704
Trim38	Trim38-l2	l	low expression	3.8255	0.4469	17.4547	6	26	89.6552	0.5820	0.2255	0.5425
Trim38	Trim38-l3	l	parent correlated	19.1861	12.0095	61.3038	6	29	100.0000	0.8958	0.0157	0.1568
Trim38	Trim38-l4	l	parent correlated	7.7512	6.1417	19.2525	6	29	100.0000	0.8920	0.0169	0.1120
Trim38	Trim38-l5	l	supported	3.4289	1.8872	12.2888	6	28	96.5517	0.7305	0.0992	0.1885
Trim38	Trim38-l6	l	supported	25.3587	14.5101	86.7438	6	29	100.0000	0.5724	0.2352	0.1661
Trim38	Trim38-l7	l	parent correlated	68.4841	34.4829	194.6176	6	29	100.0000	0.8088	0.0514	0.1723
Trim44	Trim44-dl1	dl	parent correlated	488.8520	355.0944	1485.4748	6	29	100.0000	0.8862	0.0187	0.1371
Trim5	Trim5-l1	l	parent correlated	3.1356	1.2369	11.2976	6	29	100.0000	0.9487	0.0039	0.2336
Trim5	Trim5-l2	l	unsupported	0.0000	0.0000	0.0000	0	0	0.0000			1.0000
Trim5	Trim5-l3	l	parent correlated	5.7424	3.7684	16.6183	6	29	100.0000	0.9508	0.0036	0.1444
Trim60	Trim60-l1	l	low expression	0.5496	0.0000	5.4970	5	7	24.1379	-0.3481	0.4989	0.2046
Trim8	Trim8-dl1	dl	parent correlated	12.5288	9.1022	53.4013	6	26	89.6552	0.9160	0.0103	0.1254
Try3	Try3-l1	l	unsupported	0.0000	0.0000	0.0000	0	0	0.0000			1.0000
Tsc22d1	Tsc22d1-l1	l	supported	1435.6452	1039.3609	3038.4093	6	29	100.0000	0.4722	0.3444	0.0673
Tsen15	Tsen15-dl1	dl	parent correlated	211.8807	223.4514	360.9148	6	29	100.0000	0.9613	0.0022	0.0181
Tsg101	Tsg101-dl1	dl	supported	45.9046	41.0100	75.5869	6	29	100.0000	0.7450	0.0892	0.0114
Tsn	Tsn-dl1	dl	supported	396.9302	368.5433	630.2017	6	29	100.0000	-0.0113	0.9830	0.0058
Tsnax	Tsnax-dl1	dl	parent correlated	865.6360	800.5231	1551.2466	6	29	100.0000	0.8719	0.0236	0.0413
Tspan11	Tspan11-l1	l	unsupported	0.0000	0.0000	0.0000	0	0	0.0000			1.0000
Tspan13	Tspan13-dl1	dl	parent correlated	208.3221	254.4303	526.3061	6	29	100.0000	0.9592	0.0025	0.1292
Tspan3	Tspan3-l1	l	parent correlated	1956.8551	1811.5994	3449.4942	6	29	100.0000	0.9668	0.0016	0.0265
Tspyl1	Tspyl1-dl1	dl	parent correlated	51.2277	40.3828	139.0964	6	29	100.0000	0.9248	0.0083	0.0850
Tspyl5	Tspyl5-l1	l	unsupported	0.0000	0.0000	0.0000	0	0	0.0000			1.0000
Tsr1	Tsr1-dl1	dl	parent correlated	154.2355	137.2416	290.3100	6	29	100.0000	0.9002	0.0144	0.0306
Tssk1b	Tssk1b-l1	l	low expression	0.1696	0.0000	4.9196	1	1	3.4483	0.5963	0.2116	1.0000
Tssk4	Tssk4-l1	l	parent correlated	30.8595	21.5181	81.6903	6	29	100.0000	0.9383	0.0056	0.0888
Tstd3	Tstd3-dl1	dl	supported	16.4055	14.6817	63.7918	6	25	86.2069	-0.2407	0.6459	0.1525
Tstd3	Tstd3-dl2	dl	supported	137.4303	131.4459	256.1879	6	29	100.0000	0.0874	0.8692	0.0178
Tstd3	Tstd3-l1	l	supported	57.4822	59.2847	136.6503	6	27	93.1034	-0.1184	0.8232	0.0190
Ttc1	Ttc1-dl1	dl	supported	408.1634	374.3446	784.0056	6	29	100.0000	0.5432	0.2654	0.0331
Ttc1	Ttc1-dl2	dl	supported	49.4480	46.5870	129.6123	6	29	100.0000	0.4352	0.3884	0.0253
Ttc1	Ttc1-dl3	dl	supported	55.8712	51.9324	111.4183	6	28	96.5517	0.3338	0.5179	0.0470
Ttc39b	Ttc39b-l1	l	supported	1.9777	1.6171	4.4580	6	29	100.0000	0.3190	0.5378	0.1026
Tuba1a	Tuba1a-l1	l	parent correlated	247.4378	83.7136	1078.3311	6	29	100.0000	0.9897	0.0002	0.4230
Tuba1a	Tuba1a-l2	l	parent correlated	5.2462	1.9827	21.8901	6	23	79.3103	0.8730	0.0232	0.3508
Tuba1b	Tuba1b-dl1	dl	parent correlated	2043.2411	1489.7572	4810.3846	6	29	100.0000	0.9981	0.0000	0.1356
Tuba1c	Tuba1c-l1	l	supported	250.5864	213.4958	1321.5600	6	29	100.0000	-0.7314	0.0985	0.1407
Tuba3a	Tuba3a-dl1	dl	supported	10.6560	4.8080	52.8570	6	27	93.1034	0.3061	0.5552	0.2662
Tuba3a	Tuba3a-dl2	dl	low expression	2.0070	0.0000	12.8466	5	14	48.2759	0.4258	0.4000	0.3233
Tuba3a	Tuba3a-dl3	dl	low expression	0.7128	0.2645	4.3394	6	21	72.4138	0.6275	0.1823	0.2948
Tuba3a	Tuba3a-dl4	dl	parent correlated	2.5711	1.8180	10.9611	6	28	96.5517	0.8637	0.0266	0.0928
Tuba3a	Tuba3a-dl5	dl	low expression	3.4872	0.0000	31.0074	6	12	41.3793	0.8039	0.0539	0.4527
Tuba3a	Tuba3a-dl6	dl	supported	44.2747	6.4880	308.2816	6	28	96.5517	0.1953	0.7107	0.4385
Tubb4b	Tubb4b-dl1	dl	parent correlated	408.4342	366.8519	777.0467	6	29	100.0000	0.9971	0.0000	0.0606
Tubb4b	Tubb4b-dl2	dl	parent correlated	255.8292	242.9607	430.6284	6	29	100.0000	0.9816	0.0005	0.0454
Tubb4b	Tubb4b-l1	l	supported	32.5199	33.3748	62.4788	6	29	100.0000	-0.4518	0.3684	0.0173
Tusc2	Tusc2-dl1	dl	parent correlated	103.8905	87.2405	304.8603	6	29	100.0000	0.9152	0.0105	0.0304
Tusc2	Tusc2-dl2	dl	parent correlated	37.5737	37.3853	82.3185	6	29	100.0000	0.9208	0.0092	0.0256
Txndc12	Txndc12-dl1	dl	parent correlated	33.4319	35.3453	58.6274	6	28	96.5517	0.8005	0.0557	0.0205
Ube2c	Ube2c-l1	l	parent correlated	75.5294	20.2931	781.8390	6	29	100.0000	0.9387	0.0055	0.4818
Ube2d2	Ube2d2-l1	l	unsupported	0.0000	0.0000	0.0000	0	0	0.0000			1.0000
Ube2d2	Ube2d2-l2	l	low expression	0.1564	0.0000	4.5352	1	1	3.4483	-0.3507	0.4955	1.0000
Ube2d2	Ube2d2-l3	l	unsupported	0.0000	0.0000	0.0000	0	0	0.0000			1.0000
Ube2d2	Ube2d2-l4	l	unsupported	0.0000	0.0000	0.0000	0	0	0.0000			1.0000
Ube2e1	Ube2e1-dl1	dl	parent correlated	10.9082	7.3852	57.1885	6	23	79.3103	0.8871	0.0184	0.1402
Ube2g1	Ube2g1-dl1	dl	supported	134.1651	134.8603	196.1876	6	29	100.0000	-0.7552	0.0826	0.0094
Ube2l3	Ube2l3-l1	l	supported	4.8686	3.0758	44.8183	5	16	55.1724	0.1261	0.8119	0.2118
Ube2l3	Ube2l3-l2	l	supported	7.9095	6.9965	28.1189	6	23	79.3103	0.6987	0.1225	0.0734
Ube2n	Ube2n-dl1	dl	parent correlated	10.4659	6.5933	38.1947	6	29	100.0000	0.8173	0.0470	0.1502
Ube2n	Ube2n-l1	l	supported	30.0558	26.2637	72.3834	6	29	100.0000	0.4022	0.4293	0.0340
Ube2r2	Ube2r2-dl1	dl	supported	279.3721	250.2715	523.2502	6	29	100.0000	0.0292	0.9563	0.0177
Ube2v2	Ube2v2-l1	l	supported	64.4253	47.4943	150.6606	6	29	100.0000	0.5924	0.2153	0.0722
Ublcp1	Ublcp1-dl1	dl	supported	17.3439	17.1591	34.1284	6	28	96.5517	0.7467	0.0881	0.0372
Ubqln1	Ubqln1-dl1	dl	unsupported	0.0000	0.0000	0.0000	0	0	0.0000			1.0000
Ubqln1	Ubqln1-l1	l	low expression	1.4851	0.0000	23.1342	3	3	10.3448	0.3088	0.5515	0.5810
Ubtfl1	Ubtfl1-l1	l	unsupported	0.0000	0.0000	0.0000	0	0	0.0000			1.0000
Ubxn4	Ubxn4-l1	l	parent correlated	779.5686	695.7834	1264.7742	6	29	100.0000	0.8681	0.0249	0.0160
Uck1	Uck1-l1	l	supported	14.8676	13.3722	59.4585	6	26	89.6552	0.7109	0.1133	0.0761
Ufm1	Ufm1-dl1	dl	supported	182.2642	161.5900	310.5672	6	29	100.0000	0.0217	0.9675	0.0218
Ufm1	Ufm1-dl2	dl	supported	125.4395	109.7538	225.4469	6	29	100.0000	0.4456	0.3758	0.0217
Ugp2	Ugp2-dl1	dl	parent correlated	1011.2407	950.0012	2557.6064	6	29	100.0000	0.8353	0.0385	0.0605
Ugp2	Ugp2-l1	l	parent correlated	123.1352	125.3464	294.4680	6	29	100.0000	0.8555	0.0298	0.0419
Ugt1a2	Ugt1a2-l1	l	unsupported	0.0000	0.0000	0.0000	0	0	0.0000			1.0000
Ugt2a3	Ugt2a3-l1	l	supported	61.7992	4.5128	377.7387	5	17	58.6207	0.6827	0.1350	0.6653
Ugt2a3	Ugt2a3-l2	l	low expression	4.5829	0.1318	29.9372	4	16	55.1724	0.7308	0.0989	0.6550
Ugt2b17	Ugt2b17-l1	l	unsupported	0.0000	0.0000	0.0000	0	0	0.0000			1.0000
Ugt2b17	Ugt2b17-l2	l	low expression	71.5874	0.0000	627.5471	4	9	31.0345	0.9788	0.0007	0.6956
Ugt2b31	Ugt2b31-l1	l	low expression	25.9000	0.0000	193.5996	4	14	48.2759	0.9951	0.0000	0.7756
Uqcc3	Uqcc3-dl1	dl	low expression	0.5367	0.0000	5.9573	2	3	10.3448	0.2465	0.6377	0.6135
Uqcr11	Uqcr11-dl1	dl	low expression	0.2195	0.0000	6.3665	1	1	3.4483	-0.2466	0.6376	1.0000
Uqcrb	Uqcrb-dl1	dl	robust expression	360.6083	203.3109	900.4206	6	29	100.0000			0.1678
Uqcrb	Uqcrb-dl10	dl	robust expression	624.1372	426.6670	2088.6326	6	29	100.0000			0.1633
Uqcrb	Uqcrb-dl11	dl	low expression	5.7765	0.0000	35.1785	5	13	44.8276			0.2168
Uqcrb	Uqcrb-dl2	dl	robust expression	741.3933	511.6736	2488.4100	6	29	100.0000			0.1730
Uqcrb	Uqcrb-dl3	dl	robust expression	286.5141	226.1762	782.4214	6	29	100.0000			0.1016
Uqcrb	Uqcrb-dl4	dl	robust expression	91.7374	56.0575	334.1118	6	29	100.0000			0.1770
Uqcrb	Uqcrb-dl5	dl	robust expression	458.9013	301.0765	1424.3448	6	29	100.0000			0.1441
Uqcrb	Uqcrb-dl6	dl	robust expression	283.3061	211.0589	827.5296	6	29	100.0000			0.1151
Uqcrb	Uqcrb-dl7	dl	robust expression	767.8627	417.4076	2460.1682	6	29	100.0000			0.1781
Uqcrb	Uqcrb-dl8	dl	robust expression	167.7390	144.9352	530.9883	6	27	93.1034			0.1628
Uqcrb	Uqcrb-dl9	dl	robust expression	62.7215	38.5122	225.2396	6	27	93.1034			0.1748
Uqcrfs1	Uqcrfs1-dl1	dl	parent correlated	911.1656	559.1502	2402.3259	6	29	100.0000	0.9996	0.0000	0.1831
Uspl1	Uspl1-l1	l	parent correlated	34.2571	32.6157	65.7591	6	29	100.0000	0.9728	0.0011	0.0291
Utp14a	Utp14a-dl1	dl	low expression	2.4313	0.0000	11.8900	6	14	48.2759	0.1761	0.7386	0.3609
Utp18	Utp18-dl1	dl	parent correlated	134.6172	109.4074	247.9867	6	29	100.0000	0.9444	0.0046	0.0302
Utp18	Utp18-dl2	dl	parent correlated	148.9377	120.4206	296.9408	6	29	100.0000	0.9150	0.0105	0.0401
Utp23	Utp23-dl1	dl	parent correlated	52.6437	47.8864	159.8239	6	28	96.5517	0.8530	0.0308	0.0406
Utp23	Utp23-dl2	dl	parent correlated	56.6153	48.9622	132.5852	6	29	100.0000	0.8346	0.0388	0.0532
Utp23	Utp23-dl3	dl	parent correlated	805.5840	140.2927	4139.8849	6	29	100.0000	0.8116	0.0499	0.3885
Utp23	Utp23-l1	l	supported	16.1912	9.2197	93.2704	6	26	89.6552	0.1534	0.7718	0.2164
Vamp3	Vamp3-dl1	dl	parent correlated	275.9086	203.1284	635.8618	6	29	100.0000	0.9960	0.0000	0.0891
Vamp3	Vamp3-l1	l	parent correlated	33.4342	25.0168	104.0524	6	29	100.0000	0.9755	0.0009	0.1007
Vamp7	Vamp7-l1	l	supported	0.5233	0.5194	1.4293	6	27	93.1034	0.5795	0.2281	0.0476
Vapb	Vapb-dl1	dl	supported	146.5618	138.5680	281.7109	6	29	100.0000	0.5768	0.2308	0.0436
Vash2	Vash2-l1	l	parent correlated	3.8209	1.4659	20.1295	6	19	65.5172	0.9412	0.0051	0.2264
Vcl	Vcl-dl1	dl	supported	1.3128	0.6583	5.2280	6	27	93.1034	0.1136	0.8303	0.2744
Vdac2	Vdac2-dl1	dl	parent correlated	10.3232	7.1487	32.9803	6	24	82.7586	0.8966	0.0155	0.1378
Vdac2	Vdac2-dl2	dl	parent correlated	2271.4665	1775.4827	5701.8008	6	29	100.0000	0.9079	0.0123	0.0954
Vegp1	Vegp1-l1	l	low expression	0.1079	0.0000	1.4415	3	5	17.2414	0.1998	0.7043	0.4649
Vmn2r116	Vmn2r116-l1	l	supported	1.1833	1.1383	2.3647	6	29	100.0000	0.7873	0.0630	0.0373
Vmn2r116	Vmn2r116-l2	l	low expression	0.0169	0.0000	0.1534	2	4	13.7931	0.1555	0.7687	0.7698
Vmn2r116	Vmn2r116-l3	l	supported	6.0968	4.9689	13.8784	6	29	100.0000	0.7550	0.0827	0.0399
Vmn2r116	Vmn2r116-l4	l	low expression	0.1883	0.1545	0.5998	6	22	75.8621	-0.8746	0.0226	0.0977
Vmn2r116	Vmn2r116-l5	l	unsupported	0.0000	0.0000	0.0000	0	0	0.0000			1.0000
Vmn2r116	Vmn2r116-l6	l	low expression	0.0358	0.0249	0.2376	6	17	58.6207	0.6902	0.1291	0.1151
Vmn2r116	Vmn2r116-l7	l	low expression	0.0162	0.0000	0.2688	1	2	6.8966	0.3260	0.5283	1.0000
Vmn2r116	Vmn2r116-l8	l	unsupported	0.0000	0.0000	0.0000	0	0	0.0000			1.0000
Vmn2r116	Vmn2r116-l9	l	unsupported	0.0000	0.0000	0.0000	0	0	0.0000			1.0000
Vn1r1	Vn1r1-l1	l	low expression	0.1249	0.0000	1.8635	2	2	6.8966			0.6214
Vn1r1	Vn1r1-l2	l	low expression	0.0161	0.0000	0.4656	1	1	3.4483			1.0000
Vn1r1	Vn1r1-l3	l	unsupported	0.0000	0.0000	0.0000	0	0	0.0000			1.0000
Vn1r4	Vn1r4-l1	l	low expression	0.1845	0.0000	2.7972	2	2	6.8966			0.6200
Vn1r4	Vn1r4-l2	l	unsupported	0.0000	0.0000	0.0000	0	0	0.0000			1.0000
Vn1r4	Vn1r4-l3	l	unsupported	0.0000	0.0000	0.0000	0	0	0.0000			1.0000
Vn1r4	Vn1r4-l4	l	unsupported	0.0000	0.0000	0.0000	0	0	0.0000			1.0000
Vn1r4	Vn1r4-l5	l	unsupported	0.0000	0.0000	0.0000	0	0	0.0000			1.0000
Vps28	Vps28-dl1	dl	parent correlated	2108.3404	1747.5973	4684.0860	6	29	100.0000	0.9478	0.0040	0.0547
Vps29	Vps29-l1	l	supported	64.6036	62.7798	123.4611	6	28	96.5517	0.5971	0.2108	0.0279
Vps37a	Vps37a-dl1	dl	supported	215.2984	203.8962	324.6120	6	29	100.0000	0.4370	0.3862	0.0146
Vps37b	Vps37b-dl1	dl	parent correlated	73.9119	65.7272	201.7687	6	29	100.0000	0.9126	0.0111	0.1229
Vps45	Vps45-dl1	dl	parent correlated	37.0894	28.1106	96.5332	6	29	100.0000	0.8461	0.0337	0.0963
Vps72	Vps72-l1	l	supported	124.7252	117.0950	226.0025	6	29	100.0000	0.6513	0.1612	0.0156
Vtcn1	Vtcn1-l1	l	supported	2.5461	1.5848	11.6105	6	28	96.5517	0.3479	0.4991	0.1451
Wbp11	Wbp11-l1	l	parent correlated	69.2673	71.7812	123.8081	6	29	100.0000	0.8721	0.0235	0.0359
Wbp4	Wbp4-dl1	dl	supported	362.7246	371.9770	479.2665	6	29	100.0000	0.2604	0.6182	0.0079
Wdhd1	Wdhd1-l1	l	parent correlated	16.3346	9.7454	86.4177	6	29	100.0000	0.9814	0.0005	0.2234
Wdr87	Wdr87-l1	l	low expression	0.1529	0.0584	1.0853	6	16	55.1724	0.5785	0.2290	0.0639
Wtap	Wtap-l1	l	supported	127.9304	112.2402	240.2166	6	29	100.0000	0.7893	0.0619	0.0361
Xrcc4	Xrcc4-l1	l	supported	51.4443	47.8684	81.5149	6	29	100.0000	0.6416	0.1697	0.0059
Yeats4	Yeats4-dl1	dl	supported	326.4824	345.5388	504.9329	6	29	100.0000	0.1065	0.8408	0.0145
Yipf5	Yipf5-dl1	dl	parent correlated	124.8851	113.2930	211.8245	6	29	100.0000	0.9858	0.0003	0.0317
Ythdf1	Ythdf1-dl1	dl	unsupported	0.0000	0.0000	0.0000	0	0	0.0000			1.0000
Ywhah	Ywhah-dl1	dl	parent correlated	2030.3094	908.7455	9818.7503	6	29	100.0000	0.9960	0.0000	0.4097
Ywhah	Ywhah-dl2	dl	low expression	4.3816	0.0000	31.9684	6	13	44.8276	0.7736	0.0711	0.6864
Ywhah	Ywhah-dl3	dl	parent correlated	10.1423	3.6489	48.3863	6	25	86.2069	0.9717	0.0012	0.4081
Ywhaq	Ywhaq-dl1	dl	parent correlated	481.3519	346.2550	1136.0261	6	29	100.0000	0.9428	0.0048	0.0895
Zbtb44	Zbtb44-l1	l	supported	2.2426	0.7367	12.4517	6	17	58.6207	-0.4716	0.3451	0.2875
Zc3h11a	Zc3h11a-l1	l	low expression	0.1452	0.0000	1.8038	3	5	17.2414	0.1425	0.7876	0.4765
Zcchc8	Zcchc8-l1	l	parent correlated	53.4547	54.1052	91.8774	6	29	100.0000	0.9299	0.0072	0.0147
Zcrb1	Zcrb1-dl1	dl	supported	58.0813	54.3240	102.4511	6	29	100.0000	0.1384	0.7937	0.0180
Zfp36l2	Zfp36l2-dl1	dl	supported	307.7391	202.2622	1668.3946	6	29	100.0000	0.1897	0.7188	0.1899
Zkscan4	Zkscan4-l1	l	parent correlated	65.2031	52.1277	162.6492	6	29	100.0000	0.9442	0.0046	0.1408
Znf14	Znf14-l1	l	parent correlated	76.1158	71.4504	134.6312	6	29	100.0000	0.9026	0.0138	0.0454
Znf2	Znf2-l1	l	unsupported	0.0000	0.0000	0.0000	0	0	0.0000			1.0000
Znf410	Znf410-l1	l	parent correlated	173.1746	159.3450	268.5462	6	29	100.0000	0.9842	0.0004	0.0190
Znf426	Znf426-l1	l	supported	26.3618	18.0384	52.3851	6	29	100.0000	0.7730	0.0714	0.0795
Znf426	Znf426-l2	l	parent correlated	15.4036	7.5413	39.7808	6	29	100.0000	0.8346	0.0388	0.1578
Znf655	Znf655-l1	l	parent correlated	74.0006	68.8451	127.6039	6	29	100.0000	0.9628	0.0021	0.0348
Znf691	Znf691-l1	l	parent correlated	15.3375	15.4368	36.8751	6	28	96.5517	0.8474	0.0332	0.0297
Znf699	Znf699-l1	l	parent correlated	2.1524	2.0148	5.6653	6	29	100.0000	0.8056	0.0530	0.1302
Znf709	Znf709-l1	l	supported	47.6640	33.3858	121.3404	6	29	100.0000	-0.2870	0.5814	0.0910
Znf709	Znf709-l10	l	supported	70.5817	54.9759	161.6299	6	29	100.0000	-0.6240	0.1855	0.1331
Znf709	Znf709-l11	l	supported	36.6942	21.5652	78.5140	6	29	100.0000	-0.5648	0.2429	0.1343
Znf709	Znf709-l12	l	supported	87.6826	79.8355	182.9840	6	29	100.0000	-0.6886	0.1304	0.0475
Znf709	Znf709-l13	l	supported	35.9254	23.0121	72.9672	6	29	100.0000	-0.4846	0.3300	0.0800
Znf709	Znf709-l2	l	supported	21.1682	22.8379	36.1643	6	29	100.0000	0.5807	0.2268	0.0241
Znf709	Znf709-l3	l	supported	36.2331	21.5943	87.4912	6	29	100.0000	-0.5658	0.2418	0.1288
Znf709	Znf709-l4	l	supported	33.3135	20.6950	77.0567	6	29	100.0000	-0.3642	0.4778	0.0828
Znf709	Znf709-l5	l	supported	22.8963	15.6817	53.0090	6	29	100.0000	-0.3932	0.4406	0.0695
Znf709	Znf709-l6	l	supported	36.5974	23.8407	101.5920	6	29	100.0000	-0.3854	0.4505	0.0813
Znf709	Znf709-l7	l	supported	28.2615	23.1365	62.4414	6	29	100.0000	-0.2387	0.6488	0.0432
Znf709	Znf709-l8	l	supported	149.3122	116.1223	303.5414	6	29	100.0000	-0.6246	0.1850	0.0762
Znf709	Znf709-l9	l	supported	55.7342	44.5963	195.9324	6	29	100.0000	-0.5843	0.2233	0.0848
Znf717	Znf717-l1	l	supported	96.7125	79.2374	182.9272	6	29	100.0000	0.7576	0.0810	0.0404
Znf717	Znf717-l2	l	parent correlated	71.7871	44.9522	198.2918	6	29	100.0000	0.9055	0.0130	0.1092
Znf724	Znf724-l1	l	parent correlated	33.4623	26.8890	59.2576	6	29	100.0000	0.9611	0.0022	0.0495
Znf724	Znf724-l2	l	supported	135.2659	124.8093	278.9221	6	29	100.0000	0.7545	0.0830	0.0366
Znf792	Znf792-l1	l	supported	54.1080	35.6006	142.7028	6	29	100.0000	0.7596	0.0797	0.1000
Znf792	Znf792-l2	l	unsupported	0.0000	0.0000	0.0000	0	0	0.0000			1.0000
Znf805	Znf805-l1	l	supported	99.4906	70.0008	241.6326	6	29	100.0000	0.7227	0.1047	0.1617
Znf805	Znf805-l2	l	parent correlated	44.4999	28.2556	105.2486	6	29	100.0000	0.9132	0.0110	0.1225
Zscan2	Zscan2-l1	l	supported	172.9605	15.6444	1014.7791	6	29	100.0000	0.0295	0.9558	0.7051
Zscan4	Zscan4-l1	l	unsupported	0.0000	0.0000	0.0000	0	0	0.0000			1.0000
Zxdb	Zxdb-dl1	dl	parent correlated	20.2706	18.6173	53.3558	6	29	100.0000	0.8627	0.0270	0.0469
